q,I
2.039995199999999811e-03,8.250274757102073891e-03
2.884988900000000096e-03,8.250069179887607046e-03
4.079990399999999622e-03,8.249658047082469858e-03
4.561568000000000220e-03,8.249452491491185424e-03
5.769977800000000191e-03,8.248835867958645429e-03
6.119985599999999866e-03,8.248630341193862944e-03
6.451031299999999968e-03,8.248424821634930959e-03
7.355307299999999833e-03,8.247808306190040906e-03
8.159980799999999243e-03,8.247191855586455053e-03
8.411115699999999196e-03,8.246986386459641619e-03
8.654966599999999385e-03,8.246780924536156396e-03
9.123135799999999504e-03,8.246370022297937197e-03
1.019997589999999989e-02,8.245342892738809215e-03
1.040197520000000000e-02,8.245137488430713882e-03
1.098571020000000016e-02,8.244521318708255414e-03
1.153995529999999985e-02,8.243905213781942826e-03
1.189511369999999950e-02,8.243494513158105066e-03
1.223997100000000053e-02,8.243083841326276015e-03
1.240880609999999926e-02,8.242878516206579576e-03
1.290206219999999980e-02,8.242262584028657232e-03
1.306234239999999949e-02,8.242057287695352466e-03
1.368470339999999959e-02,8.241236174317125712e-03
1.427996599999999984e-02,8.240415176051896218e-03
1.442494390000000071e-02,8.240209944469620643e-03
1.471061409999999993e-02,8.239799502883785737e-03
1.485138870000000076e-02,8.239594292879568946e-03
1.553614000000000037e-02,8.238568350733093543e-03
1.593287120000000043e-02,8.237952871733598276e-03
1.631996089999999955e-02,8.237337457440083166e-03
1.644696630000000090e-02,8.237132333719863683e-03
1.682223050000000025e-02,8.236517005687837845e-03
1.730993239999999850e-02,8.235696668933442308e-03
1.742972569999999902e-02,8.235491602710889175e-03
1.754870130000000042e-02,8.235286543674143547e-03
1.824627070000000087e-02,8.234056340337964422e-03
1.835995569999999966e-02,8.233851331593060666e-03
1.847294110000000100e-02,8.233646330031454269e-03
1.880782519999999944e-02,8.233031368443293266e-03
1.924527490000000132e-02,8.232211520206311750e-03
1.935309240000000069e-02,8.232006576099844958e-03
2.009162109999999835e-02,8.230572168390669699e-03
2.019492059999999922e-02,8.230367281719348088e-03
2.039995039999999843e-02,8.229957529910344322e-03
2.050169640000000168e-02,8.229752664772041135e-03
2.080394890000000080e-02,8.229138112418167214e-03
2.100303430000000082e-02,8.228728446730036034e-03
2.129817330000000064e-02,8.228114002013202019e-03
2.168544450000000137e-02,8.227294842833061603e-03
2.197141860000000058e-02,8.226680548768707663e-03
2.206591980000000008e-02,8.226475798425770397e-03
2.243994499999999934e-02,8.225656868771399899e-03
2.253248119999999924e-02,8.225452154285597603e-03
2.280783739999999934e-02,8.224838053849973032e-03
2.307990860000000075e-02,8.224224017940373610e-03
2.325952140000000015e-02,8.223814696510947306e-03
2.379022509999999951e-02,8.222586904244821859e-03
2.387752890000000017e-02,8.222382297283729186e-03
2.447993949999999891e-02,8.220950249181718100e-03
2.456479220000000116e-02,8.220745699538473811e-03
2.464935279999999965e-02,8.220541157058553275e-03
2.481760959999999849e-02,8.220132093587430994e-03
2.490131170000000130e-02,8.219927572595627299e-03
2.523334379999999863e-02,8.219109560246136426e-03
2.556106320000000112e-02,8.218291662469998093e-03
2.580412149999999905e-02,8.217678314314682750e-03
2.596489630000000173e-02,8.217269451338254233e-03
2.612468180000000056e-02,8.216860616994000471e-03
2.651993379999999928e-02,8.215838656382552091e-03
2.659827940000000085e-02,8.215634285729075253e-03
2.683194360000000153e-02,8.215021216700632567e-03
2.721692649999999866e-02,8.213999578074674540e-03
2.736940339999999888e-02,8.213590972697843925e-03
2.744532419999999931e-02,8.213386680738239687e-03
2.774693010000000085e-02,8.212569584417919732e-03
2.834051430000000121e-02,8.210935734999574159e-03
2.841384049999999897e-02,8.210731535993333677e-03
2.855992799999999832e-02,8.210323159424737574e-03
2.863269220000000045e-02,8.210118981861764392e-03
2.884988380000000005e-02,8.209506492054549978e-03
2.899377430000000047e-02,8.209098201247995441e-03
2.920828110000000047e-02,8.208485818629405323e-03
2.942122390000000143e-02,8.207873500312748774e-03
2.970277299999999829e-02,8.207057175901338875e-03
3.012016249999999867e-02,8.205832903552737548e-03
3.032670299999999999e-02,8.205220863781049340e-03
3.059992200000000162e-02,8.204404910706508680e-03
3.066784640000000048e-02,8.204200940284775423e-03
3.087072290000000135e-02,8.203589071847211187e-03
3.107227489999999856e-02,8.202977267644611520e-03
3.113916889999999993e-02,8.202773347183348052e-03
3.120591959999999970e-02,8.202569433858102055e-03
3.166923519999999964e-02,8.201142240362538707e-03
3.173487090000000344e-02,8.200938384113874019e-03
3.186573689999999681e-02,8.200530693015874867e-03
3.193096869999999948e-02,8.200326858165839575e-03
3.225514909999999819e-02,8.199307790893343301e-03
3.263991580000000226e-02,8.198085145476168359e-03
3.270360349999999749e-02,8.197881396192747624e-03
3.289392669999999935e-02,8.197270191112425788e-03
3.295712349999999763e-02,8.197066470341265315e-03
3.320870809999999784e-02,8.196251658526486697e-03
3.345840099999999873e-02,8.195436960728616840e-03
3.364445469999999966e-02,8.194826012191940706e-03
3.376792089999999802e-02,8.194418748787407267e-03
3.395227840000000080e-02,8.193807907104373386e-03
3.419654240000000178e-02,8.192993551238354419e-03
3.461985769999999935e-02,8.191568702623466119e-03
3.467990950000000155e-02,8.191365181299564702e-03
3.473985749999999872e-02,8.191161667094300561e-03
3.485944419999999905e-02,8.190754660038407353e-03
3.491908400000000301e-02,8.190551167187181542e-03
3.509739530000000052e-02,8.189940731336614252e-03
3.521576790000000012e-02,8.189533809685730498e-03
3.562697489999999689e-02,8.188109808040614293e-03
3.568533189999999883e-02,8.187906407691349434e-03
3.609118929999999975e-02,8.186482804403873506e-03
3.614879690000000201e-02,8.186279460952955792e-03
3.632107169999999885e-02,8.185669473264496621e-03
3.649253310000000194e-02,8.185059549565757223e-03
3.671990299999999818e-02,8.184246417492754833e-03
3.677652580000000115e-02,8.184043152244796851e-03
3.694587359999999820e-02,8.183433399144764489e-03
3.722640800000000250e-02,8.182417286105537688e-03
3.744932249999999990e-02,8.181604523566697248e-03
3.750484409999999685e-02,8.181401350692266497e-03
3.761564139999999667e-02,8.180995026253544411e-03
3.794609239999999911e-02,8.179776223396655055e-03
3.811024350000000172e-02,8.179166917836286008e-03
3.832801789999999709e-02,8.178354609822366741e-03
3.849054019999999937e-02,8.177745453351177932e-03
3.870617500000000238e-02,8.176933344092661426e-03
3.875989619999999775e-02,8.176730334520548524e-03
3.881354310000000030e-02,8.176527332044873642e-03
3.897404079999999826e-02,8.175918367193217573e-03
3.918701509999999999e-02,8.175106513388576135e-03
3.924007809999999902e-02,8.174903567673053387e-03
3.939883820000000120e-02,8.174294773086978466e-03
3.960952859999999909e-02,8.173483146268730251e-03
4.007953250000000078e-02,8.171657400748851344e-03
4.018323120000000248e-02,8.171251757505836738e-03
4.023498040000000192e-02,8.171048946516656919e-03
4.038983000000000156e-02,8.170440556074480901e-03
4.049273419999999818e-02,8.170034997881235606e-03
4.064660190000000256e-02,8.169426713737345733e-03
4.079988930000000291e-02,8.168818493361332256e-03
4.085085730000000137e-02,8.168615767405209421e-03
4.100338109999999980e-02,8.168007632040119592e-03
4.105409649999999799e-02,8.167804934418534599e-03
4.125633449999999841e-02,8.166994214757621745e-03
4.130673929999999910e-02,8.166791552547247174e-03
4.160788569999999964e-02,8.165575727981964210e-03
4.185718599999999762e-02,8.164562735532733886e-03
4.200605599999999995e-02,8.163955025000977500e-03
4.205556230000000173e-02,8.163752468978220656e-03
4.244953370000000004e-02,8.162132275531783915e-03
4.259633349999999985e-02,8.161524819723032370e-03
4.283988209999999713e-02,8.160512534837840656e-03
4.288842589999999899e-02,8.160310099077467197e-03
4.303372860000000133e-02,8.159702834223998488e-03
4.322670569999999962e-02,8.158893246739278710e-03
4.327481560000000227e-02,8.158690867542289435e-03
4.337087509999999757e-02,8.158286130355001803e-03
4.361009829999999698e-02,8.157274411078991108e-03
4.365778569999999997e-02,8.157072088425736806e-03
4.380053619999999676e-02,8.156465162864154350e-03
4.394282299999999891e-02,8.155858300893601906e-03
4.403742540000000344e-02,8.155453761570780405e-03
4.413182499999999953e-02,8.155049250504494904e-03
4.455414840000000015e-02,8.153229300315346928e-03
4.474056810000000273e-02,8.152420617157768098e-03
4.478705179999999814e-02,8.152218464018003846e-03
4.487987470000000256e-02,8.151814178915814738e-03
4.492621420000000171e-02,8.151612046952786197e-03
4.506494700000000103e-02,8.151005693412491718e-03
4.515719859999999669e-02,8.150601493006356599e-03
4.529522390000000065e-02,8.149995245322387560e-03
4.561565869999999884e-02,8.148580914334074485e-03
4.584316940000000146e-02,8.147570889531646071e-03
4.602436819999999873e-02,8.146762996631012194e-03
4.615980060000000190e-02,8.146157150991855528e-03
4.624986849999999927e-02,8.145753289149824244e-03
4.651902589999999671e-02,8.144541872800536639e-03
4.656373419999999819e-02,8.144339994744061867e-03
4.660839960000000282e-02,8.144138123734875195e-03
4.691986699999999705e-02,8.142725223969431506e-03
4.696419369999999677e-02,8.142523409327655573e-03
4.709692359999999994e-02,8.141918007668494037e-03
4.731731260000000133e-02,8.140909145771754035e-03
4.744905459999999853e-02,8.140303913141412953e-03
4.758043189999999756e-02,8.139698743881845777e-03
4.762414379999999753e-02,8.139497034876283163e-03
4.775503939999999753e-02,8.138891950098172540e-03
4.779859160000000246e-02,8.138690269250648326e-03
4.801576009999999894e-02,8.137681970588183517e-03
4.814559110000000280e-02,8.137077075839898102e-03
4.836120139999999790e-02,8.136069058648070021e-03
4.849010740000000291e-02,8.135464332752801245e-03
4.866145090000000006e-02,8.134658130031859752e-03
4.895985910000000274e-02,8.133247546015390586e-03
4.900234049999999814e-02,8.133046062137534379e-03
4.904478510000000180e-02,8.132844585289886186e-03
4.912956429999999763e-02,8.132441652684004735e-03
4.929868529999999888e-02,8.131635871821332046e-03
4.934087499999999932e-02,8.131434444176634593e-03
4.938302859999999656e-02,8.131233023559669704e-03
4.963519859999999950e-02,8.130024647424160741e-03
4.967710250000000050e-02,8.129823275993104670e-03
4.980260260000000244e-02,8.129219203850688094e-03
5.001106959999999935e-02,8.128212557431043275e-03
5.017721960000000314e-02,8.127407366709339664e-03
5.038413659999999711e-02,8.126401036292755370e-03
5.046666589999999897e-02,8.125998553269406580e-03
5.050787989999999672e-02,8.125797322287155872e-03
5.067240099999999886e-02,8.124992468547802271e-03
5.099985089999999749e-02,8.123383097915014284e-03
5.104063439999999979e-02,8.123181958159276031e-03
5.112210379999999887e-02,8.122779699693391878e-03
5.116278989999999832e-02,8.122578580982661375e-03
5.136573690000000025e-02,8.121573092638599903e-03
5.148712109999999814e-02,8.120969883788929644e-03
5.160821980000000059e-02,8.120366738046809821e-03
5.164852290000000040e-02,8.120165703488557707e-03
5.192976900000000062e-02,8.118758657864559927e-03
5.200984570000000140e-02,8.118356707911179512e-03
5.212973010000000046e-02,8.117753835540350571e-03
5.224933949999999855e-02,8.117151026233398667e-03
5.228914839999999897e-02,8.116950103810431985e-03
5.244808220000000271e-02,8.116146484174588741e-03
5.264607470000000344e-02,8.115142117232401406e-03
5.292201970000000311e-02,8.113736297636887224e-03
5.296132299999999765e-02,8.113535494272575838e-03
5.303984240000000211e-02,8.113133908545946613e-03
5.307905849999999814e-02,8.112933126182915802e-03
5.319653330000000124e-02,8.112330821091438826e-03
5.339175040000000011e-02,8.111327119246372966e-03
5.354741159999999722e-02,8.110524283724995787e-03
5.366386120000000287e-02,8.109922230544826596e-03
5.385738429999999827e-02,8.108918948479053659e-03
5.389600549999999657e-02,8.108718313048322510e-03
5.401170360000000226e-02,8.108116448715748867e-03
5.420398480000000047e-02,8.107113481341323563e-03
5.431902689999999756e-02,8.106511784811424454e-03
5.443382580000000193e-02,8.105910151192483037e-03
5.473877910000000263e-02,8.104306102378092472e-03
5.481475239999999971e-02,8.103905160048443038e-03
5.489062050000000081e-02,8.103504245663462752e-03
5.492851530000000121e-02,8.103303798949520326e-03
5.507983360000000272e-02,8.102502081943300377e-03
5.511759819999999949e-02,8.102301670152602803e-03
5.523073729999999903e-02,8.101700476682037466e-03
5.541878909999999742e-02,8.100698627217371717e-03
5.549383139999999881e-02,8.100297936303010177e-03
5.568099469999999995e-02,8.099296331174702865e-03
5.571835189999999743e-02,8.099096031087910097e-03
5.601631270000000107e-02,8.097493881609447650e-03
5.612764020000000215e-02,8.096893190675667068e-03
5.627573429999999793e-02,8.096092367087623365e-03
5.642343970000000125e-02,8.095291655089834060e-03
5.657075939999999664e-02,8.094491054662948312e-03
5.668099790000000193e-02,8.093890677549592239e-03
5.671769649999999774e-02,8.093690565787722835e-03
5.682764989999999905e-02,8.093090272325353940e-03
5.690083420000000003e-02,8.092690111533656916e-03
5.711982439999999800e-02,8.091489796411074562e-03
5.715624119999999919e-02,8.091289768278485742e-03
5.726535270000000094e-02,8.090689725682448027e-03
5.744674450000000071e-02,8.089689794009783871e-03
5.748295419999999850e-02,8.089489828570691279e-03
5.759144669999999994e-02,8.088889974038809827e-03
5.769973510000000333e-02,8.088290182178626067e-03
5.773578619999999995e-02,8.088090265484307317e-03
5.777181470000000013e-02,8.087890355752224911e-03
5.798751569999999883e-02,8.086691043551762909e-03
5.802338790000000079e-02,8.086491182547523443e-03
5.805923799999999912e-02,8.086291328503259976e-03
5.834524540000000231e-02,8.084692746669612518e-03
5.841652840000000069e-02,8.084293170789224117e-03
5.845213739999999963e-02,8.084093393284171383e-03
5.873623160000000093e-02,8.082495423644775814e-03
5.884241330000000020e-02,8.081896299777529061e-03
5.887776470000000151e-02,8.081696605728204766e-03
5.915981499999999754e-02,8.080099303604881128e-03
5.919497680000000012e-02,8.079899672118901963e-03
5.930033710000000291e-02,8.079300819359673189e-03
5.940551060000000272e-02,8.078702029142228666e-03
5.947552290000000103e-02,8.078302870405300665e-03
5.958038699999999854e-02,8.077704184405912202e-03
5.971991950000000299e-02,8.076906033658900336e-03
5.999801099999999693e-02,8.075310065528435582e-03
6.003268190000000254e-02,8.075110600759135074e-03
6.024028800000000294e-02,8.073913957930795721e-03
6.027481950000000005e-02,8.073714541754550139e-03
6.041274809999999662e-02,8.072916946453238124e-03
6.055036250000000314e-02,8.072119462183406993e-03
6.058471719999999894e-02,8.071920108462320512e-03
6.065336839999999757e-02,8.071521421833892374e-03
6.085885719999999804e-02,8.070325528435685555e-03
6.113176780000000032e-02,8.068731392285290183e-03
6.119980530000000002e-02,8.068332927585368866e-03
6.123379560000000166e-02,8.068133705634321709e-03
6.133565380000000067e-02,8.067536081373866130e-03
6.136956899999999882e-02,8.067336887150217475e-03
6.150504259999999696e-02,8.066540179563146118e-03
6.167396609999999807e-02,8.065544450999112200e-03
6.174140610000000001e-02,8.065146208074202433e-03
6.194328550000000044e-02,8.063951645556385883e-03
6.204397889999999777e-02,8.063354457802209344e-03
6.214450920000000322e-02,8.062757332373772859e-03
6.217798310000000050e-02,8.062558304412983587e-03
6.227829700000000329e-02,8.061961262072809067e-03
6.241179809999999883e-02,8.061165302539620436e-03
6.244512879999999933e-02,8.060966329961555613e-03
6.257827400000000317e-02,8.060170508861057639e-03
6.284371810000000114e-02,8.058579198814688413e-03
6.297602060000000168e-02,8.057783709830556099e-03
6.300905280000000663e-02,8.057584854876998631e-03
6.323979509999999582e-02,8.056193063844521371e-03
6.327268960000000109e-02,8.055994264213795289e-03
6.333842739999999416e-02,8.055596685694103865e-03
6.337127069999999585e-02,8.055397906804494940e-03
6.346969869999999347e-02,8.054801611613215256e-03
6.353523260000000505e-02,8.054404116047205950e-03
6.373143000000000558e-02,8.053211795218461616e-03
6.376407089999999722e-02,8.053013099266481678e-03
6.386189339999999437e-02,8.052417052866430933e-03
6.389446769999999887e-02,8.052218384550809474e-03
6.402459889999999321e-02,8.051423780368417715e-03
6.405709029999999415e-02,8.051225146591321075e-03
6.441341509999999604e-02,8.049040630829925116e-03
6.451025289999999524e-02,8.048444998795369412e-03
6.479989830000000561e-02,8.046658475403412752e-03
6.483200120000000288e-02,8.046460007308122928e-03
6.492821479999999479e-02,8.045864644419264272e-03
6.505627819999999784e-02,8.045070923815634753e-03
6.508825470000000057e-02,8.044872510909470767e-03
6.518409000000000009e-02,8.044277313573463054e-03
6.527978469999999589e-02,8.043682178305134461e-03
6.531165170000000075e-02,8.043483813673700175e-03
6.540715969999999491e-02,8.042888761149578902e-03
6.556603060000000538e-02,8.041897144825079988e-03
6.569285060000000509e-02,8.041103975838022333e-03
6.578780519999999354e-02,8.040509171460945639e-03
6.585103220000000646e-02,8.040112669663757039e-03
6.591419860000000130e-02,8.039716195427195830e-03
6.607185029999999848e-02,8.038725130397593802e-03
6.619770129999999475e-02,8.037932402360769071e-03
6.635467940000000509e-02,8.036941647267105068e-03
6.641736669999999398e-02,8.036545393429350703e-03
6.644868819999999454e-02,8.036347276837829678e-03
6.660507479999999703e-02,8.035356797141695109e-03
6.669873070000000015e-02,8.034762591922388689e-03
6.682340109999999889e-02,8.033970414644882319e-03
6.691675140000000188e-02,8.033376353937424566e-03
6.710306259999999912e-02,8.032188418275517522e-03
6.728885780000000427e-02,8.031000730230447235e-03
6.731977379999999622e-02,8.030802806292286489e-03
6.735067570000000114e-02,8.030604889230392660e-03
6.744329620000000247e-02,8.030011179298499752e-03
6.753578970000000126e-02,8.029417531241473185e-03
6.756659280000000545e-02,8.029219662304448030e-03
6.759738179999999486e-02,8.029021800241148421e-03
6.781251330000000188e-02,8.027636958239305065e-03
6.790450389999999614e-02,8.027043557601495558e-03
6.793513980000000230e-02,8.026845771130396850e-03
6.808811230000000325e-02,8.025856941822217053e-03
6.817973099999999342e-02,8.025263726664641148e-03
6.839303080000000423e-02,8.023879798325007917e-03
6.842344790000000343e-02,8.023682121741976606e-03
6.854498139999999629e-02,8.022891484061867723e-03
6.857533120000000593e-02,8.022693841803414314e-03
6.881764710000000396e-02,8.021112950814484818e-03
6.902897569999999483e-02,8.019730031440207296e-03
6.923965930000000601e-02,8.018347448184496781e-03
6.926970470000000379e-02,8.018149963723195453e-03
6.929973700000000014e-02,8.017952486119032246e-03
6.935976259999999949e-02,8.017557551481093239e-03
6.938975599999999688e-02,8.017360094446800492e-03
6.947965829999999676e-02,8.016767764478599512e-03
6.962923760000000462e-02,8.015780684963511385e-03
6.971883119999999767e-02,8.015188519500598269e-03
6.977849630000000636e-02,8.014793776789534696e-03
6.983811040000000026e-02,8.014399061487093370e-03
7.010574679999999337e-02,8.012623181745082493e-03
7.019473210000000407e-02,8.012031345122062193e-03
7.025399309999999509e-02,8.011636821614072715e-03
7.034279089999999346e-02,8.011045087707014886e-03
7.043147669999999527e-02,8.010453415418826786e-03
7.046101389999999409e-02,8.010256205014556000e-03
7.069686679999999390e-02,8.008678768188266447e-03
7.072629310000000391e-02,8.008481619381578598e-03
7.081449859999999763e-02,8.007890214016539013e-03
7.096126429999999319e-02,8.006904675240816838e-03
7.104917809999999889e-02,8.006313434061787526e-03
7.116622760000000658e-02,8.005525208240838950e-03
7.125388859999999547e-02,8.004934110678150680e-03
7.137060239999999667e-02,8.004146076316675379e-03
7.139975099999999741e-02,8.003949084817532991e-03
7.142888779999999327e-02,8.003752100154404997e-03
7.151622679999999899e-02,8.003161187177426292e-03
7.163251310000000316e-02,8.002373398893052395e-03
7.166155520000000445e-02,8.002176468906600781e-03
7.174861100000000380e-02,8.001585719945705777e-03
7.186452140000000599e-02,8.000798150316521321e-03
7.209578290000000222e-02,7.999223338936734332e-03
7.212463850000000454e-02,7.999026518247208395e-03
7.218231499999999690e-02,7.998632897353422783e-03
7.229752999999999874e-02,7.997845737499046162e-03
7.235506869999999702e-02,7.997452198533741910e-03
7.244129109999999927e-02,7.996861941281543235e-03
7.264207849999999855e-02,7.995484913231678398e-03
7.281374140000000661e-02,7.994304869585334983e-03
7.289942130000000298e-02,7.993714939856228288e-03
7.298500049999999406e-02,7.993125071512419480e-03
7.304199769999999980e-02,7.992731860049078277e-03
7.312741009999999819e-02,7.992142093996708677e-03
7.324113840000000264e-02,7.991355834714370873e-03
7.343973900000000388e-02,7.989980143416152911e-03
7.346806670000000095e-02,7.989783643350262254e-03
7.355298439999999327e-02,7.989194184039810978e-03
7.358126850000000496e-02,7.988997711231052637e-03
7.369429630000000342e-02,7.988211888128449525e-03
7.372252619999999923e-02,7.988015449384483838e-03
7.389167900000000178e-02,7.986836959963956178e-03
7.391983359999999836e-02,7.986640568898469711e-03
7.394797729999999514e-02,7.986444184642799843e-03
7.414468470000000477e-02,7.985069685509712384e-03
7.417274320000000198e-02,7.984873355723783733e-03
7.425685499999999661e-02,7.984284407208972617e-03
7.445274629999999727e-02,7.982910432221488814e-03
7.470385179999999847e-02,7.981144382857916289e-03
7.481518369999999585e-02,7.980359648889288893e-03
7.484299079999999493e-02,7.980163482399450434e-03
7.489857399999999554e-02,7.979771169820475477e-03
7.500961690000000626e-02,7.978986626257279086e-03
7.506507669999999688e-02,7.978594395268288897e-03
7.523121089999999789e-02,7.977417865443921924e-03
7.525886430000000571e-02,7.977221800928430834e-03
7.547972660000000500e-02,7.975653529433648914e-03
7.550728900000000521e-02,7.975457526071124195e-03
7.558991580000000432e-02,7.974869556742109761e-03
7.569994450000000485e-02,7.974085692729344921e-03
7.572742679999999726e-02,7.973889743705145708e-03
7.580981359999999780e-02,7.973301937376831017e-03
7.589211099999999821e-02,7.972714192159356672e-03
7.591952370000000505e-02,7.972518290665728952e-03
7.616579349999999526e-02,7.970755482688801630e-03
7.622041209999999567e-02,7.970363822239506790e-03
7.638403350000000369e-02,7.969189003739017563e-03
7.646571289999999632e-02,7.968601686075986457e-03
7.657448329999999581e-02,7.967818690820300045e-03
7.665595969999999815e-02,7.967231515589380184e-03
7.668309930000000163e-02,7.967035804074889052e-03
7.679156169999999670e-02,7.966253025821226630e-03
7.681865340000000597e-02,7.966057348207477087e-03
7.689987119999999732e-02,7.965470356040666236e-03
7.698100330000000324e-02,7.964883424879404955e-03
7.711603370000000290e-02,7.963905341823684231e-03
7.722388809999999881e-02,7.963122997350007698e-03
7.741227159999999885e-02,7.961754155343059303e-03
7.751971380000000078e-02,7.960972108919639120e-03
7.754655109999999962e-02,7.960776614243738475e-03
7.762700729999999494e-02,7.960190170843149324e-03
7.768059839999999494e-02,7.959799242429085528e-03
7.776091590000000497e-02,7.959212900581847175e-03
7.789459440000000290e-02,7.958235799547110079e-03
7.794800159999999700e-02,7.957845006508432531e-03
7.808135970000000536e-02,7.956868142329360724e-03
7.810800410000000304e-02,7.956672789791511408e-03
7.818788249999999995e-02,7.956086772768017346e-03
7.837394890000000391e-02,7.954719636453520815e-03
7.848007460000000490e-02,7.953938564480702439e-03
7.850658350000000452e-02,7.953743313391084882e-03
7.871833409999999531e-02,7.952181548042907069e-03
7.874476290000000100e-02,7.951986357791020199e-03
7.879759379999999591e-02,7.951595997561672693e-03
7.882399599999999340e-02,7.951400827583717662e-03
7.921897310000000636e-02,7.948474088640359453e-03
7.935019529999999544e-02,7.947498846693280480e-03
7.937641369999999530e-02,7.947303818559792177e-03
7.945501689999999451e-02,7.946718774665843810e-03
7.955970049999999683e-02,7.945938810645343867e-03
7.958584990000000525e-02,7.945743836514118294e-03
7.966424649999999386e-02,7.945158954613040433e-03
7.979473639999999646e-02,7.944184286402811157e-03
7.997706450000000022e-02,7.942820034259574086e-03
8.000307750000000551e-02,7.942625168077102615e-03
8.015897800000000573e-02,7.941456112602721801e-03
8.021087740000000521e-02,7.941066481388262682e-03
8.028866380000000691e-02,7.940482085131128284e-03
8.036637480000000111e-02,7.939897749544065284e-03
8.039226180000000332e-02,7.939702984495993279e-03
8.046987279999999465e-02,7.939118729790412346e-03
8.049572650000000329e-02,7.938923991700461841e-03
8.070225790000000454e-02,7.937366329553845537e-03
8.077957099999999446e-02,7.936782317408946213e-03
8.083107209999999820e-02,7.936393009657736336e-03
8.090826210000000296e-02,7.935809098542833881e-03
8.098537860000000477e-02,7.935225248035580534e-03
8.121628870000000000e-02,7.933474060080936141e-03
8.124190489999999487e-02,7.933279517298932534e-03
8.129311300000000018e-02,7.932890451925737885e-03
8.144654410000000400e-02,7.931723417312790125e-03
8.152315139999999349e-02,7.931139990839514847e-03
8.159968680000000141e-02,7.930556624911259955e-03
8.162518259999999859e-02,7.930362183054866232e-03
8.165067049999999438e-02,7.930167747924625130e-03
8.170162240000000686e-02,7.929778897841119334e-03
8.182886339999999314e-02,7.928806890318310444e-03
8.193051390000000156e-02,7.928029405329299270e-03
8.200666909999999865e-02,7.927446362175792280e-03
8.205739989999999429e-02,7.927057700349173994e-03
8.210809939999999529e-02,7.926669065407175238e-03
8.213343739999999504e-02,7.926474758017155314e-03
8.223471150000000174e-02,7.925697595657223843e-03
8.233586090000000191e-02,7.924920540803128202e-03
8.251257400000000519e-02,7.923560953439091198e-03
8.253778790000000642e-02,7.923366753538975404e-03
8.261338329999999563e-02,7.922784194131216734e-03
8.266374179999999572e-02,7.922395854767106532e-03
8.283975550000000077e-02,7.921036878475312681e-03
8.304045720000000075e-02,7.919484165438977694e-03
8.306551080000000586e-02,7.919290106506913368e-03
8.321567409999999776e-02,7.918125893806013393e-03
8.324067490000000569e-02,7.917931881834979618e-03
8.326566829999999808e-02,7.917737876571639272e-03
8.334060340000000455e-02,7.917155901024010983e-03
8.363967260000000625e-02,7.914828602333631377e-03
8.366454680000000310e-02,7.914634704352243449e-03
8.371427300000000571e-02,7.914246928497164352e-03
8.373912499999999759e-02,7.914053050622866028e-03
8.386327459999999567e-02,7.913083761772838828e-03
8.393767620000000540e-02,7.912502268869504862e-03
8.401201190000000263e-02,7.911920836261679066e-03
8.403677589999999920e-02,7.911727038790103417e-03
8.411102400000000645e-02,7.911145686564192286e-03
8.425932399999999656e-02,7.909983162936782761e-03
8.433337620000000423e-02,7.909401991519716957e-03
8.445665230000000412e-02,7.908433506385382714e-03
8.453053160000000010e-02,7.907852495628461820e-03
8.462893709999999570e-02,7.907077908314321529e-03
8.484993209999999730e-02,7.905335478278700811e-03
8.489896399999999343e-02,7.904948345188926237e-03
8.492346929999999849e-02,7.904754788676544158e-03
8.502141990000000593e-02,7.903980629504137739e-03
8.511925789999999492e-02,7.903206577321327322e-03
8.519256259999999359e-02,7.902626108384894210e-03
8.521698349999999589e-02,7.902432632109485447e-03
8.524139740000000187e-02,7.902239162518608084e-03
8.541209930000000228e-02,7.900885062525528010e-03
8.543645739999999877e-02,7.900691646400592391e-03
8.563107309999999639e-02,7.899144557927850058e-03
8.567965800000000576e-02,7.898757852612065325e-03
8.570394000000000623e-02,7.898564509972807318e-03
8.577674509999999586e-02,7.897984522127069265e-03
8.580099970000000520e-02,7.897791206201373176e-03
8.589794970000000363e-02,7.897018009272312525e-03
8.599479040000000685e-02,7.896244919167329235e-03
8.606734940000000667e-02,7.895665171680792474e-03
8.609152209999999805e-02,7.895471935867939828e-03
8.628466029999999620e-02,7.893926289612966316e-03
8.645330230000000671e-02,7.892574199420444858e-03
8.654952159999999839e-02,7.891801723197543889e-03
8.657355969999999679e-02,7.891608620814430722e-03
8.659759109999999593e-02,7.891415525099745518e-03
8.666964550000000322e-02,7.890836277963912335e-03
8.674163999999999486e-02,7.890257090833997788e-03
8.678960310000000122e-02,7.889870999413468866e-03
8.686149819999999799e-02,7.889291912276321858e-03
8.698119120000000204e-02,7.888326900344607220e-03
8.714848529999999482e-02,7.886976163503747403e-03
8.722008450000000301e-02,7.886397376215957544e-03
8.731545890000000365e-02,7.885625753081526232e-03
8.760095880000000335e-02,7.883311522926291295e-03
8.762470840000000094e-02,7.883118713685176651e-03
8.771964279999999725e-02,7.882347543277087865e-03
8.774336039999999781e-02,7.882154767312701815e-03
8.781447459999999761e-02,7.881576479344896621e-03
8.788553120000000551e-02,7.880998251259391935e-03
8.793287040000000165e-02,7.880612799133258212e-03
8.800383150000000432e-02,7.880034670834706531e-03
8.807473540000000656e-02,7.879456602397878068e-03
8.809835729999999920e-02,7.879263926220174408e-03
8.826353389999999632e-02,7.877915379165326831e-03
8.828710539999999607e-02,7.877722756181117919e-03
8.831067049999999363e-02,7.877530139844633045e-03
8.838132819999999779e-02,7.876952330719822620e-03
8.849896570000000129e-02,7.875989448442892102e-03
8.856947319999999846e-02,7.875411798822798404e-03
8.866339600000000543e-02,7.874641692350478964e-03
8.887435929999999706e-02,7.872909341394002461e-03
8.894456929999999817e-02,7.872332010619114209e-03
8.906146280000000470e-02,7.871369925454866842e-03
8.910817729999999381e-02,7.870985137860516886e-03
8.922485650000000490e-02,7.870023285032877805e-03
8.941122649999999616e-02,7.868484665590676566e-03
8.943449539999999420e-02,7.868292368017235430e-03
8.948101510000000536e-02,7.867907792771862419e-03
8.957398210000000471e-02,7.867138721879081767e-03
8.962042940000000679e-02,7.866754226227012925e-03
8.969005530000000170e-02,7.866177532485538540e-03
8.975962719999999728e-02,7.865600898421105241e-03
8.978280580000000399e-02,7.865408700326478181e-03
8.985230589999999851e-02,7.864832145819523543e-03
8.996801999999999577e-02,7.863871354213149839e-03
9.006048429999999327e-02,7.863102840222466541e-03
9.012977020000000061e-02,7.862526524305774034e-03
9.017593120000000351e-02,7.862142346822000721e-03
9.031427279999999780e-02,7.860989973357121116e-03
9.033730919999999331e-02,7.860797934295577633e-03
9.036033960000000587e-02,7.860605901856700106e-03
9.054437240000000331e-02,7.859069880733595206e-03
9.059032220000000357e-02,7.858685941661143828e-03
9.061328829999999723e-02,7.858493982054527358e-03
9.088842950000000642e-02,7.856190983008581527e-03
9.097995829999999673e-02,7.855423528396198590e-03
9.107139520000000210e-02,7.854656179621784251e-03
9.109424000000000687e-02,7.854464358963130291e-03
9.116274030000000306e-02,7.853888936666995543e-03
9.123118909999999859e-02,7.853313573884123169e-03
9.134515649999999654e-02,7.852354768143903277e-03
9.143622810000000267e-02,7.851587842539272874e-03
9.161809969999999692e-02,7.850054308553100144e-03
9.164080830000000122e-02,7.849862646539017622e-03
9.168620859999999928e-02,7.849479342330455134e-03
9.179961109999999758e-02,7.848521197410373434e-03
9.182227469999999780e-02,7.848329588241324817e-03
9.189023229999999931e-02,7.847754800359802926e-03
9.200338330000000509e-02,7.846796952623854432e-03
9.204860469999999462e-02,7.846413859746156211e-03
9.216156120000000562e-02,7.845456243074073674e-03
9.218413590000000546e-02,7.845264739541189802e-03
9.225182690000000019e-02,7.844690268540517597e-03
9.231946820000000442e-02,7.844115856930733433e-03
9.236453490000000321e-02,7.843732948848755604e-03
9.243209369999999536e-02,7.843158636206886900e-03
9.249960320000000236e-02,7.842584382935682830e-03
9.252209549999999838e-02,7.842392978370837583e-03
9.261200969999999755e-02,7.841627426064231091e-03
9.272427989999999787e-02,7.840670634054523400e-03
9.279157679999999742e-02,7.840096637967589738e-03
9.290363000000000093e-02,7.839140109663113309e-03
9.303791570000000122e-02,7.837992493190885923e-03
9.306027779999999361e-02,7.837801246842329705e-03
9.312733189999999883e-02,7.837227547328452087e-03
9.321666239999999715e-02,7.836462706873612363e-03
9.323898160000000657e-02,7.836271513227629354e-03
9.341734349999999965e-02,7.834742201152565533e-03
9.343961480000000097e-02,7.834551066775493483e-03
9.359536559999999394e-02,7.833213310472715574e-03
9.361759449999999816e-02,7.833022228759799546e-03
9.377304960000000522e-02,7.831684841043337619e-03
9.383959440000000374e-02,7.831111773581530405e-03
9.386176549999999952e-02,7.830920764252518804e-03
9.392824739999999784e-02,7.830347775736238788e-03
9.397254260000000026e-02,7.829965816281663285e-03
9.403894620000000093e-02,7.829392926428323934e-03
9.412741149999999390e-02,7.828629165358896858e-03
9.419370589999999377e-02,7.828056413598089708e-03
9.430409309999999989e-02,7.827101958815059837e-03
9.432615499999999487e-02,7.826911087578566559e-03
9.439230989999999877e-02,7.826338513304604075e-03
9.450246499999999383e-02,7.825384354281922708e-03
9.463448200000000587e-02,7.824239580277737513e-03
9.465646689999999974e-02,7.824048807602781638e-03
9.483216279999999443e-02,7.822522862646013805e-03
9.489796490000000639e-02,7.821950741638305712e-03
9.491988880000000461e-02,7.821760047766945431e-03
9.500753380000000192e-02,7.820997337930062077e-03
9.509509800000000290e-02,7.820234733117355577e-03
9.516071830000000231e-02,7.819662848419150700e-03
9.520444000000000129e-02,7.819281624764319247e-03
9.524814160000000252e-02,7.818900427355349181e-03
9.537912649999999437e-02,7.817756992581879893e-03
9.550993169999999477e-02,7.816613793940658042e-03
9.555349359999999737e-02,7.816232780190236415e-03
9.559703569999999928e-02,7.815851792667844952e-03
9.561879930000000138e-02,7.815661308741379473e-03
9.579273010000000088e-02,7.814137673327316291e-03
9.587957719999999628e-02,7.813376012922767372e-03
9.590127669999999604e-02,7.813185614204309209e-03
9.596634569999999698e-02,7.812614457362603362e-03
9.603137069999999331e-02,7.812043359485897932e-03
9.607469620000000377e-02,7.811662660322526291e-03
9.613964780000000543e-02,7.811091660703582164e-03
9.622618180000000465e-02,7.810330419568777167e-03
9.629103129999999622e-02,7.809759557475690929e-03
9.642059930000000667e-02,7.808618010062624154e-03
9.648531809999999487e-02,7.808047324727718057e-03
9.665768969999999349e-02,7.806525785123847802e-03
9.672224980000000694e-02,7.805955315734204245e-03
9.674376029999999516e-02,7.805765172355095573e-03
9.676526600000000256e-02,7.805575035517506831e-03
9.691567219999999705e-02,7.804244260794389668e-03
9.693713980000000230e-02,7.804054176279204280e-03
9.698006060000000095e-02,7.803674026865527191e-03
9.717296979999999473e-02,7.801963678126472811e-03
9.725858440000000049e-02,7.801203693078303560e-03
9.732274600000000164e-02,7.800633772909102565e-03
9.742958790000000313e-02,7.799684036636336630e-03
9.751497720000000535e-02,7.798924365206700432e-03
9.762160879999999541e-02,7.797974922875882536e-03
9.768553189999999720e-02,7.797405335840659410e-03
9.777069770000000604e-02,7.796645977868474180e-03
9.791955950000000297e-02,7.795317352739112617e-03
9.794080700000000472e-02,7.795127575256140251e-03
9.796204990000000057e-02,7.794937804299067498e-03
9.800452190000000230e-02,7.794558281961440349e-03
9.802575099999999431e-02,7.794368530580371608e-03
9.808941070000000428e-02,7.793799315584637975e-03
9.811062140000000042e-02,7.793609590300920945e-03
9.813182759999999893e-02,7.793419871541020991e-03
9.825896829999999915e-02,7.792281695962095973e-03
9.844937149999999360e-02,7.790574872789853174e-03
9.847050470000000277e-02,7.790385258370417440e-03
9.853387700000000582e-02,7.789816454224317635e-03
9.859720869999999415e-02,7.789247708741075388e-03
9.868158759999999530e-02,7.788489472669926639e-03
9.870267110000000010e-02,7.788299929943207772e-03
9.876589439999999831e-02,7.787731340856758611e-03
9.887117689999999626e-02,7.786783822675976199e-03
9.895532220000000101e-02,7.786025925378007966e-03
9.903939609999999616e-02,7.785268132280195180e-03
9.914438809999999436e-02,7.784321037411806588e-03
9.927023199999999992e-02,7.783184738396486599e-03
9.935403930000000217e-02,7.782427335889659584e-03
9.945869920000000031e-02,7.781480729166304934e-03
9.947961800000000576e-02,7.781291427340235323e-03
9.954234789999999444e-02,7.780723560893992516e-03
9.960503830000000391e-02,7.780155752990054394e-03
9.962592630000000060e-02,7.779966496696788872e-03
9.964681000000000233e-02,7.779777246907234982e-03
9.970943470000000197e-02,7.779209536557122120e-03
9.979287320000000683e-02,7.778452680457044813e-03
9.995954120000000165e-02,7.776939280304429047e-03
9.998035519999999565e-02,7.776750134534451964e-03
1.000219702000000044e-01,7.776371862490802540e-03
1.000427710999999970e-01,7.776182736216431107e-03
1.001467112000000020e-01,7.775237202309943918e-03
1.002920464000000011e-01,7.773913727691904481e-03
1.003542684999999962e-01,7.773346621710182022e-03
1.003750006000000000e-01,7.773157599370997435e-03
1.004578862999999933e-01,7.772401574947350109e-03
1.004785970000000028e-01,7.772212585073238686e-03
1.006441294999999986e-01,7.770700899776623177e-03
1.007061340000000027e-01,7.770134124882508569e-03
1.007681004000000047e-01,7.769567408390764575e-03
1.007887474000000033e-01,7.769378515870507297e-03
1.009331579999999950e-01,7.768056449877712953e-03
1.009743802999999995e-01,7.767678775115978429e-03
1.010155856999999935e-01,7.767301126296287557e-03
1.011391013000000061e-01,7.766168335467960211e-03
1.012830123999999971e-01,7.764847041154820939e-03
1.013035545000000037e-01,7.764658310752185939e-03
1.013446261000000015e-01,7.764280869389787731e-03
1.014472322999999954e-01,7.763337379388338816e-03
1.014677410999999946e-01,7.763148700826674568e-03
1.015292426999999942e-01,7.762582704013889362e-03
1.016316624999999974e-01,7.761639505549703527e-03
1.018566236999999958e-01,7.759565038826707860e-03
1.019587146000000000e-01,7.758622358374024641e-03
1.019995224000000006e-01,7.758245331500645929e-03
1.020199202000000027e-01,7.758056827771630040e-03
1.020810889999999999e-01,7.757491355411785111e-03
1.021829558000000027e-01,7.756549030886867452e-03
1.022440270999999956e-01,7.755983713804404621e-03
1.023253987999999948e-01,7.755230048250266739e-03
1.024270225000000062e-01,7.754288111818929789e-03
1.024473352000000032e-01,7.754099743931460245e-03
1.025082489999999957e-01,7.753534679061421971e-03
1.025894110999999997e-01,7.752781349740184985e-03
1.026705091000000014e-01,7.752028123837772719e-03
1.027312905999999970e-01,7.751463272268835185e-03
1.029134196000000001e-01,7.749769066465912737e-03
1.029740576000000019e-01,7.749204447474625918e-03
1.029942623999999946e-01,7.749016254061471577e-03
1.030952267999999949e-01,7.748075383862291880e-03
1.031557580000000002e-01,7.747510939226182058e-03
1.032162536999999963e-01,7.746946552693532648e-03
1.032364110999999945e-01,7.746758436759996515e-03
1.032968595999999989e-01,7.746194127687077574e-03
1.034176504999999996e-01,7.745065683791995878e-03
1.035784859999999974e-01,7.743561453253665003e-03
1.036387349999999957e-01,7.742997473236894711e-03
1.038593488000000009e-01,7.740930043049988087e-03
1.038793813000000038e-01,7.740742133534332138e-03
1.038994099999999976e-01,7.740554230464834901e-03
1.039594729999999967e-01,7.739990559929678555e-03
1.040195012999999974e-01,7.739426947398801541e-03
1.040395030000000054e-01,7.739239089443665336e-03
1.040595009000000043e-01,7.739051237932398006e-03
1.041194715000000048e-01,7.738487722058744883e-03
1.041993786000000033e-01,7.737736457757251642e-03
1.042193458000000017e-01,7.737548657786604174e-03
1.042592687999999990e-01,7.737173077169167724e-03
1.043590092999999996e-01,7.736234238334273143e-03
1.044387331999999946e-01,7.735483283177641521e-03
1.044984860999999959e-01,7.734920134413310507e-03
1.045383024999999994e-01,7.734544734091770325e-03
1.045781035999999997e-01,7.734169359517831244e-03
1.046775404000000048e-01,7.733231035715393449e-03
1.047570218000000025e-01,7.732480492505229216e-03
1.048562888999999970e-01,7.731542458253809133e-03
1.048959693999999970e-01,7.731167289582873033e-03
1.049158040000000014e-01,7.730979714895539270e-03
1.050149209999999972e-01,7.730041937929365246e-03
1.051535277999999934e-01,7.728729320243580940e-03
1.052919521000000025e-01,7.727417017550657422e-03
1.053117120999999962e-01,7.727229571445511092e-03
1.053907153000000069e-01,7.726479851284918932e-03
1.055485441999999968e-01,7.724980719352464963e-03
1.056470674999999970e-01,7.724043970649043661e-03
1.057848460000000018e-01,7.722732792162633614e-03
1.058045140000000023e-01,7.722545506631066023e-03
1.058438389999999951e-01,7.722170954825768353e-03
1.058634960999999958e-01,7.721983688551611533e-03
1.059224453000000010e-01,7.721421928239052476e-03
1.060206211000000037e-01,7.720485789402445342e-03
1.060794830000000022e-01,7.719924183099070164e-03
1.060990963999999953e-01,7.719736993829435026e-03
1.061579148000000028e-01,7.719175464510921909e-03
1.062558730999999951e-01,7.718239710598703146e-03
1.063928632000000069e-01,7.716929924463236841e-03
1.064319707999999975e-01,7.716555757557591252e-03
1.064906052999999991e-01,7.715994555278132827e-03
1.065687344999999980e-01,7.715246375308061795e-03
1.067443161000000001e-01,7.713563345257808124e-03
1.067832950000000003e-01,7.713189409055571169e-03
1.068027790999999949e-01,7.713002450563123322e-03
1.068806801000000001e-01,7.712254680644920618e-03
1.069001465000000012e-01,7.712067754176935713e-03
1.069585242999999963e-01,7.711507013195902961e-03
1.070363119999999946e-01,7.710759448198733525e-03
1.070557500000000051e-01,7.710572572955385132e-03
1.070946155999999982e-01,7.710198841674215271e-03
1.072111278000000001e-01,7.709077801453610886e-03
1.073275134000000047e-01,7.707956991621438790e-03
1.073662806000000025e-01,7.707583439531410889e-03
1.075018556999999958e-01,7.706276208723158300e-03
1.076565896000000050e-01,7.704782614386477754e-03
1.077145573999999939e-01,7.704222622008818737e-03
1.077338731000000022e-01,7.704035970668500141e-03
1.077917994999999934e-01,7.703476055000528337e-03
1.078882741999999950e-01,7.702542990046590439e-03
1.079653919999999934e-01,7.701796653107728825e-03
1.080231942000000056e-01,7.701236967489462869e-03
1.081194624000000049e-01,7.700304285886492260e-03
1.081387057999999984e-01,7.700117768727646889e-03
1.081964153999999956e-01,7.699558255569506106e-03
1.082733136999999984e-01,7.698812327424975344e-03
1.082925297000000009e-01,7.698625861351123846e-03
1.084077544000000004e-01,7.697507198971885976e-03
1.084269466000000043e-01,7.697320777583316863e-03
1.084461354000000044e-01,7.697134362577251650e-03
1.085803620999999941e-01,7.695829636222353831e-03
1.085995238000000002e-01,7.695643272266581084e-03
1.086378370999999954e-01,7.695270563495054152e-03
1.086569886000000040e-01,7.695084218678572251e-03
1.087526959000000015e-01,7.694152590279934416e-03
1.088100798000000008e-01,7.693593689777456814e-03
1.088674334999999993e-01,7.693034846668674910e-03
1.089629559000000053e-01,7.692103569008875222e-03
1.090393136000000068e-01,7.691358661630768104e-03
1.090583945999999971e-01,7.691172450721325306e-03
1.091156177999999949e-01,7.690613856233534384e-03
1.092109230999999958e-01,7.689682992871237251e-03
1.093442109999999967e-01,7.688380051753685406e-03
1.094773366000000026e-01,7.687077422739802858e-03
1.095723272999999942e-01,7.686147164476480123e-03
1.096292821999999972e-01,7.685589085915122722e-03
1.096672357000000042e-01,7.685217065368253608e-03
1.097810174999999944e-01,7.684101156475489289e-03
1.097999696000000053e-01,7.683915193932770379e-03
1.098568065000000010e-01,7.683357344481555294e-03
1.099703920999999945e-01,7.682241817349450518e-03
1.100271409999999950e-01,7.681684139653997823e-03
1.101594412999999939e-01,7.680383114274619109e-03
1.101783283000000030e-01,7.680197278939394738e-03
1.102349700999999960e-01,7.679639811078165824e-03
1.103293085000000007e-01,7.678710825106820591e-03
1.104047211000000056e-01,7.677967750727779372e-03
1.104235662999999978e-01,7.677781998019535779e-03
1.104612467999999958e-01,7.677410511664406120e-03
1.105742115999999997e-01,7.676296205074199797e-03
1.106306506999999995e-01,7.675739137532508818e-03
1.108373482000000049e-01,7.673697045520297758e-03
1.108561197000000054e-01,7.673511438885559019e-03
1.109311741999999962e-01,7.672769075822162207e-03
1.109874317999999943e-01,7.672212370165959819e-03
1.110249209999999986e-01,7.671841264791694204e-03
1.110811310999999940e-01,7.671284654319809708e-03
1.111560337000000037e-01,7.670542595846328686e-03
1.113056877000000028e-01,7.669058783368123272e-03
1.113243802999999976e-01,7.668873335346990290e-03
1.113617560000000062e-01,7.668502458327484256e-03
1.114364699999999958e-01,7.667760780372481939e-03
1.114738081999999963e-01,7.667389979432497060e-03
1.115297920000000026e-01,7.666833825563236331e-03
1.116043934999999959e-01,7.666092375802603665e-03
1.116789450999999961e-01,7.665351027433531944e-03
1.117534470000000058e-01,7.664609780438951490e-03
1.118278993000000054e-01,7.663868634801542824e-03
1.120323877999999940e-01,7.661831006780073922e-03
1.121994194000000000e-01,7.660164426366715927e-03
1.122179632000000066e-01,7.659979282410678096e-03
1.122550414000000052e-01,7.659609013482288585e-03
1.122735759000000055e-01,7.659423888509520571e-03
1.123476835000000035e-01,7.658683451888795811e-03
1.123662027999999952e-01,7.658498358549791114e-03
1.124217421999999938e-01,7.657943116487047827e-03
1.124957521999999932e-01,7.657202882287287606e-03
1.125142469999999978e-01,7.657017839548012177e-03
1.125512277000000061e-01,7.656647773040792769e-03
1.126436261999999994e-01,7.655722717424335438e-03
1.126620968000000000e-01,7.655537725267754293e-03
1.128466364999999999e-01,7.653688151346643188e-03
1.128650739000000014e-01,7.653503228713076992e-03
1.129387933000000066e-01,7.652763601362690474e-03
1.131044863999999955e-01,7.651099809376836133e-03
1.131412740999999944e-01,7.650730147298057116e-03
1.131596634999999934e-01,7.650545325730804223e-03
1.133066709999999977e-01,7.649066980486505726e-03
1.133617497000000002e-01,7.648512705178779625e-03
1.133801033000000069e-01,7.648327959365949433e-03
1.134351462999999977e-01,7.647773759793379325e-03
1.135451522999999935e-01,7.646665531019739004e-03
1.136550518000000037e-01,7.645557529359850966e-03
1.136916614000000048e-01,7.645188245932963041e-03
1.137465535999999944e-01,7.644634368091126134e-03
1.138014194000000062e-01,7.644080547001197087e-03
1.138379818999999959e-01,7.643711364466533424e-03
1.139658583000000003e-01,7.642419424170292762e-03
1.140388660999999970e-01,7.641681311234203335e-03
1.141300601999999942e-01,7.640758811845262122e-03
1.141847416999999948e-01,7.640205387815612696e-03
1.142393970000000064e-01,7.639652020479819478e-03
1.142576096000000041e-01,7.639467577298604366e-03
1.143122300999999952e-01,7.638914285543608844e-03
1.143304311000000045e-01,7.638729867553797383e-03
1.144032063000000043e-01,7.637992258564007576e-03
1.144213927999999936e-01,7.637807872057370689e-03
1.145304515000000051e-01,7.636701685221601761e-03
1.146938450999999970e-01,7.635042829810908226e-03
1.148388887000000025e-01,7.633568719518412163e-03
1.148570062999999947e-01,7.633384484038329386e-03
1.148932327999999947e-01,7.633016031945862902e-03
1.149656517000000044e-01,7.632279203225729274e-03
1.149837492999999933e-01,7.632095011765894881e-03
1.150561112000000052e-01,7.631358308799335473e-03
1.151284276999999939e-01,7.630621706416496237e-03
1.151826351999999942e-01,7.630069320627002119e-03
1.152909738000000017e-01,7.628964718725242747e-03
1.153992105999999962e-01,7.627860343011492669e-03
1.154352669999999942e-01,7.627492268027694262e-03
1.154713121999999953e-01,7.627124218167405899e-03
1.154893305000000009e-01,7.626940202657755616e-03
1.155433686999999959e-01,7.626388193808449761e-03
1.155613758999999990e-01,7.626204203417646585e-03
1.157053318999999997e-01,7.624732506311849602e-03
1.157233138000000050e-01,7.624548572422350928e-03
1.157772427999999992e-01,7.623996808412221785e-03
1.158670687000000060e-01,7.623077327241125495e-03
1.159209308000000022e-01,7.622525713834063694e-03
1.159747678999999976e-01,7.621974156889978549e-03
1.159927079999999999e-01,7.621790317121262225e-03
1.160465118000000018e-01,7.621238835449834111e-03
1.161182114000000043e-01,7.620503614358495326e-03
1.161540446000000060e-01,7.620136041438264722e-03
1.162793738999999965e-01,7.618849733714510609e-03
1.162972671000000041e-01,7.618666000543804218e-03
1.163509300000000052e-01,7.618114838638569662e-03
1.164224420999999954e-01,7.617380043838799762e-03
1.164403133000000007e-01,7.617196360805064334e-03
1.165653348000000034e-01,7.615910754999845669e-03
1.166902222999999933e-01,7.614625456133797266e-03
1.167258798999999958e-01,7.614258284250105709e-03
1.167793458999999978e-01,7.613707573386575139e-03
1.168327873999999988e-01,7.613156918870799157e-03
1.168505957999999983e-01,7.612973379886064755e-03
1.169040048000000026e-01,7.612422800489714210e-03
1.169218023000000023e-01,7.612239286542495272e-03
1.170640854000000036e-01,7.610771400258141417e-03
1.171529245999999996e-01,7.609854174679095938e-03
1.172061957999999959e-01,7.609303914397283139e-03
1.172771863999999969e-01,7.608570321583060792e-03
1.174190388000000002e-01,7.607103436102044709e-03
1.174367582999999993e-01,7.606920103550580091e-03
1.174721893000000017e-01,7.606553457200503424e-03
1.175607201000000018e-01,7.605636950704538352e-03
1.176845512999999954e-01,7.604354104068088149e-03
1.177022308000000017e-01,7.604170865254208933e-03
1.177199077000000010e-01,7.603987632687469675e-03
1.177552535000000039e-01,7.603621186294047540e-03
1.178612272999999960e-01,7.602521997015528402e-03
1.179141783999999998e-01,7.601972486682711735e-03
1.180552655000000062e-01,7.600507400506369658e-03
1.181961841000000041e-01,7.599042713801838246e-03
1.182665804000000015e-01,7.598310520209034316e-03
1.182841728999999981e-01,7.598127487407917505e-03
1.183193502000000064e-01,7.597761440520461006e-03
1.183369348999999959e-01,7.597578426433470797e-03
1.183896732999999979e-01,7.597029421596451261e-03
1.184248192000000033e-01,7.596663449555863916e-03
1.184775183999999953e-01,7.596114538265433258e-03
1.186003924000000043e-01,7.594833963481237987e-03
1.186880815999999950e-01,7.593919454218051382e-03
1.187056117000000049e-01,7.593736571063142322e-03
1.187581862999999988e-01,7.593187958988787192e-03
1.188107377000000020e-01,7.592639402994962906e-03
1.188282496999999993e-01,7.592456563458156032e-03
1.188457591000000035e-01,7.592273730151425509e-03
1.189507612999999991e-01,7.591176861127881502e-03
1.191604881999999976e-01,7.588983795674224091e-03
1.191779488000000026e-01,7.588801080688974653e-03
1.192652134000000003e-01,7.587887599129787206e-03
1.193872765999999946e-01,7.586608986325788298e-03
1.194395511999999937e-01,7.586061102739549353e-03
1.195266247000000004e-01,7.585148087842556903e-03
1.195440318000000057e-01,7.584965503522799780e-03
1.196831975000000048e-01,7.583505052835928274e-03
1.197353428999999997e-01,7.582957486418466682e-03
1.198048347999999957e-01,7.582227484889682637e-03
1.199436978999999931e-01,7.580767780149723009e-03
1.199957301000000032e-01,7.580220493397052742e-03
1.200130692000000027e-01,7.580038076904746340e-03
1.200650713000000064e-01,7.579490864699204092e-03
1.200997268999999951e-01,7.579126087619470105e-03
1.201516915000000046e-01,7.578578968580246267e-03
1.202382493999999968e-01,7.577667227712013044e-03
1.203593257999999999e-01,7.576391051254823331e-03
1.203766123999999993e-01,7.576208765161798579e-03
1.204284575999999968e-01,7.575661944121777312e-03
1.204802804999999949e-01,7.575115178934068404e-03
1.205148166999999992e-01,7.574750699834412529e-03
1.205493428999999950e-01,7.574386245552588472e-03
1.206356155000000013e-01,7.573475218413374711e-03
1.207045890999999954e-01,7.572746508351256046e-03
1.207735233000000047e-01,7.572017897514666217e-03
1.207907507000000047e-01,7.571835760307499101e-03
1.208251981000000030e-01,7.571471504493799791e-03
1.208424181999999958e-01,7.571289385886877284e-03
1.209800902000000011e-01,7.569832660190060902e-03
1.211004249000000033e-01,7.568558350573236643e-03
1.211691339000000034e-01,7.567830309957176461e-03
1.211863051000000024e-01,7.567648315290115800e-03
1.212034738000000028e-01,7.567466326817160263e-03
1.212549653999999977e-01,7.566920398561298965e-03
1.213064352000000068e-01,7.566374526044274823e-03
1.213407361999999934e-01,7.566010641995191133e-03
1.213921696000000022e-01,7.565464862360108712e-03
1.214607136000000059e-01,7.564737242853962831e-03
1.214778435000000018e-01,7.564555353453124992e-03
1.216147962999999943e-01,7.563100461056517301e-03
1.216661138000000031e-01,7.562554978511550410e-03
1.217174097000000010e-01,7.562009551648555573e-03
1.217515948999999958e-01,7.561645964670717091e-03
1.219394424999999949e-01,7.559646678505393957e-03
1.220076789999999939e-01,7.558919850853356402e-03
1.220247321999999995e-01,7.558738159395200773e-03
1.220758774000000046e-01,7.558193122107583969e-03
1.222121599000000058e-01,7.556739961267505516e-03
1.222632267000000050e-01,7.556195127904878454e-03
1.222802442999999933e-01,7.556013529139893672e-03
1.223993007000000049e-01,7.554742510737881382e-03
1.224162993000000033e-01,7.554560961384963920e-03
1.224332954999999973e-01,7.554379418207349782e-03
1.224672809999999973e-01,7.554016350377463357e-03
1.225522032999999955e-01,7.553108788852637076e-03
1.225691807000000022e-01,7.552927295068527849e-03
1.226200987999999936e-01,7.552382850753097156e-03
1.226709956999999934e-01,7.551838461987318146e-03
1.226879567000000032e-01,7.551657011408796465e-03
1.227388254999999956e-01,7.551112696698655813e-03
1.228235601000000066e-01,7.550205628919420819e-03
1.228405000000000052e-01,7.550024233871853105e-03
1.230097705999999985e-01,7.548210622637047465e-03
1.230266849000000023e-01,7.548029295432122712e-03
1.231619152999999939e-01,7.546578899743131529e-03
1.232294748999999967e-01,7.545853849839313440e-03
1.232463589999999998e-01,7.545672602771016056e-03
1.232969973999999969e-01,7.545128898540208288e-03
1.233476151000000021e-01,7.544585249765343310e-03
1.234824939999999982e-01,7.543135790762161771e-03
1.234993434999999973e-01,7.542954636104522506e-03
1.236340570000000055e-01,7.541505620531779169e-03
1.237013586999999998e-01,7.540781260510430808e-03
1.237686238000000050e-01,7.540056998976974768e-03
1.238862498000000006e-01,7.538789778229557786e-03
1.239198366999999940e-01,7.538427770536358999e-03
1.240373193999999984e-01,7.537160937387858521e-03
1.240540935000000039e-01,7.536979985826877670e-03
1.240876350000000017e-01,7.536618101154827706e-03
1.241044023999999940e-01,7.536437168043272003e-03
1.241882051999999986e-01,7.535532594718393623e-03
1.242384596999999979e-01,7.534989924500656334e-03
1.242886938999999968e-01,7.534447309607271784e-03
1.243556412999999999e-01,7.533723909130822689e-03
1.244392748999999937e-01,7.532819796803050250e-03
1.244559949000000054e-01,7.532638992770661172e-03
1.245061412999999978e-01,7.532096617534890688e-03
1.245562676000000063e-01,7.531554297586131284e-03
1.245896739000000031e-01,7.531192781664980927e-03
1.246397665999999932e-01,7.530650553845334022e-03
1.247065254999999984e-01,7.529927669390437672e-03
1.248232677000000040e-01,7.528662857969196757e-03
1.248566024999999968e-01,7.528301538523581027e-03
1.248899284999999970e-01,7.527940243628306223e-03
1.249898531000000063e-01,7.526856506221838057e-03
1.250397853999999920e-01,7.526314720350516310e-03
1.251063309000000068e-01,7.525592425073025608e-03
1.251562167999999975e-01,7.525050768018852650e-03
1.252393156999999924e-01,7.524148128915181949e-03
1.252559289000000076e-01,7.523967619490221602e-03
1.253887550999999989e-01,7.522523764794595419e-03
1.255048625999999889e-01,7.521260713723875238e-03
1.255711616000000086e-01,7.520539105063422936e-03
1.256374255999999912e-01,7.519817594424603978e-03
1.256871006999999985e-01,7.519276525762285356e-03
1.257036547000000004e-01,7.519096181790981860e-03
1.257863919999999969e-01,7.518194553793201146e-03
1.258360081999999880e-01,7.517653650472399043e-03
1.259021328999999911e-01,7.516932531754685030e-03
1.259517035000000118e-01,7.516391756989319189e-03
1.260177674000000081e-01,7.515670809653349042e-03
1.261002985999999937e-01,7.514769763166929094e-03
1.261662846999999921e-01,7.514049036104586410e-03
1.261827758000000077e-01,7.513868869632176102e-03
1.262981534000000017e-01,7.512607875580451164e-03
1.264463413999999952e-01,7.510987037778448991e-03
1.264792483999999939e-01,7.510626918845608388e-03
1.264956988000000004e-01,7.510446868547718605e-03
1.265450368999999908e-01,7.509906754323527472e-03
1.266272243999999880e-01,7.509006686168037681e-03
1.266765113999999970e-01,7.508466718594397626e-03
1.267421974000000062e-01,7.507746847354094914e-03
1.268242572000000123e-01,7.506847145731384077e-03
1.268406628000000036e-01,7.506667223727962225e-03
1.268898668000000007e-01,7.506127494354970613e-03
1.269390516999999996e-01,7.505587819932818885e-03
1.269718310999999877e-01,7.505228067509542300e-03
1.270209843000000005e-01,7.504688484656606325e-03
1.270701184999999955e-01,7.504148956735896651e-03
1.270864922999999924e-01,7.503969126301532691e-03
1.272174071999999934e-01,7.502530702497361807e-03
1.272337621000000085e-01,7.502350926976761487e-03
1.272828141000000024e-01,7.501811637015008173e-03
1.273481874999999874e-01,7.501092669124072992e-03
1.273645256000000003e-01,7.500912942397994047e-03
1.274625101000000094e-01,7.499834710093695143e-03
1.275277914000000068e-01,7.499116010493293849e-03
1.276745521000000050e-01,7.497499292958579621e-03
1.277234348000000075e-01,7.496960496801571665e-03
1.277560128999999933e-01,7.496601329826447710e-03
1.277885826999999863e-01,7.496242187219181313e-03
1.278048645000000039e-01,7.496062625052914326e-03
1.278699709999999989e-01,7.495344437297288796e-03
1.280488429999999955e-01,7.493369923358149214e-03
1.281138253999999921e-01,7.492652100927371314e-03
1.281463043000000135e-01,7.492293226230921713e-03
1.283896338999999942e-01,7.489602441803473731e-03
1.284544438999999927e-01,7.488885130438625859e-03
1.285192213000000139e-01,7.488167916368314130e-03
1.285354105000000025e-01,7.487988628051035767e-03
1.285839659999999940e-01,7.487450799575980608e-03
1.286486780999999968e-01,7.486733780045102052e-03
1.286648511000000050e-01,7.486554540357663427e-03
1.287780048000000122e-01,7.485300032702279539e-03
1.287941615000000040e-01,7.485120841628066339e-03
1.288264688999999907e-01,7.484762477705933677e-03
1.288426195000000052e-01,7.484583304857442623e-03
1.289233422999999934e-01,7.483687531730898179e-03
1.290201430000000038e-01,7.482612804400236989e-03
1.290362693999999866e-01,7.482433704431684998e-03
1.291007547999999949e-01,7.481717365271174126e-03
1.291813162999999876e-01,7.480822077907820639e-03
1.292296290999999930e-01,7.480284978323990634e-03
1.293101103000000029e-01,7.479389933719000905e-03
1.293583749999999977e-01,7.478852979765685492e-03
1.295512538999999963e-01,7.476705709869723056e-03
1.295673142000000055e-01,7.476526810130328105e-03
1.295994287999999994e-01,7.476169028840686306e-03
1.296636341000000081e-01,7.475453539011424862e-03
1.296796805000000052e-01,7.475274681708965821e-03
1.297438461000000043e-01,7.474559313110284639e-03
1.298079799999999895e-01,7.473844041477589913e-03
1.298240085000000044e-01,7.473665238718344567e-03
1.298560595999999900e-01,7.473307651377070551e-03
1.299361528000000099e-01,7.472413789044414674e-03
1.299521654999999942e-01,7.472235034750840908e-03
1.301121842999999889e-01,7.470447824910112292e-03
1.301281753000000097e-01,7.470269137229747398e-03
1.301761367000000003e-01,7.469733110513645212e-03
1.301921198999999862e-01,7.469554447048848238e-03
1.303358805000000009e-01,7.467946748229187422e-03
1.303678057000000057e-01,7.467589548391191136e-03
1.304635345999999863e-01,7.466518094078845522e-03
1.305113727999999973e-01,7.465982448585897942e-03
1.305591932999999871e-01,7.465446857525411505e-03
1.305751296999999866e-01,7.465268339267187858e-03
1.306229268999999915e-01,7.464732820773227993e-03
1.307025501999999895e-01,7.463840410872909711e-03
1.307184690000000038e-01,7.463661947028890978e-03
1.308139412999999862e-01,7.462591290896285548e-03
1.308298465000000133e-01,7.462412869360238177e-03
1.308457499000000024e-01,7.462234453867466061e-03
1.309570191999999966e-01,7.460985714598942359e-03
1.309729071000000078e-01,7.460807347440777393e-03
1.310840685000000116e-01,7.459558946458069717e-03
1.311316801999999893e-01,7.459024008054018252e-03
1.311475470000000032e-01,7.458845707329454962e-03
1.312268518999999967e-01,7.457954294269080603e-03
1.312744117999999904e-01,7.457419518874205608e-03
1.313377983000000027e-01,7.456706569515007647e-03
1.313853181000000092e-01,7.456171920862201749e-03
1.314011542000000088e-01,7.455993716713012025e-03
1.314644795999999893e-01,7.455280960451972187e-03
1.315277744999999998e-01,7.454568300715404792e-03
1.315752256000000120e-01,7.454033869247277122e-03
1.316068501999999862e-01,7.453677611757372756e-03
1.316542729000000078e-01,7.453143270750684640e-03
1.317016785000000023e-01,7.452608984011463780e-03
1.318280101000000037e-01,7.451184484629502780e-03
1.318437929999999869e-01,7.451006449330499493e-03
1.318595740999999877e-01,7.450828420058457253e-03
1.319069059000000099e-01,7.450294368399282968e-03
1.321118145000000077e-01,7.447980771123163465e-03
1.321433106999999885e-01,7.447624923429945268e-03
1.322220182999999938e-01,7.446735409574688734e-03
1.322849506999999869e-01,7.446023906862255827e-03
1.323635740999999921e-01,7.445134663909860201e-03
1.323950104000000128e-01,7.444779008858717038e-03
1.324735684999999996e-01,7.443889976537361799e-03
1.325991646999999940e-01,7.442467837668635330e-03
1.326148558999999949e-01,7.442290097377860826e-03
1.326619182000000063e-01,7.441756912589735443e-03
1.327089637999999960e-01,7.441223781922847065e-03
1.327403182999999931e-01,7.440868391542107552e-03
1.328343374000000021e-01,7.439802364684560895e-03
1.328500008000000066e-01,7.439624714580437073e-03
1.328969798999999896e-01,7.439091800329718403e-03
1.329908881999999903e-01,7.438026134081885711e-03
1.330378174999999885e-01,7.437493382071243449e-03
1.331159962000000030e-01,7.436605582197414188e-03
1.331628814999999966e-01,7.436072974348636663e-03
1.332097502000000044e-01,7.435540420547909896e-03
1.332253693999999877e-01,7.435362914623704945e-03
1.333502575000000134e-01,7.433943083365823941e-03
1.333658601999999915e-01,7.433765631471391834e-03
1.333970603000000088e-01,7.433410745688940821e-03
1.334906168999999976e-01,7.432346232370590916e-03
1.335373705000000022e-01,7.431814056714938430e-03
1.335996832999999939e-01,7.431104573162839247e-03
1.336463988000000103e-01,7.430572523481376174e-03
1.336619671000000009e-01,7.430395185583020534e-03
1.337242217999999871e-01,7.429685893958936499e-03
1.338330979000000032e-01,7.428444864462121003e-03
1.338641891000000028e-01,7.428090338559746250e-03
1.340971431999999908e-01,7.425432158382228379e-03
1.341126591000000035e-01,7.425254994301184845e-03
1.341591960000000083e-01,7.424723537996420243e-03
1.342057167000000051e-01,7.424192135593919370e-03
1.342212201000000105e-01,7.424015013437082998e-03
1.342367215999999974e-01,7.423837897268130426e-03
1.343451823000000045e-01,7.422598251733000634e-03
1.343606696000000100e-01,7.422421183460290589e-03
1.344845033000000023e-01,7.421004852748108380e-03
1.345309115999999972e-01,7.420473827471740780e-03
1.345773037999999922e-01,7.419942856042912455e-03
1.346391352999999902e-01,7.419234977889647975e-03
1.346545888000000024e-01,7.419058023305403690e-03
1.347009383999999976e-01,7.418527195437717506e-03
1.347163848000000053e-01,7.418350264776297012e-03
1.347781523999999898e-01,7.417642601928060679e-03
1.348398918000000002e-01,7.416935034744985035e-03
1.348861778000000067e-01,7.416404422128103878e-03
1.349016029000000005e-01,7.416227563210726383e-03
1.350249404999999958e-01,7.414812907024226352e-03
1.350711631000000024e-01,7.414282509549298926e-03
1.350865670999999990e-01,7.414105722339831873e-03
1.351327686000000083e-01,7.413575396554630652e-03
1.351943459999999930e-01,7.412868379132087245e-03
1.352251241999999909e-01,7.412514906255497117e-03
1.352712784000000001e-01,7.411984741728133708e-03
1.353942793000000033e-01,7.410571232360642357e-03
1.354557378000000034e-01,7.409864620940604871e-03
1.354710980999999925e-01,7.409687983006152910e-03
1.355939177000000107e-01,7.408275094348017002e-03
1.356246051999999980e-01,7.407921931845571663e-03
1.356399463000000083e-01,7.407745359542213144e-03
1.357166260999999874e-01,7.406862587495676407e-03
1.358085847000000124e-01,7.405803457839251619e-03
1.358698557999999945e-01,7.405097490648902825e-03
1.358851692999999972e-01,7.404921013754942570e-03
1.359464059000000113e-01,7.404215165785999093e-03
1.359617106999999880e-01,7.404038718694166618e-03
1.360840875000000061e-01,7.402627356487763953e-03
1.361299504000000049e-01,7.402098193968903624e-03
1.361757979000000063e-01,7.401569085062406107e-03
1.361910769999999937e-01,7.401392727339682967e-03
1.363590336999999930e-01,7.399453185424458186e-03
1.363742921999999969e-01,7.399276899156057540e-03
1.364505592999999961e-01,7.398395557103224981e-03
1.364962990999999959e-01,7.397866823293326212e-03
1.365572616000000072e-01,7.397161928191631382e-03
1.366791052000000117e-01,7.395752423567805191e-03
1.366943280000000038e-01,7.395576262258033058e-03
1.367399861999999966e-01,7.395047814013321237e-03
1.367856292000000085e-01,7.394519419290838599e-03
1.368160494000000005e-01,7.394167185873603935e-03
1.368464628999999932e-01,7.393814976239094193e-03
1.369224669999999922e-01,7.392934556188225995e-03
1.370439857999999900e-01,7.391526193176024481e-03
1.370591680999999895e-01,7.391350174540562215e-03
1.370895276000000107e-01,7.390998155094499061e-03
1.371047048000000046e-01,7.390822154283208621e-03
1.371502263999999915e-01,7.390294187493736192e-03
1.372260621999999985e-01,7.389414361644101349e-03
1.374078974000000064e-01,7.387303385312071757e-03
1.374230395000000104e-01,7.387127509206923431e-03
1.375289872999999885e-01,7.385896542654908289e-03
1.375441161000000023e-01,7.385720714028016533e-03
1.375894923000000047e-01,7.385193263747593176e-03
1.376348535999999956e-01,7.384665866863328841e-03
1.376499707000000128e-01,7.384490079766540226e-03
1.377708478000000125e-01,7.383083996518963188e-03
1.377859499999999904e-01,7.382908262800169305e-03
1.379067079000000084e-01,7.381502606495679054e-03
1.379519649000000014e-01,7.380975583194615552e-03
1.380575068000000072e-01,7.379746069588266968e-03
1.380725775999999960e-01,7.379570448489849652e-03
1.381479070999999947e-01,7.378692431866854841e-03
1.381930851000000016e-01,7.378165692978919804e-03
1.382683489000000043e-01,7.377287913287001314e-03
1.383134874999999986e-01,7.376761316533764386e-03
1.384788700000000039e-01,7.374830917631025606e-03
1.385089183000000057e-01,7.374480012958166755e-03
1.385389600999999971e-01,7.374129131956045149e-03
1.385990242000000039e-01,7.373427440956139764e-03
1.386290464000000111e-01,7.373076630954020910e-03
1.386740676999999866e-01,7.372550460318167548e-03
1.387190742999999948e-01,7.372024342916561924e-03
1.387340732000000021e-01,7.371848982277959782e-03
1.387490705999999963e-01,7.371673627553601560e-03
1.387790603999999872e-01,7.371322935845217757e-03
1.388540065999999962e-01,7.370446310051014492e-03
1.389139343999999943e-01,7.369745115832221014e-03
1.389588633000000129e-01,7.369219282233922634e-03
1.390337125999999979e-01,7.368343011104386796e-03
1.390935630000000034e-01,7.367642100563486125e-03
1.392131866000000107e-01,7.366240563048455543e-03
1.392281324000000098e-01,7.366065397438686761e-03
1.392580190000000107e-01,7.365715083935815005e-03
1.393476405000000085e-01,7.364664285145222471e-03
1.394372043000000061e-01,7.363613698889286477e-03
1.394521260000000096e-01,7.363438621839238016e-03
1.395565333999999880e-01,7.362213247731921179e-03
1.395863497000000009e-01,7.361863193950168166e-03
1.396310622999999973e-01,7.361338157525329842e-03
1.396757604999999958e-01,7.360813174191579468e-03
1.396906566999999988e-01,7.360638191543951783e-03
1.397502257999999886e-01,7.359938319931325253e-03
1.398246513999999996e-01,7.359063613096935089e-03
1.399287808000000133e-01,7.357839271145766996e-03
1.399436501000000110e-01,7.357664388731031610e-03
1.399882484999999954e-01,7.357139776848568499e-03
1.400625477000000119e-01,7.356265541569492229e-03
1.401071081999999968e-01,7.355741071105975984e-03
1.401665002999999965e-01,7.355041859628936272e-03
1.402110277999999988e-01,7.354517512867950885e-03
1.402852089999999941e-01,7.353643719383951699e-03
1.403445257000000002e-01,7.352944790584265734e-03
1.403889966999999905e-01,7.352420655800133951e-03
1.405075174000000038e-01,7.351023222025698106e-03
1.405223254999999893e-01,7.350848569286400243e-03
1.406407338000000007e-01,7.349451559180528171e-03
1.406555278999999936e-01,7.349276959389827203e-03
1.406851112999999986e-01,7.348927777453793941e-03
1.407590425999999950e-01,7.348054925534515044e-03
1.407738242000000084e-01,7.347880372792276425e-03
1.408181597000000007e-01,7.347356749844404650e-03
1.408624812000000004e-01,7.346833179809283444e-03
1.408920210999999867e-01,7.346484162512029355e-03
1.409215548999999956e-01,7.346135168726832150e-03
1.409953622000000018e-01,7.345262787115267034e-03
1.410101189999999893e-01,7.345088328422630722e-03
1.411281181000000051e-01,7.343692870397591430e-03
1.411723423000000033e-01,7.343169670566538146e-03
1.412312863999999890e-01,7.342472153016504043e-03
1.412902058999999932e-01,7.341774729423385104e-03
1.413491007999999882e-01,7.341077399771238354e-03
1.413638207000000035e-01,7.340903082034724685e-03
1.413932558999999867e-01,7.340554464171526738e-03
1.414079712000000100e-01,7.340380164044377556e-03
1.414521079000000126e-01,7.339857298878138363e-03
1.414815248000000081e-01,7.339508751444161899e-03
1.415256386000000033e-01,7.338985974303228500e-03
1.415844356000000026e-01,7.338289020257424654e-03
1.416285173000000064e-01,7.337766366320769632e-03
1.417019563999999954e-01,7.336895393736084063e-03
1.418340509000000083e-01,7.335328012520758202e-03
1.419220455000000103e-01,7.334283355519968968e-03
1.419513649999999960e-01,7.333935183408199845e-03
1.420539353999999976e-01,7.332716765600925078e-03
1.420685821999999876e-01,7.332542729349992780e-03
1.420978713999999921e-01,7.332194674422951725e-03
1.422295982000000014e-01,7.330628717181679986e-03
1.423319681000000114e-01,7.329411078358430941e-03
1.423465864000000025e-01,7.329237153372428204e-03
1.424196550999999866e-01,7.328367616240710931e-03
1.424634784000000098e-01,7.327845964191913308e-03
1.425072881999999985e-01,7.327324364807561406e-03
1.425364872999999866e-01,7.326976661139528342e-03
1.425802747000000092e-01,7.326455149514791987e-03
1.426386369000000043e-01,7.325759882575399312e-03
1.427407133999999966e-01,7.324543390595820644e-03
1.427990101000000123e-01,7.323848380959951075e-03
1.428135805000000091e-01,7.323674643166385237e-03
1.428572830000000016e-01,7.323153464859392947e-03
1.428718475000000099e-01,7.322979750447396359e-03
1.429300907000000120e-01,7.322284951243986442e-03
1.429883100999999879e-01,7.321590245540640987e-03
1.430319592000000029e-01,7.321069277613134231e-03
1.431628265000000066e-01,7.319506689274092592e-03
1.432354788000000101e-01,7.318638789046480637e-03
1.432645294999999874e-01,7.318291669827543464e-03
1.432790526000000120e-01,7.318118118975334985e-03
1.433226130999999959e-01,7.317597501444770593e-03
1.433371303000000041e-01,7.317423973942562866e-03
1.433951844999999947e-01,7.316729922300090581e-03
1.434677192000000101e-01,7.315862489052925993e-03
1.434967228000000039e-01,7.315515556598458161e-03
1.435112223999999992e-01,7.315342099122637901e-03
1.435836984999999955e-01,7.314474899248160807e-03
1.436271665999999947e-01,7.313954649317999657e-03
1.436851036000000026e-01,7.313261064391298437e-03
1.437285409999999874e-01,7.312740936922511661e-03
1.438009075999999997e-01,7.311874174410426530e-03
1.438587745999999890e-01,7.311180869324905920e-03
1.439744389000000013e-01,7.309794538885915592e-03
1.440322361999999967e-01,7.309101513501033501e-03
1.440466819000000009e-01,7.308928271718192343e-03
1.441477613000000102e-01,7.307715742322164025e-03
1.441910593999999879e-01,7.307196174219393429e-03
1.442487698999999901e-01,7.306503498262016498e-03
1.442776165000000110e-01,7.306157195213209936e-03
1.443641216999999866e-01,7.305118425762366537e-03
1.443785341999999916e-01,7.304945317890234290e-03
1.444361698000000138e-01,7.304252944592290464e-03
1.444937823999999926e-01,7.303560664386952311e-03
1.445081820000000128e-01,7.303387608879644347e-03
1.445513720000000113e-01,7.302868477258666301e-03
1.445945492000000054e-01,7.302349397985084638e-03
1.447096254000000137e-01,7.300965442457836400e-03
1.448389767999999911e-01,7.299408937228193776e-03
1.448533421000000043e-01,7.299236021263364078e-03
1.448820682999999998e-01,7.298890206766950502e-03
1.448964292000000098e-01,7.298717308234808909e-03
1.449682127999999959e-01,7.297852902727415027e-03
1.450686501000000017e-01,7.296642978999507215e-03
1.450829925999999881e-01,7.296470155984906628e-03
1.451833503999999941e-01,7.295260557473632820e-03
1.451976815999999892e-01,7.295087780910786135e-03
1.452406666000000124e-01,7.294569486053343287e-03
1.452836389999999922e-01,7.294051243437965279e-03
1.453552312999999985e-01,7.293187621820160921e-03
1.454124797000000135e-01,7.292496828976010974e-03
1.454697057000000071e-01,7.291806128959469474e-03
1.455412064000000116e-01,7.290942884453616157e-03
1.456269609999999992e-01,7.289907182428639887e-03
1.456555347000000056e-01,7.289561994807725737e-03
1.456983846000000082e-01,7.289044256857217519e-03
1.457554983000000082e-01,7.288354020744848907e-03
1.457983189000000013e-01,7.287836404518263297e-03
1.458696586000000073e-01,7.286973826707258614e-03
1.458839222999999963e-01,7.286801328527648530e-03
1.459694756000000093e-01,7.285766461110409348e-03
1.459837296000000006e-01,7.285594003481802791e-03
1.459979821999999872e-01,7.285421551645053680e-03
1.460407317000000094e-01,7.284904230884815639e-03
1.460834685999999882e-01,7.284386962243629728e-03
1.462542916000000026e-01,7.282318408740579008e-03
1.462685177999999975e-01,7.282146066905685611e-03
1.464391248999999950e-01,7.280078416215982409e-03
1.464817456999999989e-01,7.279561633705297803e-03
1.465527527000000108e-01,7.278700445187584640e-03
1.465669498999999931e-01,7.278528224831724673e-03
1.466095335000000000e-01,7.278011598456039961e-03
1.468789426999999870e-01,7.274740839436176845e-03
1.468931083999999998e-01,7.274568752006346437e-03
1.469072727999999883e-01,7.274396670353085355e-03
1.469355974999999870e-01,7.274052524374883394e-03
1.469497577999999971e-01,7.273880460049607713e-03
1.470063852999999865e-01,7.273192260500932829e-03
1.470205387000000086e-01,7.273020225050717477e-03
1.470629908999999957e-01,7.272504153344894889e-03
1.471054309000000004e-01,7.271988133601365277e-03
1.471337174000000025e-01,7.271644149303640482e-03
1.471619985000000019e-01,7.271300188095504956e-03
1.472326774000000116e-01,7.270440386078397092e-03
1.472468090999999868e-01,7.270268442988061901e-03
1.472891960999999916e-01,7.269752648338539090e-03
1.473598140000000056e-01,7.268893105980111201e-03
1.473880516999999946e-01,7.268549329417971216e-03
1.474445108999999920e-01,7.267861845507934092e-03
1.475714650000000128e-01,7.266315344058941680e-03
1.475855641999999912e-01,7.266143539392216737e-03
1.476278540000000028e-01,7.265628159978838874e-03
1.476983098999999910e-01,7.264769309564769566e-03
1.477405673999999947e-01,7.264254068470745937e-03
1.477828127999999963e-01,7.263738879234421866e-03
1.477968919000000048e-01,7.263567161011878597e-03
1.478391212000000066e-01,7.263052040909269771e-03
1.478954080999999865e-01,7.262365294748434653e-03
1.479657366999999890e-01,7.261506991630507779e-03
1.480219755000000137e-01,7.260820452783724004e-03
1.480360319000000036e-01,7.260648832465541568e-03
1.481343890000000052e-01,7.259447651417892319e-03
1.481484346999999979e-01,7.259276077148282824e-03
1.482467172999999971e-01,7.258075218386456605e-03
1.482888185000000025e-01,7.257560650935567306e-03
1.483449347999999945e-01,7.256874641536119330e-03
1.483729850000000128e-01,7.256531671346904376e-03
1.484711190000000125e-01,7.255331456832788024e-03
1.485131564999999931e-01,7.254817165430238295e-03
1.485831927000000052e-01,7.253960128063982431e-03
1.486391978999999919e-01,7.253274601627783709e-03
1.487091747000000019e-01,7.252417822877947791e-03
1.487511448999999930e-01,7.251903824574082273e-03
1.488070868999999963e-01,7.251218573926189806e-03
1.489049347999999995e-01,7.250019606414134093e-03
1.489189077999999999e-01,7.249848348310901532e-03
1.489328795000000039e-01,7.249677095949305303e-03
1.489747867000000003e-01,7.249163373312546982e-03
1.490306446999999923e-01,7.248478490166973022e-03
1.490446059999999961e-01,7.248307283730856358e-03
1.490864818000000036e-01,7.247793698858510762e-03
1.491422980000000065e-01,7.247108999371856472e-03
1.492538676999999869e-01,7.245739875802069928e-03
1.492678081000000101e-01,7.245568761170325528e-03
1.494071399999999938e-01,7.243857930278338984e-03
1.494210660999999996e-01,7.243686878726490926e-03
1.496019868000000030e-01,7.241463730176469701e-03
1.496298013000000038e-01,7.241121793285489050e-03
1.496437066000000093e-01,7.240950833434365262e-03
1.496854149000000078e-01,7.240437988255694034e-03
1.497132139000000028e-01,7.240096120112912356e-03
1.497549028000000060e-01,7.239583360858776843e-03
1.497965800999999930e-01,7.239070653150670061e-03
1.498104698999999929e-01,7.238899762034642880e-03
1.499354206000000078e-01,7.237361999650792146e-03
1.500186632999999936e-01,7.236337082329294228e-03
1.500325325999999904e-01,7.236166282806801020e-03
1.500464005999999906e-01,7.235995489006968005e-03
1.500879968999999925e-01,7.235483141940216543e-03
1.501295816999999866e-01,7.234970846367848492e-03
1.501434407999999998e-01,7.234800092619220885e-03
1.502681146000000023e-01,7.233263566280457614e-03
1.503096496000000115e-01,7.232751493775454489e-03
1.504203534000000120e-01,7.231386218659682612e-03
1.504618463000000073e-01,7.230874334809353834e-03
1.504756747999999866e-01,7.230703718289918647e-03
1.505171525000000010e-01,7.230191903019930928e-03
1.505309757999999942e-01,7.230021309358428301e-03
1.505862565999999958e-01,7.229338991850159379e-03
1.506000735999999951e-01,7.229168426756004025e-03
1.507105640999999996e-01,7.227804111642362889e-03
1.508071769000000062e-01,7.226610635740739197e-03
1.509175157000000045e-01,7.225247005826425893e-03
1.509588719999999940e-01,7.224735738784901669e-03
1.509726549000000029e-01,7.224565327851037617e-03
1.510139960999999920e-01,7.224054129286568149e-03
1.510415505999999908e-01,7.223713358771779308e-03
1.510828728999999981e-01,7.223202245787295646e-03
1.511517183999999958e-01,7.222350504897927931e-03
1.511792477999999995e-01,7.222009848466061019e-03
1.512618058999999904e-01,7.220988016028322999e-03
1.513030680999999933e-01,7.220477176780121242e-03
1.513718133999999993e-01,7.219625892041501777e-03
1.513993026999999880e-01,7.219285418043052197e-03
1.514542664999999899e-01,7.218604538431691586e-03
1.514680043999999948e-01,7.218434332774529422e-03
1.515229432000000098e-01,7.217753567119678838e-03
1.515778621999999964e-01,7.217072892613141111e-03
1.516190383000000086e-01,7.216562446539876406e-03
1.516327611999999936e-01,7.216392309239322810e-03
1.517836311999999910e-01,7.214521174741556943e-03
1.517973393000000004e-01,7.214351105763749245e-03
1.518384559000000023e-01,7.213840932980690110e-03
1.519069588999999998e-01,7.212990758831753363e-03
1.520164995000000130e-01,7.211630776066253051e-03
1.520301864999999975e-01,7.211460803819733263e-03
1.520712402000000130e-01,7.210950921207545834e-03
1.522353442000000112e-01,7.208911902546552390e-03
1.522490115000000033e-01,7.208742021278869046e-03
1.522900061999999943e-01,7.208232411580279587e-03
1.523309898000000107e-01,7.207722853032349358e-03
1.523583061999999877e-01,7.207383175748162916e-03
1.523992714000000082e-01,7.206873702437677394e-03
1.524402256999999872e-01,7.206364280261203827e-03
1.524538746999999916e-01,7.206194484231088354e-03
1.525766605999999970e-01,7.204666575557808206e-03
1.526175671999999983e-01,7.204157374887252413e-03
1.526857206999999994e-01,7.203308820655171703e-03
1.527674646000000136e-01,7.202290742900239670e-03
1.528899987000000016e-01,7.200764009323768443e-03
1.529036075000000106e-01,7.200594400627797695e-03
1.529308215000000082e-01,7.200255200254038201e-03
1.529988354000000050e-01,7.199407298580704981e-03
1.530124344999999886e-01,7.199237735260207577e-03
1.530532246999999901e-01,7.198729079323228607e-03
1.531211842000000101e-01,7.197881432828296365e-03
1.531483596000000058e-01,7.197542413915084848e-03
1.532162769000000035e-01,7.196694965825863738e-03
1.532705890999999931e-01,7.196017109367890477e-03
1.533113106000000003e-01,7.195508776522078175e-03
1.533384523000000110e-01,7.195169916286964229e-03
1.533655891000000049e-01,7.194831078712422487e-03
1.533791557999999999e-01,7.194661668422449967e-03
1.534334102999999894e-01,7.193984083904826285e-03
1.534876456000000000e-01,7.193306590003437605e-03
1.535554128999999934e-01,7.192459850033496721e-03
1.535825114000000102e-01,7.192121193676940909e-03
1.535960588999999987e-01,7.191951873990261486e-03
1.536366940999999986e-01,7.191443948893008059e-03
1.536637782999999979e-01,7.191105360461953408e-03
1.537991277000000101e-01,7.189412757839683428e-03
1.538667576999999953e-01,7.188566668686209235e-03
1.538802801999999970e-01,7.188397467824612398e-03
1.539208404000000086e-01,7.187889899172687086e-03
1.539613898999999952e-01,7.187382381415885826e-03
1.540289487000000013e-01,7.186536631571007611e-03
1.540964779000000007e-01,7.185691023054657268e-03
1.541909690000000110e-01,7.184507408507212999e-03
1.542044630999999943e-01,7.184338343318046050e-03
1.542314475000000074e-01,7.184000229889139257e-03
1.542449379999999981e-01,7.183831181649225073e-03
1.543123727000000056e-01,7.182986025185614590e-03
1.543528192999999993e-01,7.182478999087352732e-03
1.544067316999999939e-01,7.181803043353367395e-03
1.544471535999999978e-01,7.181296135842099061e-03
1.544606252999999874e-01,7.181127177963959364e-03
1.545144999999999991e-01,7.180451402903751182e-03
1.545683559999999901e-01,7.179775718157930912e-03
1.546356496000000080e-01,7.178931239207307115e-03
1.546760118000000128e-01,7.178424619549380638e-03
1.548239160999999864e-01,7.176567448507583519e-03
1.548910987000000072e-01,7.175723505440487378e-03
1.549448237999999922e-01,7.175048452473057996e-03
1.549582522000000073e-01,7.174879703324713032e-03
1.550387978999999972e-01,7.173867326799926968e-03
1.550522180999999999e-01,7.173698617104691186e-03
1.550924717999999924e-01,7.173192521829354143e-03
1.551595380999999940e-01,7.172349142391169774e-03
1.552533822999999924e-01,7.171168647771847780e-03
1.552801845000000014e-01,7.170831414283797278e-03
1.553605633000000041e-01,7.169819848961679620e-03
1.553739557000000104e-01,7.169651274446938241e-03
1.554810536000000021e-01,7.168302880975862233e-03
1.555211962999999975e-01,7.167797326287762491e-03
1.555345749000000000e-01,7.167628819312822121e-03
1.556014505999999964e-01,7.166786368834785273e-03
1.556415623000000081e-01,7.166280966056985842e-03
1.556950283999999907e-01,7.165607174434097427e-03
1.557885499999999979e-01,7.164428255607544274e-03
1.558152600999999915e-01,7.164091472261334241e-03
1.558553166999999962e-01,7.163586339405274284e-03
1.558953630000000090e-01,7.163081257139556138e-03
1.560154403000000023e-01,7.161566313821069243e-03
1.560287764999999938e-01,7.161398014880403576e-03
1.561220982000000035e-01,7.160220079589748980e-03
1.561354252999999914e-01,7.160051825587422820e-03
1.561620760999999913e-01,7.159715334431066697e-03
1.561753998000000032e-01,7.159547097276622134e-03
1.562153639999999954e-01,7.159042419505439944e-03
1.562819484000000092e-01,7.158201402180095971e-03
1.563751188999999986e-01,7.157024213691054113e-03
1.563884245000000117e-01,7.156856066357062708e-03
1.564416352999999926e-01,7.156183533135370908e-03
1.564549352000000060e-01,7.156015413857819488e-03
1.566542979999999974e-01,7.153494297834004680e-03
1.567472471999999950e-01,7.152318208817590346e-03
1.567605212000000026e-01,7.152150218524670928e-03
1.567737939999999941e-01,7.151982233836923220e-03
1.568666723999999901e-01,7.150806497949594755e-03
1.568799361999999864e-01,7.150638558095131700e-03
1.569197210000000120e-01,7.150134772150003488e-03
1.569594957999999874e-01,7.149631036626797990e-03
1.570125131000000007e-01,7.148959467685420642e-03
1.570787596000000064e-01,7.148120132524640562e-03
1.570920054999999926e-01,7.147952282292301465e-03
1.571317365999999882e-01,7.147448765190591267e-03
1.571979329000000036e-01,7.146609681991935963e-03
1.572376372000000022e-01,7.146106299244849545e-03
1.572905608000000066e-01,7.145435200603170688e-03
1.573434665000000010e-01,7.144764191495515254e-03
1.573963545000000019e-01,7.144093271907539684e-03
1.574095736999999995e-01,7.143925555995950423e-03
1.574360087999999991e-01,7.143590140954393132e-03
1.574888657000000081e-01,7.142919377989067307e-03
1.575549119000000109e-01,7.142081050109537824e-03
1.575945263000000096e-01,7.141578120478350375e-03
1.576473301000000105e-01,7.140907625903194882e-03
1.577265025000000043e-01,7.139902051723465842e-03
1.577660738999999979e-01,7.139399340077834215e-03
1.578320039999999980e-01,7.138561599081238475e-03
1.578715488999999916e-01,7.138059021521422215e-03
1.579242600000000107e-01,7.137388996305991419e-03
1.579374350999999954e-01,7.137221503964752758e-03
1.580296294999999906e-01,7.136049213926493918e-03
1.580427957999999966e-01,7.135881766254408183e-03
1.580822879000000070e-01,7.135379456732439049e-03
1.581480862999999903e-01,7.134542385831431702e-03
1.583453172000000020e-01,7.132032010124857505e-03
1.583978706999999986e-01,7.131362788571724010e-03
1.584372742999999861e-01,7.130860930959239535e-03
1.585029253000000138e-01,7.130024613114970683e-03
1.586734907000000028e-01,7.127850838861438457e-03
1.586997152000000078e-01,7.127516495637881838e-03
1.587128258999999930e-01,7.127349332382895350e-03
1.587521514000000133e-01,7.126847876041194838e-03
1.587652576999999954e-01,7.126680735067708779e-03
1.587783628999999974e-01,7.126513599664023417e-03
1.588700692999999997e-01,7.125343807774712698e-03
1.588831659000000118e-01,7.125176716921468797e-03
1.589093558999999933e-01,7.124842551918245635e-03
1.589748119000000126e-01,7.124007236833007975e-03
1.589878999000000070e-01,7.123840190515532377e-03
1.590925649000000108e-01,7.122504020326970130e-03
1.591187202999999883e-01,7.122170033424591803e-03
1.591317965000000056e-01,7.122003048319213228e-03
1.591710184000000028e-01,7.121502126381570180e-03
1.591840902999999974e-01,7.121335163528325768e-03
1.592363669000000093e-01,7.120667367735956065e-03
1.593016885000000105e-01,7.119832748127627974e-03
1.593278096999999893e-01,7.119498939208474160e-03
1.593408685999999908e-01,7.119332043088602915e-03
1.594453019000000027e-01,7.117997074258692117e-03
1.594974929000000097e-01,7.117329723238291668e-03
1.595887860999999908e-01,7.116162072883108064e-03
1.596018237000000062e-01,7.115995287912412620e-03
1.596148602000000138e-01,7.115828508496586241e-03
1.596539634999999957e-01,7.115328203577137543e-03
1.597191142999999924e-01,7.114494473123598312e-03
1.597581921000000016e-01,7.113994301488591257e-03
1.598102808999999902e-01,7.113327483705676225e-03
1.599144076000000025e-01,7.111994114588516581e-03
1.599534375999999980e-01,7.111494192742120329e-03
1.600054629000000062e-01,7.110827707962360730e-03
1.600314690999999900e-01,7.110494498860304817e-03
1.601224578000000065e-01,7.109328441734762312e-03
1.601744281999999964e-01,7.108662245389520302e-03
1.602393673999999990e-01,7.107829624715457720e-03
1.602783183000000000e-01,7.107330118837388092e-03
1.603172596999999922e-01,7.106830662846127557e-03
1.603432153999999887e-01,7.106497719897558046e-03
1.604210574000000111e-01,7.105499024048691353e-03
1.604340273000000039e-01,7.105332594133493933e-03
1.605766279999999990e-01,7.103502230672634893e-03
1.605895854000000122e-01,7.103335867225189781e-03
1.606414046000000095e-01,7.102670468808070653e-03
1.606932071000000128e-01,7.102005158975874775e-03
1.607320479999999885e-01,7.101506234726722051e-03
1.607838212999999905e-01,7.100841079882824411e-03
1.608485145000000116e-01,7.100009760841611076e-03
1.608614499999999892e-01,7.099843513632886002e-03
1.609002502999999917e-01,7.099344805201962018e-03
1.609390411999999937e-01,7.098846146558332980e-03
1.609907479999999891e-01,7.098181345803665498e-03
1.610036719999999866e-01,7.098015159441335188e-03
1.611586801999999874e-01,7.096021354377594209e-03
1.611715907999999864e-01,7.095855239888872526e-03
1.612103165000000060e-01,7.095356929584848912e-03
1.612748385999999978e-01,7.094526522936818284e-03
1.613135394000000111e-01,7.094028345253132993e-03
1.613651261000000059e-01,7.093364185684937484e-03
1.614038053999999889e-01,7.092866124008554048e-03
1.614811359999999973e-01,7.091870149769733192e-03
1.615197874000000033e-01,7.091372237195235108e-03
1.615584295999999975e-01,7.090874374309144058e-03
1.615713082999999939e-01,7.090708431054525661e-03
1.615841859000000102e-01,7.090542493319861549e-03
1.616228127000000070e-01,7.090044713233578308e-03
1.616614302999999919e-01,7.089546982819460753e-03
1.616871702000000077e-01,7.089215190135636675e-03
1.617900888999999898e-01,7.087888240099506770e-03
1.618158083000000025e-01,7.087556557756127806e-03
1.619314953000000057e-01,7.086064260208992799e-03
1.619700393000000072e-01,7.085566926946266011e-03
1.619828852000000097e-01,7.085401160217853593e-03
1.620342587999999973e-01,7.084738148429281165e-03
1.621369571999999870e-01,7.083412389401818818e-03
1.622011106000000036e-01,7.082583969089251488e-03
1.622908828999999886e-01,7.081424412013962236e-03
1.623934189000000028e-01,7.080099534353472349e-03
1.624062313999999896e-01,7.079933949422478195e-03
1.624318533000000120e-01,7.079602796075287231e-03
1.624446626999999921e-01,7.079437227658785976e-03
1.624830848999999910e-01,7.078940555435051830e-03
1.625854998000000051e-01,7.077616338319402990e-03
1.625982971000000110e-01,7.077450835940947427e-03
1.626110933999999897e-01,7.077285339064112724e-03
1.627006394000000133e-01,7.076127014954589414e-03
1.627134276999999962e-01,7.075961562082963043e-03
1.628156977000000116e-01,7.074638137078008079e-03
1.628540323000000067e-01,7.074141943420753781e-03
1.628923579999999871e-01,7.073645799237915366e-03
1.629562139999999881e-01,7.072819002191694029e-03
1.630072808999999956e-01,7.072157663471303861e-03
1.630455704999999866e-01,7.071661717122664989e-03
1.630583317000000032e-01,7.071496412660816140e-03
1.631603855000000047e-01,7.070174174711311640e-03
1.631986391999999952e-01,7.069678426098345222e-03
1.632113883999999904e-01,7.069513187542744714e-03
1.632496301999999955e-01,7.069017504819955292e-03
1.633006053000000124e-01,7.068356671382372038e-03
1.633133465000000117e-01,7.068191476746237684e-03
1.633260867999999921e-01,7.068026287599094536e-03
1.633643016999999920e-01,7.067530753088752636e-03
1.634025077000000048e-01,7.067035267970313631e-03
1.634279734000000095e-01,7.066704971995064338e-03
1.634661645000000108e-01,7.066209569182786351e-03
1.635170720000000133e-01,7.065549108904698589e-03
1.636315560999999918e-01,7.064063394144357542e-03
1.636569861999999931e-01,7.063733295629708205e-03
1.636696997000000042e-01,7.063568254596635544e-03
1.637332525999999899e-01,7.062743131664700642e-03
1.637713725000000120e-01,7.062248123683815063e-03
1.638221851999999978e-01,7.061588189771185464e-03
1.638602844000000003e-01,7.061093296875472179e-03
1.639364561999999970e-01,7.060103659013466926e-03
1.640125926999999872e-01,7.059114218350201649e-03
1.640379637000000113e-01,7.058784448609321804e-03
1.640760126999999957e-01,7.058289835066592841e-03
1.641140530000000097e-01,7.057795270801106753e-03
1.641267311000000062e-01,7.057630426995263433e-03
1.642154506999999874e-01,7.056476673623563942e-03
1.642281210000000047e-01,7.056311873605933260e-03
1.642661260000000123e-01,7.055817506387560174e-03
1.642787924000000122e-01,7.055652728258853326e-03
1.644307130000000061e-01,7.053675817433103547e-03
1.644433667000000099e-01,7.053511110417480003e-03
1.644686711999999995e-01,7.053181712791707116e-03
1.645319154999999867e-01,7.052358314417092079e-03
1.645445614000000112e-01,7.052193651144325094e-03
1.646456939000000008e-01,7.050876541748594094e-03
1.646709672999999985e-01,7.050547319054398243e-03
1.647341338999999960e-01,7.049724357944711466e-03
1.647846497000000077e-01,7.049066087400280255e-03
1.648351500999999941e-01,7.048407904256432342e-03
1.648477727999999864e-01,7.048243372125022679e-03
1.650243888000000048e-01,7.045940495628506654e-03
1.650748157999999965e-01,7.045282727438570251e-03
1.651378279000000060e-01,7.044460639988729331e-03
1.651504273999999939e-01,7.044296238868119099e-03
1.652260043999999872e-01,7.043309946712258268e-03
1.652385972000000036e-01,7.043145583778537451e-03
1.652511891000000011e-01,7.042981226299535776e-03
1.652889589000000048e-01,7.042488186585974495e-03
1.653267200000000103e-01,7.041995195953419835e-03
1.653393052000000085e-01,7.041830876648594653e-03
1.653518894000000072e-01,7.041666562796367046e-03
1.654399518000000124e-01,7.040516518482398643e-03
1.654902521999999931e-01,7.039859470224909231e-03
1.655531061999999942e-01,7.039038282522597396e-03
1.656787426000000119e-01,7.037396315743770121e-03
1.656913010000000130e-01,7.037232149025014587e-03
1.657540787000000015e-01,7.036411397120786136e-03
1.657917338999999879e-01,7.035919011321343022e-03
1.658544735999999964e-01,7.035098477207648443e-03
1.658921060999999919e-01,7.034606222061029826e-03
1.659422694000000087e-01,7.033949958060923408e-03
1.660425504999999968e-01,7.032637691248515462e-03
1.660550813999999986e-01,7.032473682379100297e-03
1.660801403000000120e-01,7.032145680958693142e-03
1.661302469000000004e-01,7.031489743387278959e-03
1.661928588000000095e-01,7.030669943783725458e-03
1.662429313000000075e-01,7.030014201971658376e-03
1.662554471000000089e-01,7.029850280109961949e-03
1.663430311999999911e-01,7.028702979276229071e-03
1.663930586000000045e-01,7.028047498363864873e-03
1.664305691999999892e-01,7.027555944732766409e-03
1.664555715999999908e-01,7.027228269477273775e-03
1.664805702999999915e-01,7.026900615951788692e-03
1.664930682000000106e-01,7.026736797336952112e-03
1.665305562999999933e-01,7.026245374082934307e-03
1.666429701000000096e-01,7.024771397576937484e-03
1.666804245000000073e-01,7.024280169806610546e-03
1.667553079999999910e-01,7.023297860827283981e-03
1.668426296999999947e-01,7.022152080613367799e-03
1.669423700000000066e-01,7.020842943037231866e-03
1.669548332999999940e-01,7.020679325249066551e-03
1.669922178000000090e-01,7.020188504424943778e-03
1.670420506999999999e-01,7.019534152577409057e-03
1.670918687999999874e-01,7.018879887480442871e-03
1.671416719999999911e-01,7.018225709119422367e-03
1.671541205000000030e-01,7.018062178080051831e-03
1.672536749999999905e-01,7.016754124861333125e-03
1.672785544000000013e-01,7.016427165741872043e-03
1.672909925999999936e-01,7.016263694308601945e-03
1.673283020000000121e-01,7.015773312512870070e-03
1.673531702999999926e-01,7.015446418399798149e-03
1.673904657999999990e-01,7.014956117851522954e-03
1.674277529000000042e-01,7.014465866043925052e-03
1.674401801000000023e-01,7.014302459604731046e-03
1.674774562999999938e-01,7.013812272775172586e-03
1.675519836000000096e-01,7.012832045288822265e-03
1.675892347999999865e-01,7.012342004619824022e-03
1.676885310000000018e-01,7.011035467615747870e-03
1.677257518999999975e-01,7.010545605514111045e-03
1.677381571000000071e-01,7.010382328966407832e-03
1.678497620000000135e-01,7.008913083429386959e-03
1.678745530000000097e-01,7.008586643907420248e-03
1.678869471999999974e-01,7.008423432256914026e-03
1.679489041999999988e-01,7.007607455099457150e-03
1.679860673999999943e-01,7.007117933672825892e-03
1.680232224000000052e-01,7.006628460890057010e-03
1.680479877999999927e-01,7.006302172722673680e-03
1.680727495999999876e-01,7.005975906170279661e-03
1.681346381000000112e-01,7.005160334343273412e-03
1.682212436999999949e-01,7.004018760669790920e-03
1.682830775999999973e-01,7.003203512925670199e-03
1.683819645999999892e-01,7.001899397296647634e-03
1.684313863999999938e-01,7.001247469034093188e-03
1.685178394999999885e-01,7.000106802342524748e-03
1.685425322000000115e-01,6.999780946134130828e-03
1.685795646000000092e-01,6.999292202281746748e-03
1.686289283999999888e-01,6.998640619328625259e-03
1.686659417999999966e-01,6.998151988743424139e-03
1.687276127000000014e-01,6.997337712282682663e-03
1.687769332000000067e-01,6.996686388161560410e-03
1.688262392999999861e-01,6.996035150289249202e-03
1.688385635999999912e-01,6.995872354295769140e-03
1.689124902999999955e-01,6.994895691505550843e-03
1.689248083000000067e-01,6.994732933233536488e-03
1.690233197999999881e-01,6.993431061001414463e-03
1.690356296999999952e-01,6.993268351212064173e-03
1.690602468999999886e-01,6.992942947791044687e-03
1.690725540999999943e-01,6.992780254158848137e-03
1.691709795999999932e-01,6.991478898948348675e-03
1.692570549000000091e-01,6.990340495771932457e-03
1.692693477999999974e-01,6.990177888276019776e-03
1.693185104999999913e-01,6.989527512106045656e-03
1.693307990000000041e-01,6.989364931516241393e-03
1.693676590000000037e-01,6.988877222028187612e-03
1.694290743999999904e-01,6.988064480475369121e-03
1.695150186999999919e-01,6.986926868202427560e-03
1.696254544999999947e-01,6.985464610997207079e-03
1.696622505000000003e-01,6.984977288690155835e-03
1.696990385000000101e-01,6.984490014753540719e-03
1.697112993999999875e-01,6.984327600856043115e-03
1.697235594000000014e-01,6.984165192331978113e-03
1.697603340999999932e-01,6.983677998999644060e-03
1.697971007999999893e-01,6.983190854021845660e-03
1.698093545999999898e-01,6.983028483106905673e-03
1.698461106999999970e-01,6.982541402592397015e-03
1.699195991000000128e-01,6.981567386579051911e-03
1.700420092000000105e-01,6.979944456120651744e-03
1.700542452999999898e-01,6.979782192600063849e-03
1.701031812000000087e-01,6.979133192190752240e-03
1.701521028999999907e-01,6.978484277645416282e-03
1.702010106000000078e-01,6.977835448949788744e-03
1.702132353999999959e-01,6.977673255188654271e-03
1.702376821999999901e-01,6.977348883758951840e-03
1.703110016000000115e-01,6.976375898200336961e-03
1.703842895000000079e-01,6.975403105700329377e-03
1.703965010999999863e-01,6.975240992383370531e-03
1.704331305000000019e-01,6.974754684597943115e-03
1.704819576000000114e-01,6.974106349263933628e-03
1.705429717999999983e-01,6.973296050686456256e-03
1.706039642000000134e-01,6.972485886072141495e-03
1.706405491000000108e-01,6.971999851594058717e-03
1.706893168999999988e-01,6.971351880617029581e-03
1.707015065999999970e-01,6.971189901262753695e-03
1.707989933999999876e-01,6.969894259214860430e-03
1.708233563000000066e-01,6.969570402245924522e-03
1.708355364999999959e-01,6.969408481791541411e-03
1.708720719000000055e-01,6.968922752547564853e-03
1.708964245000000048e-01,6.968598959814475621e-03
1.709816312000000116e-01,6.967465853828290132e-03
1.710789583000000003e-01,6.966171196586898838e-03
1.710911203000000103e-01,6.966009388503712277e-03
1.712248452000000032e-01,6.964229852543164269e-03
1.712612974999999926e-01,6.963744636834976257e-03
1.713584657999999983e-01,6.962450963464316377e-03
1.713706078999999993e-01,6.962289278341810515e-03
1.713827491999999897e-01,6.962127598562937308e-03
1.714070292000000051e-01,6.961804255034739243e-03
1.714677142000000098e-01,6.960995989709468229e-03
1.714798486000000122e-01,6.960834352670474366e-03
1.715162467999999940e-01,6.960349473601541888e-03
1.715526370999999883e-01,6.959864642599621586e-03
1.716011457000000129e-01,6.959218276025616948e-03
1.716617619999999955e-01,6.958410437939845788e-03
1.716738827000000023e-01,6.958248886338107286e-03
1.717102396999999891e-01,6.957764263559902164e-03
1.717708175999999864e-01,6.956956665672558993e-03
1.717950427000000113e-01,6.956633663872184049e-03
1.718071539999999897e-01,6.956472170976095264e-03
1.719524231000000014e-01,6.954534672328797733e-03
1.719887211999999999e-01,6.954050417671807545e-03
1.720008188999999910e-01,6.953889010117727393e-03
1.720612944000000089e-01,6.953082052321812000e-03
1.721338370999999923e-01,6.952113878884722160e-03
1.721459244999999916e-01,6.951952535299992658e-03
1.721821818000000004e-01,6.951468536520964518e-03
1.722425937000000018e-01,6.950661978460525615e-03
1.723392086999999961e-01,6.949371762587647737e-03
1.723874958000000124e-01,6.948726782478364776e-03
1.724357695000000024e-01,6.948081887568482301e-03
1.724478358000000044e-01,6.947920677151826589e-03
1.725443358000000038e-01,6.946631185458400359e-03
1.725684523999999886e-01,6.946308865760392193e-03
1.725805093999999984e-01,6.946147713894162273e-03
1.726407819000000121e-01,6.945342034379626064e-03
1.726769353000000007e-01,6.944858690516670686e-03
1.727733073000000119e-01,6.943570007598747623e-03
1.728214731999999920e-01,6.942925793777037120e-03
1.728335125999999888e-01,6.942764753614954869e-03
1.729057311999999957e-01,6.941798624287107145e-03
1.729297972999999933e-01,6.941476623704093823e-03
1.730140025999999942e-01,6.940349789077667093e-03
1.730981668000000084e-01,6.939223214813844236e-03
1.731222062999999978e-01,6.938901384264382390e-03
1.731462423000000028e-01,6.938579574960760700e-03
1.731943045000000070e-01,6.937936020085525707e-03
1.732063179999999980e-01,6.937775144643016506e-03
1.732543633999999999e-01,6.937131695970086276e-03
1.733144016000000009e-01,6.936327504583928404e-03
1.733384109999999978e-01,6.936005865187061178e-03
1.733984199999999976e-01,6.935201859574600079e-03
1.734104193000000071e-01,6.935041074372395691e-03
1.734464122999999913e-01,6.934558750603274369e-03
1.734823977999999933e-01,6.934076474585121157e-03
1.735063840000000135e-01,6.933754983764575316e-03
1.735423570000000082e-01,6.933272787317600744e-03
1.735783226000000012e-01,6.932790638605746715e-03
1.735903095000000118e-01,6.932629932975127758e-03
1.736981541000000018e-01,6.931183820909448540e-03
1.737221104999999988e-01,6.930862520989669248e-03
1.737340874999999951e-01,6.930701878980975728e-03
1.738298734000000012e-01,6.929416933705891991e-03
1.738777465999999938e-01,6.928774588242757847e-03
1.739614929999999948e-01,6.927650687637748432e-03
1.739854131000000137e-01,6.927329620848189130e-03
1.740691075999999948e-01,6.926206053891796263e-03
1.741647092999999979e-01,6.924922295021952202e-03
1.741766557999999965e-01,6.924761848981861138e-03
1.742602584999999871e-01,6.923638874873306800e-03
1.742721985000000029e-01,6.923478471165575576e-03
1.742960759999999942e-01,6.923157679621320254e-03
1.743080134999999975e-01,6.922997291784559366e-03
1.743676888000000036e-01,6.922195431944354327e-03
1.744034841999999863e-01,6.921714379507835566e-03
1.744392723000000034e-01,6.921233374664617632e-03
1.745465922999999975e-01,6.919790645636259181e-03
1.745942689999999964e-01,6.919149570168110948e-03
1.746300178999999897e-01,6.918668819056705485e-03
1.746538464999999873e-01,6.918348344736102024e-03
1.746895831999999982e-01,6.917867672881613562e-03
1.748324572000000132e-01,6.915945460867217384e-03
1.748443581000000135e-01,6.915785310859723194e-03
1.748800558999999977e-01,6.915304892517295035e-03
1.749395360999999871e-01,6.914504300865793353e-03
1.750227742999999891e-01,6.913383694237568849e-03
1.750346623000000046e-01,6.913223628685603167e-03
1.751178553999999943e-01,6.912103317553251226e-03
1.751653764999999974e-01,6.911463255819924774e-03
1.752010089000000104e-01,6.910983264899956020e-03
1.752485075000000114e-01,6.910343350835269904e-03
1.752603801000000017e-01,6.910183385501457443e-03
1.753553322999999997e-01,6.908903852620951365e-03
1.754027891000000117e-01,6.908264212685183599e-03
1.754146513000000018e-01,6.908104315876237474e-03
1.754383733000000056e-01,6.907784538067456188e-03
1.754502330999999915e-01,6.907624657067076325e-03
1.754858076999999961e-01,6.907145045678860819e-03
1.755095200000000022e-01,6.906825331095211261e-03
1.755450826000000131e-01,6.906345798728845582e-03
1.756280337999999996e-01,6.905227074217226875e-03
1.756872607999999947e-01,6.904428143256934741e-03
1.756991036999999978e-01,6.904268372859494012e-03
1.757346278999999956e-01,6.903789093253398512e-03
1.757701449000000082e-01,6.903309861021451020e-03
1.758648217999999874e-01,6.902032139964178054e-03
1.758766529000000134e-01,6.901872448510992970e-03
1.759830964000000109e-01,6.900435462155614895e-03
1.760067416999999967e-01,6.900116189711330388e-03
1.760185632000000056e-01,6.899956561377402521e-03
1.760776588000000087e-01,6.899158498582903982e-03
1.761131066000000134e-01,6.898679723997680827e-03
1.761485473000000135e-01,6.898200996724052417e-03
1.761603593000000134e-01,6.898041431479047525e-03
1.761957903999999964e-01,6.897562767278223907e-03
1.762075992000000091e-01,6.897403223055583420e-03
1.762548265999999975e-01,6.896765098714318851e-03
1.762666314000000123e-01,6.896605580764961392e-03
1.763610418000000069e-01,6.895329626297983482e-03
1.763964326999999943e-01,6.894851230041449015e-03
1.764436094000000066e-01,6.894213441888129117e-03
1.765261384000000044e-01,6.893097514766837602e-03
1.765379252000000010e-01,6.892938117605511630e-03
1.765732805999999933e-01,6.892459957614772287e-03
1.766204101000000137e-01,6.891822484436529658e-03
1.766321905000000081e-01,6.891663129261431549e-03
1.766793043000000063e-01,6.891025761032155972e-03
1.767617233000000065e-01,6.889910568610718364e-03
1.768323376000000002e-01,6.888954893947961747e-03
1.768676341000000041e-01,6.888477127408382944e-03
1.769264459999999872e-01,6.887680954699831534e-03
1.769969946000000127e-01,6.886725720430560485e-03
1.770087499000000120e-01,6.886566533062301980e-03
1.771027646999999983e-01,6.885293222753563654e-03
1.771145130000000012e-01,6.885134082541267443e-03
1.771380073000000110e-01,6.884815817831685912e-03
1.771497532999999902e-01,6.884656693334245334e-03
1.772436933000000048e-01,6.883383885896847930e-03
1.773258498999999988e-01,6.882270454287625974e-03
1.773845098999999870e-01,6.881475303037008426e-03
1.774314240000000042e-01,6.880839276240812916e-03
1.774783255999999865e-01,6.880203333166764676e-03
1.774900490999999914e-01,6.880044360478239363e-03
1.775252149000000057e-01,6.879567473801089135e-03
1.775720916999999899e-01,6.878931698130259786e-03
1.775838090000000091e-01,6.878772767287945865e-03
1.776658084000000137e-01,6.877660397817082077e-03
1.776775194999999918e-01,6.877501508807618708e-03
1.777126481000000091e-01,6.877024873147308606e-03
1.777477698999999911e-01,6.876548284534158076e-03
1.777711804999999867e-01,6.876230584926335335e-03
1.778881874999999890e-01,6.874642400437740511e-03
1.778998838999999998e-01,6.874483610725481281e-03
1.779583546999999877e-01,6.873689740521559538e-03
1.780518680000000020e-01,6.872419819777301001e-03
1.780869227999999915e-01,6.871943685654397123e-03
1.781219708000000013e-01,6.871467598517097021e-03
1.781336518999999952e-01,6.871308913244784065e-03
1.782153982000000136e-01,6.870198262478516456e-03
1.782270732000000024e-01,6.870039618958043333e-03
1.783321136999999890e-01,6.868612062057876701e-03
1.784137691000000081e-01,6.867502032132539840e-03
1.784254311000000037e-01,6.867343477288758574e-03
1.784487527999999990e-01,6.867026383244243665e-03
1.786119197000000103e-01,6.864807308797770020e-03
1.786468646000000104e-01,6.864331925743451940e-03
1.786934471999999940e-01,6.863698154614200457e-03
1.787400177000000034e-01,6.863064466835904452e-03
1.787865760000000026e-01,6.862430862394176129e-03
1.788214868000000124e-01,6.861955713744926320e-03
1.788331221999999998e-01,6.861797341276101338e-03
1.788680239000000061e-01,6.861322255110345603e-03
1.788912879000000011e-01,6.861005557030978516e-03
1.789261782999999884e-01,6.860530548955165280e-03
1.789610618999999958e-01,6.860055587725581196e-03
1.790772912999999966e-01,6.858472721886340641e-03
1.791121454000000057e-01,6.857997963590077746e-03
1.791469927999999878e-01,6.857523252109583994e-03
1.791586071000000058e-01,6.857365025351647679e-03
1.792050565999999956e-01,6.856732170326878401e-03
1.792398859000000066e-01,6.856257583659154144e-03
1.793559346999999971e-01,6.854675966025965128e-03
1.793791354000000005e-01,6.854359704872625518e-03
1.794487197000000089e-01,6.853411046129593426e-03
1.794835016999999922e-01,6.852936786900343073e-03
1.795182768999999956e-01,6.852462574424481208e-03
1.795298671999999984e-01,6.852304513988291199e-03
1.795646334000000066e-01,6.851830363842029148e-03
1.796225623000000104e-01,6.851040217463368574e-03
1.796341458000000058e-01,6.850882203765413375e-03
1.796688918999999884e-01,6.850408193823197614e-03
1.797036312999999996e-01,6.849934230604213907e-03
1.797267871000000072e-01,6.849618281079137422e-03
1.797615153000000077e-01,6.849144395718953851e-03
1.798078092000000017e-01,6.848512621227699666e-03
1.799119267000000022e-01,6.847091432151440962e-03
1.799350557000000128e-01,6.846775669418674395e-03
1.799928654000000072e-01,6.845986353348292551e-03
1.800044251000000040e-01,6.845828505691504279e-03
1.800390997000000104e-01,6.845354993831571401e-03
1.800853221000000004e-01,6.844723717268751811e-03
1.800968759000000086e-01,6.844565911088184434e-03
1.801199812000000011e-01,6.844250314277324290e-03
1.801777314999999935e-01,6.843461412951354871e-03
1.802585508000000003e-01,6.842357168735561414e-03
1.803162567000000105e-01,6.841568578289055659e-03
1.803508714000000013e-01,6.841095486176992056e-03
1.803624081000000101e-01,6.840937799164204490e-03
1.804546756000000030e-01,6.839676489476526414e-03
1.805007915999999879e-01,6.839045958886596187e-03
1.805584201000000055e-01,6.838257912109941758e-03
1.805929883000000069e-01,6.837785146145958920e-03
1.806275499999999978e-01,6.837312426751871591e-03
1.806390690000000132e-01,6.837154863968222286e-03
1.806736218999999977e-01,6.836682206658078846e-03
1.807196819999999926e-01,6.836052069330955487e-03
1.807427077000000049e-01,6.835737031700654838e-03
1.807772407000000081e-01,6.835264514042072546e-03
1.808232744999999919e-01,6.834634562890183271e-03
1.808347811000000083e-01,6.834477088027994009e-03
1.809153068000000086e-01,6.833374908740047320e-03
1.810072923999999917e-01,6.832115585371411649e-03
1.810532676999999924e-01,6.831486047695955154e-03
1.810877415000000101e-01,6.831013948681970149e-03
1.811796394999999893e-01,6.829755245234580760e-03
1.812255711000000102e-01,6.829126017443643351e-03
1.812370520999999901e-01,6.828968723402853609e-03
1.812829690999999965e-01,6.828339598864208333e-03
1.813288744999999869e-01,6.827710556911964317e-03
1.814665209000000112e-01,6.825823926439209162e-03
1.815582272000000053e-01,6.824566585475075331e-03
1.815696871999999962e-01,6.824409441061276942e-03
1.816040630000000100e-01,6.823938038757623725e-03
1.816498871999999987e-01,6.823309574531894774e-03
1.816613414000000093e-01,6.823152471362939862e-03
1.816956999000000073e-01,6.822681192784243141e-03
1.817415009999999997e-01,6.822052893500853490e-03
1.817529494000000023e-01,6.821895831563702141e-03
1.817758442000000085e-01,6.821581723147741513e-03
1.818445113000000113e-01,6.820639521554756717e-03
1.818788350999999970e-01,6.820168490303400895e-03
1.819360270000000002e-01,6.819383541227874192e-03
1.819588987999999907e-01,6.819069597646492710e-03
1.819703336000000060e-01,6.818912633579521203e-03
1.821074950999999886e-01,6.817029466334555664e-03
1.821189206000000116e-01,6.816872569187781838e-03
1.821417693999999865e-01,6.816558790332248770e-03
1.821874582999999936e-01,6.815931294369026450e-03
1.822102985000000064e-01,6.815617577257801832e-03
1.822902165999999990e-01,6.814519729410032159e-03
1.823244565000000095e-01,6.814049300339596049e-03
1.823815087000000001e-01,6.813265354733849706e-03
1.824613518000000045e-01,6.812168046816503321e-03
1.824841577000000103e-01,6.811854576530668691e-03
1.825183612000000066e-01,6.811384409647611160e-03
1.825639559999999995e-01,6.810757592412579678e-03
1.825753528999999875e-01,6.810600900949334222e-03
1.826551111999999977e-01,6.809504204551465253e-03
1.826892827000000108e-01,6.809034268858222411e-03
1.827006717999999919e-01,6.808877633898612058e-03
1.827576066000000110e-01,6.808094536128839018e-03
1.828372853999999936e-01,6.806998414888998025e-03
1.828714228999999969e-01,6.806528725641647522e-03
1.829396786999999969e-01,6.805589485712184791e-03
1.829737969999999936e-01,6.805119935019279115e-03
1.830647481999999882e-01,6.803868025559607624e-03
1.832010903000000079e-01,6.801990776781215685e-03
1.832124475999999946e-01,6.801834372708313523e-03
1.832351600000000080e-01,6.801521579939781570e-03
1.832465151999999875e-01,6.801365191244410253e-03
1.832805764000000059e-01,6.800896055908078365e-03
1.833373309999999923e-01,6.800114266172755176e-03
1.833713754000000085e-01,6.799645253817065450e-03
1.833827221000000063e-01,6.799488926611475283e-03
1.833940681000000017e-01,6.799332604528685736e-03
1.834734705999999937e-01,6.798238493370872652e-03
1.834848109999999977e-01,6.798082212262889987e-03
1.835188279999999950e-01,6.797613399664280930e-03
1.835755089999999978e-01,6.796832147736171434e-03
1.835981764999999877e-01,6.796519682801261709e-03
1.836095091999999929e-01,6.796363458011891144e-03
1.836435030999999940e-01,6.795894814355201569e-03
1.836548329999999896e-01,6.795738610039396554e-03
1.837001456000000033e-01,6.795113843951003894e-03
1.837567706999999884e-01,6.794333001470218535e-03
1.837794158000000122e-01,6.794020700290267188e-03
1.837907373000000066e-01,6.793864557373691625e-03
1.838812844000000113e-01,6.792615598173019908e-03
1.840057139000000064e-01,6.790898813618627405e-03
1.840283283999999964e-01,6.790586737427343512e-03
1.840961552000000001e-01,6.789650631506146360e-03
1.841074572999999992e-01,6.789494631737647522e-03
1.841187585999999876e-01,6.789338637078153049e-03
1.841526585000000105e-01,6.788870683754614360e-03
1.842881956999999904e-01,6.786999330172524027e-03
1.843220644000000130e-01,6.786531606676717704e-03
1.843672131000000103e-01,6.785908046824103840e-03
1.844687570000000110e-01,6.784505335751762900e-03
1.845025925999999872e-01,6.784037857250259200e-03
1.845138698000000077e-01,6.783882041287405545e-03
1.845589715000000020e-01,6.783258828452747718e-03
1.845702452000000104e-01,6.783103037997113664e-03
1.846378728999999996e-01,6.782168402372827642e-03
1.846604099999999971e-01,6.781856897963242994e-03
1.847280048000000119e-01,6.780922507107225126e-03
1.848293504999999892e-01,6.779521264915432631e-03
1.848406076999999925e-01,6.779365596821189562e-03
1.848631201000000002e-01,6.779054275920183038e-03
1.849643917999999887e-01,6.777653584061783983e-03
1.849981367000000099e-01,6.777186778466275097e-03
1.850206299000000110e-01,6.776875600200397975e-03
1.850431204000000107e-01,6.776564442304206827e-03
1.850993345999999984e-01,6.775786636671052472e-03
1.851442936999999900e-01,6.775164483803261528e-03
1.852004771000000105e-01,6.774386907245355527e-03
1.852229458000000106e-01,6.774075912247349771e-03
1.852341791000000071e-01,6.773920422381680961e-03
1.852791054000000048e-01,6.773298513800998788e-03
1.853801499000000130e-01,6.771899517101713506e-03
1.854474822000000134e-01,6.770967081504471706e-03
1.854699209000000015e-01,6.770656310317063609e-03
1.855035738999999961e-01,6.770190191666193916e-03
1.855484350000000116e-01,6.769568771299610231e-03
1.855820736999999887e-01,6.769102759393324197e-03
1.856381246999999901e-01,6.768326174520097015e-03
1.856493328999999914e-01,6.768170872789246693e-03
1.856829533000000088e-01,6.767704998080541212e-03
1.857389738999999929e-01,6.766928641832967162e-03
1.857725781000000020e-01,6.766462889035347941e-03
1.858061762000000061e-01,6.765997181943746684e-03
1.858173741999999962e-01,6.765841956402490059e-03
1.858285715999999921e-01,6.765686735939228751e-03
1.859181260999999974e-01,6.764445155001735412e-03
1.860076375999999976e-01,6.763203898914623043e-03
1.860411932000000101e-01,6.762738511610140446e-03
1.860747429000000064e-01,6.762273169967770829e-03
1.860859246999999883e-01,6.762118066232728625e-03
1.861194663000000082e-01,6.761652785463277693e-03
1.861306454999999971e-01,6.761497702017824074e-03
1.861753555000000004e-01,6.760877418952172639e-03
1.861865313000000133e-01,6.760722360863556310e-03
1.862200548000000067e-01,6.760257217022469858e-03
1.862535721999999949e-01,6.759792118812614839e-03
1.863540881999999899e-01,6.758397097916057396e-03
1.864322298999999961e-01,6.757312365461078628e-03
1.864433903000000115e-01,6.757157423948238241e-03
1.864545501000000050e-01,6.757002487501823432e-03
1.864768676000000125e-01,6.756692629805344068e-03
1.864880254000000070e-01,6.756537708555704520e-03
1.865326496999999972e-01,6.755918074205968273e-03
1.865438040999999880e-01,6.755763178279616463e-03
1.866218664000000027e-01,6.754679048582208113e-03
1.867110404000000001e-01,6.753440346971534280e-03
1.867556113999999934e-01,6.752821117637556811e-03
1.868335852000000130e-01,6.751737661113955090e-03
1.868447216000000133e-01,6.751582901846926894e-03
1.868781270000000050e-01,6.751118654397689212e-03
1.869894350999999899e-01,6.749571491633184032e-03
1.870228146000000036e-01,6.749107441402865497e-03
1.870784339000000074e-01,6.748334125454216390e-03
1.871896228999999912e-01,6.746787872596737672e-03
1.872340799999999972e-01,6.746169512925220303e-03
1.872451927000000071e-01,6.746014935636425805e-03
1.872896366000000035e-01,6.745396676989318628e-03
1.873340699999999914e-01,6.744778499146710828e-03
1.873451765999999963e-01,6.744623967309946490e-03
1.875227942999999897e-01,6.742152144482678813e-03
1.875449847000000003e-01,6.741843257473822612e-03
1.876115401000000016e-01,6.740916717532702100e-03
1.876448089999999957e-01,6.740453515662699589e-03
1.876780718999999931e-01,6.739990359185741436e-03
1.876891582000000114e-01,6.739835983779926890e-03
1.877224133000000017e-01,6.739372887818566478e-03
1.877334971000000075e-01,6.739218532582972460e-03
1.877778253999999869e-01,6.738601162058020962e-03
1.878221432999999940e-01,6.737983872192403710e-03
1.878553748000000023e-01,6.737520957717807284e-03
1.878775259000000086e-01,6.737212373267365169e-03
1.879107476999999915e-01,6.736749534385945426e-03
1.879439635000000053e-01,6.736286740852864482e-03
1.879550342000000096e-01,6.736132486418364498e-03
1.880435759999999901e-01,6.734898632289583117e-03
1.880767684000000106e-01,6.734436020094969853e-03
1.880878311999999997e-01,6.734281826101734710e-03
1.881431356999999915e-01,6.733510931662304438e-03
1.882205345999999890e-01,6.732431890886085048e-03
1.882536958000000094e-01,6.731969520337793660e-03
1.883089514999999881e-01,6.731199003400834512e-03
1.883200006999999898e-01,6.731044915108373890e-03
1.883862823000000131e-01,6.730120490998374796e-03
1.884083709000000106e-01,6.729812389869559326e-03
1.884856608999999905e-01,6.728734194335733373e-03
1.885298123999999964e-01,6.728118193223288877e-03
1.885739535000000022e-01,6.727502272545620408e-03
1.885849871999999983e-01,6.727348304942699746e-03
1.886070525999999914e-01,6.727040384815343756e-03
1.886511757000000067e-01,6.726424604867514527e-03
1.887834830000000019e-01,6.724577747365156552e-03
1.888496018999999970e-01,6.723654589849694177e-03
1.888826526000000061e-01,6.723193078881318716e-03
1.889267112999999942e-01,6.722577801211270486e-03
1.889377244000000067e-01,6.722423994343972552e-03
1.889707596999999906e-01,6.721962603858142038e-03
1.890037893000000024e-01,6.721501258543105713e-03
1.890147979000000034e-01,6.721347486808539572e-03
1.890258058000000019e-01,6.721193720092030581e-03
1.891028433999999980e-01,6.720117493567875216e-03
1.891138461999999909e-01,6.719963766989197652e-03
1.891468507999999882e-01,6.719502617350413438e-03
1.892348349000000096e-01,6.718273105656266155e-03
1.892678184000000097e-01,6.717812121508362488e-03
1.892788116000000131e-01,6.717658470153133922e-03
1.893117874999999950e-01,6.717197546165695407e-03
1.894106805000000116e-01,6.715815044862108799e-03
1.894985421000000003e-01,6.714586495552153818e-03
1.895424575999999917e-01,6.713972341123252384e-03
1.896302582000000125e-01,6.712744272652146175e-03
1.896412303999999993e-01,6.712590786625265843e-03
1.896631729000000099e-01,6.712283829591059355e-03
1.897180179999999883e-01,6.711516524608091179e-03
1.897289852000000054e-01,6.711363078627826176e-03
1.897618828000000035e-01,6.710902770714376360e-03
1.897947747000000018e-01,6.710442507839144491e-03
1.898166994000000107e-01,6.710135690940409806e-03
1.898386216999999876e-01,6.709828894055009860e-03
1.898934161999999981e-01,6.709061989386431828e-03
1.899372404000000125e-01,6.708448555684779976e-03
1.899920063999999964e-01,6.707681876077527423e-03
1.900139083999999867e-01,6.707375239235844472e-03
1.900248585000000046e-01,6.707221928314642360e-03
1.900686524000000099e-01,6.706608734619744563e-03
1.901124362000000123e-01,6.705995620901279361e-03
1.901562099000000117e-01,6.705382587145678613e-03
1.901890336000000015e-01,6.704922864297288565e-03
1.901999735999999885e-01,6.704769633340708183e-03
1.902546639999999900e-01,6.704003553493488067e-03
1.903202717999999960e-01,6.703084422511750191e-03
1.903312041999999926e-01,6.702931251494071742e-03
1.904077136000000003e-01,6.701859194181739379e-03
1.904186409999999996e-01,6.701706063107108063e-03
1.904295678000000047e-01,6.701552937025208670e-03
1.904951152999999897e-01,6.700634285351476406e-03
1.905169594999999994e-01,6.700328108053539393e-03
1.905497210000000052e-01,6.699868879532312749e-03
1.906043111000000068e-01,6.699103598451638594e-03
1.906807108999999945e-01,6.698032414450588029e-03
1.906916227000000075e-01,6.697879408114864284e-03
1.907243542000000014e-01,6.697420419027704831e-03
1.907570802000000121e-01,6.696961474817353377e-03
1.907788943000000015e-01,6.696655536938673353e-03
1.908116109000000116e-01,6.696196667510027033e-03
1.908552242999999871e-01,6.695584911389279234e-03
1.909424211000000093e-01,6.694361638359029934e-03
1.909533179000000025e-01,6.694208751652188510e-03
1.909860046000000089e-01,6.693750121423114666e-03
1.910186856999999960e-01,6.693291536026687964e-03
1.910404699999999900e-01,6.692985837333324459e-03
1.911058079000000076e-01,6.692068860775507097e-03
1.911928904999999901e-01,6.690846504190907200e-03
1.912364169000000114e-01,6.690235445365503263e-03
1.912908110000000050e-01,6.689471733808512004e-03
1.913016879999999975e-01,6.689319006425296921e-03
1.913778093999999874e-01,6.688250054043849008e-03
1.914756353000000022e-01,6.686876044819918194e-03
1.915625497000000010e-01,6.685655041405127140e-03
1.915842721000000082e-01,6.685349840261933969e-03
1.915951324000000067e-01,6.685197247145628109e-03
1.916385674999999955e-01,6.684586924379135042e-03
1.916819926999999979e-01,6.683976681119752940e-03
1.917254080000000138e-01,6.683366517354699492e-03
1.917579631000000118e-01,6.682908946691264000e-03
1.917688136000000043e-01,6.682756433071135142e-03
1.918013613000000006e-01,6.682298922010512787e-03
1.918230566999999942e-01,6.681993939467918177e-03
1.918555952000000064e-01,6.681536502896468464e-03
1.918989712999999986e-01,6.680926656979483194e-03
1.919314968999999982e-01,6.680469324667480911e-03
1.919856940000000123e-01,6.679707203420376035e-03
1.920290406999999866e-01,6.679097595752639220e-03
1.920615442999999978e-01,6.678640442102864311e-03
1.920723776000000105e-01,6.678488067475949093e-03
1.921157048000000089e-01,6.677878618577027213e-03
1.921481936999999973e-01,6.677421583985996070e-03
1.921698498999999949e-01,6.677116919057810192e-03
1.922564505000000090e-01,6.675898457699928727e-03
1.922780946000000046e-01,6.675593891941254861e-03
1.922889157000000071e-01,6.675441616497908119e-03
1.923754625999999912e-01,6.674223591387919499e-03
1.924511593000000076e-01,6.673158079580878560e-03
1.925052100999999904e-01,6.672397148343606546e-03
1.925160184999999968e-01,6.672244976956131363e-03
1.925808558000000059e-01,6.671332052632794260e-03
1.926024634000000069e-01,6.671027784139901828e-03
1.926348702000000024e-01,6.670571418533901252e-03
1.927644430999999881e-01,6.668746401610138944e-03
1.928076146999999907e-01,6.668138220994090752e-03
1.928399870999999988e-01,6.667682137479996433e-03
1.928615656000000067e-01,6.667378106538158350e-03
1.928939289000000112e-01,6.666922097222601970e-03
1.929370715000000014e-01,6.666314154041488339e-03
1.929694221999999904e-01,6.665858248578236320e-03
1.930341071999999991e-01,6.664946571143736190e-03
1.930664415999999994e-01,6.664490799161240132e-03
1.931203202000000008e-01,6.663731278038595614e-03
1.931957250000000126e-01,6.662668156004769061e-03
1.932388002000000049e-01,6.662060766386396216e-03
1.932926308000000037e-01,6.661301640496961572e-03
1.933141587999999966e-01,6.660998024710276799e-03
1.933787285000000133e-01,6.660087295854133158e-03
1.934110052999999940e-01,6.659631998073966413e-03
1.934432766999999997e-01,6.659176744718563017e-03
1.934540325999999921e-01,6.659025003471079167e-03
1.934862968000000127e-01,6.658569809340423272e-03
1.935293073000000086e-01,6.657962952916902412e-03
1.935400585000000007e-01,6.657811251146451316e-03
1.935830571000000111e-01,6.657204493398352456e-03
1.936367920000000020e-01,6.656446157201603188e-03
1.936690256999999971e-01,6.655991214667307358e-03
1.937979070999999998e-01,6.654171888289501374e-03
1.938086434000000080e-01,6.654020309800199456e-03
1.938301141000000061e-01,6.653717167607845970e-03
1.938408484999999959e-01,6.653565603903516777e-03
1.938730483999999976e-01,6.653110942359604686e-03
1.938945119000000106e-01,6.652807859300856330e-03
1.939588884000000013e-01,6.651898728367950861e-03
1.939696156999999865e-01,6.651747223787147188e-03
1.940554130999999904e-01,6.650535364448656103e-03
1.940661351000000090e-01,6.650383904191722526e-03
1.941840380000000033e-01,6.648718166292068299e-03
1.942268940999999915e-01,6.648112591082487935e-03
1.943232856000000064e-01,6.646750334708687730e-03
1.943446994999999955e-01,6.646447665184795905e-03
1.943554054999999947e-01,6.646296337800441587e-03
1.943982237999999918e-01,6.645691077446361401e-03
1.944838319999999954e-01,6.644480792770292472e-03
1.944945304000000041e-01,6.644329529310112267e-03
1.945159254000000115e-01,6.644027017136643065e-03
1.945800963000000050e-01,6.643119598580287180e-03
1.946442459999999930e-01,6.642212356935234610e-03
1.946656244999999952e-01,6.641909982359540596e-03
1.946976878999999994e-01,6.641456457340548687e-03
1.947404309000000111e-01,6.640851826082218821e-03
1.947831644999999945e-01,6.640247273403345266e-03
1.948365683999999931e-01,6.639491693037307199e-03
1.948579257999999981e-01,6.639189495258148929e-03
1.948686037000000038e-01,6.639038403732390285e-03
1.949540053000000106e-01,6.637829848225065311e-03
1.949966921000000075e-01,6.637225688251309312e-03
1.950287011000000070e-01,6.636772619788730738e-03
1.950927033000000033e-01,6.635866615315217862e-03
1.951673459999999916e-01,6.634809833253519328e-03
1.952099861999999908e-01,6.634206065664784505e-03
1.952419602000000087e-01,6.633753291449095806e-03
1.952526169999999894e-01,6.633602376514526749e-03
1.952632733000000120e-01,6.633451466481719849e-03
1.953378507999999902e-01,6.632395233479364445e-03
1.953698038999999997e-01,6.631942635697311676e-03
1.953804537000000119e-01,6.631791779568965532e-03
1.954336943999999965e-01,6.631037572411946183e-03
1.954656318000000115e-01,6.630585106897976186e-03
1.955401321000000137e-01,6.629529525440114486e-03
1.955507726999999862e-01,6.629378747675523063e-03
1.955933293000000073e-01,6.628775685575738486e-03
1.956039669000000092e-01,6.628624932288968742e-03
1.956358766000000082e-01,6.628172701799688558e-03
1.957634629999999987e-01,6.626364220287268500e-03
1.958378500000000078e-01,6.625309598081658216e-03
1.958484744000000000e-01,6.625158957330932324e-03
1.958803442000000006e-01,6.624707064420667230e-03
1.958909662999999968e-01,6.624556443230375340e-03
1.959228292000000093e-01,6.624104608997526469e-03
1.959334490000000095e-01,6.623954007364702204e-03
1.960077715000000109e-01,6.622899932813131225e-03
1.960502288000000037e-01,6.622297712026889785e-03
1.961032876000000091e-01,6.621545045993070845e-03
1.961138976000000034e-01,6.621394527444237656e-03
1.961457242999999906e-01,6.620943001109899292e-03
1.961775457999999916e-01,6.620491518739383963e-03
1.961987571999999902e-01,6.620190554914093597e-03
1.962199664000000010e-01,6.619889610624375177e-03
1.962623777999999986e-01,6.619287780645823766e-03
1.962729793000000111e-01,6.619137335358660744e-03
1.963577700999999953e-01,6.617933948812843720e-03
1.963683663999999940e-01,6.617783547461083757e-03
1.964531160000000110e-01,6.616580512334309036e-03
1.964848876999999994e-01,6.616129454673090084e-03
1.965166543000000099e-01,6.615678440918966972e-03
1.965272419999999909e-01,6.615528112756823703e-03
1.966225058000000137e-01,6.614175378774278351e-03
1.966542501000000109e-01,6.613724555221144746e-03
1.966965679000000078e-01,6.613123525404086822e-03
1.967071458999999911e-01,6.612973280137143806e-03
1.967811761999999909e-01,6.611921699737636528e-03
1.968763171000000034e-01,6.610570018641214081e-03
1.968974531999999888e-01,6.610269698652531875e-03
1.969397187999999965e-01,6.609669117123560290e-03
1.969925378999999865e-01,6.608918499785790962e-03
1.970664609999999983e-01,6.607867840006914628e-03
1.970770192000000087e-01,6.607717765225016096e-03
1.971192461999999868e-01,6.607117514769098900e-03
1.971614641999999973e-01,6.606517342180239991e-03
1.971931218000000097e-01,6.606067263830651091e-03
1.972142239999999935e-01,6.605767235924341930e-03
1.972458730999999965e-01,6.605317230550440157e-03
1.973618762999999887e-01,6.603667585356038511e-03
1.974040424000000071e-01,6.603067860253178378e-03
1.974145824999999910e-01,6.602917941131212706e-03
1.974672747000000006e-01,6.602168418434540761e-03
1.975304867000000075e-01,6.601269151580363599e-03
1.975410200999999921e-01,6.601119290778823673e-03
1.975515529000000103e-01,6.600969434835717714e-03
1.976252668000000046e-01,6.599920579264056432e-03
1.976357951000000113e-01,6.599770762183862494e-03
1.976673767000000081e-01,6.599321340085202194e-03
1.977410474999999890e-01,6.598272858484792447e-03
1.977515696000000101e-01,6.598123094820666952e-03
1.978777918000000080e-01,6.596326309467804259e-03
1.978883066999999885e-01,6.596176608900538967e-03
1.979093348000000030e-01,6.595877222322485064e-03
1.979198480000000093e-01,6.595727536311284459e-03
1.979724056000000121e-01,6.594979179026345777e-03
1.980039335000000067e-01,6.594530222864985504e-03
1.980459629000000110e-01,6.593931682549587087e-03
1.980774791000000090e-01,6.593482828231320668e-03
1.981299948999999949e-01,6.592734834671404309e-03
1.981404964000000046e-01,6.592585250503403375e-03
1.981719976000000105e-01,6.592136527083674626e-03
1.982139913000000031e-01,6.591538297046136037e-03
1.982244884000000096e-01,6.591388751652922304e-03
1.982559761999999892e-01,6.590940144547125998e-03
1.982874589999999992e-01,6.590491581049557832e-03
1.983818773999999896e-01,6.589146152151363275e-03
1.983923656000000091e-01,6.588996684268877413e-03
1.984238268000000083e-01,6.588548309678120447e-03
1.984762509000000119e-01,6.587801115534167203e-03
1.985076987999999931e-01,6.587352857144289017e-03
1.985391417000000047e-01,6.586904642319448694e-03
1.985496216000000036e-01,6.586755247058294523e-03
1.985915353999999911e-01,6.586157714409849456e-03
1.987067530000000137e-01,6.584514898809406755e-03
1.987276944999999961e-01,6.584216267951152092e-03
1.988009722999999895e-01,6.583171212286199545e-03
1.988846853000000026e-01,6.581977153057407166e-03
1.988951469999999944e-01,6.581827917407001224e-03
1.989160685999999956e-01,6.581529460605694236e-03
1.989265286000000132e-01,6.581380239454404611e-03
1.989579052999999875e-01,6.580932604997047526e-03
1.990520057000000065e-01,6.579589962540583099e-03
1.990624585000000113e-01,6.579440804200110786e-03
1.990833626000000078e-01,6.579142502009591512e-03
1.991356132000000057e-01,6.578396831051486551e-03
1.991460616000000072e-01,6.578247711346872639e-03
1.991774037000000053e-01,6.577800381205039723e-03
1.992087408999999865e-01,6.577353094515655044e-03
1.992505160999999969e-01,6.576756779846425725e-03
1.992922826000000092e-01,6.576160542404344694e-03
1.993444783999999970e-01,6.575415354182877724e-03
1.993862251999999891e-01,6.574819290455416639e-03
1.993966604999999892e-01,6.574670286584457027e-03
1.994175294999999959e-01,6.574372293314025180e-03
1.995114131000000068e-01,6.573031562339941118e-03
1.995844031000000018e-01,6.571989041609730721e-03
1.996365224999999965e-01,6.571244528561362604e-03
1.996469448000000035e-01,6.571095640410870922e-03
1.997303031999999867e-01,6.569904708683313964e-03
1.998032133000000043e-01,6.568862896352943223e-03
1.998136268000000049e-01,6.568714085286752290e-03
1.998865065000000052e-01,6.567672542664050074e-03
1.998969157000000108e-01,6.567523770121494811e-03
1.999177325000000005e-01,6.567226239479379696e-03
1.999281401000000125e-01,6.567077481379982040e-03
1.999593595999999973e-01,6.566631235963986055e-03
1.999801699000000044e-01,6.566333763087490484e-03
2.000113813000000129e-01,6.565887589869327280e-03
2.000425878000000046e-01,6.565441459962927107e-03
2.000841888999999874e-01,6.564846687452283516e-03
2.000945879000000094e-01,6.564698006352899864e-03
2.001465743999999991e-01,6.563954673013620844e-03
2.001777597999999936e-01,6.563508730729589701e-03
2.002297248000000085e-01,6.562765589773372418e-03
2.002920649000000108e-01,6.561873979297659643e-03
2.003855387000000043e-01,6.560536888052495748e-03
2.003959220000000041e-01,6.560388346387957710e-03
2.004270686999999884e-01,6.559942750224929085e-03
2.004685900000000021e-01,6.559348689271277642e-03
2.005101026999999980e-01,6.558754705178773854e-03
2.005516069000000123e-01,6.558160797934746433e-03
2.005827293000000122e-01,6.557715417925806360e-03
2.006345894000000074e-01,6.556973213942881434e-03
2.006760676999999882e-01,6.556379537169702149e-03
2.007071709000000093e-01,6.555934329990198602e-03
2.007486343000000062e-01,6.555340787607254367e-03
2.007589988000000047e-01,6.555192414008200602e-03
2.008004515000000045e-01,6.554598967594395253e-03
2.008833311999999871e-01,6.553412305038849861e-03
2.008936887999999976e-01,6.553263993803508380e-03
2.009144022999999890e-01,6.552967385720262841e-03
2.009247581999999976e-01,6.552819088871847039e-03
2.009558228999999974e-01,6.552374227097431704e-03
2.011317653999999955e-01,6.549854158650602991e-03
2.011421102000000016e-01,6.549705962461883912e-03
2.011731412999999968e-01,6.549261402641611690e-03
2.012558674999999908e-01,6.548076120559753917e-03
2.012868810000000008e-01,6.547631718803530523e-03
2.013075541000000079e-01,6.547335474908829757e-03
2.013798931000000125e-01,6.546298772091007322e-03
2.014108874999999965e-01,6.545854542687462932e-03
2.014212180000000130e-01,6.545706475792757717e-03
2.014728621999999914e-01,6.544966213101606825e-03
2.015348177000000074e-01,6.544078055774168318e-03
2.015761108999999940e-01,6.543486046568089062e-03
2.016277153999999905e-01,6.542746142676595690e-03
2.016380346999999962e-01,6.542598176245106346e-03
2.016689895000000066e-01,6.542154305641605452e-03
2.017205703000000128e-01,6.541414616925507811e-03
2.017515123999999993e-01,6.540970861060920599e-03
2.018649262999999972e-01,6.539344124223924436e-03
2.019164569999999936e-01,6.538604889508616881e-03
2.019473690999999960e-01,6.538161406000404970e-03
2.019576721000000130e-01,6.538013587716595514e-03
2.019679745000000082e-01,6.537865774208851018e-03
2.019988788000000035e-01,6.537422362338804124e-03
2.020297782000000097e-01,6.536978993444281412e-03
2.020400770000000124e-01,6.536831213361770851e-03
2.020503753000000013e-01,6.536683438054049361e-03
2.021224483999999877e-01,6.535649144562888715e-03
2.021327424999999900e-01,6.535501407443010738e-03
2.022150761000000019e-01,6.534319682275876659e-03
2.022459424999999977e-01,6.533876614065238855e-03
2.022768043000000016e-01,6.533433588789368772e-03
2.022870904999999886e-01,6.533285923237006597e-03
2.023282301000000061e-01,6.532695308723077306e-03
2.023693612999999947e-01,6.532104770511869968e-03
2.024618760000000128e-01,6.530776338452687173e-03
2.025338026999999874e-01,6.529743380442953361e-03
2.025646205999999949e-01,6.529300755632356200e-03
2.026057038000000088e-01,6.528710655919746537e-03
2.026159733000000018e-01,6.528563142901211078e-03
2.026262423000000090e-01,6.528415634646247100e-03
2.026878453000000024e-01,6.527530685139388937e-03
2.026981106000000088e-01,6.527383210223267930e-03
2.027083755000000098e-01,6.527235740069374861e-03
2.027802146999999888e-01,6.526203582310175291e-03
2.027904752999999949e-01,6.526056150244419901e-03
2.028930535000000035e-01,6.524582091371701129e-03
2.029033084000000098e-01,6.524434711657973833e-03
2.029340702000000107e-01,6.523992601065487472e-03
2.029545755000000118e-01,6.523697884458371302e-03
2.029853295000000057e-01,6.523255845225022290e-03
2.030570707000000086e-01,6.522224586818679663e-03
2.031185430000000125e-01,6.521340836497362299e-03
2.032004772000000070e-01,6.520162768954883628e-03
2.032311940000000039e-01,6.519721072048506941e-03
2.032619061000000005e-01,6.519279417909191847e-03
2.032721425000000026e-01,6.519132209365984150e-03
2.033642465000000121e-01,6.517807546254278384e-03
2.033949385000000110e-01,6.517366077380724355e-03
2.034358541000000076e-01,6.516777518698724236e-03
2.034460817000000032e-01,6.516630390899041253e-03
2.034767614000000113e-01,6.516189035986287223e-03
2.035176605000000027e-01,6.515600629231060349e-03
2.036096534000000069e-01,6.514276991685994007e-03
2.036403083999999974e-01,6.513835864584482070e-03
2.036913899999999999e-01,6.513100747631517425e-03
2.037118189999999884e-01,6.512806734054773020e-03
2.037220326999999997e-01,6.512659734380705188e-03
2.038037242999999887e-01,6.511483907710544951e-03
2.038445577000000120e-01,6.510896108169249123e-03
2.038547648000000045e-01,6.510749170135555521e-03
2.039159966999999907e-01,6.509867641471379397e-03
2.039670091000000129e-01,6.509133164576963448e-03
2.039976105000000095e-01,6.508692535299365547e-03
2.040078099000000034e-01,6.508545668348702899e-03
2.040384051999999948e-01,6.508105095920186864e-03
2.040893870999999915e-01,6.507370903272187250e-03
2.041607403000000043e-01,6.506343232463435156e-03
2.041811223999999980e-01,6.506049654845768616e-03
2.042524434999999916e-01,6.505022282296313123e-03
2.042626302999999977e-01,6.504875533721769278e-03
2.043441055999999922e-01,6.503701715481259062e-03
2.043644693999999984e-01,6.503408308235154867e-03
2.043746505000000047e-01,6.503261611708259331e-03
2.044255486000000066e-01,6.502528200026494107e-03
2.044560813000000088e-01,6.502088209772364895e-03
2.044866094999999995e-01,6.501648262079005695e-03
2.044967845000000006e-01,6.501501622304423945e-03
2.045374795999999884e-01,6.500915110487322755e-03
2.045781665999999999e-01,6.500328674307729974e-03
2.046188455000000073e-01,6.499742313754494800e-03
2.046493494000000135e-01,6.499302592961678227e-03
2.047001790999999904e-01,6.498569819477020143e-03
2.048221189999999969e-01,6.496811644949484349e-03
2.048322773000000041e-01,6.496665161103376725e-03
2.048525925999999941e-01,6.496372207576521333e-03
2.048627494999999965e-01,6.496225737895221057e-03
2.048932169999999886e-01,6.495786357178268654e-03
2.049135262000000013e-01,6.495493460304265811e-03
2.049439862000000112e-01,6.495054150395072369e-03
2.050150420000000084e-01,6.494029259122773706e-03
2.051570798000000029e-01,6.491980170119131949e-03
2.051773628000000127e-01,6.491687518582292017e-03
2.052280618000000001e-01,6.490955972256766925e-03
2.052686119000000087e-01,6.490370820056501518e-03
2.053192883000000135e-01,6.489639485862000109e-03
2.053395553000000040e-01,6.489346985174221719e-03
2.053496881000000107e-01,6.489200741898768637e-03
2.054003444999999983e-01,6.488469596200565660e-03
2.054307323000000018e-01,6.488030965317091552e-03
2.054611157000000021e-01,6.487592376828762129e-03
2.054712424000000037e-01,6.487446190086419706e-03
2.055623609999999990e-01,6.486130721324702766e-03
2.056332030999999949e-01,6.485107842616287879e-03
2.056433213999999954e-01,6.484961735914836038e-03
2.057141355999999865e-01,6.483939120781323506e-03
2.057242499999999974e-01,6.483793051728145053e-03
2.057950363000000116e-01,6.482770700084173471e-03
2.058253659000000013e-01,6.482332619939970390e-03
2.058354746999999929e-01,6.482186602631548854e-03
2.059466395000000005e-01,6.480580722597265551e-03
2.059567424000000035e-01,6.480434761712121523e-03
2.059870480999999864e-01,6.479996907260781279e-03
2.060375477999999982e-01,6.479267243842551545e-03
2.060476461999999898e-01,6.479121325257053941e-03
2.060779386000000102e-01,6.478683597694583768e-03
2.061284160000000087e-01,6.477954145722682362e-03
2.061889725999999923e-01,6.477078958371385552e-03
2.061990636000000099e-01,6.476933110250881163e-03
2.062797741000000074e-01,6.475766494334468312e-03
2.062898606999999940e-01,6.475620688472507810e-03
2.063100324000000096e-01,6.475329090832467570e-03
2.063201175000000109e-01,6.475183299053510061e-03
2.064007806000000000e-01,6.474017133785398871e-03
2.064310212000000089e-01,6.473579899239132948e-03
2.064511790999999929e-01,6.473288433000758298e-03
2.064713350000000058e-01,6.472996985528352461e-03
2.065217162999999911e-01,6.472268448936705290e-03
2.065317911000000006e-01,6.472122755689275336e-03
2.065620123999999946e-01,6.471685704085959265e-03
2.065922293999999937e-01,6.471248694686326450e-03
2.066828537000000021e-01,6.469937919660878958e-03
2.067633754000000046e-01,6.468773105029374665e-03
2.068338060999999894e-01,6.467754138220705752e-03
2.068539246999999970e-01,6.467463047007591080e-03
2.068840989999999880e-01,6.467026445316392987e-03
2.069243245999999870e-01,6.466444375292918281e-03
2.070449544000000086e-01,6.464698614696152978e-03
2.070851486999999991e-01,6.464116844281579330e-03
2.070951960999999897e-01,6.463971413377190764e-03
2.071253352999999908e-01,6.463535148738906895e-03
2.071554700000000082e-01,6.463098926209055219e-03
2.071655139999999951e-01,6.462953528055754085e-03
2.072458480999999908e-01,6.461790511220707502e-03
2.072558875999999939e-01,6.461645155162240931e-03
2.072759653000000035e-01,6.461354457074469301e-03
2.073361867000000081e-01,6.460482475026535498e-03
2.073662907999999916e-01,6.460046547114450637e-03
2.074064228999999981e-01,6.459465375336986490e-03
2.074866636999999903e-01,6.458303256094602429e-03
2.076069667000000063e-01,6.456560637834551745e-03
2.076470522999999957e-01,6.455979914527330311e-03
2.077171832999999967e-01,6.454963828486013494e-03
2.077272001000000090e-01,6.454818692009187120e-03
2.077372164000000077e-01,6.454673560199597829e-03
2.077572476000000001e-01,6.454383310582310039e-03
2.077973040999999965e-01,6.453802867348696140e-03
2.078073169999999914e-01,6.453657768205550184e-03
2.078173295000000087e-01,6.453512673729145180e-03
2.078974117000000066e-01,6.452352085865181892e-03
2.079174273999999933e-01,6.452061985544747628e-03
2.079774630000000013e-01,6.451191796510926009e-03
2.080074742999999948e-01,6.450756764943138544e-03
2.080374812999999934e-01,6.450321775334935323e-03
2.080774838999999987e-01,6.449741854451830625e-03
2.080874832999999868e-01,6.449596885883514263e-03
2.081174788000000053e-01,6.449162008141918166e-03
2.081674615999999922e-01,6.448437305105352881e-03
2.082174324000000132e-01,6.447712718547582954e-03
2.082374174000000133e-01,6.447422916532932410e-03
2.082474091000000027e-01,6.447278022512530765e-03
2.082973607999999976e-01,6.446553622271251720e-03
2.083273260000000071e-01,6.446119038008338818e-03
2.083672729000000112e-01,6.445539657509772452e-03
2.083972280999999982e-01,6.445105171018149746e-03
2.084371616000000038e-01,6.444525920862356413e-03
2.084471438000000121e-01,6.444381119959016573e-03
2.084870678000000088e-01,6.443801962883115991e-03
2.085170057999999882e-01,6.443367643934760740e-03
2.085668927999999867e-01,6.442643872069017327e-03
2.086067939000000038e-01,6.442064938307484612e-03
2.086965433000000092e-01,6.440762609402309047e-03
2.087164823999999863e-01,6.440473254124448425e-03
2.087264513000000044e-01,6.440328583459428713e-03
2.087762883000000014e-01,6.439605299858329295e-03
2.088061847999999887e-01,6.439171385471158943e-03
2.088759266000000114e-01,6.438159081209209218e-03
2.088858878000000030e-01,6.438014484899516089e-03
2.089257278999999967e-01,6.437436146115067467e-03
2.089356867999999923e-01,6.437291573031573948e-03
2.089954299000000015e-01,6.436424232063245841e-03
2.090153405000000075e-01,6.436135155557495650e-03
2.090452027999999962e-01,6.435701575622751990e-03
2.090750607999999899e-01,6.435268037471325586e-03
2.091546613999999971e-01,6.434112139972957348e-03
2.091646092999999984e-01,6.433967673670383004e-03
2.092043963999999923e-01,6.433389854861556838e-03
2.092541195000000021e-01,6.432667685740961830e-03
2.092839478000000086e-01,6.432234439934744231e-03
2.093237121000000034e-01,6.431656843792789117e-03
2.093336520000000089e-01,6.431512456351500331e-03
2.093535303999999875e-01,6.431223695380150832e-03
2.094032181999999909e-01,6.430501874093158890e-03
2.094926263999999927e-01,6.429202887822447685e-03
2.095124896999999986e-01,6.428914275187845584e-03
2.095621397999999913e-01,6.428192824691626728e-03
2.096514802999999982e-01,6.426894505655523365e-03
2.096812520000000124e-01,6.426461816012735313e-03
2.097110194000000039e-01,6.426029168046050802e-03
2.097606224999999935e-01,6.425308180701231123e-03
2.097903787000000020e-01,6.424875643845980033e-03
2.098300471000000000e-01,6.424298992839377713e-03
2.098796219999999879e-01,6.423578283206622316e-03
2.099192735000000032e-01,6.423001798786885826e-03
2.099688274000000021e-01,6.422281297350321619e-03
2.099985541000000122e-01,6.421849051993165289e-03
2.100282766000000079e-01,6.421416848258135711e-03
2.100381832000000060e-01,6.421272789595040831e-03
2.101174188000000109e-01,6.420120486737651566e-03
2.101273211999999946e-01,6.419976469683937557e-03
2.101570255000000109e-01,6.419544446254694774e-03
2.102065233000000033e-01,6.418824499638427911e-03
2.102758006999999874e-01,6.417816768444555182e-03
2.103054839999999870e-01,6.417384952943179163e-03
2.103153775000000114e-01,6.417241023680747211e-03
2.103648379999999984e-01,6.416521446646849397e-03
2.104439506999999931e-01,6.415370363510039878e-03
2.104736103000000025e-01,6.414938783508549076e-03
2.105823263999999917e-01,6.413356678879913488e-03
2.105922068999999952e-01,6.413212878872552591e-03
2.106020869000000129e-01,6.413069083478338366e-03
2.106218455999999961e-01,6.412781506530733366e-03
2.106811104999999906e-01,6.411918886393495887e-03
2.107502319000000013e-01,6.410912706070765604e-03
2.107601044999999895e-01,6.410768984468559473e-03
2.107798483999999972e-01,6.410481555095091412e-03
2.108390689000000096e-01,6.409619377609105523e-03
2.108686728999999982e-01,6.409188351088696001e-03
2.109180036999999952e-01,6.408470065719684347e-03
2.109475966000000091e-01,6.408039149788712606e-03
2.110264907999999939e-01,6.406890243328408792e-03
2.110659267999999977e-01,6.406315900633396954e-03
2.110757846999999909e-01,6.406172326471867677e-03
2.110954989999999920e-01,6.405885191961774652e-03
2.111053555000000082e-01,6.405741631612532627e-03
2.112925411999999892e-01,6.403014859514944736e-03
2.113023884999999935e-01,6.402871391209068695e-03
2.113122353000000120e-01,6.402727927503341909e-03
2.113417730999999911e-01,6.402297563985739556e-03
2.113811502999999870e-01,6.401723810353063954e-03
2.115385858000000119e-01,6.399429531499471920e-03
2.115680920000000131e-01,6.398999485217063410e-03
2.116074270999999951e-01,6.398426154504842540e-03
2.116270919000000084e-01,6.398139516716174792e-03
2.116565857000000106e-01,6.397709594488724429e-03
2.116860752999999984e-01,6.397279713603019197e-03
2.116959042999999874e-01,6.397136429160800962e-03
2.117253885000000002e-01,6.396706603389752492e-03
2.117745196999999968e-01,6.395990318947261666e-03
2.117843446000000074e-01,6.395847075833395630e-03
2.118138165000000017e-01,6.395417374038385797e-03
2.118432842999999899e-01,6.394987713558190380e-03
2.118629271999999952e-01,6.394701296188934521e-03
2.118923880999999954e-01,6.394271704556260538e-03
2.120396314999999920e-01,6.392124365824278752e-03
2.120494441000000119e-01,6.391981246606473661e-03
2.120886898999999881e-01,6.391408815594863679e-03
2.121573525999999876e-01,6.390407237855295214e-03
2.121671598000000047e-01,6.390264173659310556e-03
2.121769665000000082e-01,6.390121114047240744e-03
2.121965785000000104e-01,6.389835008573574102e-03
2.122456006000000006e-01,6.389119825095957231e-03
2.122554037000000116e-01,6.388976802148575197e-03
2.122848102000000070e-01,6.388547760799697176e-03
2.123142125999999963e-01,6.388118760685746085e-03
2.123338119000000024e-01,6.387832783516135191e-03
2.123632075000000119e-01,6.387403852117707823e-03
2.124023953999999992e-01,6.386832007708651698e-03
2.124415759999999931e-01,6.386260236572233531e-03
2.125101246999999971e-01,6.385259813358971220e-03
2.125199154999999895e-01,6.385116914068619115e-03
2.125688631000000051e-01,6.384402486272772875e-03
2.125982261999999900e-01,6.383973884513097566e-03
2.126373706999999946e-01,6.383402479561118073e-03
2.127254195999999931e-01,6.382117086045181915e-03
2.127547610999999950e-01,6.381688703868407080e-03
2.127840984999999907e-01,6.381260362847497418e-03
2.128036546000000029e-01,6.380974825029299413e-03
2.128623119999999980e-01,6.380118321295230599e-03
2.128720866999999906e-01,6.379975586672546016e-03
2.128818608999999973e-01,6.379832856619729355e-03
2.129502678000000093e-01,6.378833874216099237e-03
2.129600385000000040e-01,6.378691180722616261e-03
2.129795784000000081e-01,6.378405807442581732e-03
2.130674858000000116e-01,6.377121853809506087e-03
2.131358331000000050e-01,6.376123478965190459e-03
2.131455952999999903e-01,6.375980872252549544e-03
2.132724621000000043e-01,6.374127400377322707e-03
2.133017284000000013e-01,6.373699785629244850e-03
2.133407438000000100e-01,6.373129696507145309e-03
2.134285025000000058e-01,6.371847262835619516e-03
2.134577473000000003e-01,6.371419867035568903e-03
2.134869882000000052e-01,6.370992512272762205e-03
2.134967342000000101e-01,6.370850069803465909e-03
2.135064798999999902e-01,6.370707631893682971e-03
2.135357139999999876e-01,6.370280345514574283e-03
2.135649441999999953e-01,6.369853100160032151e-03
2.135746866999999882e-01,6.369710694157339030e-03
2.136039116000000015e-01,6.369283503493825514e-03
2.136623492999999985e-01,6.368429245198473608e-03
2.136915621000000098e-01,6.368002177556877398e-03
2.137597099000000112e-01,6.367005845820047916e-03
2.137986417999999944e-01,6.366436613591601630e-03
2.138083735999999901e-01,6.366294316917647279e-03
2.138862125000000058e-01,6.365156107425099484e-03
2.139153947999999916e-01,6.364729353972278098e-03
2.139737473999999973e-01,6.363875969940700414e-03
2.140418054000000070e-01,6.362880562258422558e-03
2.140709664000000068e-01,6.362454027200019173e-03
2.141098416999999976e-01,6.361885377463017723e-03
2.141875709999999933e-01,6.360748296252633806e-03
2.141972852000000038e-01,6.360606181560128462e-03
2.142069989000000008e-01,6.360464071413074807e-03
2.142361375000000068e-01,6.360037768245698636e-03
2.142846929999999983e-01,6.359327353865292659e-03
2.143526521999999934e-01,6.358332964581488861e-03
2.143623588999999940e-01,6.358190927142542102e-03
2.143914764000000028e-01,6.357764842080971916e-03
2.144205899000000137e-01,6.357338797898203810e-03
2.144399966999999962e-01,6.357054791151351032e-03
2.145079067000000006e-01,6.356060910576284695e-03
2.145467027999999887e-01,6.355493078701501299e-03
2.145854918000000000e-01,6.354925319454667564e-03
2.146242738999999955e-01,6.354357632823708947e-03
2.146533558000000008e-01,6.353931915496884193e-03
2.146727415999999944e-01,6.353648126632398078e-03
2.147308883999999862e-01,6.352796868917595825e-03
2.148180791000000034e-01,6.351520288495904505e-03
2.148277647000000068e-01,6.351378468899906288e-03
2.148568191000000127e-01,6.350953037314416641e-03
2.148955522000000062e-01,6.350385858667481793e-03
2.149342783000000034e-01,6.349818752543047971e-03
2.149729974000000043e-01,6.349251718929313851e-03
2.149826760999999919e-01,6.349109971854133110e-03
2.150020321999999984e-01,6.348826491297610355e-03
2.150504146999999977e-01,6.348117869188399549e-03
2.150600899000000010e-01,6.347976158356507560e-03
2.150891128999999902e-01,6.347551053037602843e-03
2.151664885000000027e-01,6.346417638117634284e-03
2.152438362000000105e-01,6.345284512961898299e-03
2.152921644000000134e-01,6.344576456844311721e-03
2.153114925999999874e-01,6.344293266075017902e-03
2.153211560999999941e-01,6.344151677478011321e-03
2.153694670000000089e-01,6.343443802357631549e-03
2.153984482999999894e-01,6.343019131572393693e-03
2.154274257000000081e-01,6.342594501495748584e-03
2.154660562000000057e-01,6.342028391376555718e-03
2.155143344999999877e-01,6.341320855470214748e-03
2.155239888999999909e-01,6.341179361852466133e-03
2.155819060999999981e-01,6.340330495079490349e-03
2.155915575000000028e-01,6.340189033104165657e-03
2.156012083999999940e-01,6.340047575648482571e-03
2.156301585000000021e-01,6.339623230396797086e-03
2.156687526999999938e-01,6.339057499991182509e-03
2.157459203000000048e-01,6.337926256039177510e-03
2.157748510999999980e-01,6.337502114087345539e-03
2.158327009000000074e-01,6.336653952114606157e-03
2.158616201000000123e-01,6.336229932084268789e-03
2.159290829000000134e-01,6.335240710011729760e-03
2.160157899000000048e-01,6.333969178006719665e-03
2.160446845000000005e-01,6.333545415220112086e-03
2.160928336000000061e-01,6.332839234128829001e-03
2.161313451999999913e-01,6.332274370440255443e-03
2.162179710999999893e-01,6.331003690924899736e-03
2.162372166000000040e-01,6.330721367289987578e-03
2.162468386999999992e-01,6.330580212233652242e-03
2.162757023999999917e-01,6.330156774107855051e-03
2.162853228000000128e-01,6.330015637079735788e-03
2.163238000999999910e-01,6.329451134030533027e-03
2.163718870000000127e-01,6.328745606598723712e-03
2.163911188000000041e-01,6.328463427161791499e-03
2.164391907999999864e-01,6.327758057395952741e-03
2.164488039999999947e-01,6.327616996955048347e-03
2.164776408000000096e-01,6.327193842650550085e-03
2.165449117000000090e-01,6.326206640202503874e-03
2.165833429000000032e-01,6.325642623558109037e-03
2.165929496000000010e-01,6.325501630650269720e-03
2.166697880000000020e-01,6.324373849397386949e-03
2.166793908999999907e-01,6.324232896989955346e-03
2.167081969999999913e-01,6.323810066760683808e-03
2.167561987000000134e-01,6.323105439682394531e-03
2.168137867000000107e-01,6.322260035610534172e-03
2.168521701999999995e-01,6.321696522830933841e-03
2.168905469000000086e-01,6.321133081985758073e-03
2.169097326999999964e-01,6.320851388535266187e-03
2.169864589999999926e-01,6.319724794510638358e-03
2.170152243000000036e-01,6.319302395897105629e-03
2.170535721999999890e-01,6.318739260645441294e-03
2.170631580999999866e-01,6.318598488063019609e-03
2.171302475999999926e-01,6.317613205751223919e-03
2.171589939999999941e-01,6.317191009267401729e-03
2.171973164000000067e-01,6.316628143482842274e-03
2.172164752000000087e-01,6.316346737528158797e-03
2.172739411000000065e-01,6.315502627395508557e-03
2.172835173000000064e-01,6.315361958082154649e-03
2.173122433999999936e-01,6.314939977069360631e-03
2.173218178999999917e-01,6.314799325706111667e-03
2.173601115999999889e-01,6.314236765123157520e-03
2.173983986999999951e-01,6.313674276322025179e-03
2.174749525000000128e-01,6.312549514019683353e-03
2.175036532999999883e-01,6.312127802150771863e-03
2.175132193000000047e-01,6.311987240495121887e-03
2.175992951000000064e-01,6.310722387332400908e-03
2.176184184000000132e-01,6.310441358156611974e-03
2.176757782000000030e-01,6.309598378180580197e-03
2.177331230000000006e-01,6.308755559500854593e-03
2.177426789999999945e-01,6.308615105399748881e-03
2.178191117999999926e-01,6.307491633826198263e-03
2.178286640000000052e-01,6.307351220031248533e-03
2.178573182000000108e-01,6.306930005511045267e-03
2.179241631999999929e-01,6.305947328318561688e-03
2.179337108000000134e-01,6.305806963766976553e-03
2.179718971000000061e-01,6.305245550314940439e-03
2.180482495000000132e-01,6.304122938193388974e-03
2.180577917000000032e-01,6.303982631810647712e-03
2.180768747999999868e-01,6.303702032464632982e-03
2.181150360000000121e-01,6.303140887446189063e-03
2.181341140999999983e-01,6.302860341771193350e-03
2.181627281999999890e-01,6.302439556796875057e-03
2.182008742999999862e-01,6.301878572761171297e-03
2.182294795999999981e-01,6.301457881676348141e-03
2.182771467000000076e-01,6.300756819266574091e-03
2.182866789000000030e-01,6.300616620193114949e-03
2.183152728999999959e-01,6.300196049784908062e-03
2.183629213000000124e-01,6.299495188471187015e-03
2.183915053000000106e-01,6.299074725294805978e-03
2.184200856000000079e-01,6.298654302321641564e-03
2.184296115999999899e-01,6.298514170263663260e-03
2.184391371000000137e-01,6.298374042671816414e-03
2.185153263000000068e-01,6.297253182703527706e-03
2.185914888999999917e-01,6.296132608475029334e-03
2.186200430999999944e-01,6.295712466787961765e-03
2.186581095000000030e-01,6.295152340349041524e-03
2.186866548999999993e-01,6.294732292371051779e-03
2.186961692999999929e-01,6.294592285301821993e-03
2.187342224000000113e-01,6.294032301635254720e-03
2.187437346999999976e-01,6.293892316870427182e-03
2.188483421999999901e-01,6.292352778805125613e-03
2.188863688999999890e-01,6.291793080546910673e-03
2.189528997000000088e-01,6.290813780210024325e-03
2.189624024000000058e-01,6.290673897989073823e-03
2.190004093000000041e-01,6.290114413666805099e-03
2.190479086000000075e-01,6.289415158513104141e-03
2.191238862000000065e-01,6.288296581902214424e-03
2.191428763999999918e-01,6.288016982285244902e-03
2.191903449000000004e-01,6.287318061166342030e-03
2.192283121999999973e-01,6.286759004408002012e-03
2.192567834999999965e-01,6.286339758579614218e-03
2.192757622000000017e-01,6.286060283613973017e-03
2.193326885999999920e-01,6.285221965522203545e-03
2.193801159999999861e-01,6.284523489471109670e-03
2.194275330999999885e-01,6.283825124631026680e-03
2.195318148000000025e-01,6.282289113337887615e-03
2.195602466000000086e-01,6.281870294534549690e-03
2.195981499999999920e-01,6.281311931693648806e-03
2.196455200999999913e-01,6.280614078139078876e-03
2.196834088000000074e-01,6.280055875279340859e-03
2.197118210000000016e-01,6.279637269784257673e-03
2.197212909000000047e-01,6.279497743503644272e-03
2.197307604000000025e-01,6.279358221665701061e-03
2.198727543000000006e-01,6.277265927016282936e-03
2.198822172999999880e-01,6.277126476226477583e-03
2.199106037999999930e-01,6.276708150491240763e-03
2.199389867000000054e-01,6.276289864702384348e-03
2.199579066000000027e-01,6.276011029699781439e-03
2.199862834000000100e-01,6.275592810477651981e-03
2.200241133999999987e-01,6.275035246966429933e-03
2.200524815999999884e-01,6.274617120915417998e-03
2.201092071000000094e-01,6.273780988577047982e-03
2.201375644000000131e-01,6.273362982279416869e-03
2.201848184000000097e-01,6.272666393799438897e-03
2.202509568999999889e-01,6.271691356123149444e-03
2.203170755999999952e-01,6.270716535620757780e-03
2.203265195999999926e-01,6.270577293274408499e-03
2.203548489000000110e-01,6.270159592817190278e-03
2.204020563000000099e-01,6.269463513989894342e-03
2.204114964999999982e-01,6.269324311513054665e-03
2.204398149000000029e-01,6.268906730656196441e-03
2.204681296999999873e-01,6.268489189656942413e-03
2.204775670999999937e-01,6.268350018179979014e-03
2.205530521000000077e-01,6.267236805753187076e-03
2.206379417999999870e-01,6.265984780392446461e-03
2.206568017999999964e-01,6.265706601212651938e-03
2.206662310999999987e-01,6.265567518259231201e-03
2.207039446000000071e-01,6.265011230688515183e-03
2.207416516000000051e-01,6.264455013895691392e-03
2.207793520999999926e-01,6.263898867868888248e-03
2.207887762999999892e-01,6.263759842418606047e-03
2.208076233000000055e-01,6.263481804782828483e-03
2.208170462999999861e-01,6.263342792598213492e-03
2.208453126000000100e-01,6.262925782570771122e-03
2.208641548999999982e-01,6.262647797991500662e-03
2.209206720000000124e-01,6.261813950342136337e-03
2.209300901000000039e-01,6.261674991203859501e-03
2.210054204999999938e-01,6.260563477176911938e-03
2.210148349999999928e-01,6.260424557806046689e-03
2.210807251999999945e-01,6.259452245900106251e-03
2.211465958000000120e-01,6.258480150405557225e-03
2.211654124000000110e-01,6.258202448575938583e-03
2.212406625999999987e-01,6.257091817843347080e-03
2.212594712000000019e-01,6.256814204299055403e-03
2.212688748999999955e-01,6.256675404147136500e-03
2.213440899999999933e-01,6.255565161784226898e-03
2.213816879000000126e-01,6.255010146487265978e-03
2.214568647000000057e-01,6.253900327606448650e-03
2.214944434999999989e-01,6.253345524000052114e-03
2.215414081000000035e-01,6.252652118688546874e-03
2.216071417000000099e-01,6.251681536379755100e-03
2.216728558999999932e-01,6.250711169999059909e-03
2.216822421000000098e-01,6.250572563853895244e-03
2.216916278000000129e-01,6.250433962113718239e-03
2.217103981000000112e-01,6.250156771848488536e-03
2.217197827000000065e-01,6.250018183323496554e-03
2.217573169000000011e-01,6.249463873266179227e-03
2.217948448000000017e-01,6.248909633670913025e-03
2.218417457999999898e-01,6.248216933246842665e-03
2.218605033999999920e-01,6.247939883894641604e-03
2.219073904999999958e-01,6.247247337544398725e-03
2.219167666999999899e-01,6.247108841478519158e-03
2.219730156999999982e-01,6.246277957494448911e-03
2.220479922999999967e-01,6.245170358566605635e-03
2.220573626000000023e-01,6.245031928495482602e-03
2.221416773999999872e-01,6.243786255755168213e-03
2.221604097000000055e-01,6.243509487958310428e-03
2.221697752000000026e-01,6.243371110654409410e-03
2.222165969999999879e-01,6.242679290074387363e-03
2.223102110999999881e-01,6.241295978537901752e-03
2.223570032999999946e-01,6.240604487536953807e-03
2.223663606000000070e-01,6.240466202515358718e-03
2.223944300000000041e-01,6.240051373804967813e-03
2.224318503999999919e-01,6.239498330343814375e-03
2.224412045999999976e-01,6.239360080457562706e-03
2.225066723999999940e-01,6.238392454190277124e-03
2.225160234000000126e-01,6.238254239427675103e-03
2.225814691999999928e-01,6.237286858986326385e-03
2.225908169999999964e-01,6.237148679335321154e-03
2.226095114999999958e-01,6.236872333198946808e-03
2.226188581000000111e-01,6.236734166712255834e-03
2.226468957000000137e-01,6.236319693578257044e-03
2.226936171999999992e-01,6.235628992763927493e-03
2.227216454000000012e-01,6.235214624912764972e-03
2.227683511999999921e-01,6.234524099541258017e-03
2.228150472000000049e-01,6.233833683792953072e-03
2.228430601999999983e-01,6.233419486954145002e-03
2.228710694999999908e-01,6.233005329567106040e-03
2.229177441000000093e-01,6.232315154913622285e-03
2.229457441000000095e-01,6.231901102708391899e-03
2.229550765999999962e-01,6.231763094069698618e-03
2.230297230000000130e-01,6.230659182680148289e-03
2.230577089999999929e-01,6.230245288185162073e-03
2.231136703000000110e-01,6.229417617435432757e-03
2.231416458000000103e-01,6.229003841172957127e-03
2.231789409000000113e-01,6.228452200779805749e-03
2.232069080999999899e-01,6.228038516446098537e-03
2.232628321000000027e-01,6.227211265945939607e-03
2.232907888000000007e-01,6.226797699769615578e-03
2.233373755999999988e-01,6.226108510310504086e-03
2.233560075999999894e-01,6.225832865147594777e-03
2.234863880000000080e-01,6.223903838811058187e-03
2.235050075999999997e-01,6.223628333575148552e-03
2.235143168000000014e-01,6.223490587514039947e-03
2.235608570000000017e-01,6.222801922769007933e-03
2.235887763999999944e-01,6.222388776364471547e-03
2.236259969999999930e-01,6.221837975665144189e-03
2.236539083000000094e-01,6.221424921013995676e-03
2.237004194999999973e-01,6.220736583960616989e-03
2.238120067999999907e-01,6.219085020474213535e-03
2.238491901999999922e-01,6.218534639018977010e-03
2.239235384999999912e-01,6.217434085603475678e-03
2.239328302999999964e-01,6.217296536063302882e-03
2.239607033999999885e-01,6.216883913620825132e-03
2.240071507999999989e-01,6.216196296799602478e-03
2.240628751000000030e-01,6.215371300549504471e-03
2.241093013000000078e-01,6.214683923595249251e-03
2.241464354000000103e-01,6.214134100509800633e-03
2.241557180000000038e-01,6.213996655636333695e-03
2.241835634000000077e-01,6.213584347170063825e-03
2.242578007999999901e-01,6.212485049685234455e-03
2.243691109000000017e-01,6.210836626275835839e-03
2.243969298000000057e-01,6.210424618421653276e-03
2.244062019999999991e-01,6.210287291179095691e-03
2.244340163000000110e-01,6.209875335577583200e-03
2.244432869000000108e-01,6.209738025751272011e-03
2.244525572000000135e-01,6.209600720278545156e-03
2.244803657999999980e-01,6.209188829980561743e-03
2.245081708999999981e-01,6.208776978858635692e-03
2.245174384999999995e-01,6.208639703856384806e-03
2.245267056999999955e-01,6.208502433205891589e-03
2.245452390000000076e-01,6.208227904961295326e-03
2.246286198999999928e-01,6.206992743248346267e-03
2.246749292999999925e-01,6.206306694558715205e-03
2.246934503000000138e-01,6.206032305528583551e-03
2.247304878999999977e-01,6.205483579653678708e-03
2.247397462999999873e-01,6.205346409055956247e-03
2.248230551000000021e-01,6.204112069317373364e-03
2.248415639000000132e-01,6.203837819412616993e-03
2.248508177999999913e-01,6.203700700979830097e-03
2.249248349999999896e-01,6.202603909957674425e-03
2.249618344000000048e-01,6.202055618721196394e-03
2.249895799999999946e-01,6.201644445904892083e-03
2.250265689000000013e-01,6.201096276290486708e-03
2.250450609999999907e-01,6.200822217539531458e-03
2.251005282000000107e-01,6.200000145497265927e-03
2.251190143000000032e-01,6.199726156214911688e-03
2.251467404999999977e-01,6.199315204848345265e-03
2.251837034999999987e-01,6.198767330458330831e-03
2.251929433000000036e-01,6.198630372710717436e-03
2.252576112999999935e-01,6.197671789973490351e-03
2.252853204999999970e-01,6.197261033879354099e-03
2.252945560999999874e-01,6.197124123856669747e-03
2.253222606999999988e-01,6.196713419815236788e-03
2.253407286000000120e-01,6.196439638806943741e-03
2.253684274999999959e-01,6.196028999819539786e-03
2.254053541999999910e-01,6.195481541877232400e-03
2.254884169999999965e-01,6.194250015121217749e-03
2.255160978000000094e-01,6.193839584220705262e-03
2.255622248999999968e-01,6.193155619388747424e-03
2.256267871000000036e-01,6.192198250590184340e-03
2.256913308000000062e-01,6.191241094032033133e-03
2.257005498000000110e-01,6.191104374703220933e-03
2.257097684000000104e-01,6.190967659703947197e-03
2.257282046000000097e-01,6.190694242695905097e-03
2.257742883999999950e-01,6.190010775940046721e-03
2.257835039999999960e-01,6.189874095575315614e-03
2.258111486000000112e-01,6.189464080451940672e-03
2.258756396000000111e-01,6.188507529969363742e-03
2.259309029000000080e-01,6.187687798302943590e-03
2.259585295000000049e-01,6.187277990869070529e-03
2.260045663999999954e-01,6.186595064983202441e-03
2.260321838999999888e-01,6.186185361345053133e-03
2.260690022000000077e-01,6.185639150360738338e-03
2.261426206000000105e-01,6.184546935893756557e-03
2.261518211999999917e-01,6.184410428535326576e-03
2.262070170999999907e-01,6.183591475132725265e-03
2.262530033000000051e-01,6.182909132781517006e-03
2.262805905999999978e-01,6.182499779209054205e-03
2.263173683999999963e-01,6.181954034914045534e-03
2.264000965999999893e-01,6.180726362867240697e-03
2.264368549000000119e-01,6.180180843095006531e-03
2.264460436000000076e-01,6.180044473943218861e-03
2.264736073999999988e-01,6.179635392384338725e-03
2.265103538000000083e-01,6.179090010723232995e-03
2.265195395000000056e-01,6.178953676095397599e-03
2.265838287999999978e-01,6.177999454505671804e-03
2.266113757999999867e-01,6.177590567102478857e-03
2.266664597999999975e-01,6.176772908743455130e-03
2.266939967000000111e-01,6.176364137778613331e-03
2.267215303000000015e-01,6.175955405617016870e-03
2.267582365999999960e-01,6.175410489754036905e-03
2.267674121999999903e-01,6.175274271564388726e-03
2.268408040000000070e-01,6.174184681198712117e-03
2.268683197999999956e-01,6.173776155910740658e-03
2.268866618000000002e-01,6.173503827259747140e-03
2.269141719999999973e-01,6.173095366592455148e-03
2.269508470999999916e-01,6.172550812672130717e-03
2.270241795000000062e-01,6.171461911541062731e-03
2.270608369000000071e-01,6.170917564309057537e-03
2.270883260000000070e-01,6.170509349084155049e-03
2.270974883000000111e-01,6.170373285950968463e-03
2.271066502000000098e-01,6.170237227121827712e-03
2.271707733999999979e-01,6.169284935814240908e-03
2.271799324000000064e-01,6.169148911410449881e-03
2.272440349000000026e-01,6.168196861043041476e-03
2.272531909000000128e-01,6.168060871053534372e-03
2.272806568000000083e-01,6.167652926891875782e-03
2.273081193000000000e-01,6.167245021434536456e-03
2.273538827999999901e-01,6.166565265003863192e-03
2.273813365000000031e-01,6.166157462737056373e-03
2.274270852999999981e-01,6.165477878263346534e-03
2.274636777000000054e-01,6.164934288045720474e-03
2.274728249000000091e-01,6.164798401234457097e-03
2.274911181000000004e-01,6.164526640502549469e-03
2.275002641999999964e-01,6.164390766581771645e-03
2.275459891000000123e-01,6.163711461419780525e-03
2.276008468000000062e-01,6.162896436978235887e-03
2.276739698999999950e-01,6.161809978211889825e-03
2.276831085999999893e-01,6.161674190186663957e-03
2.276922469999999865e-01,6.161538406455250791e-03
2.277196599000000099e-01,6.161131081016422116e-03
2.277562052000000059e-01,6.160588040523281607e-03
2.277927448000000021e-01,6.160045068697067409e-03
2.278292784000000015e-01,6.159502165525652072e-03
2.279114577999999947e-01,6.158280884356723620e-03
2.279297157999999879e-01,6.158009535721829623e-03
2.279844812000000054e-01,6.157195592733798531e-03
2.280118590000000112e-01,6.156788679122289498e-03
2.280483574999999929e-01,6.156246187655027569e-03
2.280757276000000000e-01,6.155839364060661581e-03
2.281213370999999879e-01,6.155161410448037676e-03
2.281304578999999999e-01,6.155025832580695092e-03
2.282034112999999920e-01,6.153941363876151011e-03
2.282307627999999866e-01,6.153534758790503954e-03
2.282581110000000135e-01,6.153128192250854889e-03
2.283674710999999968e-01,6.151502311450758077e-03
2.284221314999999863e-01,6.150689602201991381e-03
2.284494568000000059e-01,6.150283305349437887e-03
2.284767789000000104e-01,6.149877047005513839e-03
2.284858855000000133e-01,6.149741636114426126e-03
2.284949917000000108e-01,6.149606229500769253e-03
2.285132031000000064e-01,6.149335429107320554e-03
2.285587253999999957e-01,6.148658502978153473e-03
2.285678287000000031e-01,6.148523130583427240e-03
2.285951365999999985e-01,6.148117039056018654e-03
2.286224411999999984e-01,6.147710986012709655e-03
2.286588422999999981e-01,6.147169641811037546e-03
2.287043354999999945e-01,6.146493057740749950e-03
2.287771058999999996e-01,6.145410745465861371e-03
2.288043888000000081e-01,6.145004948865553755e-03
2.288407608999999954e-01,6.144463946539575200e-03
2.288862180000000024e-01,6.143787789738675009e-03
2.289225770999999965e-01,6.143246941168043450e-03
2.289952781000000048e-01,6.142165448972307026e-03
2.290043640999999963e-01,6.142030281657936269e-03
2.290316199000000108e-01,6.141624805324139014e-03
2.290588725000000103e-01,6.141219367401086829e-03
2.290770390999999906e-01,6.140949096789814592e-03
2.291042862999999874e-01,6.140543722874669021e-03
2.291496909999999887e-01,6.139868185010298463e-03
2.292132426000000056e-01,6.138922611152628286e-03
2.292495498999999881e-01,6.138382377056171395e-03
2.292949259000000017e-01,6.137707180369508450e-03
2.293221471999999928e-01,6.137302113514398264e-03
2.293584371999999871e-01,6.136762084047226243e-03
2.293856509999999960e-01,6.136357106695729778e-03
2.293947215000000095e-01,6.136222122767975677e-03
2.294672728999999911e-01,6.135142404731463300e-03
2.295126057999999913e-01,6.134467719404856217e-03
2.295760568999999918e-01,6.133523338816233850e-03
2.296576112000000003e-01,6.132309441749103293e-03
2.296757304000000000e-01,6.132039733667420806e-03
2.297119646000000126e-01,6.131500368573535205e-03
2.297210222000000135e-01,6.131365537938414031e-03
2.297300794999999896e-01,6.131230711557938105e-03
2.297844156999999943e-01,6.130421842621819155e-03
2.297934705000000133e-01,6.130287046022323862e-03
2.298658959999999862e-01,6.129208826339862561e-03
2.299021001999999869e-01,6.128669818559261823e-03
2.299292495999999963e-01,6.128265607366347248e-03
2.299473475000000100e-01,6.127996154493741722e-03
2.299654439000000106e-01,6.127726718624280748e-03
2.300106785999999903e-01,6.127053203329725813e-03
2.300468599999999919e-01,6.126514467588681755e-03
2.300830356999999937e-01,6.125975799829681302e-03
2.300920787999999884e-01,6.125841143511311267e-03
2.301101637999999894e-01,6.125571843618573230e-03
2.301192058000000040e-01,6.125437200043572922e-03
2.302547927999999966e-01,6.123418056035746619e-03
2.302999706999999951e-01,6.122745220313902288e-03
2.303090051999999999e-01,6.122610665902895877e-03
2.303632049000000070e-01,6.121803428555251496e-03
2.303722368999999992e-01,6.121668903848902221e-03
2.304083616000000001e-01,6.121130847450633773e-03
2.304535094000000062e-01,6.120458372400541455e-03
2.305167015000000041e-01,6.119517085462674796e-03
2.305257274999999995e-01,6.119382632862339390e-03
2.305528034999999865e-01,6.118979300500210737e-03
2.305798762000000057e-01,6.118576006293205242e-03
2.305979230000000102e-01,6.118307164683999856e-03
2.306249904999999878e-01,6.117903934059925816e-03
2.306610755000000068e-01,6.117366352560996839e-03
2.306971549000000066e-01,6.116828838861776418e-03
2.307422462000000007e-01,6.116157042064425398e-03
2.307963440999999949e-01,6.115351025693311834e-03
2.308143739999999888e-01,6.115082387451517901e-03
2.308414161000000020e-01,6.114679461847180759e-03
2.308684550000000002e-01,6.114276574350502140e-03
2.308774673000000000e-01,6.114142286985522513e-03
2.309405432999999952e-01,6.113202393958745706e-03
2.309585618999999979e-01,6.112933891186889991e-03
2.309765790999999957e-01,6.112665405343089588e-03
2.309855871000000005e-01,6.112531168768663148e-03
2.310306220999999993e-01,6.111860049364317531e-03
2.310576389000000008e-01,6.111457428490069642e-03
2.310846525999999956e-01,6.111054845687648694e-03
2.310936564000000137e-01,6.110920659878690472e-03
2.311206658000000136e-01,6.110518127829937286e-03
2.311656745000000013e-01,6.109847325658063731e-03
2.311746752000000127e-01,6.109713177908481473e-03
2.312466680999999968e-01,6.108640148103946892e-03
2.312736595999999867e-01,6.108237831670458064e-03
2.313456217000000037e-01,6.107165173782828742e-03
2.314085700999999884e-01,6.106226819931973200e-03
2.314175613999999992e-01,6.106092786277907830e-03
2.314445330000000078e-01,6.105690710654626714e-03
2.314625123000000062e-01,6.105422681353406961e-03
2.315523879999999979e-01,6.104082788175201578e-03
2.315973128000000103e-01,6.103412999880162941e-03
2.316062966999999917e-01,6.103279054881973614e-03
2.316332463000000119e-01,6.102877245205887320e-03
2.316691743000000026e-01,6.102341558041767151e-03
2.316781554000000021e-01,6.102207646798397944e-03
2.317320348999999946e-01,6.101404267919191549e-03
2.317410135999999898e-01,6.101270386201670254e-03
2.318128305000000111e-01,6.100199484273130003e-03
2.318397561999999967e-01,6.099797965619746173e-03
2.318487307000000053e-01,6.099664134499590586e-03
2.319474273999999892e-01,6.098192270358158279e-03
2.319833067000000026e-01,6.097657173451551983e-03
2.320281480999999979e-01,6.096988397107061010e-03
2.320371153000000131e-01,6.096854654474377112e-03
2.320640149000000041e-01,6.096453451848546368e-03
2.320909113999999884e-01,6.096052287124884006e-03
2.321088406000000048e-01,6.095784865030314664e-03
2.321715820999999957e-01,6.094849020323248566e-03
2.322343067000000039e-01,6.093913381874553961e-03
2.322432658999999955e-01,6.093779736073269733e-03
2.322522248999999983e-01,6.093646094480267665e-03
2.322790995000000025e-01,6.093245194946343528e-03
2.323059711000000083e-01,6.092844333279421459e-03
2.323238837999999917e-01,6.092577113202475234e-03
2.323507502000000113e-01,6.092176314636275729e-03
2.324581846999999868e-01,6.090573498867744157e-03
2.325387281000000084e-01,6.089371784339036101e-03
2.325566228000000013e-01,6.089104782897813983e-03
2.325655695999999939e-01,6.088971288480715324e-03
2.325924081000000088e-01,6.088570830441435849e-03
2.326013536000000048e-01,6.088437352831995754e-03
2.326371319999999965e-01,6.087903484404185578e-03
2.326729050000000132e-01,6.087369683188479340e-03
2.326818474000000025e-01,6.087236243384962567e-03
2.326997311000000013e-01,6.086969376377021797e-03
2.327801908000000086e-01,6.085768682701870810e-03
2.328159418000000092e-01,6.085235150224978760e-03
2.328427513999999920e-01,6.084835044940150803e-03
2.328784928000000032e-01,6.084301629983046925e-03
2.328874271999999968e-01,6.084168286734759241e-03
2.329231616999999921e-01,6.083634955700397383e-03
2.329678222000000076e-01,6.082968386303176309e-03
2.329946143000000136e-01,6.082568495000196217e-03
2.330303324000000120e-01,6.082035365312916594e-03
2.330392609999999975e-01,6.081902093374884355e-03
2.331106779999999878e-01,6.080836068813900812e-03
2.331285288000000122e-01,6.080569604596246409e-03
2.331374536999999969e-01,6.080436378774888885e-03
2.332445258999999993e-01,6.078837995800106565e-03
2.332802056000000124e-01,6.078305335550164903e-03
2.333515489000000109e-01,6.077240216101779946e-03
2.333782970000000123e-01,6.076840865405814737e-03
2.334228703000000016e-01,6.076175364648083929e-03
2.334496101999999906e-01,6.075776114428332007e-03
2.335298114999999897e-01,6.074578589774551861e-03
2.335387211000000129e-01,6.074445552402410638e-03
2.335565391999999962e-01,6.074179490210057306e-03
2.335654477999999923e-01,6.074046465389552028e-03
2.336367038999999923e-01,6.072982417414268287e-03
2.336634193000000081e-01,6.072583468433284670e-03
2.336723237999999980e-01,6.072450493803538060e-03
2.336812279000000103e-01,6.072317523354896565e-03
2.336990351000000077e-01,6.072051595001010452e-03
2.337524487000000040e-01,6.071253910278497957e-03
2.338058500999999900e-01,6.070456376035564781e-03
2.338236478000000063e-01,6.070190564721565131e-03
2.338414441999999982e-01,6.069924770122002607e-03
2.338503419000000083e-01,6.069791879090083442e-03
2.339659810999999978e-01,6.068064675826226329e-03
2.340371152000000066e-01,6.067002132317964036e-03
2.340637848999999882e-01,6.066603747389681667e-03
2.340993398000000003e-01,6.066072625923141920e-03
2.341260025000000133e-01,6.065674328646691524e-03
2.341704334999999970e-01,6.065010583310275968e-03
2.342059722000000010e-01,6.064479662142636084e-03
2.342415055000000024e-01,6.063948807719428229e-03
2.342770335000000093e-01,6.063418020030901523e-03
2.343036759000000080e-01,6.063019973052746238e-03
2.343214358000000053e-01,6.062754629249873621e-03
2.344102153000000022e-01,6.061428160373084385e-03
2.344634667999999922e-01,6.060632479110269512e-03
2.344900880999999937e-01,6.060234694733132414e-03
2.345255783000000094e-01,6.059704373890343124e-03
2.345521925000000063e-01,6.059306676998124641e-03
2.345610633000000111e-01,6.059174119697792113e-03
2.345965428000000019e-01,6.058643932145033745e-03
2.346054117999999966e-01,6.058511395667705128e-03
2.346320169999999983e-01,6.058113811220782775e-03
2.346763521999999935e-01,6.057451253747140642e-03
2.347384073000000071e-01,6.056523848117719572e-03
2.348093075000000085e-01,6.055464205668531670e-03
2.348181685000000074e-01,6.055331769085527636e-03
2.348358895000000057e-01,6.055066908399901748e-03
2.348447495000000051e-01,6.054934484297400457e-03
2.348713275000000045e-01,6.054537236946617301e-03
2.349156175000000069e-01,6.053875241210944676e-03
2.349421875000000104e-01,6.053478093671727650e-03
2.350218795000000027e-01,6.052286875562835379e-03
2.350307325000000058e-01,6.052154538779129511e-03
2.351015444000000010e-01,6.051095994123867686e-03
2.351192441000000133e-01,6.050831399513131349e-03
2.351280933999999878e-01,6.050699108439240755e-03
2.351634874000000097e-01,6.050169985687922115e-03
2.352342594000000064e-01,6.049111939557315007e-03
2.352431044000000138e-01,6.048979702478403039e-03
2.353138523999999954e-01,6.047921955320087299e-03
2.353403775000000031e-01,6.047525368632769051e-03
2.353668995000000042e-01,6.047128819299091816e-03
2.353757394999999863e-01,6.046996644488023508e-03
2.354022575999999978e-01,6.046600144953942144e-03
2.354376103999999970e-01,6.046071536998723350e-03
2.354552846999999893e-01,6.045807257914196341e-03
2.354817938000000055e-01,6.045410870399468839e-03
2.355083000000000037e-01,6.045014520216008755e-03
2.355171346999999915e-01,6.044882411783419549e-03
2.355878003999999915e-01,6.043825693607896010e-03
2.356584449999999942e-01,6.042769240771782638e-03
2.356672740000000099e-01,6.042637202819291752e-03
2.357202415999999912e-01,6.041845062135585420e-03
2.357643721000000081e-01,6.041185058845443406e-03
2.358261409000000086e-01,6.040261228227000560e-03
2.358702515999999971e-01,6.039601473461947076e-03
2.359496301000000018e-01,6.038414175735445054e-03
2.359760837000000055e-01,6.038018484338543261e-03
2.360113504999999945e-01,6.037490953750310023e-03
2.360906815000000103e-01,6.036304251988943749e-03
2.361083069999999895e-01,6.036040585993439865e-03
2.361171193000000113e-01,6.035908759200744357e-03
2.361523650000000030e-01,6.035381493386937461e-03
2.361611755999999951e-01,6.035249687272328800e-03
2.362316486999999909e-01,6.034195387215113282e-03
2.362932953999999919e-01,6.033273091702586084e-03
2.363021006999999896e-01,6.033141351733392090e-03
2.363285148000000002e-01,6.032746156621276133e-03
2.363725318000000075e-01,6.032087580744110132e-03
2.363901362999999978e-01,6.031824179313863103e-03
2.363989380000000029e-01,6.031692484795541341e-03
2.364693401999999889e-01,6.030639077346252631e-03
2.365045335000000026e-01,6.030112472737943208e-03
2.365309250000000030e-01,6.029717562635313749e-03
2.365397214999999942e-01,6.029585934191742692e-03
2.365661089999999966e-01,6.029191073630118212e-03
2.365836990999999889e-01,6.028927853894756016e-03
2.366364615000000060e-01,6.028138293743330600e-03
2.366452541000000076e-01,6.028006714828041193e-03
2.366716299000000134e-01,6.027612002841039804e-03
2.367155830000000072e-01,6.026954232043581564e-03
2.367243726999999909e-01,6.026822690260333522e-03
2.367507396000000097e-01,6.026428089657107599e-03
2.367771036999999912e-01,6.026033526173856306e-03
2.367946780999999890e-01,6.025770504471832968e-03
2.368210373000000091e-01,6.025376002844649685e-03
2.368473935000000030e-01,6.024981538325325722e-03
2.368561781999999893e-01,6.024850058397280932e-03
2.369527889999999970e-01,6.023404051236558830e-03
2.370054692999999935e-01,6.022615530225317905e-03
2.370669146999999921e-01,6.021695776487040117e-03
2.371371186000000020e-01,6.020644876466373779e-03
2.371458925999999912e-01,6.020513532492978437e-03
2.371985299000000103e-01,6.019725555105642952e-03
2.372160731000000078e-01,6.019462928907242522e-03
2.372423854000000054e-01,6.019069020476872957e-03
2.373476056000000112e-01,6.017493757087997823e-03
2.373739032999999943e-01,6.017100033802098326e-03
2.374089624999999870e-01,6.016575126999657887e-03
2.374264900999999983e-01,6.016312698272395856e-03
2.374527791000000110e-01,6.015919086019880235e-03
2.374878266000000071e-01,6.015394327241891000e-03
2.375141088000000122e-01,6.015000801321685603e-03
2.375666644999999966e-01,6.014213860454365769e-03
2.375929380000000035e-01,6.013820445498233372e-03
2.376192085999999926e-01,6.013427067520914215e-03
2.376542315999999877e-01,6.012902621067357789e-03
2.376629865000000064e-01,6.012771519723582835e-03
2.376892493999999967e-01,6.012378240336443969e-03
2.376980029999999910e-01,6.012247155420858552e-03
2.377767712999999949e-01,6.011067575976160142e-03
2.378730081000000052e-01,6.009626319347837788e-03
2.378992477999999910e-01,6.009233335542993673e-03
2.379866925000000133e-01,6.007923656206838950e-03
2.380129196000000114e-01,6.007530832393008328e-03
2.380478846000000093e-01,6.007007124721055503e-03
2.380828445000000015e-01,6.006483482655287226e-03
2.381177992000000077e-01,6.005959906185505057e-03
2.381265371000000075e-01,6.005829022316339603e-03
2.381876933000000029e-01,6.004912949991857152e-03
2.381964286000000097e-01,6.004782098909718265e-03
2.382226326999999921e-01,6.004389570247850409e-03
2.382924959999999925e-01,6.003343007411743489e-03
2.383186895000000138e-01,6.002950613934711181e-03
2.383274200000000120e-01,6.002819824299837972e-03
2.383536096999999965e-01,6.002427479965693341e-03
2.383623388999999981e-01,6.002296706711220640e-03
2.384059802999999866e-01,6.001642901851820394e-03
2.384757899000000125e-01,6.000597026944099605e-03
2.385019633000000083e-01,6.000204891384318222e-03
2.385281337000000057e-01,5.999812792651996324e-03
2.385368566000000135e-01,5.999682101258512097e-03
2.386066279000000068e-01,5.998636717379595730e-03
2.386153478999999966e-01,5.998506062802271867e-03
2.386763789000000135e-01,5.997591595265317974e-03
2.386850963000000103e-01,5.997460973402111116e-03
2.387112466999999905e-01,5.997069132343290677e-03
2.387461093999999895e-01,5.996546734832092045e-03
2.387548243000000014e-01,5.996416145672631148e-03
2.387722530999999981e-01,5.996154979617036862e-03
2.388158196000000066e-01,5.995502135996913159e-03
2.388506670999999970e-01,5.994979934653120630e-03
2.388767992999999978e-01,5.994588326543970162e-03
2.388942192000000075e-01,5.994327274896836880e-03
2.389551789999999898e-01,5.993413722793912782e-03
2.389900061000000131e-01,5.992891782863133017e-03
2.390248282000000113e-01,5.992369908260560506e-03
2.390335329000000120e-01,5.992239449815843326e-03
2.390509413999999944e-01,5.991978545173456093e-03
2.390857546000000056e-01,5.991456784869239084e-03
2.391031593000000066e-01,5.991195929204481962e-03
2.391640657000000114e-01,5.990283062919065683e-03
2.392336540999999983e-01,5.989240031946514720e-03
2.392423512999999891e-01,5.989109671429872044e-03
2.392684407000000013e-01,5.988718614349238661e-03
2.393379988000000069e-01,5.987675974879431116e-03
2.393640777999999913e-01,5.987285052345686122e-03
2.393727702000000013e-01,5.987154752986560864e-03
2.393814622999999864e-01,5.987024457703728729e-03
2.394509874999999899e-01,5.985982242153697203e-03
2.394683656999999910e-01,5.985721729013698637e-03
2.394770542999999918e-01,5.985591478555088961e-03
2.395204924999999874e-01,5.984940287368819070e-03
2.395465516999999989e-01,5.984549621535819805e-03
2.395812928999999925e-01,5.984028790776773667e-03
2.396073454000000047e-01,5.983638210464376286e-03
2.396507600999999987e-01,5.982987324706078372e-03
2.397288867000000046e-01,5.981815986787112661e-03
2.397896341999999903e-01,5.980905174071896556e-03
2.398850634999999953e-01,5.979474299680734468e-03
2.398937369999999958e-01,5.979344244592385560e-03
2.399284278999999909e-01,5.978824064900542176e-03
2.399370997999999977e-01,5.978694030142172287e-03
2.399631137000000081e-01,5.978303950259113500e-03
2.399891248999999893e-01,5.977913906961766603e-03
2.399977946000000084e-01,5.977783900658408499e-03
2.400064640000000027e-01,5.977653898419211728e-03
2.400238020000000083e-01,5.977393906134333482e-03
2.400758081999999904e-01,5.976614026806288844e-03
2.401278031999999896e-01,5.975834293743868819e-03
2.401451323999999887e-01,5.975574415220922739e-03
2.401971123999999957e-01,5.974794877126023140e-03
2.402750613000000091e-01,5.973625844069840700e-03
2.403010385999999887e-01,5.973236239457013069e-03
2.403096970999999971e-01,5.973106379370441907e-03
2.403789537999999892e-01,5.972067644774512601e-03
2.404741491999999869e-01,5.970639808681227692e-03
2.404828015000000097e-01,5.970510029737017589e-03
2.404914533999999993e-01,5.970380254848118261e-03
2.405174073999999940e-01,5.969990954511546731e-03
2.405606577999999940e-01,5.969342201711996809e-03
2.406211953000000070e-01,5.968434118055116790e-03
2.406298423000000075e-01,5.968304408031119973e-03
2.406903622999999881e-01,5.967396551331167164e-03
2.406990068000000038e-01,5.967266873724872550e-03
2.407162948999999885e-01,5.967007530665481042e-03
2.407249384000000048e-01,5.966877865212877677e-03
2.407508671999999961e-01,5.966488893159539210e-03
2.407940756999999987e-01,5.965840687412162814e-03
2.408545545000000121e-01,5.964933369448513836e-03
2.408631931000000115e-01,5.964803768792289670e-03
2.408977444000000023e-01,5.964285406649257396e-03
2.409322906999999958e-01,5.963767109270678470e-03
2.409581972000000016e-01,5.963378428732520921e-03
2.409754665999999934e-01,5.963119328606786979e-03
2.410013685000000072e-01,5.962730708766524924e-03
2.410272675000000031e-01,5.962342125338383585e-03
2.410963181000000122e-01,5.961306080849998988e-03
2.411049480000000134e-01,5.961176593489313572e-03
2.411394645999999919e-01,5.960658684483517364e-03
2.411739763000000092e-01,5.960140840171799376e-03
2.411826035000000090e-01,5.960011389200760464e-03
2.412429849000000126e-01,5.959105345586487509e-03
2.412688580000000027e-01,5.958717101804547091e-03
2.413205958999999901e-01,5.957940723342531816e-03
2.413464606999999873e-01,5.957552588653671453e-03
2.413895624999999878e-01,5.956905778293364838e-03
2.414068011000000125e-01,5.956647082421756730e-03
2.414154199000000112e-01,5.956517740543238425e-03
2.414498921999999881e-01,5.956000413411014979e-03
2.414843594999999954e-01,5.955483150880476646e-03
2.415446655000000054e-01,5.954578096870151958e-03
2.415791193000000059e-01,5.954061011941868577e-03
2.415963442999999877e-01,5.953802493690361387e-03
2.416221795999999866e-01,5.953414746574077487e-03
2.416480121000000036e-01,5.953027035766982750e-03
2.416566223000000124e-01,5.952897806900061053e-03
2.416824512000000091e-01,5.952510144500064090e-03
2.417599210999999970e-01,5.951347375082956075e-03
2.418029492000000058e-01,5.950701533197402977e-03
2.418631757999999965e-01,5.949797523860551017e-03
2.419319876999999896e-01,5.948764612128621711e-03
2.419405877999999954e-01,5.948635516293165199e-03
2.419577871999999963e-01,5.948377336707667308e-03
2.420695529000000124e-01,5.946699562101747695e-03
2.421039319999999939e-01,5.946183460668762535e-03
2.421383061999999864e-01,5.945667423644873488e-03
2.421468989999999988e-01,5.945538424451718776e-03
2.421726755999999980e-01,5.945151451020056453e-03
2.421984493000000072e-01,5.944764513807134811e-03
2.423358633000000095e-01,5.942701460190417777e-03
2.423530345000000086e-01,5.942443650884901042e-03
2.423702045999999999e-01,5.942185857663584252e-03
2.424045410000000011e-01,5.941670319467249120e-03
2.424474547999999896e-01,5.941025987172362903e-03
2.424903609000000071e-01,5.940381755358440513e-03
2.425075211999999925e-01,5.940124090762947257e-03
2.425589948999999912e-01,5.939351193408110539e-03
2.426104575999999957e-01,5.938578440672486261e-03
2.426533348999999895e-01,5.937934590507456915e-03
2.426790577000000060e-01,5.937548328596016674e-03
2.426876313000000118e-01,5.937419582655583707e-03
2.427219227999999895e-01,5.936904639040744593e-03
2.427562094999999864e-01,5.936389759652894657e-03
2.427647804999999992e-01,5.936261049840570875e-03
2.427819213999999892e-01,5.936003642255540010e-03
2.427904914000000025e-01,5.935874944482661189e-03
2.428333369000000019e-01,5.935231515809847105e-03
2.428590405999999924e-01,5.934845506753087634e-03
2.428933078999999939e-01,5.934330884173727103e-03
2.429190052000000100e-01,5.933944959356188265e-03
2.429532641000000104e-01,5.933430449080450732e-03
2.429618280999999991e-01,5.933301831536346056e-03
2.429703917000000102e-01,5.933173218002041685e-03
2.430645720999999870e-01,5.931758733729942772e-03
2.431672726999999923e-01,5.930216213063360664e-03
2.431758290999999905e-01,5.930087695717011463e-03
2.432014966000000111e-01,5.929702167713348654e-03
2.432271614000000026e-01,5.929316675758633526e-03
2.432442696999999876e-01,5.929059701146483299e-03
2.432699298999999871e-01,5.928674269262938432e-03
2.433041394000000079e-01,5.928160416142252628e-03
2.433297933000000135e-01,5.927775068339206400e-03
2.434323820000000027e-01,5.926234037356785042e-03
2.434494759999999980e-01,5.925977254883038961e-03
2.435007505000000017e-01,5.925207003477594124e-03
2.435092952000000033e-01,5.925078642243735913e-03
2.435776420999999914e-01,5.924051896351833525e-03
2.435861840999999917e-01,5.923923571110058760e-03
2.436118083000000101e-01,5.923538619373989490e-03
2.436459698000000007e-01,5.923025406362360593e-03
2.437228154999999952e-01,5.921870910908708791e-03
2.437825677000000080e-01,5.920973193772089034e-03
2.437911024999999954e-01,5.920844964446401841e-03
2.438167052000000112e-01,5.920460300438010193e-03
2.438593703999999973e-01,5.919819273636954017e-03
2.438764344000000084e-01,5.919562890870613998e-03
2.438849659000000003e-01,5.919434705477457162e-03
2.439190891000000139e-01,5.918922003830004962e-03
2.439873211999999958e-01,5.917896792152014737e-03
2.440129033000000003e-01,5.917512403627894768e-03
2.440214300000000114e-01,5.917384282101082436e-03
2.440470086000000038e-01,5.916999941462372514e-03
2.440640594000000052e-01,5.916743734318595863e-03
2.441237280999999926e-01,5.915847134981210356e-03
2.441492959000000074e-01,5.915462937951419461e-03
2.442004234000000051e-01,5.914694651564669260e-03
2.442941295999999929e-01,5.913286499288078132e-03
2.443367113999999896e-01,5.912646589496658653e-03
2.444048268000000024e-01,5.911622941019782120e-03
2.444218526999999974e-01,5.911367068736404426e-03
2.444303651999999993e-01,5.911239138569062031e-03
2.444984545999999981e-01,5.910215840602554491e-03
2.445239831999999891e-01,5.909832169565421012e-03
2.445324922000000067e-01,5.909704287182133975e-03
2.445580172000000052e-01,5.909320663917502596e-03
2.445665250000000068e-01,5.909192797457325612e-03
2.446345763999999978e-01,5.908170009053124484e-03
2.446770990000000090e-01,5.907530895626120389e-03
2.447026089999999876e-01,5.907147475311481759e-03
2.447366182000000057e-01,5.906636303913747298e-03
2.447961227999999878e-01,5.905741907084252271e-03
2.448046222999999966e-01,5.905614152014002950e-03
2.448301190000000127e-01,5.905230910659898212e-03
2.448641105000000096e-01,5.904719977843817316e-03
2.448726075999999863e-01,5.904592254577230130e-03
2.449320792999999941e-01,5.903698302996279734e-03
2.449405739999999942e-01,5.903570611522962822e-03
2.449490685000000056e-01,5.903442924023553050e-03
2.450085216000000010e-01,5.902549222771794057e-03
2.450170137000000081e-01,5.902421567054637330e-03
2.451019187000000044e-01,5.901145228320115420e-03
2.451104075999999965e-01,5.901017616287565840e-03
2.451358724999999905e-01,5.900634804010249090e-03
2.452122512999999893e-01,5.899486581536139349e-03
2.452207362999999918e-01,5.899359021106019563e-03
2.452377055999999944e-01,5.899103912150815976e-03
2.452461897999999862e-01,5.898976363624752924e-03
2.452886062999999894e-01,5.898338680511581479e-03
2.453140527000000071e-01,5.897956118249943896e-03
2.453394963999999956e-01,5.897573591687244043e-03
2.453734173000000074e-01,5.897063611797748010e-03
2.454158117999999944e-01,5.896426226158197823e-03
2.454242898000000006e-01,5.896298760925429774e-03
2.454751518000000132e-01,5.895534052779473518e-03
2.454836277999999927e-01,5.895406615295474030e-03
2.454921035000000029e-01,5.895279181775784326e-03
2.455175287999999956e-01,5.894896904994281935e-03
2.455514250999999981e-01,5.894387258099661499e-03
2.456446157999999935e-01,5.892986055997220980e-03
2.456530859000000122e-01,5.892858697754635271e-03
2.456784945000000109e-01,5.892476646788515765e-03
2.456954322000000079e-01,5.892221965944554815e-03
2.457885682000000016e-01,5.890821504383770939e-03
2.458224271999999988e-01,5.890312364383886758e-03
2.458308912000000124e-01,5.890185089277861184e-03
2.458985927000000016e-01,5.889167030872586445e-03
2.459239759000000081e-01,5.888785324247694346e-03
2.459578162000000123e-01,5.888276437457469134e-03
2.460170254999999861e-01,5.887386037829276698e-03
2.460254828000000005e-01,5.887258853699146345e-03
2.460508530000000138e-01,5.886877325028970313e-03
2.460593091000000121e-01,5.886750156711267716e-03
2.461269477999999955e-01,5.885732952470417063e-03
2.461607601999999950e-01,5.885224445196303097e-03
2.461692125000000120e-01,5.885097328256494627e-03
2.462283710000000014e-01,5.884207620293621828e-03
2.463044108999999926e-01,5.883063994441477956e-03
2.463213055000000040e-01,5.882809898800573159e-03
2.463635369000000130e-01,5.882174728789412929e-03
2.463973167999999880e-01,5.881666663834739586e-03
2.464310920999999988e-01,5.881158662029848522e-03
2.464395352000000039e-01,5.881031671443941351e-03
2.464564204999999952e-01,5.880777702110736097e-03
2.464901877000000019e-01,5.880269810792346924e-03
2.465070695000000089e-01,5.880015888803886114e-03
2.465914613999999894e-01,5.878746515527181506e-03
2.466420826999999871e-01,5.877985080847036164e-03
2.466673893999999922e-01,5.877604416730836286e-03
2.466926936000000126e-01,5.877223788091196464e-03
2.467011276999999947e-01,5.877096919760678266e-03
2.467348614000000051e-01,5.876589485851049267e-03
2.467685904999999957e-01,5.876082114991549622e-03
2.468360347999999926e-01,5.875067562382359741e-03
2.468444640000000134e-01,5.874940761032342550e-03
2.468697499999999989e-01,5.874560380614155669e-03
2.469118875999999907e-01,5.873926492011184199e-03
2.469371666999999881e-01,5.873546206099286397e-03
2.469624431999999925e-01,5.873165955619841574e-03
2.469708680999999906e-01,5.873039213333099487e-03
2.469961411000000107e-01,5.872659010090834110e-03
2.470045649000000010e-01,5.872532283548882043e-03
2.470466795000000049e-01,5.871898709869355533e-03
2.470719447999999985e-01,5.871518612882732462e-03
2.471393063000000001e-01,5.870505194023134185e-03
2.471729802000000031e-01,5.869998578996529943e-03
2.472403140999999971e-01,5.868985537698355633e-03
2.472487295999999946e-01,5.868858925229171290e-03
2.472655596999999983e-01,5.868605712084605519e-03
2.473160429000000049e-01,5.867846166986493556e-03
2.473412806999999991e-01,5.867466447494982910e-03
2.473749271000000027e-01,5.866960209852491344e-03
2.474001589000000001e-01,5.866580572874841894e-03
2.474422061000000062e-01,5.865947923146513053e-03
2.474758387999999865e-01,5.865441874064054525e-03
2.475178731000000076e-01,5.864809401068319522e-03
2.475346848999999960e-01,5.864556439355577896e-03
2.476103236999999957e-01,5.863418305969339724e-03
2.476439334999999964e-01,5.862912570955079727e-03
2.476523351999999900e-01,5.862786147012579233e-03
2.476775387000000050e-01,5.862406898725629201e-03
2.477195389000000081e-01,5.861774896715216988e-03
2.477699295999999940e-01,5.861016623747287470e-03
2.477783271000000009e-01,5.860890258646517942e-03
2.478371014000000094e-01,5.860005812735063005e-03
2.478454965999999926e-01,5.859879479002270269e-03
2.478538915000000065e-01,5.859753149189551001e-03
2.478790744999999907e-01,5.859374183273357087e-03
2.479881714000000126e-01,5.857732405233890757e-03
2.480468959999999889e-01,5.856848645168483310e-03
2.480552839999999870e-01,5.856722409398027601e-03
2.480720593999999890e-01,5.856469949608088775e-03
2.481056066000000004e-01,5.855965077019959289e-03
2.481223785999999987e-01,5.855712664220137122e-03
2.481475343000000000e-01,5.855334074384469303e-03
2.481726874999999888e-01,5.854955519782478572e-03
2.481810714000000084e-01,5.854829342744551253e-03
2.482062211999999934e-01,5.854450835113903136e-03
2.482565132000000008e-01,5.853693925520654998e-03
2.482816552999999871e-01,5.853315523549459422e-03
2.483486886999999865e-01,5.852306623760254213e-03
2.483738215000000082e-01,5.851928350877623995e-03
2.483821985999999926e-01,5.851802267738460440e-03
2.484575793000000088e-01,5.850667695442010770e-03
2.484743275000000085e-01,5.850415611269896114e-03
2.484827011000000085e-01,5.850289575046594380e-03
2.485161928999999881e-01,5.849785469241778821e-03
2.485245651999999916e-01,5.849659452561604620e-03
2.485496802000000116e-01,5.849281425966317352e-03
2.485747927999999995e-01,5.848903434539428660e-03
2.487086833999999913e-01,5.846888074030894000e-03
2.487254145999999999e-01,5.846636224262058250e-03
2.487505094000000139e-01,5.846258478892475165e-03
2.488759453000000121e-01,5.844370278976749461e-03
2.488843054000000055e-01,5.844244430200624431e-03
2.489093842000000001e-01,5.843866907279474283e-03
2.489261020000000102e-01,5.843615244837648340e-03
2.489511765000000099e-01,5.843237780428289958e-03
2.489846052999999948e-01,5.842734549151011592e-03
2.490096739000000059e-01,5.842357166639388331e-03
2.490598036999999987e-01,5.841602506888128252e-03
2.490848647999999999e-01,5.841225229640019043e-03
2.491099233000000079e-01,5.840847987471919911e-03
2.491182755999999943e-01,5.840722247877194913e-03
2.491266276000000113e-01,5.840596512179357068e-03
2.491767337999999943e-01,5.839842179825688664e-03
2.491934336000000139e-01,5.839590766877932222e-03
2.492518742000000009e-01,5.838710944269171962e-03
2.492602217999999870e-01,5.838585270905486714e-03
2.492769159999999873e-01,5.838333935860844787e-03
2.492852627000000099e-01,5.838208274180011273e-03
2.493854013000000036e-01,5.836700637705584740e-03
2.494104296000000109e-01,5.836323816172972120e-03
2.494604787999999962e-01,5.835570278183938552e-03
2.494854995999999936e-01,5.835193561718103258e-03
2.495271954000000125e-01,5.834565778749090277e-03
2.495522095999999912e-01,5.834189155644978718e-03
2.495855579000000046e-01,5.833687045955306127e-03
2.496439065999999929e-01,5.832808503703021223e-03
2.496522411000000052e-01,5.832683013219159239e-03
2.496605752000000122e-01,5.832557526621856732e-03
2.497105742999999878e-01,5.831804688666531247e-03
2.497189065000000041e-01,5.831679229277555478e-03
2.497522325000000043e-01,5.831177430580385471e-03
2.497772241000000004e-01,5.830801122356924111e-03
2.497938838000000050e-01,5.830550269633698497e-03
2.498605114000000127e-01,5.829547014121800978e-03
2.498854920999999951e-01,5.829170857389010321e-03
2.499520953000000101e-01,5.828167943616093666e-03
2.499770668999999890e-01,5.827791915007934573e-03
2.499853901999999906e-01,5.827666579901652315e-03
