q,I
2.039995199999999811e-03,8.492502808818405886e-05
2.884988900000000096e-03,8.492078752669067661e-05
4.079990399999999622e-03,8.491230703898661853e-05
4.561568000000000220e-03,8.490806711275486853e-05
5.769977800000000191e-03,8.489534860441340868e-05
6.119985599999999866e-03,8.489110952504899405e-05
6.451031299999999968e-03,8.488687065737502650e-05
7.355307299999999833e-03,8.487415532438979840e-05
8.159980799999999243e-03,8.486144189623775439e-05
8.411115699999999196e-03,8.485720451010069876e-05
8.654966599999999385e-03,8.485296733556942756e-05
9.123135799999999504e-03,8.484449362128219853e-05
1.019997589999999989e-02,8.482331303792695770e-05
1.040197520000000000e-02,8.481907755586208465e-05
1.098571020000000016e-02,8.480637237868986894e-05
1.153995529999999985e-02,8.479366910482918668e-05
1.189511369999999950e-02,8.478520131284343880e-05
1.223997100000000053e-02,8.477673436656257182e-05
1.240880609999999926e-02,8.477250121053509207e-05
1.290206219999999980e-02,8.475980301077814464e-05
1.306234239999999949e-02,8.475557070026572910e-05
1.368470339999999959e-02,8.473864357163401453e-05
1.427996599999999984e-02,8.472171982396488343e-05
1.442494390000000071e-02,8.471748941524357042e-05
1.471061409999999993e-02,8.470902923156303018e-05
1.485138870000000076e-02,8.470479945658233574e-05
1.553614000000000037e-02,8.468365374985423460e-05
1.593287120000000043e-02,8.467096885997753048e-05
1.631996089999999955e-02,8.465828587037304296e-05
1.644696630000000090e-02,8.465405862940479067e-05
1.682223050000000025e-02,8.464137817305364116e-05
1.730993239999999850e-02,8.462447385281544681e-05
1.742972569999999902e-02,8.462024830034554825e-05
1.754870130000000042e-02,8.461602295889058460e-05
1.824627070000000087e-02,8.459067534088259694e-05
1.835995569999999966e-02,8.458645147623652927e-05
1.847294110000000100e-02,8.458222782252099137e-05
1.880782519999999944e-02,8.456955812685225317e-05
1.924527490000000132e-02,8.455266815168281148e-05
1.935309240000000069e-02,8.454844618503251532e-05
2.009162109999999835e-02,8.451889832129196630e-05
2.019492059999999922e-02,8.451467804103301247e-05
2.039995039999999843e-02,8.450623811275903650e-05
2.050169640000000168e-02,8.450201846472303504e-05
2.080394890000000080e-02,8.448936078489257238e-05
2.100303430000000082e-02,8.448092338513204646e-05
2.129817330000000064e-02,8.446826886546978297e-05
2.168544450000000137e-02,8.445139912143891016e-05
2.197141860000000058e-02,8.443874902468608663e-05
2.206591980000000008e-02,8.443453274690713441e-05
2.243994499999999934e-02,8.441766974120178959e-05
2.253248119999999924e-02,8.441345451607559401e-05
2.280783739999999934e-02,8.440081010364984364e-05
2.307990860000000075e-02,8.438816758543162173e-05
2.325952140000000015e-02,8.437974029215025305e-05
2.379022509999999951e-02,8.435446346193022310e-05
2.387752890000000017e-02,8.435025139318642310e-05
2.447993949999999891e-02,8.432077280095307849e-05
2.456479220000000116e-02,8.431656241464676588e-05
2.464935279999999965e-02,8.431235223859782902e-05
2.481760959999999849e-02,8.430393251723002903e-05
2.490131170000000130e-02,8.429972297189034923e-05
2.523334379999999863e-02,8.428288689258098601e-05
2.556106320000000112e-02,8.426605417604611850e-05
2.580412149999999905e-02,8.425343184506173917e-05
2.596489630000000173e-02,8.424501800825591480e-05
2.612468180000000056e-02,8.423660501176635101e-05
2.651993379999999928e-02,8.421557619637290134e-05
2.659827940000000085e-02,8.421137106335279808e-05
2.683194360000000153e-02,8.419875692422052263e-05
2.721692649999999866e-02,8.417773755813239770e-05
2.736940339999999888e-02,8.416933128114848243e-05
2.744532419999999931e-02,8.416512845749715341e-05
2.774693010000000085e-02,8.414831926158383929e-05
2.834051430000000121e-02,8.411471094130043341e-05
2.841384049999999897e-02,8.411051084526811124e-05
2.855992799999999832e-02,8.410211128242294886e-05
2.863269220000000045e-02,8.409791181558918356e-05
2.884988380000000005e-02,8.408531467331896935e-05
2.899377430000000047e-02,8.407691762689267008e-05
2.920828110000000047e-02,8.406432362967534533e-05
2.942122390000000143e-02,8.405173151911216999e-05
2.970277299999999829e-02,8.403494497266878838e-05
3.012016249999999867e-02,8.400977143944501349e-05
3.032670299999999999e-02,8.399718750111900356e-05
3.059992200000000162e-02,8.398041184908798800e-05
3.066784640000000048e-02,8.397621845965373840e-05
3.087072290000000135e-02,8.396363954776057102e-05
3.107227489999999856e-02,8.395106252026226547e-05
3.113916889999999993e-02,8.394687059646794897e-05
3.120591959999999970e-02,8.394267888200936860e-05
3.166923519999999964e-02,8.391334274131042486e-05
3.173487090000000344e-02,8.390915270115786981e-05
3.186573689999999681e-02,8.390077324856700313e-05
3.193096869999999948e-02,8.389658383610698036e-05
3.225514909999999819e-02,8.387563991174767431e-05
3.263991580000000226e-02,8.385051410460534133e-05
3.270360349999999749e-02,8.384632720197522757e-05
3.289392669999999935e-02,8.383376774855031701e-05
3.295712349999999763e-02,8.382958168219565589e-05
3.320870809999999784e-02,8.381283950710072088e-05
3.345840099999999873e-02,8.379610067602258111e-05
3.364445469999999966e-02,8.378354874682366379e-05
3.376792089999999802e-02,8.377518183868125508e-05
3.395227840000000080e-02,8.376263304324513184e-05
3.419654240000000178e-02,8.374590424021000393e-05
3.461985769999999935e-02,8.371663687461029617e-05
3.467990950000000155e-02,8.371245665750953692e-05
3.473985749999999872e-02,8.370827664915954608e-05
3.485944419999999905e-02,8.369991725866969415e-05
3.491908400000000301e-02,8.369573787650924678e-05
3.509739530000000052e-02,8.368320098223994315e-05
3.521576790000000012e-02,8.367484409613281944e-05
3.562697489999999689e-02,8.364560156690249585e-05
3.568533189999999883e-02,8.364142489714555177e-05
3.609118929999999975e-02,8.361219404832401138e-05
3.614879690000000201e-02,8.360801904686353616e-05
3.632107169999999885e-02,8.359549529338283357e-05
3.649253310000000194e-02,8.358297341603206543e-05
3.671990299999999818e-02,8.356628049750456960e-05
3.677652580000000115e-02,8.356210778886379639e-05
3.694587359999999820e-02,8.354959091315430062e-05
3.722640800000000250e-02,8.352873362038913197e-05
3.744932249999999990e-02,8.351205153550367083e-05
3.750484409999999685e-02,8.350788153493539270e-05
3.761564139999999667e-02,8.349954215850940618e-05
3.794609239999999911e-02,8.347452902617091364e-05
3.811024350000000172e-02,8.346202527026535362e-05
3.832801789999999709e-02,8.344535650944025337e-05
3.849054019999999937e-02,8.343285712374544317e-05
3.870617500000000238e-02,8.341619418884984411e-05
3.875989619999999775e-02,8.341202897518094493e-05
3.881354310000000030e-02,8.340786396951380664e-05
3.897404079999999826e-02,8.339537020041700344e-05
3.918701509999999999e-02,8.337871475300972200e-05
3.924007809999999902e-02,8.337455141097972083e-05
3.939883820000000120e-02,8.336206263229510810e-05
3.960952859999999909e-02,8.334541383760881686e-05
4.007953250000000078e-02,8.330796620691218813e-05
4.018323120000000248e-02,8.329964679662789731e-05
4.023498040000000192e-02,8.329548740307296084e-05
4.038983000000000156e-02,8.328301046862983739e-05
4.049273419999999818e-02,8.327469355075028023e-05
4.064660190000000256e-02,8.326221973134545408e-05
4.079988930000000291e-02,8.324974778059006885e-05
4.085085730000000137e-02,8.324559087887875076e-05
4.100338109999999980e-02,8.323312141922048360e-05
4.105409649999999799e-02,8.322896534779217854e-05
4.125633449999999841e-02,8.321234313742204307e-05
4.130673929999999910e-02,8.320818810361385533e-05
4.160788569999999964e-02,8.318326225775322664e-05
4.185718599999999762e-02,8.316249642397785362e-05
4.200605599999999995e-02,8.315003941234354844e-05
4.205556230000000173e-02,8.314588748984218648e-05
4.244953370000000004e-02,8.311267957311113577e-05
4.259633349999999985e-02,8.310023002432462096e-05
4.283988209999999713e-02,8.307948492068388427e-05
4.288842589999999899e-02,8.307533652151329225e-05
4.303372860000000133e-02,8.306289256692884029e-05
4.322670569999999962e-02,8.304630352726217991e-05
4.327481560000000227e-02,8.304215678509491204e-05
4.337087509999999757e-02,8.303386392198537158e-05
4.361009829999999698e-02,8.301313538754936982e-05
4.365778569999999997e-02,8.300899030172338515e-05
4.380053619999999676e-02,8.299655628617951767e-05
4.394282299999999891e-02,8.298412413332192494e-05
4.403742540000000344e-02,8.297583706610426777e-05
4.413182499999999953e-02,8.296755082654039271e-05
4.455414840000000015e-02,8.293027298850373067e-05
4.474056810000000273e-02,8.291371043772990945e-05
4.478705179999999814e-02,8.290957031695865933e-05
4.487987470000000256e-02,8.290129069564973279e-05
4.492621420000000171e-02,8.289715119509157850e-05
4.506494700000000103e-02,8.288473393368017553e-05
4.515719859999999669e-02,8.287645679285321465e-05
4.529522390000000065e-02,8.286404263158010826e-05
4.561565869999999884e-02,8.283508348700535651e-05
4.584316940000000146e-02,8.281440458081544749e-05
4.602436819999999873e-02,8.279786517311983260e-05
4.615980060000000190e-02,8.278546278531522461e-05
4.624986849999999927e-02,8.277719555898877229e-05
4.651902589999999671e-02,8.275239883371169930e-05
4.656373419999999819e-02,8.274826676847218184e-05
4.660839960000000282e-02,8.274413490957836066e-05
4.691986699999999705e-02,8.271521767414109197e-05
4.696419369999999677e-02,8.271108746564318230e-05
4.709692359999999994e-02,8.269869807762779412e-05
4.731731260000000133e-02,8.267805322190837681e-05
4.744905459999999853e-02,8.266566878260756316e-05
4.758043189999999756e-02,8.265328619856584635e-05
4.762414379999999753e-02,8.264915908278355479e-05
4.775503939999999753e-02,8.263677897198735045e-05
4.779859160000000246e-02,8.263265268053791618e-05
4.801576009999999894e-02,8.261202431394730039e-05
4.814559110000000280e-02,8.259964976614860065e-05
4.836120139999999790e-02,8.257902963918261144e-05
4.849010740000000291e-02,8.256666003417024492e-05
4.866145090000000006e-02,8.255017010993996964e-05
4.895985910000000274e-02,8.252132066743394958e-05
4.900234049999999814e-02,8.251720014170604725e-05
4.904478510000000180e-02,8.251307982174766907e-05
4.912956429999999763e-02,8.250483979909844807e-05
4.929868529999999888e-02,8.248836222258218345e-05
4.934087499999999932e-02,8.248424334272301160e-05
4.938302859999999656e-02,8.248012466855081544e-05
4.963519859999999950e-02,8.245541694237774096e-05
4.967710250000000050e-02,8.245129970772969031e-05
4.980260260000000244e-02,8.243894923737506283e-05
5.001106959999999935e-02,8.241836923146793326e-05
5.017721960000000314e-02,8.240190892621860480e-05
5.038413659999999711e-02,8.238133816792462139e-05
5.046666589999999897e-02,8.237311130269391447e-05
5.050787989999999672e-02,8.236899817819841687e-05
5.067240099999999886e-02,8.235254773411492739e-05
5.099985089999999749e-02,8.231965670251660755e-05
5.104063439999999979e-02,8.231554624742001868e-05
5.112210379999999887e-02,8.230732595301652743e-05
5.116278989999999832e-02,8.230321611368933692e-05
5.136573690000000025e-02,8.228266999538525817e-05
5.148712109999999814e-02,8.227034478669983844e-05
5.160821980000000059e-02,8.225802142439890064e-05
5.164852290000000040e-02,8.225391404722487215e-05
5.192976900000000062e-02,8.222516814959523340e-05
5.200984570000000140e-02,8.221695688151095787e-05
5.212973010000000046e-02,8.220464151701411279e-05
5.224933949999999855e-02,8.219232799742757351e-05
5.228914839999999897e-02,8.218822390083007972e-05
5.244808220000000271e-02,8.217180956383103498e-05
5.264607470000000344e-02,8.215129625293732263e-05
5.292201970000000311e-02,8.212258622138986924e-05
5.296132299999999765e-02,8.211848560753435655e-05
5.303984240000000211e-02,8.211028499413985796e-05
5.307905849999999814e-02,8.210618499457928289e-05
5.319653330000000124e-02,8.209388622432298654e-05
5.339175040000000011e-02,8.207339236803541313e-05
5.354741159999999722e-02,8.205700096699342994e-05
5.366386120000000287e-02,8.204470956477602473e-05
5.385738429999999827e-02,8.202422798609892529e-05
5.389600549999999657e-02,8.202013228402405735e-05
5.401170360000000226e-02,8.200784640493892377e-05
5.420398480000000047e-02,8.198737402964236789e-05
5.431902689999999756e-02,8.197509305792387518e-05
5.443382580000000193e-02,8.196281392596174351e-05
5.473877910000000263e-02,8.193007856633427531e-05
5.481475239999999971e-02,8.192189676968389227e-05
5.489062050000000081e-02,8.191371579017208879e-05
5.492851530000000121e-02,8.190962560681818556e-05
5.507983360000000272e-02,8.189326691584081263e-05
5.511759819999999949e-02,8.188917775365492282e-05
5.523073729999999903e-02,8.187691149227715017e-05
5.541878909999999742e-02,8.185647180662910844e-05
5.549383139999999881e-02,8.184829736129255119e-05
5.568099469999999995e-02,8.182786481954385958e-05
5.571835189999999743e-02,8.182377892338552777e-05
5.601631270000000107e-02,8.179109909870517037e-05
5.612764020000000215e-02,8.177884753004620040e-05
5.627573429999999793e-02,8.176251496011211698e-05
5.642343970000000125e-02,8.174618565237389911e-05
5.657075939999999664e-02,8.172985960617980576e-05
5.668099790000000193e-02,8.171761721153087104e-05
5.671769649999999774e-02,8.171353682087908522e-05
5.682764989999999905e-02,8.170129687147177795e-05
5.690083420000000003e-02,8.169313792389062989e-05
5.711982439999999800e-02,8.166866596996208384e-05
5.715624119999999919e-02,8.166458802381958756e-05
5.726535270000000094e-02,8.165235540720964060e-05
5.744674450000000071e-02,8.163197178497294494e-05
5.748295419999999850e-02,8.162789567125153147e-05
5.759144669999999994e-02,8.161566855135537286e-05
5.769973510000000333e-02,8.160344326314737640e-05
5.773578619999999995e-02,8.159936857407349938e-05
5.777181470000000013e-02,8.159529408847908112e-05
5.798751569999999883e-02,8.157085144743128461e-05
5.802338790000000079e-02,8.156677838591465455e-05
5.805923799999999912e-02,8.156270552779779439e-05
5.834524540000000231e-02,8.153012998400655019e-05
5.841652840000000069e-02,8.152198813133780184e-05
5.845213739999999963e-02,8.151791750994047251e-05
5.873623160000000093e-02,8.148535985588213626e-05
5.884241330000000020e-02,8.147315408862327375e-05
5.887776470000000151e-02,8.146908590588189749e-05
5.915981499999999754e-02,8.143654775669077858e-05
5.919497680000000012e-02,8.143248140198240724e-05
5.930033710000000291e-02,8.142028355620178318e-05
5.940551060000000272e-02,8.140808753772469926e-05
5.947552290000000103e-02,8.139995787377293270e-05
5.958038699999999854e-02,8.138776490019155100e-05
5.971991950000000299e-02,8.137151044337265974e-05
5.999801099999999693e-02,8.133901126886439691e-05
6.003268190000000254e-02,8.133494978489692114e-05
6.024028800000000294e-02,8.131058513997361690e-05
6.027481950000000005e-02,8.130652507553904869e-05
6.041274809999999662e-02,8.129028684519901756e-05
6.055036250000000314e-02,8.127405185821029335e-05
6.058471719999999894e-02,8.126999361816033554e-05
6.065336839999999757e-02,8.126187774602819760e-05
6.085885719999999804e-02,8.123753499263306149e-05
6.113176780000000032e-02,8.120508933209008465e-05
6.119980530000000002e-02,8.119697994212627800e-05
6.123379560000000166e-02,8.119292555086360299e-05
6.133565380000000067e-02,8.118076359183770132e-05
6.136956899999999882e-02,8.117671001038219013e-05
6.150504259999999696e-02,8.116049770871891294e-05
6.167396609999999807e-02,8.114023688524315029e-05
6.174140610000000001e-02,8.113213397226993193e-05
6.194328550000000044e-02,8.110783008858691873e-05
6.204397889999999777e-02,8.109568087731622039e-05
6.214450920000000322e-02,8.108353348606268148e-05
6.217798310000000050e-02,8.107948476004528404e-05
6.227829700000000329e-02,8.106733979505570105e-05
6.241179809999999883e-02,8.105114933850367438e-05
6.244512879999999933e-02,8.104710222967382129e-05
6.257827400000000317e-02,8.103091581528121051e-05
6.284371810000000114e-02,8.099855268485250026e-05
6.297602060000000168e-02,8.098237596752502114e-05
6.300905280000000663e-02,8.097833229307194733e-05
6.323979509999999582e-02,8.095003222541443744e-05
6.327268960000000109e-02,8.094599016613029973e-05
6.333842739999999416e-02,8.093790665310444173e-05
6.337127069999999585e-02,8.093386519934217581e-05
6.346969869999999347e-02,8.092174204893875459e-05
6.353523260000000505e-02,8.091366095763712183e-05
6.373143000000000558e-02,8.088942252589292642e-05
6.376407089999999722e-02,8.088538349331145651e-05
6.386189339999999437e-02,8.087326760572389941e-05
6.389446769999999887e-02,8.086922937988084037e-05
6.402459889999999321e-02,8.085307849299852524e-05
6.405709029999999415e-02,8.084904127534969960e-05
6.441341509999999604e-02,8.080464518519740312e-05
6.451025289999999524e-02,8.079254139263534801e-05
6.479989830000000561e-02,8.075624089313768292e-05
6.483200120000000288e-02,8.075220851132561219e-05
6.492821479999999479e-02,8.074011257405533219e-05
6.505627819999999784e-02,8.072398747636869295e-05
6.508825470000000057e-02,8.071995670521492491e-05
6.518409000000000009e-02,8.070786559943444029e-05
6.527978469999999589e-02,8.069577630496619139e-05
6.531165170000000075e-02,8.069174694260961521e-05
6.540715969999999491e-02,8.067966006280040164e-05
6.556603060000000538e-02,8.065951928671465001e-05
6.569285060000000509e-02,8.064341028635794138e-05
6.578780519999999354e-02,8.063133064763428016e-05
6.585103220000000646e-02,8.062327856049826666e-05
6.591419860000000130e-02,8.061522727754618885e-05
6.607185029999999848e-02,8.059510258794011972e-05
6.619770129999999475e-02,8.057900645387576608e-05
6.635467940000000509e-02,8.055889080726707271e-05
6.641736669999999398e-02,8.055084595488998017e-05
6.644868819999999454e-02,8.054682383000448379e-05
6.660507479999999703e-02,8.052671621820462486e-05
6.669873070000000015e-02,8.051465406086439703e-05
6.682340109999999889e-02,8.049857399521347535e-05
6.691675140000000188e-02,8.048651605372540219e-05
6.710306259999999912e-02,8.046240558950825750e-05
6.728885780000000427e-02,8.043830234849585386e-05
6.731977379999999622e-02,8.043428584376443918e-05
6.735067570000000114e-02,8.043026953960856972e-05
6.744329620000000247e-02,8.041822183048478242e-05
6.753578970000000126e-02,8.040617592617118909e-05
6.756659280000000545e-02,8.040216102575606361e-05
6.759738179999999486e-02,8.039814632583447700e-05
6.781251330000000188e-02,8.037004903938469965e-05
6.790450389999999614e-02,8.035801035160641836e-05
6.793513980000000230e-02,8.035399785646262817e-05
6.808811230000000325e-02,8.033393838615409158e-05
6.817973099999999342e-02,8.032190510793927316e-05
6.839303080000000423e-02,8.029383446860148944e-05
6.842344790000000343e-02,8.028982517824402977e-05
6.854498139999999629e-02,8.027379001885690132e-05
6.857533120000000593e-02,8.026978172947124872e-05
6.881764710000000396e-02,8.023772261945086044e-05
6.902897569999999483e-02,8.020968140277951483e-05
6.923965930000000601e-02,8.018164998680816146e-05
6.926970470000000379e-02,8.017764629866985695e-05
6.929973700000000014e-02,8.017364281046575141e-05
6.935976259999999949e-02,8.016563643382018439e-05
6.938975599999999688e-02,8.016163354535974937e-05
6.947965829999999676e-02,8.014962607930339899e-05
6.962923760000000462e-02,8.012961763303372471e-05
6.971883119999999767e-02,8.011761496312754568e-05
6.977849630000000636e-02,8.010961418212947274e-05
6.983811040000000026e-02,8.010161420018971552e-05
7.010574679999999337e-02,8.006562416767754476e-05
7.019473210000000407e-02,8.005363108432184550e-05
7.025399309999999509e-02,8.004563669356060942e-05
7.034279089999999346e-02,8.003364660443154871e-05
7.043147669999999527e-02,8.002165831147900390e-05
7.046101389999999409e-02,8.001766261293299064e-05
7.069686679999999390e-02,7.998570420699588541e-05
7.072629310000000391e-02,7.998171030390867331e-05
7.081449859999999763e-02,7.996972979128094770e-05
7.096126429999999319e-02,7.994976625842020290e-05
7.104917809999999889e-02,7.993779053117493541e-05
7.116622760000000658e-02,7.992182568550764647e-05
7.125388859999999547e-02,7.990985414390409393e-05
7.137060239999999667e-02,7.989389487811684174e-05
7.139975099999999741e-02,7.988990555976106854e-05
7.142888779999999327e-02,7.988591644062282312e-05
7.151622679999999899e-02,7.987395027840786912e-05
7.163251310000000316e-02,7.985799818388478264e-05
7.166155520000000445e-02,7.985401065812166796e-05
7.174861100000000380e-02,7.984204927555652086e-05
7.186452140000000599e-02,7.982610355278686037e-05
7.209578290000000222e-02,7.979422166137316427e-05
7.212463850000000454e-02,7.979023732045264377e-05
7.218231499999999690e-02,7.978226923550533946e-05
7.229752999999999874e-02,7.976633545291020896e-05
7.235506869999999702e-02,7.975836975510380465e-05
7.244129109999999927e-02,7.974642270003443100e-05
7.264207849999999855e-02,7.971855319780074404e-05
7.281374140000000661e-02,7.969467280594334975e-05
7.289942130000000298e-02,7.968273529300144026e-05
7.298500049999999406e-02,7.967079956835850473e-05
7.304199769999999980e-02,7.966284341196540060e-05
7.312741009999999819e-02,7.965091066722771449e-05
7.324113840000000264e-02,7.963500312155381605e-05
7.343973900000000388e-02,7.960717256160873188e-05
7.346806670000000095e-02,7.960319756145653675e-05
7.355298439999999327e-02,7.959127375197087080e-05
7.358126850000000496e-02,7.958729954576596749e-05
7.369429630000000342e-02,7.957140470546544353e-05
7.372252619999999923e-02,7.956743149147115347e-05
7.389167900000000178e-02,7.954359637381916437e-05
7.391983359999999836e-02,7.953962454850514209e-05
7.394797729999999514e-02,7.953565292153186685e-05
7.414468470000000477e-02,7.950785708550014324e-05
7.417274320000000198e-02,7.950388704491653834e-05
7.425685499999999661e-02,7.949197811264800640e-05
7.445274629999999727e-02,7.946419754140766683e-05
7.470385179999999847e-02,7.942849393078167761e-05
7.481518369999999585e-02,7.941263080953412919e-05
7.484299079999999493e-02,7.940866552431286084e-05
7.489857399999999554e-02,7.940073554790973598e-05
7.500961690000000626e-02,7.938487797098472986e-05
7.506507669999999688e-02,7.937695037030416205e-05
7.523121089999999789e-02,7.935317231844304063e-05
7.525886430000000571e-02,7.934921000243071675e-05
7.547972660000000500e-02,7.931751859675301066e-05
7.550728900000000521e-02,7.931355806119860222e-05
7.558991580000000432e-02,7.930167764116971801e-05
7.569994450000000485e-02,7.928583984957929677e-05
7.572742679999999726e-02,7.928188089598280097e-05
7.580981359999999780e-02,7.927000522135170351e-05
7.589211099999999821e-02,7.925813132575664454e-05
7.591952370000000505e-02,7.925417375585377771e-05
7.616579349999999526e-02,7.921856451894105971e-05
7.622041209999999567e-02,7.921065352840185483e-05
7.638403350000000369e-02,7.918692529701013862e-05
7.646571289999999632e-02,7.917506384720309149e-05
7.657448329999999581e-02,7.915925134482221237e-05
7.665595969999999815e-02,7.914739404071050824e-05
7.668309930000000163e-02,7.914344200074989531e-05
7.679156169999999670e-02,7.912763581435728949e-05
7.681865340000000597e-02,7.912368476107269522e-05
7.689987119999999732e-02,7.911183278501398555e-05
7.698100330000000324e-02,7.909998258444025411e-05
7.711603370000000290e-02,7.908023619494937689e-05
7.722388809999999881e-02,7.906444263296783621e-05
7.741227159999999885e-02,7.903681148970047581e-05
7.751971380000000078e-02,7.902102660115099776e-05
7.754655109999999962e-02,7.901708087166272535e-05
7.762700729999999494e-02,7.900524486539596504e-05
7.768059839999999494e-02,7.899735517961884606e-05
7.776091590000000497e-02,7.898552212835857806e-05
7.789459440000000290e-02,7.896580431534991871e-05
7.794800159999999700e-02,7.895791856859806673e-05
7.808135970000000536e-02,7.893820764716031235e-05
7.810800410000000304e-02,7.893426605344262337e-05
7.818788249999999995e-02,7.892244245324518540e-05
7.837394890000000391e-02,7.889486094045938000e-05
7.848007460000000490e-02,7.887910440439641177e-05
7.850658350000000452e-02,7.887516576214330280e-05
7.871833409999999531e-02,7.884366370399190234e-05
7.874476290000000100e-02,7.883972683155884235e-05
7.879759379999999591e-02,7.883185367647417411e-05
7.882399599999999340e-02,7.882791739380363299e-05
7.921897310000000636e-02,7.876889673641189417e-05
7.935019529999999544e-02,7.874923300662373506e-05
7.937641369999999530e-02,7.874530084982051209e-05
7.945501689999999451e-02,7.873350555754230168e-05
7.955970049999999683e-02,7.871778124978198808e-05
7.958584990000000525e-02,7.871385066359974484e-05
7.966424649999999386e-02,7.870206008271447200e-05
7.979473639999999646e-02,7.868241303952390540e-05
7.997706450000000022e-02,7.865491541939589458e-05
8.000307750000000551e-02,7.865098797257396440e-05
8.015897800000000573e-02,7.862742740995820622e-05
8.021087740000000521e-02,7.861957545773319643e-05
8.028866380000000691e-02,7.860779899973677643e-05
8.036637480000000111e-02,7.859602430590966566e-05
8.039226180000000332e-02,7.859209979996012105e-05
8.046987279999999465e-02,7.858032745795038665e-05
8.049572650000000329e-02,7.857640373586073038e-05
8.070225790000000454e-02,7.854502101218942592e-05
8.077957099999999446e-02,7.853325572281151263e-05
8.083107209999999820e-02,7.852541317574213934e-05
8.090826210000000296e-02,7.851365082371342889e-05
8.098537860000000477e-02,7.850189023374307248e-05
8.121628870000000000e-02,7.846661903353691818e-05
8.124190489999999487e-02,7.846270098975718921e-05
8.129311300000000018e-02,7.845486548915747910e-05
8.144654410000000400e-02,7.843136368234799867e-05
8.152315139999999349e-02,7.841961541939153650e-05
8.159968680000000141e-02,7.840786891638176846e-05
8.162518259999999859e-02,7.840395380643129866e-05
8.165067049999999438e-02,7.840003889199260783e-05
8.170162240000000686e-02,7.839220964960707302e-05
8.182886339999999314e-02,7.837263996439576812e-05
8.193051390000000156e-02,7.835698773407003795e-05
8.200666909999999865e-02,7.834525061299081865e-05
8.205739989999999429e-02,7.833742684244168742e-05
8.210809939999999529e-02,7.832960385327099036e-05
8.213343739999999504e-02,7.832569265167793648e-05
8.223471150000000174e-02,7.831004979836519346e-05
8.233586090000000191e-02,7.829441006947304032e-05
8.251257400000000519e-02,7.826704806017429044e-05
8.253778790000000642e-02,7.826313998245877667e-05
8.261338329999999563e-02,7.825141692022628197e-05
8.266374179999999572e-02,7.824360252107115171e-05
8.283975550000000077e-02,7.821625826950347844e-05
8.304045720000000075e-02,7.818501939863569024e-05
8.306551080000000586e-02,7.818111541721963441e-05
8.321567409999999776e-02,7.815769562243456354e-05
8.324067490000000569e-02,7.815379300549725526e-05
8.326566829999999808e-02,7.814989058344767273e-05
8.334060340000000455e-02,7.813818448651952927e-05
8.363967260000000625e-02,7.809137763247754290e-05
8.366454680000000310e-02,7.808747832729101058e-05
8.371427300000000571e-02,7.807968030107190053e-05
8.373912499999999759e-02,7.807578158001900756e-05
8.386327459999999567e-02,7.805629089494399648e-05
8.393767620000000540e-02,7.804459881969836330e-05
8.401201190000000263e-02,7.803290849598136687e-05
8.403677589999999920e-02,7.802901211059234921e-05
8.411102400000000645e-02,7.801732412183898257e-05
8.425932399999999656e-02,7.799395339681953717e-05
8.433337620000000423e-02,7.798227066002951771e-05
8.445665230000000412e-02,7.796280332109377809e-05
8.453053160000000010e-02,7.795112525073240621e-05
8.462893709999999570e-02,7.793555721154347201e-05
8.484993209999999730e-02,7.790054049144854993e-05
8.489896399999999343e-02,7.789276113514889146e-05
8.492346929999999849e-02,7.788887174835652230e-05
8.502141990000000593e-02,7.787331614335066580e-05
8.511925789999999492e-02,7.785776364533999344e-05
8.519256259999999359e-02,7.784610131042200604e-05
8.521698349999999589e-02,7.784221425370123804e-05
8.524139740000000187e-02,7.783832739108969797e-05
8.541209930000000228e-02,7.781112478706280801e-05
8.543645739999999877e-02,7.780723947697809248e-05
8.563107309999999639e-02,7.777616398029415525e-05
8.567965800000000576e-02,7.776839704576553314e-05
8.570394000000000623e-02,7.776451386939315963e-05
8.577674509999999586e-02,7.775286550373477275e-05
8.580099970000000520e-02,7.774898310296802606e-05
8.589794970000000363e-02,7.773345543857438224e-05
8.599479040000000685e-02,7.771793087559407029e-05
8.606734940000000667e-02,7.770628948828758040e-05
8.609152209999999805e-02,7.770240941340567976e-05
8.628466029999999620e-02,7.767137578893174683e-05
8.645330230000000671e-02,7.764423153606856082e-05
8.654952159999999839e-02,7.762872479419130839e-05
8.657355969999999679e-02,7.762484859268902501e-05
8.659759109999999593e-02,7.762097258475329927e-05
8.666964550000000322e-02,7.760934572225659041e-05
8.674163999999999486e-02,7.759772060151829819e-05
8.678960310000000122e-02,7.758997148853984701e-05
8.686149819999999799e-02,7.757834927015244046e-05
8.698119120000000204e-02,7.755898277507332220e-05
8.714848529999999482e-02,7.753187780462342303e-05
8.722008450000000301e-02,7.752026428894176816e-05
8.731545890000000365e-02,7.750478230761561488e-05
8.760095880000000335e-02,7.745835491488439045e-05
8.762470840000000094e-02,7.745448722120799347e-05
8.771964279999999725e-02,7.743901837783545583e-05
8.774336039999999781e-02,7.743515164977725568e-05
8.781447459999999761e-02,7.742355262412676468e-05
8.788553120000000551e-02,7.741195533606385942e-05
8.793287040000000165e-02,7.740422477588679328e-05
8.800383150000000432e-02,7.739263038322765340e-05
8.807473540000000656e-02,7.738103772746080043e-05
8.809835729999999920e-02,7.737717389480316726e-05
8.826353389999999632e-02,7.735013246825355295e-05
8.828710539999999607e-02,7.734627017892487454e-05
8.831067049999999363e-02,7.734240808246657401e-05
8.838132819999999779e-02,7.733082295023471157e-05
8.849896570000000129e-02,7.731151825306819213e-05
8.856947319999999846e-02,7.729993774827622688e-05
8.866339600000000543e-02,7.728449977377438126e-05
8.887435929999999706e-02,7.724977560424049240e-05
8.894456929999999817e-02,7.723820434878531083e-05
8.906146280000000470e-02,7.721892277495684745e-05
8.910817729999999381e-02,7.721121149337819298e-05
8.922485650000000490e-02,7.719193665863852236e-05
8.941122649999999616e-02,7.716110693191516106e-05
8.943449539999999420e-02,7.715725408202377871e-05
8.948101510000000536e-02,7.714954895943505471e-05
8.957398210000000471e-02,7.713414102276559218e-05
8.962042940000000679e-02,7.712643820852990760e-05
8.969005530000000170e-02,7.711488542958539849e-05
8.975962719999999728e-02,7.710333438130043680e-05
8.978280580000000399e-02,7.709948441641796373e-05
8.985230589999999851e-02,7.708793567527650551e-05
8.996801999999999577e-02,7.706869161781025135e-05
9.006048429999999327e-02,7.705329983114084084e-05
9.012977020000000061e-02,7.704175800866143703e-05
9.017593120000000351e-02,7.703406442092397999e-05
9.031427279999999780e-02,7.701098826765814798e-05
9.033730919999999331e-02,7.700714291429797988e-05
9.036033960000000587e-02,7.700329775296333866e-05
9.054437240000000331e-02,7.697254337410292251e-05
9.059032220000000357e-02,7.696485669898482749e-05
9.061328829999999723e-02,7.696101364931199739e-05
9.088842950000000642e-02,7.691491201961702957e-05
9.097995829999999673e-02,7.689955094803212047e-05
9.107139520000000210e-02,7.688419294458288204e-05
9.109424000000000687e-02,7.688035392304441826e-05
9.116274030000000306e-02,7.686883800865573714e-05
9.123118909999999859e-02,7.685732381940205127e-05
9.134515649999999654e-02,7.683813733691583186e-05
9.143622810000000267e-02,7.682279159987862776e-05
9.161809969999999692e-02,7.679210932040616785e-05
9.164080830000000122e-02,7.678827489728029716e-05
9.168620859999999928e-02,7.678060662546125554e-05
9.179961109999999758e-02,7.676143929632656192e-05
9.182227469999999780e-02,7.675760640477801930e-05
9.189023229999999931e-02,7.674610887852669156e-05
9.200338330000000509e-02,7.672695016216031982e-05
9.204860469999999462e-02,7.671928801497578272e-05
9.216156120000000562e-02,7.670013599475286083e-05
9.218413590000000546e-02,7.669630616452999304e-05
9.225182690000000019e-02,7.668481782133236969e-05
9.231946820000000442e-02,7.667333119914005618e-05
9.236453490000000321e-02,7.666567440699850690e-05
9.243209369999999536e-02,7.665419065257556984e-05
9.249960320000000236e-02,7.664270861847214409e-05
9.252209549999999838e-02,7.663888165601956078e-05
9.261200969999999755e-02,7.662357571719479821e-05
9.272427989999999787e-02,7.660444759267195155e-05
9.279157679999999742e-02,7.659297301030278311e-05
9.290363000000000093e-02,7.657385252610298949e-05
9.303791570000000122e-02,7.655091424618117892e-05
9.306027779999999361e-02,7.654709186769415410e-05
9.312733189999999883e-02,7.653562587747137565e-05
9.321666239999999715e-02,7.652034056237457178e-05
9.323898160000000657e-02,7.651651971065479853e-05
9.341734349999999965e-02,7.648595976501579091e-05
9.343961480000000097e-02,7.648214063018203687e-05
9.359536559999999394e-02,7.645541202589870933e-05
9.361759449999999816e-02,7.645159441653632778e-05
9.377304960000000522e-02,7.642487648842655494e-05
9.383959440000000374e-02,7.641342880661563771e-05
9.386176549999999952e-02,7.640961329378400952e-05
9.392824739999999784e-02,7.639816789846830421e-05
9.397254260000000026e-02,7.639053858748115131e-05
9.403894620000000093e-02,7.637909604964186782e-05
9.412741149999999390e-02,7.636384199892473960e-05
9.419370589999999377e-02,7.635240346035311577e-05
9.430409309999999989e-02,7.633334303715264121e-05
9.432615499999999487e-02,7.632953152358818479e-05
9.439230989999999877e-02,7.631809812488016622e-05
9.450246499999999383e-02,7.629904626640407440e-05
9.463448200000000587e-02,7.627619031473265488e-05
9.465646689999999974e-02,7.627238165522301375e-05
9.483216279999999443e-02,7.624191922533468885e-05
9.489796490000000639e-02,7.623049895133914163e-05
9.491988880000000461e-02,7.622669257353252526e-05
9.500753380000000192e-02,7.621146896301438317e-05
9.509509800000000290e-02,7.619624839317327199e-05
9.516071830000000231e-02,7.618483496087116919e-05
9.520444000000000129e-02,7.617722695589792203e-05
9.524814160000000252e-02,7.616961971075110786e-05
9.537912649999999437e-02,7.614680253352222095e-05
9.550993169999999477e-02,7.612399219200770165e-05
9.555349359999999737e-02,7.611639026352975913e-05
9.559703569999999928e-02,7.610878909427399664e-05
9.561879930000000138e-02,7.610498879432909137e-05
9.579273010000000088e-02,7.607459322593995959e-05
9.587957719999999628e-02,7.605939999486989304e-05
9.590127669999999604e-02,7.605560216128458317e-05
9.596634569999999698e-02,7.604420979840876757e-05
9.603137069999999331e-02,7.603281914216111759e-05
9.607469620000000377e-02,7.602522631932777169e-05
9.613964780000000543e-02,7.601383850688751885e-05
9.622618180000000465e-02,7.599865741061493231e-05
9.629103129999999622e-02,7.598727357831544071e-05
9.642059930000000667e-02,7.596451102950131488e-05
9.648531809999999487e-02,7.595313231247904364e-05
9.665768969999999349e-02,7.592279739990340009e-05
9.672224980000000694e-02,7.591142493176513458e-05
9.674376029999999516e-02,7.590763448765350122e-05
9.676526600000000256e-02,7.590384423282578626e-05
9.691567219999999705e-02,7.587731774820440837e-05
9.693713980000000230e-02,7.587352900731224965e-05
9.698006060000000095e-02,7.586595209311695811e-05
9.717296979999999473e-02,7.583186534258560521e-05
9.725858440000000049e-02,7.581672059257440067e-05
9.732274600000000164e-02,7.580536401520796073e-05
9.742958790000000313e-02,7.578644016672198230e-05
9.751497720000000535e-02,7.577130448967143582e-05
9.762160879999999541e-02,7.575238914453779010e-05
9.768553189999999720e-02,7.574104220430139271e-05
9.777069770000000604e-02,7.572591559477429815e-05
9.791955950000000297e-02,7.569945129774112913e-05
9.794080700000000472e-02,7.569567143901635156e-05
9.796204990000000057e-02,7.569189176904741816e-05
9.800452190000000230e-02,7.568433299533776804e-05
9.802575099999999431e-02,7.568055389157970407e-05
9.808941070000000428e-02,7.566921771257595060e-05
9.811062140000000042e-02,7.566543936363263575e-05
9.813182759999999893e-02,7.566166120337233379e-05
9.825896829999999915e-02,7.563899620356166948e-05
9.844937149999999360e-02,7.560501143468840665e-05
9.847050470000000277e-02,7.560123629203260864e-05
9.853387700000000582e-02,7.558991199514763853e-05
9.859720869999999415e-02,7.557858939469282839e-05
9.868158759999999530e-02,7.556349523253417502e-05
9.870267110000000010e-02,7.555972216308409273e-05
9.876589439999999831e-02,7.554840408519511680e-05
9.887117689999999626e-02,7.552954438969281784e-05
9.895532220000000101e-02,7.551446002349388928e-05
9.903939609999999616e-02,7.549937867015960383e-05
9.914438809999999436e-02,7.548053121440974290e-05
9.927023199999999992e-02,7.545792047864209888e-05
9.935403930000000217e-02,7.544285041817964314e-05
9.945869920000000031e-02,7.542401707535090042e-05
9.947961800000000576e-02,7.542025097105787982e-05
9.954234789999999444e-02,7.540895378655427367e-05
9.960503830000000391e-02,7.539765829441658724e-05
9.962592630000000060e-02,7.539389350640754895e-05
9.964681000000000233e-02,7.539012890640309759e-05
9.970943470000000197e-02,7.537883623431331729e-05
9.979287320000000683e-02,7.536378196966880296e-05
9.995954120000000165e-02,7.533368246032439623e-05
9.998035519999999565e-02,7.532992086709401451e-05
1.000219702000000044e-01,7.532239824415491963e-05
1.000427710999999970e-01,7.531863721442612163e-05
1.001467112000000020e-01,7.529983488283056533e-05
1.002920464000000011e-01,7.527351950461483223e-05
1.003542684999999962e-01,7.526224430111263641e-05
1.003750006000000000e-01,7.525848627530714750e-05
1.004578862999999933e-01,7.524345604864502606e-05
1.004785970000000028e-01,7.523969896107185777e-05
1.006441294999999986e-01,7.520964901397871321e-05
1.007061340000000027e-01,7.519838337854563271e-05
1.007681004000000047e-01,7.518711943075446753e-05
1.007887474000000033e-01,7.518336515647827147e-05
1.009331579999999950e-01,7.515709048540195275e-05
1.009743802999999995e-01,7.514958512337789945e-05
1.010155856999999935e-01,7.514208051092878169e-05
1.011391013000000061e-01,7.511957117028446004e-05
1.012830123999999971e-01,7.509331879573700878e-05
1.013035545000000037e-01,7.508956920560587943e-05
1.013446261000000015e-01,7.508207058706554081e-05
1.014472322999999954e-01,7.506332731699374972e-05
1.014677410999999946e-01,7.505957922455392783e-05
1.015292426999999942e-01,7.504833607021178365e-05
1.016316624999999974e-01,7.502960122234179842e-05
1.018566236999999958e-01,7.498840101971073239e-05
1.019587146000000000e-01,7.496968113529712445e-05
1.019995224000000006e-01,7.496219449021418121e-05
1.020199202000000027e-01,7.495845144806676473e-05
1.020810889999999999e-01,7.494722344308967291e-05
1.021829558000000027e-01,7.492851383912248100e-05
1.022440270999999956e-01,7.491729031892599162e-05
1.023253987999999948e-01,7.490232824068861260e-05
1.024270225000000062e-01,7.488362984530973166e-05
1.024473352000000032e-01,7.487989072646276110e-05
1.025082489999999957e-01,7.486867449021190803e-05
1.025894110999999997e-01,7.485372212220477530e-05
1.026705091000000014e-01,7.483877274069447528e-05
1.027312905999999970e-01,7.482756266408908843e-05
1.029134196000000001e-01,7.479394250916633494e-05
1.029740576000000019e-01,7.478273914831630063e-05
1.029942623999999946e-01,7.477900506766953378e-05
1.030952267999999949e-01,7.476033746129689863e-05
1.031557580000000002e-01,7.474913913462347180e-05
1.032162536999999963e-01,7.473794248550577656e-05
1.032364110999999945e-01,7.473421064188135821e-05
1.032968595999999989e-01,7.472301622911362994e-05
1.034176504999999996e-01,7.470063243423668035e-05
1.035784859999999974e-01,7.467079780540565722e-05
1.036387349999999957e-01,7.465961289214486361e-05
1.038593488000000009e-01,7.461861587684263041e-05
1.038793813000000038e-01,7.461488999205290185e-05
1.038994099999999976e-01,7.461116429332607610e-05
1.039594729999999967e-01,7.459998831341134299e-05
1.040195012999999974e-01,7.458881400770581594e-05
1.040395030000000054e-01,7.458508961113931475e-05
1.040595009000000043e-01,7.458136540055888711e-05
1.041194715000000048e-01,7.457019388464237617e-05
1.041993786000000033e-01,7.455530113332595079e-05
1.042193458000000017e-01,7.455157841029910661e-05
1.042592687999999990e-01,7.454413352194469075e-05
1.043590092999999996e-01,7.452552455385797359e-05
1.044387331999999946e-01,7.451064072451955920e-05
1.044984860999999959e-01,7.449947980345047603e-05
1.045383024999999994e-01,7.449204011828157175e-05
1.045781035999999997e-01,7.448460117612775973e-05
1.046775404000000048e-01,7.446600707095229154e-05
1.047570218000000025e-01,7.445113512926573721e-05
1.048562888999999970e-01,7.443254937925856507e-05
1.048959693999999970e-01,7.442511637855694440e-05
1.049158040000000014e-01,7.442140015659209093e-05
1.050149209999999972e-01,7.440282183024699990e-05
1.051535277999999934e-01,7.437681996542104936e-05
1.052919521000000025e-01,7.435082718845438879e-05
1.053117120999999962e-01,7.434711467628151685e-05
1.053907153000000069e-01,7.433226648142714059e-05
1.055485441999999968e-01,7.430257898818348208e-05
1.056470674999999970e-01,7.428403032684839570e-05
1.057848460000000018e-01,7.425806998059750858e-05
1.058045140000000023e-01,7.425436210045909804e-05
1.058438389999999951e-01,7.424694689565703766e-05
1.058634960999999958e-01,7.424323957097545782e-05
1.059224453000000010e-01,7.423211870769063985e-05
1.060206211000000037e-01,7.421358763753883783e-05
1.060794830000000022e-01,7.420247121623449471e-05
1.060990963999999953e-01,7.419876611254259664e-05
1.061579148000000028e-01,7.418765191156238424e-05
1.062558730999999951e-01,7.416913194303397341e-05
1.063928632000000069e-01,7.414321175467379805e-05
1.064319707999999975e-01,7.413580765066299014e-05
1.064906052999999991e-01,7.412470288111581572e-05
1.065687344999999980e-01,7.410989910940338936e-05
1.067443161000000001e-01,7.407660143299913378e-05
1.067832950000000003e-01,7.406920398148458806e-05
1.068027790999999949e-01,7.406550553278112641e-05
1.068806801000000001e-01,7.405071358477556282e-05
1.069001465000000012e-01,7.404701605943158032e-05
1.069585242999999963e-01,7.403592459122121741e-05
1.070363119999999946e-01,7.402113855152677986e-05
1.070557500000000051e-01,7.401744250307489231e-05
1.070946155999999982e-01,7.401005095987258395e-05
1.072111278000000001e-01,7.398788075921200426e-05
1.073275134000000047e-01,7.396571720042196337e-05
1.073662806000000025e-01,7.395833082312117503e-05
1.075018556999999958e-01,7.393248431139916787e-05
1.076565896000000050e-01,7.390295650217185825e-05
1.077145573999999939e-01,7.389188661466078618e-05
1.077338731000000022e-01,7.388819702068306081e-05
1.077917994999999934e-01,7.387712934420361238e-05
1.078882741999999950e-01,7.385868690101525806e-05
1.079653919999999934e-01,7.384393626165863301e-05
1.080231942000000056e-01,7.383287521561534780e-05
1.081194624000000049e-01,7.381444382095094631e-05
1.081387057999999984e-01,7.381075809424686906e-05
1.081964153999999956e-01,7.379970201842561239e-05
1.082733136999999984e-01,7.378496316033502712e-05
1.082925297000000009e-01,7.378127890580874404e-05
1.084077544000000004e-01,7.375917724194821958e-05
1.084269466000000043e-01,7.375549427509923094e-05
1.084461354000000044e-01,7.375181149216693982e-05
1.085803620999999941e-01,7.372603716054401571e-05
1.085995238000000002e-01,7.372235584861585634e-05
1.086378370999999954e-01,7.371499377625526279e-05
1.086569886000000040e-01,7.371131301580190350e-05
1.087526959000000015e-01,7.369291197045542299e-05
1.088100798000000008e-01,7.368187354844950624e-05
1.088674334999999993e-01,7.367083678004331842e-05
1.089629559000000053e-01,7.365244584002691704e-05
1.090393136000000068e-01,7.363773639394446621e-05
1.090583945999999971e-01,7.363405949150344588e-05
1.091156177999999949e-01,7.362302988583300817e-05
1.092109230999999958e-01,7.360465088132164065e-05
1.093442109999999967e-01,7.357892798345514037e-05
1.094773366000000026e-01,7.355321407593771402e-05
1.095723272999999942e-01,7.353485250169344216e-05
1.096292821999999972e-01,7.352383775761941434e-05
1.096672357000000042e-01,7.351649551161277185e-05
1.097810174999999944e-01,7.349447317300267658e-05
1.097999696000000053e-01,7.349080342471689484e-05
1.098568065000000010e-01,7.347979527936606249e-05
1.099703920999999945e-01,7.345778393560823977e-05
1.100271409999999950e-01,7.344678073670566059e-05
1.101594412999999939e-01,7.342111301564960084e-05
1.101783283000000030e-01,7.341744693075956418e-05
1.102349700999999960e-01,7.340644977449935075e-05
1.103293085000000007e-01,7.338812484153547499e-05
1.104047211000000056e-01,7.337346818922933279e-05
1.104235662999999978e-01,7.336980448358698746e-05
1.104612467999999958e-01,7.336247762115391037e-05
1.105742115999999997e-01,7.334050142405047334e-05
1.106306506999999995e-01,7.332951579452437626e-05
1.108373482000000049e-01,7.328924923084923827e-05
1.108561197000000054e-01,7.328558973085739635e-05
1.109311741999999962e-01,7.327095355825160076e-05
1.109874317999999943e-01,7.325997834726637094e-05
1.110249209999999986e-01,7.325266245336262843e-05
1.110811310999999940e-01,7.324168998245589421e-05
1.111560337000000037e-01,7.322706257810079119e-05
1.113056877000000028e-01,7.319781653355284618e-05
1.113243802999999976e-01,7.319416159944578391e-05
1.113617560000000062e-01,7.318685227877445116e-05
1.114364699999999958e-01,7.317223582734500768e-05
1.114738081999999963e-01,7.316492869643993334e-05
1.115297920000000026e-01,7.315396936838743569e-05
1.116043934999999959e-01,7.313935948477485278e-05
1.116789450999999961e-01,7.312475251924400749e-05
1.117534470000000058e-01,7.311014847121508205e-05
1.118278993000000054e-01,7.309554734010337979e-05
1.120323877999999940e-01,7.305540926513950321e-05
1.121994194000000000e-01,7.302258541790597143e-05
1.122179632000000066e-01,7.301893923433540518e-05
1.122550414000000052e-01,7.301164741342286240e-05
1.122735759000000055e-01,7.300800177606324047e-05
1.123476835000000035e-01,7.299342104706363972e-05
1.123662027999999952e-01,7.298977631987607487e-05
1.124217421999999938e-01,7.297884323032034477e-05
1.124957521999999932e-01,7.296426832525608572e-05
1.125142469999999978e-01,7.296062505387139279e-05
1.125512277000000061e-01,7.295333905689747140e-05
1.126436261999999994e-01,7.293512724783369485e-05
1.126620968000000000e-01,7.293148543166906095e-05
1.128466364999999999e-01,7.289507727092404705e-05
1.128650739000000014e-01,7.289143745473866979e-05
1.129387933000000066e-01,7.287688000752825818e-05
1.131044863999999955e-01,7.284413638136425970e-05
1.131412740999999944e-01,7.283686201830942683e-05
1.131596634999999934e-01,7.283322510922589561e-05
1.133066709999999977e-01,7.280413637398781607e-05
1.133617497000000002e-01,7.279323109400218951e-05
1.133801033000000069e-01,7.278959636371757475e-05
1.134351462999999977e-01,7.277869326188070927e-05
1.135451522999999935e-01,7.275689195793557751e-05
1.136550518000000037e-01,7.273509718533725246e-05
1.136916614000000048e-01,7.272783371220956322e-05
1.137465535999999944e-01,7.271693986264975639e-05
1.138014194000000062e-01,7.270604764502806448e-05
1.138379818999999959e-01,7.269878707312808167e-05
1.139658583000000003e-01,7.267338078136097829e-05
1.140388660999999970e-01,7.265886688734431945e-05
1.141300601999999942e-01,7.264072859634744842e-05
1.141847416999999948e-01,7.262984779546027120e-05
1.142393970000000064e-01,7.261896862455590449e-05
1.142576096000000041e-01,7.261534259643119982e-05
1.143122300999999952e-01,7.260446559846284501e-05
1.143304311000000045e-01,7.260084029457647729e-05
1.144032063000000043e-01,7.258634088931564885e-05
1.144213927999999936e-01,7.258271649052326050e-05
1.145304515000000051e-01,7.256097389829178792e-05
1.146938450999999970e-01,7.252837222262626424e-05
1.148388887000000025e-01,7.249940525380152976e-05
1.148570062999999947e-01,7.249578519632307084e-05
1.148932327999999947e-01,7.248854562367741184e-05
1.149656517000000044e-01,7.247406864740302658e-05
1.149837492999999933e-01,7.247044985515885003e-05
1.150561112000000052e-01,7.245597649321119818e-05
1.151284276999999939e-01,7.244150602207511920e-05
1.151826351999999942e-01,7.243065506547111468e-05
1.152909738000000017e-01,7.240895802855977839e-05
1.153992105999999962e-01,7.238726749175403098e-05
1.154352669999999942e-01,7.238003875695162232e-05
1.154713121999999953e-01,7.237281074409382604e-05
1.154893305000000009e-01,7.236919700837048466e-05
1.155433686999999959e-01,7.235835688392494678e-05
1.155613758999999990e-01,7.235474386998608112e-05
1.157053318999999997e-01,7.232584625295487390e-05
1.157233138000000050e-01,7.232223486250286210e-05
1.157772427999999992e-01,7.231140177315748777e-05
1.158670687000000060e-01,7.229335023043591431e-05
1.159209308000000022e-01,7.228252146811613491e-05
1.159747678999999976e-01,7.227169432798539225e-05
1.159927079999999999e-01,7.226808564171795365e-05
1.160465118000000018e-01,7.225726066412505998e-05
1.161182114000000043e-01,7.224282988315002376e-05
1.161540446000000060e-01,7.223561557356403468e-05
1.162793738999999965e-01,7.221037116351100604e-05
1.162972671000000041e-01,7.220676553954429239e-05
1.163509300000000052e-01,7.219594974792677047e-05
1.164224420999999954e-01,7.218153121277830653e-05
1.164403133000000007e-01,7.217792702899206018e-05
1.165653348000000034e-01,7.215270278148919561e-05
1.166902222999999933e-01,7.212748735003514703e-05
1.167258798999999958e-01,7.212028455988907379e-05
1.167793458999999978e-01,7.210948172344079719e-05
1.168327873999999988e-01,7.209868050529471965e-05
1.168505957999999983e-01,7.209508045882800215e-05
1.169040048000000026e-01,7.208428139804540517e-05
1.169218023000000023e-01,7.208068207062553936e-05
1.170640854000000036e-01,7.205189392115585309e-05
1.171529245999999996e-01,7.203390716723662732e-05
1.172061957999999959e-01,7.202311727043514129e-05
1.172771863999999969e-01,7.200873325566920153e-05
1.174190388000000002e-01,7.197997384445734177e-05
1.174367582999999993e-01,7.197637972584926497e-05
1.174721893000000017e-01,7.196919202706238432e-05
1.175607201000000018e-01,7.195122592051871860e-05
1.176845512999999954e-01,7.192608090661311703e-05
1.177022308000000017e-01,7.192248947925670782e-05
1.177199077000000010e-01,7.191889823124637923e-05
1.177552535000000039e-01,7.191171627322554254e-05
1.178612272999999960e-01,7.189017470251852886e-05
1.179141783999999998e-01,7.187940633735722892e-05
1.180552655000000062e-01,7.185069858273274265e-05
1.181961841000000041e-01,7.182200229474294568e-05
1.182665804000000015e-01,7.180765844930301484e-05
1.182841728999999981e-01,7.180407293561360909e-05
1.183193502000000064e-01,7.179690244537416811e-05
1.183369348999999959e-01,7.179331746880623000e-05
1.183896732999999979e-01,7.178256361320485188e-05
1.184248192000000033e-01,7.177539527113554823e-05
1.184775183999999953e-01,7.176464410034193630e-05
1.186003924000000043e-01,7.173956429805176634e-05
1.186880815999999950e-01,7.172165552040522330e-05
1.187056117000000049e-01,7.171807430144441211e-05
1.187581862999999988e-01,7.170733171753688518e-05
1.188107377000000020e-01,7.169659074290913854e-05
1.188282496999999993e-01,7.169301077560956404e-05
1.188457591000000035e-01,7.168943098708305576e-05
1.189507612999999991e-01,7.166795600964550152e-05
1.191604881999999976e-01,7.162502535356921236e-05
1.191779488000000026e-01,7.162144896002829069e-05
1.192652134000000003e-01,7.160356967107161217e-05
1.193872765999999946e-01,7.157854616537327437e-05
1.194395511999999937e-01,7.156782448327570693e-05
1.195266247000000004e-01,7.154995858221012525e-05
1.195440318000000057e-01,7.154638593728098969e-05
1.196831975000000048e-01,7.151781119975687601e-05
1.197353428999999997e-01,7.150709861597152721e-05
1.198048347999999957e-01,7.149281766721396556e-05
1.199436978999999931e-01,7.146426432625922330e-05
1.199957301000000032e-01,7.145355976398346496e-05
1.200130692000000027e-01,7.144999193292288502e-05
1.200650713000000064e-01,7.143928950870034314e-05
1.200997268999999951e-01,7.143215544993649561e-05
1.201516915000000046e-01,7.142145569768471199e-05
1.202382493999999968e-01,7.140362633905648708e-05
1.203593257999999999e-01,7.137867271487595801e-05
1.203766123999999993e-01,7.137510862344702929e-05
1.204284575999999968e-01,7.136441741701020738e-05
1.204802804999999949e-01,7.135372781215313482e-05
1.205148166999999992e-01,7.134660229856185922e-05
1.205493428999999950e-01,7.133947749660549044e-05
1.206356155000000013e-01,7.132166860465748246e-05
1.207045890999999954e-01,7.130742469239416718e-05
1.207735233000000047e-01,7.129318362510791345e-05
1.207907507000000047e-01,7.128962380274631635e-05
1.208251981000000030e-01,7.128250469131741033e-05
1.208424181999999958e-01,7.127894540223288970e-05
1.209800902000000011e-01,7.125047748744060209e-05
1.211004249000000033e-01,7.122557738978809090e-05
1.211691339000000034e-01,7.121135267010737097e-05
1.211863051000000024e-01,7.120779693413853775e-05
1.212034738000000028e-01,7.120424137573060563e-05
1.212549653999999977e-01,7.119357576579786668e-05
1.213064352000000068e-01,7.118291175361346923e-05
1.213407361999999934e-01,7.117580329967262531e-05
1.213921696000000022e-01,7.116514194986336321e-05
1.214607136000000059e-01,7.115092930113095591e-05
1.214778435000000018e-01,7.114737658252299286e-05
1.216147962999999943e-01,7.111896121974139486e-05
1.216661138000000031e-01,7.110830838507149136e-05
1.217174097000000010e-01,7.109765714623163691e-05
1.217515948999999958e-01,7.109055720679239676e-05
1.219394424999999949e-01,7.105152021281167850e-05
1.220076789999999939e-01,7.103733025808138491e-05
1.220247321999999995e-01,7.103378321226672522e-05
1.220758774000000046e-01,7.102314313755152210e-05
1.222121599000000058e-01,7.099477739683110423e-05
1.222632267000000050e-01,7.098414316532285510e-05
1.222802442999999933e-01,7.098059877550961789e-05
1.223993007000000049e-01,7.095579300220173345e-05
1.224162993000000033e-01,7.095225002810711279e-05
1.224332954999999973e-01,7.094870723093779326e-05
1.224672809999999973e-01,7.094162216734407650e-05
1.225522032999999955e-01,7.092391260392907025e-05
1.225691807000000022e-01,7.092037122184664333e-05
1.226200987999999936e-01,7.090974813663804353e-05
1.226709956999999934e-01,7.089912664279821768e-05
1.226879567000000032e-01,7.089558649845359472e-05
1.227388254999999956e-01,7.088496712607683539e-05
1.228235601000000066e-01,7.086727170715349160e-05
1.228405000000000052e-01,7.086373315354532233e-05
1.230097705999999985e-01,7.082835733474551331e-05
1.230266849000000023e-01,7.082482072440470910e-05
1.231619152999999939e-01,7.079653419878151441e-05
1.232294748999999967e-01,7.078239517314007499e-05
1.232463589999999998e-01,7.077886085800690096e-05
1.232969973999999969e-01,7.076825897152739327e-05
1.233476151000000021e-01,7.075765867324784828e-05
1.234824939999999982e-01,7.072939897387755615e-05
1.234993434999999973e-01,7.072586730521359397e-05
1.236340570000000055e-01,7.069762030413960085e-05
1.237013586999999998e-01,7.068350103484852568e-05
1.237686238000000050e-01,7.066938458564049836e-05
1.238862498000000006e-01,7.064468758365348943e-05
1.239198366999999940e-01,7.063763288292835055e-05
1.240373193999999984e-01,7.061294697836063047e-05
1.240540935000000039e-01,7.060942112495129108e-05
1.240876350000000017e-01,7.060236994633466037e-05
1.241044023999999940e-01,7.059884462111122800e-05
1.241882051999999986e-01,7.058122063547358951e-05
1.242384596999999979e-01,7.057064835616085703e-05
1.242886938999999968e-01,7.056007766061001408e-05
1.243556412999999999e-01,7.054598586309887608e-05
1.244392748999999937e-01,7.052837507416237506e-05
1.244559949000000054e-01,7.052485344401542759e-05
1.245061412999999978e-01,7.051428960869582623e-05
1.245562676000000063e-01,7.050372735587510020e-05
1.245896739000000031e-01,7.049668673304075128e-05
1.246397665999999932e-01,7.048612711718777715e-05
1.247065254999999984e-01,7.047205009002053622e-05
1.248232677000000040e-01,7.044742205765920575e-05
1.248566024999999968e-01,7.044038705811136124e-05
1.248899284999999970e-01,7.043335276116306212e-05
1.249898531000000063e-01,7.041225408517594341e-05
1.250397853999999920e-01,7.040170711761087677e-05
1.251063309000000068e-01,7.038764695188377710e-05
1.251562167999999975e-01,7.037710367054910853e-05
1.252393156999999924e-01,7.035953504469125933e-05
1.252559289000000076e-01,7.035602184589765144e-05
1.253887550999999989e-01,7.032792257058259773e-05
1.255048625999999889e-01,7.030334491166688926e-05
1.255711616000000086e-01,7.028930439209142491e-05
1.256374255999999912e-01,7.027526667686476831e-05
1.256871006999999985e-01,7.026474023046308352e-05
1.257036547000000004e-01,7.026123176543038493e-05
1.257863919999999969e-01,7.024369206811105547e-05
1.258360081999999880e-01,7.023317035168892162e-05
1.259021328999999911e-01,7.021914384826875909e-05
1.259517035000000118e-01,7.020862580924824305e-05
1.260177674000000081e-01,7.019460420817299508e-05
1.261002985999999937e-01,7.017708114506525190e-05
1.261662846999999921e-01,7.016306584449131655e-05
1.261827758000000077e-01,7.015956245676245682e-05
1.262981534000000017e-01,7.013504364072116904e-05
1.264463413999999952e-01,7.010353204012697778e-05
1.264792483999999939e-01,7.009653138533420054e-05
1.264956988000000004e-01,7.009303132013239518e-05
1.265450368999999908e-01,7.008253217317733565e-05
1.266272243999999880e-01,7.006503708992862275e-05
1.266765113999999970e-01,7.005454213660301571e-05
1.267421974000000062e-01,7.004055131106799216e-05
1.268242572000000123e-01,7.002306670874466519e-05
1.268406628000000036e-01,7.001957031213976667e-05
1.268898668000000007e-01,7.000908216988079003e-05
1.269390516999999996e-01,6.999859559878105885e-05
1.269718310999999877e-01,6.999160542412923372e-05
1.270209843000000005e-01,6.998112147110096583e-05
1.270701184999999955e-01,6.997063908860200838e-05
1.270864922999999924e-01,6.996714531006738053e-05
1.272174071999999934e-01,6.993920136193185785e-05
1.272337621000000085e-01,6.993570915330186381e-05
1.272828141000000024e-01,6.992523357371213514e-05
1.273481874999999874e-01,6.991126857531869800e-05
1.273645256000000003e-01,6.990777776156395387e-05
1.274625101000000094e-01,6.988683653945900235e-05
1.275277914000000068e-01,6.987287921020034231e-05
1.276745521000000050e-01,6.984148541117455070e-05
1.277234348000000075e-01,6.983102394660362750e-05
1.277560128999999933e-01,6.982405050754848905e-05
1.277885826999999863e-01,6.981707776493842235e-05
1.278048645000000039e-01,6.981359165478026704e-05
1.278699709999999989e-01,6.979964895491531853e-05
1.280488429999999955e-01,6.976132088778948291e-05
1.281138253999999921e-01,6.974738862809541119e-05
1.281463043000000135e-01,6.974042354180546178e-05
1.283896338999999942e-01,6.968820756246894941e-05
1.284544438999999927e-01,6.967428990588565830e-05
1.285192213000000139e-01,6.966037502911080087e-05
1.285354105000000025e-01,6.965689674419830535e-05
1.285839659999999940e-01,6.964646293159198966e-05
1.286486780999999968e-01,6.963255361276951886e-05
1.286648511000000050e-01,6.962907671717103440e-05
1.287780048000000122e-01,6.960474330900103999e-05
1.287941615000000040e-01,6.960126780216232243e-05
1.288264688999999907e-01,6.959431730914183696e-05
1.288426195000000052e-01,6.959084232294507994e-05
1.289233422999999934e-01,6.957346999473116894e-05
1.290201430000000038e-01,6.955262892584108112e-05
1.290362693999999866e-01,6.954915602143204212e-05
1.291007547999999949e-01,6.953526613796178401e-05
1.291813162999999876e-01,6.951790768486603626e-05
1.292296290999999930e-01,6.950749469325371091e-05
1.293101103000000029e-01,6.949014317355917689e-05
1.293583749999999977e-01,6.947973434116047446e-05
1.295512538999999963e-01,6.943811460196823665e-05
1.295673142000000055e-01,6.943464741604578143e-05
1.295994287999999994e-01,6.942771356360898235e-05
1.296636341000000081e-01,6.941384793614242398e-05
1.296796805000000052e-01,6.941038196201964521e-05
1.297438461000000043e-01,6.939651979623857425e-05
1.298079799999999895e-01,6.938266039918200264e-05
1.298240085000000044e-01,6.937919598246445674e-05
1.298560595999999900e-01,6.937226766803210667e-05
1.299361528000000099e-01,6.935494990902757635e-05
1.299521654999999942e-01,6.935148687608780707e-05
1.301121842999999889e-01,6.931686605656409519e-05
1.301281753000000097e-01,6.931340492540682258e-05
1.301761367000000003e-01,6.930302256894207351e-05
1.301921198999999862e-01,6.929956212908889765e-05
1.303358805000000009e-01,6.926842594552742654e-05
1.303678057000000057e-01,6.926150869382840679e-05
1.304635345999999863e-01,6.924076108346564017e-05
1.305113727999999973e-01,6.923038960926962361e-05
1.305591932999999871e-01,6.922001968874656882e-05
1.305751296999999866e-01,6.921656339379782404e-05
1.306229268999999915e-01,6.920619554448675915e-05
1.307025501999999895e-01,6.918891924693429830e-05
1.307184690000000038e-01,6.918546450504039808e-05
1.308139412999999862e-01,6.916473967627177462e-05
1.308298465000000133e-01,6.916128614182861264e-05
1.308457499000000024e-01,6.915783277984801302e-05
1.309570191999999966e-01,6.913366407407635838e-05
1.309729071000000078e-01,6.913021209145388008e-05
1.310840685000000116e-01,6.910605303926548319e-05
1.311316801999999893e-01,6.909570174473925078e-05
1.311475470000000032e-01,6.909225165783452680e-05
1.312268518999999967e-01,6.907500380742541564e-05
1.312744117999999904e-01,6.906465716417170087e-05
1.313377983000000027e-01,6.905086405083615418e-05
1.313853181000000092e-01,6.904052102378989766e-05
1.314011542000000088e-01,6.903707369243324205e-05
1.314644795999999893e-01,6.902328608841223044e-05
1.315277744999999998e-01,6.900950123821897005e-05
1.315752256000000120e-01,6.899916440744355913e-05
1.316068501999999862e-01,6.899227404721308351e-05
1.316542729000000078e-01,6.898193979712545195e-05
1.317016785000000023e-01,6.897160709513727825e-05
1.318280101000000037e-01,6.894406078990557589e-05
1.318437929999999869e-01,6.894061827546530373e-05
1.318595740999999877e-01,6.893717593293902828e-05
1.319069059000000099e-01,6.892684993671235676e-05
1.321118145000000077e-01,6.888212182497229245e-05
1.321433106999999885e-01,6.887524315391928839e-05
1.322220182999999938e-01,6.885804948168018419e-05
1.322849506999999869e-01,6.884429763457827246e-05
1.323635740999999921e-01,6.882711168816919444e-05
1.323950104000000128e-01,6.882023851104230520e-05
1.324735684999999996e-01,6.880305857121028529e-05
1.325991646999999940e-01,6.877557958842805085e-05
1.326148558999999949e-01,6.877214548740350831e-05
1.326619182000000063e-01,6.876184421322706298e-05
1.327089637999999960e-01,6.875154448221531579e-05
1.327403182999999931e-01,6.874467885206806935e-05
1.328343374000000021e-01,6.872408607542735890e-05
1.328500008000000066e-01,6.872065454582412304e-05
1.328969798999999896e-01,6.871036098514478221e-05
1.329908881999999903e-01,6.868977848956855079e-05
1.330378174999999885e-01,6.867948955421232439e-05
1.331159962000000030e-01,6.866234475363896768e-05
1.331628814999999966e-01,6.865205992793626318e-05
1.332097502000000044e-01,6.864177664293264554e-05
1.332253693999999877e-01,6.863834922359881262e-05
1.333502575000000134e-01,6.861093602978731202e-05
1.333658601999999915e-01,6.860751015053340521e-05
1.333970603000000088e-01,6.860065890525911736e-05
1.334906168999999976e-01,6.858010927460842930e-05
1.335373705000000022e-01,6.856983676801737084e-05
1.335996832999999939e-01,6.855614248629304049e-05
1.336463988000000103e-01,6.854587357000028807e-05
1.336619671000000009e-01,6.854245093976183139e-05
1.337242217999999871e-01,6.852876212787188464e-05
1.338330979000000032e-01,6.850481328565768459e-05
1.338641891000000028e-01,6.849797229682701323e-05
1.340971431999999908e-01,6.844668665345055838e-05
1.341126591000000035e-01,6.844326897628836735e-05
1.341591960000000083e-01,6.843301696877271423e-05
1.342057167000000051e-01,6.842276649703567259e-05
1.342212201000000105e-01,6.841935001437112092e-05
1.342367215999999974e-01,6.841593370231082263e-05
1.343451823000000045e-01,6.839202429421242606e-05
1.343606696000000100e-01,6.838860934671214982e-05
1.344845033000000023e-01,6.836129590512609060e-05
1.345309115999999972e-01,6.835105617741518756e-05
1.345773037999999922e-01,6.834081798363777366e-05
1.346391352999999902e-01,6.832716944433836004e-05
1.346545888000000024e-01,6.832375773548163582e-05
1.347009383999999976e-01,6.831352363109342244e-05
1.347163848000000053e-01,6.831011260366590869e-05
1.347781523999999898e-01,6.829647019721627051e-05
1.348398918000000002e-01,6.828283051559559398e-05
1.348861778000000067e-01,6.827260254222030072e-05
1.349016029000000005e-01,6.826919355825876933e-05
1.350249404999999958e-01,6.824192781425554555e-05
1.350711631000000024e-01,6.823170596822322937e-05
1.350865670999999990e-01,6.822829902650353478e-05
1.351327686000000083e-01,6.821807922210144340e-05
1.351943459999999930e-01,6.820445519767508505e-05
1.352251241999999909e-01,6.819764420593247916e-05
1.352712784000000001e-01,6.818742899370940113e-05
1.353942793000000033e-01,6.816019590846571739e-05
1.354557378000000034e-01,6.814658344520043158e-05
1.354710980999999925e-01,6.814318075422280219e-05
1.355939177000000107e-01,6.811596534280456143e-05
1.356246051999999980e-01,6.810916318863158834e-05
1.356399463000000083e-01,6.810576236630039120e-05
1.357166260999999874e-01,6.808876080187958760e-05
1.358085847000000124e-01,6.806836452733747329e-05
1.358698557999999945e-01,6.805477040574502677e-05
1.358851692999999972e-01,6.805137229961388367e-05
1.359464059000000113e-01,6.803778157191458164e-05
1.359617106999999880e-01,6.803438431415167564e-05
1.360840875000000061e-01,6.800721235866999728e-05
1.361299504000000049e-01,6.799702567367131166e-05
1.361757979000000063e-01,6.798684051466537780e-05
1.361910769999999937e-01,6.798344580073556302e-05
1.363590336999999930e-01,6.794611513401809931e-05
1.363742921999999969e-01,6.794272245377851736e-05
1.364505592999999961e-01,6.792576159371204315e-05
1.364962990999999959e-01,6.791558711026227861e-05
1.365572616000000072e-01,6.790202350321744009e-05
1.366791052000000117e-01,6.787490441584826458e-05
1.366943280000000038e-01,6.787151529164397741e-05
1.367399861999999966e-01,6.786134893444024040e-05
1.367856292000000085e-01,6.785118410018873213e-05
1.368160494000000005e-01,6.784440838998934326e-05
1.368464628999999932e-01,6.783763335648910250e-05
1.369224669999999922e-01,6.782069873284131910e-05
1.370439857999999900e-01,6.779361212855051805e-05
1.370591680999999895e-01,6.779022706381344367e-05
1.370895276000000107e-01,6.778345744145747320e-05
1.371047048000000046e-01,6.778007288381528031e-05
1.371502263999999915e-01,6.776992022493647481e-05
1.372260621999999985e-01,6.775300250646355609e-05
1.374078974000000064e-01,6.771241721264400853e-05
1.374230395000000104e-01,6.770903620251726002e-05
1.375289872999999885e-01,6.768537385859981262e-05
1.375441161000000023e-01,6.768199419893406691e-05
1.375894923000000047e-01,6.767185623250858363e-05
1.376348535999999956e-01,6.766171978478120437e-05
1.376499707000000128e-01,6.765834130632186359e-05
1.377708478000000125e-01,6.763131955149538914e-05
1.377859499999999904e-01,6.762794259112297405e-05
1.379067079000000084e-01,6.760093297827199431e-05
1.379519649000000014e-01,6.759080715504227528e-05
1.380575068000000072e-01,6.756718613273604037e-05
1.380725775999999960e-01,6.756381237497442282e-05
1.381479070999999947e-01,6.754694611312651647e-05
1.381930851000000016e-01,6.753682837727378408e-05
1.382683489000000043e-01,6.751996885221418321e-05
1.383134874999999986e-01,6.750985515762797200e-05
1.384788700000000039e-01,6.747278457125008364e-05
1.385089183000000057e-01,6.746604665217724613e-05
1.385389600999999971e-01,6.745930940602753805e-05
1.385990242000000039e-01,6.744583693223300553e-05
1.386290464000000111e-01,6.743910170444657073e-05
1.386740676999999866e-01,6.742900012397454179e-05
1.387190742999999948e-01,6.741890005674491153e-05
1.387340732000000021e-01,6.741553370390460174e-05
1.387490705999999963e-01,6.741216751917366060e-05
1.387790603999999872e-01,6.740543565398175751e-05
1.388540065999999962e-01,6.738860893225207395e-05
1.389139343999999943e-01,6.737515057959567882e-05
1.389588633000000129e-01,6.736505857917046160e-05
1.390337125999999979e-01,6.734824193792652701e-05
1.390935630000000034e-01,6.733479164784194162e-05
1.392131866000000107e-01,6.730789912649763206e-05
1.392281324000000098e-01,6.730453831667975709e-05
1.392580190000000107e-01,6.729781720051801930e-05
1.393476405000000085e-01,6.727765787923295591e-05
1.394372043000000061e-01,6.725750459733346402e-05
1.394521260000000096e-01,6.725414630405050244e-05
1.395565333999999880e-01,6.723064294627669542e-05
1.395863497000000009e-01,6.722392921011418438e-05
1.396310622999999973e-01,6.721385986304992508e-05
1.396757604999999958e-01,6.720379202439858075e-05
1.396906566999999988e-01,6.720043641334863560e-05
1.397502257999999886e-01,6.718701564473861633e-05
1.398246513999999996e-01,6.717024345343976276e-05
1.399287808000000133e-01,6.714676942008952819e-05
1.399436501000000110e-01,6.714341665655916645e-05
1.399882484999999954e-01,6.713335937048497189e-05
1.400625477000000119e-01,6.711660057493402172e-05
1.401071081999999968e-01,6.710654730598043414e-05
1.401665002999999965e-01,6.709314529001122606e-05
1.402110277999999988e-01,6.708309553471713529e-05
1.402852089999999941e-01,6.706634928796733534e-05
1.403445257000000002e-01,6.705295530082025480e-05
1.403889966999999905e-01,6.704291156609203225e-05
1.405075174000000038e-01,6.701613562858389490e-05
1.405223254999999893e-01,6.701278938847148807e-05
1.406407338000000007e-01,6.698602548247504260e-05
1.406555278999999936e-01,6.698268074596382083e-05
1.406851112999999986e-01,6.697599177400786433e-05
1.407590425999999950e-01,6.695927226661479200e-05
1.407738242000000084e-01,6.695592886607002327e-05
1.408181597000000007e-01,6.694589966615455297e-05
1.408624812000000004e-01,6.693587196863437744e-05
1.408920210999999867e-01,6.692918767151188506e-05
1.409215548999999956e-01,6.692250404195626524e-05
1.409953622000000018e-01,6.690579788823007937e-05
1.410101189999999893e-01,6.690245715801695849e-05
1.411281181000000051e-01,6.687573732132061561e-05
1.411723423000000033e-01,6.686572013430485350e-05
1.412312863999999890e-01,6.685236621917010457e-05
1.412902058999999932e-01,6.683901497123964945e-05
1.413491007999999882e-01,6.682566638997725528e-05
1.413638207000000035e-01,6.682232966126862512e-05
1.413932558999999867e-01,6.681565670371305925e-05
1.414079712000000100e-01,6.681232047485048393e-05
1.414521079000000126e-01,6.680231278783607977e-05
1.414815248000000081e-01,6.679564182938265099e-05
1.415256386000000033e-01,6.678563664086976102e-05
1.415844356000000026e-01,6.677229872095574433e-05
1.416285173000000064e-01,6.676229702929868117e-05
1.417019563999999954e-01,6.674563087260400676e-05
1.418340509000000083e-01,6.671564227518994258e-05
1.419220455000000103e-01,6.669565736343886764e-05
1.419513649999999960e-01,6.668899705675178661e-05
1.420539353999999976e-01,6.666569122113135749e-05
1.420685821999999876e-01,6.666236248104540302e-05
1.420978713999999921e-01,6.665570549954820401e-05
1.422295982000000014e-01,6.662575730921270185e-05
1.423319681000000114e-01,6.660247357615371234e-05
1.423465864000000025e-01,6.659914799294738212e-05
1.424196550999999866e-01,6.658252256777547659e-05
1.424634784000000098e-01,6.657254930506237257e-05
1.425072881999999985e-01,6.656257753636773272e-05
1.425364872999999866e-01,6.655593052047224182e-05
1.425802747000000092e-01,6.654596124131739916e-05
1.426386369000000043e-01,6.653267119216793157e-05
1.427407133999999966e-01,6.650941999309773714e-05
1.427990101000000123e-01,6.649613724239367336e-05
1.428135805000000091e-01,6.649281696926598675e-05
1.428572830000000016e-01,6.648285714467277584e-05
1.428718475000000099e-01,6.647953753471260818e-05
1.429300907000000120e-01,6.646626075247857954e-05
1.429883100999999879e-01,6.645298662204197947e-05
1.430319592000000029e-01,6.644303276413198432e-05
1.431628265000000066e-01,6.641318013619125797e-05
1.432354788000000101e-01,6.639660113943752356e-05
1.432645294999999874e-01,6.638997069973880095e-05
1.432790526000000120e-01,6.638665572821460378e-05
1.433226130999999959e-01,6.637671180683361166e-05
1.433371303000000041e-01,6.637339749741495742e-05
1.433951844999999947e-01,6.636014191470582528e-05
1.434677192000000101e-01,6.634357615938304606e-05
1.434967228000000039e-01,6.633695101532726237e-05
1.435112223999999992e-01,6.633363869142557001e-05
1.435836984999999955e-01,6.631707955285475050e-05
1.436271665999999947e-01,6.630714605415542414e-05
1.436851036000000026e-01,6.629390370395378898e-05
1.437285409999999874e-01,6.628397367705154476e-05
1.438009075999999997e-01,6.626742693776054320e-05
1.438587745999999890e-01,6.625419252071389545e-05
1.439744389000000013e-01,6.622773161609007248e-05
1.440322361999999967e-01,6.621450512745605764e-05
1.440466819000000009e-01,6.621119891808861855e-05
1.441477613000000102e-01,6.618806007489882873e-05
1.441910593999999879e-01,6.617814590363047477e-05
1.442487698999999901e-01,6.616492931882530203e-05
1.442776165000000110e-01,6.615832201637126305e-05
1.443641216999999866e-01,6.613850406799731273e-05
1.443785341999999916e-01,6.613520165386618853e-05
1.444361698000000138e-01,6.612199364638420723e-05
1.444937823999999926e-01,6.610878827695347527e-05
1.445081820000000128e-01,6.610548734673239181e-05
1.445513720000000113e-01,6.609558554505082445e-05
1.445945492000000054e-01,6.608568522668828568e-05
1.447096254000000137e-01,6.605929162778539584e-05
1.448389767999999911e-01,6.602961143004296304e-05
1.448533421000000043e-01,6.602631445364505610e-05
1.448820682999999998e-01,6.601972099476064544e-05
1.448964292000000098e-01,6.601642451225530370e-05
1.449682127999999959e-01,6.599994456879956317e-05
1.450686501000000017e-01,6.597687955984124031e-05
1.450829925999999881e-01,6.597358521669509075e-05
1.451833503999999941e-01,6.595052942043060811e-05
1.451976815999999892e-01,6.594723639311944564e-05
1.452406666000000124e-01,6.593735829780862060e-05
1.452836389999999922e-01,6.592748168226347349e-05
1.453552312999999985e-01,6.591102394410119089e-05
1.454124797000000135e-01,6.589786071196884309e-05
1.454697057000000071e-01,6.588470010894359170e-05
1.455412064000000116e-01,6.586825305155075616e-05
1.456269609999999992e-01,6.584852200269498610e-05
1.456555347000000056e-01,6.584194630007384559e-05
1.456983846000000082e-01,6.583208397746380652e-05
1.457554983000000082e-01,6.581893651212014445e-05
1.457983189000000013e-01,6.580907763642974853e-05
1.458696586000000073e-01,6.579264945880162151e-05
1.458839222999999963e-01,6.578936431547553624e-05
1.459694756000000093e-01,6.576965690028339581e-05
1.459837296000000006e-01,6.576637290513220879e-05
1.459979821999999872e-01,6.576308907396796917e-05
1.460407317000000094e-01,6.575323856435595182e-05
1.460834685999999882e-01,6.574338953037064351e-05
1.462542916000000026e-01,6.570400814629604933e-05
1.462685177999999975e-01,6.570072742941758938e-05
1.464391248999999950e-01,6.566137160312111127e-05
1.464817456999999989e-01,6.565153633101695042e-05
1.465527527000000108e-01,6.563514748483856873e-05
1.465669498999999931e-01,6.563187020662599185e-05
1.466095335000000000e-01,6.562203935389917067e-05
1.468789426999999870e-01,6.555981147650728725e-05
1.468931083999999998e-01,6.555653796032089628e-05
1.469072727999999883e-01,6.555326460760255354e-05
1.469355974999999870e-01,6.554671839253275686e-05
1.469497577999999971e-01,6.554344553017012209e-05
1.470063852999999865e-01,6.553035571498697076e-05
1.470205387000000086e-01,6.552708366972167522e-05
1.470629908999999957e-01,6.551726851425251604e-05
1.471054309000000004e-01,6.550745482911685537e-05
1.471337174000000025e-01,6.550091318910281990e-05
1.471619985000000019e-01,6.549437220240909136e-05
1.472326774000000116e-01,6.547802259349968829e-05
1.472468090999999868e-01,6.547475316157130778e-05
1.472891960999999916e-01,6.546494584533244432e-05
1.473598140000000056e-01,6.544860358294991116e-05
1.473880516999999946e-01,6.544206782044816549e-05
1.474445108999999920e-01,6.542899825357071828e-05
1.475714650000000128e-01,6.539960127158395619e-05
1.475855641999999912e-01,6.539633575574855726e-05
1.476278540000000028e-01,6.538654018660726474e-05
1.476983098999999910e-01,6.537021749882195086e-05
1.477405673999999947e-01,6.536042584225632544e-05
1.477828127999999963e-01,6.535063565250035173e-05
1.477968919000000048e-01,6.534737258183845169e-05
1.478391212000000066e-01,6.533758434749431683e-05
1.478954080999999865e-01,6.532453564923574143e-05
1.479657366999999890e-01,6.530822844136867811e-05
1.480219755000000137e-01,6.529518560640599481e-05
1.480360319000000036e-01,6.529192530472580753e-05
1.481343890000000052e-01,6.526910775114485425e-05
1.481484346999999979e-01,6.526584875170606274e-05
1.482467172999999971e-01,6.524304031197195302e-05
1.482888185000000025e-01,6.523326770682547483e-05
1.483449347999999945e-01,6.522023984386842821e-05
1.483729850000000128e-01,6.521372688819506206e-05
1.484711190000000125e-01,6.519093666523630344e-05
1.485131564999999931e-01,6.518117186533457059e-05
1.485831927000000052e-01,6.516490044936300990e-05
1.486391978999999919e-01,6.515188624148303236e-05
1.487091747000000019e-01,6.513562213689380619e-05
1.487511448999999930e-01,6.512586562322684948e-05
1.488070868999999963e-01,6.511285921181851079e-05
1.489049347999999995e-01,6.509010424246150712e-05
1.489189077999999999e-01,6.508685418184098842e-05
1.489328795000000039e-01,6.508360428351309373e-05
1.489747867000000003e-01,6.507385556223025237e-05
1.490306446999999923e-01,6.506085953885619140e-05
1.490446059999999961e-01,6.505761093861356609e-05
1.490864818000000036e-01,6.504786611119155800e-05
1.491422980000000065e-01,6.503487527872153231e-05
1.492538676999999869e-01,6.500890139728240263e-05
1.492678081000000101e-01,6.500565539164775033e-05
1.494071399999999938e-01,6.497320424916168120e-05
1.494210660999999996e-01,6.496996002611846448e-05
1.496019868000000030e-01,6.492779986610422872e-05
1.496298013000000038e-01,6.492131611658861850e-05
1.496437066000000093e-01,6.491807448466126802e-05
1.496854149000000078e-01,6.490835056009784622e-05
1.497132139000000028e-01,6.490186875299409778e-05
1.497549028000000060e-01,6.489214725608659839e-05
1.497965800999999930e-01,6.488242721547795276e-05
1.498104698999999929e-01,6.487918752552161391e-05
1.499354206000000078e-01,6.485003759503884841e-05
1.500186632999999936e-01,6.483061158519126406e-05
1.500325325999999904e-01,6.482737448272963751e-05
1.500464005999999906e-01,6.482413754192227029e-05
1.500879968999999925e-01,6.481442768931230339e-05
1.501295816999999866e-01,6.480471929125883671e-05
1.501434407999999998e-01,6.480148348177161826e-05
1.502681146000000023e-01,6.477236846674093342e-05
1.503096496000000115e-01,6.476266636924181040e-05
1.504203534000000120e-01,6.473680121414715027e-05
1.504618463000000073e-01,6.472710444470031698e-05
1.504756747999999866e-01,6.472387251102723756e-05
1.505171525000000010e-01,6.471417767833015572e-05
1.505309757999999942e-01,6.471094639017336376e-05
1.505862565999999958e-01,6.469802285106920469e-05
1.506000735999999951e-01,6.469479236962752682e-05
1.507105640999999996e-01,6.466895432492579033e-05
1.508071769000000062e-01,6.464635450181245786e-05
1.509175157000000045e-01,6.462053580426781717e-05
1.509588719999999940e-01,6.461085645161982198e-05
1.509726549000000029e-01,6.460763032296526357e-05
1.510139960999999920e-01,6.459795290358694771e-05
1.510415505999999908e-01,6.459150209606571178e-05
1.510828728999999981e-01,6.458182709272603786e-05
1.511517183999999958e-01,6.456570530779921443e-05
1.511792477999999995e-01,6.455925772085969810e-05
1.512618058999999904e-01,6.453991882333756419e-05
1.513030680999999933e-01,6.453025154727676292e-05
1.513718133999999993e-01,6.451414263857954950e-05
1.513993026999999880e-01,6.450770020122840336e-05
1.514542664999999899e-01,6.449481725670222281e-05
1.514680043999999948e-01,6.449159692264502385e-05
1.515229432000000098e-01,6.447871719444248084e-05
1.515778621999999964e-01,6.446584003872068622e-05
1.516190383000000086e-01,6.445618385980973601e-05
1.516327611999999936e-01,6.445296545496468461e-05
1.517836311999999910e-01,6.441757360715899420e-05
1.517973393000000004e-01,6.441435713037708000e-05
1.518384559000000023e-01,6.440470866370717252e-05
1.519069588999999998e-01,6.438863109773378557e-05
1.520164995000000130e-01,6.436291534064524447e-05
1.520301864999999975e-01,6.435970159329842998e-05
1.520712402000000130e-01,6.435006131414090389e-05
1.522353442000000112e-01,6.431151463668259517e-05
1.522490115000000033e-01,6.430830345610957343e-05
1.522900061999999943e-01,6.429867087649744856e-05
1.523309898000000107e-01,6.428903973985739472e-05
1.523583061999999877e-01,6.428261978365308908e-05
1.523992714000000082e-01,6.427299105150240327e-05
1.524402256999999872e-01,6.426336376175387764e-05
1.524538746999999916e-01,6.426015498566935657e-05
1.525766605999999970e-01,6.423128321051697063e-05
1.526175671999999983e-01,6.422166216868442081e-05
1.526857206999999994e-01,6.420563030164232665e-05
1.527674646000000136e-01,6.418639734437033614e-05
1.528899987000000016e-01,6.415755871136681978e-05
1.529036075000000106e-01,6.415435521881181268e-05
1.529308215000000082e-01,6.414794871360968707e-05
1.529988354000000050e-01,6.413193524967940459e-05
1.530124344999999886e-01,6.412873303667014852e-05
1.530532246999999901e-01,6.411912735705461747e-05
1.531211842000000101e-01,6.410312108858867925e-05
1.531483596000000058e-01,6.409671970016884990e-05
1.532162769000000035e-01,6.408071902593614534e-05
1.532705890999999931e-01,6.406792136277995691e-05
1.533113106000000003e-01,6.405832479287326274e-05
1.533384523000000110e-01,6.405192787827355147e-05
1.533655891000000049e-01,6.404553160253532182e-05
1.533791557999999999e-01,6.404233370421827821e-05
1.534334102999999894e-01,6.402954370779843549e-05
1.534876456000000000e-01,6.401675626592784340e-05
1.535554128999999934e-01,6.400077555516614643e-05
1.535825114000000102e-01,6.399438438803433933e-05
1.535960588999999987e-01,6.399118904383140180e-05
1.536366940999999986e-01,6.398160396856745612e-05
1.536637782999999979e-01,6.397521471610876742e-05
1.537991277000000101e-01,6.394327802400638552e-05
1.538667576999999953e-01,6.392731565762422500e-05
1.538802801999999970e-01,6.392412366259937295e-05
1.539208404000000086e-01,6.391454863386313750e-05
1.539613898999999952e-01,6.390497503948188330e-05
1.540289487000000013e-01,6.388902223572085772e-05
1.540964779000000007e-01,6.387307341469816561e-05
1.541909690000000110e-01,6.385075175436892645e-05
1.542044630999999943e-01,6.384756358267240639e-05
1.542314475000000074e-01,6.384118771688394867e-05
1.542449379999999981e-01,6.383800002277608679e-05
1.543123727000000056e-01,6.382206393982465327e-05
1.543528192999999993e-01,6.381250419982435263e-05
1.544067316999999939e-01,6.379976010744779888e-05
1.544471535999999978e-01,6.379020370860033278e-05
1.544606252999999874e-01,6.378701856046095251e-05
1.545144999999999991e-01,6.377427955835151445e-05
1.545683559999999901e-01,6.376154310061096678e-05
1.546356496000000080e-01,6.374562610568728185e-05
1.546760118000000128e-01,6.373607781622132244e-05
1.548239160999999864e-01,6.370107965731437380e-05
1.548910987000000072e-01,6.368517775753080614e-05
1.549448237999999922e-01,6.367245909616511942e-05
1.549582522000000073e-01,6.366927982776976426e-05
1.550387978999999972e-01,6.365020755109108909e-05
1.550522180999999999e-01,6.364702939385849078e-05
1.550924717999999924e-01,6.363749587435804189e-05
1.551595380999999940e-01,6.362160984872584641e-05
1.552533822999999924e-01,6.359937607559897868e-05
1.552801845000000014e-01,6.359302499639454755e-05
1.553605633000000041e-01,6.357397556423522583e-05
1.553739557000000104e-01,6.357080121375044543e-05
1.554810536000000021e-01,6.354541211580613715e-05
1.555211962999999975e-01,6.353589381875392238e-05
1.555345749000000000e-01,6.353272136994092805e-05
1.556014505999999964e-01,6.351686150202307348e-05
1.556415623000000081e-01,6.350734748190457854e-05
1.556950283999999907e-01,6.349466433872099659e-05
1.557885499999999979e-01,6.347247493339215217e-05
1.558152600999999915e-01,6.346613652784944236e-05
1.558553166999999962e-01,6.345663010642382188e-05
1.558953630000000090e-01,6.344712510907926932e-05
1.560154403000000023e-01,6.341861865938921549e-05
1.560287764999999938e-01,6.341545206687563467e-05
1.561220982000000035e-01,6.339329034643436224e-05
1.561354252999999914e-01,6.339012501872974483e-05
1.561620760999999913e-01,6.338379483750282179e-05
1.561753998000000032e-01,6.338062998396658417e-05
1.562153639999999954e-01,6.337113637157783524e-05
1.562819484000000092e-01,6.335531684451021562e-05
1.563751188999999986e-01,6.333317614147927592e-05
1.563884245000000117e-01,6.333001381566455998e-05
1.564416352999999926e-01,6.331736609145436918e-05
1.564549352000000060e-01,6.331420455513579368e-05
1.566542979999999974e-01,6.326680045097384159e-05
1.567472471999999950e-01,6.324469068465579658e-05
1.567605212000000026e-01,6.324153277748075625e-05
1.567737939999999941e-01,6.323837502800235271e-05
1.568666723999999901e-01,6.321627519643211563e-05
1.568799361999999864e-01,6.321311870822328394e-05
1.569197210000000120e-01,6.320365018931623023e-05
1.569594957999999874e-01,6.319418308880901149e-05
1.570125131000000007e-01,6.318156249416630697e-05
1.570787596000000064e-01,6.316579029556120689e-05
1.570920054999999926e-01,6.316263632839153876e-05
1.571317365999999882e-01,6.315317537182954944e-05
1.571979329000000036e-01,6.313741026027220845e-05
1.572376372000000022e-01,6.312795308262347728e-05
1.572905608000000066e-01,6.311534571614013114e-05
1.573434665000000010e-01,6.310274086773202441e-05
1.573963545000000019e-01,6.309013853690672604e-05
1.574095736999999995e-01,6.308698834750543923e-05
1.574360087999999991e-01,6.308068844063731461e-05
1.574888657000000081e-01,6.306809051435007050e-05
1.575549119000000109e-01,6.305234664482741781e-05
1.575945263000000096e-01,6.304290220984861586e-05
1.576473301000000105e-01,6.303031183062806242e-05
1.577265025000000043e-01,6.301143097667257300e-05
1.577660738999999979e-01,6.300199267093803217e-05
1.578320039999999980e-01,6.298626530320095387e-05
1.578715488999999916e-01,6.297683076732121625e-05
1.579242600000000107e-01,6.296425358458750772e-05
1.579374350999999954e-01,6.296110968143652268e-05
1.580296294999999906e-01,6.293910675476877719e-05
1.580427957999999966e-01,6.293596410735571032e-05
1.580822879000000070e-01,6.292653710667494573e-05
1.581480862999999903e-01,6.291082857695282343e-05
1.583453172000000020e-01,6.286372651432917678e-05
1.583978706999999986e-01,6.285117192197163896e-05
1.584372742999999861e-01,6.284175762330511947e-05
1.585029253000000138e-01,6.282607025937173690e-05
1.586734907000000028e-01,6.278530143972429946e-05
1.586997152000000078e-01,6.277903166240646454e-05
1.587128258999999930e-01,6.277589700856515812e-05
1.587521514000000133e-01,6.276649398620018643e-05
1.587652576999999954e-01,6.276335995844228009e-05
1.587783628999999974e-01,6.276022608718589448e-05
1.588700692999999997e-01,6.273829336979069458e-05
1.588831659000000118e-01,6.273516075026858022e-05
1.589093558999999933e-01,6.272889598051758912e-05
1.589748119000000126e-01,6.271323679326615502e-05
1.589878999000000070e-01,6.271010542498481018e-05
1.590925649000000108e-01,6.268506010732290080e-05
1.591187202999999883e-01,6.267880034112412906e-05
1.591317965000000056e-01,6.267567069247031704e-05
1.591710184000000028e-01,6.266628268416711653e-05
1.591840902999999974e-01,6.266315366060396842e-05
1.592363669000000093e-01,6.265063912876251936e-05
1.593016885000000105e-01,6.263499947887796746e-05
1.593278096999999893e-01,6.262874471225437177e-05
1.593408685999999908e-01,6.262561756319297106e-05
1.594453019000000027e-01,6.260060599176129139e-05
1.594974929000000097e-01,6.258810395260298626e-05
1.595887860999999908e-01,6.256623139227041302e-05
1.596018237000000062e-01,6.256310736490081439e-05
1.596148602000000138e-01,6.255998349353039851e-05
1.596539634999999957e-01,6.255061281535439946e-05
1.597191142999999924e-01,6.253499813772478368e-05
1.597581921000000016e-01,6.252563120239455318e-05
1.598102808999999902e-01,6.251314413798392689e-05
1.599144076000000025e-01,6.248817749080538039e-05
1.599534375999999980e-01,6.247881756928312777e-05
1.600054629000000062e-01,6.246633985497889753e-05
1.600314690999999900e-01,6.246010193242237723e-05
1.601224578000000065e-01,6.243827410906748973e-05
1.601744281999999964e-01,6.242580449252346059e-05
1.602393673999999990e-01,6.241022097414006210e-05
1.602783183000000000e-01,6.240087273062924550e-05
1.603172596999999922e-01,6.239152588749134276e-05
1.603432153999999887e-01,6.238529543662741218e-05
1.604210574000000111e-01,6.236660781718619568e-05
1.604340273000000039e-01,6.236349375828779528e-05
1.605766279999999990e-01,6.232924937198567271e-05
1.605895854000000122e-01,6.232613717862842758e-05
1.606414046000000095e-01,6.231368995923989912e-05
1.606932071000000128e-01,6.230124522593805168e-05
1.607320479999999885e-01,6.229191330715878644e-05
1.607838212999999905e-01,6.227947292331935251e-05
1.608485145000000116e-01,6.226392593759539284e-05
1.608614499999999892e-01,6.226081700625071531e-05
1.609002502999999917e-01,6.225149114368556046e-05
1.609390411999999937e-01,6.224216667814088506e-05
1.609907479999999891e-01,6.222973623020759356e-05
1.610036719999999866e-01,6.222662900617360047e-05
1.611586801999999874e-01,6.218935441827245071e-05
1.611715907999999864e-01,6.218624921075613420e-05
1.612103165000000060e-01,6.217693451855735548e-05
1.612748385999999978e-01,6.216141313223723169e-05
1.613135394000000111e-01,6.215210216051427112e-05
1.613651261000000059e-01,6.213968970119816725e-05
1.614038053999999889e-01,6.213038198368298233e-05
1.614811359999999973e-01,6.211177073136421687e-05
1.615197874000000033e-01,6.210246719614988633e-05
1.615584295999999975e-01,6.209316505461940305e-05
1.615713082999999939e-01,6.209006465044506905e-05
1.615841859000000102e-01,6.208696440109568620e-05
1.616228127000000070e-01,6.207766458189734884e-05
1.616614302999999919e-01,6.206836615583701715e-05
1.616871702000000077e-01,6.206216797898421401e-05
1.617900888999999898e-01,6.203738146107606736e-05
1.618158083000000025e-01,6.203118637867002794e-05
1.619314953000000057e-01,6.200331616339655209e-05
1.619700393000000072e-01,6.199402887483821962e-05
1.619828852000000097e-01,6.199093342115629421e-05
1.620342587999999973e-01,6.197855315212087767e-05
1.621369571999999870e-01,6.195380003170815287e-05
1.622011106000000036e-01,6.193833435239343036e-05
1.622908828999999886e-01,6.191668888779977239e-05
1.623934189000000028e-01,6.189196047724913375e-05
1.624062313999999896e-01,6.188887012049219274e-05
1.624318533000000120e-01,6.188268986992651261e-05
1.624446626999999921e-01,6.187959997610763621e-05
1.624830848999999910e-01,6.187033122040886334e-05
1.625854998000000051e-01,6.184562132606067134e-05
1.625982971000000110e-01,6.184253328330860725e-05
1.626110933999999897e-01,6.183944539475956883e-05
1.627006394000000133e-01,6.181783449203220567e-05
1.627134276999999962e-01,6.181474783684618834e-05
1.628156977000000116e-01,6.179006014365175353e-05
1.628540323000000067e-01,6.178080480113935444e-05
1.628923579999999871e-01,6.177155084509790371e-05
1.629562139999999881e-01,6.175613066549065782e-05
1.630072808999999956e-01,6.174379729366717164e-05
1.630455704999999866e-01,6.173454888140014480e-05
1.630583317000000032e-01,6.173146638519441654e-05
1.631603855000000047e-01,6.170681195631661658e-05
1.631986391999999952e-01,6.169756908449997176e-05
1.632113883999999904e-01,6.169448843492273868e-05
1.632496301999999955e-01,6.168524740918907272e-05
1.633006053000000124e-01,6.167292819489498341e-05
1.633133465000000117e-01,6.166984877579715957e-05
1.633260867999999921e-01,6.166676951047247524e-05
1.633643016999999920e-01,6.165753263707140759e-05
1.634025077000000048e-01,6.164829714736606956e-05
1.634279734000000095e-01,6.164214092285242490e-05
1.634661645000000108e-01,6.163290773884983473e-05
1.635170720000000133e-01,6.162059897836312083e-05
1.636315560999999918e-01,6.159291325516374224e-05
1.636569861999999931e-01,6.158676256183308534e-05
1.636696997000000042e-01,6.158368744552716249e-05
1.637332525999999899e-01,6.156831416723838467e-05
1.637713725000000120e-01,6.155909204258122342e-05
1.638221851999999978e-01,6.154679802531221034e-05
1.638602844000000003e-01,6.153757912380585350e-05
1.639364561999999970e-01,6.151914546359126424e-05
1.640125926999999872e-01,6.150071732573692690e-05
1.640379637000000113e-01,6.149457584002692497e-05
1.640760126999999957e-01,6.148536476147441426e-05
1.641140530000000097e-01,6.147615506275043310e-05
1.641267311000000062e-01,6.147308546976826553e-05
1.642154506999999874e-01,6.145160261042478150e-05
1.642281210000000047e-01,6.144853424349697396e-05
1.642661260000000123e-01,6.143933006203390309e-05
1.642787924000000122e-01,6.143626230795911204e-05
1.644307130000000061e-01,6.139946120582443954e-05
1.644433667000000099e-01,6.139639544265139534e-05
1.644686711999999995e-01,6.139026437556611016e-05
1.645319154999999867e-01,6.137493938658244985e-05
1.645445614000000112e-01,6.137187484793844231e-05
1.646456939000000008e-01,6.134736404724712140e-05
1.646709672999999985e-01,6.134123787693275900e-05
1.647341338999999960e-01,6.132592512772060513e-05
1.647846497000000077e-01,6.131367768091094072e-05
1.648351500999999941e-01,6.130143268028592925e-05
1.648477727999999864e-01,6.129837181228547699e-05
1.650243888000000048e-01,6.125553570590168537e-05
1.650748157999999965e-01,6.124330231797917273e-05
1.651378279000000060e-01,6.122801401900415544e-05
1.651504273999999939e-01,6.122495681725653781e-05
1.652260043999999872e-01,6.120661681248580881e-05
1.652385972000000036e-01,6.120356067923138550e-05
1.652511891000000011e-01,6.120050469859751347e-05
1.652889589000000048e-01,6.119133767228018329e-05
1.653267200000000103e-01,6.118217201919211507e-05
1.653393052000000085e-01,6.117911710662374671e-05
1.653518894000000072e-01,6.117606234660980685e-05
1.654399518000000124e-01,6.115468329726843474e-05
1.654902521999999931e-01,6.114247005260003867e-05
1.655531061999999942e-01,6.112720692703397878e-05
1.656787426000000119e-01,6.109669210656459046e-05
1.656913010000000130e-01,6.109364146253813579e-05
1.657540787000000015e-01,6.107839052733999945e-05
1.657917338999999879e-01,6.106924179387998336e-05
1.658544735999999964e-01,6.105399695020893717e-05
1.658921060999999919e-01,6.104485187093697078e-05
1.659422694000000087e-01,6.103266056289286505e-05
1.660425504999999968e-01,6.100828525122329986e-05
1.660550813999999986e-01,6.100523902191046211e-05
1.660801403000000120e-01,6.099914701961821686e-05
1.661302469000000004e-01,6.098696484020275704e-05
1.661928588000000095e-01,6.097174053749074735e-05
1.662429313000000075e-01,6.095956383196539363e-05
1.662554471000000089e-01,6.095652003560944767e-05
1.663430311999999911e-01,6.093521771659920984e-05
1.663930586000000045e-01,6.092304830578306536e-05
1.664305691999999892e-01,6.091392284276613044e-05
1.664555715999999908e-01,6.090783996022167525e-05
1.664805702999999915e-01,6.090175768517530782e-05
1.664930682000000106e-01,6.089871677543856886e-05
1.665305562999999933e-01,6.088959495732673108e-05
1.666429701000000096e-01,6.086223770091365439e-05
1.666804245000000073e-01,6.085312134740096740e-05
1.667553079999999910e-01,6.083489273709690766e-05
1.668426296999999947e-01,6.081363292696833164e-05
1.669423700000000066e-01,6.078934509932252839e-05
1.669548332999999940e-01,6.078630980304822954e-05
1.669922178000000090e-01,6.077720482362714574e-05
1.670420506999999999e-01,6.076506697270800389e-05
1.670918687999999874e-01,6.075293154608286326e-05
1.671416719999999911e-01,6.074079854326521524e-05
1.671541205000000030e-01,6.073776567122521873e-05
1.672536749999999905e-01,6.071350814646554495e-05
1.672785544000000013e-01,6.070744527931834766e-05
1.672909925999999936e-01,6.070441407281305891e-05
1.673283020000000121e-01,6.069532136146774478e-05
1.673531702999999926e-01,6.068926031064008286e-05
1.673904657999999990e-01,6.068016986934102771e-05
1.674277529000000042e-01,6.067108078981121757e-05
1.674401801000000023e-01,6.066805139920575598e-05
1.674774562999999938e-01,6.065896413503113081e-05
1.675519836000000096e-01,6.064079369032674072e-05
1.675892347999999865e-01,6.063171050938100809e-05
1.676885310000000018e-01,6.060749534515604453e-05
1.677257518999999975e-01,6.059841715234461394e-05
1.677381571000000071e-01,6.059539139028879544e-05
1.678497620000000135e-01,6.056816633016658618e-05
1.678745530000000097e-01,6.056211797830002893e-05
1.678869471999999974e-01,6.055909402888671480e-05
1.679489041999999988e-01,6.054397654674835221e-05
1.679860673999999943e-01,6.053490786912062686e-05
1.680232224000000052e-01,6.052584054999582484e-05
1.680479877999999927e-01,6.051979642519638922e-05
1.680727495999999876e-01,6.051375290402223053e-05
1.681346381000000112e-01,6.049864674157082954e-05
1.682212436999999949e-01,6.047750444977310842e-05
1.682830775999999973e-01,6.046240733695839849e-05
1.683819645999999892e-01,6.043825979576180057e-05
1.684313863999999938e-01,6.042618964228068680e-05
1.685178394999999885e-01,6.040507267430997865e-05
1.685425322000000115e-01,6.039904061059332062e-05
1.685795646000000092e-01,6.038999364452703802e-05
1.686289283999999888e-01,6.037793313123677796e-05
1.686659417999999966e-01,6.036888932709640987e-05
1.687276127000000014e-01,6.035381933069392429e-05
1.687769332000000067e-01,6.034176604249016012e-05
1.688262392999999861e-01,6.032971516168771417e-05
1.688385635999999912e-01,6.032670281758228091e-05
1.689124902999999955e-01,6.030863191163648762e-05
1.689248083000000067e-01,6.030562062035273646e-05
1.690233197999999881e-01,6.028153570284652444e-05
1.690356296999999952e-01,6.027852576464024729e-05
1.690602468999999886e-01,6.027250633914059348e-05
1.690725540999999943e-01,6.026949685183482304e-05
1.691709795999999932e-01,6.024542636287155261e-05
1.692570549000000091e-01,6.022437257182312913e-05
1.692693477999999974e-01,6.022136548812999341e-05
1.693185104999999913e-01,6.020933865488991009e-05
1.693307990000000041e-01,6.020633232193606851e-05
1.693676590000000037e-01,6.019731422377236113e-05
1.694290743999999904e-01,6.018228706211592709e-05
1.695150186999999919e-01,6.016125533831477763e-05
1.696254544999999947e-01,6.013422535108884731e-05
1.696622505000000003e-01,6.012521805462996675e-05
1.696990385000000101e-01,6.011621210747014951e-05
1.697112993999999875e-01,6.011321042489541587e-05
1.697235594000000014e-01,6.011020889220754649e-05
1.697603340999999932e-01,6.010120519343671103e-05
1.697971007999999893e-01,6.009220284343032558e-05
1.698093545999999898e-01,6.008920235978174994e-05
1.698461106999999970e-01,6.008020180780731623e-05
1.699195991000000128e-01,6.006220474852937835e-05
1.700420092000000105e-01,6.003222163017300566e-05
1.700542452999999898e-01,6.002922414175138060e-05
1.701031812000000087e-01,6.001723568484905620e-05
1.701521028999999907e-01,6.000524962239919987e-05
1.702010106000000078e-01,5.999326595391068156e-05
1.702132353999999959e-01,5.999027041080021719e-05
1.702376821999999901e-01,5.998427977331295615e-05
1.703110016000000115e-01,5.996631145031245465e-05
1.703842895000000079e-01,5.994834851025540666e-05
1.703965010999999863e-01,5.994535521014576453e-05
1.704331305000000019e-01,5.993637620661253061e-05
1.704819576000000114e-01,5.992440629419182357e-05
1.705429717999999983e-01,5.990944726559798328e-05
1.706039642000000134e-01,5.989449197161500981e-05
1.706405491000000108e-01,5.988552058744509352e-05
1.706893168999999988e-01,5.987356083239845348e-05
1.707015065999999970e-01,5.987057126688842957e-05
1.707989933999999876e-01,5.984666011656175703e-05
1.708233563000000066e-01,5.984068382140914148e-05
1.708355364999999959e-01,5.983769589764717506e-05
1.708720719000000055e-01,5.982873302159122446e-05
1.708964245000000048e-01,5.982275851680811087e-05
1.709816312000000116e-01,5.980185244848038061e-05
1.710789583000000003e-01,5.977796874577155607e-05
1.710911203000000103e-01,5.977498395376986231e-05
1.712248452000000032e-01,5.974216107728831952e-05
1.712612974999999926e-01,5.973321251242821303e-05
1.713584657999999983e-01,5.970935622583110739e-05
1.713706078999999993e-01,5.970637486006739891e-05
1.713827491999999897e-01,5.970339364318352738e-05
1.714070292000000051e-01,5.969743165602091242e-05
1.714677142000000098e-01,5.968252929294873944e-05
1.714798486000000122e-01,5.967954926682215208e-05
1.715162467999999940e-01,5.967061008126984829e-05
1.715526370999999883e-01,5.966167223481066040e-05
1.716011457000000129e-01,5.964975718890280955e-05
1.716617619999999955e-01,5.963486672803140559e-05
1.716738827000000023e-01,5.963188908198482446e-05
1.717102396999999891e-01,5.962295703597122998e-05
1.717708175999999864e-01,5.960807326591333120e-05
1.717950427000000113e-01,5.960212079836394979e-05
1.718071539999999897e-01,5.959914478753042467e-05
1.719524231000000014e-01,5.956344424692672630e-05
1.719887211999999999e-01,5.955452245400864392e-05
1.720008188999999910e-01,5.955154882004806178e-05
1.720612944000000089e-01,5.953668287744563081e-05
1.721338370999999923e-01,5.951884864525795060e-05
1.721459244999999916e-01,5.951587679270868385e-05
1.721821818000000004e-01,5.950696212543256299e-05
1.722425937000000018e-01,5.949210731415583125e-05
1.723392086999999961e-01,5.946834732959026037e-05
1.723874958000000124e-01,5.945647089636984525e-05
1.724357695000000024e-01,5.944459683521775828e-05
1.724478358000000044e-01,5.944162869051380839e-05
1.725443358000000038e-01,5.941788886807159185e-05
1.725684523999999886e-01,5.941195539418913345e-05
1.725805093999999984e-01,5.940898887947506171e-05
1.726407819000000121e-01,5.939415852777075219e-05
1.726769353000000007e-01,5.938526209399440402e-05
1.727733073000000119e-01,5.936154478544222496e-05
1.728214731999999920e-01,5.934968968382872798e-05
1.728335125999999888e-01,5.934672627841955015e-05
1.729057311999999957e-01,5.932894895327935785e-05
1.729297972999999933e-01,5.932302436180236462e-05
1.730140025999999942e-01,5.930229295079530441e-05
1.730981668000000084e-01,5.928156878540964442e-05
1.731222062999999978e-01,5.927564892578228147e-05
1.731462423000000028e-01,5.926972965736462367e-05
1.731943045000000070e-01,5.925789289393585042e-05
1.732063179999999980e-01,5.925493407249837714e-05
1.732543633999999999e-01,5.924310026417696766e-05
1.733144016000000009e-01,5.922831132749337656e-05
1.733384109999999978e-01,5.922239678666339096e-05
1.733984199999999976e-01,5.920761301870664233e-05
1.734104193000000071e-01,5.920465670804211711e-05
1.734464122999999913e-01,5.919578866179399113e-05
1.734823977999999933e-01,5.918692194399448065e-05
1.735063840000000135e-01,5.918101153670421731e-05
1.735423570000000082e-01,5.917214703252242369e-05
1.735783226000000012e-01,5.916328385625094596e-05
1.735903095000000118e-01,5.916032975921265536e-05
1.736981541000000018e-01,5.913374952323882129e-05
1.737221104999999988e-01,5.912784442626596999e-05
1.737340874999999951e-01,5.912489209893980960e-05
1.738298734000000012e-01,5.910127878709028491e-05
1.738777465999999938e-01,5.908947566825283602e-05
1.739614929999999948e-01,5.906882588256852834e-05
1.739854131000000137e-01,5.906292726949218593e-05
1.740691075999999948e-01,5.904228676247383502e-05
1.741647092999999979e-01,5.901870644474795856e-05
1.741766557999999965e-01,5.901575956734392118e-05
1.742602584999999871e-01,5.899513554544751970e-05
1.742721985000000029e-01,5.899218984508142807e-05
1.742960759999999942e-01,5.898629888562650854e-05
1.743080134999999975e-01,5.898335362652993538e-05
1.743676888000000036e-01,5.896862953699940935e-05
1.744034841999999863e-01,5.895979684780005409e-05
1.744392723000000034e-01,5.895096548173911569e-05
1.745465922999999975e-01,5.892447932044843795e-05
1.745942689999999964e-01,5.891271151364428865e-05
1.746300178999999897e-01,5.890388720100526337e-05
1.746538464999999873e-01,5.889800506030106619e-05
1.746895831999999982e-01,5.888918295070181381e-05
1.748324572000000132e-01,5.885390772588485538e-05
1.748443581000000135e-01,5.885096907787376770e-05
1.748800558999999977e-01,5.884215401429466829e-05
1.749395360999999871e-01,5.882746517601712905e-05
1.750227742999999891e-01,5.880690696302112345e-05
1.750346623000000046e-01,5.880397066205039026e-05
1.751178553999999943e-01,5.878342066038262881e-05
1.751653764999999974e-01,5.877168102712714470e-05
1.752010089000000104e-01,5.876287784095247365e-05
1.752485075000000114e-01,5.875114231069344912e-05
1.752603801000000017e-01,5.874820879439144499e-05
1.753553322999999997e-01,5.872474593689583149e-05
1.754027891000000117e-01,5.871301802269668254e-05
1.754146513000000018e-01,5.871008641015905600e-05
1.754383733000000056e-01,5.870422362426938996e-05
1.754502330999999915e-01,5.870129245089895968e-05
1.754858076999999961e-01,5.869249980897974628e-05
1.755095200000000022e-01,5.868663877945614926e-05
1.755450826000000131e-01,5.867784833266615965e-05
1.756280337999999996e-01,5.865734241075493957e-05
1.756872607999999947e-01,5.864269971167054732e-05
1.756991036999999978e-01,5.863977161055733482e-05
1.757346278999999956e-01,5.863098818449628022e-05
1.757701449000000082e-01,5.862220607420366979e-05
1.758648217999999874e-01,5.859879354452719150e-05
1.758766529000000134e-01,5.859586763592504428e-05
1.759830964000000109e-01,5.856954103241215047e-05
1.760067416999999967e-01,5.856369228273163008e-05
1.760185632000000056e-01,5.856076812693187421e-05
1.760776588000000087e-01,5.854614953812794516e-05
1.761131066000000134e-01,5.853738013671257282e-05
1.761485473000000135e-01,5.852861204895802339e-05
1.761603593000000134e-01,5.852568964493662314e-05
1.761957903999999964e-01,5.851692330842399997e-05
1.762075992000000091e-01,5.851400148808570564e-05
1.762548265999999975e-01,5.850231566570791809e-05
1.762666314000000123e-01,5.849939457481678642e-05
1.763610418000000069e-01,5.847603109832798772e-05
1.763964326999999943e-01,5.846727220069174982e-05
1.764436094000000066e-01,5.845559571151119545e-05
1.765261384000000044e-01,5.843516746687288052e-05
1.765379252000000010e-01,5.843224972909575926e-05
1.765732805999999933e-01,5.842349738994644277e-05
1.766204101000000137e-01,5.841182964386206736e-05
1.766321905000000081e-01,5.840891307148607538e-05
1.766793043000000063e-01,5.839724823833018400e-05
1.767617233000000065e-01,5.837684038611131159e-05
1.768323376000000002e-01,5.835935361837142979e-05
1.768676341000000041e-01,5.835061219909245438e-05
1.769264459999999872e-01,5.833604607680761036e-05
1.769969946000000127e-01,5.831857153017505375e-05
1.770087499000000120e-01,5.831565961473612241e-05
1.771027646999999983e-01,5.829236952535934416e-05
1.771145130000000012e-01,5.828945891834651113e-05
1.771380073000000110e-01,5.828363814033828496e-05
1.771497532999999902e-01,5.828072796933799258e-05
1.772436933000000048e-01,5.825745183229281396e-05
1.773258498999999988e-01,5.823709283888845774e-05
1.773845098999999870e-01,5.822255505729296036e-05
1.774314240000000042e-01,5.821092744524680826e-05
1.774783255999999865e-01,5.819930215557602788e-05
1.774900490999999914e-01,5.819639619597282213e-05
1.775252149000000057e-01,5.818767918780648403e-05
1.775720916999999899e-01,5.817605854149542923e-05
1.775838090000000091e-01,5.817315374257743245e-05
1.776658084000000137e-01,5.815282421133006736e-05
1.776775194999999918e-01,5.814992057264887387e-05
1.777126481000000091e-01,5.814121052656601304e-05
1.777477698999999911e-01,5.813250178524203155e-05
1.777711804999999867e-01,5.812669668246577150e-05
1.778881874999999890e-01,5.809767986375225987e-05
1.778998838999999998e-01,5.809477897875648896e-05
1.779583546999999877e-01,5.808027672653707721e-05
1.780518680000000020e-01,5.805708065336875261e-05
1.780869227999999915e-01,5.804838451474524341e-05
1.781219708000000013e-01,5.803968967881316875e-05
1.781336518999999952e-01,5.803679168962145067e-05
1.782153982000000136e-01,5.801650981684964702e-05
1.782270732000000024e-01,5.801361298516740132e-05
1.783321136999999890e-01,5.798754800867572955e-05
1.784137691000000081e-01,5.796728334655320669e-05
1.784254311000000037e-01,5.796438897303619024e-05
1.784487527999999990e-01,5.795860065960223295e-05
1.786119197000000103e-01,5.791809864848231038e-05
1.786468646000000104e-01,5.790942332942888848e-05
1.786934471999999940e-01,5.789785825887833258e-05
1.787400177000000034e-01,5.788629549821063891e-05
1.787865760000000026e-01,5.787473504694745749e-05
1.788214868000000124e-01,5.786606622378839349e-05
1.788331221999999998e-01,5.786317690465005235e-05
1.788680239000000061e-01,5.785450981290589942e-05
1.788912879000000011e-01,5.784873247304352832e-05
1.789261782999999884e-01,5.784006754507930672e-05
1.789610618999999958e-01,5.783140391512414186e-05
1.790772912999999966e-01,5.780253452062367203e-05
1.791121454000000057e-01,5.779387651312587474e-05
1.791469927999999878e-01,5.778521980260874132e-05
1.791586071000000058e-01,5.778233452061172184e-05
1.792050565999999956e-01,5.777079483337398819e-05
1.792398859000000066e-01,5.776214158050059912e-05
1.793559346999999971e-01,5.773330676504797920e-05
1.793791354000000005e-01,5.772754152966839557e-05
1.794487197000000089e-01,5.771024927793963407e-05
1.794835016999999922e-01,5.770160509481757653e-05
1.795182768999999956e-01,5.769296220658573266e-05
1.795298671999999984e-01,5.769008153157283923e-05
1.795646334000000066e-01,5.768144036958092137e-05
1.796225623000000104e-01,5.766704130939151739e-05
1.796341458000000058e-01,5.766416192876012319e-05
1.796688918999999884e-01,5.765552464953810439e-05
1.797036312999999996e-01,5.764688866418824696e-05
1.797267871000000072e-01,5.764113205933951007e-05
1.797615153000000077e-01,5.763249822999950002e-05
1.798078092000000017e-01,5.762098846939565060e-05
1.799119267000000022e-01,5.759509991244227221e-05
1.799350557000000128e-01,5.758934847970165877e-05
1.799928654000000072e-01,5.757497241070400957e-05
1.800044251000000040e-01,5.757209762762044203e-05
1.800390997000000104e-01,5.756347413966308942e-05
1.800853221000000004e-01,5.755197816515621238e-05
1.800968759000000086e-01,5.754910453031243938e-05
1.801199812000000011e-01,5.754335769110838916e-05
1.801777314999999935e-01,5.752899310393311624e-05
1.802585508000000003e-01,5.750888870647304882e-05
1.803162567000000105e-01,5.749453272464908428e-05
1.803508714000000013e-01,5.748592085594908643e-05
1.803624081000000101e-01,5.748305051973774454e-05
1.804546756000000030e-01,5.746009298942906591e-05
1.805007915999999879e-01,5.744861766312749562e-05
1.805584201000000055e-01,5.743427672825039421e-05
1.805929883000000069e-01,5.742567388591392208e-05
1.806275499999999978e-01,5.741707233228800938e-05
1.806390690000000132e-01,5.741420543409441450e-05
1.806736218999999977e-01,5.740560559844587213e-05
1.807196819999999926e-01,5.739414115484385565e-05
1.807427077000000049e-01,5.738840979173618912e-05
1.807772407000000081e-01,5.737981382028966882e-05
1.808232744999999919e-01,5.736835452804165254e-05
1.808347811000000083e-01,5.736549006261125672e-05
1.809153068000000086e-01,5.734544280934428039e-05
1.810072923999999917e-01,5.732254024200111609e-05
1.810532676999999924e-01,5.731109238893772133e-05
1.810877415000000101e-01,5.730250799965375076e-05
1.811796394999999893e-01,5.727962258122496863e-05
1.812255711000000102e-01,5.726818330005743898e-05
1.812370520999999901e-01,5.726532383676717050e-05
1.812829690999999965e-01,5.725388741147121306e-05
1.813288744999999869e-01,5.724245327034944818e-05
1.814665209000000112e-01,5.720816454752755242e-05
1.815582272000000053e-01,5.718531681153353209e-05
1.815696871999999962e-01,5.718246148626433226e-05
1.816040630000000100e-01,5.717389636593377860e-05
1.816498871999999987e-01,5.716247820132897776e-05
1.816613414000000093e-01,5.715962401652284778e-05
1.816956999000000073e-01,5.715106231725488098e-05
1.817415009999999997e-01,5.713964871325324344e-05
1.817529494000000023e-01,5.713679566847300589e-05
1.817758442000000085e-01,5.713109000629079703e-05
1.818445113000000113e-01,5.711397643845459425e-05
1.818788350999999970e-01,5.710542157720108929e-05
1.819360270000000002e-01,5.709116632283941839e-05
1.819588987999999907e-01,5.708546521763665067e-05
1.819703336000000060e-01,5.708261487854732262e-05
1.821074950999999886e-01,5.704842190953970796e-05
1.821189206000000116e-01,5.704557342024839785e-05
1.821417693999999865e-01,5.703987686837334284e-05
1.821874582999999936e-01,5.702848547130819030e-05
1.822102985000000064e-01,5.702279062599325366e-05
1.822902165999999990e-01,5.700286314586102657e-05
1.823244565000000095e-01,5.699432492941212226e-05
1.823815087000000001e-01,5.698009741084008884e-05
1.824613518000000045e-01,5.696018485193711907e-05
1.824841577000000103e-01,5.695449682775829308e-05
1.825183612000000066e-01,5.694596585659491672e-05
1.825639559999999995e-01,5.693459321624294036e-05
1.825753528999999875e-01,5.693175041108837172e-05
1.826551111999999977e-01,5.691185474941319345e-05
1.826892827000000108e-01,5.690333016603828827e-05
1.827006717999999919e-01,5.690048892202490992e-05
1.827576066000000110e-01,5.688628483004902259e-05
1.828372853999999936e-01,5.686640505854323972e-05
1.828714228999999969e-01,5.685788728354446983e-05
1.829396786999999969e-01,5.684085556122799493e-05
1.829737969999999936e-01,5.683234161354859331e-05
1.830647481999999882e-01,5.680964398777779505e-05
1.832010903000000079e-01,5.677561454641963016e-05
1.832124475999999946e-01,5.677277968000617024e-05
1.832351600000000080e-01,5.676711037184715351e-05
1.832465151999999875e-01,5.676427593010529654e-05
1.832805764000000059e-01,5.675577345405509704e-05
1.833373309999999923e-01,5.674160549094623156e-05
1.833713754000000085e-01,5.673310641093713691e-05
1.833827221000000063e-01,5.673027366720297441e-05
1.833940681000000017e-01,5.672744106492361225e-05
1.834734705999999937e-01,5.670761680914056523e-05
1.834848109999999977e-01,5.670478533824552985e-05
1.835188279999999950e-01,5.669629177390568249e-05
1.835755089999999978e-01,5.668213866065480036e-05
1.835981764999999877e-01,5.667647840475787026e-05
1.836095091999999929e-01,5.667364848878623412e-05
1.836435030999999940e-01,5.666515958874929334e-05
1.836548329999999896e-01,5.666233023800563637e-05
1.837001456000000033e-01,5.665101424779398149e-05
1.837567706999999884e-01,5.663687243828432691e-05
1.837794158000000122e-01,5.663121670308097648e-05
1.837907373000000066e-01,5.662838904729923934e-05
1.838812844000000113e-01,5.660577288370636638e-05
1.840057139000000064e-01,5.657469040767624423e-05
1.840283283999999964e-01,5.656904088256086609e-05
1.840961552000000001e-01,5.655209569223666971e-05
1.841074572999999992e-01,5.654927198743389444e-05
1.841187585999999876e-01,5.654644842362847428e-05
1.841526585000000105e-01,5.653797857818248032e-05
1.842881956999999904e-01,5.650411188231978086e-05
1.843220644000000130e-01,5.649564837888433535e-05
1.843672131000000103e-01,5.648436567979870770e-05
1.844687570000000110e-01,5.645898784543321419e-05
1.845025925999999872e-01,5.645053110158643927e-05
1.845138698000000077e-01,5.644771246849055309e-05
1.845589715000000020e-01,5.643643934357088228e-05
1.845702452000000104e-01,5.643362141416493716e-05
1.846378728999999996e-01,5.641671679251602486e-05
1.846604099999999971e-01,5.641108304409095788e-05
1.847280048000000119e-01,5.639418517443075033e-05
1.848293504999999892e-01,5.636884786114024372e-05
1.848406076999999925e-01,5.636603330696787648e-05
1.848631201000000002e-01,5.636040462026595840e-05
1.849643917999999887e-01,5.633508248568177965e-05
1.849981367000000099e-01,5.632664430287745113e-05
1.850206299000000110e-01,5.632101954992294453e-05
1.850431204000000107e-01,5.631539535870273822e-05
1.850993345999999984e-01,5.630133733791765877e-05
1.851442936999999900e-01,5.629009344826650446e-05
1.852004771000000105e-01,5.627604174420856853e-05
1.852229458000000106e-01,5.627042204488518661e-05
1.852341791000000071e-01,5.626761240569852160e-05
1.852791054000000048e-01,5.625637525187878303e-05
1.853801499000000130e-01,5.623109986111187657e-05
1.854474822000000134e-01,5.621425591039718323e-05
1.854699209000000015e-01,5.620864238157914470e-05
1.855035738999999961e-01,5.620022313949140573e-05
1.855484350000000116e-01,5.618899944522306593e-05
1.855820736999999887e-01,5.618058314566091077e-05
1.856381246999999901e-01,5.616655878130735491e-05
1.856493328999999914e-01,5.616375432861252378e-05
1.856829533000000088e-01,5.615534181076626229e-05
1.857389738999999929e-01,5.614132374802566509e-05
1.857725781000000020e-01,5.613291459028040583e-05
1.858061762000000061e-01,5.612450669221702632e-05
1.858173741999999962e-01,5.612170433942724999e-05
1.858285715999999921e-01,5.611890212658291550e-05
1.859181260999999974e-01,5.609648946071079886e-05
1.860076375999999976e-01,5.607408574684489888e-05
1.860411932000000101e-01,5.606568666134260605e-05
1.860747429000000064e-01,5.605728883403781178e-05
1.860859246999999883e-01,5.605448983782920243e-05
1.861194663000000082e-01,5.604609368780143880e-05
1.861306454999999971e-01,5.604329525063304321e-05
1.861753555000000004e-01,5.603210289931531110e-05
1.861865313000000133e-01,5.602930516078274650e-05
1.862200548000000067e-01,5.602091278342346013e-05
1.862535721999999949e-01,5.601252166323596285e-05
1.863540881999999899e-01,5.598735584385758563e-05
1.864322298999999961e-01,5.596779024680306188e-05
1.864433903000000115e-01,5.596499571977852212e-05
1.864545501000000050e-01,5.596220133231108332e-05
1.864768676000000125e-01,5.595661297596472974e-05
1.864880254000000070e-01,5.595381900709510523e-05
1.865326496999999972e-01,5.594264452671708653e-05
1.865438040999999880e-01,5.593985125535688149e-05
1.866218664000000027e-01,5.592030226107975175e-05
1.867110404000000001e-01,5.589796891932960634e-05
1.867556113999999934e-01,5.588680559378501937e-05
1.868335852000000130e-01,5.586727513887877446e-05
1.868447216000000133e-01,5.586448563115165136e-05
1.868781270000000050e-01,5.585611794375587184e-05
1.869894350999999899e-01,5.582823470424384799e-05
1.870228146000000036e-01,5.581987244723104553e-05
1.870784339000000074e-01,5.580593813580743965e-05
1.871896228999999912e-01,5.577807994836348149e-05
1.872340799999999972e-01,5.576694056803627869e-05
1.872451927000000071e-01,5.576415607060993717e-05
1.872896366000000035e-01,5.575301947128112737e-05
1.873340699999999914e-01,5.574188509624317811e-05
1.873451765999999963e-01,5.573910184997448168e-05
1.875227942999999897e-01,5.569458880676401248e-05
1.875449847000000003e-01,5.568902717665953145e-05
1.876115401000000016e-01,5.567234561871389021e-05
1.876448089999999957e-01,5.566400671385716628e-05
1.876780718999999931e-01,5.565566905817341471e-05
1.876891582000000114e-01,5.565289011717820220e-05
1.877224133000000017e-01,5.564455412676274959e-05
1.877334971000000075e-01,5.564177574079574200e-05
1.877778253999999869e-01,5.563066358426355519e-05
1.878221432999999940e-01,5.561955364714517584e-05
1.878553748000000023e-01,5.561122265053163114e-05
1.878775259000000086e-01,5.560566934612861328e-05
1.879107476999999915e-01,5.559734042937507513e-05
1.879439635000000053e-01,5.558901276029435301e-05
1.879550342000000096e-01,5.558623714782574279e-05
1.880435759999999901e-01,5.556403723720965224e-05
1.880767684000000106e-01,5.555571455694289818e-05
1.880878311999999997e-01,5.555294060725437681e-05
1.881431356999999915e-01,5.553907293643005978e-05
1.882205345999999890e-01,5.551966401345289362e-05
1.882536958000000094e-01,5.551134798029784041e-05
1.883089514999999881e-01,5.549749069324261074e-05
1.883200006999999898e-01,5.549471965100840275e-05
1.883862823000000131e-01,5.547809630317684503e-05
1.884083709000000106e-01,5.547255629397496239e-05
1.884856608999999905e-01,5.545317061843093600e-05
1.885298123999999964e-01,5.544209613166089520e-05
1.885739535000000022e-01,5.543102385676935512e-05
1.885849871999999983e-01,5.542825613360139429e-05
1.886070525999999914e-01,5.542272110189411764e-05
1.886511757000000067e-01,5.541165269673792028e-05
1.887834830000000019e-01,5.537846074354316889e-05
1.888496018999999970e-01,5.536187222424422010e-05
1.888826526000000061e-01,5.535357982826622820e-05
1.889267112999999942e-01,5.534252523256938486e-05
1.889377244000000067e-01,5.533976192865400592e-05
1.889707596999999906e-01,5.533147284479140716e-05
1.890037893000000024e-01,5.532318500262683021e-05
1.890147979000000034e-01,5.532042266447670658e-05
1.890258058000000019e-01,5.531766046426610847e-05
1.891028433999999980e-01,5.529832892450977906e-05
1.891138461999999909e-01,5.529556782756341656e-05
1.891468507999999882e-01,5.528728536396570098e-05
1.892348349000000096e-01,5.526520485957747637e-05
1.892678184000000097e-01,5.525692694434278978e-05
1.892788116000000131e-01,5.525416791484594425e-05
1.893117874999999950e-01,5.524589165295240437e-05
1.894106805000000116e-01,5.522107030520900697e-05
1.894985421000000003e-01,5.519901624817929320e-05
1.895424575999999917e-01,5.518799252317004787e-05
1.896302582000000125e-01,5.516595167795492458e-05
1.896412303999999993e-01,5.516319719136207557e-05
1.896631729000000099e-01,5.515768863082226071e-05
1.897180179999999883e-01,5.514391963618843300e-05
1.897289852000000054e-01,5.514116624979437348e-05
1.897618828000000035e-01,5.513290691551954383e-05
1.897947747000000018e-01,5.512464881849531156e-05
1.898166994000000107e-01,5.511914410773847690e-05
1.898386216999999876e-01,5.511363994674075336e-05
1.898934161999999981e-01,5.509988194903460510e-05
1.899372404000000125e-01,5.508887802392034615e-05
1.899920063999999964e-01,5.507512620811261554e-05
1.900139083999999867e-01,5.506962644313735135e-05
1.900248585000000046e-01,5.506687676662955829e-05
1.900686524000000099e-01,5.505587943356658569e-05
1.901124362000000123e-01,5.504488429698855715e-05
1.901562099000000117e-01,5.503389135643953179e-05
1.901890336000000015e-01,5.502564809192383229e-05
1.901999735999999885e-01,5.502290061150412465e-05
1.902546639999999900e-01,5.500916526720044569e-05
1.903202717999999960e-01,5.499268738037039469e-05
1.903312041999999926e-01,5.498994154585867242e-05
1.904077136000000003e-01,5.497072454316750517e-05
1.904186409999999996e-01,5.496797980537966377e-05
1.904295678000000047e-01,5.496523520467675263e-05
1.904951152999999897e-01,5.494877047826621279e-05
1.905169594999999994e-01,5.494328333230114194e-05
1.905497210000000052e-01,5.493505364083735201e-05
1.906043111000000068e-01,5.492134022786802580e-05
1.906807108999999945e-01,5.490214720117490502e-05
1.906916227000000075e-01,5.489940588786109261e-05
1.907243542000000014e-01,5.489118276922119185e-05
1.907570802000000121e-01,5.488296088240559890e-05
1.907788943000000015e-01,5.487748030877353112e-05
1.908116109000000116e-01,5.486926047457678238e-05
1.908552242999999871e-01,5.485830261101579700e-05
1.909424211000000093e-01,5.483639344924441824e-05
1.909533179000000025e-01,5.483365541938567698e-05
1.909860046000000089e-01,5.482544215014156384e-05
1.910186856999999960e-01,5.481723011124656593e-05
1.910404699999999900e-01,5.481175610208351183e-05
1.911058079000000076e-01,5.479533735447373547e-05
1.911928904999999901e-01,5.477345334202806000e-05
1.912364169000000114e-01,5.476251461382110862e-05
1.912908110000000050e-01,5.474884427584517013e-05
1.913016879999999975e-01,5.474611061782610436e-05
1.913778093999999874e-01,5.472697883347409732e-05
1.914756353000000022e-01,5.470239064976495651e-05
1.915625497000000010e-01,5.468054376169065458e-05
1.915842721000000082e-01,5.467508340325259394e-05
1.915951324000000067e-01,5.467235342852544698e-05
1.916385674999999955e-01,5.466143489279703065e-05
1.916819926999999979e-01,5.465051853779957905e-05
1.917254080000000138e-01,5.463960436310478488e-05
1.917579631000000118e-01,5.463142016263834369e-05
1.917688136000000043e-01,5.462869236826990065e-05
1.918013613000000006e-01,5.462050980242793598e-05
1.918230566999999942e-01,5.461505543951306540e-05
1.918555952000000064e-01,5.460687491646658536e-05
1.918989712999999986e-01,5.459596945862396210e-05
1.919314968999999982e-01,5.458779179464114876e-05
1.919856940000000123e-01,5.457416507685430894e-05
1.920290406999999866e-01,5.456326615206237031e-05
1.920615442999999978e-01,5.455509338703695639e-05
1.920723776000000105e-01,5.455236940410406908e-05
1.921157048000000089e-01,5.454147483252740135e-05
1.921481936999999973e-01,5.453330533181773249e-05
1.921698498999999949e-01,5.452785967791902260e-05
1.922564505000000090e-01,5.450608250027174029e-05
1.922780946000000046e-01,5.450063956508148104e-05
1.922889157000000071e-01,5.449791830133422885e-05
1.923754625999999912e-01,5.447615308274690279e-05
1.924511593000000076e-01,5.445711564787344982e-05
1.925052100999999904e-01,5.444352155383862393e-05
1.925160184999999968e-01,5.444080314231675171e-05
1.925808558000000059e-01,5.442449552361148873e-05
1.926024634000000069e-01,5.441906073641814831e-05
1.926348702000000024e-01,5.441090957329539442e-05
1.927644430999999881e-01,5.437831712941408531e-05
1.928076146999999907e-01,5.436745732090244345e-05
1.928399870999999988e-01,5.435931388794586715e-05
1.928615656000000067e-01,5.435388561037333814e-05
1.928939289000000112e-01,5.434574421046118963e-05
1.929370715000000014e-01,5.433489090767095831e-05
1.929694221999999904e-01,5.432675235315213044e-05
1.930341071999999991e-01,5.431047890140400670e-05
1.930664415999999994e-01,5.430234400379097779e-05
1.931203202000000008e-01,5.428878854903489273e-05
1.931957250000000126e-01,5.426981659757480926e-05
1.932388002000000049e-01,5.425897845962528816e-05
1.932926308000000037e-01,5.424543383123231098e-05
1.933141587999999966e-01,5.424001692672057316e-05
1.933787285000000133e-01,5.422376945887459956e-05
1.934110052999999940e-01,5.421564755029797147e-05
1.934432766999999997e-01,5.420752685838033265e-05
1.934540325999999921e-01,5.420482023140522822e-05
1.934862968000000127e-01,5.419670116142288218e-05
1.935293073000000086e-01,5.418587762665245320e-05
1.935400585000000007e-01,5.418317208075611099e-05
1.935830571000000111e-01,5.417235124811510256e-05
1.936367920000000020e-01,5.415882824648774352e-05
1.936690256999999971e-01,5.415071606607420118e-05
1.937979070999999998e-01,5.411827949460581684e-05
1.938086434000000080e-01,5.411557732425596002e-05
1.938301141000000061e-01,5.411017338837856733e-05
1.938408484999999959e-01,5.410747162280695187e-05
1.938730483999999976e-01,5.409936713559167437e-05
1.938945119000000106e-01,5.409396481859292394e-05
1.939588884000000013e-01,5.407776110453156945e-05
1.939696156999999865e-01,5.407506095749557500e-05
1.940554130999999904e-01,5.405346463469770646e-05
1.940661351000000090e-01,5.405076570093283377e-05
1.941840380000000033e-01,5.402108632298932805e-05
1.942268940999999915e-01,5.401029786336592311e-05
1.943232856000000064e-01,5.398603170685913782e-05
1.943446994999999955e-01,5.398064070854528189e-05
1.943554054999999947e-01,5.397794541127789119e-05
1.943982237999999918e-01,5.396716556808373873e-05
1.944838319999999954e-01,5.394561234034812473e-05
1.944945304000000041e-01,5.394291879225451754e-05
1.945159254000000115e-01,5.393753209956259455e-05
1.945800963000000050e-01,5.392137524906542357e-05
1.946442459999999930e-01,5.390522323877187569e-05
1.946656244999999952e-01,5.389984031068687181e-05
1.946976878999999994e-01,5.389176692653024019e-05
1.947404309000000111e-01,5.388100429555222362e-05
1.947831644999999945e-01,5.387024381417290271e-05
1.948365683999999931e-01,5.385679623465009993e-05
1.948579257999999981e-01,5.385141814291593220e-05
1.948686037000000038e-01,5.384872929846817050e-05
1.949540053000000106e-01,5.382722337598866365e-05
1.949966921000000075e-01,5.381647363614845708e-05
1.950287011000000070e-01,5.380841274026068767e-05
1.950927033000000033e-01,5.379229457086115505e-05
1.951673459999999916e-01,5.377349614265040950e-05
1.952099861999999908e-01,5.376275713360729287e-05
1.952419602000000087e-01,5.375470428441698031e-05
1.952526169999999894e-01,5.375202026943707857e-05
1.952632733000000120e-01,5.374933638848480605e-05
1.953378507999999902e-01,5.373055297401302404e-05
1.953698038999999997e-01,5.372250494899807920e-05
1.953804537000000119e-01,5.371982254191114120e-05
1.954336943999999965e-01,5.370641251554208778e-05
1.954656318000000115e-01,5.369836810674402699e-05
1.955401321000000137e-01,5.367960250554050045e-05
1.955507726999999862e-01,5.367692224080992312e-05
1.955933293000000073e-01,5.366620252023469699e-05
1.956039669000000092e-01,5.366352292463410682e-05
1.956358766000000082e-01,5.365548494068065011e-05
1.957634629999999987e-01,5.362334504388193958e-05
1.958378500000000078e-01,5.360460566299441121e-05
1.958484744000000000e-01,5.360192914328131361e-05
1.958803442000000006e-01,5.359390038603124260e-05
1.958909662999999968e-01,5.359122440088454113e-05
1.959228292000000093e-01,5.358319724720476046e-05
1.959334490000000095e-01,5.358052179652549458e-05
1.960077715000000109e-01,5.356179738223598193e-05
1.960502288000000037e-01,5.355110065525682376e-05
1.961032876000000091e-01,5.353773275083471232e-05
1.961138976000000034e-01,5.353505957046220533e-05
1.961457242999999906e-01,5.352704083023078198e-05
1.961775457999999916e-01,5.351902329119557849e-05
1.961987571999999902e-01,5.351367893241800399e-05
1.962199664000000010e-01,5.350833510736780900e-05
1.962623777999999986e-01,5.349764905827959533e-05
1.962729793000000111e-01,5.349497787951028332e-05
1.963577700999999953e-01,5.347361325068437248e-05
1.963683663999999940e-01,5.347094327215904590e-05
1.964531160000000110e-01,5.344958824311040022e-05
1.964848876999999994e-01,5.344158230641944484e-05
1.965166543000000099e-01,5.343357756901826177e-05
1.965272419999999909e-01,5.343090958968690419e-05
1.966225058000000137e-01,5.340690377018618814e-05
1.966542501000000109e-01,5.339890422760343709e-05
1.966965679000000078e-01,5.338824003484099364e-05
1.967071458999999911e-01,5.338557431948418670e-05
1.967811761999999909e-01,5.336691803871367626e-05
1.968763171000000034e-01,5.334294097255994006e-05
1.968974531999999888e-01,5.333761419889629292e-05
1.969397187999999965e-01,5.332696224744598687e-05
1.969925378999999865e-01,5.331365029985480047e-05
1.970664609999999983e-01,5.329501915630446271e-05
1.970770192000000087e-01,5.329235809597621565e-05
1.971192461999999868e-01,5.328171518339467738e-05
1.971614641999999973e-01,5.327107439651336258e-05
1.971931218000000097e-01,5.326309520106706962e-05
1.972142239999999935e-01,5.325777640149606789e-05
1.972458730999999965e-01,5.324979919806932744e-05
1.973618762999999887e-01,5.322055967456340992e-05
1.974040424000000071e-01,5.320993110209943890e-05
1.974145824999999910e-01,5.320727429069021174e-05
1.974672747000000006e-01,5.319399222355726759e-05
1.975304867000000075e-01,5.317805811992042092e-05
1.975410200999999921e-01,5.317540290010658630e-05
1.975515529000000103e-01,5.317274781287436691e-05
1.976252668000000046e-01,5.315416591427227016e-05
1.976357951000000113e-01,5.315151188752378962e-05
1.976673767000000081e-01,5.314355060246136602e-05
1.977410474999999890e-01,5.312497890817752174e-05
1.977515696000000101e-01,5.312232633891059012e-05
1.978777918000000080e-01,5.309050583742501493e-05
1.978883066999999885e-01,5.308785498958171222e-05
1.979093348000000030e-01,5.308255369100383752e-05
1.979198480000000093e-01,5.307990324025550972e-05
1.979724056000000121e-01,5.306665297167244955e-05
1.980039335000000067e-01,5.305870439840290728e-05
1.980459629000000110e-01,5.304810815285463706e-05
1.980774791000000090e-01,5.304016235758364945e-05
1.981299948999999949e-01,5.302692201041418095e-05
1.981404964000000046e-01,5.302427433766800601e-05
1.981719976000000105e-01,5.301633211268025439e-05
1.982139913000000031e-01,5.300574433002921694e-05
1.982244884000000096e-01,5.300309771480862331e-05
1.982559761999999892e-01,5.299515866205905997e-05
1.982874589999999992e-01,5.298722079857960779e-05
1.983818773999999896e-01,5.296341434192082092e-05
1.983923656000000091e-01,5.296076984045462992e-05
1.984238268000000083e-01,5.295283712839021854e-05
1.984762509000000119e-01,5.293961858221615975e-05
1.985076987999999931e-01,5.293168903859703152e-05
1.985391417000000047e-01,5.292376068280002857e-05
1.985496216000000036e-01,5.292111816147035809e-05
1.985915353999999911e-01,5.291054939565424138e-05
1.987067530000000137e-01,5.288149617253232486e-05
1.987276944999999961e-01,5.287621548272871980e-05
1.988009722999999895e-01,5.285773722114732090e-05
1.988846853000000026e-01,5.283662711562554922e-05
1.988951469999999944e-01,5.283398894535995701e-05
1.989160685999999956e-01,5.282871300003512150e-05
1.989265286000000132e-01,5.282607522495641678e-05
1.989579052999999875e-01,5.281816269003202061e-05
1.990520057000000065e-01,5.279443219627907369e-05
1.990624585000000113e-01,5.279179613304272033e-05
1.990833626000000078e-01,5.278652440145340582e-05
1.991356132000000057e-01,5.277334737571326152e-05
1.991460616000000072e-01,5.277071236534778593e-05
1.991774037000000053e-01,5.276280812373015239e-05
1.992087408999999865e-01,5.275490506615785295e-05
1.992505160999999969e-01,5.274436949760117146e-05
1.992922826000000092e-01,5.273383603328857608e-05
1.993444783999999970e-01,5.272067216134188880e-05
1.993862251999999891e-01,5.271014343002958745e-05
1.993966604999999892e-01,5.270751157579682924e-05
1.994175294999999959e-01,5.270224826158665380e-05
1.995114131000000068e-01,5.267856985166159873e-05
1.995844031000000018e-01,5.266016066650763242e-05
1.996365224999999965e-01,5.264701518780687619e-05
1.996469448000000035e-01,5.264438648590894968e-05
1.997303031999999867e-01,5.262336159576683220e-05
1.998032133000000043e-01,5.260497170568679344e-05
1.998136268000000049e-01,5.260234510325481307e-05
1.998865065000000052e-01,5.258396255835377087e-05
1.998969157000000108e-01,5.258133700502871135e-05
1.999177325000000005e-01,5.257608629167925265e-05
1.999281401000000125e-01,5.257346113166113505e-05
1.999593595999999973e-01,5.256558643808768871e-05
1.999801699000000044e-01,5.256033729773769181e-05
2.000113813000000129e-01,5.255246457010356544e-05
2.000425878000000046e-01,5.254459302180337942e-05
2.000841888999999874e-01,5.253409945827422630e-05
2.000945879000000094e-01,5.253147639488679163e-05
2.001465743999999991e-01,5.251836304256648266e-05
2.001777597999999936e-01,5.251049660262941066e-05
2.002297248000000085e-01,5.249738848796883388e-05
2.002920649000000108e-01,5.248166306997263431e-05
2.003855387000000043e-01,5.245808377557200156e-05
2.003959220000000041e-01,5.245546450805860272e-05
2.004270686999999884e-01,5.244760749026612060e-05
2.004685900000000021e-01,5.243713329737520571e-05
2.005101026999999980e-01,5.242666119646472898e-05
2.005516069000000123e-01,5.241619118710376071e-05
2.005827293000000122e-01,5.240834005241418235e-05
2.006345894000000074e-01,5.239525744140820690e-05
2.006760676999999882e-01,5.238479370422432515e-05
2.007071709000000093e-01,5.237694727286087461e-05
2.007486343000000062e-01,5.236648719272393460e-05
2.007589988000000047e-01,5.236387249913080526e-05
2.008004515000000045e-01,5.235341503037327360e-05
2.008833311999999871e-01,5.233250635836749409e-05
2.008936887999999976e-01,5.232989336162437524e-05
2.009144022999999890e-01,5.232466775958568629e-05
2.009247581999999976e-01,5.232205515427280283e-05
2.009558228999999974e-01,5.231421812106811040e-05
2.011317653999999955e-01,5.226983043630401579e-05
2.011421102000000016e-01,5.226722056931864819e-05
2.011731412999999968e-01,5.225939175027978739e-05
2.012558674999999908e-01,5.223852063248619605e-05
2.012868810000000008e-01,5.223069611267720520e-05
2.013075541000000079e-01,5.222548041731870841e-05
2.013798931000000125e-01,5.220722958517732268e-05
2.014108874999999965e-01,5.219940975272399902e-05
2.014212180000000130e-01,5.219680340224265461e-05
2.014728621999999914e-01,5.218377360187270427e-05
2.015348177000000074e-01,5.216814213522790985e-05
2.015761108999999940e-01,5.215772375911167268e-05
2.016277153999999905e-01,5.214470371507478610e-05
2.016380346999999962e-01,5.214210009634799543e-05
2.016689895000000066e-01,5.213429002023483027e-05
2.017205703000000128e-01,5.212127582649547824e-05
2.017515123999999993e-01,5.211346886983129388e-05
2.018649262999999972e-01,5.208485336623222978e-05
2.019164569999999936e-01,5.207185151447429140e-05
2.019473690999999960e-01,5.206405196151888374e-05
2.019576721000000130e-01,5.206145237017438223e-05
2.019679745000000082e-01,5.205885290865353633e-05
2.019988788000000035e-01,5.205105530287981594e-05
2.020297782000000097e-01,5.204325886518175508e-05
2.020400770000000124e-01,5.204066031214457210e-05
2.020503753000000013e-01,5.203806188888246572e-05
2.021224483999999877e-01,5.201987655874712083e-05
2.021327424999999900e-01,5.201727917334268724e-05
2.022150761000000019e-01,5.199650475869024358e-05
2.022459424999999977e-01,5.198871649259360585e-05
2.022768043000000016e-01,5.198092939319057482e-05
2.022870904999999886e-01,5.197833395260781174e-05
2.023282301000000061e-01,5.196795348628101117e-05
2.023693612999999947e-01,5.195757509322692323e-05
2.024618760000000128e-01,5.193423128703928581e-05
2.025338026999999874e-01,5.191608224527945723e-05
2.025646205999999949e-01,5.190830602638992348e-05
2.026057038000000088e-01,5.189793954652829362e-05
2.026159733000000018e-01,5.189534825008628349e-05
2.026262423000000090e-01,5.189275708304311825e-05
2.026878453000000024e-01,5.187721279778917383e-05
2.026981106000000088e-01,5.187462253634467051e-05
2.027083755000000098e-01,5.187203240424793937e-05
2.027802146999999888e-01,5.185390510073592285e-05
2.027904752999999949e-01,5.185131600316468433e-05
2.028930535000000035e-01,5.182543213733446048e-05
2.029033084000000098e-01,5.182284446158231210e-05
2.029340702000000107e-01,5.181508220961823389e-05
2.029545755000000118e-01,5.180990802097064721e-05
2.029853295000000057e-01,5.180214770684704140e-05
2.030570707000000086e-01,5.178404482774233897e-05
2.031185430000000125e-01,5.176853310998654487e-05
2.032004772000000070e-01,5.174785804793932529e-05
2.032311940000000039e-01,5.174010702885111651e-05
2.032619061000000005e-01,5.173235717084801789e-05
2.032721425000000026e-01,5.172977414284277175e-05
2.033642465000000121e-01,5.170653269427976203e-05
2.033949385000000110e-01,5.169878786568438730e-05
2.034358541000000076e-01,5.168846323220826540e-05
2.034460817000000032e-01,5.168588239606425441e-05
2.034767614000000113e-01,5.167814066084725703e-05
2.035176605000000027e-01,5.166782015118159978e-05
2.036096534000000069e-01,5.164460654035858353e-05
2.036403083999999974e-01,5.163687098821237871e-05
2.036913899999999999e-01,5.162398097628070621e-05
2.037118189999999884e-01,5.161882587260508494e-05
2.037220326999999997e-01,5.161624851382930185e-05
2.038037242999999887e-01,5.159563427634095248e-05
2.038445577000000120e-01,5.158533024539219835e-05
2.038547648000000045e-01,5.158275455923466306e-05
2.039159966999999907e-01,5.156730314304535707e-05
2.039670091000000129e-01,5.155443049887786669e-05
2.039976105000000095e-01,5.154670845499917804e-05
2.040078099000000034e-01,5.154413469743652690e-05
2.040384051999999948e-01,5.153641419584945548e-05
2.040893870999999915e-01,5.152354926317482701e-05
2.041607403000000043e-01,5.150554375300455269e-05
2.041811223999999980e-01,5.150040047746041647e-05
2.042524434999999916e-01,5.148240305768868503e-05
2.042626302999999977e-01,5.147983251123709167e-05
2.043441055999999922e-01,5.145927276014770294e-05
2.043644693999999984e-01,5.145413410559996232e-05
2.043746505000000047e-01,5.145156497078125771e-05
2.044255486000000066e-01,5.143872122090250307e-05
2.044560813000000088e-01,5.143101651011986635e-05
2.044866094999999995e-01,5.142331295350763038e-05
2.044967845000000006e-01,5.142074535774217341e-05
2.045374795999999884e-01,5.141047625680199832e-05
2.045781665999999999e-01,5.140020920685170789e-05
2.046188455000000073e-01,5.138994420751985445e-05
2.046493494000000135e-01,5.138224680347892978e-05
2.047001790999999904e-01,5.136942035902760447e-05
2.048221189999999969e-01,5.133864995556772817e-05
2.048322773000000041e-01,5.133608658749915844e-05
2.048525925999999941e-01,5.133096023535063624e-05
2.048627494999999965e-01,5.132839725125849328e-05
2.048932169999999886e-01,5.132070906687261698e-05
2.049135262000000013e-01,5.131558425045014958e-05
2.049439862000000112e-01,5.130789798543616804e-05
2.050150420000000084e-01,5.128996784441515629e-05
2.051570798000000029e-01,5.125412635968674621e-05
2.051773628000000127e-01,5.124900819275829709e-05
2.052280618000000001e-01,5.123621501159592528e-05
2.052686119000000087e-01,5.122598276626630717e-05
2.053192883000000135e-01,5.121319533344815270e-05
2.053395553000000040e-01,5.120808125423827732e-05
2.053496881000000107e-01,5.120552440615425171e-05
2.054003444999999983e-01,5.119274208080847819e-05
2.054307323000000018e-01,5.118507421739546583e-05
2.054611157000000021e-01,5.117740750260421244e-05
2.054712424000000037e-01,5.117485218624088708e-05
2.055623609999999990e-01,5.115186008017580659e-05
2.056332030999999949e-01,5.113398447367528286e-05
2.056433213999999954e-01,5.113143132563769782e-05
2.057141355999999865e-01,5.111356285889023695e-05
2.057242499999999974e-01,5.111101073063627469e-05
2.057950363000000116e-01,5.109314940078606783e-05
2.058253659000000013e-01,5.108549645622448803e-05
2.058354746999999929e-01,5.108294572946259378e-05
2.059466395000000005e-01,5.105489614025439924e-05
2.059567424000000035e-01,5.105234694152569814e-05
2.059870480999999864e-01,5.104470010910825469e-05
2.060375477999999982e-01,5.103195793385792840e-05
2.060476461999999898e-01,5.102940988056362161e-05
2.060779386000000102e-01,5.102176648409956358e-05
2.061284160000000087e-01,5.100903003427067632e-05
2.061889725999999923e-01,5.099375049158703243e-05
2.061990636000000099e-01,5.099120434619182341e-05
2.062797741000000074e-01,5.097083975968761782e-05
2.062898606999999940e-01,5.096829475834523815e-05
2.063100324000000096e-01,5.096320513693773006e-05
2.063201175000000109e-01,5.096066051684251504e-05
2.064007806000000000e-01,5.094030812993650687e-05
2.064310212000000089e-01,5.093267808078103843e-05
2.064511790999999929e-01,5.092759201633602806e-05
2.064713350000000058e-01,5.092250645984040634e-05
2.065217162999999911e-01,5.090979479046457213e-05
2.065317911000000006e-01,5.090725283742855755e-05
2.065620123999999946e-01,5.089962773991733375e-05
2.065922293999999937e-01,5.089200378461713055e-05
2.066828537000000021e-01,5.086913877041875060e-05
2.067633754000000046e-01,5.084882293850122336e-05
2.068338060999999894e-01,5.083105324202250719e-05
2.068539246999999970e-01,5.082597732667306359e-05
2.068840989999999880e-01,5.081836440411310641e-05
2.069243245999999870e-01,5.080821561462476568e-05
2.070449544000000086e-01,5.077778140644876139e-05
2.070851486999999991e-01,5.076764072247336526e-05
2.070951960999999897e-01,5.076510586795689709e-05
2.071253352999999908e-01,5.075750206385362814e-05
2.071554700000000082e-01,5.074989939878918717e-05
2.071655139999999951e-01,5.074736543018830036e-05
2.072458480999999908e-01,5.072709823611470183e-05
2.072558875999999939e-01,5.072456540609802348e-05
2.072759653000000035e-01,5.071950012549857783e-05
2.073361867000000081e-01,5.070430731865110545e-05
2.073662907999999916e-01,5.069671262207860608e-05
2.074064228999999981e-01,5.068658812968345883e-05
2.074866636999999903e-01,5.066634521084103853e-05
2.076069667000000063e-01,5.063599599148641434e-05
2.076470522999999957e-01,5.062588362579313145e-05
2.077171832999999967e-01,5.060819184550993097e-05
2.077272001000000090e-01,5.060566495312534570e-05
2.077372164000000077e-01,5.060313818691654331e-05
2.077572476000000001e-01,5.059808503302742558e-05
2.077973040999999965e-01,5.058798023915969449e-05
2.078073169999999914e-01,5.058545435603583164e-05
2.078173295000000087e-01,5.058292859906633190e-05
2.078974117000000066e-01,5.056272708318364657e-05
2.079174273999999933e-01,5.055767796506723498e-05
2.079774630000000013e-01,5.054253363603175759e-05
2.080074742999999948e-01,5.053496317291673661e-05
2.080374812999999934e-01,5.052739384385128240e-05
2.080774838999999987e-01,5.051730316886538945e-05
2.080874832999999868e-01,5.051478081503640459e-05
2.081174788000000053e-01,5.050721450924724792e-05
2.081674615999999922e-01,5.049460651824362985e-05
2.082174324000000132e-01,5.048200167485265513e-05
2.082374174000000133e-01,5.047696061863731837e-05
2.082474091000000027e-01,5.047444027933143047e-05
2.082973607999999976e-01,5.046184047045550370e-05
2.083273260000000071e-01,5.045428209505279710e-05
2.083672729000000112e-01,5.044420602241341033e-05
2.083972280999999982e-01,5.043665028863000821e-05
2.084371616000000038e-01,5.042657773751992847e-05
2.084471438000000121e-01,5.042405991409171738e-05
2.084870678000000088e-01,5.041398987761721179e-05
2.085170057999999882e-01,5.040643867016577598e-05
2.085668927999999867e-01,5.039385583799807608e-05
2.086067939000000038e-01,5.038379183406777886e-05
2.086965433000000092e-01,5.036115517385155929e-05
2.087164823999999863e-01,5.035612618634334020e-05
2.087264513000000044e-01,5.035361188094694224e-05
2.087762883000000014e-01,5.034104223709117576e-05
2.088061847999999887e-01,5.033350195706947738e-05
2.088759266000000114e-01,5.031591236266687691e-05
2.088858878000000030e-01,5.031340006535482446e-05
2.089257278999999967e-01,5.030335213055807950e-05
2.089356867999999923e-01,5.030084046043632978e-05
2.089954299000000015e-01,5.028577307336751890e-05
2.090153405000000075e-01,5.028075161413509309e-05
2.090452027999999962e-01,5.027322036556720896e-05
2.090750607999999899e-01,5.026569024515532445e-05
2.091546613999999971e-01,5.024561543829435240e-05
2.091646092999999984e-01,5.024310665128512717e-05
2.092043963999999923e-01,5.023307275591912621e-05
2.092541195000000021e-01,5.022053320483644108e-05
2.092839478000000086e-01,5.021301097688196901e-05
2.093237121000000034e-01,5.020298309240942475e-05
2.093336520000000089e-01,5.020047643425692177e-05
2.093535303999999875e-01,5.019546349344854668e-05
2.094032181999999909e-01,5.018293333157978234e-05
2.094926263999999927e-01,5.016038692267625908e-05
2.095124896999999986e-01,5.015537798551913566e-05
2.095621397999999913e-01,5.014285783106960814e-05
2.096514802999999982e-01,5.012032942919972711e-05
2.096812520000000124e-01,5.011282221161711354e-05
2.097110194000000039e-01,5.010531611860763831e-05
2.097606224999999935e-01,5.009280846215696245e-05
2.097903787000000020e-01,5.008530536716104744e-05
2.098300471000000000e-01,5.007530298885408962e-05
2.098796219999999879e-01,5.006280282522835066e-05
2.099192735000000032e-01,5.005280494126575620e-05
2.099688274000000021e-01,5.004031039431301714e-05
2.099985541000000122e-01,5.003281516344894677e-05
2.100282766000000079e-01,5.002532105534703119e-05
2.100381832000000060e-01,5.002282326878762460e-05
2.101174188000000109e-01,5.000284546601542831e-05
2.101273211999999946e-01,5.000034880179339287e-05
2.101570255000000109e-01,4.999285955709979837e-05
2.102065233000000033e-01,4.998037997559796203e-05
2.102758006999999874e-01,4.996291379544619916e-05
2.103054839999999870e-01,4.995543015845860886e-05
2.103153775000000114e-01,4.995293586191988655e-05
2.103648379999999984e-01,4.994046624742611083e-05
2.104439506999999931e-01,4.992052133906899807e-05
2.104736103000000025e-01,4.991304405240611314e-05
2.105823263999999917e-01,4.988563691630952979e-05
2.105922068999999952e-01,4.988314610492018496e-05
2.106020869000000129e-01,4.988065541789851260e-05
2.106218455999999961e-01,4.987567441699418755e-05
2.106811104999999906e-01,4.986073439873196588e-05
2.107502319000000013e-01,4.984331003403020426e-05
2.107601044999999895e-01,4.984082133624785800e-05
2.107798483999999972e-01,4.983584431349067002e-05
2.108390689000000096e-01,4.982091622729231938e-05
2.108686728999999982e-01,4.981345386129614670e-05
2.109180036999999952e-01,4.980101906867538328e-05
2.109475966000000091e-01,4.979355968324367527e-05
2.110264907999999939e-01,4.977367345116829141e-05
2.110659267999999977e-01,4.976373331388076024e-05
2.110757846999999909e-01,4.976124858977997302e-05
2.110954989999999920e-01,4.975627951379801481e-05
2.111053555000000082e-01,4.975379516188700117e-05
2.112925411999999892e-01,4.970661603959046211e-05
2.113023884999999935e-01,4.970413416765530855e-05
2.113122353000000120e-01,4.970165241965401783e-05
2.113417730999999911e-01,4.969420791918339173e-05
2.113811502999999870e-01,4.968428365322169346e-05
2.115385858000000119e-01,4.964460640677788159e-05
2.115680920000000131e-01,4.963717045170781481e-05
2.116074270999999951e-01,4.962725757761283487e-05
2.116270919000000084e-01,4.962230188303474467e-05
2.116565857000000106e-01,4.961486926912710762e-05
2.116860752999999984e-01,4.960743776861413213e-05
2.116959042999999874e-01,4.960496084916968696e-05
2.117253885000000002e-01,4.959753083291315481e-05
2.117745196999999968e-01,4.958514994574903466e-05
2.117843446000000074e-01,4.958267413924488226e-05
2.118138165000000017e-01,4.957524746150948039e-05
2.118432842999999899e-01,4.956782189626173044e-05
2.118629271999999952e-01,4.956287213742109680e-05
2.118923880999999954e-01,4.955544842597402915e-05
2.120396314999999920e-01,4.951834654632542493e-05
2.120494441000000119e-01,4.951587407567056951e-05
2.120886898999999881e-01,4.950598542762403012e-05
2.121573525999999876e-01,4.948868504567107969e-05
2.121671598000000047e-01,4.948621405617199169e-05
2.121769665000000082e-01,4.948374319006453671e-05
2.121965785000000104e-01,4.947880182797438143e-05
2.122456006000000006e-01,4.946645058164762614e-05
2.122554037000000116e-01,4.946398070242489196e-05
2.122848102000000070e-01,4.945657180475242096e-05
2.123142125999999963e-01,4.944916401689875690e-05
2.123338119000000024e-01,4.944422610816675228e-05
2.123632075000000119e-01,4.943682016969954979e-05
2.124023953999999992e-01,4.942694731074974537e-05
2.124415759999999931e-01,4.941707642368247099e-05
2.125101246999999971e-01,4.939980711491023118e-05
2.125199154999999895e-01,4.939734056355260045e-05
2.125688631000000051e-01,4.938500965413205614e-05
2.125982261999999900e-01,4.937761258616566378e-05
2.126373706999999946e-01,4.936775155250992635e-05
2.127254195999999931e-01,4.934557142719335352e-05
2.127547610999999950e-01,4.933818026700337902e-05
2.127840984999999907e-01,4.933079021399243668e-05
2.128036546000000029e-01,4.932586412701265449e-05
2.128623119999999980e-01,4.931108881759739706e-05
2.128720866999999906e-01,4.930862669641448569e-05
2.128818608999999973e-01,4.930616469815276524e-05
2.129502678000000093e-01,4.928893415238124891e-05
2.129600385000000040e-01,4.928647313747995523e-05
2.129795784000000081e-01,4.928155147635572911e-05
2.130674858000000116e-01,4.925941008306855372e-05
2.131358331000000050e-01,4.924219587774514279e-05
2.131455952999999903e-01,4.923973719674806429e-05
2.132724621000000043e-01,4.920778551381431155e-05
2.133017284000000013e-01,4.920041499369700265e-05
2.133407438000000100e-01,4.919058935097720173e-05
2.134285025000000058e-01,4.916848882944121384e-05
2.134577473000000003e-01,4.916112419589183075e-05
2.134869882000000052e-01,4.915376066554732321e-05
2.134967342000000101e-01,4.915130640055946290e-05
2.135064798999999902e-01,4.914885225813586059e-05
2.135357139999999876e-01,4.914149056609437495e-05
2.135649441999999953e-01,4.913412997683555620e-05
2.135746866999999882e-01,4.913167669211113305e-05
2.136039116000000015e-01,4.912431757295429498e-05
2.136623492999999985e-01,4.910960264160783384e-05
2.136915621000000098e-01,4.910224682909261807e-05
2.137597099000000112e-01,4.908508755139238017e-05
2.137986417999999944e-01,4.907528494255534345e-05
2.138083735999999901e-01,4.907283459626034765e-05
2.138862125000000058e-01,4.905323623037498255e-05
2.139153947999999916e-01,4.904588886144347606e-05
2.139737473999999973e-01,4.903119742527928899e-05
2.140418054000000070e-01,4.901406297890266000e-05
2.140709664000000068e-01,4.900672147804097751e-05
2.141098416999999976e-01,4.899693452092843192e-05
2.141875709999999933e-01,4.897736647040500227e-05
2.141972852000000038e-01,4.897492101369534546e-05
2.142069989000000008e-01,4.897247567909227781e-05
2.142361375000000068e-01,4.896514040793095821e-05
2.142846929999999983e-01,4.895291739771260084e-05
2.143526521999999934e-01,4.893581030973499926e-05
2.143623588999999940e-01,4.893336692814386185e-05
2.143914764000000028e-01,4.892603751540449834e-05
2.144205899000000137e-01,4.891870920058617142e-05
2.144399966999999962e-01,4.891382426725838828e-05
2.145079067000000006e-01,4.889673084209191710e-05
2.145467027999999887e-01,4.888696585291074496e-05
2.145854918000000000e-01,4.887720281407232606e-05
2.146242738999999955e-01,4.886744172515933066e-05
2.146533558000000008e-01,4.886012218786218731e-05
2.146727415999999944e-01,4.885524310549030016e-05
2.147308883999999862e-01,4.884060878177226025e-05
2.148180791000000034e-01,4.881866551586811495e-05
2.148277647000000068e-01,4.881622798392363166e-05
2.148568191000000127e-01,4.880891611834913403e-05
2.148955522000000062e-01,4.879916866804135100e-05
2.149342783000000034e-01,4.878942316454891687e-05
2.149729974000000043e-01,4.877967960747718205e-05
2.149826760999999919e-01,4.877724402228435078e-05
2.150020321999999984e-01,4.877237321678974154e-05
2.150504146999999977e-01,4.876019833107143566e-05
2.150600899000000010e-01,4.875776371868712161e-05
2.150891128999999902e-01,4.875046061094840273e-05
2.151664885000000027e-01,4.873099100493056543e-05
2.152438362000000105e-01,4.871152917529290134e-05
2.152921644000000134e-01,4.869936947933557064e-05
2.153114925999999874e-01,4.869450645098812632e-05
2.153211560999999941e-01,4.869207511894646425e-05
2.153694670000000089e-01,4.867992027969816264e-05
2.153984482999999894e-01,4.867262883275997665e-05
2.154274257000000081e-01,4.866533847805486548e-05
2.154660562000000057e-01,4.865561970387016338e-05
2.155143344999999877e-01,4.864347396576657891e-05
2.155239888999999909e-01,4.864104518201988625e-05
2.155819060999999981e-01,4.862647502631895792e-05
2.155915575000000028e-01,4.862404709142414462e-05
2.156012083999999940e-01,4.862161927777513848e-05
2.156301585000000021e-01,4.861433656419240164e-05
2.156687526999999938e-01,4.860462797639489470e-05
2.157459203000000048e-01,4.858521661759368444e-05
2.157748510999999980e-01,4.857793935705198823e-05
2.158327009000000074e-01,4.856338810617313753e-05
2.158616201000000123e-01,4.855611411550838459e-05
2.159290829000000134e-01,4.853914570776429890e-05
2.160157899000000048e-01,4.851733789723024578e-05
2.160446845000000005e-01,4.851007080476859803e-05
2.160928336000000061e-01,4.849796140304290344e-05
2.161313451999999913e-01,4.848827605835537497e-05
2.162179710999999893e-01,4.846649110488597187e-05
2.162372166000000040e-01,4.846165133358237419e-05
2.162468386999999992e-01,4.845923162918016941e-05
2.162757023999999917e-01,4.845197324093114495e-05
2.162853228000000128e-01,4.844955401981204500e-05
2.163238000999999910e-01,4.843987834330263308e-05
2.163718870000000127e-01,4.842778646517358694e-05
2.163911188000000041e-01,4.842295055921249714e-05
2.164391907999999864e-01,4.841086290710872888e-05
2.164488039999999947e-01,4.840844573884900339e-05
2.164776408000000096e-01,4.840119495820292849e-05
2.165449117000000090e-01,4.838428069371943714e-05
2.165833429000000032e-01,4.837461805394354248e-05
2.165929496000000010e-01,4.837220269557486018e-05
2.166697880000000020e-01,4.835288417001349065e-05
2.166793908999999907e-01,4.835046989692456937e-05
2.167081969999999913e-01,4.834322780093816178e-05
2.167561987000000134e-01,4.833116005168185716e-05
2.168137867000000107e-01,4.831668272929084967e-05
2.168521701999999995e-01,4.830703359056720059e-05
2.168905469000000086e-01,4.829738637902064482e-05
2.169097326999999964e-01,4.829256349582884645e-05
2.169864589999999926e-01,4.827327677903669822e-05
2.170152243000000036e-01,4.826604624642103495e-05
2.170535721999999890e-01,4.825640722110893858e-05
2.170631580999999866e-01,4.825399776559384063e-05
2.171302475999999926e-01,4.823713494553669807e-05
2.171589939999999941e-01,4.822990982689217930e-05
2.171973164000000067e-01,4.822027801891916148e-05
2.172164752000000087e-01,4.821546283635312434e-05
2.172739411000000065e-01,4.820102017376138524e-05
2.172835173000000064e-01,4.819861348399898169e-05
2.173122433999999936e-01,4.819139413579613001e-05
2.173218178999999917e-01,4.818898792671045671e-05
2.173601115999999889e-01,4.817936429189060605e-05
2.173983986999999951e-01,4.816974257914352652e-05
2.174749525000000128e-01,4.815050491839023176e-05
2.175036532999999883e-01,4.814329277673161324e-05
2.175132193000000047e-01,4.814088896959768535e-05
2.175992951000000064e-01,4.811926010625739906e-05
2.176184184000000132e-01,4.811445501210689105e-05
2.176757782000000030e-01,4.810004260873004480e-05
2.177331230000000006e-01,4.808563452293028326e-05
2.177426789999999945e-01,4.808323359497074587e-05
2.178191117999999926e-01,4.806403048684841016e-05
2.178286640000000052e-01,4.806163063768846582e-05
2.178573182000000108e-01,4.805443180919497247e-05
2.179241631999999929e-01,4.803763873610440754e-05
2.179337108000000134e-01,4.803524020481677459e-05
2.179718971000000061e-01,4.802564727731362500e-05
2.180482495000000132e-01,4.800646716977589407e-05
2.180577917000000032e-01,4.800407019504230721e-05
2.180768747999999868e-01,4.799927660464617596e-05
2.181150360000000121e-01,4.798969085998266304e-05
2.181341140999999983e-01,4.798489870563034089e-05
2.181627281999999890e-01,4.797771137141606981e-05
2.182008742999999862e-01,4.796812993387713304e-05
2.182294795999999981e-01,4.796094511158090369e-05
2.182771467000000076e-01,4.794897279938084680e-05
2.182866789000000030e-01,4.794657869564144669e-05
2.183152728999999959e-01,4.793939710167118300e-05
2.183629213000000124e-01,4.792743016895123807e-05
2.183915053000000106e-01,4.792025144339164965e-05
2.184200856000000079e-01,4.791307379319226006e-05
2.184296115999999899e-01,4.791068148205822395e-05
2.184391371000000137e-01,4.790828929038458509e-05
2.185153263000000068e-01,4.788915605689109849e-05
2.185914888999999917e-01,4.787003046542668416e-05
2.186200430999999944e-01,4.786286033820989088e-05
2.186581095000000030e-01,4.785330183933729460e-05
2.186866548999999993e-01,4.784613421802160724e-05
2.186961692999999929e-01,4.784374524952566101e-05
2.187342224000000113e-01,4.783419056841422184e-05
2.187437346999999976e-01,4.783180219631858512e-05
2.188483421999999901e-01,4.780553797342025407e-05
2.188863688999999890e-01,4.779599092327217421e-05
2.189528997000000088e-01,4.777928817348358833e-05
2.189624024000000058e-01,4.777690254294769098e-05
2.190004093000000041e-01,4.776736121200950684e-05
2.190479086000000075e-01,4.775543722810793925e-05
2.191238862000000065e-01,4.773636504536791489e-05
2.191428763999999918e-01,4.773159819004787102e-05
2.191903449000000004e-01,4.771968313439712195e-05
2.192283121999999973e-01,4.771015323161043341e-05
2.192567834999999965e-01,4.770300705365115461e-05
2.192757622000000017e-01,4.769824352971102144e-05
2.193326885999999920e-01,4.768395581205500943e-05
2.193801159999999861e-01,4.767205265034075252e-05
2.194275330999999885e-01,4.766015246024666506e-05
2.195318148000000025e-01,4.763398249853191617e-05
2.195602466000000086e-01,4.762684773074995153e-05
2.195981499999999920e-01,4.761733636954283027e-05
2.196455200999999913e-01,4.760544983937149764e-05
2.196834088000000074e-01,4.759594275186558132e-05
2.197118210000000016e-01,4.758881368235310289e-05
2.197212909000000047e-01,4.758643756316311292e-05
2.197307604000000025e-01,4.758406156264590830e-05
2.198727543000000006e-01,4.754843578882466971e-05
2.198822172999999880e-01,4.754606168590659479e-05
2.199106037999999930e-01,4.753894008846229404e-05
2.199389867000000054e-01,4.753181955780722158e-05
2.199579066000000027e-01,4.752707312995130739e-05
2.199862834000000100e-01,4.751995437693310375e-05
2.200241133999999987e-01,4.751046436501742392e-05
2.200524815999999884e-01,4.750334809995166417e-05
2.201092071000000094e-01,4.748911876768107282e-05
2.201375644000000131e-01,4.748200570013240684e-05
2.201848184000000097e-01,4.747015295530687207e-05
2.202509568999999889e-01,4.745356408356398527e-05
2.203170755999999952e-01,4.743698100951357729e-05
2.203265195999999926e-01,4.743461247210880324e-05
2.203548489000000110e-01,4.742750756946875328e-05
2.204020563000000099e-01,4.741566843010898511e-05
2.204114964999999982e-01,4.741330095694454782e-05
2.204398149000000029e-01,4.740619924672138941e-05
2.204681296999999873e-01,4.739909860032951182e-05
2.204775670999999937e-01,4.739673195457251234e-05
2.205530521000000077e-01,4.737780304244174507e-05
2.206379417999999870e-01,4.735651705320306727e-05
2.206568017999999964e-01,4.735178813238502570e-05
2.206662310999999987e-01,4.734942384907211532e-05
2.207039446000000071e-01,4.733996789639447714e-05
2.207416516000000051e-01,4.733051383230910141e-05
2.207793520999999926e-01,4.732106165641953606e-05
2.207887762999999892e-01,4.731869890744670417e-05
2.208076233000000055e-01,4.731397376342039461e-05
2.208170462999999861e-01,4.731161136838473173e-05
2.208453126000000100e-01,4.730452489100422985e-05
2.208641548999999982e-01,4.729980116251449252e-05
2.209206720000000124e-01,4.728563280732344732e-05
2.209300901000000039e-01,4.728327182749801183e-05
2.210054204999999938e-01,4.726438823250700834e-05
2.210148349999999928e-01,4.726202831350497191e-05
2.210807251999999945e-01,4.724551217982055431e-05
2.211465958000000120e-01,4.722900181840220435e-05
2.211654124000000110e-01,4.722428563219968959e-05
2.212406625999999987e-01,4.720542559691110639e-05
2.212594712000000019e-01,4.720071176520766076e-05
2.212688748999999955e-01,4.719835502590500058e-05
2.213440899999999933e-01,4.717950534754675082e-05
2.213816879000000126e-01,4.717008333184050301e-05
2.214568647000000057e-01,4.715124494549180343e-05
2.214944434999999989e-01,4.714182857410519593e-05
2.215414081000000035e-01,4.713006075452734256e-05
2.216071417000000099e-01,4.711359074250915101e-05
2.216728558999999932e-01,4.709712648663950799e-05
2.216822421000000098e-01,4.709477491986480146e-05
2.216916278000000129e-01,4.709242347051234795e-05
2.217103981000000112e-01,4.708772092405301061e-05
2.217197827000000065e-01,4.708536982694903379e-05
2.217573169000000011e-01,4.707596661246148557e-05
2.217948448000000017e-01,4.706656527602813415e-05
2.218417457999999898e-01,4.705481624592645418e-05
2.218605033999999920e-01,4.705011745521398323e-05
2.219073904999999958e-01,4.703837253130065403e-05
2.219167666999999899e-01,4.703602389840769562e-05
2.219730156999999982e-01,4.702193456364855159e-05
2.220479922999999967e-01,4.700315534940021771e-05
2.220573626000000023e-01,4.700080847506958988e-05
2.221416773999999872e-01,4.697969187897954249e-05
2.221604097000000055e-01,4.697500059073299165e-05
2.221697752000000026e-01,4.697265512230521022e-05
2.222165969999999879e-01,4.696092953687504095e-05
2.223102110999999881e-01,4.693748714716068556e-05
2.223570032999999946e-01,4.692577034140024299e-05
2.223663606000000070e-01,4.692342733127965353e-05
2.223944300000000041e-01,4.691639900290394153e-05
2.224318503999999919e-01,4.690702953609122755e-05
2.224412045999999976e-01,4.690468746180771894e-05
2.225066723999999940e-01,4.688829621605495582e-05
2.225160234000000126e-01,4.688595507722507285e-05
2.225814691999999928e-01,4.686957037829926018e-05
2.225908169999999964e-01,4.686723017451984905e-05
2.226095114999999958e-01,4.686255011756006606e-05
2.226188581000000111e-01,4.686021026434081878e-05
2.226468957000000137e-01,4.685319140570495231e-05
2.226936171999999992e-01,4.684149564437669781e-05
2.227216454000000012e-01,4.683447958915296972e-05
2.227683511999999921e-01,4.682278849922789243e-05
2.228150472000000049e-01,4.681110032797720477e-05
2.228430601999999983e-01,4.680408882588516563e-05
2.228710694999999908e-01,4.679707837410874982e-05
2.229177441000000093e-01,4.678539662139352440e-05
2.229457441000000095e-01,4.677838896965684967e-05
2.229550765999999962e-01,4.677605331901450784e-05
2.230297230000000130e-01,4.675737231216105412e-05
2.230577089999999929e-01,4.675036885840775063e-05
2.231136703000000110e-01,4.673636509798437109e-05
2.231416458000000103e-01,4.672936479104626670e-05
2.231789409000000113e-01,4.672003267963302709e-05
2.232069080999999899e-01,4.671303481923205655e-05
2.232628321000000027e-01,4.669904224306647479e-05
2.232907888000000007e-01,4.669204752697929986e-05
2.233373755999999988e-01,4.668039199520003973e-05
2.233560075999999894e-01,4.667573059725822488e-05
2.234863880000000080e-01,4.664311384374475477e-05
2.235050075999999997e-01,4.663845616868537519e-05
2.235143168000000014e-01,4.663612750559280014e-05
2.235608570000000017e-01,4.662448593422104315e-05
2.235887763999999944e-01,4.661750238647969130e-05
2.236259969999999930e-01,4.660819261675366100e-05
2.236539083000000094e-01,4.660121150969589646e-05
2.237004194999999973e-01,4.658957865509076682e-05
2.238120067999999907e-01,4.656167165156057812e-05
2.238491901999999922e-01,4.655237303259975485e-05
2.239235384999999912e-01,4.653378136582440866e-05
2.239328302999999964e-01,4.653145792965988876e-05
2.239607033999999885e-01,4.652448831726440867e-05
2.240071507999999989e-01,4.651287461658736320e-05
2.240628751000000030e-01,4.649894200284987743e-05
2.241093013000000078e-01,4.648733467980489700e-05
2.241464354000000103e-01,4.647805090779068965e-05
2.241557180000000038e-01,4.647573025450465740e-05
2.241835634000000077e-01,4.646876898995782798e-05
2.242578007999999901e-01,4.645021071544614029e-05
2.243691109000000017e-01,4.642238720090605309e-05
2.243969298000000057e-01,4.641543392699598787e-05
2.244062019999999991e-01,4.641311640048624576e-05
2.244340163000000110e-01,4.640616451533039090e-05
2.244432869000000108e-01,4.640384745169997676e-05
2.244525572000000135e-01,4.640153050376633498e-05
2.244803657999999980e-01,4.639458035413881359e-05
2.245081708999999981e-01,4.638763124563258293e-05
2.245174384999999995e-01,4.638531510746575232e-05
2.245267056999999955e-01,4.638299908494109773e-05
2.245452390000000076e-01,4.637836738685207591e-05
2.246286198999999928e-01,4.635753046891346869e-05
2.246749292999999925e-01,4.634595844920229193e-05
2.246934503000000138e-01,4.634133045026367180e-05
2.247304878999999977e-01,4.633207583888524389e-05
2.247397462999999873e-01,4.632976247486895826e-05
2.248230551000000021e-01,4.630894739631111196e-05
2.248415639000000132e-01,4.630432309354965878e-05
2.248508177999999913e-01,4.630201111535924154e-05
2.249248349999999896e-01,4.628351944552974549e-05
2.249618344000000048e-01,4.627427638043978583e-05
2.249895799999999946e-01,4.626734529311305421e-05
2.250265689000000013e-01,4.625810545841919517e-05
2.250450609999999907e-01,4.625348623311855979e-05
2.251005282000000107e-01,4.623963132490621424e-05
2.251190143000000032e-01,4.623501394455547159e-05
2.251467404999999977e-01,4.622808873864562125e-05
2.251837034999999987e-01,4.621885674444640708e-05
2.251929433000000036e-01,4.621654903401881619e-05
2.252576112999999935e-01,4.620039828722971288e-05
2.252853204999999970e-01,4.619347826665695336e-05
2.252945560999999874e-01,4.619117182348052514e-05
2.253222606999999988e-01,4.618425318500458162e-05
2.253407286000000120e-01,4.617964133513450766e-05
2.253684274999999959e-01,4.617272442388139396e-05
2.254053541999999910e-01,4.616350348729260741e-05
2.254884169999999965e-01,4.614276311292915680e-05
2.255160978000000094e-01,4.613585172591890368e-05
2.255622248999999968e-01,4.612433504820988707e-05
2.256267871000000036e-01,4.610821652946707879e-05
2.256913308000000062e-01,4.609210364401309561e-05
2.257005498000000110e-01,4.608980226298258739e-05
2.257097684000000104e-01,4.608750099685455148e-05
2.257282046000000097e-01,4.608289880935980852e-05
2.257742883999999950e-01,4.607139535132435737e-05
2.257835039999999960e-01,4.606909500435190833e-05
2.258111486000000112e-01,4.606219465262882765e-05
2.258756396000000111e-01,4.604609785143928510e-05
2.259309029000000080e-01,4.603230507096299398e-05
2.259585295000000049e-01,4.602541023025084530e-05
2.260045663999999954e-01,4.601392112420682511e-05
2.260321838999999888e-01,4.600702903737691559e-05
2.260690022000000077e-01,4.599784119420637324e-05
2.261426206000000105e-01,4.597947101264094672e-05
2.261518211999999917e-01,4.597717525590657909e-05
2.262070170999999907e-01,4.596340312268945891e-05
2.262530033000000051e-01,4.595192949666844354e-05
2.262805905999999978e-01,4.594504669600450676e-05
2.263173683999999963e-01,4.593587123224423255e-05
2.264000965999999893e-01,4.591523313853171747e-05
2.264368549000000119e-01,4.590606362925476216e-05
2.264460436000000076e-01,4.590377153810180308e-05
2.264736073999999988e-01,4.589689595137057813e-05
2.265103538000000083e-01,4.588773010449850875e-05
2.265195395000000056e-01,4.588543892882015497e-05
2.265838287999999978e-01,4.586940390229072705e-05
2.266113757999999867e-01,4.586253346371937494e-05
2.266664597999999975e-01,4.584879567393542209e-05
2.266939967000000111e-01,4.584192832243058142e-05
2.267215303000000015e-01,4.583506199962549660e-05
2.267582365999999960e-01,4.582590850248313913e-05
2.267674121999999903e-01,4.582362041386567249e-05
2.268408040000000070e-01,4.580531981766958655e-05
2.268683197999999956e-01,4.579845897871658944e-05
2.268866618000000002e-01,4.579388565703801015e-05
2.269141719999999973e-01,4.578702653088159784e-05
2.269508470999999916e-01,4.577788262761749025e-05
2.270241795000000062e-01,4.575960029948199150e-05
2.270608369000000071e-01,4.575046187389784582e-05
2.270883260000000070e-01,4.574360925249283547e-05
2.270974883000000111e-01,4.574132527347548021e-05
2.271066502000000098e-01,4.573904140851368629e-05
2.271707733999999979e-01,4.572305754669081735e-05
2.271799324000000064e-01,4.572077459391670043e-05
2.272440349000000026e-01,4.570479711619850895e-05
2.272531909000000128e-01,4.570251507525092808e-05
2.272806568000000083e-01,4.569566963614215226e-05
2.273081193000000000e-01,4.568882522244869089e-05
2.273538827999999901e-01,4.567742014460191279e-05
2.273813365000000031e-01,4.567057846463552805e-05
2.274270852999999981e-01,4.565917794209651398e-05
2.274636777000000054e-01,4.565005957331330139e-05
2.274728249000000091e-01,4.564778026568396484e-05
2.274911181000000004e-01,4.564322199187562980e-05
2.275002641999999964e-01,4.564094302568551823e-05
2.275459891000000123e-01,4.562954990158260240e-05
2.276008468000000062e-01,4.561588190707845504e-05
2.276739698999999950e-01,4.559766428349240039e-05
2.276831085999999893e-01,4.559538759219938352e-05
2.276922469999999865e-01,4.559311101461599973e-05
2.277196599000000099e-01,4.558628196389801754e-05
2.277562052000000059e-01,4.557717815421218830e-05
2.277927448000000021e-01,4.556807616278387194e-05
2.278292784000000015e-01,4.555897598922841385e-05
2.279114577999999947e-01,4.553850724354180336e-05
2.279297157999999879e-01,4.553395988251794511e-05
2.279844812000000054e-01,4.552032052405014998e-05
2.280118590000000112e-01,4.551350237714140215e-05
2.280483574999999929e-01,4.550441310329812072e-05
2.280757276000000000e-01,4.549759733926789468e-05
2.281213370999999879e-01,4.548624000131732705e-05
2.281304578999999999e-01,4.548396887399182336e-05
2.282034112999999920e-01,4.546580393761967439e-05
2.282307627999999866e-01,4.545899395710302932e-05
2.282581110000000135e-01,4.545218499673200181e-05
2.283674710999999968e-01,4.542495935328848489e-05
2.284221314999999863e-01,4.541135264827214537e-05
2.284494568000000059e-01,4.540455082440793711e-05
2.284767789000000104e-01,4.539775001943836005e-05
2.284858855000000133e-01,4.539548331085446731e-05
2.284949917000000108e-01,4.539321671543952280e-05
2.285132031000000064e-01,4.538868386415920956e-05
2.285587253999999957e-01,4.537735371636251113e-05
2.285678287000000031e-01,4.537508802627233874e-05
2.285951365999999985e-01,4.536829163473176166e-05
2.286224411999999984e-01,4.536149626127710261e-05
2.286588422999999981e-01,4.535243734675085768e-05
2.287043354999999945e-01,4.534111624785620170e-05
2.287771058999999996e-01,4.532300836805085360e-05
2.288043888000000081e-01,4.531621977790212648e-05
2.288407608999999954e-01,4.530716990618074367e-05
2.288862180000000024e-01,4.529586010828271165e-05
2.289225770999999965e-01,4.528681430287014194e-05
2.289952781000000048e-01,4.526872811173733281e-05
2.290043640999999963e-01,4.526646784582431332e-05
2.290316199000000108e-01,4.525968772525447914e-05
2.290588725000000103e-01,4.525290862032467065e-05
2.290770390999999906e-01,4.524838978122278533e-05
2.291042862999999874e-01,4.524161236869899847e-05
2.291496909999999887e-01,4.523031893716369928e-05
2.292132426000000056e-01,4.521451286942236418e-05
2.292495498999999881e-01,4.520548331104344049e-05
2.292949259000000017e-01,4.519419889908833578e-05
2.293221471999999928e-01,4.518742960419524173e-05
2.293584371999999871e-01,4.517840545499892779e-05
2.293856509999999960e-01,4.517163852589631284e-05
2.293947215000000095e-01,4.516938310813240398e-05
2.294672728999999911e-01,4.515134382001046863e-05
2.295126057999999913e-01,4.514007292391578508e-05
2.295760568999999918e-01,4.512429839635669299e-05
2.296576112000000003e-01,4.510402496148006765e-05
2.296757304000000000e-01,4.509952099093851086e-05
2.297119646000000126e-01,4.509051439922405962e-05
2.297210222000000135e-01,4.508826303238156006e-05
2.297300794999999896e-01,4.508601177794389691e-05
2.297844156999999943e-01,4.507250661190496531e-05
2.297934705000000133e-01,4.507025614428586982e-05
2.298658959999999862e-01,4.505225644829246711e-05
2.299021001999999869e-01,4.504325929643736472e-05
2.299292495999999963e-01,4.503651261180962201e-05
2.299473475000000100e-01,4.503201538352823066e-05
2.299654439000000106e-01,4.502751860437775866e-05
2.300106785999999903e-01,4.501627862110826509e-05
2.300468599999999919e-01,4.500728865490605327e-05
2.300830356999999937e-01,4.499830048418982899e-05
2.300920787999999884e-01,4.499605372202467306e-05
2.301101637999999894e-01,4.499156053427005175e-05
2.301192058000000040e-01,4.498931410865174659e-05
2.302547927999999966e-01,4.495563118231109419e-05
2.302999706999999951e-01,4.494440914567253734e-05
2.303090051999999999e-01,4.494216507455868167e-05
2.303632049000000070e-01,4.492870300084869704e-05
2.303722368999999992e-01,4.492645971401515621e-05
2.304083616000000001e-01,4.491748768679391322e-05
2.304535094000000062e-01,4.490627517262416160e-05
2.305167015000000041e-01,4.489058235527833816e-05
2.305257274999999995e-01,4.488834097199627827e-05
2.305528034999999865e-01,4.488161749363943164e-05
2.305798762000000057e-01,4.487489502243307730e-05
2.305979230000000102e-01,4.487041393441868565e-05
2.306249904999999878e-01,4.486369314148075643e-05
2.306610755000000068e-01,4.485473365026057280e-05
2.306971549000000066e-01,4.484577594846204772e-05
2.307422462000000007e-01,4.483458133703897082e-05
2.307963440999999949e-01,4.482115149232162031e-05
2.308143739999999888e-01,4.481667577152657260e-05
2.308414161000000020e-01,4.480996302837615095e-05
2.308684550000000002e-01,4.480325129079411990e-05
2.308774673000000000e-01,4.480101426835192847e-05
2.309405432999999952e-01,4.478535823873359847e-05
2.309585618999999979e-01,4.478088609248584548e-05
2.309765790999999957e-01,4.477641439286752026e-05
2.309855871000000005e-01,4.477417871053134706e-05
2.310306220999999993e-01,4.476300197327627009e-05
2.310576389000000008e-01,4.475629727028402797e-05
2.310846525999999956e-01,4.474959357166340021e-05
2.310936564000000137e-01,4.474735922859052201e-05
2.311206658000000136e-01,4.474065686884903608e-05
2.311656745000000013e-01,4.472948850028699285e-05
2.311746752000000127e-01,4.472725516117140115e-05
2.312466680999999968e-01,4.470939246258708873e-05
2.312736595999999867e-01,4.470269579014172974e-05
2.313456217000000037e-01,4.468484290076914879e-05
2.314085700999999884e-01,4.466922747195223298e-05
2.314175613999999992e-01,4.466699714196865412e-05
2.314445330000000078e-01,4.466030682020714248e-05
2.314625123000000062e-01,4.465584716246524474e-05
2.315523879999999979e-01,4.463355555347743256e-05
2.315973128000000103e-01,4.462241392262106677e-05
2.316062966999999917e-01,4.462018593025197846e-05
2.316332463000000119e-01,4.461350262064251560e-05
2.316691743000000026e-01,4.460459309845937135e-05
2.316781554000000021e-01,4.460236599598393090e-05
2.317320348999999946e-01,4.458900571623260488e-05
2.317410135999999898e-01,4.458677939208905149e-05
2.318128305000000111e-01,4.456897280064082035e-05
2.318397561999999967e-01,4.456229716259874546e-05
2.318487307000000053e-01,4.456007217213614013e-05
2.319474273999999892e-01,4.453560460878139542e-05
2.319833067000000026e-01,4.452671064469209300e-05
2.320281480999999979e-01,4.451559568752287135e-05
2.320371153000000131e-01,4.451337302907421538e-05
2.320640149000000041e-01,4.450670571968652313e-05
2.320909113999999884e-01,4.450003940903283112e-05
2.321088406000000048e-01,4.449559575671431977e-05
2.321715820999999957e-01,4.448004646804280034e-05
2.322343067000000039e-01,4.446450261367431968e-05
2.322432658999999955e-01,4.446228250656732254e-05
2.322522248999999983e-01,4.446006251031906241e-05
2.322790995000000025e-01,4.445340318665286315e-05
2.323059711000000083e-01,4.444674486054753704e-05
2.323238837999999917e-01,4.444230653058274202e-05
2.323507502000000113e-01,4.443564986672745188e-05
2.324581846999999868e-01,4.440903318120379816e-05
2.325387281000000084e-01,4.438908113134866013e-05
2.325566228000000013e-01,4.438464856007961112e-05
2.325655695999999939e-01,4.438243244045466399e-05
2.325924081000000088e-01,4.437578474552886834e-05
2.326013536000000048e-01,4.437356906852771662e-05
2.326371319999999965e-01,4.436470746679520679e-05
2.326729050000000132e-01,4.435584763495449979e-05
2.326818474000000025e-01,4.435363295349054432e-05
2.326997311000000013e-01,4.434920392231718179e-05
2.327801908000000086e-01,4.432927875510500604e-05
2.328159418000000092e-01,4.432042599921375134e-05
2.328427513999999920e-01,4.431378759262722522e-05
2.328784928000000032e-01,4.430493793068786371e-05
2.328874271999999968e-01,4.430272579139393497e-05
2.329231616999999921e-01,4.429387833876039117e-05
2.329678222000000076e-01,4.428282150785300958e-05
2.329946143000000136e-01,4.427618873428748353e-05
2.330303324000000120e-01,4.426734658173578531e-05
2.330392609999999975e-01,4.426513631954775594e-05
2.331106779999999878e-01,4.424745819484440974e-05
2.331285288000000122e-01,4.424303976703457134e-05
2.331374536999999969e-01,4.424083071860266124e-05
2.332445258999999993e-01,4.421433073983883043e-05
2.332802056000000124e-01,4.420550094178551085e-05
2.333515489000000109e-01,4.418784663593014776e-05
2.333782970000000123e-01,4.418122808929053348e-05
2.334228703000000016e-01,4.417019938131119691e-05
2.334496101999999906e-01,4.416358347816098679e-05
2.335298114999999897e-01,4.414374171436930640e-05
2.335387211000000129e-01,4.414153762434512449e-05
2.335565391999999962e-01,4.413712977448670371e-05
2.335654477999999923e-01,4.413492601463565293e-05
2.336367038999999923e-01,4.411729989691915853e-05
2.336634193000000081e-01,4.411069191792927940e-05
2.336723237999999980e-01,4.410848947825212504e-05
2.336812279000000103e-01,4.410628714854424856e-05
2.336990351000000077e-01,4.410188281902675437e-05
2.337524487000000040e-01,4.408867246940272879e-05
2.338058500999999900e-01,4.407546607721515966e-05
2.338236478000000063e-01,4.407106482571224073e-05
2.338414441999999982e-01,4.406666401373690687e-05
2.338503419000000083e-01,4.406446377257212753e-05
2.339659810999999978e-01,4.403587063338633612e-05
2.340371152000000066e-01,4.401828407911914659e-05
2.340637848999999882e-01,4.401169093235623292e-05
2.340993398000000003e-01,4.400290160628351826e-05
2.341260025000000133e-01,4.399631076377224272e-05
2.341704334999999970e-01,4.398532822011445105e-05
2.342059722000000010e-01,4.397654415931764968e-05
2.342415055000000024e-01,4.396776185288531072e-05
2.342770335000000093e-01,4.395898130048856854e-05
2.343036759000000080e-01,4.395239703707327141e-05
2.343214358000000053e-01,4.394800807609158724e-05
2.344102153000000022e-01,4.392606984492221025e-05
2.344634667999999922e-01,4.391291216367470781e-05
2.344900880999999937e-01,4.390633480125498699e-05
2.345255783000000094e-01,4.389756651729711379e-05
2.345521925000000063e-01,4.389099145359537163e-05
2.345610633000000111e-01,4.388879998456528329e-05
2.345965428000000019e-01,4.388003520273467531e-05
2.346054117999999966e-01,4.387784428080240866e-05
2.346320169999999983e-01,4.387127217141489574e-05
2.346763521999999935e-01,4.386032084344420305e-05
2.347384073000000071e-01,4.384499357720157459e-05
2.348093075000000085e-01,4.382748326067210617e-05
2.348181685000000074e-01,4.382529496290436994e-05
2.348358895000000057e-01,4.382091869517678738e-05
2.348447495000000051e-01,4.381873072522183350e-05
2.348713275000000045e-01,4.381216747083663005e-05
2.349156175000000069e-01,4.380123089824276226e-05
2.349421875000000104e-01,4.379467026527665216e-05
2.350218795000000027e-01,4.377499426233784406e-05
2.350307325000000058e-01,4.377280858558112105e-05
2.351015444000000010e-01,4.375532710025282557e-05
2.351192441000000133e-01,4.375095782001136034e-05
2.351280933999999878e-01,4.374877334350787234e-05
2.351634874000000097e-01,4.374003652828859092e-05
2.352342594000000064e-01,4.372256813235683259e-05
2.352431044000000138e-01,4.372038507347603700e-05
2.353138523999999954e-01,4.370292452645761110e-05
2.353403775000000031e-01,4.369637861945176611e-05
2.353668995000000042e-01,4.368983369297170809e-05
2.353757394999999863e-01,4.368765226868333052e-05
2.354022575999999978e-01,4.368110864938297200e-05
2.354376103999999970e-01,4.367238534839127615e-05
2.354552846999999893e-01,4.366802435127344181e-05
2.354817938000000055e-01,4.366148367215560457e-05
2.355083000000000037e-01,4.365494397280966787e-05
2.355171346999999915e-01,4.365276429073902242e-05
2.355878003999999915e-01,4.363533075195408933e-05
2.356584449999999942e-01,4.361790417624091768e-05
2.356672740000000099e-01,4.361572634371895755e-05
2.357202415999999912e-01,4.360266163221178013e-05
2.357643721000000081e-01,4.359177736235907738e-05
2.358261409000000086e-01,4.357654394940246553e-05
2.358702515999999971e-01,4.356566619978235880e-05
2.359496301000000018e-01,4.354609309336819839e-05
2.359760837000000055e-01,4.353957067911806104e-05
2.360113504999999945e-01,4.353087564657531430e-05
2.360906815000000103e-01,4.351131817229649023e-05
2.361083069999999895e-01,4.350697326042177193e-05
2.361171193000000113e-01,4.350480096722050935e-05
2.361523650000000030e-01,4.349611287901133922e-05
2.361611755999999951e-01,4.349394112809204169e-05
2.362316486999999909e-01,4.347657102439905893e-05
2.362932953999999919e-01,4.346137787487349796e-05
2.363021006999999896e-01,4.345920785844148974e-05
2.363285148000000002e-01,4.345269845926375707e-05
2.363725318000000075e-01,4.344185162745186062e-05
2.363901362999999978e-01,4.343751365296621427e-05
2.363989380000000029e-01,4.343534482819228604e-05
2.364693401999999889e-01,4.341799812824675595e-05
2.365045335000000026e-01,4.340932737662014733e-05
2.365309250000000030e-01,4.340282544935369474e-05
2.365397214999999942e-01,4.340065835671591597e-05
2.365661089999999966e-01,4.339415772806101126e-05
2.365836990999999889e-01,4.338982451660371555e-05
2.366364615000000060e-01,4.337682747853944420e-05
2.366452541000000076e-01,4.337466168408180250e-05
2.366716299000000134e-01,4.336816494963167387e-05
2.367155830000000072e-01,4.335733922142874329e-05
2.367243726999999909e-01,4.335517440013736488e-05
2.367507396000000097e-01,4.334868058478300105e-05
2.367771036999999912e-01,4.334218774218669162e-05
2.367946780999999890e-01,4.333785972081683721e-05
2.368210373000000091e-01,4.333136849914917272e-05
2.368473935000000030e-01,4.332487824985143180e-05
2.368561781999999893e-01,4.332271504946524568e-05
2.369527889999999970e-01,4.329892697331885548e-05
2.370054692999999935e-01,4.328595716545297946e-05
2.370669146999999921e-01,4.327083063351143979e-05
2.371371186000000020e-01,4.325354964167698105e-05
2.371458925999999912e-01,4.325139000306124816e-05
2.371985299000000103e-01,4.323843443583328365e-05
2.372160731000000078e-01,4.323411677595389668e-05
2.372423854000000054e-01,4.322764109458542968e-05
2.373476056000000112e-01,4.320174806800736872e-05
2.373739032999999943e-01,4.319527723537058806e-05
2.374089624999999870e-01,4.318665096628341004e-05
2.374264900999999983e-01,4.318233847784461681e-05
2.374527791000000110e-01,4.317587055267395378e-05
2.374878266000000071e-01,4.316724815955155792e-05
2.375141088000000122e-01,4.316078249485200206e-05
2.375666644999999966e-01,4.314785407092269363e-05
2.375929380000000035e-01,4.314139131139351152e-05
2.376192085999999926e-01,4.313492951994811719e-05
2.376542315999999877e-01,4.312631530371632311e-05
2.376629865000000064e-01,4.312416201849868350e-05
2.376892493999999967e-01,4.311770280794813081e-05
2.376980029999999910e-01,4.311554995276236935e-05
2.377767712999999949e-01,4.309617909323558470e-05
2.378730081000000052e-01,4.307251541777105497e-05
2.378992477999999910e-01,4.306606394366952980e-05
2.379866925000000133e-01,4.304456600882381818e-05
2.380129196000000114e-01,4.303811872145619257e-05
2.380478846000000093e-01,4.302952384057705341e-05
2.380828445000000015e-01,4.302093067629454633e-05
2.381177992000000077e-01,4.301233922827832172e-05
2.381265371000000075e-01,4.301019163440223162e-05
2.381876933000000029e-01,4.299516147962806069e-05
2.381964286000000097e-01,4.299301474352177873e-05
2.382226326999999921e-01,4.298657517832789044e-05
2.382924959999999925e-01,4.296940772000654147e-05
2.383186895000000138e-01,4.296297169106010636e-05
2.383274200000000120e-01,4.296082656232377579e-05
2.383536096999999965e-01,4.295439181877505939e-05
2.383623388999999981e-01,4.295224711849031455e-05
2.384059802999999866e-01,4.294152522328044343e-05
2.384757899000000125e-01,4.292437575819793778e-05
2.385019633000000083e-01,4.291794647486118195e-05
2.385281337000000057e-01,4.291151815459954546e-05
2.385368566000000135e-01,4.290937559519283131e-05
2.386066279000000068e-01,4.289223897086755108e-05
2.386153478999999966e-01,4.289009737415492695e-05
2.386763789000000135e-01,4.287510919105035154e-05
2.386850963000000103e-01,4.287296844969005609e-05
2.387112466999999905e-01,4.286654686695439591e-05
2.387461093999999895e-01,4.285798625298377454e-05
2.387548243000000014e-01,4.285584636662481087e-05
2.387722530999999981e-01,4.285156691452187127e-05
2.388158196000000066e-01,4.284087015390171540e-05
2.388506670999999970e-01,4.283231466813575833e-05
2.388767992999999978e-01,4.282589917518530908e-05
2.388942192000000075e-01,4.282162271379138184e-05
2.389551789999999898e-01,4.280665846187892419e-05
2.389900061000000131e-01,4.279810980897558485e-05
2.390248282000000113e-01,4.278956286345247473e-05
2.390335329000000120e-01,4.278742639379885880e-05
2.390509413999999944e-01,4.278315377455811001e-05
2.390857546000000056e-01,4.277460981609675615e-05
2.391031593000000066e-01,4.277033847677836958e-05
2.391640657000000114e-01,4.275539214814467884e-05
2.392336540999999983e-01,4.273831702581012076e-05
2.392423512999999891e-01,4.273618311509752641e-05
2.392684407000000013e-01,4.272978202229703391e-05
2.393379988000000069e-01,4.271271712880337566e-05
2.393640777999999913e-01,4.270631955109898851e-05
2.393727702000000013e-01,4.270418723815698893e-05
2.393814622999999864e-01,4.270205503170351746e-05
2.394509874999999899e-01,4.268500121256452222e-05
2.394683656999999910e-01,4.268073882215215074e-05
2.394770542999999918e-01,4.267860778658025403e-05
2.395204924999999874e-01,4.266795420481219353e-05
2.395465516999999989e-01,4.266156333239308631e-05
2.395812928999999925e-01,4.265304365836231190e-05
2.396073454000000047e-01,4.264665501951361609e-05
2.396507600999999987e-01,4.263600941465380630e-05
2.397288867000000046e-01,4.261685402276002875e-05
2.397896341999999903e-01,4.260196133527146617e-05
2.398850634999999953e-01,4.257856905585782599e-05
2.398937369999999958e-01,4.257644312207952352e-05
2.399284278999999909e-01,4.256794044849277039e-05
2.399370997999999977e-01,4.256581504545510762e-05
2.399631137000000081e-01,4.255943947309106010e-05
2.399891248999999893e-01,4.255306485577465837e-05
2.399977946000000084e-01,4.255094019553990950e-05
2.400064640000000027e-01,4.254881564139053495e-05
2.400238020000000083e-01,4.254456685137865949e-05
2.400758081999999904e-01,4.253182302700352676e-05
2.401278031999999896e-01,4.251908302028554229e-05
2.401451323999999887e-01,4.251483719956124983e-05
2.401971123999999957e-01,4.250210228129318367e-05
2.402750613000000091e-01,4.248300705664511708e-05
2.403010385999999887e-01,4.247664388860135018e-05
2.403096970999999971e-01,4.247452304440670268e-05
2.403789537999999892e-01,4.245756010291783916e-05
2.404741491999999869e-01,4.243424712030209351e-05
2.404828015000000097e-01,4.243212839317552962e-05
2.404914533999999993e-01,4.243000977184880186e-05
2.405174073999999940e-01,4.242365454255851714e-05
2.405606577999999940e-01,4.241306460923927279e-05
2.406211953000000070e-01,4.239824314391665183e-05
2.406298423000000075e-01,4.239612621461687474e-05
2.406903622999999881e-01,4.238131066909191908e-05
2.406990068000000038e-01,4.237919458532228339e-05
2.407162948999999885e-01,4.237496273473755705e-05
2.407249384000000048e-01,4.237284696794811455e-05
2.407508671999999961e-01,4.236650030142045714e-05
2.407940756999999987e-01,4.235592463649855561e-05
2.408545545000000121e-01,4.234112314098409716e-05
2.408631931000000115e-01,4.233900906395377287e-05
2.408977444000000023e-01,4.233055381140725208e-05
2.409322906999999958e-01,4.232210024757005043e-05
2.409581972000000016e-01,4.231576118270896977e-05
2.409754665999999934e-01,4.231153566699762450e-05
2.410013685000000072e-01,4.230519818467430137e-05
2.410272675000000031e-01,4.229886165166269309e-05
2.410963181000000122e-01,4.228196887039972518e-05
2.411049480000000134e-01,4.227985774720853952e-05
2.411394645999999919e-01,4.227141430852347195e-05
2.411739763000000092e-01,4.226297255621284672e-05
2.411826035000000090e-01,4.226086238157578963e-05
2.412429849000000126e-01,4.224609410925451644e-05
2.412688580000000027e-01,4.223976642978750104e-05
2.413205958999999901e-01,4.222711391431430215e-05
2.413464606999999873e-01,4.222078907801669190e-05
2.413895624999999878e-01,4.221024978951625091e-05
2.414068011000000125e-01,4.220603481087224518e-05
2.414154199000000112e-01,4.220392747939213847e-05
2.414498921999999881e-01,4.219549920572528536e-05
2.414843594999999954e-01,4.218707261537999842e-05
2.415446655000000054e-01,4.217233013176917999e-05
2.415791193000000059e-01,4.216390816880648338e-05
2.415963442999999877e-01,4.215969781814392706e-05
2.416221795999999866e-01,4.215338308049830686e-05
2.416480121000000036e-01,4.214706928875018788e-05
2.416566223000000124e-01,4.214496490170525672e-05
2.416824512000000091e-01,4.213865237097701107e-05
2.417599210999999970e-01,4.211972045179732891e-05
2.418029492000000058e-01,4.210920639480910711e-05
2.418631757999999965e-01,4.209449112456814513e-05
2.419319876999999896e-01,4.207767997006289166e-05
2.419405877999999954e-01,4.207557904791899505e-05
2.419577871999999963e-01,4.207137751833658299e-05
2.420695529000000124e-01,4.204407780179958870e-05
2.421039319999999939e-01,4.203568145377096864e-05
2.421383061999999864e-01,4.202728678268345951e-05
2.421468989999999988e-01,4.202518837689617925e-05
2.421726755999999980e-01,4.201889378819824135e-05
2.421984493000000072e-01,4.201260014241390412e-05
2.423358633000000095e-01,4.197904995028477930e-05
2.423530345000000086e-01,4.197485806072350265e-05
2.423702045999999999e-01,4.197066658979082485e-05
2.424045410000000011e-01,4.196228490363690579e-05
2.424474547999999896e-01,4.195181015000305796e-05
2.424903609000000071e-01,4.194133801135648416e-05
2.425075211999999925e-01,4.193714988794059595e-05
2.425589948999999912e-01,4.192458802707501063e-05
2.426104575999999957e-01,4.191202992935811960e-05
2.426533348999999895e-01,4.190156772171731126e-05
2.426790577000000060e-01,4.189529165088829295e-05
2.426876313000000118e-01,4.189319983620208392e-05
2.427219227999999895e-01,4.188483362193465249e-05
2.427562094999999864e-01,4.187646907857546519e-05
2.427647804999999992e-01,4.187437820378301495e-05
2.427819213999999892e-01,4.187019676740975644e-05
2.427904914000000025e-01,4.186810620581620201e-05
2.428333369000000019e-01,4.185765496362500455e-05
2.428590405999999924e-01,4.185138547072024702e-05
2.428933078999999939e-01,4.184302760772173110e-05
2.429190052000000100e-01,4.183676030595168485e-05
2.429532641000000104e-01,4.182840536394907935e-05
2.429618280999999991e-01,4.182631688917310076e-05
2.429703917000000102e-01,4.182422851869129962e-05
2.430645720999999870e-01,4.180126332490363873e-05
2.431672726999999923e-01,4.177622476896024735e-05
2.431758290999999905e-01,4.177413889979666344e-05
2.432014966000000111e-01,4.176788191724620355e-05
2.432271614000000026e-01,4.176162587197896047e-05
2.432442696999999876e-01,4.175745569575504295e-05
2.432699298999999871e-01,4.175120121228682982e-05
2.433041394000000079e-01,4.174286335836263346e-05
2.433297933000000135e-01,4.173661106077146258e-05
2.434323820000000027e-01,4.171161123462766457e-05
2.434494759999999980e-01,4.170744605317796069e-05
2.435007505000000017e-01,4.169495300447738687e-05
2.435092952000000033e-01,4.169287119357525419e-05
2.435776420999999914e-01,4.167622044831166967e-05
2.435861840999999917e-01,4.167413957281116159e-05
2.436118083000000101e-01,4.166789756972958634e-05
2.436459698000000007e-01,4.165957635342546395e-05
2.437228154999999952e-01,4.164085969269195437e-05
2.437825677000000080e-01,4.162630810424813963e-05
2.437911024999999954e-01,4.162422972107351660e-05
2.438167052000000112e-01,4.161799519428658305e-05
2.438593703999999973e-01,4.160760639157548557e-05
2.438764344000000084e-01,4.160345159670878704e-05
2.438849659000000003e-01,4.160137435489392327e-05
2.439190891000000139e-01,4.159306642476681649e-05
2.439873211999999958e-01,4.157645554204340095e-05
2.440129033000000003e-01,4.157022817161298199e-05
2.440214300000000114e-01,4.156815258877906780e-05
2.440470086000000038e-01,4.156192646210436439e-05
2.440640594000000052e-01,4.155777622910952188e-05
2.441237280999999926e-01,4.154325367738128467e-05
2.441492959000000074e-01,4.153703128042574472e-05
2.442004234000000051e-01,4.152458928268961140e-05
2.442941295999999929e-01,4.150178863316362327e-05
2.443367113999999896e-01,4.149142884105209213e-05
2.444048268000000024e-01,4.147485855291921830e-05
2.444218526999999974e-01,4.147071701507965545e-05
2.444303651999999993e-01,4.146864640125496769e-05
2.444984545999999981e-01,4.145208521254792366e-05
2.445239831999999891e-01,4.144587647225438695e-05
2.445324922000000067e-01,4.144380709883433556e-05
2.445580172000000052e-01,4.143759959857017930e-05
2.445665250000000068e-01,4.143553063845869578e-05
2.446345763999999978e-01,4.141898267633366536e-05
2.446770990000000090e-01,4.140864355647663080e-05
2.447026089999999876e-01,4.140244132356757589e-05
2.447366182000000057e-01,4.139417312485818280e-05
2.447961227999999878e-01,4.137970775046315332e-05
2.448046222999999966e-01,4.137764168112511941e-05
2.448301190000000127e-01,4.137144409215052566e-05
2.448641105000000096e-01,4.136318208428169736e-05
2.448726075999999863e-01,4.136111684015380294e-05
2.449320792999999941e-01,4.134666301855265125e-05
2.449405739999999942e-01,4.134459859929056046e-05
2.449490685000000056e-01,4.134253428312200843e-05
2.450085216000000010e-01,4.132808695590422306e-05
2.450170137000000081e-01,4.132602346423773162e-05
2.451019187000000044e-01,4.130539421380325510e-05
2.451104075999999965e-01,4.130333185529176199e-05
2.451358724999999905e-01,4.129714539759024301e-05
2.452122512999999893e-01,4.127859158415521856e-05
2.452207362999999918e-01,4.127653056401375982e-05
2.452377055999999944e-01,4.127240883246474288e-05
2.452461897999999862e-01,4.127034812103054040e-05
2.452886062999999894e-01,4.126004610734142306e-05
2.453140527000000071e-01,4.125386613365502469e-05
2.453394963999999956e-01,4.124768708567748350e-05
2.453734173000000074e-01,4.123944979488742142e-05
2.454158117999999944e-01,4.122915549483728998e-05
2.454242898000000006e-01,4.122709694324929618e-05
2.454751518000000132e-01,4.121474779213983754e-05
2.454836277999999927e-01,4.121268995997687869e-05
2.454921035000000029e-01,4.121063223059861006e-05
2.455175287999999956e-01,4.120445965888150120e-05
2.455514250999999981e-01,4.119623100156360437e-05
2.456446157999999935e-01,4.117361066693407353e-05
2.456530859000000122e-01,4.117155488894035445e-05
2.456784945000000109e-01,4.116538817084750544e-05
2.456954322000000079e-01,4.116127753864834839e-05
2.457885682000000016e-01,4.113867639838090037e-05
2.458224271999999988e-01,4.113046087943632740e-05
2.458308912000000124e-01,4.112840725610163466e-05
2.458985927000000016e-01,4.111198196058248782e-05
2.459239759000000081e-01,4.110582416624386433e-05
2.459578162000000123e-01,4.109761520863682423e-05
2.460170254999999861e-01,4.108325347766974119e-05
2.460254828000000005e-01,4.108120221160998684e-05
2.460508530000000138e-01,4.107504902794869537e-05
2.460593091000000121e-01,4.107299817153665282e-05
2.461269477999999955e-01,4.105659500669333792e-05
2.461607601999999950e-01,4.104839588122139712e-05
2.461692125000000120e-01,4.104634635575635135e-05
2.462283710000000014e-01,4.103200254263574865e-05
2.463044108999999926e-01,4.101356786300739185e-05
2.463213055000000040e-01,4.100947239251549232e-05
2.463635369000000130e-01,4.099923550558101794e-05
2.463973167999999880e-01,4.099104783608851886e-05
2.464310920999999988e-01,4.098286180188487506e-05
2.464395352000000039e-01,4.098081554878576192e-05
2.464564204999999952e-01,4.097672334914324692e-05
2.464901877000000019e-01,4.096854017584794494e-05
2.465070695000000089e-01,4.096444920209239593e-05
2.465914613999999894e-01,4.094400046080886061e-05
2.466420826999999871e-01,4.093173611650149934e-05
2.466673893999999922e-01,4.092560532218632226e-05
2.466926936000000126e-01,4.091947544621999077e-05
2.467011276999999947e-01,4.091743235828136703e-05
2.467348614000000051e-01,4.090926102671638625e-05
2.467685904999999957e-01,4.090109132714670528e-05
2.468360347999999926e-01,4.088475682265751244e-05
2.468444640000000134e-01,4.088271546837638387e-05
2.468697499999999989e-01,4.087659201712962764e-05
2.469118875999999907e-01,4.086638830332606215e-05
2.469371666999999881e-01,4.086026729779531247e-05
2.469624431999999925e-01,4.085414720916515823e-05
2.469708680999999906e-01,4.085210738335219116e-05
2.469961411000000107e-01,4.084598851705828146e-05
2.470045649000000010e-01,4.084394909865561915e-05
2.470466795000000049e-01,4.083375353402123221e-05
2.470719447999999985e-01,4.082763741704329514e-05
2.471393063000000001e-01,4.081133225040267941e-05
2.471729802000000031e-01,4.080318210939284148e-05
2.472403140999999971e-01,4.078688671030783231e-05
2.472487295999999946e-01,4.078485024310416791e-05
2.472655596999999983e-01,4.078077761377146246e-05
2.473160429000000049e-01,4.076856216586405778e-05
2.473412806999999991e-01,4.076245581424491684e-05
2.473749271000000027e-01,4.075431543492807229e-05
2.474001589000000001e-01,4.074821121739279555e-05
2.474422061000000062e-01,4.073803955341214936e-05
2.474758387999999865e-01,4.072990405058095402e-05
2.475178731000000076e-01,4.071973695690627419e-05
2.475346848999999960e-01,4.071567083016287505e-05
2.476103236999999957e-01,4.069737828436769761e-05
2.476439334999999964e-01,4.068925090245820267e-05
2.476523351999999900e-01,4.068721931064620716e-05
2.476775387000000050e-01,4.068112514378433839e-05
2.477195389000000081e-01,4.067097022761865973e-05
2.477699295999999940e-01,4.065878767452148961e-05
2.477783271000000009e-01,4.065675760385473728e-05
2.478371014000000094e-01,4.064254994723117488e-05
2.478454965999999926e-01,4.064052068737443273e-05
2.478538915000000065e-01,4.063849152883889081e-05
2.478790744999999907e-01,4.063240466120950241e-05
2.479881714000000126e-01,4.060603876916733053e-05
2.480468959999999889e-01,4.059184883814479796e-05
2.480552839999999870e-01,4.058982211000616353e-05
2.480720593999999890e-01,4.058576895737071096e-05
2.481056066000000004e-01,4.057766386633571165e-05
2.481223785999999987e-01,4.057361192786931707e-05
2.481475343000000000e-01,4.056753477888227599e-05
2.481726874999999888e-01,4.056145854022611406e-05
2.481810714000000084e-01,4.055943332962342056e-05
2.482062211999999934e-01,4.055335830451809099e-05
2.482565132000000008e-01,4.054121098421916715e-05
2.482816552999999871e-01,4.053513868874858634e-05
2.483486886999999865e-01,4.051895034738450796e-05
2.483738215000000082e-01,4.051288138644957090e-05
2.483821985999999926e-01,4.051085860149914678e-05
2.484575793000000088e-01,4.049265808164034011e-05
2.484743275000000085e-01,4.048861463236765496e-05
2.484827011000000085e-01,4.048659305914331029e-05
2.485161928999999881e-01,4.047850777573338779e-05
2.485245651999999916e-01,4.047648670721663340e-05
2.485496802000000116e-01,4.047042410711774855e-05
2.485747927999999995e-01,4.046436241518976818e-05
2.487086833999999913e-01,4.043204872356384778e-05
2.487254145999999999e-01,4.042801132708176236e-05
2.487505094000000139e-01,4.042195598840066294e-05
2.488759453000000121e-01,4.039169289807862854e-05
2.488843054000000055e-01,4.038967616459344153e-05
2.489093842000000001e-01,4.038362656830824687e-05
2.489261020000000102e-01,4.037959400759404919e-05
2.489511765000000099e-01,4.037354592157313957e-05
2.489846052999999948e-01,4.036548321614606249e-05
2.490096739000000059e-01,4.035943724386762928e-05
2.490598036999999987e-01,4.034734801613631348e-05
2.490848647999999999e-01,4.034130476041078114e-05
2.491099233000000079e-01,4.033526240995326294e-05
2.491182755999999943e-01,4.033324849427063325e-05
2.491266276000000113e-01,4.033123467914395357e-05
2.491767337999999943e-01,4.031915389999957415e-05
2.491934336000000139e-01,4.031512777789735593e-05
2.492518742000000009e-01,4.030103951657996921e-05
2.492602217999999870e-01,4.029902730980220094e-05
2.492769159999999873e-01,4.029500319766043845e-05
2.492852627000000099e-01,4.029299129229400476e-05
2.493854013000000036e-01,4.026885626256438729e-05
2.494104296000000109e-01,4.026282476452574041e-05
2.494604787999999962e-01,4.025076447881804768e-05
2.494854995999999936e-01,4.024473569084288411e-05
2.495271954000000125e-01,4.023468971768280280e-05
2.495522095999999912e-01,4.022866333762645393e-05
2.495855579000000046e-01,4.022062956845614889e-05
2.496439065999999929e-01,4.020657433304254447e-05
2.496522411000000052e-01,4.020456684331794706e-05
2.496605752000000122e-01,4.020255945381465389e-05
2.497105742999999878e-01,4.019051722162746560e-05
2.497189065000000041e-01,4.018851053370219609e-05
2.497522325000000043e-01,4.018048478391481217e-05
2.497772241000000004e-01,4.017446652351166749e-05
2.497938838000000050e-01,4.017045485074635175e-05
2.498605114000000127e-01,4.015441216557910078e-05
2.498854920999999951e-01,4.014839781072982849e-05
2.499520953000000101e-01,4.013236393524080450e-05
2.499770668999999890e-01,4.012635288311051782e-05
2.499853901999999906e-01,4.012434939916603016e-05
