q,I
2.039995199999999811e-03,4.687121506069362453e-03
2.884988900000000096e-03,4.687090098635810984e-03
4.079990399999999622e-03,4.687027284764518249e-03
4.561568000000000220e-03,4.686995878326773515e-03
5.769977800000000191e-03,4.686901661005063446e-03
6.119985599999999866e-03,4.686870255894990192e-03
6.451031299999999968e-03,4.686838851116825917e-03
7.355307299999999833e-03,4.686744638773722785e-03
8.159980799999999243e-03,4.686650429417626995e-03
8.411115699999999196e-03,4.686619026962683329e-03
8.654966599999999385e-03,4.686587624839603540e-03
9.123135799999999504e-03,4.686524821589051204e-03
1.019997589999999989e-02,4.686367819270097386e-03
1.040197520000000000e-02,4.686336419801832333e-03
1.098571020000000016e-02,4.686242223387978439e-03
1.153995529999999985e-02,4.686148029960462286e-03
1.189511369999999950e-02,4.686085236001159143e-03
1.223997100000000053e-02,4.686022443369038289e-03
1.240880609999999926e-02,4.685991047550640103e-03
1.290206219999999980e-02,4.685896862086121398e-03
1.306234239999999949e-02,4.685865467594801416e-03
1.368470339999999959e-02,4.685739892947180137e-03
1.427996599999999984e-02,4.685614323607494372e-03
1.442494390000000071e-02,4.685582932101856404e-03
1.471061409999999993e-02,4.685520150085780051e-03
1.485138870000000076e-02,4.685488759575350340e-03
1.553614000000000037e-02,4.685331811998563051e-03
1.593287120000000043e-02,4.685237647432709089e-03
1.631996089999999955e-02,4.685143485852011520e-03
1.644696630000000090e-02,4.685112099321690586e-03
1.682223050000000025e-02,4.685017941720788677e-03
1.730993239999999850e-02,4.684892402895748410e-03
1.742972569999999902e-02,4.684861019018625450e-03
1.754870130000000042e-02,4.684829635473009013e-03
1.824627070000000087e-02,4.684641341163349980e-03
1.835995569999999966e-02,4.684609959939060701e-03
1.847294110000000100e-02,4.684578579046259732e-03
1.880782519999999944e-02,4.684484438357222093e-03
1.924527490000000132e-02,4.684358922080420276e-03
1.935309240000000069e-02,4.684327543840178035e-03
2.009162109999999835e-02,4.684107905440736998e-03
2.019492059999999922e-02,4.684076529852513986e-03
2.039995039999999843e-02,4.684013779670826924e-03
2.050169640000000168e-02,4.683982405077311700e-03
2.080394890000000080e-02,4.683888283285277815e-03
2.100303430000000082e-02,4.683825537081202396e-03
2.129817330000000064e-02,4.683731420261363042e-03
2.168544450000000137e-02,4.683605935808255079e-03
2.197141860000000058e-02,4.683511825948753413e-03
2.206591980000000008e-02,4.683480456658294794e-03
2.243994499999999934e-02,4.683354982811236723e-03
2.253248119999999924e-02,4.683323615177900461e-03
2.280783739999999934e-02,4.683229514266177944e-03
2.307990860000000075e-02,4.683135416336755598e-03
2.325952140000000015e-02,4.683072686040923652e-03
2.379022509999999951e-02,4.682884503105416707e-03
2.387752890000000017e-02,4.682853140442659948e-03
2.447993949999999891e-02,4.682633611079478966e-03
2.456479220000000116e-02,4.682602251066839312e-03
2.464935279999999965e-02,4.682570891385683630e-03
2.481760959999999849e-02,4.682508173017485911e-03
2.490131170000000130e-02,4.682476814329835854e-03
2.523334379999999863e-02,4.682351382893697178e-03
2.556106320000000112e-02,4.682225956757032903e-03
2.580412149999999905e-02,4.682131890632888586e-03
2.596489630000000173e-02,4.682069181539083753e-03
2.612468180000000056e-02,4.682006473770528726e-03
2.651993379999999928e-02,4.681849710145387020e-03
2.659827940000000085e-02,4.681818358413797690e-03
2.683194360000000153e-02,4.681724305206415651e-03
2.721692649999999866e-02,4.681567556483584233e-03
2.736940339999999888e-02,4.681504859312173028e-03
2.744532419999999931e-02,4.681473511223075389e-03
2.774693010000000085e-02,4.681348122179130634e-03
2.834051430000000121e-02,4.681097359983501724e-03
2.841384049999999897e-02,4.681066016199194983e-03
2.855992799999999832e-02,4.681003329623626558e-03
2.863269220000000045e-02,4.680971986832220891e-03
2.884988380000000005e-02,4.680877960444086196e-03
2.899377430000000047e-02,4.680815277840230486e-03
2.920828110000000047e-02,4.680721256418457314e-03
2.942122390000000143e-02,4.680627237974866080e-03
2.970277299999999829e-02,4.680501884685227092e-03
3.012016249999999867e-02,4.680313864679044693e-03
3.032670299999999999e-02,4.680219859144126721e-03
3.059992200000000162e-02,4.680094523064237851e-03
3.066784640000000048e-02,4.680063189872215104e-03
3.087072290000000135e-02,4.679969192279678260e-03
3.107227489999999856e-02,4.679875197664874927e-03
3.113916889999999993e-02,4.679843866788233574e-03
3.120591959999999970e-02,4.679812536243573191e-03
3.166923519999999964e-02,4.679593231690113396e-03
3.173487090000000344e-02,4.679561903790705087e-03
3.186573689999999681e-02,4.679499248986381151e-03
3.193096869999999948e-02,4.679467922080859238e-03
3.225514909999999819e-02,4.679311292513710537e-03
3.263991580000000226e-02,4.679123347950763998e-03
3.270360349999999749e-02,4.679092025014566954e-03
3.289392669999999935e-02,4.678998058190142993e-03
3.295712349999999763e-02,4.678966736576944084e-03
3.320870809999999784e-02,4.678841453432043204e-03
3.345840099999999873e-02,4.678716175578621385e-03
3.364445469999999966e-02,4.678622220662772245e-03
3.376792089999999802e-02,4.678559585704441214e-03
3.395227840000000080e-02,4.678465635747698116e-03
3.419654240000000178e-02,4.678340373769724822e-03
3.461985769999999935e-02,4.678121178036398486e-03
3.467990950000000155e-02,4.678089865683926311e-03
3.473985749999999872e-02,4.678058553661086291e-03
3.485944419999999905e-02,4.677995930607513689e-03
3.491908400000000301e-02,4.677964619577308462e-03
3.509739530000000052e-02,4.677870688466758201e-03
3.521576790000000012e-02,4.677808069381904181e-03
3.562697489999999689e-02,4.677588912992907723e-03
3.568533189999999883e-02,4.677557606258870085e-03
3.609118929999999975e-02,4.677338468381346363e-03
3.614879690000000201e-02,4.677307164293932965e-03
3.632107169999999885e-02,4.677213254009118804e-03
3.649253310000000194e-02,4.677119346700876756e-03
3.671990299999999818e-02,4.676994141584080687e-03
3.677652580000000115e-02,4.676962841129790605e-03
3.694587359999999820e-02,4.676868941753420730e-03
3.722640800000000250e-02,4.676712449400427865e-03
3.744932249999999990e-02,4.676587261464546473e-03
3.750484409999999685e-02,4.676555965307163838e-03
3.761564139999999667e-02,4.676493373983512010e-03
3.794609239999999911e-02,4.676305607940734604e-03
3.811024350000000172e-02,4.676211729381616299e-03
3.832801789999999709e-02,4.676086562591457232e-03
3.849054019999999937e-02,4.675992690967587309e-03
3.870617500000000238e-02,4.675867533429036403e-03
3.875989619999999775e-02,4.675836244870874500e-03
3.881354310000000030e-02,4.675804956642022961e-03
3.897404079999999826e-02,4.675711093935961370e-03
3.918701509999999999e-02,4.675585948285895452e-03
3.924007809999999902e-02,4.675554662701026168e-03
3.939883820000000120e-02,4.675460807922922346e-03
3.960952859999999909e-02,4.675335672842468454e-03
4.007953250000000078e-02,4.675054138231182245e-03
4.018323120000000248e-02,4.674991578615336936e-03
4.023498040000000192e-02,4.674960299302529515e-03
4.038983000000000156e-02,4.674866463346406126e-03
4.049273419999999818e-02,4.674803907693794204e-03
4.064660190000000256e-02,4.674710076693109652e-03
4.079988930000000291e-02,4.674616248660647989e-03
4.085085730000000137e-02,4.674584973312486021e-03
4.100338109999999980e-02,4.674491149242492732e-03
4.105409649999999799e-02,4.674459875210696183e-03
4.125633449999999841e-02,4.674334782394810005e-03
4.130673929999999910e-02,4.674303510013684375e-03
4.160788569999999964e-02,4.674115882671852663e-03
4.185718599999999762e-02,4.673959535625818972e-03
4.200605599999999995e-02,4.673865731361625912e-03
4.205556230000000173e-02,4.673834463933900819e-03
4.244953370000000004e-02,4.673584336386261452e-03
4.259633349999999985e-02,4.673490544003580660e-03
4.283988209999999713e-02,4.673334229962585774e-03
4.288842589999999899e-02,4.673302968142768916e-03
4.303372860000000133e-02,4.673209184666211359e-03
4.322670569999999962e-02,4.673084144650506942e-03
4.327481560000000227e-02,4.673052885471396314e-03
4.337087509999999757e-02,4.672990368100213635e-03
4.361009829999999698e-02,4.672834080455620306e-03
4.365778569999999997e-02,4.672802823912104546e-03
4.380053619999999676e-02,4.672709056272403121e-03
4.394282299999999891e-02,4.672615291601257652e-03
4.403742540000000344e-02,4.672552783470350184e-03
4.413182499999999953e-02,4.672490276654534848e-03
4.455414840000000015e-02,4.672209012325602429e-03
4.474056810000000273e-02,4.672084014528226671e-03
4.478705179999999814e-02,4.672052765904052309e-03
4.487987470000000256e-02,4.671990269648436389e-03
4.492621420000000171e-02,4.671959022010988352e-03
4.506494700000000103e-02,4.671865281086710203e-03
4.515719859999999669e-02,4.671802788782664258e-03
4.529522390000000065e-02,4.671709052801443357e-03
4.561565869999999884e-02,4.671490347053751553e-03
4.584316940000000146e-02,4.671334138551406535e-03
4.602436819999999873e-02,4.671209177686912010e-03
4.615980060000000190e-02,4.671115460493542593e-03
4.624986849999999927e-02,4.671052984015821273e-03
4.651902589999999671e-02,4.670865562495347782e-03
4.656373419999999819e-02,4.670834326727851815e-03
4.660839960000000282e-02,4.670803091291681960e-03
4.691986699999999705e-02,4.670584452462166018e-03
4.696419369999999677e-02,4.670553219658867515e-03
4.709692359999999994e-02,4.670459523235610290e-03
4.731731260000000133e-02,4.670303369118931382e-03
4.744905459999999853e-02,4.670209680599346665e-03
4.758043189999999756e-02,4.670115995047460951e-03
4.762414379999999753e-02,4.670084767190908585e-03
4.775503939999999753e-02,4.669991085594812560e-03
4.779859160000000246e-02,4.669959859051216883e-03
4.801576009999999894e-02,4.669803731297869631e-03
4.814559110000000280e-02,4.669710058591327630e-03
4.836120139999999790e-02,4.669553944011732398e-03
4.849010740000000291e-02,4.669460279218019642e-03
4.866145090000000006e-02,4.669335397431872287e-03
4.895985910000000274e-02,4.669116866998154758e-03
4.900234049999999814e-02,4.669085649681302581e-03
4.904478510000000180e-02,4.669054432690066675e-03
4.912956429999999763e-02,4.668991999703333076e-03
4.929868529999999888e-02,4.668867137680780995e-03
4.934087499999999932e-02,4.668835922999736189e-03
4.938302859999999656e-02,4.668804708642821863e-03
4.963519859999999950e-02,4.668617429446302210e-03
4.967710250000000050e-02,4.668586217396261326e-03
4.980260260000000244e-02,4.668492583224163189e-03
5.001106959999999935e-02,4.668336532867301859e-03
5.017721960000000314e-02,4.668211698499890976e-03
5.038413659999999711e-02,4.668055662952463707e-03
5.046666589999999897e-02,4.667993251041067763e-03
5.050787989999999672e-02,4.667962045571345635e-03
5.067240099999999886e-02,4.667837227009015953e-03
5.099985089999999749e-02,4.667587605687102854e-03
5.104063439999999979e-02,4.667556404506402988e-03
5.112210379999999887e-02,4.667494003118637623e-03
5.116278989999999832e-02,4.667462802924897403e-03
5.136573690000000025e-02,4.667306806876736838e-03
5.148712109999999814e-02,4.667213213188883131e-03
5.160821980000000059e-02,4.667119622473625551e-03
5.164852290000000040e-02,4.667088426227507941e-03
5.192976900000000062e-02,4.666870061693989373e-03
5.200984570000000140e-02,4.666807674794464476e-03
5.212973010000000046e-02,4.666714096905462579e-03
5.224933949999999855e-02,4.666620521977428958e-03
5.228914839999999897e-02,4.666589330997953505e-03
5.244808220000000271e-02,4.666464570353161777e-03
5.264607470000000344e-02,4.666308626939662599e-03
5.292201970000000311e-02,4.666090319986898431e-03
5.296132299999999765e-02,4.666059134598553836e-03
5.303984240000000211e-02,4.665996764800301594e-03
5.307905849999999814e-02,4.665965580398003312e-03
5.319653330000000124e-02,4.665872029150787414e-03
5.339175040000000011e-02,4.665716116988574517e-03
5.354741159999999722e-02,4.665591393177593964e-03
5.366386120000000287e-02,4.665497853778790942e-03
5.385738429999999827e-02,4.665341961340881832e-03
5.389600549999999657e-02,4.665310783841205254e-03
5.401170360000000226e-02,4.665217253320636318e-03
5.420398480000000047e-02,4.665061375682079056e-03
5.431902689999999756e-02,4.664967853040884356e-03
5.443382580000000193e-02,4.664874333370373251e-03
5.473877910000000263e-02,4.664624962022103499e-03
5.481475239999999971e-02,4.664562622469327520e-03
5.489062050000000081e-02,4.664500284235314348e-03
5.492851530000000121e-02,4.664469115616634402e-03
5.507983360000000272e-02,4.664344444412798184e-03
5.511759819999999949e-02,4.664313277426653491e-03
5.523073729999999903e-02,4.664219778461541586e-03
5.541878909999999742e-02,4.664063953416715778e-03
5.549383139999999881e-02,4.664001625692737289e-03
5.568099469999999995e-02,4.663845812151942716e-03
5.571835189999999743e-02,4.663814650427266367e-03
5.601631270000000107e-02,4.663565368473066020e-03
5.612764020000000215e-02,4.663471893162220161e-03
5.627573429999999793e-02,4.663347264004677473e-03
5.642343970000000125e-02,4.663222640115854273e-03
5.657075939999999664e-02,4.663098021477364227e-03
5.668099790000000193e-02,4.663004560945889672e-03
5.671769649999999774e-02,4.662973408090718280e-03
5.682764989999999905e-02,4.662879951508708612e-03
5.690083420000000003e-02,4.662817648761577102e-03
5.711982439999999800e-02,4.662630748397317282e-03
5.715624119999999919e-02,4.662599599479821597e-03
5.726535270000000094e-02,4.662506154720408649e-03
5.744674450000000071e-02,4.662350420011220249e-03
5.748295419999999850e-02,4.662319274048277833e-03
5.759144669999999994e-02,4.662225838151483857e-03
5.769973510000000333e-02,4.662132405209451318e-03
5.773578619999999995e-02,4.662101261545885736e-03
5.777181470000000013e-02,4.662070118213819739e-03
5.798751569999999883e-02,4.661883265131267981e-03
5.802338790000000079e-02,4.661852124111414038e-03
5.805923799999999912e-02,4.661820983405025494e-03
5.834524540000000231e-02,4.661571869590376040e-03
5.841652840000000069e-02,4.661509594428851939e-03
5.845213739999999963e-02,4.661478457331696967e-03
5.873623160000000093e-02,4.661229372414711289e-03
5.884241330000000020e-02,4.661135970978481924e-03
5.887776470000000151e-02,4.661104837834073936e-03
5.915981499999999754e-02,4.660855784412901159e-03
5.919497680000000012e-02,4.660824654222624902e-03
5.930033710000000291e-02,4.660731265583073317e-03
5.940551060000000272e-02,4.660637879908831153e-03
5.947552290000000103e-02,4.660575624428190712e-03
5.958038699999999854e-02,4.660482243663818802e-03
5.971991950000000299e-02,4.660357740595020594e-03
5.999801099999999693e-02,4.660108750169775736e-03
6.003268190000000254e-02,4.660077627851836810e-03
6.024028800000000294e-02,4.659890900775961499e-03
6.027481950000000005e-02,4.659859780748586144e-03
6.041274809999999662e-02,4.659735303916115283e-03
6.055036250000000314e-02,4.659610832314271117e-03
6.058471719999999894e-02,4.659579715233545631e-03
6.065336839999999757e-02,4.659517482066778161e-03
6.085885719999999804e-02,4.659330790424148598e-03
6.113176780000000032e-02,4.659081886595037650e-03
6.119980530000000002e-02,4.659019663916838527e-03
6.123379560000000166e-02,4.658988553073592324e-03
6.133565380000000067e-02,4.658895222505326367e-03
6.136956899999999882e-02,4.658864112963681352e-03
6.150504259999999696e-02,4.658739678104911047e-03
6.167396609999999807e-02,4.658584141886462117e-03
6.174140610000000001e-02,4.658521929713623465e-03
6.194328550000000044e-02,4.658335301016071871e-03
6.204397889999999777e-02,4.658241991089857349e-03
6.214450920000000322e-02,4.658148684119631580e-03
6.217798310000000050e-02,4.658117582443048466e-03
6.227829700000000329e-02,4.658024279407971778e-03
6.241179809999999883e-02,4.657899879957079492e-03
6.244512879999999933e-02,4.657868780896004014e-03
6.257827400000000317e-02,4.657744387998126803e-03
6.284371810000000114e-02,4.657495617907650605e-03
6.297602060000000168e-02,4.657371240727402849e-03
6.300905280000000663e-02,4.657340147249010125e-03
6.323979509999999582e-02,4.657122502106277213e-03
6.327268960000000109e-02,4.657091411247242345e-03
6.333842739999999416e-02,4.657029230520106505e-03
6.337127069999999585e-02,4.656998140644661582e-03
6.346969869999999347e-02,4.656904872983188247e-03
6.353523260000000505e-02,4.656842696197113426e-03
6.373143000000000558e-02,4.656656173662791082e-03
6.376407089999999722e-02,4.656625087739743596e-03
6.386189339999999437e-02,4.656531831870077374e-03
6.389446769999999887e-02,4.656500747245928377e-03
6.402459889999999321e-02,4.656376411990488864e-03
6.405709029999999415e-02,4.656345328999482273e-03
6.441341509999999604e-02,4.656003437693764617e-03
6.451025289999999524e-02,4.655910201474921031e-03
6.479989830000000561e-02,4.655630510527989686e-03
6.483200120000000288e-02,4.655599435400187107e-03
6.492821479999999479e-02,4.655506211947096386e-03
6.505627819999999784e-02,4.655381918611099616e-03
6.508825470000000057e-02,4.655350846099115189e-03
6.518409000000000009e-02,4.655257630524868746e-03
6.527978469999999589e-02,4.655164417897356306e-03
6.531165170000000075e-02,4.655133347664373519e-03
6.540715969999999491e-02,4.655040138964010484e-03
6.556603060000000538e-02,4.654884797661879015e-03
6.569285060000000509e-02,4.654760530495354216e-03
6.578780519999999354e-02,4.654667333577142824e-03
6.585103220000000646e-02,4.654605203931849733e-03
6.591419860000000130e-02,4.654543075588673043e-03
6.607185029999999848e-02,4.654387760476851044e-03
6.619770129999999475e-02,4.654263514252719031e-03
6.635467940000000509e-02,4.654108213852915961e-03
6.641736669999999398e-02,4.654046095994916234e-03
6.644868819999999454e-02,4.654015037556745102e-03
6.660507479999999703e-02,4.653859750236038866e-03
6.669873070000000015e-02,4.653766581782896317e-03
6.682340109999999889e-02,4.653642361750691403e-03
6.691675140000000188e-02,4.653549200149261628e-03
6.710306259999999912e-02,4.653362885813013515e-03
6.728885780000000427e-02,4.653176583242567277e-03
6.731977379999999622e-02,4.653145533963605994e-03
6.735067570000000114e-02,4.653114484995195775e-03
6.744329620000000247e-02,4.653021340095874446e-03
6.753578970000000126e-02,4.652928198114669386e-03
6.756659280000000545e-02,4.652897151443207389e-03
6.759738179999999486e-02,4.652866105119160198e-03
6.781251330000000188e-02,4.652648789875596901e-03
6.790450389999999614e-02,4.652555659670466748e-03
6.793513980000000230e-02,4.652524616921939644e-03
6.808811230000000325e-02,4.652369408126620122e-03
6.817973099999999342e-02,4.652276286736090061e-03
6.839303080000000423e-02,4.652059015002605984e-03
6.842344790000000343e-02,4.652027977487209649e-03
6.854498139999999629e-02,4.651903830686304232e-03
6.857533120000000593e-02,4.651872794814286907e-03
6.881764710000000396e-02,4.651624519557248823e-03
6.902897569999999483e-02,4.651407295841976548e-03
6.923965930000000601e-02,4.651190088141187416e-03
6.926970470000000379e-02,4.651159059800178894e-03
6.929973700000000014e-02,4.651128031742169690e-03
6.935976259999999949e-02,4.651065976664811759e-03
6.938975599999999688e-02,4.651034949613805196e-03
6.947965829999999676e-02,4.650941870400359876e-03
6.962923760000000462e-02,4.650786744924332791e-03
6.971883119999999767e-02,4.650693673557456352e-03
6.977849630000000636e-02,4.650631627608483101e-03
6.983811040000000026e-02,4.650569582986568105e-03
7.010574679999999337e-02,4.650290398286753037e-03
7.019473210000000407e-02,4.650197342576084698e-03
7.025399309999999509e-02,4.650135307092760628e-03
7.034279089999999346e-02,4.650042256307702557e-03
7.043147669999999527e-02,4.649949208471235509e-03
7.046101389999999409e-02,4.649918193163995496e-03
7.069686679999999390e-02,4.649670082534362002e-03
7.072629310000000391e-02,4.649639070181785412e-03
7.081449859999999763e-02,4.649546035077153049e-03
7.096126429999999319e-02,4.649390983092766688e-03
7.104917809999999889e-02,4.649297955797868087e-03
7.116622760000000658e-02,4.649173924008998156e-03
7.125388859999999547e-02,4.649080903597689607e-03
7.137060239999999667e-02,4.648956880927953943e-03
7.139975099999999741e-02,4.648925876084918085e-03
7.142888779999999327e-02,4.648894871582407579e-03
7.151622679999999899e-02,4.648801859975600428e-03
7.163251310000000316e-02,4.648677849057338690e-03
7.166155520000000445e-02,4.648646847159118231e-03
7.174861100000000380e-02,4.648553843379412027e-03
7.186452140000000599e-02,4.648429842911265021e-03
7.209578290000000222e-02,4.648181857649566311e-03
7.212463850000000454e-02,4.648150860963352893e-03
7.218231499999999690e-02,4.648088868549326083e-03
7.229752999999999874e-02,4.647964887691193210e-03
7.235506869999999702e-02,4.647902899194368900e-03
7.244129109999999927e-02,4.647809918925833138e-03
7.264207849999999855e-02,4.647592976349296419e-03
7.281374140000000661e-02,4.647407038333482322e-03
7.289942130000000298e-02,4.647314073709563238e-03
7.298500049999999406e-02,4.647221112017841174e-03
7.304199769999999980e-02,4.647159139185427605e-03
7.312741009999999819e-02,4.647066182405719045e-03
7.324113840000000264e-02,4.646942244602361195e-03
7.343973900000000388e-02,4.646725365982575830e-03
7.346806670000000095e-02,4.646694384626069534e-03
7.355298439999999327e-02,4.646601442498901439e-03
7.358126850000000496e-02,4.646570462426474757e-03
7.369429630000000342e-02,4.646446545496649844e-03
7.372252619999999923e-02,4.646415567084815831e-03
7.389167900000000178e-02,4.646229703409338573e-03
7.391983359999999836e-02,4.646198727242362506e-03
7.394797729999999514e-02,4.646167751438390336e-03
7.414468470000000477e-02,4.645950929893083794e-03
7.417274320000000198e-02,4.645919956661946799e-03
7.425685499999999661e-02,4.645827039011851851e-03
7.445274629999999727e-02,4.645610242566707709e-03
7.470385179999999847e-02,4.645331527698645137e-03
7.481518369999999585e-02,4.645207662929702608e-03
7.484299079999999493e-02,4.645176697549431404e-03
7.489857399999999554e-02,4.645114767747443411e-03
7.500961690000000626e-02,4.644990912087019509e-03
7.506507669999999688e-02,4.644928986198133131e-03
7.523121089999999789e-02,4.644743216405696103e-03
7.525886430000000571e-02,4.644712255901705701e-03
7.547972660000000500e-02,4.644464583699279073e-03
7.550728900000000521e-02,4.644433626128543005e-03
7.558991580000000432e-02,4.644340755415444881e-03
7.569994450000000485e-02,4.644216932326298251e-03
7.572742679999999726e-02,4.644185977365673963e-03
7.580981359999999780e-02,4.644093114444665729e-03
7.589211099999999821e-02,4.644000254448752557e-03
7.591952370000000505e-02,4.643969301793098720e-03
7.616579349999999526e-02,4.643690742375366706e-03
7.622041209999999567e-02,4.643628843863014527e-03
7.638403350000000369e-02,4.643443156119635151e-03
7.646571289999999632e-02,4.643350316669146716e-03
7.657448329999999581e-02,4.643226535258850561e-03
7.665595969999999815e-02,4.643133702649812275e-03
7.668309930000000163e-02,4.643102759087915435e-03
7.679156169999999670e-02,4.642978988117792312e-03
7.681865340000000597e-02,4.642948046209652464e-03
7.689987119999999732e-02,4.642855222360977273e-03
7.698100330000000324e-02,4.642762401442626467e-03
7.711603370000000290e-02,4.642607706440819888e-03
7.722388809999999881e-02,4.642483956335612463e-03
7.741227159999999885e-02,4.642267406118486331e-03
7.751971380000000078e-02,4.642143670318061091e-03
7.754655109999999962e-02,4.642112737155551332e-03
7.762700729999999494e-02,4.642019939708967591e-03
7.768059839999999494e-02,4.641958076336143851e-03
7.776091590000000497e-02,4.641865283769901901e-03
7.789459440000000290e-02,4.641710635923853787e-03
7.794800159999999700e-02,4.641648779101647734e-03
7.808135970000000536e-02,4.641494142682423517e-03
7.810800410000000304e-02,4.641463216359917147e-03
7.818788249999999995e-02,4.641370439428266041e-03
7.837394890000000391e-02,4.641153971187014782e-03
7.848007460000000490e-02,4.641030282252120095e-03
7.850658350000000452e-02,4.640999360816906553e-03
7.871833409999999531e-02,4.640752001102442514e-03
7.874476290000000100e-02,4.640721082611304511e-03
7.879759379999999591e-02,4.640659246595228715e-03
7.882399599999999340e-02,4.640628329086851460e-03
7.921897310000000636e-02,4.640164605240671390e-03
7.935019529999999544e-02,4.640010046883412051e-03
7.937641369999999530e-02,4.639979136191444212e-03
7.945501689999999451e-02,4.639886406047259368e-03
7.955970049999999683e-02,4.639762770447104084e-03
7.958584990000000525e-02,4.639731862369690651e-03
7.966424649999999386e-02,4.639639140021160554e-03
7.979473639999999646e-02,4.639484609305421364e-03
7.997706450000000022e-02,4.639268279955058479e-03
8.000307750000000551e-02,4.639237377067673140e-03
8.015897800000000573e-02,4.639051966547441848e-03
8.021087740000000521e-02,4.638990165647212047e-03
8.028866380000000691e-02,4.638897466691511290e-03
8.036637480000000111e-02,4.638804770695841191e-03
8.039226180000000332e-02,4.638773872661379472e-03
8.046987279999999465e-02,4.638681180566628023e-03
8.049572650000000329e-02,4.638650283883259152e-03
8.070225790000000454e-02,4.638403121829954255e-03
8.077957099999999446e-02,4.638310441393829128e-03
8.083107209999999820e-02,4.638248656105239780e-03
8.090826210000000296e-02,4.638155980560059941e-03
8.098537860000000477e-02,4.638063307947353810e-03
8.121628870000000000e-02,4.637785307702902392e-03
8.124190489999999487e-02,4.637754420383992382e-03
8.129311300000000018e-02,4.637692646793927127e-03
8.144654410000000400e-02,4.637507333732943104e-03
8.152315139999999349e-02,4.637414681574653780e-03
8.159968680000000141e-02,4.637322032365774269e-03
8.162518259999999859e-02,4.637291149974887526e-03
8.165067049999999438e-02,4.637260267866266314e-03
8.170162240000000686e-02,4.637198504653093113e-03
8.182886339999999314e-02,4.637044102278334128e-03
8.193051390000000156e-02,4.636920586205102793e-03
8.200666909999999865e-02,4.636827952592007494e-03
8.205739989999999429e-02,4.636766198415696698e-03
8.210809939999999529e-02,4.636704445596713346e-03
8.213343739999999504e-02,4.636673569689949738e-03
8.223471150000000174e-02,4.636550069201638043e-03
8.233586090000000191e-02,4.636426573904542728e-03
8.251257400000000519e-02,4.636210469721880299e-03
8.253778790000000642e-02,4.636179598938156704e-03
8.261338329999999563e-02,4.636086988700540042e-03
8.266374179999999572e-02,4.636025250172095928e-03
8.283975550000000077e-02,4.635809175463299556e-03
8.304045720000000075e-02,4.635562252419374654e-03
8.306551080000000586e-02,4.635531388506331299e-03
8.321567409999999776e-02,4.635346211831073773e-03
8.324067490000000569e-02,4.635315350156920915e-03
8.326566829999999808e-02,4.635284488824178983e-03
8.334060340000000455e-02,4.635191906819596287e-03
8.363967260000000625e-02,4.634821607950005348e-03
8.366454680000000310e-02,4.634790751805538574e-03
8.371427300000000571e-02,4.634729040475905372e-03
8.373912499999999759e-02,4.634698185349873066e-03
8.386327459999999567e-02,4.634543914420184187e-03
8.393767620000000540e-02,4.634451355745677209e-03
8.401201190000000263e-02,4.634358799994024898e-03
8.403677589999999920e-02,4.634327948768258119e-03
8.411102400000000645e-02,4.634235396883369489e-03
8.425932399999999656e-02,4.634050301963409807e-03
8.433337620000000423e-02,4.633957758820802381e-03
8.445665230000000412e-02,4.633803526804128672e-03
8.453053160000000010e-02,4.633710991531061335e-03
8.462893709999999570e-02,4.633587615650011649e-03
8.484993209999999730e-02,4.633310038879421243e-03
8.489896399999999343e-02,4.633248358689362467e-03
8.492346929999999849e-02,4.633217519116742886e-03
8.502141990000000593e-02,4.633094163973064221e-03
8.511925789999999492e-02,4.632970814013435794e-03
8.519256259999999359e-02,4.632878305002191034e-03
8.521698349999999589e-02,4.632847469282328975e-03
8.524139740000000187e-02,4.632816633910429027e-03
8.541209930000000228e-02,4.632600795297714576e-03
8.543645739999999877e-02,4.632569962519454340e-03
8.563107309999999639e-02,4.632323311937453988e-03
8.567965800000000576e-02,4.632261652533237010e-03
8.570394000000000623e-02,4.632230823280986121e-03
8.577674509999999586e-02,4.632138337571014598e-03
8.580099970000000520e-02,4.632107509631249419e-03
8.589794970000000363e-02,4.631984201201565406e-03
8.599479040000000685e-02,4.631860897892540498e-03
8.606734940000000667e-02,4.631768423840824066e-03
8.609152209999999805e-02,4.631737599793422748e-03
8.628466029999999620e-02,4.631491019187681558e-03
8.645330230000000671e-02,4.631275278112778268e-03
8.654952159999999839e-02,4.631152004637216317e-03
8.657355969999999679e-02,4.631121187045524230e-03
8.659759109999999593e-02,4.631090369826668454e-03
8.666964550000000322e-02,4.630997920062659284e-03
8.674163999999999486e-02,4.630905473191378706e-03
8.678960310000000122e-02,4.630843843601765639e-03
8.686149819999999799e-02,4.630751401647294208e-03
8.698119120000000204e-02,4.630597338081211649e-03
8.714848529999999482e-02,4.630381662800155292e-03
8.722008450000000301e-02,4.630289235406664754e-03
8.731545890000000365e-02,4.630166003324687543e-03
8.760095880000000335e-02,4.629796338338786933e-03
8.762470840000000094e-02,4.629765535047344199e-03
8.771964279999999725e-02,4.629642325059054979e-03
8.774336039999999781e-02,4.629611523335712929e-03
8.781447459999999761e-02,4.629519120195555240e-03
8.788553120000000551e-02,4.629426719960738450e-03
8.793287040000000165e-02,4.629365121458915711e-03
8.800383150000000432e-02,4.629272726014785865e-03
8.807473540000000656e-02,4.629180333609909763e-03
8.809835729999999920e-02,4.629149536747662746e-03
8.826353389999999632e-02,4.628933967903022494e-03
8.828710539999999607e-02,4.628903173642828599e-03
8.831067049999999363e-02,4.628872379781560388e-03
8.838132819999999779e-02,4.628779999915969869e-03
8.849896570000000129e-02,4.628626039964926601e-03
8.856947319999999846e-02,4.628533667896429782e-03
8.866339600000000543e-02,4.628410509653644277e-03
8.887435929999999706e-02,4.628133422539637380e-03
8.894456929999999817e-02,4.628041065954408007e-03
8.906146280000000470e-02,4.627887144875755289e-03
8.910817729999999381e-02,4.627825578703649578e-03
8.922485650000000490e-02,4.627671668918426594e-03
8.941122649999999616e-02,4.627425430011123178e-03
8.943449539999999420e-02,4.627394651591212361e-03
8.948101510000000536e-02,4.627333095773543577e-03
8.957398210000000471e-02,4.627209987986432432e-03
8.962042940000000679e-02,4.627148436045577448e-03
8.969005530000000170e-02,4.627056110557935253e-03
8.975962719999999728e-02,4.626963787985163661e-03
8.978280580000000399e-02,4.626933014414778139e-03
8.985230589999999851e-02,4.626840695676964939e-03
8.996801999999999577e-02,4.626686837616597256e-03
9.006048429999999327e-02,4.626563757001119111e-03
9.012977020000000061e-02,4.626471449932522718e-03
9.017593120000000351e-02,4.626409913423389607e-03
9.031427279999999780e-02,4.626225311910848147e-03
9.033730919999999331e-02,4.626194546118462224e-03
9.036033960000000587e-02,4.626163780616998102e-03
9.054437240000000331e-02,4.625917668500936254e-03
9.059032220000000357e-02,4.625856143687101518e-03
9.061328829999999723e-02,4.625825381745732323e-03
9.088842950000000642e-02,4.625456263957626601e-03
9.097995829999999673e-02,4.625333235014932563e-03
9.107139520000000210e-02,4.625210211288076703e-03
9.109424000000000687e-02,4.625179456106697645e-03
9.116274030000000306e-02,4.625087192636795352e-03
9.123118909999999859e-02,4.624994932132101867e-03
9.134515649999999654e-02,4.624841170982029945e-03
9.143622810000000267e-02,4.624718167866235553e-03
9.161809969999999692e-02,4.624472177255151660e-03
9.164080830000000122e-02,4.624441429860927204e-03
9.168620859999999928e-02,4.624379936039740152e-03
9.179961109999999758e-02,4.624226207206287229e-03
9.182227469999999780e-02,4.624195462459648048e-03
9.189023229999999931e-02,4.624103230001876119e-03
9.200338330000000509e-02,4.623949515696200614e-03
9.204860469999999462e-02,4.623888032219776803e-03
9.216156120000000562e-02,4.623734329200038760e-03
9.218413590000000546e-02,4.623703589547901657e-03
9.225182690000000019e-02,4.623611372584005008e-03
9.231946820000000442e-02,4.623519158495049963e-03
9.236453490000000321e-02,4.623457684105969877e-03
9.243209369999999536e-02,4.623365474902214715e-03
9.249960320000000236e-02,4.623273268549565190e-03
9.252209549999999838e-02,4.623242533825053235e-03
9.261200969999999755e-02,4.623119597902371029e-03
9.272427989999999787e-02,4.622965935165216679e-03
9.279157679999999742e-02,4.622873741453149311e-03
9.290363000000000093e-02,4.622720091755737858e-03
9.303791570000000122e-02,4.622535722671396348e-03
9.306027779999999361e-02,4.622504995623243074e-03
9.312733189999999883e-02,4.622412816412403182e-03
9.321666239999999715e-02,4.622289915342630597e-03
9.323898160000000657e-02,4.622259190913822167e-03
9.341734349999999965e-02,4.622013406745333064e-03
9.343961480000000097e-02,4.621982685173547413e-03
9.359536559999999394e-02,4.621767643321938838e-03
9.361759449999999816e-02,4.621736924359944043e-03
9.377304960000000522e-02,4.621521900443029129e-03
9.383959440000000374e-02,4.621429752298441239e-03
9.386176549999999952e-02,4.621399036819006170e-03
9.392824739999999784e-02,4.621306892457932580e-03
9.397254260000000026e-02,4.621245464472339450e-03
9.403894620000000093e-02,4.621153324963621356e-03
9.412741149999999390e-02,4.621030476742905499e-03
9.419370589999999377e-02,4.620938344037315779e-03
9.430409309999999989e-02,4.620784795816373046e-03
9.432615499999999487e-02,4.620754087199458078e-03
9.439230989999999877e-02,4.620661963185873806e-03
9.450246499999999383e-02,4.620508429500061985e-03
9.463448200000000587e-02,4.620324199811389095e-03
9.465646689999999974e-02,4.620293495902489354e-03
9.483216279999999443e-02,4.620047876941618670e-03
9.489796490000000639e-02,4.619955775107448086e-03
9.491988880000000461e-02,4.619925075168262660e-03
9.500753380000000192e-02,4.619802278566876273e-03
9.509509800000000290e-02,4.619679487064046013e-03
9.516071830000000231e-02,4.619587396845478006e-03
9.520444000000000129e-02,4.619526004961095438e-03
9.524814160000000252e-02,4.619464614430392191e-03
9.537912649999999437e-02,4.619280450399381767e-03
9.550993169999999477e-02,4.619096298065180663e-03
9.555349359999999737e-02,4.619034916524980203e-03
9.559703569999999928e-02,4.618973536193260974e-03
9.561879930000000138e-02,4.618942846590833907e-03
9.579273010000000088e-02,4.618697340981629818e-03
9.587957719999999628e-02,4.618574595978594023e-03
9.590127669999999604e-02,4.618543910461584724e-03
9.596634569999999698e-02,4.618451856064354800e-03
9.603137069999999331e-02,4.618359804494336432e-03
9.607469620000000377e-02,4.618298438417995332e-03
9.613964780000000543e-02,4.618206391664285773e-03
9.622618180000000465e-02,4.618083667197916964e-03
9.629103129999999622e-02,4.617991627188370793e-03
9.642059930000000667e-02,4.617807556049581194e-03
9.648531809999999487e-02,4.617715524766322077e-03
9.665768969999999349e-02,4.617470122186799995e-03
9.672224980000000694e-02,4.617378101528854875e-03
9.674376029999999516e-02,4.617347428613373037e-03
9.676526600000000256e-02,4.617316756049100711e-03
9.691567219999999705e-02,4.617102056962391066e-03
9.693713980000000230e-02,4.617071387037416375e-03
9.698006060000000095e-02,4.617010047960100685e-03
9.717296979999999473e-02,4.616734038112850491e-03
9.725858440000000049e-02,4.616611375554236646e-03
9.732274600000000164e-02,4.616519381870313500e-03
9.742958790000000313e-02,4.616366065673666377e-03
9.751497720000000535e-02,4.616243418449404376e-03
9.762160879999999541e-02,4.616090116709382386e-03
9.768553189999999720e-02,4.615998139476253960e-03
9.777069770000000604e-02,4.615875507736116358e-03
9.791955950000000297e-02,4.615660914599494825e-03
9.794080700000000472e-02,4.615630259666765427e-03
9.796204990000000057e-02,4.615599605067498452e-03
9.800452190000000230e-02,4.615538296993293432e-03
9.802575099999999431e-02,4.615507643378746576e-03
9.808941070000000428e-02,4.615415684475879070e-03
9.811062140000000042e-02,4.615385032222528092e-03
9.813182759999999893e-02,4.615354380156705058e-03
9.825896829999999915e-02,4.615170474998857124e-03
9.844937149999999360e-02,4.614894638941039427e-03
9.847050470000000277e-02,4.614863992082704480e-03
9.853387700000000582e-02,4.614772053472456989e-03
9.859720869999999415e-02,4.614680117774467606e-03
9.868158759999999530e-02,4.614557541350259792e-03
9.870267110000000010e-02,4.614526898049427228e-03
9.876589439999999831e-02,4.614434969990428848e-03
9.887117689999999626e-02,4.614281763153447145e-03
9.895532220000000101e-02,4.614159203464180022e-03
9.903939609999999616e-02,4.614036648806892939e-03
9.914438809999999436e-02,4.613883462799791592e-03
9.927023199999999992e-02,4.613699650304309285e-03
9.935403930000000217e-02,4.613577114974444678e-03
9.945869920000000031e-02,4.613423953057659878e-03
9.947961800000000576e-02,4.613393321658029560e-03
9.954234789999999444e-02,4.613301429282926254e-03
9.960503830000000391e-02,4.613209539873471508e-03
9.962592630000000060e-02,4.613178910745726995e-03
9.964681000000000233e-02,4.613148281907703853e-03
9.970943470000000197e-02,4.613056397274316670e-03
9.979287320000000683e-02,4.612933888943900745e-03
9.995954120000000165e-02,4.612688887867313729e-03
9.998035519999999565e-02,4.612658264163883859e-03
1.000219702000000044e-01,4.612597017702490046e-03
1.000427710999999970e-01,4.612566394931820989e-03
1.001467112000000020e-01,4.612413286051163762e-03
1.002920464000000011e-01,4.612198947157815365e-03
1.003542684999999962e-01,4.612107092355899676e-03
1.003750006000000000e-01,4.612076474720085834e-03
1.004578862999999933e-01,4.611954007582557552e-03
1.004785970000000028e-01,4.611923391641408951e-03
1.006441294999999986e-01,4.611678475207474197e-03
1.007061340000000027e-01,4.611586636889793492e-03
1.007681004000000047e-01,4.611494801358801202e-03
1.007887474000000033e-01,4.611464190147296360e-03
1.009331579999999950e-01,4.611249920971190359e-03
1.009743802999999995e-01,4.611188704052230150e-03
1.010155856999999935e-01,4.611127488362423005e-03
1.011391013000000061e-01,4.610943849223049680e-03
1.012830123999999971e-01,4.610729618223874046e-03
1.013035545000000037e-01,4.610699015060470453e-03
1.013446261000000015e-01,4.610637809669501479e-03
1.014472322999999954e-01,4.610484802016793886e-03
1.014677410999999946e-01,4.610454201368787037e-03
1.015292426999999942e-01,4.610362401569760744e-03
1.016316624999999974e-01,4.610209408264176467e-03
1.018566236999999958e-01,4.609872851203354431e-03
1.019587146000000000e-01,4.609719883624678605e-03
1.019995224000000006e-01,4.609658698808234353e-03
1.020199202000000027e-01,4.609628106937852833e-03
1.020810889999999999e-01,4.609536333105079993e-03
1.021829558000000027e-01,4.609383383077829757e-03
1.022440270999999956e-01,4.609291616884671552e-03
1.023253987999999948e-01,4.609169266572469593e-03
1.024270225000000062e-01,4.609016335737038499e-03
1.024473352000000032e-01,4.608985750610747507e-03
1.025082489999999957e-01,4.608893996967000466e-03
1.025894110999999997e-01,4.608771663313703665e-03
1.026705091000000014e-01,4.608649334703972256e-03
1.027312905999999970e-01,4.608557591737768265e-03
1.029134196000000001e-01,4.608282379825855667e-03
1.029740576000000019e-01,4.608190648281224565e-03
1.029942623999999946e-01,4.608160071855309931e-03
1.030952267999999949e-01,4.608007193943794086e-03
1.031557580000000002e-01,4.607915471101373811e-03
1.032162536999999963e-01,4.607823751160687945e-03
1.032364110999999945e-01,4.607793178415100187e-03
1.032968595999999989e-01,4.607701462391833661e-03
1.034176504999999996e-01,4.607518038765709076e-03
1.035784859999999974e-01,4.607273491866052499e-03
1.036387349999999957e-01,4.607181792129216510e-03
1.038593488000000009e-01,4.606845584221474187e-03
1.038793813000000038e-01,4.606815021877270176e-03
1.038994099999999976e-01,4.606784459688728975e-03
1.039594729999999967e-01,4.606692775390556355e-03
1.040195012999999974e-01,4.606601093836098712e-03
1.040395030000000054e-01,4.606570533989070779e-03
1.040595009000000043e-01,4.606539974508946401e-03
1.041194715000000048e-01,4.606448297740934304e-03
1.041993786000000033e-01,4.606326066604741684e-03
1.042193458000000017e-01,4.606295509627868386e-03
1.042592687999999990e-01,4.606234396589901393e-03
1.043590092999999996e-01,4.606081619798751969e-03
1.044387331999999946e-01,4.605959404027581104e-03
1.044984860999999959e-01,4.605867745469312616e-03
1.045383024999999994e-01,4.605806641546312218e-03
1.045781035999999997e-01,4.605745538759473297e-03
1.046775404000000048e-01,4.605592787429950603e-03
1.047570218000000025e-01,4.605470592286373122e-03
1.048562888999999970e-01,4.605317855300073218e-03
1.048959693999999970e-01,4.605256762898434809e-03
1.049158040000000014e-01,4.605226217065090319e-03
1.050149209999999972e-01,4.605073493036612731e-03
1.051535277999999934e-01,4.604859692819578826e-03
1.052919521000000025e-01,4.604645908195245663e-03
1.053117120999999962e-01,4.604615368870305231e-03
1.053907153000000069e-01,4.604493214591462089e-03
1.055485441999999968e-01,4.604248921351013733e-03
1.056470674999999970e-01,4.604096248636379944e-03
1.057848460000000018e-01,4.603882519975886246e-03
1.058045140000000023e-01,4.603851988658046006e-03
1.058438389999999951e-01,4.603790926874201488e-03
1.058634960999999958e-01,4.603760396478295651e-03
1.059224453000000010e-01,4.603668807220736431e-03
1.060206211000000037e-01,4.603516164752335244e-03
1.060794830000000022e-01,4.603424583142589829e-03
1.060990963999999953e-01,4.603394056553675173e-03
1.061579148000000028e-01,4.603302478835800092e-03
1.062558730999999951e-01,4.603149855587631949e-03
1.063928632000000069e-01,4.602936196415107449e-03
1.064319707999999975e-01,4.602875153871264016e-03
1.064906052999999991e-01,4.602783592340983602e-03
1.065687344999999980e-01,4.602661514930315480e-03
1.067443161000000001e-01,4.602386859183760573e-03
1.067832950000000003e-01,4.602325828149109177e-03
1.068027790999999949e-01,4.602295313066952741e-03
1.068806801000000001e-01,4.602173256096620674e-03
1.069001465000000012e-01,4.602142742545912817e-03
1.069585242999999963e-01,4.602051204112546541e-03
1.070363119999999946e-01,4.601929157447012288e-03
1.070557500000000051e-01,4.601898646439718694e-03
1.070946155999999982e-01,4.601837625621228549e-03
1.072111278000000001e-01,4.601654570812489450e-03
1.073275134000000047e-01,4.601471527537196425e-03
1.073662806000000025e-01,4.601410515572493774e-03
1.075018556999999958e-01,4.601196983997310822e-03
1.076565896000000050e-01,4.600952967204563135e-03
1.077145573999999939e-01,4.600861466095313747e-03
1.077338731000000022e-01,4.600830966443891258e-03
1.077917994999999934e-01,4.600739469169969759e-03
1.078882741999999950e-01,4.600586980274212756e-03
1.079653919999999934e-01,4.600464994812721205e-03
1.080231942000000056e-01,4.600373509154638205e-03
1.081194624000000049e-01,4.600221039290212401e-03
1.081387057999999984e-01,4.600190546302205391e-03
1.081964153999999956e-01,4.600099069205416426e-03
1.082733136999999984e-01,4.599977104147300044e-03
1.082925297000000009e-01,4.599946613858810728e-03
1.084077544000000004e-01,4.599763677825968733e-03
1.084269466000000043e-01,4.599733189618303644e-03
1.084461354000000044e-01,4.599702701742956062e-03
1.085803620999999941e-01,4.599489295397827734e-03
1.085995238000000002e-01,4.599458810101865643e-03
1.086378370999999954e-01,4.599397840305688608e-03
1.086569886000000040e-01,4.599367355911470473e-03
1.087526959000000015e-01,4.599214938883720676e-03
1.088100798000000008e-01,4.599123492475059964e-03
1.088674334999999993e-01,4.599032048956014883e-03
1.089629559000000053e-01,4.598879649294269553e-03
1.090393136000000068e-01,4.598757735512676997e-03
1.090583945999999971e-01,4.598727257882719022e-03
1.091156177999999949e-01,4.598635826718250504e-03
1.092109230999999958e-01,4.598483447867130966e-03
1.093442109999999967e-01,4.598270131042790122e-03
1.094773366000000026e-01,4.598056829749636726e-03
1.095723272999999942e-01,4.597904481285701277e-03
1.096292821999999972e-01,4.597813075975658130e-03
1.096672357000000042e-01,4.597752140824932533e-03
1.097810174999999944e-01,4.597569342687531264e-03
1.097999696000000053e-01,4.597538877479503093e-03
1.098568065000000010e-01,4.597447483782865496e-03
1.099703920999999945e-01,4.597264704794505087e-03
1.100271409999999950e-01,4.597173319791671847e-03
1.101594412999999939e-01,4.596960098971023846e-03
1.101783283000000030e-01,4.596929640126259757e-03
1.102349700999999960e-01,4.596838265424097424e-03
1.103293085000000007e-01,4.596685980781601427e-03
1.104047211000000056e-01,4.596564158790217118e-03
1.104235662999999978e-01,4.596533704110117302e-03
1.104612467999999958e-01,4.596472795732360964e-03
1.105742115999999997e-01,4.596290077926779016e-03
1.106306506999999995e-01,4.596198723499543386e-03
1.108373482000000049e-01,4.595863781495890081e-03
1.108561197000000054e-01,4.595833334108134077e-03
1.109311741999999962e-01,4.595711547731371263e-03
1.109874317999999943e-01,4.595620211415554247e-03
1.110249209999999986e-01,4.595559322140721145e-03
1.110811310999999940e-01,4.595467990552519130e-03
1.111560337000000037e-01,4.595346219506915401e-03
1.113056877000000028e-01,4.595102692914351111e-03
1.113243802999999976e-01,4.595072253626010343e-03
1.113617560000000062e-01,4.595011375762255053e-03
1.114364699999999958e-01,4.594889623896439290e-03
1.114738081999999963e-01,4.594828749829928637e-03
1.115297920000000026e-01,4.594737441192132087e-03
1.116043934999999959e-01,4.594615700899540474e-03
1.116789450999999961e-01,4.594493965714868157e-03
1.117534470000000058e-01,4.594372235481166029e-03
1.118278993000000054e-01,4.594250510385987189e-03
1.120323877999999940e-01,4.593915792745913683e-03
1.121994194000000000e-01,4.593641961488475513e-03
1.122179632000000066e-01,4.593611537441491532e-03
1.122550414000000052e-01,4.593550690187302339e-03
1.122735759000000055e-01,4.593520267059839762e-03
1.123476835000000035e-01,4.593398577586044369e-03
1.123662027999999952e-01,4.593368156143262833e-03
1.124217421999999938e-01,4.593276893396847256e-03
1.124957521999999932e-01,4.593155214220731239e-03
1.125142469999999978e-01,4.593124795096571560e-03
1.125512277000000061e-01,4.593063957981395259e-03
1.126436261999999994e-01,4.592911870941374444e-03
1.126620968000000000e-01,4.592881454538243029e-03
1.128466364999999999e-01,4.592577307489563790e-03
1.128650739000000014e-01,4.592546894635742526e-03
1.129387933000000066e-01,4.592425245942905604e-03
1.131044863999999955e-01,4.592151555112405741e-03
1.131412740999999944e-01,4.592090738416973461e-03
1.131596634999999934e-01,4.592060330524844712e-03
1.133066709999999977e-01,4.591817079173312645e-03
1.133617497000000002e-01,4.591725865064167494e-03
1.133801033000000069e-01,4.591695461152665338e-03
1.134351462999999977e-01,4.591604250772656978e-03
1.135451522999999935e-01,4.591421839049592002e-03
1.136550518000000037e-01,4.591239438645254231e-03
1.136916614000000048e-01,4.591178641130707130e-03
1.137465535999999944e-01,4.591087447003414090e-03
1.138014194000000062e-01,4.590996255994334203e-03
1.138379818999999959e-01,4.590935463371218980e-03
1.139658583000000003e-01,4.590722699653970382e-03
1.140388660999999970e-01,4.590601127476745882e-03
1.141300601999999942e-01,4.590449169300586489e-03
1.141847416999999948e-01,4.590357998210154930e-03
1.142393970000000064e-01,4.590266830124166419e-03
1.142576096000000041e-01,4.590236441353340302e-03
1.143122300999999952e-01,4.590145276862407468e-03
1.143304311000000045e-01,4.590114889398897585e-03
1.144032063000000043e-01,4.589993342526461732e-03
1.144213927999999936e-01,4.589962956700442340e-03
1.145304515000000051e-01,4.589780647953698410e-03
1.146938450999999970e-01,4.589507206163814801e-03
1.148388887000000025e-01,4.589264168562464351e-03
1.148570062999999947e-01,4.589233790193767044e-03
1.148932327999999947e-01,4.589173034684048379e-03
1.149656517000000044e-01,4.589051527194538266e-03
1.149837492999999933e-01,4.589021151157664929e-03
1.150561112000000052e-01,4.588899650059144117e-03
1.151284276999999939e-01,4.588778154220622338e-03
1.151826351999999942e-01,4.588687035575647610e-03
1.152909738000000017e-01,4.588504806977746972e-03
1.153992105999999962e-01,4.588322589717843715e-03
1.154352669999999942e-01,4.588261853059871602e-03
1.154713121999999953e-01,4.588201117838188944e-03
1.154893305000000009e-01,4.588170750724693270e-03
1.155433686999999959e-01,4.588079651091763085e-03
1.155613758999999990e-01,4.588049285323658223e-03
1.157053318999999997e-01,4.587806369769634879e-03
1.157233138000000050e-01,4.587776006563103366e-03
1.157772427999999992e-01,4.587684919555204410e-03
1.158670687000000060e-01,4.587533113885912395e-03
1.159209308000000022e-01,4.587442034330219826e-03
1.159747678999999976e-01,4.587350957593943832e-03
1.159927079999999999e-01,4.587320599388784899e-03
1.160465118000000018e-01,4.587229526642501269e-03
1.161182114000000043e-01,4.587108100545561791e-03
1.161540446000000060e-01,4.587047389341659953e-03
1.162793738999999965e-01,4.586834910596549256e-03
1.162972671000000041e-01,4.586804557648704872e-03
1.163509300000000052e-01,4.586713501063249994e-03
1.164224420999999954e-01,4.586592096582141169e-03
1.164403133000000007e-01,4.586561746291232221e-03
1.165653348000000034e-01,4.586349302859155271e-03
1.166902222999999933e-01,4.586136874967109388e-03
1.167258798999999958e-01,4.586076184361044354e-03
1.167793458999999978e-01,4.585985150441320747e-03
1.168327873999999988e-01,4.585894119517120240e-03
1.168505957999999983e-01,4.585863776441378124e-03
1.169040048000000026e-01,4.585772749275759605e-03
1.169218023000000023e-01,4.585742407573058059e-03
1.170640854000000036e-01,4.585499684968690967e-03
1.171529245999999996e-01,4.585347993745224164e-03
1.172061957999999959e-01,4.585256982713458579e-03
1.172771863999999969e-01,4.585135639253632399e-03
1.174190388000000002e-01,4.584892967584096313e-03
1.174367582999999993e-01,4.584862634985826385e-03
1.174721893000000017e-01,4.584801970824681390e-03
1.175607201000000018e-01,4.584650315915525520e-03
1.176845512999999954e-01,4.584438012552070202e-03
1.177022308000000017e-01,4.584407684819699624e-03
1.177199077000000010e-01,4.584377357399860298e-03
1.177552535000000039e-01,4.584316703451090519e-03
1.178612272999999960e-01,4.584134749035482202e-03
1.179141783999999998e-01,4.584043776075324116e-03
1.180552655000000062e-01,4.583801195790258333e-03
1.181961841000000041e-01,4.583558635614266678e-03
1.182665804000000015e-01,4.583437363208534530e-03
1.182841728999999981e-01,4.583407045745752952e-03
1.183193502000000064e-01,4.583346412104311041e-03
1.183369348999999959e-01,4.583316095783529151e-03
1.183896732999999979e-01,4.583225148679798307e-03
1.184248192000000033e-01,4.583164518667402244e-03
1.184775183999999953e-01,4.583073576343834644e-03
1.186003924000000043e-01,4.582861388267721499e-03
1.186880815999999950e-01,4.582709834931975902e-03
1.187056117000000049e-01,4.582679525279178753e-03
1.187581862999999988e-01,4.582588598126010812e-03
1.188107377000000020e-01,4.582497673687024181e-03
1.188282496999999993e-01,4.582467366138845595e-03
1.188457591000000035e-01,4.582437058859622873e-03
1.189507612999999991e-01,4.582255222578447348e-03
1.191604881999999976e-01,4.581891583879926441e-03
1.191779488000000026e-01,4.581861282931219692e-03
1.192652134000000003e-01,4.581709781876475672e-03
1.193872765999999946e-01,4.581497693671333395e-03
1.194395511999999937e-01,4.581406803616787371e-03
1.195266247000000004e-01,4.581255326212545914e-03
1.195440318000000057e-01,4.581225031689356401e-03
1.196831975000000048e-01,4.580982687076753934e-03
1.197353428999999997e-01,4.580891813138511515e-03
1.198048347999999957e-01,4.580770652103991099e-03
1.199436978999999931e-01,4.580528345494220416e-03
1.199957301000000032e-01,4.580437485828615755e-03
1.200130692000000027e-01,4.580407199832194944e-03
1.200650713000000064e-01,4.580316344043262704e-03
1.200997268999999951e-01,4.580255774910315693e-03
1.201516915000000046e-01,4.580164923578002555e-03
1.202382493999999968e-01,4.580013511410878022e-03
1.203593257999999999e-01,4.579801547486051817e-03
1.203766123999999993e-01,4.579771268182900208e-03
1.204284575999999968e-01,4.579680432069748938e-03
1.204802804999999949e-01,4.579589598844296429e-03
1.205148166999999992e-01,4.579529045050607060e-03
1.205493428999999950e-01,4.579468492430554399e-03
1.206356155000000013e-01,4.579317116577857893e-03
1.207045890999999954e-01,4.579196021383114684e-03
1.207735233000000047e-01,4.579074931431218430e-03
1.207907507000000047e-01,4.579044659865363735e-03
1.208251981000000030e-01,4.578984117369465194e-03
1.208424181999999958e-01,4.578953846533774692e-03
1.209800902000000011e-01,4.578711691973271283e-03
1.211004249000000033e-01,4.578499823055656379e-03
1.211691339000000034e-01,4.578378762130170740e-03
1.211863051000000024e-01,4.578348497723906674e-03
1.212034738000000028e-01,4.578318233705407948e-03
1.212549653999999977e-01,4.578227443349840164e-03
1.213064352000000068e-01,4.578136655627134191e-03
1.213407361999999934e-01,4.578076132200500914e-03
1.213921696000000022e-01,4.577985349324751110e-03
1.214607136000000059e-01,4.577864309999604177e-03
1.214778435000000018e-01,4.577834050801051109e-03
1.216147962999999943e-01,4.577591989888669076e-03
1.216661138000000031e-01,4.577501222126284693e-03
1.217174097000000010e-01,4.577410457377372593e-03
1.217515948999999958e-01,4.577349949114170591e-03
1.219394424999999949e-01,4.577017176096787390e-03
1.220076789999999939e-01,4.576896177175767549e-03
1.220247321999999995e-01,4.576865928111377088e-03
1.220758774000000046e-01,4.576775183422201847e-03
1.222121599000000058e-01,4.576533210812232071e-03
1.222632267000000050e-01,4.576442476322387792e-03
1.222802442999999933e-01,4.576412232112388526e-03
1.223993007000000049e-01,4.576200531637845612e-03
1.224162993000000033e-01,4.576170290063986783e-03
1.224332954999999973e-01,4.576140048752940295e-03
1.224672809999999973e-01,4.576079566942836685e-03
1.225522032999999955e-01,4.575928368203274234e-03
1.225691807000000022e-01,4.575898129293285398e-03
1.226200987999999936e-01,4.575807414565775250e-03
1.226709956999999934e-01,4.575716703104789305e-03
1.226879567000000032e-01,4.575686466242578215e-03
1.227388254999999956e-01,4.575595758482364599e-03
1.228235601000000066e-01,4.575444584891768390e-03
1.228405000000000052e-01,4.575414351023219042e-03
1.230097705999999985e-01,4.575112030989733451e-03
1.230266849000000023e-01,4.575081800454901954e-03
1.231619152999999939e-01,4.574839969607217248e-03
1.232294748999999967e-01,4.574719061831190869e-03
1.232463589999999998e-01,4.574688835579192141e-03
1.232969973999999969e-01,4.574598158890533575e-03
1.233476151000000021e-01,4.574507485017069268e-03
1.234824939999999982e-01,4.574265702300489567e-03
1.234993434999999973e-01,4.574235480703950016e-03
1.236340570000000055e-01,4.573993720428941485e-03
1.237013586999999998e-01,4.573872848107220397e-03
1.237686238000000050e-01,4.573751980670934247e-03
1.238862498000000006e-01,4.573540474693451284e-03
1.239198366999999940e-01,4.573480047190278154e-03
1.240373193999999984e-01,4.573268561085412631e-03
1.240540935000000039e-01,4.573238350033881523e-03
1.240876350000000017e-01,4.573177929038265907e-03
1.241044023999999940e-01,4.573147718956235321e-03
1.241882051999999986e-01,4.572996673285835249e-03
1.242384596999999979e-01,4.572906049638386129e-03
1.242886938999999968e-01,4.572815428923339594e-03
1.243556412999999999e-01,4.572694605518631307e-03
1.244392748999999937e-01,4.572543583766624543e-03
1.244559949000000054e-01,4.572513380336353829e-03
1.245061412999999978e-01,4.572422771756280875e-03
1.245562676000000063e-01,4.572332166022968943e-03
1.245896739000000031e-01,4.572271763934773227e-03
1.246397665999999932e-01,4.572181163050404590e-03
1.247065254999999984e-01,4.572060366362062402e-03
1.248232677000000040e-01,4.571848984146102170e-03
1.248566024999999968e-01,4.571788592100988272e-03
1.248899284999999970e-01,4.571728201026152051e-03
1.249898531000000063e-01,4.571547036233551339e-03
1.250397853999999920e-01,4.571456458077442948e-03
1.251063309000000068e-01,4.571335691574134920e-03
1.251562167999999975e-01,4.571245120062551737e-03
1.252393156999999924e-01,4.571094173827111931e-03
1.252559289000000076e-01,4.571063985419920352e-03
1.253887550999999989e-01,4.570822490274376211e-03
1.255048625999999889e-01,4.570611198554044331e-03
1.255711616000000086e-01,4.570490467240148451e-03
1.256374255999999912e-01,4.570369741152375057e-03
1.256871006999999985e-01,4.570279199936288887e-03
1.257036547000000004e-01,4.570249020009474299e-03
1.257863919999999969e-01,4.570098125992849702e-03
1.258360081999999880e-01,4.570007593129636614e-03
1.259021328999999911e-01,4.569886887033365597e-03
1.259517035000000118e-01,4.569796360934724050e-03
1.260177674000000081e-01,4.569675663753371316e-03
1.261002985999999937e-01,4.569524799596238335e-03
1.261662846999999921e-01,4.569404113664596832e-03
1.261827758000000077e-01,4.569373942913546559e-03
1.262981534000000017e-01,4.569162757129042497e-03
1.264463413999999952e-01,4.568891255361549886e-03
1.264792483999999939e-01,4.568830925132686023e-03
1.264956988000000004e-01,4.568800760318938482e-03
1.265450368999999908e-01,4.568710268254046712e-03
1.266272243999999880e-01,4.568559454387087666e-03
1.266765113999999970e-01,4.568468969738536008e-03
1.267421974000000062e-01,4.568348327990167865e-03
1.268242572000000123e-01,4.568197532972142517e-03
1.268406628000000036e-01,4.568167374820335941e-03
1.268898668000000007e-01,4.568076902586835041e-03
1.269390516999999996e-01,4.567986432966922306e-03
1.269718310999999877e-01,4.567926121635237403e-03
1.270209843000000005e-01,4.567835656903374703e-03
1.270701184999999955e-01,4.567745195067387382e-03
1.270864922999999924e-01,4.567715041771910553e-03
1.272174071999999934e-01,4.567473826425206759e-03
1.272337621000000085e-01,4.567443675830235549e-03
1.272828141000000024e-01,4.567353226297867289e-03
1.273481874999999874e-01,4.567232631013207027e-03
1.273645256000000003e-01,4.567202483051168750e-03
1.274625101000000094e-01,4.567021601690373842e-03
1.275277914000000068e-01,4.566901020718096456e-03
1.276745521000000050e-01,4.566629731288252177e-03
1.277234348000000075e-01,4.566539307018298473e-03
1.277560128999999933e-01,4.566479025825923022e-03
1.277885826999999863e-01,4.566418746016259224e-03
1.278048645000000039e-01,4.566388606480960288e-03
1.278699709999999989e-01,4.566268051545000969e-03
1.280488429999999955e-01,4.565936551837941268e-03
1.281138253999999921e-01,4.565816015940264185e-03
1.281463043000000135e-01,4.565755749952579538e-03
1.283896338999999942e-01,4.565303794318375553e-03
1.284544438999999927e-01,4.565183284827513573e-03
1.285192213000000139e-01,4.565062780530731133e-03
1.285354105000000025e-01,4.565032655055098823e-03
1.285839659999999940e-01,4.564942280925527417e-03
1.286486780999999968e-01,4.564821786519526747e-03
1.286648511000000050e-01,4.564791663748016086e-03
1.287780048000000122e-01,4.564580812760834702e-03
1.287941615000000040e-01,4.564550692383101058e-03
1.288264688999999907e-01,4.564490452906465844e-03
1.288426195000000052e-01,4.564460333423493894e-03
1.289233422999999934e-01,4.564309741497540353e-03
1.290201430000000038e-01,4.564129041181502755e-03
1.290362693999999866e-01,4.564098925485158935e-03
1.291007547999999949e-01,4.563978466450358158e-03
1.291813162999999876e-01,4.563827899528556144e-03
1.292296290999999930e-01,4.563737563201602544e-03
1.293101103000000029e-01,4.563587008871437464e-03
1.293583749999999977e-01,4.563496679736888523e-03
1.295512538999999963e-01,4.563135392813951786e-03
1.295673142000000055e-01,4.563105287435221050e-03
1.295994287999999994e-01,4.563045077992690379e-03
1.296636341000000081e-01,4.562924662883398666e-03
1.296796805000000052e-01,4.562894559859770154e-03
1.297438461000000043e-01,4.562774150859320171e-03
1.298079799999999895e-01,4.562653746907101120e-03
1.298240085000000044e-01,4.562623646836691874e-03
1.298560595999999900e-01,4.562563447198774054e-03
1.299361528000000099e-01,4.562412954264766229e-03
1.299521654999999942e-01,4.562382856422410662e-03
1.301121842999999889e-01,4.562081896921894343e-03
1.301281753000000097e-01,4.562051802970834916e-03
1.301761367000000003e-01,4.561961521969456167e-03
1.301921198999999862e-01,4.561931428976513138e-03
1.303358805000000009e-01,4.561660606486609565e-03
1.303678057000000057e-01,4.561600427222152476e-03
1.304635345999999863e-01,4.561419896750107915e-03
1.305113727999999973e-01,4.561329635680245673e-03
1.305591932999999871e-01,4.561239377696737519e-03
1.305751296999999866e-01,4.561209292146099076e-03
1.306229268999999915e-01,4.561119037723136010e-03
1.307025501999999895e-01,4.560968619970406056e-03
1.307184690000000038e-01,4.560938537337557754e-03
1.308139412999999862e-01,4.560758048459058640e-03
1.308298465000000133e-01,4.560727968009894127e-03
1.308457499000000024e-01,4.560697887699334888e-03
1.309570191999999966e-01,4.560487336018285466e-03
1.309729071000000078e-01,4.560457258183735207e-03
1.310840685000000116e-01,4.560246724041215442e-03
1.311316801999999893e-01,4.560156499899236694e-03
1.311475470000000032e-01,4.560126425690348706e-03
1.312268518999999967e-01,4.559976059767870647e-03
1.312744117999999904e-01,4.559885843700836258e-03
1.313377983000000027e-01,4.559765560481004835e-03
1.313853181000000092e-01,4.559675351178334689e-03
1.314011542000000088e-01,4.559645282092818913e-03
1.314644795999999893e-01,4.559525008672478570e-03
1.315277744999999998e-01,4.559404740527494768e-03
1.315752256000000120e-01,4.559314542647840800e-03
1.316068501999999862e-01,4.559254412271475203e-03
1.316542729000000078e-01,4.559164218979531655e-03
1.317016785000000023e-01,4.559074028678396229e-03
1.318280101000000037e-01,4.558833534676442860e-03
1.318437929999999869e-01,4.558803474483185542e-03
1.318595740999999877e-01,4.558773414188256080e-03
1.319069059000000099e-01,4.558683236017500688e-03
1.321118145000000077e-01,4.558292496788773560e-03
1.321433106999999885e-01,4.558232387766425475e-03
1.322220182999999938e-01,4.558082120304811878e-03
1.322849506999999869e-01,4.557961912385670618e-03
1.323635740999999921e-01,4.557811659261686195e-03
1.323950104000000128e-01,4.557751560157308202e-03
1.324735684999999996e-01,4.557601318328117872e-03
1.325991646999999940e-01,4.557360947133533811e-03
1.326148558999999949e-01,4.557330902352356959e-03
1.326619182000000063e-01,4.557240769320673734e-03
1.327089637999999960e-01,4.557150638758074475e-03
1.327403182999999931e-01,4.557090553693332255e-03
1.328343374000000021e-01,4.556910305471636655e-03
1.328500008000000066e-01,4.556880265395549419e-03
1.328969798999999896e-01,4.556790146349077621e-03
1.329908881999999903e-01,4.556609916866760125e-03
1.330378174999999885e-01,4.556519806276508426e-03
1.331159962000000030e-01,4.556369628651612755e-03
1.331628814999999966e-01,4.556279525776456979e-03
1.332097502000000044e-01,4.556189425360289945e-03
1.332253693999999877e-01,4.556159392766893391e-03
1.333502575000000134e-01,4.555919141900173323e-03
1.333658601999999915e-01,4.555889112213148094e-03
1.333970603000000088e-01,4.555829053110869824e-03
1.334906168999999976e-01,4.555648883693913867e-03
1.335373705000000022e-01,4.555558803409762679e-03
1.335996832999999939e-01,4.555438700790255015e-03
1.336463988000000103e-01,4.555348626807734919e-03
1.336619671000000009e-01,4.555318602897481112e-03
1.337242217999999871e-01,4.555198510026546924e-03
1.338330979000000032e-01,4.554988359501852165e-03
1.338641891000000028e-01,4.554928319675582635e-03
1.340971431999999908e-01,4.554478058368235417e-03
1.341126591000000035e-01,4.554448043422698600e-03
1.341591960000000083e-01,4.554358000595521566e-03
1.342057167000000051e-01,4.554267960645161373e-03
1.342212201000000105e-01,4.554237947789654961e-03
1.342367215999999974e-01,4.554207935450048372e-03
1.343451823000000045e-01,4.553997857256422699e-03
1.343606696000000100e-01,4.553967847445316956e-03
1.344845033000000023e-01,4.553727779687154718e-03
1.345309115999999972e-01,4.553637759125250643e-03
1.345773037999999922e-01,4.553547741912900709e-03
1.346391352999999902e-01,4.553427723050146314e-03
1.346545888000000024e-01,4.553397719095600600e-03
1.347009383999999976e-01,4.553307708943437303e-03
1.347163848000000053e-01,4.553277706104413326e-03
1.347781523999999898e-01,4.553157698540587738e-03
1.348398918000000002e-01,4.553037695956830590e-03
1.348861778000000067e-01,4.552947697312261649e-03
1.349016029000000005e-01,4.552917698207914303e-03
1.350249404999999958e-01,4.552677717901743026e-03
1.350711631000000024e-01,4.552587730340152371e-03
1.350865670999999990e-01,4.552557735139896485e-03
1.351327686000000083e-01,4.552467751379648750e-03
1.351943459999999930e-01,4.552347777729947274e-03
1.352251241999999909e-01,4.552287792472987753e-03
1.352712784000000001e-01,4.552197817193771867e-03
1.353942793000000033e-01,4.551957896932297236e-03
1.354557378000000034e-01,4.551837944086025052e-03
1.354710980999999925e-01,4.551807956921317087e-03
1.355939177000000107e-01,4.551568068882802867e-03
1.356246051999999980e-01,4.551508100273302798e-03
1.356399463000000083e-01,4.551478116436760701e-03
1.357166260999999874e-01,4.551328201095797450e-03
1.358085847000000124e-01,4.551148313443595383e-03
1.358698557999999945e-01,4.551028394489305302e-03
1.358851692999999972e-01,4.550998415739641173e-03
1.359464059000000113e-01,4.550878503046209243e-03
1.359617106999999880e-01,4.550848525641452806e-03
1.360840875000000061e-01,4.550608717892837447e-03
1.361299504000000049e-01,4.550518795129353776e-03
1.361757979000000063e-01,4.550428875360418290e-03
1.361910769999999937e-01,4.550398902585167833e-03
1.363590336999999930e-01,4.550069223317615603e-03
1.363742921999999969e-01,4.550039254481618584e-03
1.364505592999999961e-01,4.549889414396003293e-03
1.364962990999999959e-01,4.549799514391991012e-03
1.365572616000000072e-01,4.549679651686796590e-03
1.366791052000000117e-01,4.549439941438635122e-03
1.366943280000000038e-01,4.549409978866501662e-03
1.367399861999999966e-01,4.549320093764946255e-03
1.367856292000000085e-01,4.549230211162037102e-03
1.368160494000000005e-01,4.549170291117455613e-03
1.368464628999999932e-01,4.549110372209331371e-03
1.369224669999999922e-01,4.548960580511098722e-03
1.370439857999999900e-01,4.548720929938705922e-03
1.370591680999999895e-01,4.548690975392680885e-03
1.370895276000000107e-01,4.548631066228173148e-03
1.371047048000000046e-01,4.548601112238565870e-03
1.371502263999999915e-01,4.548511252384686808e-03
1.372260621999999985e-01,4.548361492062384659e-03
1.374078974000000064e-01,4.548002098773513448e-03
1.374230395000000104e-01,4.547972151621965803e-03
1.375289872999999885e-01,4.547762528301317955e-03
1.375441161000000023e-01,4.547732583288648794e-03
1.375894923000000047e-01,4.547642750694711432e-03
1.376348535999999956e-01,4.547552920695630690e-03
1.376499707000000128e-01,4.547522977832642137e-03
1.377708478000000125e-01,4.547283447219767349e-03
1.377859499999999904e-01,4.547253507330949185e-03
1.379067079000000084e-01,4.547013999325398396e-03
1.379519649000000014e-01,4.546924188797840140e-03
1.380575068000000072e-01,4.546714642195334548e-03
1.380725775999999960e-01,4.546684708385414185e-03
1.381479070999999947e-01,4.546535043078787051e-03
1.381930851000000016e-01,4.546445247603145105e-03
1.382683489000000043e-01,4.546295594797678669e-03
1.383134874999999986e-01,4.546205806675556425e-03
1.384788700000000039e-01,4.545876608233772286e-03
1.385089183000000057e-01,4.545816758217403192e-03
1.385389600999999971e-01,4.545756909402835777e-03
1.385990242000000039e-01,4.545637214903759660e-03
1.386290464000000111e-01,4.545577369754153808e-03
1.386740676999999866e-01,4.545487604354936720e-03
1.387190742999999948e-01,4.545397841744662319e-03
1.387340732000000021e-01,4.545367921496728560e-03
1.387490705999999963e-01,4.545338001296173568e-03
1.387790603999999872e-01,4.545278162608591341e-03
1.388540065999999962e-01,4.545128570700765133e-03
1.389139343999999943e-01,4.545008902422357881e-03
1.389588633000000129e-01,4.544919154809378553e-03
1.390337125999999979e-01,4.544769581561573790e-03
1.390935630000000034e-01,4.544649928674666245e-03
1.392131866000000107e-01,4.544410637201341634e-03
1.392281324000000098e-01,4.544380727355371886e-03
1.392580190000000107e-01,4.544320908372709647e-03
1.393476405000000085e-01,4.544141458765441240e-03
1.394372043000000061e-01,4.543962020302385989e-03
1.394521260000000096e-01,4.543932115155594788e-03
1.395565333999999880e-01,4.543722786441539534e-03
1.395863497000000009e-01,4.543662981085541328e-03
1.396310622999999973e-01,4.543573275541489334e-03
1.396757604999999958e-01,4.543483572819084770e-03
1.396906566999999988e-01,4.543453672204742638e-03
1.397502257999999886e-01,4.543334073936371349e-03
1.398246513999999996e-01,4.543184583323492398e-03
1.399287808000000133e-01,4.542975309341580441e-03
1.399436501000000110e-01,4.542945414169823927e-03
1.399882484999999954e-01,4.542855730996479650e-03
1.400625477000000119e-01,4.542706265368441285e-03
1.401071081999999968e-01,4.542616589399207580e-03
1.401665002999999965e-01,4.542497026138854477e-03
1.402110277999999988e-01,4.542407357068700170e-03
1.402852089999999941e-01,4.542257914178176800e-03
1.403445257000000002e-01,4.542138365850076180e-03
1.403889966999999905e-01,4.542048707788546441e-03
1.405075174000000038e-01,4.541809633525841980e-03
1.405223254999999893e-01,4.541779750684528556e-03
1.406407338000000007e-01,4.541540698675965333e-03
1.406555278999999936e-01,4.541510818647375054e-03
1.406851112999999986e-01,4.541451059330299522e-03
1.407590425999999950e-01,4.541301666853360050e-03
1.407738242000000084e-01,4.541271789244791419e-03
1.408181597000000007e-01,4.541182158075725631e-03
1.408624812000000004e-01,4.541092530077056079e-03
1.408920210999999867e-01,4.541032779384274534e-03
1.409215548999999956e-01,4.540973030057060371e-03
1.409953622000000018e-01,4.540823662273669320e-03
1.410101189999999893e-01,4.540793789720573223e-03
1.411281181000000051e-01,4.540554819962263483e-03
1.411723423000000033e-01,4.540465210992390699e-03
1.412312863999999890e-01,4.540345737619367814e-03
1.412902058999999932e-01,4.540226268845391766e-03
1.413491007999999882e-01,4.540106804959054623e-03
1.413638207000000035e-01,4.540076939531704700e-03
1.413932558999999867e-01,4.540017210130706596e-03
1.414079712000000100e-01,4.539987346057808813e-03
1.414521079000000126e-01,4.539897755129580596e-03
1.414815248000000081e-01,4.539838029577748270e-03
1.415256386000000033e-01,4.539748443551585785e-03
1.415844356000000026e-01,4.539628999374431713e-03
1.416285173000000064e-01,4.539539419882275204e-03
1.417019563999999954e-01,4.539390126749525724e-03
1.418340509000000083e-01,4.539121418344619491e-03
1.419220455000000103e-01,4.538942293836380378e-03
1.419513649999999960e-01,4.538882588194674550e-03
1.420539353999999976e-01,4.538673627553503967e-03
1.420685821999999876e-01,4.538643777315378054e-03
1.420978713999999921e-01,4.538584077548449454e-03
1.422295982000000014e-01,4.538315445307508980e-03
1.423319681000000114e-01,4.538106525935270245e-03
1.423465864000000025e-01,4.538076681620388866e-03
1.424196550999999866e-01,4.537927464405676001e-03
1.424634784000000098e-01,4.537837938000028638e-03
1.425072881999999985e-01,4.537748414453338271e-03
1.425364872999999866e-01,4.537688733659062980e-03
1.425802747000000092e-01,4.537599214362889218e-03
1.426386369000000043e-01,4.537479860124874614e-03
1.427407133999999966e-01,4.537271001680185344e-03
1.427990101000000123e-01,4.537151661033812441e-03
1.428135805000000091e-01,4.537121826686620930e-03
1.428572830000000016e-01,4.537032325565698403e-03
1.428718475000000099e-01,4.537002492144582080e-03
1.429300907000000120e-01,4.536883162857535852e-03
1.429883100999999879e-01,4.536763837999817188e-03
1.430319592000000029e-01,4.536674348106606997e-03
1.431628265000000066e-01,4.536405894072691181e-03
1.432354788000000101e-01,4.536256764017635411e-03
1.432645294999999874e-01,4.536197114186728274e-03
1.432790526000000120e-01,4.536167289586398935e-03
1.433226130999999959e-01,4.536077818352381857e-03
1.433371303000000041e-01,4.536047994869567453e-03
1.433951844999999947e-01,4.535928704869253945e-03
1.434677192000000101e-01,4.535779599696434204e-03
1.434967228000000039e-01,4.535719959996121348e-03
1.435112223999999992e-01,4.535690140590261862e-03
1.435836984999999955e-01,4.535541047504434986e-03
1.436271665999999947e-01,4.535451595676604636e-03
1.436851036000000026e-01,4.535332330310348076e-03
1.437285409999999874e-01,4.535242885065491475e-03
1.438009075999999997e-01,4.535093815310053435e-03
1.438587745999999890e-01,4.534974565434213116e-03
1.439744389000000013e-01,4.534736080191517638e-03
1.440322361999999967e-01,4.534616844821668345e-03
1.440466819000000009e-01,4.534587037004287301e-03
1.441477613000000102e-01,4.534378389282885807e-03
1.441910593999999879e-01,4.534288973612372181e-03
1.442487698999999901e-01,4.534169757056816762e-03
1.442776165000000110e-01,4.534110150423502697e-03
1.443641216999999866e-01,4.533931338524642071e-03
1.443785341999999916e-01,4.533901537859838168e-03
1.444361698000000138e-01,4.533782337204734711e-03
1.444937823999999926e-01,4.533663141909683933e-03
1.445081820000000128e-01,4.533633343709569073e-03
1.445513720000000113e-01,4.533543951553158438e-03
1.445945492000000054e-01,4.533454561801601029e-03
1.447096254000000137e-01,4.533216202820950641e-03
1.448389767999999911e-01,4.532948073272204462e-03
1.448533421000000043e-01,4.532918282610140515e-03
1.448820682999999998e-01,4.532858701987237289e-03
1.448964292000000098e-01,4.532828912264112373e-03
1.449682127999999959e-01,4.532679968278249642e-03
1.450686501000000017e-01,4.532471459718037665e-03
1.450829925999999881e-01,4.532441673834818573e-03
1.451833503999999941e-01,4.532233182743976296e-03
1.451976815999999892e-01,4.532203399556281563e-03
1.452406666000000124e-01,4.532114051669556068e-03
1.452836389999999922e-01,4.532024706386817911e-03
1.453552312999999985e-01,4.531875804663960776e-03
1.454124797000000135e-01,4.531756688076711559e-03
1.454697057000000071e-01,4.531637577114284998e-03
1.455412064000000116e-01,4.531488695044352984e-03
1.456269609999999992e-01,4.531310046943614125e-03
1.456555347000000056e-01,4.531250499618014183e-03
1.456983846000000082e-01,4.531161181501962461e-03
1.457554983000000082e-01,4.531042095308013100e-03
1.457983189000000013e-01,4.530952783824602863e-03
1.458696586000000073e-01,4.530803937064988886e-03
1.458839222999999963e-01,4.530774168992501849e-03
1.459694756000000093e-01,4.530595565243514429e-03
1.459837296000000006e-01,4.530565798954117561e-03
1.459979821999999872e-01,4.530536033416500408e-03
1.460407317000000094e-01,4.530446737406467958e-03
1.460834685999999882e-01,4.530357444257931271e-03
1.462542916000000026e-01,4.530000300265261612e-03
1.462685177999999975e-01,4.529970540324502505e-03
1.464391248999999950e-01,4.529613444560417167e-03
1.464817456999999989e-01,4.529524177655778160e-03
1.465527527000000108e-01,4.529375405293159691e-03
1.465669498999999931e-01,4.529345651863060651e-03
1.466095335000000000e-01,4.529256393145347608e-03
1.468789426999999870e-01,4.528691153401155113e-03
1.468931083999999998e-01,4.528661406794678469e-03
1.469072727999999883e-01,4.528631660627999329e-03
1.469355974999999870e-01,4.528572169720572471e-03
1.469497577999999971e-01,4.528542424465922464e-03
1.470063852999999865e-01,4.528423447079575788e-03
1.470205387000000086e-01,4.528393703106120549e-03
1.470629908999999957e-01,4.528304474255203174e-03
1.471054309000000004e-01,4.528215248159150712e-03
1.471337174000000025e-01,4.528155765535096106e-03
1.471619985000000019e-01,4.528096283970881215e-03
1.472326774000000116e-01,4.527947586588310959e-03
1.472468090999999868e-01,4.527917847652210802e-03
1.472891960999999916e-01,4.527828633402058468e-03
1.473598140000000056e-01,4.527679949611949570e-03
1.473880516999999946e-01,4.527620478169805396e-03
1.474445108999999920e-01,4.527501539168268807e-03
1.475714650000000128e-01,4.527233944278882816e-03
1.475855641999999912e-01,4.527204212549327915e-03
1.476278540000000028e-01,4.527115021151777337e-03
1.476983098999999910e-01,4.526966373907015916e-03
1.477405673999999947e-01,4.526877189598067612e-03
1.477828127999999963e-01,4.526788008260949556e-03
1.477968919000000048e-01,4.526758281412339262e-03
1.478391212000000066e-01,4.526669103321640832e-03
1.478954080999999865e-01,4.526550203878709766e-03
1.479657366999999890e-01,4.526401586524219159e-03
1.480219755000000137e-01,4.526282697991125363e-03
1.480360319000000036e-01,4.526252976777656728e-03
1.481343890000000052e-01,4.526044935856484222e-03
1.481484346999999979e-01,4.526015216750221490e-03
1.482467172999999971e-01,4.525807193356846773e-03
1.482888185000000025e-01,4.525718045519049222e-03
1.483449347999999945e-01,4.525599185099180716e-03
1.483729850000000128e-01,4.525539757172310391e-03
1.484711190000000125e-01,4.525331768431680758e-03
1.485131564999999931e-01,4.525242634792842923e-03
1.485831927000000052e-01,4.525094085240429637e-03
1.486391978999999919e-01,4.524975250908226145e-03
1.487091747000000019e-01,4.524826715437554707e-03
1.487511448999999930e-01,4.524737597671375962e-03
1.488070868999999963e-01,4.524618778417069734e-03
1.489049347999999995e-01,4.524410856961409363e-03
1.489189077999999999e-01,4.524381154777146891e-03
1.489328795000000039e-01,4.524351453337064309e-03
1.489747867000000003e-01,4.524262350692189079e-03
1.490306446999999923e-01,4.524143550978429115e-03
1.490446059999999961e-01,4.524113851874587977e-03
1.490864818000000036e-01,4.524024756459398347e-03
1.491422980000000065e-01,4.523905966730271296e-03
1.492538676999999869e-01,4.523668402402761940e-03
1.492678081000000101e-01,4.523638708391329068e-03
1.494071399999999938e-01,4.523341783230336657e-03
1.494210660999999996e-01,4.523312092669511640e-03
1.496019868000000030e-01,4.522926140990803263e-03
1.496298013000000038e-01,4.522866768205954964e-03
1.496437066000000093e-01,4.522837082206182871e-03
1.496854149000000078e-01,4.522748026749931309e-03
1.497132139000000028e-01,4.522688657812041352e-03
1.497549028000000060e-01,4.522599606599652863e-03
1.497965800999999930e-01,4.522510558362114776e-03
1.498104698999999929e-01,4.522480876613988593e-03
1.499354206000000078e-01,4.522213751021336020e-03
1.500186632999999936e-01,4.522035681299826221e-03
1.500325325999999904e-01,4.522006004387765614e-03
1.500464005999999906e-01,4.521976327290401845e-03
1.500879968999999925e-01,4.521887298331153660e-03
1.501295816999999866e-01,4.521798272170854914e-03
1.501434407999999998e-01,4.521768597483594512e-03
1.502681146000000023e-01,4.521501538750182306e-03
1.503096496000000115e-01,4.521412525176246935e-03
1.504203534000000120e-01,4.521175167909337149e-03
1.504618463000000073e-01,4.521086163987295646e-03
1.504756747999999866e-01,4.521056496831631251e-03
1.505171525000000010e-01,4.520967496371377896e-03
1.505309757999999942e-01,4.520937830382737443e-03
1.505862565999999958e-01,4.520819168928900955e-03
1.506000735999999951e-01,4.520789504625996255e-03
1.507105640999999996e-01,4.520552198980924349e-03
1.508071769000000062e-01,4.520344573165960798e-03
1.509175157000000045e-01,4.520107305074839293e-03
1.509588719999999940e-01,4.520018334462635318e-03
1.509726549000000029e-01,4.519988678372150945e-03
1.510139960999999920e-01,4.519899711240126655e-03
1.510415505999999908e-01,4.519840401646576036e-03
1.510828728999999981e-01,4.519751439327453560e-03
1.511517183999999958e-01,4.519603174985013967e-03
1.511792477999999995e-01,4.519543871809090195e-03
1.512618058999999904e-01,4.519365968531877109e-03
1.513030680999999933e-01,4.519277021142042473e-03
1.513718133999999993e-01,4.519128781021337742e-03
1.513993026999999880e-01,4.519069487756271694e-03
1.514542664999999899e-01,4.518950904021780055e-03
1.514680043999999948e-01,4.518921258607914125e-03
1.515229432000000098e-01,4.518802680990215322e-03
1.515778621999999964e-01,4.518684108577233384e-03
1.516190383000000086e-01,4.518595182480051285e-03
1.516327611999999936e-01,4.518565541082826542e-03
1.517836311999999910e-01,4.518239505181763024e-03
1.517973393000000004e-01,4.518209867383157947e-03
1.518384559000000023e-01,4.518120956302537627e-03
1.519069588999999998e-01,4.517972776785944902e-03
1.520164995000000130e-01,4.517735705164950891e-03
1.520301864999999975e-01,4.517706073126954817e-03
1.520712402000000130e-01,4.517617177464848185e-03
1.522353442000000112e-01,4.517261621827975242e-03
1.522490115000000033e-01,4.517231994351281026e-03
1.522900061999999943e-01,4.517143113198639204e-03
1.523309898000000107e-01,4.517054235443782040e-03
1.523583061999999877e-01,4.516994984635569130e-03
1.523992714000000082e-01,4.516906111038026216e-03
1.524402256999999872e-01,4.516817240495493539e-03
1.524538746999999916e-01,4.516787617448989045e-03
1.525766605999999970e-01,4.516521024228565238e-03
1.526175671999999983e-01,4.516432165569350676e-03
1.526857206999999994e-01,4.516284073730222198e-03
1.527674646000000136e-01,4.516106373459057716e-03
1.528899987000000016e-01,4.515839844304488961e-03
1.529036075000000106e-01,4.515810231542758367e-03
1.529308215000000082e-01,4.515751006749555048e-03
1.529988354000000050e-01,4.515602950317976726e-03
1.530124344999999886e-01,4.515573339938142895e-03
1.530532246999999901e-01,4.515484510832979380e-03
1.531211842000000101e-01,4.515336468334003525e-03
1.531483596000000058e-01,4.515277252833723408e-03
1.532162769000000035e-01,4.515129221557719758e-03
1.532705890999999931e-01,4.515010801365577919e-03
1.533113106000000003e-01,4.514921989491525040e-03
1.533384523000000110e-01,4.514862783188140771e-03
1.533655891000000049e-01,4.514803578065154296e-03
1.533791557999999999e-01,4.514773976296043712e-03
1.534334102999999894e-01,4.514655570666215034e-03
1.534876456000000000e-01,4.514537170756959678e-03
1.535554128999999934e-01,4.514389177239384356e-03
1.535825114000000102e-01,4.514329981859364731e-03
1.535960588999999987e-01,4.514300384631829595e-03
1.536366940999999986e-01,4.514211595403484073e-03
1.536637782999999979e-01,4.514152403924794228e-03
1.537991277000000101e-01,4.513856464387817381e-03
1.538667576999999953e-01,4.513708506546351695e-03
1.538802801999999970e-01,4.513678915504585470e-03
1.539208404000000086e-01,4.513590145070916701e-03
1.539613898999999952e-01,4.513501377621628036e-03
1.540289487000000013e-01,4.513353438354903054e-03
1.540964779000000007e-01,4.513205506418584319e-03
1.541909690000000110e-01,4.512998414261193761e-03
1.542044630999999943e-01,4.512968830809978120e-03
1.542314475000000074e-01,4.512909664913257977e-03
1.542449379999999981e-01,4.512880082830457266e-03
1.543123727000000056e-01,4.512732175316318088e-03
1.543528192999999993e-01,4.512643434521417321e-03
1.544067316999999939e-01,4.512525117775485414e-03
1.544471535999999978e-01,4.512436383742919263e-03
1.544606252999999874e-01,4.512406805820169328e-03
1.545144999999999991e-01,4.512288498830624960e-03
1.545683559999999901e-01,4.512170197152414429e-03
1.546356496000000080e-01,4.512022326516841424e-03
1.546760118000000128e-01,4.511933607605761801e-03
1.548239160999999864e-01,4.511608329875467505e-03
1.548910987000000072e-01,4.511460488319045913e-03
1.549448237999999922e-01,4.511342221020242689e-03
1.549582522000000073e-01,4.511312654716700954e-03
1.550387978999999972e-01,4.511135264585238586e-03
1.550522180999999999e-01,4.511105700334473202e-03
1.550924717999999924e-01,4.511017010153408474e-03
1.551595380999999940e-01,4.510869199395260536e-03
1.552533822999999924e-01,4.510662277619085191e-03
1.552801845000000014e-01,4.510603159706299582e-03
1.553605633000000041e-01,4.510425813282470213e-03
1.553739557000000104e-01,4.510396256967740339e-03
1.554810536000000021e-01,4.510159814612693836e-03
1.555211962999999975e-01,4.510071154360884363e-03
1.555345749000000000e-01,4.510041601237494910e-03
1.556014505999999964e-01,4.509893840765540583e-03
1.556415623000000081e-01,4.509805188860051273e-03
1.556950283999999907e-01,4.509686989778902665e-03
1.557885499999999979e-01,4.509480153166729906e-03
1.558152600999999915e-01,4.509421059858049509e-03
1.558553166999999962e-01,4.509332422467956895e-03
1.558953630000000090e-01,4.509243787602025717e-03
1.560154403000000023e-01,4.508977899350803849e-03
1.560287764999999938e-01,4.508948357808681591e-03
1.561220982000000035e-01,4.508741575568448075e-03
1.561354252999999914e-01,4.508712036117751808e-03
1.561620760999999913e-01,4.508652958683535480e-03
1.561753998000000032e-01,4.508623420510299122e-03
1.562153639999999954e-01,4.508534807395300596e-03
1.562819484000000092e-01,4.508387125521183710e-03
1.563751188999999986e-01,4.508180384193004320e-03
1.563884245000000117e-01,4.508150850472002549e-03
1.564416352999999926e-01,4.508032720655223355e-03
1.564549352000000060e-01,4.508003188495772820e-03
1.566542979999999974e-01,4.507560248884523099e-03
1.567472471999999950e-01,4.507353566542781839e-03
1.567605212000000026e-01,4.507324042025873286e-03
1.567737939999999941e-01,4.507294517459755831e-03
1.568666723999999901e-01,4.507087855253522415e-03
1.568799361999999864e-01,4.507058333434896431e-03
1.569197210000000120e-01,4.506969769143877487e-03
1.569594957999999874e-01,4.506881207830101994e-03
1.570125131000000007e-01,4.506763130187504442e-03
1.570787596000000064e-01,4.506615540562758024e-03
1.570920054999999926e-01,4.506586023164990684e-03
1.571317365999999882e-01,4.506497473819170464e-03
1.571979329000000036e-01,4.506349897835899149e-03
1.572376372000000022e-01,4.506261355266549806e-03
1.572905608000000066e-01,4.506143303647281578e-03
1.573434665000000010e-01,4.506025256943941258e-03
1.573963545000000019e-01,4.505907214412348955e-03
1.574095736999999995e-01,4.505877705216848605e-03
1.574360087999999991e-01,4.505818686266456832e-03
1.574888657000000081e-01,4.505700652959939226e-03
1.575549119000000109e-01,4.505553118133198351e-03
1.575945263000000096e-01,4.505464600900417789e-03
1.576473301000000105e-01,4.505346582390261367e-03
1.577265025000000043e-01,4.505169563534753424e-03
1.577660738999999979e-01,4.505081057563494092e-03
1.578320039999999980e-01,4.504933555168232594e-03
1.578715488999999916e-01,4.504845056996171181e-03
1.579242600000000107e-01,4.504727064200669991e-03
1.579374350999999954e-01,4.504697566350891746e-03
1.580296294999999906e-01,4.504491092708244084e-03
1.580427957999999966e-01,4.504461597673726884e-03
1.580822879000000070e-01,4.504373114498231093e-03
1.581480862999999903e-01,4.504225648423790945e-03
1.583453172000000020e-01,4.503783296069717272e-03
1.583978706999999986e-01,4.503665347434771503e-03
1.584372742999999861e-01,4.503576888599712495e-03
1.585029253000000138e-01,4.503429463647820423e-03
1.586734907000000028e-01,4.503046195359465716e-03
1.586997152000000078e-01,4.502987235349051841e-03
1.587128258999999930e-01,4.502957755723796182e-03
1.587521514000000133e-01,4.502869319434514919e-03
1.587652576999999954e-01,4.502839841172260119e-03
1.587783628999999974e-01,4.502810363228710450e-03
1.588700692999999997e-01,4.502604026598992434e-03
1.588831659000000118e-01,4.502574551198044311e-03
1.589093558999999933e-01,4.502515600757876074e-03
1.589748119000000126e-01,4.502368231574767690e-03
1.589878999000000070e-01,4.502338758016766369e-03
1.590925649000000108e-01,4.502102984708892565e-03
1.591187202999999883e-01,4.502044044915227104e-03
1.591317965000000056e-01,4.502014575166871958e-03
1.591710184000000028e-01,4.501926168323754085e-03
1.591840902999999974e-01,4.501896699334945011e-03
1.592363669000000093e-01,4.501778829163479746e-03
1.593016885000000105e-01,4.501631497572327820e-03
1.593278096999999893e-01,4.501572566901237450e-03
1.593408685999999908e-01,4.501543102142947089e-03
1.594453019000000027e-01,4.501307395085056215e-03
1.594974929000000097e-01,4.501189548603541993e-03
1.595887860999999908e-01,4.500983329404980790e-03
1.596018237000000062e-01,4.500953870407684541e-03
1.596148602000000138e-01,4.500924411998170720e-03
1.596539634999999957e-01,4.500836039156930549e-03
1.597191142999999924e-01,4.500688756332001453e-03
1.597581921000000016e-01,4.500600390847884873e-03
1.598102808999999902e-01,4.500482573761720520e-03
1.599144076000000025e-01,4.500246954221168508e-03
1.599534375999999980e-01,4.500158602149493224e-03
1.600054629000000062e-01,4.500040803591658783e-03
1.600314690999999900e-01,4.499981906227344154e-03
1.601224578000000065e-01,4.499775774148370537e-03
1.601744281999999964e-01,4.499657991689548844e-03
1.602393673999999990e-01,4.499510770039314399e-03
1.602783183000000000e-01,4.499422440497603988e-03
1.603172596999999922e-01,4.499334114508531796e-03
1.603432153999999887e-01,4.499275231187573922e-03
1.604210574000000111e-01,4.499098590646918513e-03
1.604340273000000039e-01,4.499069151151400929e-03
1.605766279999999990e-01,4.498745340845062418e-03
1.605895854000000122e-01,4.498715905421353696e-03
1.606414046000000095e-01,4.498598166582514629e-03
1.606932071000000128e-01,4.498480432767408728e-03
1.607320479999999885e-01,4.498392135500453234e-03
1.607838212999999905e-01,4.498274409866841878e-03
1.608485145000000116e-01,4.498127260474494606e-03
1.608614499999999892e-01,4.498097831481475198e-03
1.609002502999999917e-01,4.498009545564780713e-03
1.609390411999999937e-01,4.497921263115942439e-03
1.609907479999999891e-01,4.497803557757839785e-03
1.610036719999999866e-01,4.497774131758306912e-03
1.611586801999999874e-01,4.497421047499395620e-03
1.611715907999999864e-01,4.497391625762562316e-03
1.612103165000000060e-01,4.497303362031782395e-03
1.612748385999999978e-01,4.497156262542936593e-03
1.613135394000000111e-01,4.497068006513870071e-03
1.613651261000000059e-01,4.496950336302601645e-03
1.614038053999999889e-01,4.496862086382714258e-03
1.614811359999999973e-01,4.496685595327109056e-03
1.615197874000000033e-01,4.496597353631104181e-03
1.615584295999999975e-01,4.496509114710419211e-03
1.615713082999999939e-01,4.496479702611296675e-03
1.615841859000000102e-01,4.496450290446386486e-03
1.616228127000000070e-01,4.496362057066023189e-03
1.616614302999999919e-01,4.496273825297623927e-03
1.616871702000000077e-01,4.496215005777753730e-03
1.617900888999999898e-01,4.495979740639748957e-03
1.618158083000000025e-01,4.495920927036218227e-03
1.619314953000000057e-01,4.495656282658549996e-03
1.619700393000000072e-01,4.495568072782870142e-03
1.619828852000000097e-01,4.495538670605114286e-03
1.620342587999999973e-01,4.495421063804213094e-03
1.621369571999999870e-01,4.495185864018532568e-03
1.622011106000000036e-01,4.495038874170247285e-03
1.622908828999999886e-01,4.494833101435389763e-03
1.623934189000000028e-01,4.494597950318848269e-03
1.624062313999999896e-01,4.494568557705242232e-03
1.624318533000000120e-01,4.494509774003676954e-03
1.624446626999999921e-01,4.494480382361371214e-03
1.624830848999999910e-01,4.494392209220833198e-03
1.625854998000000051e-01,4.494157095347372718e-03
1.625982971000000110e-01,4.494127707274131293e-03
1.626110933999999897e-01,4.494098319770091672e-03
1.627006394000000133e-01,4.493892614779699569e-03
1.627134276999999962e-01,4.493863230129545479e-03
1.628156977000000116e-01,4.493628159316987933e-03
1.628540323000000067e-01,4.493540013264118831e-03
1.628923579999999871e-01,4.493451869383132194e-03
1.629562139999999881e-01,4.493304969108289325e-03
1.630072808999999956e-01,4.493187454852496862e-03
1.630455704999999866e-01,4.493099321971637250e-03
1.630583317000000032e-01,4.493069944866267401e-03
1.631603855000000047e-01,4.492834940207489358e-03
1.631986391999999952e-01,4.492746818773807153e-03
1.632113883999999904e-01,4.492717445813651858e-03
1.632496301999999955e-01,4.492629327874110394e-03
1.633006053000000124e-01,4.492511841220161485e-03
1.633133465000000117e-01,4.492482470106776322e-03
1.633260867999999921e-01,4.492453099640321586e-03
1.633643016999999920e-01,4.492364989865039321e-03
1.634025077000000048e-01,4.492276882953878323e-03
1.634279734000000095e-01,4.492218145962062828e-03
1.634661645000000108e-01,4.492130043279475918e-03
1.635170720000000133e-01,4.492012577548870796e-03
1.636315560999999918e-01,4.491748297025031575e-03
1.636569861999999931e-01,4.491689572106866320e-03
1.636696997000000042e-01,4.491660209530514217e-03
1.637332525999999899e-01,4.491513401992275334e-03
1.637713725000000120e-01,4.491425321479961853e-03
1.638221851999999978e-01,4.491307885300234969e-03
1.638602844000000003e-01,4.491219810757629723e-03
1.639364561999999970e-01,4.491043670485304548e-03
1.640125926999999872e-01,4.490867541307934190e-03
1.640379637000000113e-01,4.490808833744300808e-03
1.640760126999999957e-01,4.490720774461626034e-03
1.641140530000000097e-01,4.490632718488144458e-03
1.641267311000000062e-01,4.490603367137717059e-03
1.642154506999999874e-01,4.490397915981814841e-03
1.642281210000000047e-01,4.490368567482429761e-03
1.642661260000000123e-01,4.490280522254043102e-03
1.642787924000000122e-01,4.490251174176251338e-03
1.644307130000000061e-01,4.489899024921928557e-03
1.644433667000000099e-01,4.489869680753383850e-03
1.644686711999999995e-01,4.489810994393971140e-03
1.645319154999999867e-01,4.489664283158947659e-03
1.645445614000000112e-01,4.489634941279421754e-03
1.646456939000000008e-01,4.489400221360266216e-03
1.646709672999999985e-01,4.489341544285131713e-03
1.647341338999999960e-01,4.489194857916664096e-03
1.647846497000000077e-01,4.489077513352925444e-03
1.648351500999999941e-01,4.488960173669257099e-03
1.648477727999999864e-01,4.488930839863117771e-03
1.650243888000000048e-01,4.488520195043732217e-03
1.650748157999999965e-01,4.488402878057522367e-03
1.651378279000000060e-01,4.488256239803279160e-03
1.651504273999999939e-01,4.488226913163334553e-03
1.652260043999999872e-01,4.488050958679409667e-03
1.652385972000000036e-01,4.488021634525156400e-03
1.652511891000000011e-01,4.487992309874604818e-03
1.652889589000000048e-01,4.487904338572012465e-03
1.653267200000000103e-01,4.487816370155931454e-03
1.653393052000000085e-01,4.487787048061913850e-03
1.653518894000000072e-01,4.487757725819770810e-03
1.654399518000000124e-01,4.487552481185486108e-03
1.654902521999999931e-01,4.487435204381653650e-03
1.655531061999999942e-01,4.487288616387826064e-03
1.656787426000000119e-01,4.486995462117038778e-03
1.656913010000000130e-01,4.486966148798249114e-03
1.657540787000000015e-01,4.486819584521426450e-03
1.657917338999999879e-01,4.486731649348448155e-03
1.658544735999999964e-01,4.486585097528609720e-03
1.658921060999999919e-01,4.486497169789036878e-03
1.659422694000000087e-01,4.486379937242526185e-03
1.660425504999999968e-01,4.486145487060711617e-03
1.660550813999999986e-01,4.486116181730091107e-03
1.660801403000000120e-01,4.486057572969989922e-03
1.661302469000000004e-01,4.485940358776010529e-03
1.661928588000000095e-01,4.485793847408366640e-03
1.662429313000000075e-01,4.485676644468057118e-03
1.662554471000000089e-01,4.485647344744872131e-03
1.663430311999999911e-01,4.485442252133125217e-03
1.663930586000000045e-01,4.485325063086506581e-03
1.664305691999999892e-01,4.485237175360640496e-03
1.664555715999999908e-01,4.485178584396022280e-03
1.664805702999999915e-01,4.485119994662296189e-03
1.664930682000000106e-01,4.485090700804266785e-03
1.665305562999999933e-01,4.485002819061774219e-03
1.666429701000000096e-01,4.484739191859647700e-03
1.666804245000000073e-01,4.484651322053362366e-03
1.667553079999999910e-01,4.484475590049484886e-03
1.668426296999999947e-01,4.484270582864403713e-03
1.669423700000000066e-01,4.484036306522482147e-03
1.669548332999999940e-01,4.484007023520219549e-03
1.669922178000000090e-01,4.483919176174384381e-03
1.670420506999999999e-01,4.483802050604950191e-03
1.670918687999999874e-01,4.483684929757713461e-03
1.671416719999999911e-01,4.483567813649095950e-03
1.671541205000000030e-01,4.483538535284070127e-03
1.672536749999999905e-01,4.483304319986413690e-03
1.672785544000000013e-01,4.483245769771070088e-03
1.672909925999999936e-01,4.483216494612971177e-03
1.673283020000000121e-01,4.483128671724849641e-03
1.673531702999999926e-01,4.483070124427976193e-03
1.673904657999999990e-01,4.482982306492031346e-03
1.674277529000000042e-01,4.482894489972230612e-03
1.674401801000000023e-01,4.482865219119731848e-03
1.674774562999999938e-01,4.482777407127535967e-03
1.675519836000000096e-01,4.482601790754627696e-03
1.675892347999999865e-01,4.482513987395722946e-03
1.676885310000000018e-01,4.482279857001922156e-03
1.677257518999999975e-01,4.482192063188440885e-03
1.677381571000000071e-01,4.482162799389375479e-03
1.678497620000000135e-01,4.481899436733925192e-03
1.678745530000000097e-01,4.481840914838410711e-03
1.678869471999999974e-01,4.481811654688584202e-03
1.679489041999999988e-01,4.481665356781035399e-03
1.679860673999999943e-01,4.481577582342264297e-03
1.680232224000000052e-01,4.481489810143239778e-03
1.680479877999999927e-01,4.481431297153593528e-03
1.680727495999999876e-01,4.481372785555119177e-03
1.681346381000000112e-01,4.481226510144147891e-03
1.682212436999999949e-01,4.481021738615371952e-03
1.682830775999999973e-01,4.480875482247545331e-03
1.683819645999999892e-01,4.480641487601308773e-03
1.684313863999999938e-01,4.480524497665953204e-03
1.685178394999999885e-01,4.480319776839874514e-03
1.685425322000000115e-01,4.480261287079651857e-03
1.685795646000000092e-01,4.480173556299056788e-03
1.686289283999999888e-01,4.480056585226064279e-03
1.686659417999999966e-01,4.479968860428180065e-03
1.687276127000000014e-01,4.479822658892205177e-03
1.687769332000000067e-01,4.479705702417573383e-03
1.688262392999999861e-01,4.479588750694636287e-03
1.688385635999999912e-01,4.479559514070968231e-03
1.689124902999999955e-01,4.479384097546509381e-03
1.689248083000000067e-01,4.479354862525057081e-03
1.690233197999999881e-01,4.479120994022926967e-03
1.690356296999999952e-01,4.479091762052737034e-03
1.690602468999999886e-01,4.479033298555484474e-03
1.690725540999999943e-01,4.479004066562818596e-03
1.691709795999999932e-01,4.478770226894440709e-03
1.692570549000000091e-01,4.478565633480709185e-03
1.692693477999999974e-01,4.478536406702468553e-03
1.693185104999999913e-01,4.478419504256197538e-03
1.693307990000000041e-01,4.478390278786753727e-03
1.693676590000000037e-01,4.478302606088208244e-03
1.694290743999999904e-01,4.478156490273317233e-03
1.695150186999999919e-01,4.477951940341380263e-03
1.696254544999999947e-01,4.477688970311927662e-03
1.696622505000000003e-01,4.477601318630106998e-03
1.696990385000000101e-01,4.477513669942528342e-03
1.697112993999999875e-01,4.477484454126405208e-03
1.697235594000000014e-01,4.477455239183400493e-03
1.697603340999999932e-01,4.477367594853162713e-03
1.697971007999999893e-01,4.477279953029694899e-03
1.698093545999999898e-01,4.477250740048025791e-03
1.698461106999999970e-01,4.477163102350696644e-03
1.699195991000000128e-01,4.476987835424271409e-03
1.700420092000000105e-01,4.476695746593466890e-03
1.700542452999999898e-01,4.476666540011033958e-03
1.701031812000000087e-01,4.476549714278852884e-03
1.701521028999999907e-01,4.476432892903940697e-03
1.702010106000000078e-01,4.476316077621575983e-03
1.702132353999999959e-01,4.476286873679965507e-03
1.702376821999999901e-01,4.476228468128591077e-03
1.703110016000000115e-01,4.476053259109950312e-03
1.703842895000000079e-01,4.475878060816978164e-03
1.703965010999999863e-01,4.475848861661965022e-03
1.704331305000000019e-01,4.475761267591471526e-03
1.704819576000000114e-01,4.475644479543450065e-03
1.705429717999999983e-01,4.475498501108096487e-03
1.706039642000000134e-01,4.475352529963897569e-03
1.706405491000000108e-01,4.475264951189781952e-03
1.706893168999999988e-01,4.475148183658825968e-03
1.707015065999999970e-01,4.475118992820897694e-03
1.707989933999999876e-01,4.474885474323973822e-03
1.708233563000000066e-01,4.474827097226712590e-03
1.708355364999999959e-01,4.474797910145391321e-03
1.708720719000000055e-01,4.474710347829787341e-03
1.708964245000000048e-01,4.474651975176411473e-03
1.709816312000000116e-01,4.474447679352957022e-03
1.710789583000000003e-01,4.474214216638225383e-03
1.710911203000000103e-01,4.474185034650451226e-03
1.712248452000000032e-01,4.473864058675810010e-03
1.712612974999999926e-01,4.473776526133449796e-03
1.713584657999999983e-01,4.473543118990471953e-03
1.713706078999999993e-01,4.473513944433949591e-03
1.713827491999999897e-01,4.473484770092938864e-03
1.714070292000000051e-01,4.473426422134029086e-03
1.714677142000000098e-01,4.473280558431995575e-03
1.714798486000000122e-01,4.473251386238976703e-03
1.715162467999999940e-01,4.473163872680689483e-03
1.715526370999999883e-01,4.473076362004011278e-03
1.716011457000000129e-01,4.472959684686377349e-03
1.716617619999999955e-01,4.472813845095247216e-03
1.716738827000000023e-01,4.472784678161597673e-03
1.717102396999999891e-01,4.472697178881061310e-03
1.717708175999999864e-01,4.472551352710505725e-03
1.717950427000000113e-01,4.472493024954408460e-03
1.718071539999999897e-01,4.472463860453757163e-03
1.719524231000000014e-01,4.472113919910105338e-03
1.719887211999999999e-01,4.472026441483966178e-03
1.720008188999999910e-01,4.471997282263330889e-03
1.720612944000000089e-01,4.471851493095382879e-03
1.721338370999999923e-01,4.471676554930209373e-03
1.721459244999999916e-01,4.471647399135153349e-03
1.721821818000000004e-01,4.471559935557654734e-03
1.722425937000000018e-01,4.471414168482662661e-03
1.723392086999999961e-01,4.471180956723724495e-03
1.723874958000000124e-01,4.471064357473949168e-03
1.724357695000000024e-01,4.470947763862605402e-03
1.724478358000000044e-01,4.470918615857239278e-03
1.725443358000000038e-01,4.470685444983251919e-03
1.725684523999999886e-01,4.470627155743628518e-03
1.725805093999999984e-01,4.470598010639749605e-03
1.726407819000000121e-01,4.470452292979759136e-03
1.726769353000000007e-01,4.470364866351856682e-03
1.727733073000000119e-01,4.470131741238180662e-03
1.728214731999999920e-01,4.470015186304476980e-03
1.728335125999999888e-01,4.469986047836995227e-03
1.729057311999999957e-01,4.469811225697424908e-03
1.729297972999999933e-01,4.469752954105769664e-03
1.730140025999999942e-01,4.469549012179075201e-03
1.730981668000000084e-01,4.469345086139716455e-03
1.731222062999999978e-01,4.469286823779413005e-03
1.731462423000000028e-01,4.469228562822153902e-03
1.731943045000000070e-01,4.469112045030461909e-03
1.732063179999999980e-01,4.469082916095657755e-03
1.732543633999999999e-01,4.468966404702836778e-03
1.733144016000000009e-01,4.468820770665332849e-03
1.733384109999999978e-01,4.468762519816234582e-03
1.733984199999999976e-01,4.468616897236142062e-03
1.734104193000000071e-01,4.468587774093609952e-03
1.734464122999999913e-01,4.468500404982178251e-03
1.734823977999999933e-01,4.468413037623198032e-03
1.735063840000000135e-01,4.468354795814956371e-03
1.735423570000000082e-01,4.468267433600623881e-03
1.735783226000000012e-01,4.468180074128779052e-03
1.735903095000000118e-01,4.468150955422142169e-03
1.736981541000000018e-01,4.467888896547101904e-03
1.737221104999999988e-01,4.467830665008716388e-03
1.737340874999999951e-01,4.467801549331941457e-03
1.738298734000000012e-01,4.467568635857264298e-03
1.738777465999999938e-01,4.467452186263905570e-03
1.739614929999999948e-01,4.467248411027929626e-03
1.739854131000000137e-01,4.467190193253325024e-03
1.740691075999999948e-01,4.466986437197073730e-03
1.741647092999999979e-01,4.466753591279680989e-03
1.741766557999999965e-01,4.466724486656435678e-03
1.742602584999999871e-01,4.466520764072323506e-03
1.742721985000000029e-01,4.466491661973647290e-03
1.742960759999999942e-01,4.466433459174511469e-03
1.743080134999999975e-01,4.466404357730027232e-03
1.743676888000000036e-01,4.466258857347550452e-03
1.744034841999999863e-01,4.466171560242135352e-03
1.744392723000000034e-01,4.466084266444964555e-03
1.745465922999999975e-01,4.465822399156555399e-03
1.745942689999999964e-01,4.465706022290857370e-03
1.746300178999999897e-01,4.465618742169434607e-03
1.746538464999999873e-01,4.465560557710428549e-03
1.746895831999999982e-01,4.465473281798068572e-03
1.748324572000000132e-01,4.465124208106846862e-03
1.748443581000000135e-01,4.465095121085804232e-03
1.748800558999999977e-01,4.465007859977541439e-03
1.749395360999999871e-01,4.464862430728447698e-03
1.750227742999999891e-01,4.464658843166290081e-03
1.750346623000000046e-01,4.464629760218928080e-03
1.751178553999999943e-01,4.464426190243037107e-03
1.751653764999999974e-01,4.464309870301750444e-03
1.752010089000000104e-01,4.464222633528370718e-03
1.752485075000000114e-01,4.464106322672137077e-03
1.752603801000000017e-01,4.464077245028555928e-03
1.753553322999999997e-01,4.463844639756821102e-03
1.754027891000000117e-01,4.463728344092736215e-03
1.754146513000000018e-01,4.463699271717925729e-03
1.754383733000000056e-01,4.463641126435927663e-03
1.754502330999999915e-01,4.463612053930878475e-03
1.754858076999999961e-01,4.463524838875377980e-03
1.755095200000000022e-01,4.463466697112042705e-03
1.755450826000000131e-01,4.463379486629892590e-03
1.756280337999999996e-01,4.463176006287094232e-03
1.756872607999999947e-01,4.463030672335704246e-03
1.756991036999999978e-01,4.463001606322234902e-03
1.757346278999999956e-01,4.462914410540001417e-03
1.757701449000000082e-01,4.462827216819095603e-03
1.758648217999999874e-01,4.462594715046162321e-03
1.758766529000000134e-01,4.462565652669673449e-03
1.759830964000000109e-01,4.462304113330576097e-03
1.760067416999999967e-01,4.462245996687290960e-03
1.760185632000000056e-01,4.462216939455521808e-03
1.760776588000000087e-01,4.462071654639887183e-03
1.761131066000000134e-01,4.461984487569577162e-03
1.761485473000000135e-01,4.461897323367325363e-03
1.761603593000000134e-01,4.461868268626812545e-03
1.761957903999999964e-01,4.461781107934561195e-03
1.762075992000000091e-01,4.461752054997291696e-03
1.762548265999999975e-01,4.461635845697659725e-03
1.762666314000000123e-01,4.461606794227102393e-03
1.763610418000000069e-01,4.461374392471691153e-03
1.763964326999999943e-01,4.461287247738546236e-03
1.764436094000000066e-01,4.461171057729850301e-03
1.765261384000000044e-01,4.460967736173437892e-03
1.765379252000000010e-01,4.460938691913639460e-03
1.765732805999999933e-01,4.460851559325952793e-03
1.766204101000000137e-01,4.460735388364487665e-03
1.766321905000000081e-01,4.460706345957208240e-03
1.766793043000000063e-01,4.460590179377471598e-03
1.767617233000000065e-01,4.460386901046016657e-03
1.768323376000000002e-01,4.460212673642180957e-03
1.768676341000000041e-01,4.460125564467041365e-03
1.769264459999999872e-01,4.459980387387946048e-03
1.769969946000000127e-01,4.459806185083052370e-03
1.770087499000000120e-01,4.459777152393156092e-03
1.771027646999999983e-01,4.459544902184892946e-03
1.771145130000000012e-01,4.459515871970804422e-03
1.771380073000000110e-01,4.459457813340689941e-03
1.771497532999999902e-01,4.459428783885977486e-03
1.772436933000000048e-01,4.459196563105305780e-03
1.773258498999999988e-01,4.458993384610619032e-03
1.773845098999999870e-01,4.458848266111880426e-03
1.774314240000000042e-01,4.458732177241571219e-03
1.774783255999999865e-01,4.458616092608667578e-03
1.774900490999999914e-01,4.458587072466686264e-03
1.775252149000000057e-01,4.458500013700973305e-03
1.775720916999999899e-01,4.458383937824512283e-03
1.775838090000000091e-01,4.458354920921787923e-03
1.776658084000000137e-01,4.458151803192770581e-03
1.776775194999999918e-01,4.458122787866200358e-03
1.777126481000000091e-01,4.458035742121305330e-03
1.777477698999999911e-01,4.457948700504366091e-03
1.777711804999999867e-01,4.457890674345954887e-03
1.778881874999999890e-01,4.457600558203250046e-03
1.778998838999999998e-01,4.457571548730144238e-03
1.779583546999999877e-01,4.457426503767775335e-03
1.780518680000000020e-01,4.457194448044490658e-03
1.780869227999999915e-01,4.457107431981896517e-03
1.781219708000000013e-01,4.457020418211567712e-03
1.781336518999999952e-01,4.456991414119389379e-03
1.782153982000000136e-01,4.456788395676192921e-03
1.782270732000000024e-01,4.456759394015958123e-03
1.783321136999999890e-01,4.456498393589225157e-03
1.784137691000000081e-01,4.456295410339598112e-03
1.784254311000000037e-01,4.456266414502566345e-03
1.784487527999999990e-01,4.456208422931380586e-03
1.786119197000000103e-01,4.455802513019120267e-03
1.786468646000000104e-01,4.455715540153338573e-03
1.786934471999999940e-01,4.455599579936279746e-03
1.787400177000000034e-01,4.455483624221175283e-03
1.787865760000000026e-01,4.455367674622487222e-03
1.788214868000000124e-01,4.455280714523688311e-03
1.788331221999999998e-01,4.455251728884062831e-03
1.788680239000000061e-01,4.455164772343887802e-03
1.788912879000000011e-01,4.455106803689223155e-03
1.789261782999999884e-01,4.455019851985931624e-03
1.789610618999999958e-01,4.454932903089420942e-03
1.790772912999999966e-01,4.454643092897659501e-03
1.791121454000000057e-01,4.454556156191826106e-03
1.791469927999999878e-01,4.454469221538037878e-03
1.791586071000000058e-01,4.454440244728468008e-03
1.792050565999999956e-01,4.454324337009213028e-03
1.792398859000000066e-01,4.454237409650093141e-03
1.793559346999999971e-01,4.453947671392790957e-03
1.793791354000000005e-01,4.453889727674660050e-03
1.794487197000000089e-01,4.453715902455217777e-03
1.794835016999999922e-01,4.453628993703541601e-03
1.795182768999999956e-01,4.453542088816409526e-03
1.795298671999999984e-01,4.453513120320154103e-03
1.795646334000000066e-01,4.453426218387041870e-03
1.796225623000000104e-01,4.453281387645015819e-03
1.796341458000000058e-01,4.453252422065211331e-03
1.796688918999999884e-01,4.453165528037053567e-03
1.797036312999999996e-01,4.453078636269412229e-03
1.797267871000000072e-01,4.453020709985884562e-03
1.797615153000000077e-01,4.452933823312655963e-03
1.798078092000000017e-01,4.452817978341011909e-03
1.799119267000000022e-01,4.452557343922288434e-03
1.799350557000000128e-01,4.452499428889085224e-03
1.799928654000000072e-01,4.452354645486913433e-03
1.800044251000000040e-01,4.452325689603994600e-03
1.800390997000000104e-01,4.452238824541342177e-03
1.800853221000000004e-01,4.452123008574675363e-03
1.800968759000000086e-01,4.452094055124264718e-03
1.801199812000000011e-01,4.452036149222213940e-03
1.801777314999999935e-01,4.451891389557934876e-03
1.802585508000000003e-01,4.451688739634188617e-03
1.803162567000000105e-01,4.451543997456293422e-03
1.803508714000000013e-01,4.451457155989689725e-03
1.803624081000000101e-01,4.451428209434673058e-03
1.804546756000000030e-01,4.451196648995046218e-03
1.805007915999999879e-01,4.451080875049077089e-03
1.805584201000000055e-01,4.450936165082900429e-03
1.805929883000000069e-01,4.450849342882704646e-03
1.806275499999999978e-01,4.450762523403527585e-03
1.806390690000000132e-01,4.450733583754255991e-03
1.806736218999999977e-01,4.450646767952537441e-03
1.807196819999999926e-01,4.450531016815192226e-03
1.807427077000000049e-01,4.450473143418591168e-03
1.807772407000000081e-01,4.450386334814375629e-03
1.808232744999999919e-01,4.450270595330832468e-03
1.808347811000000083e-01,4.450241661550554534e-03
1.809153068000000086e-01,4.450039129881407964e-03
1.810072923999999917e-01,4.449807682707423648e-03
1.810532676999999924e-01,4.449691966744709001e-03
1.810877415000000101e-01,4.449605183352801398e-03
1.811796394999999893e-01,4.449373772489132080e-03
1.812255711000000102e-01,4.449258073942357651e-03
1.812370520999999901e-01,4.449229150858225942e-03
1.812829690999999965e-01,4.449113458031253750e-03
1.813288744999999869e-01,4.448997770974655319e-03
1.814665209000000112e-01,4.448650737256839086e-03
1.815582272000000053e-01,4.448419405094880714e-03
1.815696871999999962e-01,4.448390490029063317e-03
1.816040630000000100e-01,4.448303746271992792e-03
1.816498871999999987e-01,4.448188091707356608e-03
1.816613414000000093e-01,4.448159179418079492e-03
1.816956999000000073e-01,4.448072442533377961e-03
1.817415009999999997e-01,4.447956798823019323e-03
1.817529494000000023e-01,4.447927887283037798e-03
1.817758442000000085e-01,4.447870067927607585e-03
1.818445113000000113e-01,4.447696615488804135e-03
1.818788350999999970e-01,4.447609893247833276e-03
1.819360270000000002e-01,4.447465362144738081e-03
1.819588987999999907e-01,4.447407551626109817e-03
1.819703336000000060e-01,4.447378647161263909e-03
1.821074950999999886e-01,4.447031814085155785e-03
1.821189206000000116e-01,4.447002912819908449e-03
1.821417693999999865e-01,4.446945112288148289e-03
1.821874582999999936e-01,4.446829513552436053e-03
1.822102985000000064e-01,4.446771716775748534e-03
1.822902165999999990e-01,4.446569435909410173e-03
1.823244565000000095e-01,4.446482747893175207e-03
1.823815087000000001e-01,4.446338274992509866e-03
1.824613518000000045e-01,4.446136025961592089e-03
1.824841577000000103e-01,4.446078243429752060e-03
1.825183612000000066e-01,4.445991570554145428e-03
1.825639559999999995e-01,4.445876012169491624e-03
1.825753528999999875e-01,4.445847122958139497e-03
1.826551111999999977e-01,4.445644908937212286e-03
1.826892827000000108e-01,4.445558249913980631e-03
1.827006717999999919e-01,4.445529364808673001e-03
1.827576066000000110e-01,4.445384940177256501e-03
1.828372853999999936e-01,4.445182759692215164e-03
1.828714228999999969e-01,4.445096114696620200e-03
1.829396786999999969e-01,4.444922834840254675e-03
1.829737969999999936e-01,4.444836197715928451e-03
1.830647481999999882e-01,4.444605180790824929e-03
1.832010903000000079e-01,4.444258690018602562e-03
1.832124475999999946e-01,4.444229817608342202e-03
1.832351600000000080e-01,4.444172074569262797e-03
1.832465151999999875e-01,4.444143202185911468e-03
1.832805764000000059e-01,4.444056590678804528e-03
1.833373309999999923e-01,4.443912241987125165e-03
1.833713754000000085e-01,4.443825637158719220e-03
1.833827221000000063e-01,4.443796769319793491e-03
1.833940681000000017e-01,4.443767901871863157e-03
1.834734705999999937e-01,4.443565837210682740e-03
1.834848109999999977e-01,4.443536972800322601e-03
1.835188279999999950e-01,4.443450379005802267e-03
1.835755089999999978e-01,4.443306062685588656e-03
1.835981764999999877e-01,4.443248337640011772e-03
1.836095091999999929e-01,4.443219476527088610e-03
1.836435030999999940e-01,4.443132892749816591e-03
1.836548329999999896e-01,4.443104031394044286e-03
1.837001456000000033e-01,4.442988591952407376e-03
1.837567706999999884e-01,4.442844298878350501e-03
1.837794158000000122e-01,4.442786584407071131e-03
1.837907373000000066e-01,4.442757727207464688e-03
1.838812844000000113e-01,4.442526880646624661e-03
1.840057139000000064e-01,4.442209498990294311e-03
1.840283283999999964e-01,4.442151795980955713e-03
1.840961552000000001e-01,4.441978697920207809e-03
1.841074572999999992e-01,4.441949848935162343e-03
1.841187585999999876e-01,4.441921000773540670e-03
1.841526585000000105e-01,4.441834456669509039e-03
1.842881956999999904e-01,4.441488308705558025e-03
1.843220644000000130e-01,4.441401778781882068e-03
1.843672131000000103e-01,4.441286408981612484e-03
1.844687570000000110e-01,4.441026844852126454e-03
1.845025925999999872e-01,4.440940328901674984e-03
1.845138698000000077e-01,4.440911491538333117e-03
1.845589715000000020e-01,4.440796141817645627e-03
1.845702452000000104e-01,4.440767305174803808e-03
1.846378728999999996e-01,4.440594291174436957e-03
1.846604099999999971e-01,4.440536622900686028e-03
1.847280048000000119e-01,4.440363623925890242e-03
1.848293504999999892e-01,4.440104145039664579e-03
1.848406076999999925e-01,4.440075316036400967e-03
1.848631201000000002e-01,4.440017658111442174e-03
1.849643917999999887e-01,4.439758212233337921e-03
1.849981367000000099e-01,4.439671734294320729e-03
1.850206299000000110e-01,4.439614084733840317e-03
1.850431204000000107e-01,4.439556437011570045e-03
1.850993345999999984e-01,4.439412320178861941e-03
1.851442936999999900e-01,4.439297033184441341e-03
1.852004771000000105e-01,4.439152929882950183e-03
1.852229458000000106e-01,4.439095291789605172e-03
1.852341791000000071e-01,4.439066472197153966e-03
1.852791054000000048e-01,4.438951198814714699e-03
1.853801499000000130e-01,4.438691851289494443e-03
1.854474822000000134e-01,4.438518965769418234e-03
1.854699209000000015e-01,4.438461340091312199e-03
1.855035738999999961e-01,4.438374904203165605e-03
1.855484350000000116e-01,4.438259659205398555e-03
1.855820736999999887e-01,4.438173227964730544e-03
1.856381246999999901e-01,4.438029183731116711e-03
1.856493328999999914e-01,4.438000375964605039e-03
1.856829533000000088e-01,4.437913953033671005e-03
1.857389738999999929e-01,4.437769921477756341e-03
1.857725781000000020e-01,4.437683505745104208e-03
1.858061762000000061e-01,4.437597093747049776e-03
1.858173741999999962e-01,4.437568290405707536e-03
1.858285715999999921e-01,4.437539486674276293e-03
1.859181260999999974e-01,4.437309071046516284e-03
1.860076375999999976e-01,4.437078673451885953e-03
1.860411932000000101e-01,4.436992280012271896e-03
1.860747429000000064e-01,4.436905887950769872e-03
1.860859246999999883e-01,4.436877091444448029e-03
1.861194663000000082e-01,4.436790703640185532e-03
1.861306454999999971e-01,4.436761908350074848e-03
1.861753555000000004e-01,4.436646729634794242e-03
1.861865313000000133e-01,4.436617936366118661e-03
1.862200548000000067e-01,4.436531556146441034e-03
1.862535721999999949e-01,4.436445179143795950e-03
1.863540881999999899e-01,4.436186064137768829e-03
1.864322298999999961e-01,4.435984546625177001e-03
1.864433903000000115e-01,4.435955759832669980e-03
1.864545501000000050e-01,4.435926972356197921e-03
1.864768676000000125e-01,4.435869400811436394e-03
1.864880254000000070e-01,4.435840614378160247e-03
1.865326496999999972e-01,4.435725473464076710e-03
1.865438040999999880e-01,4.435696690206188467e-03
1.866218664000000027e-01,4.435495207784721089e-03
1.867110404000000001e-01,4.435264959427321838e-03
1.867556113999999934e-01,4.435149843192396323e-03
1.868335852000000130e-01,4.434948400000098337e-03
1.868447216000000133e-01,4.434919624495433504e-03
1.868781270000000050e-01,4.434833296200522447e-03
1.869894350999999899e-01,4.434545558891009667e-03
1.870228146000000036e-01,4.434459242437445090e-03
1.870784339000000074e-01,4.434315388863626500e-03
1.871896228999999912e-01,4.434027704016162315e-03
1.872340799999999972e-01,4.433912638550953356e-03
1.872451927000000071e-01,4.433883872467706162e-03
1.872896366000000035e-01,4.433768812145806593e-03
1.873340699999999914e-01,4.433653756917553881e-03
1.873451765999999963e-01,4.433624993963694930e-03
1.875227942999999897e-01,4.433164826304225418e-03
1.875449847000000003e-01,4.433107309906604218e-03
1.876115401000000016e-01,4.432934769921259045e-03
1.876448089999999957e-01,4.432848505011754286e-03
1.876780718999999931e-01,4.432762241891736489e-03
1.876891582000000114e-01,4.432733487428515418e-03
1.877224133000000017e-01,4.432647227607074310e-03
1.877334971000000075e-01,4.432618475091364835e-03
1.877778253999999869e-01,4.432503467664950132e-03
1.878221432999999940e-01,4.432388464775605802e-03
1.878553748000000023e-01,4.432302215191369875e-03
1.878775259000000086e-01,4.432244716534252185e-03
1.879107476999999915e-01,4.432158472311800192e-03
1.879439635000000053e-01,4.432072230247365019e-03
1.879550342000000096e-01,4.432043483953222208e-03
1.880435759999999901e-01,4.431813520383941392e-03
1.880767684000000106e-01,4.431727289067251795e-03
1.880878311999999997e-01,4.431698545230866072e-03
1.881431356999999915e-01,4.431554834742884932e-03
1.882205345999999890e-01,4.431353651087163205e-03
1.882536958000000094e-01,4.431267432954074520e-03
1.883089514999999881e-01,4.431123743882710124e-03
1.883200006999999898e-01,4.431095006297603410e-03
1.883862823000000131e-01,4.430922591619613007e-03
1.884083709000000106e-01,4.430865121493056044e-03
1.884856608999999905e-01,4.430663988091956829e-03
1.885298123999999964e-01,4.430549060266787860e-03
1.885739535000000022e-01,4.430434137925313119e-03
1.885849871999999983e-01,4.430405408222704011e-03
1.886070525999999914e-01,4.430347948417002329e-03
1.886511757000000067e-01,4.430233034823283580e-03
1.887834830000000019e-01,4.429888321038757959e-03
1.888496018999999970e-01,4.429715979380192264e-03
1.888826526000000061e-01,4.429629812367838829e-03
1.889267112999999942e-01,4.429514927809184363e-03
1.889377244000000067e-01,4.429486206897689793e-03
1.889707596999999906e-01,4.429400047295948412e-03
1.890037893000000024e-01,4.429313891077659403e-03
1.890147979000000034e-01,4.429285172643700370e-03
1.890258058000000019e-01,4.429256454375661567e-03
1.891028433999999980e-01,4.429055436193003042e-03
1.891138461999999909e-01,4.429026720719543044e-03
1.891468507999999882e-01,4.428940575711639085e-03
1.892348349000000096e-01,4.428710867434590068e-03
1.892678184000000097e-01,4.428624732521282276e-03
1.892788116000000131e-01,4.428596020308006934e-03
1.893117874999999950e-01,4.428509888043107544e-03
1.894106805000000116e-01,4.428251508119237893e-03
1.894985421000000003e-01,4.428021857614014394e-03
1.895424575999999917e-01,4.427907038784761884e-03
1.896302582000000125e-01,4.427677415263317311e-03
1.896412303999999993e-01,4.427648714404560856e-03
1.896631729000000099e-01,4.427591312385892146e-03
1.897180179999999883e-01,4.427447812646485847e-03
1.897289852000000054e-01,4.427419112929827094e-03
1.897618828000000035e-01,4.427333017320277467e-03
1.897947747000000018e-01,4.427246923880009087e-03
1.898166994000000107e-01,4.427189530500236399e-03
1.898386216999999876e-01,4.427132137551319582e-03
1.898934161999999981e-01,4.426988660795488396e-03
1.899372404000000125e-01,4.426873884708742470e-03
1.899920063999999964e-01,4.426730422106981561e-03
1.900139083999999867e-01,4.426673038511298210e-03
1.900248585000000046e-01,4.426644346647481097e-03
1.900686524000000099e-01,4.426529585594933015e-03
1.901124362000000123e-01,4.426414828149336476e-03
1.901562099000000117e-01,4.426300076219783289e-03
1.901890336000000015e-01,4.426214014212261939e-03
1.901999735999999885e-01,4.426185327398070475e-03
1.902546639999999900e-01,4.426041900739889276e-03
1.903202717999999960e-01,4.425869795917846197e-03
1.903312041999999926e-01,4.425841113562943574e-03
1.904077136000000003e-01,4.425640340424744600e-03
1.904186409999999996e-01,4.425611661193497824e-03
1.904295678000000047e-01,4.425582979579136510e-03
1.904951152999999897e-01,4.425410904731687418e-03
1.905169594999999994e-01,4.425353549106912643e-03
1.905497210000000052e-01,4.425267516628882992e-03
1.906043111000000068e-01,4.425124135952081955e-03
1.906807108999999945e-01,4.424923415166648333e-03
1.906916227000000075e-01,4.424894741763821769e-03
1.907243542000000014e-01,4.424808723876754238e-03
1.907570802000000121e-01,4.424722708474787373e-03
1.907788943000000015e-01,4.424665367074490097e-03
1.908116109000000116e-01,4.424579356602858886e-03
1.908552242999999871e-01,4.424464680087121515e-03
1.909424211000000093e-01,4.424235339407100835e-03
1.909533179000000025e-01,4.424206673644941884e-03
1.909860046000000089e-01,4.424120677462714535e-03
1.910186856999999960e-01,4.424034683460986023e-03
1.910404699999999900e-01,4.423977355653850932e-03
1.911058079000000076e-01,4.423805379438512132e-03
1.911928904999999901e-01,4.423576093144400423e-03
1.912364169000000114e-01,4.423461458207783407e-03
1.912908110000000050e-01,4.423318170951295522e-03
1.913016879999999975e-01,4.423289513680100579e-03
1.913778093999999874e-01,4.423088924592520968e-03
1.914756353000000022e-01,4.422831046578533029e-03
1.915625497000000010e-01,4.422601842117502430e-03
1.915842721000000082e-01,4.422544542969436381e-03
1.915951324000000067e-01,4.422515894621796041e-03
1.916385674999999955e-01,4.422401302474587327e-03
1.916819926999999979e-01,4.422286715446630857e-03
1.917254080000000138e-01,4.422172132700189634e-03
1.917579631000000118e-01,4.422086199482383288e-03
1.917688136000000043e-01,4.422057555460942938e-03
1.918013613000000006e-01,4.421971624379622892e-03
1.918230566999999942e-01,4.421914338597354027e-03
1.918555952000000064e-01,4.421828413196451923e-03
1.918989712999999986e-01,4.421713848764986105e-03
1.919314968999999982e-01,4.421627930477393074e-03
1.919856940000000123e-01,4.421484736006111790e-03
1.920290406999999866e-01,4.421370187288772152e-03
1.920615442999999978e-01,4.421284277964650580e-03
1.920723776000000105e-01,4.421255641530390246e-03
1.921157048000000089e-01,4.421141100863790370e-03
1.921481936999999973e-01,4.421055200221490553e-03
1.921698498999999949e-01,4.420997932963897405e-03
1.922564505000000090e-01,4.420768878729013432e-03
1.922780946000000046e-01,4.420711618159927671e-03
1.922889157000000071e-01,4.420682988013431049e-03
1.923754625999999912e-01,4.420453958977349322e-03
1.924511593000000076e-01,4.420253575098844270e-03
1.925052100999999904e-01,4.420110452063408073e-03
1.925160184999999968e-01,4.420081828420543285e-03
1.925808558000000059e-01,4.419910091661102304e-03
1.926024634000000069e-01,4.419852848958307455e-03
1.926348702000000024e-01,4.419766987235322457e-03
1.927644430999999881e-01,4.419423563555222902e-03
1.928076146999999907e-01,4.419309099040646081e-03
1.928399870999999988e-01,4.419223254519517342e-03
1.928615656000000067e-01,4.419166025233144113e-03
1.928939289000000112e-01,4.419080184084450517e-03
1.929370715000000014e-01,4.418965732962363939e-03
1.929694221999999904e-01,4.418879898625253759e-03
1.930341071999999991e-01,4.418708235673036132e-03
1.930664415999999994e-01,4.418622409345073117e-03
1.931203202000000008e-01,4.418479369697203736e-03
1.931957250000000126e-01,4.418279127719612447e-03
1.932388002000000049e-01,4.418164710424729059e-03
1.932926308000000037e-01,4.418021693560695261e-03
1.933141587999999966e-01,4.417964490058212679e-03
1.933787285000000133e-01,4.417792883874844222e-03
1.934110052999999940e-01,4.417707085401325652e-03
1.934432766999999997e-01,4.417621289420448592e-03
1.934540325999999921e-01,4.417592691959769564e-03
1.934862968000000127e-01,4.417506898518374150e-03
1.935293073000000086e-01,4.417392512732720017e-03
1.935400585000000007e-01,4.417363916660169317e-03
1.935830571000000111e-01,4.417249537126135064e-03
1.936367920000000020e-01,4.417106568439565888e-03
1.936690256999999971e-01,4.417020790707666678e-03
1.937979070999999998e-01,4.416677706537099589e-03
1.938086434000000080e-01,4.416649119012565350e-03
1.938301141000000061e-01,4.416591941757360557e-03
1.938408484999999959e-01,4.416563355487763444e-03
1.938730483999999976e-01,4.416477594486358828e-03
1.938945119000000106e-01,4.416420422154981006e-03
1.939588884000000013e-01,4.416248911319790686e-03
1.939696156999999865e-01,4.416220327825807514e-03
1.940554130999999904e-01,4.415991665980596378e-03
1.940661351000000090e-01,4.415963083946117598e-03
1.941840380000000033e-01,4.415648708583778774e-03
1.942268940999999915e-01,4.415534398496775981e-03
1.943232856000000064e-01,4.415277219346279425e-03
1.943446994999999955e-01,4.415220070637458638e-03
1.943554054999999947e-01,4.415191497830233368e-03
1.943982237999999918e-01,4.415077206708146150e-03
1.944838319999999954e-01,4.414848639878551917e-03
1.944945304000000041e-01,4.414820069901743103e-03
1.945159254000000115e-01,4.414762931901672176e-03
1.945800963000000050e-01,4.414591522840048861e-03
1.946442459999999930e-01,4.414420125128538236e-03
1.946656244999999952e-01,4.414362995472074364e-03
1.946976878999999994e-01,4.414277301818720495e-03
1.947404309000000111e-01,4.414163048712991567e-03
1.947831644999999945e-01,4.414048799740167596e-03
1.948365683999999931e-01,4.413905996576501095e-03
1.948579257999999981e-01,4.413848876871040786e-03
1.948686037000000038e-01,4.413820317377953502e-03
1.949540053000000106e-01,4.413591853447003735e-03
1.949966921000000075e-01,4.413477627121816134e-03
1.950287011000000070e-01,4.413391961931112904e-03
1.950927033000000033e-01,4.413220638822228439e-03
1.951673459999999916e-01,4.413020773507820432e-03
1.952099861999999908e-01,4.412906572005798056e-03
1.952419602000000087e-01,4.412820924568594885e-03
1.952526169999999894e-01,4.412792375327950593e-03
1.952632733000000120e-01,4.412763826593809127e-03
1.953378507999999902e-01,4.412563995965207431e-03
1.953698038999999997e-01,4.412478357752169095e-03
1.953804537000000119e-01,4.412449812064681703e-03
1.954336943999999965e-01,4.412307090645451943e-03
1.954656318000000115e-01,4.412221461263334844e-03
1.955401321000000137e-01,4.412021668611895361e-03
1.955507726999999862e-01,4.411993128185743608e-03
1.955933293000000073e-01,4.411878968572906928e-03
1.956039669000000092e-01,4.411850430126375636e-03
1.956358766000000082e-01,4.411764813753480709e-03
1.957634629999999987e-01,4.411422377149671649e-03
1.958378500000000078e-01,4.411222643507815844e-03
1.958484744000000000e-01,4.411194110747354222e-03
1.958803442000000006e-01,4.411108515016029345e-03
1.958909662999999968e-01,4.411079984358852284e-03
1.959228292000000093e-01,4.410994391378577663e-03
1.959334490000000095e-01,4.410965861935312385e-03
1.960077715000000109e-01,4.410766160411690867e-03
1.960502288000000037e-01,4.410652051115249335e-03
1.961032876000000091e-01,4.410509421628868928e-03
1.961138976000000034e-01,4.410480896006271391e-03
1.961457242999999906e-01,4.410395322153939923e-03
1.961775457999999916e-01,4.410309751502352812e-03
1.961987571999999902e-01,4.410252705681754273e-03
1.962199664000000010e-01,4.410195662004488988e-03
1.962623777999999986e-01,4.410081575303397526e-03
1.962729793000000111e-01,4.410053054288693049e-03
1.963577700999999953e-01,4.409824900077153123e-03
1.963683663999999940e-01,4.409796381413937441e-03
1.964531160000000110e-01,4.409568248715150900e-03
1.964848876999999994e-01,4.409482703496617889e-03
1.965166543000000099e-01,4.409397160299787129e-03
1.965272419999999909e-01,4.409368647273556249e-03
1.966225058000000137e-01,4.409112036822372162e-03
1.966542501000000109e-01,4.409026505097688418e-03
1.966965679000000078e-01,4.408912468877141180e-03
1.967071458999999911e-01,4.408883958740643025e-03
1.967811761999999909e-01,4.408684407215938440e-03
1.968763171000000034e-01,4.408427861180495323e-03
1.968974531999999888e-01,4.408370853569817255e-03
1.969397187999999965e-01,4.408256842687078257e-03
1.969925378999999865e-01,4.408114336038683294e-03
1.970664609999999983e-01,4.407914838628844076e-03
1.970770192000000087e-01,4.407886340041321238e-03
1.971192461999999868e-01,4.407772350371112237e-03
1.971614641999999973e-01,4.407658363252717031e-03
1.971931218000000097e-01,4.407572876957945723e-03
1.972142239999999935e-01,4.407515886804640876e-03
1.972458730999999965e-01,4.407430405983407858e-03
1.973618762999999887e-01,4.407116993660217460e-03
1.974040424000000071e-01,4.407003034554452664e-03
1.974145824999999910e-01,4.406974545456496944e-03
1.974672747000000006e-01,4.406832104103760618e-03
1.975304867000000075e-01,4.406661184110923640e-03
1.975410200999999921e-01,4.406632698641324217e-03
1.975515529000000103e-01,4.406604214329232910e-03
1.976252668000000046e-01,4.406404825266829750e-03
1.976357951000000113e-01,4.406376342953240502e-03
1.976673767000000081e-01,4.406290894754910127e-03
1.977410474999999890e-01,4.406091529251771749e-03
1.977515696000000101e-01,4.406063048718373946e-03
1.978777918000000080e-01,4.405721315521718591e-03
1.978883066999999885e-01,4.405692839918227965e-03
1.979093348000000030e-01,4.405635889467449107e-03
1.979198480000000093e-01,4.405607414678413755e-03
1.979724056000000121e-01,4.405465043390218403e-03
1.980039335000000067e-01,4.405379623856077106e-03
1.980459629000000110e-01,4.405265736278776018e-03
1.980774791000000090e-01,4.405180322936568839e-03
1.981299948999999949e-01,4.405037974885059500e-03
1.981404964000000046e-01,4.405009505893182041e-03
1.981719976000000105e-01,4.404924100848223167e-03
1.982139913000000031e-01,4.404810232224135209e-03
1.982244884000000096e-01,4.404781764948438767e-03
1.982559761999999892e-01,4.404696367093339712e-03
1.982874589999999992e-01,4.404610971118307072e-03
1.983818773999999896e-01,4.404354801249342130e-03
1.983923656000000091e-01,4.404326340545039291e-03
1.984238268000000083e-01,4.404240956275180807e-03
1.984762509000000119e-01,4.404098655715393829e-03
1.985076987999999931e-01,4.404013277930360175e-03
1.985391417000000047e-01,4.403927904664740010e-03
1.985496216000000036e-01,4.403899447285071142e-03
1.985915353999999911e-01,4.403785618853516513e-03
1.987067530000000137e-01,4.403472619160448895e-03
1.987276944999999961e-01,4.403415713577345583e-03
1.988009722999999895e-01,4.403216553245778778e-03
1.988846853000000026e-01,4.402988960687163542e-03
1.988951469999999944e-01,4.402960512709518104e-03
1.989160685999999956e-01,4.402903617590622418e-03
1.989265286000000132e-01,4.402875171383689896e-03
1.989579052999999875e-01,4.402789831563602534e-03
1.990520057000000065e-01,4.402533829483690209e-03
1.990624585000000113e-01,4.402505385566130372e-03
1.990833626000000078e-01,4.402448500039319625e-03
1.991356132000000057e-01,4.402306291589572727e-03
1.991460616000000072e-01,4.402277851231857150e-03
1.991774037000000053e-01,4.402192529879811987e-03
1.992087408999999865e-01,4.402107211570843899e-03
1.992505160999999969e-01,4.401993458545022143e-03
1.992922826000000092e-01,4.401879709743339655e-03
1.993444783999999970e-01,4.401737530488110221e-03
1.993862251999999891e-01,4.401623792289625740e-03
1.993966604999999892e-01,4.401595357826034761e-03
1.994175294999999959e-01,4.401538490684910217e-03
1.995114131000000068e-01,4.401282604549830620e-03
1.995844031000000018e-01,4.401083597502955178e-03
1.996365224999999965e-01,4.400941459904274614e-03
1.996469448000000035e-01,4.400913033428307218e-03
1.997303031999999867e-01,4.400685627696588817e-03
1.998032133000000043e-01,4.400486664373839257e-03
1.998136268000000049e-01,4.400458242005301536e-03
1.998865065000000052e-01,4.400259295742659643e-03
1.998969157000000108e-01,4.400230875294127743e-03
1.999177325000000005e-01,4.400174037385453860e-03
1.999281401000000125e-01,4.400145617691355801e-03
1.999593595999999973e-01,4.400060363158340114e-03
1.999801699000000044e-01,4.400003527203353443e-03
2.000113813000000129e-01,4.399918276932954925e-03
2.000425878000000046e-01,4.399833028439955815e-03
2.000841888999999874e-01,4.399719367771486728e-03
2.000945879000000094e-01,4.399690953259260094e-03
2.001465743999999991e-01,4.399548885622406660e-03
2.001777597999999936e-01,4.399463649976217104e-03
2.002297248000000085e-01,4.399321594221269720e-03
2.002920649000000108e-01,4.399151136530147881e-03
2.003855387000000043e-01,4.398895469730090650e-03
2.003959220000000041e-01,4.398867064406615339e-03
2.004270686999999884e-01,4.398781849412235039e-03
2.004685900000000021e-01,4.398668231535285411e-03
2.005101026999999980e-01,4.398554618220435614e-03
2.005516069000000123e-01,4.398441011180568953e-03
2.005827293000000122e-01,4.398355809272566121e-03
2.006345894000000074e-01,4.398213809355944019e-03
2.006760676999999882e-01,4.398100216164517115e-03
2.007071709000000093e-01,4.398015023326236686e-03
2.007486343000000062e-01,4.397901437178703028e-03
2.007589988000000047e-01,4.397873042093730471e-03
2.008004515000000045e-01,4.397759462486923975e-03
2.008833311999999871e-01,4.397532316073841582e-03
2.008936887999999976e-01,4.397503924854857284e-03
2.009144022999999890e-01,4.397447141895319787e-03
2.009247581999999976e-01,4.397418750644688928e-03
2.009558228999999974e-01,4.397333580285964910e-03
2.011317653999999955e-01,4.396850990636910067e-03
2.011421102000000016e-01,4.396822605816798520e-03
2.011731412999999968e-01,4.396737453629688021e-03
2.012558674999999908e-01,4.396510392303399142e-03
2.012868810000000008e-01,4.396425248561051762e-03
2.013075541000000079e-01,4.396368487649935514e-03
2.013798931000000125e-01,4.396169833673115035e-03
2.014108874999999965e-01,4.396084701648891521e-03
2.014212180000000130e-01,4.396056323239335220e-03
2.014728621999999914e-01,4.395914443299308617e-03
2.015348177000000074e-01,4.395744195191028311e-03
2.015761108999999940e-01,4.395630702208041043e-03
2.016277153999999905e-01,4.395488843521080588e-03
2.016380346999999962e-01,4.395460473047846026e-03
2.016689895000000066e-01,4.395375361721188569e-03
2.017205703000000128e-01,4.395233515383919695e-03
2.017515123999999993e-01,4.395148411485866845e-03
2.018649262999999972e-01,4.394836386032706724e-03
2.019164569999999936e-01,4.394694567086132597e-03
2.019473690999999960e-01,4.394609479817178886e-03
2.019576721000000130e-01,4.394581118543749304e-03
2.019679745000000082e-01,4.394552756031335113e-03
2.019988788000000035e-01,4.394467672777511644e-03
2.020297782000000097e-01,4.394382591442191725e-03
2.020400770000000124e-01,4.394354233156778228e-03
2.020503753000000013e-01,4.394325873463519536e-03
2.021224483999999877e-01,4.394127367136614788e-03
2.021327424999999900e-01,4.394099008451978101e-03
2.022150761000000019e-01,4.393872164011719192e-03
2.022459424999999977e-01,4.393787102281544905e-03
2.022768043000000016e-01,4.393702041097720043e-03
2.022870904999999886e-01,4.393673689339912258e-03
2.023282301000000061e-01,4.393560282519842070e-03
2.023693612999999947e-01,4.393446878568901294e-03
2.024618760000000128e-01,4.393191739214681937e-03
2.025338026999999874e-01,4.392993313090222569e-03
2.025646205999999949e-01,4.392908278079670457e-03
2.026057038000000088e-01,4.392794901693799700e-03
2.026159733000000018e-01,4.392766558649330993e-03
2.026262423000000090e-01,4.392738215793511730e-03
2.026878453000000024e-01,4.392568162489706059e-03
2.026981106000000088e-01,4.392539821922363495e-03
2.027083755000000098e-01,4.392511481690106190e-03
2.027802146999999888e-01,4.392313104275521497e-03
2.027904752999999949e-01,4.392284767087204292e-03
2.028930535000000035e-01,4.392001398712998793e-03
2.029033084000000098e-01,4.391973063693887375e-03
2.029340702000000107e-01,4.391888058776682348e-03
2.029545755000000118e-01,4.391831390628306298e-03
2.029853295000000057e-01,4.391746392726026370e-03
2.030570707000000086e-01,4.391548069905672723e-03
2.031185430000000125e-01,4.391378090312157527e-03
2.032004772000000070e-01,4.391151469326066113e-03
2.032311940000000039e-01,4.391066489862094357e-03
2.032619061000000005e-01,4.390981513871539468e-03
2.032721425000000026e-01,4.390953188674336961e-03
2.033642465000000121e-01,4.390698280018285639e-03
2.033949385000000110e-01,4.390613313942707575e-03
2.034358541000000076e-01,4.390500032748305241e-03
2.034460817000000032e-01,4.390471712573782055e-03
2.034767614000000113e-01,4.390386754940635641e-03
2.035176605000000027e-01,4.390273481638862565e-03
2.036096534000000069e-01,4.390018634790035512e-03
2.036403083999999974e-01,4.389933691331132475e-03
2.036913899999999999e-01,4.389792124455381764e-03
2.037118189999999884e-01,4.389735498861315616e-03
2.037220326999999997e-01,4.389707186787794070e-03
2.038037242999999887e-01,4.389480701176394148e-03
2.038445577000000120e-01,4.389367466516846776e-03
2.038547648000000045e-01,4.389339158337995407e-03
2.039159966999999907e-01,4.389169315043915491e-03
2.039670091000000129e-01,4.389027787005662234e-03
2.039976105000000095e-01,4.388942873569721612e-03
2.040078099000000034e-01,4.388914569699946776e-03
2.040384051999999948e-01,4.388829660581121395e-03
2.040893870999999915e-01,4.388688150098284460e-03
2.041607403000000043e-01,4.388490047410334438e-03
2.041811223999999980e-01,4.388433448423814318e-03
2.042524434999999916e-01,4.388235363753499423e-03
2.042626302999999977e-01,4.388207068074224948e-03
2.043441055999999922e-01,4.387980704819604248e-03
2.043644693999999984e-01,4.387924117457220677e-03
2.043746505000000047e-01,4.387895823410613294e-03
2.044255486000000066e-01,4.387754360195368977e-03
2.044560813000000088e-01,4.387669486954712955e-03
2.044866094999999995e-01,4.387584614772656322e-03
2.044967845000000006e-01,4.387556325744706304e-03
2.045374795999999884e-01,4.387443167479863730e-03
2.045781665999999999e-01,4.387330016568551268e-03
2.046188455000000073e-01,4.387216868539957175e-03
2.046493494000000135e-01,4.387132011128547920e-03
2.047001790999999904e-01,4.386990586623317097e-03
2.048221189999999969e-01,4.386651199930135039e-03
2.048322773000000041e-01,4.386622918525559175e-03
2.048525925999999941e-01,4.386566358619438562e-03
2.048627494999999965e-01,4.386538079825618060e-03
2.048932169999999886e-01,4.386453243115589519e-03
2.049135262000000013e-01,4.386396686651078750e-03
2.049439862000000112e-01,4.386311854290536258e-03
2.050150420000000084e-01,4.386113921776186274e-03
2.051570798000000029e-01,4.385718099584397407e-03
2.051773628000000127e-01,4.385661558865993313e-03
2.052280618000000001e-01,4.385520210200067812e-03
2.052686119000000087e-01,4.385407136910314703e-03
2.053192883000000135e-01,4.385265801101657403e-03
2.053395553000000040e-01,4.385209268857186669e-03
2.053496881000000107e-01,4.385181004173543604e-03
2.054003444999999983e-01,4.385039679736157416e-03
2.054307323000000018e-01,4.384954888495742192e-03
2.054611157000000021e-01,4.384870101707320431e-03
2.054712424000000037e-01,4.384841838499334635e-03
2.055623609999999990e-01,4.384587491583393469e-03
2.056332030999999949e-01,4.384389682986617603e-03
2.056433213999999954e-01,4.384361427180526877e-03
2.057141355999999865e-01,4.384163634816385172e-03
2.057242499999999974e-01,4.384135378860149791e-03
2.057950363000000116e-01,4.383937603102247040e-03
2.058253659000000013e-01,4.383852845722219400e-03
2.058354746999999929e-01,4.383824594330213223e-03
2.059466395000000005e-01,4.383513843550563074e-03
2.059567424000000035e-01,4.383485596334261818e-03
2.059870480999999864e-01,4.383400853672165913e-03
2.060375477999999982e-01,4.383259621001228332e-03
2.060476461999999898e-01,4.383231375528004112e-03
2.060779386000000102e-01,4.383146639295616535e-03
2.061284160000000087e-01,4.383005419800888210e-03
2.061889725999999923e-01,4.382835965476384460e-03
2.061990636000000099e-01,4.382807724796024262e-03
2.062797741000000074e-01,4.382581804118330926e-03
2.062898606999999940e-01,4.382553566481809347e-03
2.063100324000000096e-01,4.382497088875387040e-03
2.063201175000000109e-01,4.382468850945072693e-03
2.064007806000000000e-01,4.382242958747555907e-03
2.064310212000000089e-01,4.382158254135234271e-03
2.064511790999999929e-01,4.382101786022200678e-03
2.064713350000000058e-01,4.382045317455072857e-03
2.065217162999999911e-01,4.381904154362193868e-03
2.065317911000000006e-01,4.381875923259791021e-03
2.065620123999999946e-01,4.381791228743794203e-03
2.065922293999999937e-01,4.381706539194092989e-03
2.066828537000000021e-01,4.381452481018976476e-03
2.067633754000000046e-01,4.381226671345711011e-03
2.068338060999999894e-01,4.381029104259320621e-03
2.068539246999999970e-01,4.380972658689889429e-03
2.068840989999999880e-01,4.380887992631472654e-03
2.069243245999999870e-01,4.380775109724546236e-03
2.070449544000000086e-01,4.380436486237406814e-03
2.070851486999999991e-01,4.380323619847897171e-03
2.070951960999999897e-01,4.380295404225201250e-03
2.071253352999999908e-01,4.380210759109410580e-03
2.071554700000000082e-01,4.380126116336429884e-03
2.071655139999999951e-01,4.380097903173370624e-03
2.072458480999999908e-01,4.379872205199943774e-03
2.072558875999999939e-01,4.379843994328425603e-03
2.072759653000000035e-01,4.379787572976178225e-03
2.073361867000000081e-01,4.379618316882923600e-03
2.073662907999999916e-01,4.379533692799282910e-03
2.074064228999999981e-01,4.379420863150082846e-03
2.074866636999999903e-01,4.379195221369313294e-03
2.076069667000000063e-01,4.378856791585673293e-03
2.076470522999999957e-01,4.378743990976728673e-03
2.077171832999999967e-01,4.378546600013782236e-03
2.077272001000000090e-01,4.378518402701387507e-03
2.077372164000000077e-01,4.378490206278992658e-03
2.077572476000000001e-01,4.378433813224171314e-03
2.077973040999999965e-01,4.378321028765626288e-03
2.078073169999999914e-01,4.378292835151923086e-03
2.078173295000000087e-01,4.378264639231091437e-03
2.078974117000000066e-01,4.378039090671887769e-03
2.079174273999999933e-01,4.377982707871768894e-03
2.079774630000000013e-01,4.377813561981704592e-03
2.080074742999999948e-01,4.377728993283840596e-03
2.080374812999999934e-01,4.377644426580460171e-03
2.080774838999999987e-01,4.377531675801621738e-03
2.080874832999999868e-01,4.377503488758214059e-03
2.081174788000000053e-01,4.377418930281835180e-03
2.081674615999999922e-01,4.377278003240179897e-03
2.082174324000000132e-01,4.377137082611163264e-03
2.082374174000000133e-01,4.377080717945594675e-03
2.082474091000000027e-01,4.377052534884578669e-03
2.082973607999999976e-01,4.376911628314014355e-03
2.083273260000000071e-01,4.376827087396205525e-03
2.083672729000000112e-01,4.376714369177152689e-03
2.083972280999999982e-01,4.376629833718294858e-03
2.084371616000000038e-01,4.376517124281335998e-03
2.084471438000000121e-01,4.376488948024202102e-03
2.084870678000000088e-01,4.376376243690680012e-03
2.085170057999999882e-01,4.376291718617523162e-03
2.085668927999999867e-01,4.376150851214717294e-03
2.086067939000000038e-01,4.376038161181356086e-03
2.086965433000000092e-01,4.375784624125915630e-03
2.087164823999999863e-01,4.375728287909718371e-03
2.087264513000000044e-01,4.375700118458286311e-03
2.087762883000000014e-01,4.375559279141493993e-03
2.088061847999999887e-01,4.375474780636507549e-03
2.088759266000000114e-01,4.375277624900253404e-03
2.088858878000000030e-01,4.375249460463752522e-03
2.089257278999999967e-01,4.375136806792367244e-03
2.089356867999999923e-01,4.375108644990724840e-03
2.089954299000000015e-01,4.374939674761494507e-03
2.090153405000000075e-01,4.374883354943752758e-03
2.090452027999999962e-01,4.374798875549620707e-03
2.090750607999999899e-01,4.374714400220984858e-03
2.091546613999999971e-01,4.374489142110373451e-03
2.091646092999999984e-01,4.374460985101657519e-03
2.092043963999999923e-01,4.374348364810375610e-03
2.092541195000000021e-01,4.374207595407004698e-03
2.092839478000000086e-01,4.374123137890179903e-03
2.093237121000000034e-01,4.374010531351898469e-03
2.093336520000000089e-01,4.373982379546901070e-03
2.093535303999999875e-01,4.373926077926425932e-03
2.094032181999999909e-01,4.373785329875066324e-03
2.094926263999999927e-01,4.373532002744036189e-03
2.095124896999999986e-01,4.373475711660188177e-03
2.095621397999999913e-01,4.373334985215416616e-03
2.096514802999999982e-01,4.373081700139338016e-03
2.096812520000000124e-01,4.372997276023623224e-03
2.097110194000000039e-01,4.372912853835639845e-03
2.097606224999999935e-01,4.372772158590116330e-03
2.097903787000000020e-01,4.372687745035517756e-03
2.098300471000000000e-01,4.372575195981898317e-03
2.098796219999999879e-01,4.372434517478631689e-03
2.099192735000000032e-01,4.372321978915069858e-03
2.099688274000000021e-01,4.372181313185263471e-03
2.099985541000000122e-01,4.372096916838820804e-03
2.100282766000000079e-01,4.372012524405579498e-03
2.100381832000000060e-01,4.371984394429152300e-03
2.101174188000000109e-01,4.371759360457025574e-03
2.101273211999999946e-01,4.371731231568574440e-03
2.101570255000000109e-01,4.371646850227940001e-03
2.102065233000000033e-01,4.371506218912617897e-03
2.102758006999999874e-01,4.371309346188425454e-03
2.103054839999999870e-01,4.371224977174479297e-03
2.103153775000000114e-01,4.371196855176747928e-03
2.103648379999999984e-01,4.371056246621035993e-03
2.104439506999999931e-01,4.370831288249269440e-03
2.104736103000000025e-01,4.370746933206631768e-03
2.105823263999999917e-01,4.370437654095018186e-03
2.105922068999999952e-01,4.370409539517776387e-03
2.106020869000000129e-01,4.370381426528424998e-03
2.106218455999999961e-01,4.370325198531996823e-03
2.106811104999999906e-01,4.370156522082711305e-03
2.107502319000000013e-01,4.369959748229774663e-03
2.107601044999999895e-01,4.369931638092724134e-03
2.107798483999999972e-01,4.369875419777746045e-03
2.108390689000000096e-01,4.369706771567978022e-03
2.108686728999999982e-01,4.369622452073172389e-03
2.109180036999999952e-01,4.369481923973798226e-03
2.109475966000000091e-01,4.369397610807575216e-03
2.110264907999999939e-01,4.369172788012625798e-03
2.110659267999999977e-01,4.369060383352649235e-03
2.110757846999999909e-01,4.369032282804922833e-03
2.110954989999999920e-01,4.368976082319991211e-03
2.111053555000000082e-01,4.368947984685778857e-03
2.112925411999999892e-01,4.368414147984465978e-03
2.113023884999999935e-01,4.368386053921787318e-03
2.113122353000000120e-01,4.368357959934059120e-03
2.113417730999999911e-01,4.368273680296457830e-03
2.113811502999999870e-01,4.368161313483680600e-03
2.115385858000000119e-01,4.367711889552912050e-03
2.115680920000000131e-01,4.367627628738242687e-03
2.116074270999999951e-01,4.367515288157673703e-03
2.116270919000000084e-01,4.367459119843785688e-03
2.116565857000000106e-01,4.367374868512410684e-03
2.116860752999999984e-01,4.367290619283543084e-03
2.116959042999999874e-01,4.367262536704323572e-03
2.117253885000000002e-01,4.367178291955624812e-03
2.117745196999999968e-01,4.367037889116415737e-03
2.117843446000000074e-01,4.367009810006159190e-03
2.118138165000000017e-01,4.366925571627848154e-03
2.118432842999999899e-01,4.366841337668558691e-03
2.118629271999999952e-01,4.366785181138311579e-03
2.118923880999999954e-01,4.366700951408740254e-03
2.120396314999999920e-01,4.366279837567261894e-03
2.120494441000000119e-01,4.366251765411016499e-03
2.120886898999999881e-01,4.366139479435288129e-03
2.121573525999999876e-01,4.365942993031163635e-03
2.121671598000000047e-01,4.365914924167892640e-03
2.121769665000000082e-01,4.365886855220949860e-03
2.121965785000000104e-01,4.365830720346284589e-03
2.122456006000000006e-01,4.365690386411971192e-03
2.122554037000000116e-01,4.365662320857980130e-03
2.122848102000000070e-01,4.365578123744533884e-03
2.123142125999999963e-01,4.365493931609218392e-03
2.123338119000000024e-01,4.365437803854266795e-03
2.123632075000000119e-01,4.365353613156378737e-03
2.124023953999999992e-01,4.365241366150544519e-03
2.124415759999999931e-01,4.365129121550705843e-03
2.125101246999999971e-01,4.364932707207705778e-03
2.125199154999999895e-01,4.364904648076054806e-03
2.125688631000000051e-01,4.364764360658853620e-03
2.125982261999999900e-01,4.364680192425571259e-03
2.126373706999999946e-01,4.364567971965394207e-03
2.127254195999999931e-01,4.364315491695400229e-03
2.127547610999999950e-01,4.364231336873532208e-03
2.127840984999999907e-01,4.364147184873157226e-03
2.128036546000000029e-01,4.364091084161634757e-03
2.128623119999999980e-01,4.363922791955371187e-03
2.128720866999999906e-01,4.363894742409495965e-03
2.128818608999999973e-01,4.363866696067445101e-03
2.129502678000000093e-01,4.363670371038365879e-03
2.129600385000000040e-01,4.363642326084622887e-03
2.129795784000000081e-01,4.363586235404400861e-03
2.130674858000000116e-01,4.363333845192987268e-03
2.131358331000000050e-01,4.363137559608177077e-03
2.131455952999999903e-01,4.363109517819600998e-03
2.132724621000000043e-01,4.362745026834467278e-03
2.133017284000000013e-01,4.362660920077319864e-03
2.133407438000000100e-01,4.362548782508235239e-03
2.134285025000000058e-01,4.362296486451170026e-03
2.134577473000000003e-01,4.362212393272266175e-03
2.134869882000000052e-01,4.362128303294114488e-03
2.134967342000000101e-01,4.362100273912273771e-03
2.135064798999999902e-01,4.362072243938897552e-03
2.135357139999999876e-01,4.361988159141260736e-03
2.135649441999999953e-01,4.361904075310636848e-03
2.135746866999999882e-01,4.361876048196626152e-03
2.136039116000000015e-01,4.361791967578260848e-03
2.136623492999999985e-01,4.361623815433926347e-03
2.136915621000000098e-01,4.361539743334876505e-03
2.137597099000000112e-01,4.361343584658917798e-03
2.137986417999999944e-01,4.361231498899516452e-03
2.138083735999999901e-01,4.361203479526527121e-03
2.138862125000000058e-01,4.360979325939911416e-03
2.139153947999999916e-01,4.360895273227392149e-03
2.139737473999999973e-01,4.360727175517168513e-03
2.140418054000000070e-01,4.360531076190768060e-03
2.140709664000000068e-01,4.360447037838974076e-03
2.141098416999999976e-01,4.360334988509895031e-03
2.141875709999999933e-01,4.360110906838617593e-03
2.141972852000000038e-01,4.360082897971586345e-03
2.142069989000000008e-01,4.360054890186129163e-03
2.142361375000000068e-01,4.359970866089171206e-03
2.142846929999999983e-01,4.359830831551328965e-03
2.143526521999999934e-01,4.359634794816523613e-03
2.143623588999999940e-01,4.359606790217766467e-03
2.143914764000000028e-01,4.359522778895738929e-03
2.144205899000000137e-01,4.359438771303255841e-03
2.144399966999999962e-01,4.359382767216256858e-03
2.145079067000000006e-01,4.359186762021119953e-03
2.145467027999999887e-01,4.359074767372140766e-03
2.145854918000000000e-01,4.358962774262113704e-03
2.146242738999999955e-01,4.358850786484742834e-03
2.146533558000000008e-01,4.358766800825304537e-03
2.146727415999999944e-01,4.358710810809297322e-03
2.147308883999999862e-01,4.358542845928711600e-03
2.148180791000000034e-01,4.358290920602385030e-03
2.148277647000000068e-01,4.358262929276030158e-03
2.148568191000000127e-01,4.358178960884865477e-03
2.148955522000000062e-01,4.358067005166979882e-03
2.149342783000000034e-01,4.357955054040657528e-03
2.149729974000000043e-01,4.357843108205177590e-03
2.149826760999999919e-01,4.357815123525574444e-03
2.150020321999999984e-01,4.357759151037030217e-03
2.150504146999999977e-01,4.357619228866912477e-03
2.150600899000000010e-01,4.357591245468658489e-03
2.150891128999999902e-01,4.357507296758126800e-03
2.151664885000000027e-01,4.357283446487677549e-03
2.152438362000000105e-01,4.357059614522203889e-03
2.152921644000000134e-01,4.356919728523145352e-03
2.153114925999999874e-01,4.356863775628297582e-03
2.153211560999999941e-01,4.356835798931332424e-03
2.153694670000000089e-01,4.356695925854037373e-03
2.153984482999999894e-01,4.356612003042612327e-03
2.154274257000000081e-01,4.356528084090670327e-03
2.154660562000000057e-01,4.356416197136075801e-03
2.155143344999999877e-01,4.356276342525636398e-03
2.155239888999999909e-01,4.356248374160154313e-03
2.155819060999999981e-01,4.356080560431131211e-03
2.155915575000000028e-01,4.356052593215973753e-03
2.156012083999999940e-01,4.356024625338824133e-03
2.156301585000000021e-01,4.355940724703188938e-03
2.156687526999999938e-01,4.355828861791962402e-03
2.157459203000000048e-01,4.355605146911159693e-03
2.157748510999999980e-01,4.355521259613560903e-03
2.158327009000000074e-01,4.355353490830535246e-03
2.158616201000000123e-01,4.355269609922365372e-03
2.159290829000000134e-01,4.355073899840545930e-03
2.160157899000000048e-01,4.354822291324243755e-03
2.160446845000000005e-01,4.354738429093978590e-03
2.160928336000000061e-01,4.354598661573132537e-03
2.161313451999999913e-01,4.354486851572074435e-03
2.162179710999999893e-01,4.354235298233398617e-03
2.162372166000000040e-01,4.354179400325312518e-03
2.162468386999999992e-01,4.354151452364772926e-03
2.162757023999999917e-01,4.354067608626084086e-03
2.162853228000000128e-01,4.354039661060343271e-03
2.163238000999999910e-01,4.353927875253862066e-03
2.163718870000000127e-01,4.353788148730271083e-03
2.163911188000000041e-01,4.353732260231070114e-03
2.164391907999999864e-01,4.353592544674460794e-03
2.164488039999999947e-01,4.353564600894992490e-03
2.164776408000000096e-01,4.353480777055333990e-03
2.165449117000000090e-01,4.353285191984835288e-03
2.165833429000000032e-01,4.353173438760234853e-03
2.165929496000000010e-01,4.353145499004949445e-03
2.166697880000000020e-01,4.352922004717045719e-03
2.166793908999999907e-01,4.352894068098574036e-03
2.167081969999999913e-01,4.352810264411904190e-03
2.167561987000000134e-01,4.352670594638013632e-03
2.168137867000000107e-01,4.352503001361766356e-03
2.168521701999999995e-01,4.352391277938552974e-03
2.168905469000000086e-01,4.352279559252195465e-03
2.169097326999999964e-01,4.352223700424461168e-03
2.169864589999999926e-01,4.352000282379435772e-03
2.170152243000000036e-01,4.351916504903258036e-03
2.170535721999999890e-01,4.351804803391814795e-03
2.170631580999999866e-01,4.351776879675506825e-03
2.171302475999999926e-01,4.351581418631744053e-03
2.171589939999999941e-01,4.351497653908353858e-03
2.171973164000000067e-01,4.351385972025979820e-03
2.172164752000000087e-01,4.351330132788988614e-03
2.172739411000000065e-01,4.351162619712354782e-03
2.172835173000000064e-01,4.351134703198399241e-03
2.173122433999999936e-01,4.351050950732812325e-03
2.173218178999999917e-01,4.351023035374486196e-03
2.173601115999999889e-01,4.350911371728465558e-03
2.173983986999999951e-01,4.350799714389047730e-03
2.174749525000000128e-01,4.350576410141794755e-03
2.175036532999999883e-01,4.350492676277410882e-03
2.175132193000000047e-01,4.350464765720668363e-03
2.175992951000000064e-01,4.350213580302966614e-03
2.176184184000000132e-01,4.350157765949241861e-03
2.176757782000000030e-01,4.349990326662256032e-03
2.177331230000000006e-01,4.349822896832619169e-03
2.177426789999999945e-01,4.349794992738726003e-03
2.178191117999999926e-01,4.349571770298746656e-03
2.178286640000000052e-01,4.349543868669570289e-03
2.178573182000000108e-01,4.349460166933292148e-03
2.179241631999999929e-01,4.349264870226027778e-03
2.179337108000000134e-01,4.349236971967164120e-03
2.179718971000000061e-01,4.349125382115120488e-03
2.180482495000000132e-01,4.348902215885383331e-03
2.180577917000000032e-01,4.348874321462625585e-03
2.180768747999999868e-01,4.348818533644448897e-03
2.181150360000000121e-01,4.348706961117192703e-03
2.181341140999999983e-01,4.348651175102299232e-03
2.181627281999999890e-01,4.348567499690716119e-03
2.182008742999999862e-01,4.348455937060127612e-03
2.182294795999999981e-01,4.348372268244856537e-03
2.182771467000000076e-01,4.348232826322248959e-03
2.182866789000000030e-01,4.348204937681562215e-03
2.183152728999999959e-01,4.348121276489150082e-03
2.183629213000000124e-01,4.347981846138660768e-03
2.183915053000000106e-01,4.347898191122455749e-03
2.184200856000000079e-01,4.347814538335932448e-03
2.184296115999999899e-01,4.347786655752599108e-03
2.184391371000000137e-01,4.347758773238289548e-03
2.185153263000000068e-01,4.347535718346085334e-03
2.185914888999999917e-01,4.347312680215637166e-03
2.186200430999999944e-01,4.347229046045821867e-03
2.186581095000000030e-01,4.347117537126041729e-03
2.186866548999999993e-01,4.347033909744797003e-03
2.186961692999999929e-01,4.347006034390317464e-03
2.187342224000000113e-01,4.346894535085450359e-03
2.187437346999999976e-01,4.346866661877458668e-03
2.188483421999999901e-01,4.346560065249051134e-03
2.188863688999999890e-01,4.346448583653678491e-03
2.189528997000000088e-01,4.346253502531728478e-03
2.189624024000000058e-01,4.346225634941899840e-03
2.190004093000000041e-01,4.346114168055781844e-03
2.190479086000000075e-01,4.345974840360715755e-03
2.191238862000000065e-01,4.345751929563169622e-03
2.191428763999999918e-01,4.345696205590597085e-03
2.191903449000000004e-01,4.345556899213011762e-03
2.192283121999999973e-01,4.345445460429683826e-03
2.192567834999999965e-01,4.345361881135785705e-03
2.192757622000000017e-01,4.345306165460055547e-03
2.193326885999999920e-01,4.345139022622946517e-03
2.193801159999999861e-01,4.344999744207836412e-03
2.194275330999999885e-01,4.344860473684765759e-03
2.195318148000000025e-01,4.344554101483627528e-03
2.195602466000000086e-01,4.344470551445520773e-03
2.195981499999999920e-01,4.344359155912491145e-03
2.196455200999999913e-01,4.344219919529819333e-03
2.196834088000000074e-01,4.344108533815489379e-03
2.197118210000000016e-01,4.344024996741531475e-03
2.197212909000000047e-01,4.343997152650788326e-03
2.197307604000000025e-01,4.343969306265569805e-03
2.198727543000000006e-01,4.343551672951691950e-03
2.198822172999999880e-01,4.343523833693413091e-03
2.199106037999999930e-01,4.343440314022362428e-03
2.199389867000000054e-01,4.343356798159640417e-03
2.199579066000000027e-01,4.343301123067936850e-03
2.199862834000000100e-01,4.343217612087421457e-03
2.200241133999999987e-01,4.343106267768333771e-03
2.200524815999999884e-01,4.343022762676644263e-03
2.201092071000000094e-01,4.342855757553935880e-03
2.201375644000000131e-01,4.342772260514818003e-03
2.201848184000000097e-01,4.342633102943074461e-03
2.202509568999999889e-01,4.342438295136774075e-03
2.203170755999999952e-01,4.342243501154605632e-03
2.203265195999999926e-01,4.342215673419611704e-03
2.203548489000000110e-01,4.342132196186078083e-03
2.204020563000000099e-01,4.341993071356202785e-03
2.204114964999999982e-01,4.341965246259073610e-03
2.204398149000000029e-01,4.341881776265873322e-03
2.204681296999999873e-01,4.341798307387577209e-03
2.204775670999999937e-01,4.341770485230320338e-03
2.205530521000000077e-01,4.341547919540133561e-03
2.206379417999999870e-01,4.341297552772584688e-03
2.206568017999999964e-01,4.341241918811160859e-03
2.206662310999999987e-01,4.341214102827123042e-03
2.207039446000000071e-01,4.341102839058901680e-03
2.207416516000000051e-01,4.340991579516400786e-03
2.207793520999999926e-01,4.340880326555927350e-03
2.207887762999999892e-01,4.340852512934394690e-03
2.208076233000000055e-01,4.340796889340683626e-03
2.208170462999999861e-01,4.340769076192506695e-03
2.208453126000000100e-01,4.340685643586878611e-03
2.208641548999999982e-01,4.340630022108439047e-03
2.209206720000000124e-01,4.340463166034833585e-03
2.209300901000000039e-01,4.340435355549848370e-03
2.210054204999999938e-01,4.340212898272995459e-03
2.210148349999999928e-01,4.340185093377924193e-03
2.210807251999999945e-01,4.339990458525450415e-03
2.211465958000000120e-01,4.339795837738281981e-03
2.211654124000000110e-01,4.339740236016366090e-03
2.212406625999999987e-01,4.339517833263988392e-03
2.212594712000000019e-01,4.339462237101751954e-03
2.212688748999999955e-01,4.339434438004983498e-03
2.213440899999999933e-01,4.339212062409708755e-03
2.213816879000000126e-01,4.339100880910539207e-03
2.214568647000000057e-01,4.338878531434111133e-03
2.214944434999999989e-01,4.338767362285309709e-03
2.215414081000000035e-01,4.338628409017009253e-03
2.216071417000000099e-01,4.338433887237439814e-03
2.216728558999999932e-01,4.338239379259910614e-03
2.216822421000000098e-01,4.338211592916103171e-03
2.216916278000000129e-01,4.338183807009505025e-03
2.217103981000000112e-01,4.338128237167551346e-03
2.217197827000000065e-01,4.338100451421510531e-03
2.217573169000000011e-01,4.337989314799696287e-03
2.217948448000000017e-01,4.337878183133260165e-03
2.218417457999999898e-01,4.337739275742035286e-03
2.218605033999999920e-01,4.337683713891199791e-03
2.219073904999999958e-01,4.337544817518223725e-03
2.219167666999999899e-01,4.337517037546917767e-03
2.219730156999999982e-01,4.337350370598216411e-03
2.220479922999999967e-01,4.337128164486752334e-03
2.220573626000000023e-01,4.337100389680197815e-03
2.221416773999999872e-01,4.336850430381075996e-03
2.221604097000000055e-01,4.336794888359761339e-03
2.221697752000000026e-01,4.336767117335187625e-03
2.222165969999999879e-01,4.336628265460156818e-03
2.223102110999999881e-01,4.336350582771055472e-03
2.223570032999999946e-01,4.336211753514795236e-03
2.223663606000000070e-01,4.336183989078849603e-03
2.223944300000000041e-01,4.336100694590281843e-03
2.224318503999999919e-01,4.335989640927856957e-03
2.224412045999999976e-01,4.335961876931770410e-03
2.225066723999999940e-01,4.335767545421555062e-03
2.225160234000000126e-01,4.335739782820025728e-03
2.225814691999999928e-01,4.335545466980997818e-03
2.225908169999999964e-01,4.335517709411086835e-03
2.226095114999999958e-01,4.335462191475220224e-03
2.226188581000000111e-01,4.335434434239130753e-03
2.226468957000000137e-01,4.335351164296977373e-03
2.226936171999999992e-01,4.335212384688079748e-03
2.227216454000000012e-01,4.335129120206627704e-03
2.227683511999999921e-01,4.334990351723673994e-03
2.228150472000000049e-01,4.334851590823429052e-03
2.228430601999999983e-01,4.334768338426475340e-03
2.228710694999999908e-01,4.334685086794750654e-03
2.229177441000000093e-01,4.334546340829594467e-03
2.229457441000000095e-01,4.334463096597113325e-03
2.229550765999999962e-01,4.334435350293196557e-03
2.230297230000000130e-01,4.334213382051731352e-03
2.230577089999999929e-01,4.334130146182884648e-03
2.231136703000000110e-01,4.333963688653102130e-03
2.231416458000000103e-01,4.333880461719237520e-03
2.231789409000000113e-01,4.333769496192308932e-03
2.232069080999999899e-01,4.333686276885618388e-03
2.232628321000000027e-01,4.333519844842963036e-03
2.232907888000000007e-01,4.333436632921714576e-03
2.233373755999999988e-01,4.333297949536168286e-03
2.233560075999999894e-01,4.333242480024664285e-03
2.234863880000000080e-01,4.332854215251269632e-03
2.235050075999999997e-01,4.332798753458058649e-03
2.235143168000000014e-01,4.332771022563674905e-03
2.235608570000000017e-01,4.332632374522040440e-03
2.235887763999999944e-01,4.332549188432980800e-03
2.236259969999999930e-01,4.332438278355502798e-03
2.236539083000000094e-01,4.332355099718890670e-03
2.237004194999999973e-01,4.332216473241882158e-03
2.238120067999999907e-01,4.331883796166323755e-03
2.238491901999999922e-01,4.331772914850561852e-03
2.239235384999999912e-01,4.331551162794747625e-03
2.239328302999999964e-01,4.331523444714669054e-03
2.239607033999999885e-01,4.331440292494670614e-03
2.240071507999999989e-01,4.331301711614995303e-03
2.240628751000000030e-01,4.331135425682113536e-03
2.241093013000000078e-01,4.330996859896733830e-03
2.241464354000000103e-01,4.330886012900405507e-03
2.241557180000000038e-01,4.330858303870380177e-03
2.241835634000000077e-01,4.330775172700526872e-03
2.242578007999999901e-01,4.330553500583755010e-03
2.243691109000000017e-01,4.330221027165111723e-03
2.243969298000000057e-01,4.330137916262746627e-03
2.244062019999999991e-01,4.330110214430826256e-03
2.244340163000000110e-01,4.330027105196625030e-03
2.244432869000000108e-01,4.329999402830855652e-03
2.244525572000000135e-01,4.329971701637244132e-03
2.244803657999999980e-01,4.329888597629121157e-03
2.245081708999999981e-01,4.329805495032675380e-03
2.245174384999999995e-01,4.329777794267210961e-03
2.245267056999999955e-01,4.329750095482481562e-03
2.245452390000000076e-01,4.329694697013445476e-03
2.246286198999999928e-01,4.329445416892212066e-03
2.246749292999999925e-01,4.329306937817409447e-03
2.246934503000000138e-01,4.329251548021695838e-03
2.247304878999999977e-01,4.329140773800951685e-03
2.247397462999999873e-01,4.329113080163296892e-03
2.248230551000000021e-01,4.328863852363279419e-03
2.248415639000000132e-01,4.328808473742536481e-03
2.248508177999999913e-01,4.328780784250019914e-03
2.249248349999999896e-01,4.328559273329486701e-03
2.249618344000000048e-01,4.328448526285499053e-03
2.249895799999999946e-01,4.328365470486527158e-03
2.250265689000000013e-01,4.328254729235007578e-03
2.250450609999999907e-01,4.328199361409212041e-03
2.251005282000000107e-01,4.328033262657802853e-03
2.251190143000000032e-01,4.327977900995630747e-03
2.251467404999999977e-01,4.327894857785804725e-03
2.251837034999999987e-01,4.327784136202902573e-03
2.251929433000000036e-01,4.327756455850561602e-03
2.252576112999999935e-01,4.327562708955122114e-03
2.252853204999999970e-01,4.327479677459346828e-03
2.252945560999999874e-01,4.327452002670704664e-03
2.253222606999999988e-01,4.327368974609254251e-03
2.253407286000000120e-01,4.327313624447973531e-03
2.253684274999999959e-01,4.327230602036782024e-03
2.254053541999999910e-01,4.327119908252457549e-03
2.254884169999999965e-01,4.326870863673467835e-03
2.255160978000000094e-01,4.326787856208694563e-03
2.255622248999999968e-01,4.326649511333259708e-03
2.256267871000000036e-01,4.326455842081002902e-03
2.256913308000000062e-01,4.326262186719072485e-03
2.257005498000000110e-01,4.326234522366288228e-03
2.257097684000000104e-01,4.326206860327889633e-03
2.257282046000000097e-01,4.326151534052769324e-03
2.257742883999999950e-01,4.326013220852171701e-03
2.257835039999999960e-01,4.325985559998972614e-03
2.258111486000000112e-01,4.325902577771401428e-03
2.258756396000000111e-01,4.325708962181582830e-03
2.259309029000000080e-01,4.325543015046251841e-03
2.259585295000000049e-01,4.325460048398471584e-03
2.260045663999999954e-01,4.325321770516275810e-03
2.260321838999999888e-01,4.325238807924901806e-03
2.260690022000000077e-01,4.325128197572856645e-03
2.261426206000000105e-01,4.324906986143755953e-03
2.261518211999999917e-01,4.324879335563721131e-03
2.262070170999999907e-01,4.324713440243176110e-03
2.262530033000000051e-01,4.324575201839433829e-03
2.262805905999999978e-01,4.324492262484028529e-03
2.263173683999999963e-01,4.324381680057955667e-03
2.264000965999999893e-01,4.324132887210888586e-03
2.264368549000000119e-01,4.324022320962592723e-03
2.264460436000000076e-01,4.323994680289891535e-03
2.264736073999999988e-01,4.323911757427555298e-03
2.265103538000000083e-01,4.323801197760367490e-03
2.265195395000000056e-01,4.323773560219695659e-03
2.265838287999999978e-01,4.323580095829870559e-03
2.266113757999999867e-01,4.323497187023287412e-03
2.266664597999999975e-01,4.323331377364626228e-03
2.266939967000000111e-01,4.323248474246774685e-03
2.267215303000000015e-01,4.323165574945744133e-03
2.267582365999999960e-01,4.323055048673436936e-03
2.267674121999999903e-01,4.323027417549489028e-03
2.268408040000000070e-01,4.322806375781937903e-03
2.268683197999999956e-01,4.322723489341690102e-03
2.268866618000000002e-01,4.322668235078392512e-03
2.269141719999999973e-01,4.322585353651930973e-03
2.269508470999999916e-01,4.322474848193209873e-03
2.270241795000000062e-01,4.322253853830331817e-03
2.270608369000000071e-01,4.322143363044556735e-03
2.270883260000000070e-01,4.322060498056845730e-03
2.270974883000000111e-01,4.322032877171762266e-03
2.271066502000000098e-01,4.322005255814470592e-03
2.271707733999999979e-01,4.321811916708617057e-03
2.271799324000000064e-01,4.321784298778213497e-03
2.272440349000000026e-01,4.321590974360809204e-03
2.272531909000000128e-01,4.321563359210145623e-03
2.272806568000000083e-01,4.321480511095876498e-03
2.273081193000000000e-01,4.321397666718859200e-03
2.273538827999999901e-01,4.321259598369858908e-03
2.273813365000000031e-01,4.321176759891814760e-03
2.274270852999999981e-01,4.321038700516472222e-03
2.274636777000000054e-01,4.320928258150903353e-03
2.274728249000000091e-01,4.320900648822777537e-03
2.274911181000000004e-01,4.320845430083890618e-03
2.275002641999999964e-01,4.320817820877486878e-03
2.275459891000000123e-01,4.320679783346676600e-03
2.276008468000000062e-01,4.320514144135079865e-03
2.276739698999999950e-01,4.320293306489130306e-03
2.276831085999999893e-01,4.320265705199584708e-03
2.276922469999999865e-01,4.320238101392030738e-03
2.277196599000000099e-01,4.320155294971594027e-03
2.277562052000000059e-01,4.320044888923221804e-03
2.277927448000000021e-01,4.319934487103478313e-03
2.278292784000000015e-01,4.319824091499407763e-03
2.279114577999999947e-01,4.319575713698668717e-03
2.279297157999999879e-01,4.319520522129519612e-03
2.279844812000000054e-01,4.319354955404793549e-03
2.280118590000000112e-01,4.319272174337922439e-03
2.280483574999999929e-01,4.319161805685658127e-03
2.280757276000000000e-01,4.319079031055344901e-03
2.281213370999999879e-01,4.318941079393874040e-03
2.281304578999999999e-01,4.318913489890573165e-03
2.282034112999999920e-01,4.318692783239643992e-03
2.282307627999999866e-01,4.318610025697474167e-03
2.282581110000000135e-01,4.318527266681405213e-03
2.283674710999999968e-01,4.318196261876626127e-03
2.284221314999999863e-01,4.318030775626766418e-03
2.284494568000000059e-01,4.317948036290947082e-03
2.284767789000000104e-01,4.317865299356457749e-03
2.284858855000000133e-01,4.317837719348928231e-03
2.284949917000000108e-01,4.317810141897883251e-03
2.285132031000000064e-01,4.317754986882165434e-03
2.285587253999999957e-01,4.317617102596610183e-03
2.285678287000000031e-01,4.317589523978697386e-03
2.285951365999999985e-01,4.317506798837689175e-03
2.286224411999999984e-01,4.317424075200433815e-03
2.286588422999999981e-01,4.317313781138359431e-03
2.287043354999999945e-01,4.317175919968734357e-03
2.287771058999999996e-01,4.316955355372455345e-03
2.288043888000000081e-01,4.316872647052637409e-03
2.288407608999999954e-01,4.316762376046512535e-03
2.288862180000000024e-01,4.316624540140523263e-03
2.289225770999999965e-01,4.316514280533395587e-03
2.289952781000000048e-01,4.316293768202433649e-03
2.290043640999999963e-01,4.316266205739422053e-03
2.290316199000000108e-01,4.316183520412367192e-03
2.290588725000000103e-01,4.316100837831154079e-03
2.290770390999999906e-01,4.316045715636328967e-03
2.291042862999999874e-01,4.315963036104346860e-03
2.291496909999999887e-01,4.315825242112930962e-03
2.292132426000000056e-01,4.315632344631448181e-03
2.292495498999999881e-01,4.315522122790010386e-03
2.292949259000000017e-01,4.315384351714916973e-03
2.293221471999999928e-01,4.315301691594893019e-03
2.293584371999999871e-01,4.315191483075908607e-03
2.293856509999999960e-01,4.315108831199673985e-03
2.293947215000000095e-01,4.315081280515786939e-03
2.294672728999999911e-01,4.314860885185861465e-03
2.295126057999999913e-01,4.314723148588725868e-03
2.295760568999999918e-01,4.314530329101579770e-03
2.296576112000000003e-01,4.314282437605459694e-03
2.296757304000000000e-01,4.314227354107244734e-03
2.297119646000000126e-01,4.314117188288525521e-03
2.297210222000000135e-01,4.314089646852700861e-03
2.297300794999999896e-01,4.314062107942573734e-03
2.297844156999999943e-01,4.313896873766081413e-03
2.297934705000000133e-01,4.313869333602518563e-03
2.298658959999999862e-01,4.313649038241719816e-03
2.299021001999999869e-01,4.313538897120606543e-03
2.299292495999999963e-01,4.313456294611378930e-03
2.299473475000000100e-01,4.313401227998196405e-03
2.299654439000000106e-01,4.313346161561051016e-03
2.300106785999999903e-01,4.313208502759058142e-03
2.300468599999999919e-01,4.313098377781989304e-03
2.300830356999999937e-01,4.312988260666835577e-03
2.300920787999999884e-01,4.312960731345480934e-03
2.301101637999999894e-01,4.312905672370005716e-03
2.301192058000000040e-01,4.312878145197091354e-03
2.302547927999999966e-01,4.312465257112631234e-03
2.302999706999999951e-01,4.312327640979753997e-03
2.303090051999999999e-01,4.312300118140570925e-03
2.303632049000000070e-01,4.312134991255642258e-03
2.303722368999999992e-01,4.312107470604430344e-03
2.304083616000000001e-01,4.311997392754299274e-03
2.304535094000000062e-01,4.311859801768388144e-03
2.305167015000000041e-01,4.311667185265387163e-03
2.305257274999999995e-01,4.311639668577328839e-03
2.305528034999999865e-01,4.311557123760772180e-03
2.305798762000000057e-01,4.311474581792135337e-03
2.305979230000000102e-01,4.311419555409689956e-03
2.306249904999999878e-01,4.311337016400950198e-03
2.306610755000000068e-01,4.311226968650944645e-03
2.306971549000000066e-01,4.311116925986310452e-03
2.307422462000000007e-01,4.310979380218848966e-03
2.307963440999999949e-01,4.310814331924059904e-03
2.308143739999999888e-01,4.310759317198067236e-03
2.308414161000000020e-01,4.310676800176227626e-03
2.308684550000000002e-01,4.310594282873986445e-03
2.308774673000000000e-01,4.310566779076701639e-03
2.309405432999999952e-01,4.310374253918428447e-03
2.309585618999999979e-01,4.310319250221689678e-03
2.309765790999999957e-01,4.310264246423453106e-03
2.309855871000000005e-01,4.310236744192933248e-03
2.310306220999999993e-01,4.310099242448275393e-03
2.310576389000000008e-01,4.310016745786750779e-03
2.310846525999999956e-01,4.309934248079875727e-03
2.310936564000000137e-01,4.309906752719717786e-03
2.311206658000000136e-01,4.309824259454991639e-03
2.311656745000000013e-01,4.309686777771858275e-03
2.311746752000000127e-01,4.309659283032935169e-03
2.312466680999999968e-01,4.309439329203132614e-03
2.312736595999999867e-01,4.309356850220366630e-03
2.313456217000000037e-01,4.309136920776107139e-03
2.314085700999999884e-01,4.308944499927352435e-03
2.314175613999999992e-01,4.308917011080797520e-03
2.314445330000000078e-01,4.308834547512770466e-03
2.314625123000000062e-01,4.308779575019290424e-03
2.315523879999999979e-01,4.308504726520012880e-03
2.315973128000000103e-01,4.308367311772514502e-03
2.316062966999999917e-01,4.308339829532126589e-03
2.316332463000000119e-01,4.308257385104930816e-03
2.316691743000000026e-01,4.308147463688836477e-03
2.316781554000000021e-01,4.308119981634185407e-03
2.317320348999999946e-01,4.307955109566183848e-03
2.317410135999999898e-01,4.307927632065395272e-03
2.318128305000000111e-01,4.307707819714636475e-03
2.318397561999999967e-01,4.307625393417874489e-03
2.318487307000000053e-01,4.307597919594859277e-03
2.319474273999999892e-01,4.307295716910266442e-03
2.319833067000000026e-01,4.307185834626876993e-03
2.320281480999999979e-01,4.307048486954845323e-03
2.320371153000000131e-01,4.307021020340608825e-03
2.320640149000000041e-01,4.306938615500673605e-03
2.320909113999999884e-01,4.306856214057456188e-03
2.321088406000000048e-01,4.306801280743986944e-03
2.321715820999999957e-01,4.306609021523603517e-03
2.322343067000000039e-01,4.306416779543608894e-03
2.322432658999999955e-01,4.306389316184957433e-03
2.322522248999999983e-01,4.306361853663119230e-03
2.322790995000000025e-01,4.306279470628311158e-03
2.323059711000000083e-01,4.306197088234000291e-03
2.323238837999999917e-01,4.306142169636143456e-03
2.323507502000000113e-01,4.306059790302113784e-03
2.324581846999999868e-01,4.305730306472607509e-03
2.325387281000000084e-01,4.305483219309225867e-03
2.325566228000000013e-01,4.305428315352157614e-03
2.325655695999999939e-01,4.305400862860516570e-03
2.325924081000000088e-01,4.305318506995348300e-03
2.326013536000000048e-01,4.305291054277141094e-03
2.326371319999999965e-01,4.305181254029962802e-03
2.326729050000000132e-01,4.305071456064427267e-03
2.326818474000000025e-01,4.305044007933350216e-03
2.326997311000000013e-01,4.304989113396752443e-03
2.327801908000000086e-01,4.304742092252025754e-03
2.328159418000000092e-01,4.304632313062328741e-03
2.328427513999999920e-01,4.304549982380759601e-03
2.328784928000000032e-01,4.304440211243886621e-03
2.328874271999999968e-01,4.304412768019996206e-03
2.329231616999999921e-01,4.304303002226938894e-03
2.329678222000000076e-01,4.304165799338098737e-03
2.329946143000000136e-01,4.304083483217447173e-03
2.330303324000000120e-01,4.303973730824682022e-03
2.330392609999999975e-01,4.303946293193219169e-03
2.331106779999999878e-01,4.303726804800876021e-03
2.331285288000000122e-01,4.303671934225601625e-03
2.331374536999999969e-01,4.303644499413964743e-03
2.332445258999999993e-01,4.303315308544122808e-03
2.332802056000000124e-01,4.303205588687874540e-03
2.333515489000000109e-01,4.302986157511957434e-03
2.333782970000000123e-01,4.302903875261458212e-03
2.334228703000000016e-01,4.302766747439568107e-03
2.334496101999999906e-01,4.302684472866596770e-03
2.335298114999999897e-01,4.302437661988150162e-03
2.335387211000000129e-01,4.302410240853342047e-03
2.335565391999999962e-01,4.302355397435281628e-03
2.335654477999999923e-01,4.302327976139156372e-03
2.336367038999999923e-01,4.302108618680678537e-03
2.336634193000000081e-01,4.302026363923049275e-03
2.336723237999999980e-01,4.301998944834346632e-03
2.336812279000000103e-01,4.301971527017675080e-03
2.336990351000000077e-01,4.301916694063688713e-03
2.337524487000000040e-01,4.301752198942270476e-03
2.338058500999999900e-01,4.301587713288362348e-03
2.338236478000000063e-01,4.301532886593158536e-03
2.338414441999999982e-01,4.301478062613012937e-03
2.338503419000000083e-01,4.301450649839990911e-03
2.339659810999999978e-01,4.301094316817340689e-03
2.340371152000000066e-01,4.300875060936708814e-03
2.340637848999999882e-01,4.300792843268444986e-03
2.340993398000000003e-01,4.300683224993513860e-03
2.341260025000000133e-01,4.300601011921043396e-03
2.341704334999999970e-01,4.300463999700473473e-03
2.342059722000000010e-01,4.300354392337138627e-03
2.342415055000000024e-01,4.300244792008202886e-03
2.342770335000000093e-01,4.300135196164473622e-03
2.343036759000000080e-01,4.300053001005174971e-03
2.343214358000000053e-01,4.299998204471930027e-03
2.344102153000000022e-01,4.299724246407010675e-03
2.344634667999999922e-01,4.299559885788206345e-03
2.344900880999999937e-01,4.299477708086058871e-03
2.345255783000000094e-01,4.299368142345102312e-03
2.345521925000000063e-01,4.299285971055315063e-03
2.345610633000000111e-01,4.299258582404185888e-03
2.345965428000000019e-01,4.299149024308197321e-03
2.346054117999999966e-01,4.299121636576544447e-03
2.346320169999999983e-01,4.299039473782683383e-03
2.346763521999999935e-01,4.298902538815831641e-03
2.347384073000000071e-01,4.298710843475782133e-03
2.348093075000000085e-01,4.298491776671422258e-03
2.348181685000000074e-01,4.298464395393373529e-03
2.348358895000000057e-01,4.298409633964619947e-03
2.348447495000000051e-01,4.298382251772445671e-03
2.348713275000000045e-01,4.298300110927049354e-03
2.349156175000000069e-01,4.298163214429009948e-03
2.349421875000000104e-01,4.298081079295379761e-03
2.350218795000000027e-01,4.297834689907884670e-03
2.350307325000000058e-01,4.297807316341934261e-03
2.351015444000000010e-01,4.297588323510031887e-03
2.351192441000000133e-01,4.297533577179934138e-03
2.351280933999999878e-01,4.297506206274892548e-03
2.351634874000000097e-01,4.297396720697814129e-03
2.352342594000000064e-01,4.297177761227936703e-03
2.352431044000000138e-01,4.297150394734926618e-03
2.353138523999999954e-01,4.296931457552433803e-03
2.353403775000000031e-01,4.296849357497224686e-03
2.353668995000000042e-01,4.296767263222214805e-03
2.353757394999999863e-01,4.296739899486386356e-03
2.354022575999999978e-01,4.296657808236316149e-03
2.354376103999999970e-01,4.296548357626861145e-03
2.354552846999999893e-01,4.296493632024380935e-03
2.354817938000000055e-01,4.296411549246567478e-03
2.355083000000000037e-01,4.296329468917097633e-03
2.355171346999999915e-01,4.296302107974110662e-03
2.355878003999999915e-01,4.296083238301513958e-03
2.356584449999999942e-01,4.295864387569044499e-03
2.356672740000000099e-01,4.295837033666841283e-03
2.357202415999999912e-01,4.295672906889736430e-03
2.357643721000000081e-01,4.295536144712080832e-03
2.358261409000000086e-01,4.295344685330259975e-03
2.358702515999999971e-01,4.295207939506582445e-03
2.359496301000000018e-01,4.294961811733925654e-03
2.359760837000000055e-01,4.294879774327546237e-03
2.360113504999999945e-01,4.294770396708370852e-03
2.360906815000000103e-01,4.294524310584105393e-03
2.361083069999999895e-01,4.294469627304972267e-03
2.361171193000000113e-01,4.294442284060471203e-03
2.361523650000000030e-01,4.294332923189289435e-03
2.361611755999999951e-01,4.294305584678368218e-03
2.362316486999999909e-01,4.294086876760484436e-03
2.362932953999999919e-01,4.293895522364879480e-03
2.363021006999999896e-01,4.293868187027613179e-03
2.363285148000000002e-01,4.293786184828380856e-03
2.363725318000000075e-01,4.293649515418548196e-03
2.363901362999999978e-01,4.293594850624900781e-03
2.363989380000000029e-01,4.293567517329727537e-03
2.364693401999999889e-01,4.293348871987445574e-03
2.365045335000000026e-01,4.293239552696368616e-03
2.365309250000000030e-01,4.293157569642343414e-03
2.365397214999999942e-01,4.293130241534257908e-03
2.365661089999999966e-01,4.293048258428654174e-03
2.365836990999999889e-01,4.292993606269663968e-03
2.366364615000000060e-01,4.292829653723431900e-03
2.366452541000000076e-01,4.292802331308593483e-03
2.366716299000000134e-01,4.292720358342091980e-03
2.367155830000000072e-01,4.292583744470862550e-03
2.367243726999999909e-01,4.292556420970448927e-03
2.367507396000000097e-01,4.292474458746330102e-03
2.367771036999999912e-01,4.292392498202651785e-03
2.367946780999999890e-01,4.292337856966650655e-03
2.368210373000000091e-01,4.292255900082484268e-03
2.368473935000000030e-01,4.292173944334102924e-03
2.368561781999999893e-01,4.292146627308772791e-03
2.369527889999999970e-01,4.291846150974961902e-03
2.370054692999999935e-01,4.291682266633097334e-03
2.370669146999999921e-01,4.291491083138209567e-03
2.371371186000000020e-01,4.291272604174788813e-03
2.371458925999999912e-01,4.291245295493770033e-03
2.371985299000000103e-01,4.291081449274597101e-03
2.372160731000000078e-01,4.291026835376203843e-03
2.372423854000000054e-01,4.290944918732980846e-03
2.373476056000000112e-01,4.290617274530783565e-03
2.373739032999999943e-01,4.290535367485010139e-03
2.374089624999999870e-01,4.290426165249631649e-03
2.374264900999999983e-01,4.290371564576910685e-03
2.374527791000000110e-01,4.290289667308468113e-03
2.374878266000000071e-01,4.290180475133794497e-03
2.375141088000000122e-01,4.290098583818758096e-03
2.375666644999999966e-01,4.289934806263171266e-03
2.375929380000000035e-01,4.289852921220214076e-03
2.376192085999999926e-01,4.289771040378503007e-03
2.376542315999999877e-01,4.289661867606920503e-03
2.376629865000000064e-01,4.289634574335990727e-03
2.376892493999999967e-01,4.289552698623122322e-03
2.376980029999999910e-01,4.289525410253349283e-03
2.377767712999999949e-01,4.289279801570345697e-03
2.378730081000000052e-01,4.288979641367971808e-03
2.378992477999999910e-01,4.288897787433317184e-03
2.379866925000000133e-01,4.288624953614319883e-03
2.380129196000000114e-01,4.288543107747334188e-03
2.380478846000000093e-01,4.288433986478992592e-03
2.380828445000000015e-01,4.288324869810548716e-03
2.381177992000000077e-01,4.288215755858107610e-03
2.381265371000000075e-01,4.288188477683052037e-03
2.381876933000000029e-01,4.287997542743622603e-03
2.381964286000000097e-01,4.287970265806477846e-03
2.382226326999999921e-01,4.287888441049880761e-03
2.382924959999999925e-01,4.287670254451802880e-03
2.383186895000000138e-01,4.287588437887727109e-03
2.383274200000000120e-01,4.287561166717352226e-03
2.383536096999999965e-01,4.287479357034058858e-03
2.383623388999999981e-01,4.287452084348100309e-03
2.384059802999999866e-01,4.287315738424339780e-03
2.384757899000000125e-01,4.287097599046326563e-03
2.385019633000000083e-01,4.287015800476135820e-03
2.385281337000000057e-01,4.286934004947178141e-03
2.385368566000000135e-01,4.286906737797027515e-03
2.386066279000000068e-01,4.286688633116522186e-03
2.386153478999999966e-01,4.286661368760714443e-03
2.386763789000000135e-01,4.286470542415587830e-03
2.386850963000000103e-01,4.286443282132908206e-03
2.387112466999999905e-01,4.286361505156103396e-03
2.387461093999999895e-01,4.286252468237870296e-03
2.387548243000000014e-01,4.286225213486764135e-03
2.387722530999999981e-01,4.286170697141558628e-03
2.388158196000000066e-01,4.286034415378834825e-03
2.388506670999999970e-01,4.285925395701687887e-03
2.388767992999999978e-01,4.285843633321591468e-03
2.388942192000000075e-01,4.285789126523476510e-03
2.389551789999999898e-01,4.285598358257032385e-03
2.389900061000000131e-01,4.285489356530246263e-03
2.390248282000000113e-01,4.285380357228139522e-03
2.390335329000000120e-01,4.285353109122210825e-03
2.390509413999999944e-01,4.285298611096978461e-03
2.390857546000000056e-01,4.285189619996089203e-03
2.391031593000000066e-01,4.285135128562803444e-03
2.391640657000000114e-01,4.284944407916469432e-03
2.392336540999999983e-01,4.284726459704312797e-03
2.392423512999999891e-01,4.284699217818193490e-03
2.392684407000000013e-01,4.284617489951265436e-03
2.393379988000000069e-01,4.284399568952663127e-03
2.393640777999999913e-01,4.284317852360411578e-03
2.393727702000000013e-01,4.284290615473931862e-03
2.393814622999999864e-01,4.284263377253844443e-03
2.394509874999999899e-01,4.284045482061967815e-03
2.394683656999999910e-01,4.283991013186961086e-03
2.394770542999999918e-01,4.283963778396206873e-03
2.395204924999999874e-01,4.283827606491423523e-03
2.395465516999999989e-01,4.283745910550585713e-03
2.395812928999999925e-01,4.283636980779569059e-03
2.396073454000000047e-01,4.283555286515269497e-03
2.396507600999999987e-01,4.283419138605902045e-03
2.397288867000000046e-01,4.283174086584851104e-03
2.397896341999999903e-01,4.282983506820161983e-03
2.398850634999999953e-01,4.282684048327635440e-03
2.398937369999999958e-01,4.282656827114913155e-03
2.399284278999999909e-01,4.282547944425272625e-03
2.399370997999999977e-01,4.282520723656287401e-03
2.399631137000000081e-01,4.282439065227609636e-03
2.399891248999999893e-01,4.282357407938078807e-03
2.399977946000000084e-01,4.282330189381779346e-03
2.400064640000000027e-01,4.282302972244135877e-03
2.400238020000000083e-01,4.282248535639798792e-03
2.400758081999999904e-01,4.282085237072568752e-03
2.401278031999999896e-01,4.281921949173789210e-03
2.401451323999999887e-01,4.281867520826286577e-03
2.401971123999999957e-01,4.281704244387665378e-03
2.402750613000000091e-01,4.281459348472940220e-03
2.403010385999999887e-01,4.281377720165712060e-03
2.403096970999999971e-01,4.281350511893087553e-03
2.403789537999999892e-01,4.281132856099610466e-03
2.404741491999999869e-01,4.280833606391551069e-03
2.404828015000000097e-01,4.280806402727839639e-03
2.404914533999999993e-01,4.280779198819720417e-03
2.405174073999999940e-01,4.280697594760652161e-03
2.405606577999999940e-01,4.280561588085846081e-03
2.406211953000000070e-01,4.280371193947786479e-03
2.406298423000000075e-01,4.280343996647042494e-03
2.406903622999999881e-01,4.280153615624676319e-03
2.406990068000000038e-01,4.280126418387603625e-03
2.407162948999999885e-01,4.280072029662252905e-03
2.407249384000000048e-01,4.280044833156870093e-03
2.407508671999999961e-01,4.279963250490388324e-03
2.407940756999999987e-01,4.279827282718606275e-03
2.408545545000000121e-01,4.279636938032457989e-03
2.408631931000000115e-01,4.279609746485351154e-03
2.408977444000000023e-01,4.279500986434833440e-03
2.409322906999999958e-01,4.279392230455421157e-03
2.409581972000000016e-01,4.279310665716090471e-03
2.409754665999999934e-01,4.279256292597228943e-03
2.410013685000000072e-01,4.279174731196905279e-03
2.410272675000000031e-01,4.279093174268749911e-03
2.410963181000000122e-01,4.278875699209712391e-03
2.411049480000000134e-01,4.278848514976458205e-03
2.411394645999999919e-01,4.278739787047992904e-03
2.411739763000000092e-01,4.278631060113593544e-03
2.411826035000000090e-01,4.278603880737604989e-03
2.412429849000000126e-01,4.278413623909238517e-03
2.412688580000000027e-01,4.278332090674041334e-03
2.413205958999999901e-01,4.278169028816471847e-03
2.413464606999999873e-01,4.278087501175764813e-03
2.413895624999999878e-01,4.277951628612120145e-03
2.414068011000000125e-01,4.277897280289037762e-03
2.414154199000000112e-01,4.277870107937476254e-03
2.414498921999999881e-01,4.277761418845324459e-03
2.414843594999999954e-01,4.277652733600220344e-03
2.415446655000000054e-01,4.277462542662253779e-03
2.415791193000000059e-01,4.277353870980979411e-03
2.415963442999999877e-01,4.277299533218764313e-03
2.416221795999999866e-01,4.277218032162632966e-03
2.416480121000000036e-01,4.277136536674893720e-03
2.416566223000000124e-01,4.277109368816213106e-03
2.416824512000000091e-01,4.277027875294187910e-03
2.417599210999999970e-01,4.276783405545137549e-03
2.418029492000000058e-01,4.276647598759716028e-03
2.418631757999999965e-01,4.276457479008132639e-03
2.419319876999999896e-01,4.276240219199623459e-03
2.419405877999999954e-01,4.276213062530695962e-03
2.419577871999999963e-01,4.276158752228951393e-03
2.420695529000000124e-01,4.275805750352440482e-03
2.421039319999999939e-01,4.275697143231528378e-03
2.421383061999999864e-01,4.275588540566961290e-03
2.421468989999999988e-01,4.275561390396650542e-03
2.421726755999999980e-01,4.275479943115173195e-03
2.421984493000000072e-01,4.275398496519858781e-03
2.423358633000000095e-01,4.274964162247350125e-03
2.423530345000000086e-01,4.274909875479407199e-03
2.423702045999999999e-01,4.274855590113093955e-03
2.424045410000000011e-01,4.274747023313869680e-03
2.424474547999999896e-01,4.274611319143889476e-03
2.424903609000000071e-01,4.274475622308676614e-03
2.425075211999999925e-01,4.274421346658435067e-03
2.425589948999999912e-01,4.274258522037280988e-03
2.426104575999999957e-01,4.274095706707762080e-03
2.426533348999999895e-01,4.273960037852253709e-03
2.426790577000000060e-01,4.273878637213126934e-03
2.426876313000000118e-01,4.273851504206045357e-03
2.427219227999999895e-01,4.273742976010256635e-03
2.427562094999999864e-01,4.273634454271236192e-03
2.427647804999999992e-01,4.273607324088977456e-03
2.427819213999999892e-01,4.273553064475813824e-03
2.427904914000000025e-01,4.273525935594742545e-03
2.428333369000000019e-01,4.273390293236633934e-03
2.428590405999999924e-01,4.273308912595904195e-03
2.428933078999999939e-01,4.273200407544268734e-03
2.429190052000000100e-01,4.273119030020340083e-03
2.429532641000000104e-01,4.273010530300193344e-03
2.429618280999999991e-01,4.272983408557959328e-03
2.429703917000000102e-01,4.272956285863770652e-03
2.430645720999999870e-01,4.272657945997654361e-03
2.431672726999999923e-01,4.272332518979700573e-03
2.431758290999999905e-01,4.272305403231528576e-03
2.432014966000000111e-01,4.272224055059293743e-03
2.432271614000000026e-01,4.272142707510638224e-03
2.432442696999999876e-01,4.272088479020435571e-03
2.432699298999999871e-01,4.272007135959040441e-03
2.433041394000000079e-01,4.271898682782288709e-03
2.433297933000000135e-01,4.271817344537147745e-03
2.434323820000000027e-01,4.271492023244401193e-03
2.434494759999999980e-01,4.271437808584249360e-03
2.435007505000000017e-01,4.271275164158495549e-03
2.435092952000000033e-01,4.271248058517321256e-03
2.435776420999999914e-01,4.271031217253372196e-03
2.435861840999999917e-01,4.271004113703079190e-03
2.436118083000000101e-01,4.270922805055998341e-03
2.436459698000000007e-01,4.270814396003554982e-03
2.437228154999999952e-01,4.270570490353860389e-03
2.437825677000000080e-01,4.270380801910565564e-03
2.437911024999999954e-01,4.270353707095327772e-03
2.438167052000000112e-01,4.270272416380210996e-03
2.438593703999999973e-01,4.270136938498612922e-03
2.438764344000000084e-01,4.270082750337788127e-03
2.438849659000000003e-01,4.270055653943232929e-03
2.439190891000000139e-01,4.269947281407148083e-03
2.439873211999999958e-01,4.269730547021367666e-03
2.440129033000000003e-01,4.269649276333549286e-03
2.440214300000000114e-01,4.269622185619534327e-03
2.440470086000000038e-01,4.269540917150159258e-03
2.440640594000000052e-01,4.269486742486925529e-03
2.441237280999999926e-01,4.269297128735413845e-03
2.441492959000000074e-01,4.269215873872175826e-03
2.442004234000000051e-01,4.269053364604574914e-03
2.442941295999999929e-01,4.268755456451425213e-03
2.443367113999999896e-01,4.268620057168217088e-03
2.444048268000000024e-01,4.268403428341623930e-03
2.444218526999999974e-01,4.268349275580929879e-03
2.444303651999999993e-01,4.268322200590621979e-03
2.444984545999999981e-01,4.268105595770817565e-03
2.445239831999999891e-01,4.268024373787168355e-03
2.445324922000000067e-01,4.267997301165514339e-03
2.445580172000000052e-01,4.267916081784723162e-03
2.445665250000000068e-01,4.267889009131592588e-03
2.446345763999999978e-01,4.267672442167458162e-03
2.446770990000000090e-01,4.267537097202692142e-03
2.447026089999999876e-01,4.267455890524049326e-03
2.447366182000000057e-01,4.267347621772827997e-03
2.447961227999999878e-01,4.267158162261001572e-03
2.448046222999999966e-01,4.267131099752402915e-03
2.448301190000000127e-01,4.267049906691675921e-03
2.448641105000000096e-01,4.266941654800134910e-03
2.448726075999999863e-01,4.266914592825718326e-03
2.449320792999999941e-01,4.266725162355234149e-03
2.449405739999999942e-01,4.266698102876346523e-03
2.449490685000000056e-01,4.266671042818653663e-03
2.450085216000000010e-01,4.266481629416702705e-03
2.450170137000000081e-01,4.266454570922819690e-03
2.451019187000000044e-01,4.266184011164970112e-03
2.451104075999999965e-01,4.266156954739893162e-03
2.451358724999999905e-01,4.266075792605809359e-03
2.452122512999999893e-01,4.265832320713176286e-03
2.452207362999999918e-01,4.265805267884052732e-03
2.452377055999999944e-01,4.265751164569933987e-03
2.452461897999999862e-01,4.265724116034149554e-03
2.452886062999999894e-01,4.265588866410420683e-03
2.453140527000000071e-01,4.265507721178954208e-03
2.453394963999999956e-01,4.265426581441621526e-03
2.453734173000000074e-01,4.265318391343132960e-03
2.454158117999999944e-01,4.265183166040778864e-03
2.454242898000000006e-01,4.265156120559411394e-03
2.454751518000000132e-01,4.264993859492802360e-03
2.454836277999999927e-01,4.264966817937398610e-03
2.454921035000000029e-01,4.264939772849602601e-03
2.455175287999999956e-01,4.264858648501236929e-03
2.455514250999999981e-01,4.264750483111999502e-03
2.456446157999999935e-01,4.264453056450124603e-03
2.456530859000000122e-01,4.264426018321630651e-03
2.456784945000000109e-01,4.264344907666061876e-03
2.456954322000000079e-01,4.264290836170980988e-03
2.457885682000000016e-01,4.263993460569564901e-03
2.458224271999999988e-01,4.263885332413595158e-03
2.458308912000000124e-01,4.263858299648461136e-03
2.458985927000000016e-01,4.263642057868987159e-03
2.459239759000000081e-01,4.263560971278989968e-03
2.459578162000000123e-01,4.263452858765181402e-03
2.460170254999999861e-01,4.263263676902020322e-03
2.460254828000000005e-01,4.263236649707903905e-03
2.460508530000000138e-01,4.263155574328806111e-03
2.460593091000000121e-01,4.263128552973619728e-03
2.461269477999999955e-01,4.262912367241323067e-03
2.461607601999999950e-01,4.262804284628974281e-03
2.461692125000000120e-01,4.262777261344614932e-03
2.462283710000000014e-01,4.262588126897034861e-03
2.463044108999999926e-01,4.262344968792002725e-03
2.463213055000000040e-01,4.262290937964172653e-03
2.463635369000000130e-01,4.262155863598012656e-03
2.463973167999999880e-01,4.262047810434215975e-03
2.464310920999999988e-01,4.261939757836892377e-03
2.464395352000000039e-01,4.261912747968802859e-03
2.464564204999999952e-01,4.261858725454955969e-03
2.464901877000000019e-01,4.261750681963226255e-03
2.465070695000000089e-01,4.261696663590413235e-03
2.465914613999999894e-01,4.261426579934433391e-03
2.466420826999999871e-01,4.261264544526579927e-03
2.466673893999999922e-01,4.261183528240841678e-03
2.466926936000000126e-01,4.261102516827390899e-03
2.467011276999999947e-01,4.261075514394841411e-03
2.467348614000000051e-01,4.260967502625137744e-03
2.467685904999999957e-01,4.260859495439799083e-03
2.468360347999999926e-01,4.260643498866409709e-03
2.468444640000000134e-01,4.260616500085384617e-03
2.468697499999999989e-01,4.260535503610505051e-03
2.469118875999999907e-01,4.260400518268497687e-03
2.469371666999999881e-01,4.260319530838807198e-03
2.469624431999999925e-01,4.260238545553540236e-03
2.469708680999999906e-01,4.260211551088276434e-03
2.469961411000000107e-01,4.260130566445215379e-03
2.470045649000000010e-01,4.260103571599994227e-03
2.470466795000000049e-01,4.259968611132122600e-03
2.470719447999999985e-01,4.259887634834058114e-03
2.471393063000000001e-01,4.259671713806484003e-03
2.471729802000000031e-01,4.259563758039311074e-03
2.472403140999999971e-01,4.259347863637713560e-03
2.472487295999999946e-01,4.259320877803084160e-03
2.472655596999999983e-01,4.259266905361279269e-03
2.473160429000000049e-01,4.259105001039972804e-03
2.473412806999999991e-01,4.259024051958711782e-03
2.473749271000000027e-01,4.258916124490390830e-03
2.474001589000000001e-01,4.258835182572346875e-03
2.474422061000000062e-01,4.258700282495445251e-03
2.474758387999999865e-01,4.258592365863356384e-03
2.475178731000000076e-01,4.258457479793082215e-03
2.475346848999999960e-01,4.258403527351670159e-03
2.476103236999999957e-01,4.258160748577932697e-03
2.476439334999999964e-01,4.258052858267763301e-03
2.476523351999999900e-01,4.258025882911015483e-03
2.476775387000000050e-01,4.257944969853232065e-03
2.477195389000000081e-01,4.257810113020791404e-03
2.477699295999999940e-01,4.257648296937957023e-03
2.477783271000000009e-01,4.257621327732239412e-03
2.478371014000000094e-01,4.257432555180551068e-03
2.478454965999999926e-01,4.257405589324522906e-03
2.478538915000000065e-01,4.257378624842309868e-03
2.478790744999999907e-01,4.257297726244130102e-03
2.479881714000000126e-01,4.256947203623017394e-03
2.480468959999999889e-01,4.256758478628994320e-03
2.480552839999999870e-01,4.256731519964590191e-03
2.480720593999999890e-01,4.256677599008126464e-03
2.481056066000000004e-01,4.256569765370611484e-03
2.481223785999999987e-01,4.256515851283947625e-03
2.481475343000000000e-01,4.256434981151802077e-03
2.481726874999999888e-01,4.256354113253320304e-03
2.481810714000000084e-01,4.256327156492403958e-03
2.482062211999999934e-01,4.256246292971380650e-03
2.482565132000000008e-01,4.256084571022006845e-03
2.482816552999999871e-01,4.256003712933126119e-03
2.483486886999999865e-01,4.255788105568860009e-03
2.483738215000000082e-01,4.255707256931980098e-03
2.483821985999999926e-01,4.255680308286976209e-03
2.484575793000000088e-01,4.255437779003804974e-03
2.484743275000000085e-01,4.255383887113793617e-03
2.484827011000000085e-01,4.255356943660614996e-03
2.485161928999999881e-01,4.255249162175028625e-03
2.485245651999999916e-01,4.255222216374426533e-03
2.485496802000000116e-01,4.255141387124568991e-03
2.485747927999999995e-01,4.255060557661388167e-03
2.487086833999999913e-01,4.254629509989694795e-03
2.487254145999999999e-01,4.254575637437117003e-03
2.487505094000000139e-01,4.254494823145561419e-03
2.488759453000000121e-01,4.254090803541128903e-03
2.488843054000000055e-01,4.254063869719975494e-03
2.489093842000000001e-01,4.253983074952489771e-03
2.489261020000000102e-01,4.253929210054605697e-03
2.489511765000000099e-01,4.253848418441247975e-03
2.489846052999999948e-01,4.253740700616308670e-03
2.490096739000000059e-01,4.253659912898680173e-03
2.490598036999999987e-01,4.253498346885238070e-03
2.490848647999999999e-01,4.253417568521242892e-03
2.491099233000000079e-01,4.253336790067402916e-03
2.491182755999999943e-01,4.253309865462892581e-03
2.491266276000000113e-01,4.253282942086176154e-03
2.491767337999999943e-01,4.253121398623715965e-03
2.491934336000000139e-01,4.253067552882660793e-03
2.492518742000000009e-01,4.252879104046169458e-03
2.492602217999999870e-01,4.252852182707195401e-03
2.492769159999999873e-01,4.252798342514710513e-03
2.492852627000000099e-01,4.252771422875585919e-03
2.493854013000000036e-01,4.252448409356845982e-03
2.494104296000000109e-01,4.252367662845068716e-03
2.494604787999999962e-01,4.252206172486118832e-03
2.494854995999999936e-01,4.252125433221594711e-03
2.495271954000000125e-01,4.251990871507177819e-03
2.495522095999999912e-01,4.251910139397165923e-03
2.495855579000000046e-01,4.251802496645500605e-03
2.496439065999999929e-01,4.251614138657368487e-03
2.496522411000000052e-01,4.251587229078849887e-03
2.496605752000000122e-01,4.251560322357316769e-03
2.497105742999999878e-01,4.251398885580724187e-03
2.497189065000000041e-01,4.251371977985654582e-03
2.497522325000000043e-01,4.251264358483663151e-03
2.497772241000000004e-01,4.251183646078041285e-03
2.497938838000000050e-01,4.251129840370090548e-03
2.498605114000000127e-01,4.250914628216079585e-03
2.498854920999999951e-01,4.250833925974519152e-03
2.499520953000000101e-01,4.250618736300659610e-03
2.499770668999999890e-01,4.250538043015362859e-03
2.499853901999999906e-01,4.250511146102994506e-03
