q,I
2.039995199999999811e-03,6.578232436605056625e-03
2.884988900000000096e-03,6.577893321371105530e-03
4.079990399999999622e-03,6.577215149830723320e-03
4.561568000000000220e-03,6.576876093521792470e-03
5.769977800000000191e-03,6.575859042424946239e-03
6.119985599999999866e-03,6.575520064665137457e-03
6.451031299999999968e-03,6.575181106539478883e-03
7.355307299999999833e-03,6.574164349954837207e-03
8.159980799999999243e-03,6.573147770032381279e-03
8.411115699999999196e-03,6.572808949310643412e-03
8.654966599999999385e-03,6.572470148213018643e-03
9.123135799999999504e-03,6.571792604885110661e-03
1.019997589999999989e-02,6.570099089899705119e-03
1.040197520000000000e-02,6.569760445749914420e-03
1.098571020000000016e-02,6.568744630972588906e-03
1.153995529999999985e-02,6.567728992677020552e-03
1.189511369999999950e-02,6.567051998508718381e-03
1.223997100000000053e-02,6.566375082751702355e-03
1.240880609999999926e-02,6.566036654274298723e-03
1.290206219999999980e-02,6.565021486431512135e-03
1.306234239999999949e-02,6.564683136342881406e-03
1.368470339999999959e-02,6.563329931916482042e-03
1.427996599999999984e-02,6.561977040915069163e-03
1.442494390000000071e-02,6.561638867127969101e-03
1.471061409999999993e-02,6.560962578300973125e-03
1.485138870000000076e-02,6.560624463258552322e-03
1.553614000000000037e-02,6.558934181707312162e-03
1.593287120000000043e-02,6.557920247660240474e-03
1.631996089999999955e-02,6.556906489734690667e-03
1.644696630000000090e-02,6.556568609558438912e-03
1.682223050000000025e-02,6.555555086409110138e-03
1.730993239999999850e-02,6.554203996048584523e-03
1.742972569999999902e-02,6.553866272349859017e-03
1.754870130000000042e-02,6.553528568205211485e-03
1.824627070000000087e-02,6.551502753902912167e-03
1.835995569999999966e-02,6.551165186601808944e-03
1.847294110000000100e-02,6.550827638844789955e-03
1.880782519999999944e-02,6.549815112825765721e-03
1.924527490000000132e-02,6.548465351675268609e-03
1.935309240000000069e-02,6.548127960226030574e-03
2.009162109999999835e-02,6.545766766931601296e-03
2.019492059999999922e-02,6.545429531710336528e-03
2.039995039999999843e-02,6.544755119835214859e-03
2.050169640000000168e-02,6.544417943178866895e-03
2.080394890000000080e-02,6.543406530319721172e-03
2.100303430000000082e-02,6.542732352659444937e-03
2.129817330000000064e-02,6.541721232512793215e-03
2.168544450000000137e-02,6.540373345440033716e-03
2.197141860000000058e-02,6.539362634933917028e-03
2.206591980000000008e-02,6.539025770434498709e-03
2.243994499999999934e-02,6.537678507416560918e-03
2.253248119999999924e-02,6.537341740400793091e-03
2.280783739999999934e-02,6.536331556306561839e-03
2.307990860000000075e-02,6.535321547615739399e-03
2.325952140000000015e-02,6.534648305918282565e-03
2.379022509999999951e-02,6.532629048379411454e-03
2.387752890000000017e-02,6.532292573628071565e-03
2.447993949999999891e-02,6.529937795580985187e-03
2.456479220000000116e-02,6.529601476589653487e-03
2.464935279999999965e-02,6.529265177062729304e-03
2.481760959999999849e-02,6.528592636397122229e-03
2.490131170000000130e-02,6.528256395255974294e-03
2.523334379999999863e-02,6.526911625273381506e-03
2.556106320000000112e-02,6.525567166562358003e-03
2.580412149999999905e-02,6.524559026753274163e-03
2.596489630000000173e-02,6.523887030778200216e-03
2.612468180000000056e-02,6.523215112576371578e-03
2.651993379999999928e-02,6.521535657264437499e-03
2.659827940000000085e-02,6.521199824510876333e-03
2.683194360000000153e-02,6.520192442845489621e-03
2.721692649999999866e-02,6.518513861979905073e-03
2.736940339999999888e-02,6.517842565606577453e-03
2.744532419999999931e-02,6.517506946552015755e-03
2.774693010000000085e-02,6.516164664518814612e-03
2.834051430000000121e-02,6.513481032283062293e-03
2.841384049999999897e-02,6.513145665588584814e-03
2.855992799999999832e-02,6.512474990409285701e-03
2.863269220000000045e-02,6.512139681921992086e-03
2.884988380000000005e-02,6.511133872854789860e-03
2.899377430000000047e-02,6.510463430459796468e-03
2.920828110000000047e-02,6.509457912317326463e-03
2.942122390000000143e-02,6.508452568685112530e-03
2.970277299999999829e-02,6.507112381911544716e-03
3.012016249999999867e-02,6.505102683167724234e-03
3.032670299999999999e-02,6.504098095360890015e-03
3.059992200000000162e-02,6.502758916129567149e-03
3.066784640000000048e-02,6.502424169738085270e-03
3.087072290000000135e-02,6.501420046743143152e-03
3.107227489999999856e-02,6.500416097991540409e-03
3.113916889999999993e-02,6.500081487122610045e-03
3.120591959999999970e-02,6.499746895609139624e-03
3.166923519999999964e-02,6.497405296863113452e-03
3.173487090000000344e-02,6.497070860148598803e-03
3.186573689999999681e-02,6.496402044751367622e-03
3.193096869999999948e-02,6.496067666066117526e-03
3.225514909999999819e-02,6.494396062724550750e-03
3.263991580000000226e-02,6.492390776738033928e-03
3.270360349999999749e-02,6.492056630058837090e-03
3.289392669999999935e-02,6.491054305971228830e-03
3.295712349999999763e-02,6.490720236587907421e-03
3.320870809999999784e-02,6.489384152251226334e-03
3.345840099999999873e-02,6.488048376969962790e-03
3.364445469999999966e-02,6.487046748279244775e-03
3.376792089999999802e-02,6.486379092357495366e-03
3.395227840000000080e-02,6.485377753258397132e-03
3.419654240000000178e-02,6.484042904670480646e-03
3.461985769999999935e-02,6.481707662500441405e-03
3.467990950000000155e-02,6.481374133636593794e-03
3.473985749999999872e-02,6.481040624059175408e-03
3.485944419999999905e-02,6.480373662758671070e-03
3.491908400000000301e-02,6.480040211033143496e-03
3.509739530000000052e-02,6.479039971540657625e-03
3.521576790000000012e-02,6.478373241603445527e-03
3.562697489999999689e-02,6.476040293932450176e-03
3.568533189999999883e-02,6.475707092770566220e-03
3.609118929999999975e-02,6.473375224003502341e-03
3.614879690000000201e-02,6.473042176931441752e-03
3.632107169999999885e-02,6.472043151244662867e-03
3.649253310000000194e-02,6.471044298826003453e-03
3.671990299999999818e-02,6.469712765072164334e-03
3.677652580000000115e-02,6.469379929745334469e-03
3.694587359999999820e-02,6.468381539213175456e-03
3.722640800000000250e-02,6.466717939747009675e-03
3.744932249999999990e-02,6.465387406364490192e-03
3.750484409999999685e-02,6.465054821090639517e-03
3.761564139999999667e-02,6.464389708220471056e-03
3.794609239999999911e-02,6.462394830942266161e-03
3.811024350000000172e-02,6.461397651741924986e-03
3.832801789999999709e-02,6.460068348448003324e-03
3.849054019999999937e-02,6.459071572664682424e-03
3.870617500000000238e-02,6.457742807140147943e-03
3.875989619999999775e-02,6.457410663760337725e-03
3.881354310000000030e-02,6.457078539578651501e-03
3.897404079999999826e-02,6.456082282209936116e-03
3.918701509999999999e-02,6.454754207750675217e-03
3.924007809999999902e-02,6.454422237109695183e-03
3.939883820000000120e-02,6.453426440304321603e-03
3.960952859999999909e-02,6.452098979792629703e-03
4.007953250000000078e-02,6.449113315465732771e-03
4.018323120000000248e-02,6.448450045378324030e-03
4.023498040000000192e-02,6.448118439082888183e-03
4.038983000000000156e-02,6.447123735174779477e-03
4.049273419999999818e-02,6.446460695039118484e-03
4.064660190000000256e-02,6.445466278515675322e-03
4.079988930000000291e-02,6.444472034379068737e-03
4.085085730000000137e-02,6.444140657969362265e-03
4.100338109999999980e-02,6.443146643630604832e-03
4.105409649999999799e-02,6.442815343810442096e-03
4.125633449999999841e-02,6.441490335960801950e-03
4.130673929999999910e-02,6.441159131850080453e-03
4.160788569999999964e-02,6.439172309045840085e-03
4.185718599999999762e-02,6.437517149487002877e-03
4.200605599999999995e-02,6.436524283259303925e-03
4.205556230000000173e-02,6.436193366094056754e-03
4.244953370000000004e-02,6.433546716987624710e-03
4.259633349999999985e-02,6.432554538924518776e-03
4.283988209999999713e-02,6.430901290934190086e-03
4.288842589999999899e-02,6.430570698642411320e-03
4.303372860000000133e-02,6.429579036357616073e-03
4.322670569999999962e-02,6.428257087310537861e-03
4.327481560000000227e-02,6.427926647778680995e-03
4.337087509999999757e-02,6.427265825982202488e-03
4.361009829999999698e-02,6.425614105493734039e-03
4.365778569999999997e-02,6.425283818643951622e-03
4.380053619999999676e-02,6.424293072568358631e-03
4.394282299999999891e-02,6.423302498178058359e-03
4.403742540000000344e-02,6.422642210615668243e-03
4.413182499999999953e-02,6.421981999333549289e-03
4.455414840000000015e-02,6.419011992271875418e-03
4.474056810000000273e-02,6.417692484660383022e-03
4.478705179999999814e-02,6.417362655390187673e-03
4.487987470000000256e-02,6.416703054000452711e-03
4.492621420000000171e-02,6.416373281878504434e-03
4.506494700000000103e-02,6.415384079789885306e-03
4.515719859999999669e-02,6.414724706949555440e-03
4.529522390000000065e-02,6.413735790493127822e-03
4.561565869999999884e-02,6.411428985010176121e-03
4.584316940000000146e-02,6.409781837696588123e-03
4.602436819999999873e-02,6.408464462262484368e-03
4.615980060000000190e-02,6.407476630379204188e-03
4.624986849999999927e-02,6.406818170863693741e-03
4.651902589999999671e-02,6.404843248562811300e-03
4.656373419999999819e-02,6.404514161369109088e-03
4.660839960000000282e-02,6.404185093178771729e-03
4.691986699999999705e-02,6.401882147839356441e-03
4.696419369999999677e-02,6.401553231632469212e-03
4.709692359999999994e-02,6.400566596961940712e-03
4.731731260000000133e-02,6.398922585605378889e-03
4.744905459999999853e-02,6.397936406594856643e-03
4.758043189999999756e-02,6.396950398397056002e-03
4.762414379999999753e-02,6.396621766950521225e-03
4.775503939999999753e-02,6.395635986452197913e-03
4.779859160000000246e-02,6.395307430895827948e-03
4.801576009999999894e-02,6.393664937632628081e-03
4.814559110000000280e-02,6.392679669246234021e-03
4.836120139999999790e-02,6.391037934449920674e-03
4.849010740000000291e-02,6.390053121027691047e-03
4.866145090000000006e-02,6.388740301761987317e-03
4.895985910000000274e-02,6.386443597397650773e-03
4.900234049999999814e-02,6.386115572531576336e-03
4.904478510000000180e-02,6.385787566601235955e-03
4.912956429999999763e-02,6.385131611542928763e-03
4.929868529999999888e-02,6.383819928602054404e-03
4.934087499999999932e-02,6.383492055188099909e-03
4.938302859999999656e-02,6.383164200700211857e-03
4.963519859999999950e-02,6.381197471153384447e-03
4.967710250000000050e-02,6.380869749114424956e-03
4.980260260000000244e-02,6.379886696491419637e-03
5.001106959999999935e-02,6.378248653693851210e-03
5.017721960000000314e-02,6.376938559785843078e-03
5.038413659999999711e-02,6.375301367687002257e-03
5.046666589999999897e-02,6.374646623127864717e-03
5.050787989999999672e-02,6.374319279189247928e-03
5.067240099999999886e-02,6.373010092346748437e-03
5.099985089999999749e-02,6.370392625188403546e-03
5.104063439999999979e-02,6.370065526757030631e-03
5.112210379999999887e-02,6.369411386523390721e-03
5.116278989999999832e-02,6.369084344718722868e-03
5.136573690000000025e-02,6.367449418768661960e-03
5.148712109999999814e-02,6.366468689614038744e-03
5.160821980000000059e-02,6.365488130231328201e-03
5.164852290000000040e-02,6.365161314825227776e-03
5.192976900000000062e-02,6.362874134960406700e-03
5.200984570000000140e-02,6.362220824670142098e-03
5.212973010000000046e-02,6.361241000591357810e-03
5.224933949999999855e-02,6.360261346111764115e-03
5.228914839999999897e-02,6.359934832301597681e-03
5.244808220000000271e-02,6.358628965444728352e-03
5.264607470000000344e-02,6.356997055646710845e-03
5.292201970000000311e-02,6.354713172704060803e-03
5.296132299999999765e-02,6.354386979003325518e-03
5.303984240000000211e-02,6.353734648058326391e-03
5.307905849999999814e-02,6.353408510811575823e-03
5.319653330000000124e-02,6.352430211960084956e-03
5.339175040000000011e-02,6.350800090098389881e-03
5.354741159999999722e-02,6.349496331124466000e-03
5.366386120000000287e-02,6.348518709311122901e-03
5.385738429999999827e-02,6.346889715559106415e-03
5.389600549999999657e-02,6.346563973188449476e-03
5.401170360000000226e-02,6.345586858814613457e-03
5.420398480000000047e-02,6.343958710579814843e-03
5.431902689999999756e-02,6.342982047019424426e-03
5.443382580000000193e-02,6.342005552454860022e-03
5.473877910000000263e-02,6.339402392906248393e-03
5.481475239999999971e-02,6.338751790684877055e-03
5.489062050000000081e-02,6.338101263510657370e-03
5.492851530000000121e-02,6.337776028063281560e-03
5.507983360000000272e-02,6.336475273843934775e-03
5.511759819999999949e-02,6.336150132175667575e-03
5.523073729999999903e-02,6.335174819679711099e-03
5.541878909999999742e-02,6.333549673810671271e-03
5.549383139999999881e-02,6.332899746670403798e-03
5.568099469999999995e-02,6.331275256754593204e-03
5.571835189999999743e-02,6.330950414979298439e-03
5.601631270000000107e-02,6.328352355071249942e-03
5.612764020000000215e-02,6.327378391578663414e-03
5.627573429999999793e-02,6.326080035664067604e-03
5.642343970000000125e-02,6.324781979194454493e-03
5.657075939999999664e-02,6.323484222093658444e-03
5.668099790000000193e-02,6.322511100683055919e-03
5.671769649999999774e-02,6.322186764285591017e-03
5.682764989999999905e-02,6.321213867294489704e-03
5.690083420000000003e-02,6.320565362789789740e-03
5.711982439999999800e-02,6.318620297919730171e-03
5.715624119999999919e-02,6.318296185856184764e-03
5.726535270000000094e-02,6.317323961781400737e-03
5.744674450000000071e-02,6.315703961971583756e-03
5.748295419999999850e-02,6.315380018046192791e-03
5.759144669999999994e-02,6.314408298321690788e-03
5.769973510000000333e-02,6.313436746649753704e-03
5.773578619999999995e-02,6.313112933432006232e-03
5.777181470000000013e-02,6.312789138881951152e-03
5.798751569999999883e-02,6.310846763538255355e-03
5.802338790000000079e-02,6.310523099629304113e-03
5.805923799999999912e-02,6.310199454378695970e-03
5.834524540000000231e-02,6.307610963928966981e-03
5.841652840000000069e-02,6.306964027816174684e-03
5.845213739999999963e-02,6.306640587728291891e-03
5.873623160000000093e-02,6.304053738110645955e-03
5.884241330000000020e-02,6.303083977006872229e-03
5.887776470000000151e-02,6.302760760569219717e-03
5.915981499999999754e-02,6.300175699642005661e-03
5.919497680000000012e-02,6.299852650830091091e-03
5.930033710000000291e-02,6.298883616104669798e-03
5.940551060000000272e-02,6.297914748919804587e-03
5.947552290000000103e-02,6.297268930525509040e-03
5.958038699999999854e-02,6.296300342503793890e-03
5.971991950000000299e-02,6.295009152288796872e-03
5.999801099999999693e-02,6.292427664651343254e-03
6.003268190000000254e-02,6.292105062372916821e-03
6.024028800000000294e-02,6.290169839067314729e-03
6.027481950000000005e-02,6.289847366899523236e-03
6.041274809999999662e-02,6.288557664041645630e-03
6.055036250000000314e-02,6.287268258428379761e-03
6.058471719999999894e-02,6.286945953460636345e-03
6.065336839999999757e-02,6.286301399239717889e-03
6.085885719999999804e-02,6.284368182207676276e-03
6.113176780000000032e-02,6.281791598951072010e-03
6.119980530000000002e-02,6.281147638690585608e-03
6.123379560000000166e-02,6.280825686386830482e-03
6.133565380000000067e-02,6.279859940767898094e-03
6.136956899999999882e-02,6.279538062655066338e-03
6.150504259999999696e-02,6.278250735639333280e-03
6.167396609999999807e-02,6.276641994011800292e-03
6.174140610000000001e-02,6.275998627108070847e-03
6.194328550000000044e-02,6.274068971122360311e-03
6.204397889999999777e-02,6.273104393229307456e-03
6.214450920000000322e-02,6.272139982027095419e-03
6.217798310000000050e-02,6.271818548663229617e-03
6.227829700000000329e-02,6.270854359665937842e-03
6.241179809999999883e-02,6.269569033512252879e-03
6.244512879999999933e-02,6.269247748247468686e-03
6.257827400000000317e-02,6.267962792247233281e-03
6.284371810000000114e-02,6.265393768285847445e-03
6.297602060000000168e-02,6.264109700174253122e-03
6.300905280000000663e-02,6.263788729369983849e-03
6.323979509999999582e-02,6.261542451313193564e-03
6.327268960000000109e-02,6.261221628372887552e-03
6.333842739999999416e-02,6.260580037924252245e-03
6.337127069999999585e-02,6.260259270413552450e-03
6.346969869999999347e-02,6.259297078721951305e-03
6.353523260000000505e-02,6.258655709949444840e-03
6.373143000000000558e-02,6.256732046834210213e-03
6.376407089999999722e-02,6.256411500936323589e-03
6.386189339999999437e-02,6.255449973998685256e-03
6.389446769999999887e-02,6.255129501934261413e-03
6.402459889999999321e-02,6.253847798218930068e-03
6.405709029999999415e-02,6.253527418419783240e-03
6.441341509999999604e-02,6.250004458043185822e-03
6.451025289999999524e-02,6.249044037903433470e-03
6.479989830000000561e-02,6.246163772748590699e-03
6.483200120000000288e-02,6.245843835415635162e-03
6.492821479999999479e-02,6.244884133940982462e-03
6.505627819999999784e-02,6.243604789820503091e-03
6.508825470000000057e-02,6.243284999826488081e-03
6.518409000000000009e-02,6.242325740312295798e-03
6.527978469999999589e-02,6.241366646475491123e-03
6.531165170000000075e-02,6.241046985341584460e-03
6.540715969999999491e-02,6.240088112358723425e-03
6.556603060000000538e-02,6.238490358713301431e-03
6.569285060000000509e-02,6.237212486906150606e-03
6.578780519999999354e-02,6.236254276148762814e-03
6.585103220000000646e-02,6.235615560911082246e-03
6.591419860000000130e-02,6.234976919209679440e-03
6.607185029999999848e-02,6.233380636615775024e-03
6.619770129999999475e-02,6.232103941313635667e-03
6.635467940000000509e-02,6.230508485529640851e-03
6.641736669999999398e-02,6.229870431781862200e-03
6.644868819999999454e-02,6.229551432453159926e-03
6.660507479999999703e-02,6.227956711214776946e-03
6.669873070000000015e-02,6.227000098753745529e-03
6.682340109999999889e-02,6.225724872402898374e-03
6.691675140000000188e-02,6.224768645296810225e-03
6.710306259999999912e-02,6.222856686352352257e-03
6.728885780000000427e-02,6.220945387555062121e-03
6.731977379999999622e-02,6.220626901918821679e-03
6.735067570000000114e-02,6.220308434611959182e-03
6.744329620000000247e-02,6.219353142655119869e-03
6.753578970000000126e-02,6.218398015619939351e-03
6.756659280000000545e-02,6.218079676585415785e-03
6.759738179999999486e-02,6.217761355870771688e-03
6.781251330000000188e-02,6.215533623729905047e-03
6.790450389999999614e-02,6.214579156067115417e-03
6.793513980000000230e-02,6.214261036795467284e-03
6.808811230000000325e-02,6.212670715004016062e-03
6.817973099999999342e-02,6.211716741540977867e-03
6.839303080000000423e-02,6.209491443791703182e-03
6.842344790000000343e-02,6.209173617276900724e-03
6.854498139999999629e-02,6.207902494080526877e-03
6.857533120000000593e-02,6.207584758991360578e-03
6.881764710000000396e-02,6.205043536318944480e-03
6.902897569999999483e-02,6.202820925799424484e-03
6.923965930000000601e-02,6.200599210227506625e-03
6.926970470000000379e-02,6.200281895322425768e-03
6.929973700000000014e-02,6.199964598672333578e-03
6.935976259999999949e-02,6.199330060132317820e-03
6.938975599999999688e-02,6.199012818240181612e-03
6.947965829999999676e-02,6.198061202061014123e-03
6.962923760000000462e-02,6.196475540017501969e-03
6.971883119999999767e-02,6.195524361693531892e-03
6.977849630000000636e-02,6.194890334000761715e-03
6.983811040000000026e-02,6.194256379249062257e-03
7.010574679999999337e-02,6.191404485265059217e-03
7.019473210000000407e-02,6.190454181984724781e-03
7.025399309999999509e-02,6.189820737561900835e-03
7.034279089999999346e-02,6.188870707550548494e-03
7.043147669999999527e-02,6.187920841458937650e-03
7.046101389999999409e-02,6.187604255849711403e-03
7.069686679999999390e-02,6.185072226391168625e-03
7.072629310000000391e-02,6.184755804618472658e-03
7.081449859999999763e-02,6.183806648485509240e-03
7.096126429999999319e-02,6.182225085478601154e-03
7.104917809999999889e-02,6.181276365952354662e-03
7.116622760000000658e-02,6.180011661176976895e-03
7.125388859999999547e-02,6.179063323499842629e-03
7.137060239999999667e-02,6.177799127743616343e-03
7.139975099999999741e-02,6.177483124239672475e-03
7.142888779999999327e-02,6.177167138907535548e-03
7.151622679999999899e-02,6.176219291930113917e-03
7.163251310000000316e-02,6.174955750294885450e-03
7.166155520000000445e-02,6.174639910295283592e-03
7.174861100000000380e-02,6.173692499260291684e-03
7.186452140000000599e-02,6.172429538752653710e-03
7.209578290000000222e-02,6.169904489023001273e-03
7.212463850000000454e-02,6.169588939467429353e-03
7.218231499999999690e-02,6.168957894783982238e-03
7.229752999999999874e-02,6.167696023095753897e-03
7.235506869999999702e-02,6.167065196072642717e-03
7.244129109999999927e-02,6.166119091538276378e-03
7.264207849999999855e-02,6.163912148798466294e-03
7.281374140000000661e-02,6.162021190376062302e-03
7.289942130000000298e-02,6.161075955737884031e-03
7.298500049999999406e-02,6.160130884106897707e-03
7.304199769999999980e-02,6.159500926897280328e-03
7.312741009999999819e-02,6.158556126876193505e-03
7.324113840000000264e-02,6.157296646947677324e-03
7.343973900000000388e-02,6.155093253806976673e-03
7.346806670000000095e-02,6.154778555727932060e-03
7.355298439999999327e-02,6.153834570020059319e-03
7.358126850000000496e-02,6.153519944290018230e-03
7.369429630000000342e-02,6.152261622201918474e-03
7.372252619999999923e-02,6.151947086882238007e-03
7.389167900000000178e-02,6.150060254575539197e-03
7.391983359999999836e-02,6.149745845782417925e-03
7.394797729999999514e-02,6.149431455059704670e-03
7.414468470000000477e-02,6.147231225882377435e-03
7.417274320000000198e-02,6.146916979683532747e-03
7.425685499999999661e-02,6.145974349444049446e-03
7.445274629999999727e-02,6.143775510822434456e-03
7.470385179999999847e-02,6.140949732057992931e-03
7.481518369999999585e-02,6.139694299437146313e-03
7.484299079999999493e-02,6.139380486369781093e-03
7.489857399999999554e-02,6.138752914332472506e-03
7.500961690000000626e-02,6.137497986615465979e-03
7.506507669999999688e-02,6.136870630917471044e-03
7.523121089999999789e-02,6.134988996355877217e-03
7.525886430000000571e-02,6.134675453661300390e-03
7.547972660000000500e-02,6.132167760574018696e-03
7.550728900000000521e-02,6.131854379979742066e-03
7.558991580000000432e-02,6.130914346224794823e-03
7.569994450000000485e-02,6.129661219907702081e-03
7.572742679999999726e-02,6.129347983324992880e-03
7.580981359999999780e-02,6.128408381549867341e-03
7.589211099999999821e-02,6.127468941710756747e-03
7.591952370000000505e-02,6.127155831078168538e-03
7.616579349999999526e-02,6.124338644722576545e-03
7.622041209999999567e-02,6.123712801098235396e-03
7.638403350000000369e-02,6.121835701607637389e-03
7.646571289999999632e-02,6.120897394458531954e-03
7.657448329999999581e-02,6.119646569772044936e-03
7.665595969999999815e-02,6.118708639851338192e-03
7.668309930000000163e-02,6.118396032461142185e-03
7.679156169999999670e-02,6.117145782453173482e-03
7.681865340000000597e-02,6.116833264833715193e-03
7.689987119999999732e-02,6.115895819675344625e-03
7.698100330000000324e-02,6.114958536042934198e-03
7.711603370000000290e-02,6.113396755518682446e-03
7.722388809999999881e-02,6.112147653994311029e-03
7.741227159999999885e-02,6.109962416729906691e-03
7.751971380000000078e-02,6.108714104112819392e-03
7.754655109999999962e-02,6.108402070764420121e-03
7.762700729999999494e-02,6.107466078234839377e-03
7.768059839999999494e-02,6.106842172800268365e-03
7.776091590000000497e-02,6.105906449003418134e-03
7.789459440000000290e-02,6.104347267546548703e-03
7.794800159999999700e-02,6.103723720308781506e-03
7.808135970000000536e-02,6.102165165497645642e-03
7.810800410000000304e-02,6.101853508232159447e-03
7.818788249999999995e-02,6.100918643808112170e-03
7.837394890000000391e-02,6.098737919681712638e-03
7.848007460000000490e-02,6.097492185102120626e-03
7.850658350000000452e-02,6.097180796160896546e-03
7.871833409999999531e-02,6.094690328188857864e-03
7.874476290000000100e-02,6.094379100120010835e-03
7.879759379999999591e-02,6.093756697588229888e-03
7.882399599999999340e-02,6.093445523123074657e-03
7.921897310000000636e-02,6.088780049390027024e-03
7.935019529999999544e-02,6.087225784101468577e-03
7.937641369999999530e-02,6.086914984577347296e-03
7.945501689999999451e-02,6.085982693051788031e-03
7.955970049999999683e-02,6.084739887418246125e-03
7.958584990000000525e-02,6.084429230597648321e-03
7.966424649999999386e-02,6.083497367128529176e-03
7.979473639999999646e-02,6.081944617921019626e-03
7.997706450000000022e-02,6.079771517599519975e-03
8.000307750000000551e-02,6.079461145969213692e-03
8.015897800000000573e-02,6.077599290258476478e-03
8.021087740000000521e-02,6.076978814164402803e-03
8.028866380000000691e-02,6.076048233564038462e-03
8.036637480000000111e-02,6.075117813185039808e-03
8.039226180000000332e-02,6.074807708658287210e-03
8.046987279999999465e-02,6.073877501860693723e-03
8.049572650000000329e-02,6.073567468518608660e-03
8.070225790000000454e-02,6.071087842249306941e-03
8.077957099999999446e-02,6.070158275871318822e-03
8.083107209999999820e-02,6.069538653859494516e-03
8.090826210000000296e-02,6.068609354179383721e-03
8.098537860000000477e-02,6.067680214477542272e-03
8.121628870000000000e-02,6.064893754937406879e-03
8.124190489999999487e-02,6.064584237146198979e-03
8.129311300000000018e-02,6.063965254844659418e-03
8.144654410000000400e-02,6.062108734107830160e-03
8.152315139999999349e-02,6.061180713403137993e-03
8.159968680000000141e-02,6.060252852433736792e-03
8.162518259999999859e-02,6.059943600935332672e-03
8.165067049999999438e-02,6.059634367180934469e-03
8.170162240000000686e-02,6.059015952899173690e-03
8.182886339999999314e-02,6.057470227634054530e-03
8.193051390000000156e-02,6.056233966656752316e-03
8.200666909999999865e-02,6.055306957096866921e-03
8.205739989999999429e-02,6.054689039360691173e-03
8.210809939999999529e-02,6.054071192523610180e-03
8.213343739999999504e-02,6.053762295689409448e-03
8.223471150000000174e-02,6.052526885555977419e-03
8.233586090000000191e-02,6.051291758893439718e-03
8.251257400000000519e-02,6.049130969120121611e-03
8.253778790000000642e-02,6.048822355694329599e-03
8.261338329999999563e-02,6.047896621632984325e-03
8.266374179999999572e-02,6.047279554094542840e-03
8.283975550000000077e-02,6.045120375134709935e-03
8.304045720000000075e-02,6.042653803418091864e-03
8.306551080000000586e-02,6.042345561530146347e-03
8.321567409999999776e-02,6.040496481442828546e-03
8.324067490000000569e-02,6.040188363291190687e-03
8.326566829999999808e-02,6.039880262811759409e-03
8.334060340000000455e-02,6.038956067394932355e-03
8.363967260000000625e-02,6.035260875516184481e-03
8.366454680000000310e-02,6.034953057638969137e-03
8.371427300000000571e-02,6.034337474842839388e-03
8.373912499999999759e-02,6.034029709921575300e-03
8.386327459999999567e-02,6.032491150040105408e-03
8.393767620000000540e-02,6.031568225850625700e-03
8.401201190000000263e-02,6.030645460428835959e-03
8.403677589999999920e-02,6.030337907231381363e-03
8.411102400000000645e-02,6.029415353453026170e-03
8.425932399999999656e-02,6.027570721958322442e-03
8.433337620000000423e-02,6.026648644181882217e-03
8.445665230000000412e-02,6.025112200333022743e-03
8.453053160000000010e-02,6.024190545441680117e-03
8.462893709999999570e-02,6.022961918845455738e-03
8.484993209999999730e-02,6.020198539058769019e-03
8.489896399999999343e-02,6.019584648286078164e-03
8.492346929999999849e-02,6.019277729296267435e-03
8.502141990000000593e-02,6.018050229288782887e-03
8.511925789999999492e-02,6.016823010750482238e-03
8.519256259999999359e-02,6.015902781517840081e-03
8.521698349999999589e-02,6.015596073609901819e-03
8.524139740000000187e-02,6.015289383284833612e-03
8.541209930000000228e-02,6.013143043237753095e-03
8.543645739999999877e-02,6.012836493535942718e-03
8.563107309999999639e-02,6.010384728453199363e-03
8.567965800000000576e-02,6.009771962844974447e-03
8.570394000000000623e-02,6.009465606384064781e-03
8.577674509999999586e-02,6.008546642361155612e-03
8.580099970000000520e-02,6.008240356136371890e-03
8.589794970000000363e-02,6.007015386788512774e-03
8.599479040000000685e-02,6.005790698269630919e-03
8.606734940000000667e-02,6.004872366131610781e-03
8.609152209999999805e-02,6.004566290508466485e-03
8.628466029999999620e-02,6.002118316975622696e-03
8.645330230000000671e-02,5.999977260691653248e-03
8.654952159999999839e-02,5.998754185560721541e-03
8.657355969999999679e-02,5.998448460585447360e-03
8.659759109999999593e-02,5.998142753130816102e-03
8.666964550000000322e-02,5.997225735880602239e-03
8.674163999999999486e-02,5.996308876277265699e-03
8.678960310000000122e-02,5.995697724108418544e-03
8.686149819999999799e-02,5.994781127183347429e-03
8.698119120000000204e-02,5.993253815776132011e-03
8.714848529999999482e-02,5.991116314855854386e-03
8.722008450000000301e-02,5.990200505467668801e-03
8.731545890000000365e-02,5.988979671150635245e-03
8.760095880000000335e-02,5.985318846614308061e-03
8.762470840000000094e-02,5.985013891504844738e-03
8.771964279999999725e-02,5.983794245777077254e-03
8.774336039999999781e-02,5.983489378017148655e-03
8.781447459999999761e-02,5.982574879531942121e-03
8.788553120000000551e-02,5.981660538215855319e-03
8.793287040000000165e-02,5.981051064639912596e-03
8.800383150000000432e-02,5.980136985206396978e-03
8.807473540000000656e-02,5.979223062862325244e-03
8.809835729999999920e-02,5.978918456984663385e-03
8.826353389999999632e-02,5.976786704379249797e-03
8.828710539999999607e-02,5.976482238070769670e-03
8.831067049999999363e-02,5.976177789203228861e-03
8.838132819999999779e-02,5.975264547237116829e-03
8.849896570000000129e-02,5.973742826014202117e-03
8.856947319999999846e-02,5.972830002464299751e-03
8.866339600000000543e-02,5.971613148383971524e-03
8.887435929999999706e-02,5.968876245873147926e-03
8.894456929999999817e-02,5.967964258521439580e-03
8.906146280000000470e-02,5.966444627793624812e-03
8.910817729999999381e-02,5.965836897344081388e-03
8.922485650000000490e-02,5.964317875747046291e-03
8.941122649999999616e-02,5.961888345785798689e-03
8.943449539999999420e-02,5.961584732799703537e-03
8.948101510000000536e-02,5.960977558988104184e-03
8.957398210000000471e-02,5.959763419976802333e-03
8.962042940000000679e-02,5.959156454759403053e-03
8.969005530000000170e-02,5.958246137269028117e-03
8.975962719999999728e-02,5.957335976155101430e-03
8.978280580000000399e-02,5.957032623862322171e-03
8.985230589999999851e-02,5.956122671204324218e-03
8.996801999999999577e-02,5.954606430775759990e-03
9.006048429999999327e-02,5.953393750955380745e-03
9.012977020000000061e-02,5.952484423348707726e-03
9.017593120000000351e-02,5.951878291717769588e-03
9.031427279999999780e-02,5.950060313240494378e-03
9.033730919999999331e-02,5.949757377543483418e-03
9.036033960000000587e-02,5.949454459190855332e-03
9.054437240000000331e-02,5.947031736638490849e-03
9.059032220000000357e-02,5.946426229368236525e-03
9.061328829999999723e-02,5.946123501732229755e-03
9.088842950000000642e-02,5.942492121628826542e-03
9.097995829999999673e-02,5.941282215869174953e-03
9.107139520000000210e-02,5.940072587130241361e-03
9.109424000000000687e-02,5.939770223221807824e-03
9.116274030000000306e-02,5.938863235342099929e-03
9.123118909999999859e-02,5.937956403207644666e-03
9.134515649999999654e-02,5.936445362337895194e-03
9.143622810000000267e-02,5.935236840982097313e-03
9.161809969999999692e-02,5.932820628213248890e-03
9.164080830000000122e-02,5.932518679403067131e-03
9.168620859999999928e-02,5.931914833627907092e-03
9.179961109999999758e-02,5.930405521569458334e-03
9.182227469999999780e-02,5.930103710985353861e-03
9.189023229999999931e-02,5.929198382869549540e-03
9.200338330000000509e-02,5.927689848063978292e-03
9.204860469999999462e-02,5.927086555001915766e-03
9.216156120000000562e-02,5.925578624420975785e-03
9.218413590000000546e-02,5.925277090080248443e-03
9.225182690000000019e-02,5.924372590589243974e-03
9.231946820000000442e-02,5.923468246372190320e-03
9.236453490000000321e-02,5.922865436476195712e-03
9.243209369999999536e-02,5.921961350983621399e-03
9.249960320000000236e-02,5.921057420686719371e-03
9.252209549999999838e-02,5.920756145070506064e-03
9.261200969999999755e-02,5.919551214990770305e-03
9.272427989999999787e-02,5.918045440176052108e-03
9.279157679999999742e-02,5.917142182053392561e-03
9.290363000000000093e-02,5.915637096365126447e-03
9.303791570000000122e-02,5.913831561823628021e-03
9.306027779999999361e-02,5.913530699657379083e-03
9.312733189999999883e-02,5.912628216435234819e-03
9.321666239999999715e-02,5.911425146410504046e-03
9.323898160000000657e-02,5.911124421921634155e-03
9.341734349999999965e-02,5.908719245292931577e-03
9.343961480000000097e-02,5.908418675608236373e-03
9.359536559999999394e-02,5.906315169215059155e-03
9.361759449999999816e-02,5.906014737060045171e-03
9.377304960000000522e-02,5.903912193132414450e-03
9.383959440000000374e-02,5.903011360580409823e-03
9.386176549999999952e-02,5.902711117415623820e-03
9.392824739999999784e-02,5.901810490963137722e-03
9.397254260000000026e-02,5.901210159185841207e-03
9.403894620000000093e-02,5.900309790284444939e-03
9.412741149999999390e-02,5.899109538731329115e-03
9.419370589999999377e-02,5.898209530264853472e-03
9.430409309999999989e-02,5.896709859303099141e-03
9.432615499999999487e-02,5.896409976573158303e-03
9.439230989999999877e-02,5.895510431289266960e-03
9.450246499999999383e-02,5.894011532103263576e-03
9.463448200000000587e-02,5.892213418787121612e-03
9.465646689999999974e-02,5.891913793218643038e-03
9.483216279999999443e-02,5.889517405454334532e-03
9.489796490000000639e-02,5.888619042664355874e-03
9.491988880000000461e-02,5.888319622649499166e-03
9.500753380000000192e-02,5.887122113803917520e-03
9.509509800000000290e-02,5.885924878848542395e-03
9.516071830000000231e-02,5.885027132330805308e-03
9.520444000000000129e-02,5.884428720206970158e-03
9.524814160000000252e-02,5.883830376516642133e-03
9.537912649999999437e-02,5.882035755961763542e-03
9.550993169999999477e-02,5.880241750998689045e-03
9.555349359999999737e-02,5.879643886102250104e-03
9.559703569999999928e-02,5.879046089570595483e-03
9.561879930000000138e-02,5.878747216938640802e-03
9.579273010000000088e-02,5.876356850958018574e-03
9.587957719999999628e-02,5.875162077905058018e-03
9.590127669999999604e-02,5.874863427332099527e-03
9.596634569999999698e-02,5.873967578051888377e-03
9.603137069999999331e-02,5.873071882407936324e-03
9.607469620000000377e-02,5.872474837317535543e-03
9.613964780000000543e-02,5.871579397668942948e-03
9.622618180000000465e-02,5.870385717001290471e-03
9.629103129999999622e-02,5.869490635610817228e-03
9.642059930000000667e-02,5.867700933272500079e-03
9.648531809999999487e-02,5.866806312266954065e-03
9.665768969999999349e-02,5.864421406146416715e-03
9.672224980000000694e-02,5.863527347478744017e-03
9.674376029999999516e-02,5.863229361990380563e-03
9.676526600000000256e-02,5.862931393533892151e-03
9.691567219999999705e-02,5.860846091142889527e-03
9.693713980000000230e-02,5.860548258903226261e-03
9.698006060000000095e-02,5.859952645489843737e-03
9.717296979999999473e-02,5.857273227502261467e-03
9.725858440000000049e-02,5.856082817381921997e-03
9.732274600000000164e-02,5.855190188360650562e-03
9.742958790000000313e-02,5.853702813369675122e-03
9.751497720000000535e-02,5.852513219340342923e-03
9.762160879999999541e-02,5.851026609145160151e-03
9.768553189999999720e-02,5.850134846892209896e-03
9.777069770000000604e-02,5.848946068336254890e-03
9.791955950000000297e-02,5.846866359569654475e-03
9.794080700000000472e-02,5.846569326217805618e-03
9.796204990000000057e-02,5.846272309837841595e-03
9.800452190000000230e-02,5.845678327989055172e-03
9.802575099999999431e-02,5.845381362518327177e-03
9.808941070000000428e-02,5.844490567907500468e-03
9.811062140000000042e-02,5.844193670300653655e-03
9.813182759999999893e-02,5.843896789657458679e-03
9.825896829999999915e-02,5.842115861967203498e-03
9.844937149999999360e-02,5.839445614879571270e-03
9.847050470000000277e-02,5.839149005504164040e-03
9.853387700000000582e-02,5.838259279044464775e-03
9.859720869999999415e-02,5.837369705062481727e-03
9.868158759999999530e-02,5.836183843557224936e-03
9.870267110000000010e-02,5.835887420519827833e-03
9.876589439999999831e-02,5.834998253003784684e-03
9.887117689999999626e-02,5.833516645733592861e-03
9.895532220000000101e-02,5.832331664571538919e-03
9.903939609999999616e-02,5.831146954139478956e-03
9.914438809999999436e-02,5.829666446708803469e-03
9.927023199999999992e-02,5.827890395843463543e-03
9.935403930000000217e-02,5.826706700039798771e-03
9.945869920000000031e-02,5.825227460535200782e-03
9.947961800000000576e-02,5.824931663323618461e-03
9.954234789999999444e-02,5.824044373048430263e-03
9.960503830000000391e-02,5.823157234790018837e-03
9.962592630000000060e-02,5.822861555813688833e-03
9.964681000000000233e-02,5.822565893724003690e-03
9.970943470000000197e-02,5.821679008763267632e-03
9.979287320000000683e-02,5.820496731828840239e-03
9.995954120000000165e-02,5.818132988035342942e-03
9.998035519999999565e-02,5.817837595985073107e-03
1.000219702000000044e-01,5.817246862488765179e-03
1.000427710999999970e-01,5.816951521040513579e-03
1.001467112000000020e-01,5.815475066756671876e-03
1.002920464000000011e-01,5.813408738846158677e-03
1.003542684999999962e-01,5.812523422550339332e-03
1.003750006000000000e-01,5.812228350818399517e-03
1.004578862999999933e-01,5.811048232362146099e-03
1.004785970000000028e-01,5.810753244860599777e-03
1.006441294999999986e-01,5.808393951105629387e-03
1.007061340000000027e-01,5.807509493744819097e-03
1.007681004000000047e-01,5.806625187865551395e-03
1.007887474000000033e-01,5.806330452896713359e-03
1.009331579999999950e-01,5.804267779211193939e-03
1.009743802999999995e-01,5.803678595264866527e-03
1.010155856999999935e-01,5.803089478588448376e-03
1.011391013000000061e-01,5.801322532093583853e-03
1.012830123999999971e-01,5.799261859309523710e-03
1.013035545000000037e-01,5.798967544698147188e-03
1.013446261000000015e-01,5.798378965875852255e-03
1.014472322999999954e-01,5.796907812773409788e-03
1.014677410999999946e-01,5.796613632536665346e-03
1.015292426999999942e-01,5.795731192574270912e-03
1.016316624999999974e-01,5.794260795067238470e-03
1.018566236999999958e-01,5.791027397322927837e-03
1.019587146000000000e-01,5.789558342038854909e-03
1.019995224000000006e-01,5.788970837299585621e-03
1.020199202000000027e-01,5.788677110077274438e-03
1.020810889999999999e-01,5.787796028987371964e-03
1.021829558000000027e-01,5.786327895697558621e-03
1.022440270999999956e-01,5.785447216793047909e-03
1.023253987999999948e-01,5.784273212775372340e-03
1.024270225000000062e-01,5.782806084568728466e-03
1.024473352000000032e-01,5.782512709158805532e-03
1.025082489999999957e-01,5.781632683373179316e-03
1.025894110999999997e-01,5.780459549988806178e-03
1.026705091000000014e-01,5.779286684348424949e-03
1.027312905999999970e-01,5.778407210784226172e-03
1.029134196000000001e-01,5.775769693215268216e-03
1.029740576000000019e-01,5.774890821638499830e-03
1.029942623999999946e-01,5.774597897875472993e-03
1.030952267999999949e-01,5.773133529733892773e-03
1.031557580000000002e-01,5.772255109349176856e-03
1.032162536999999963e-01,5.771376839304963140e-03
1.032364110999999945e-01,5.771084116027828080e-03
1.032968595999999989e-01,5.770206046393400352e-03
1.034176504999999996e-01,5.768450357919271965e-03
1.035784859999999974e-01,5.766110374601389477e-03
1.036387349999999957e-01,5.765233156146081124e-03
1.038593488000000009e-01,5.762017972565575304e-03
1.038793813000000038e-01,5.761725783176316860e-03
1.038994099999999976e-01,5.761433610454080347e-03
1.039594729999999967e-01,5.760557192276438178e-03
1.040195012999999974e-01,5.759680924061360945e-03
1.040395030000000054e-01,5.759388867976318258e-03
1.040595009000000043e-01,5.759096828549533677e-03
1.041194715000000048e-01,5.758220810208774729e-03
1.041993786000000033e-01,5.757053018906718896e-03
1.042193458000000017e-01,5.756761112708562965e-03
1.042592687999999990e-01,5.756177350257908089e-03
1.043590092999999996e-01,5.754718235430631400e-03
1.044387331999999946e-01,5.753551243122661737e-03
1.044984860999999959e-01,5.752676173587314631e-03
1.045383024999999994e-01,5.752092877069567463e-03
1.045781035999999997e-01,5.751509647080272312e-03
1.046775404000000048e-01,5.750051863113893671e-03
1.047570218000000025e-01,5.748885935192464720e-03
1.048562888999999970e-01,5.747428899246368947e-03
1.048959693999999970e-01,5.746846201182396162e-03
1.049158040000000014e-01,5.746554877070981886e-03
1.050149209999999972e-01,5.745098505675816022e-03
1.051535277999999934e-01,5.743060283186641156e-03
1.052919521000000025e-01,5.741022874081365586e-03
1.053117120999999962e-01,5.740731882015393667e-03
1.053907153000000069e-01,5.739568079654770207e-03
1.055485441999999968e-01,5.737241271049259989e-03
1.056470674999999970e-01,5.735787554515038925e-03
1.057848460000000018e-01,5.733753047428505854e-03
1.058045140000000023e-01,5.733462469832322286e-03
1.058438389999999951e-01,5.732881364334746835e-03
1.058634960999999958e-01,5.732590836431260273e-03
1.059224453000000010e-01,5.731719352088997417e-03
1.060206211000000037e-01,5.730267209351025924e-03
1.060794830000000022e-01,5.729396122361777276e-03
1.060990963999999953e-01,5.729105793134772230e-03
1.061579148000000028e-01,5.728234904746930603e-03
1.062558730999999951e-01,5.726783755016401009e-03
1.063928632000000069e-01,5.724752840098139110e-03
1.064319707999999975e-01,5.724172727514304469e-03
1.064906052999999991e-01,5.723302682625493881e-03
1.065687344999999980e-01,5.722142854171753668e-03
1.067443161000000001e-01,5.719534206740858016e-03
1.067832950000000003e-01,5.718954689006361565e-03
1.068027790999999949e-01,5.718664954909488327e-03
1.068806801000000001e-01,5.717506183633083369e-03
1.069001465000000012e-01,5.717216532086794555e-03
1.069585242999999963e-01,5.716347676484922861e-03
1.070363119999999946e-01,5.715189433398191327e-03
1.070557500000000051e-01,5.714899913878482285e-03
1.070946155999999982e-01,5.714320924333829259e-03
1.072111278000000001e-01,5.712584351584715919e-03
1.073275134000000047e-01,5.710848372488465559e-03
1.073662806000000025e-01,5.710269844674093279e-03
1.075018556999999958e-01,5.708245516454056416e-03
1.076565896000000050e-01,5.705932986956025084e-03
1.077145573999999939e-01,5.705066060120401669e-03
1.077338731000000022e-01,5.704777117436646630e-03
1.077917994999999934e-01,5.703910388155992127e-03
1.078882741999999950e-01,5.702466168526117325e-03
1.079653919999999934e-01,5.701311089002516867e-03
1.080231942000000056e-01,5.700444952087878846e-03
1.081194624000000049e-01,5.699001719486978222e-03
1.081387057999999984e-01,5.698713122296004269e-03
1.081964153999999956e-01,5.697847429362879260e-03
1.082733136999999984e-01,5.696693402239758064e-03
1.082925297000000009e-01,5.696404936544764881e-03
1.084077544000000004e-01,5.694674487420668327e-03
1.084269466000000043e-01,5.694386136730962555e-03
1.084461354000000044e-01,5.694097802466386270e-03
1.085803620999999941e-01,5.692079922432230488e-03
1.085995238000000002e-01,5.691791719531678027e-03
1.086378370999999954e-01,5.691215362977434036e-03
1.086569886000000040e-01,5.690927209321392823e-03
1.087526959000000015e-01,5.689486687212190474e-03
1.088100798000000008e-01,5.688622570846153283e-03
1.088674334999999993e-01,5.687758602120747582e-03
1.089629559000000053e-01,5.686318982259962705e-03
1.090393136000000068e-01,5.685167581509948352e-03
1.090583945999999971e-01,5.684879772305260863e-03
1.091156177999999949e-01,5.684016443034295950e-03
1.092109230999999958e-01,5.682577888662503247e-03
1.093442109999999967e-01,5.680564600593372704e-03
1.094773366000000026e-01,5.678552114931735041e-03
1.095723272999999942e-01,5.677115116247635589e-03
1.096292821999999972e-01,5.676253113405232281e-03
1.096672357000000042e-01,5.675678526646263031e-03
1.097810174999999944e-01,5.673955158933124097e-03
1.097999696000000053e-01,5.673667988218805691e-03
1.098568065000000010e-01,5.672806574177798912e-03
1.099703920999999945e-01,5.671084187461357048e-03
1.100271409999999950e-01,5.670223214730090756e-03
1.101594412999999939e-01,5.668214850162209273e-03
1.101783283000000030e-01,5.667928006272198067e-03
1.102349700999999960e-01,5.667067572581029923e-03
1.103293085000000007e-01,5.665633842962257936e-03
1.104047211000000056e-01,5.664487153073371854e-03
1.104235662999999978e-01,5.664200521399095217e-03
1.104612467999999958e-01,5.663627307000472857e-03
1.105742115999999997e-01,5.661908055333815873e-03
1.106306506999999995e-01,5.661048649684074022e-03
1.108373482000000049e-01,5.657898750973402134e-03
1.108561197000000054e-01,5.657612494332928989e-03
1.109311741999999962e-01,5.656467630696412723e-03
1.109874317999999943e-01,5.655609154011518626e-03
1.110249209999999986e-01,5.655036917655072159e-03
1.110811310999999940e-01,5.654178685250362685e-03
1.111560337000000037e-01,5.653034603310247604e-03
1.113056877000000028e-01,5.650747220667827128e-03
1.113243802999999976e-01,5.650461371058488474e-03
1.113617560000000062e-01,5.649889720642958454e-03
1.114364699999999958e-01,5.648746614994843741e-03
1.114738081999999963e-01,5.648175159745874585e-03
1.115297920000000026e-01,5.647318098818040685e-03
1.116043934999999959e-01,5.646175578503516597e-03
1.116789450999999961e-01,5.645033318231031626e-03
1.117534470000000058e-01,5.643891317935614306e-03
1.118278993000000054e-01,5.642749577551646120e-03
1.120323877999999940e-01,5.639611131130817245e-03
1.121994194000000000e-01,5.637044772018381424e-03
1.122179632000000066e-01,5.636759702119452722e-03
1.122550414000000052e-01,5.636189610977461115e-03
1.122735759000000055e-01,5.635904589732338224e-03
1.123476835000000035e-01,5.634764666901321065e-03
1.123662027999999952e-01,5.634479726725560335e-03
1.124217421999999938e-01,5.633625003459502394e-03
1.124957521999999932e-01,5.632485599342287180e-03
1.125142469999999978e-01,5.632200788824886020e-03
1.125512277000000061e-01,5.631631216397087539e-03
1.126436261999999994e-01,5.630207568820737828e-03
1.126620968000000000e-01,5.629922887896143639e-03
1.128466364999999999e-01,5.627076969183368062e-03
1.128650739000000014e-01,5.626792466342823117e-03
1.129387933000000066e-01,5.625654616804758208e-03
1.131044863999999955e-01,5.623095401734079860e-03
1.131412740999999944e-01,5.622526865171714738e-03
1.131596634999999934e-01,5.622242621143308181e-03
1.133066709999999977e-01,5.619969250846006993e-03
1.133617497000000002e-01,5.619117003636025370e-03
1.133801033000000069e-01,5.618832953545672797e-03
1.134351462999999977e-01,5.617980900201099276e-03
1.135451522999999935e-01,5.616277229585001432e-03
1.136550518000000037e-01,5.614574140218226567e-03
1.136916614000000048e-01,5.614006572891194063e-03
1.137465535999999944e-01,5.613155342931140830e-03
1.138014194000000062e-01,5.612304258182723715e-03
1.138379818999999959e-01,5.611736949010581905e-03
1.139658583000000003e-01,5.609751874936568135e-03
1.140388660999999970e-01,5.608617901611599385e-03
1.141300601999999942e-01,5.607200797613442859e-03
1.141847416999999948e-01,5.606350728583507290e-03
1.142393970000000064e-01,5.605500804546648293e-03
1.142576096000000041e-01,5.605217528750433206e-03
1.143122300999999952e-01,5.604367797995961700e-03
1.143304311000000045e-01,5.604084586618930143e-03
1.144032063000000043e-01,5.602951902124024899e-03
1.144213927999999936e-01,5.602668771248188462e-03
1.145304515000000051e-01,5.600970324000805606e-03
1.146938450999999970e-01,5.598423739215660846e-03
1.148388887000000025e-01,5.596161201899753530e-03
1.148570062999999947e-01,5.595878457079093635e-03
1.148932327999999947e-01,5.595313015655165728e-03
1.149656517000000044e-01,5.594182325651667585e-03
1.149837492999999933e-01,5.593899693320623402e-03
1.150561112000000052e-01,5.592769324645930837e-03
1.151284276999999939e-01,5.591639212961576136e-03
1.151826351999999942e-01,5.590791797809616451e-03
1.152909738000000017e-01,5.589097400959432659e-03
1.153992105999999962e-01,5.587403581866465067e-03
1.154352669999999942e-01,5.586839103855233135e-03
1.154713121999999953e-01,5.586274690006825562e-03
1.154893305000000009e-01,5.585992507141107448e-03
1.155433686999999959e-01,5.585146054766856882e-03
1.155613758999999990e-01,5.584863936046080730e-03
1.157053318999999997e-01,5.582607563409521141e-03
1.157233138000000050e-01,5.582325588956301224e-03
1.157772427999999992e-01,5.581479761739498169e-03
1.158670687000000060e-01,5.580070370131520394e-03
1.159209308000000022e-01,5.579224927374095734e-03
1.159747678999999976e-01,5.578379628739183610e-03
1.159927079999999999e-01,5.578097894549893104e-03
1.160465118000000018e-01,5.577252788035735181e-03
1.161182114000000043e-01,5.576126203437842786e-03
1.161540446000000060e-01,5.575563007158340287e-03
1.162793738999999965e-01,5.573592324143969087e-03
1.162972671000000041e-01,5.573310861981404379e-03
1.163509300000000052e-01,5.572466571444026524e-03
1.164224420999999954e-01,5.571341074576270126e-03
1.164403133000000007e-01,5.571059740325571413e-03
1.165653348000000034e-01,5.569090848080663486e-03
1.166902222999999933e-01,5.567122738732177729e-03
1.167258798999999958e-01,5.566560565524320860e-03
1.167793458999999978e-01,5.565717425474139834e-03
1.168327873999999988e-01,5.564874429112805221e-03
1.168505957999999983e-01,5.564593462252046159e-03
1.169040048000000026e-01,5.563750657434302430e-03
1.169218023000000023e-01,5.563469754413110681e-03
1.170640854000000036e-01,5.561223104628893778e-03
1.171529245999999996e-01,5.559819466903037632e-03
1.172061957999999959e-01,5.558977475609004106e-03
1.172771863999999969e-01,5.557855043725563535e-03
1.174190388000000002e-01,5.555610944891955366e-03
1.174367582999999993e-01,5.555330504230875620e-03
1.174721893000000017e-01,5.554769670692957968e-03
1.175607201000000018e-01,5.553367865543740005e-03
1.176845512999999954e-01,5.551406007007892579e-03
1.177022308000000017e-01,5.551125805168526973e-03
1.177199077000000010e-01,5.550845619242707023e-03
1.177552535000000039e-01,5.550285295127553760e-03
1.178612272999999960e-01,5.548604704602041159e-03
1.179141783999999998e-01,5.547764624063421766e-03
1.180552655000000062e-01,5.545525108886740703e-03
1.181961841000000041e-01,5.543286610896317607e-03
1.182665804000000015e-01,5.542167743186309989e-03
1.182841728999999981e-01,5.541888065965457945e-03
1.183193502000000064e-01,5.541328759164146356e-03
1.183369348999999959e-01,5.541049129581804636e-03
1.183896732999999979e-01,5.540210336096410525e-03
1.184248192000000033e-01,5.539651219814520355e-03
1.184775183999999953e-01,5.538812664433222580e-03
1.186003924000000043e-01,5.536856590601990646e-03
1.186880815999999950e-01,5.535459870908154140e-03
1.187056117000000049e-01,5.535180574546406766e-03
1.187581862999999988e-01,5.534342780597380392e-03
1.188107377000000020e-01,5.533505129332188383e-03
1.188282496999999993e-01,5.533225943946697839e-03
1.188457591000000035e-01,5.532946774411015740e-03
1.189507612999999991e-01,5.531272089984787255e-03
1.191604881999999976e-01,5.527924431940801735e-03
1.191779488000000026e-01,5.527645563361226026e-03
1.192652134000000003e-01,5.526251457893569669e-03
1.193872765999999946e-01,5.524300374858299133e-03
1.194395511999999937e-01,5.523464433704106114e-03
1.195266247000000004e-01,5.522071514734773826e-03
1.195440318000000057e-01,5.521792978375064317e-03
1.196831975000000048e-01,5.519565256540633937e-03
1.197353428999999997e-01,5.518730121598787799e-03
1.198048347999999957e-01,5.517616829513249249e-03
1.199436978999999931e-01,5.515391003401111554e-03
1.199957301000000032e-01,5.514556579110116083e-03
1.200130692000000027e-01,5.514278469247952189e-03
1.200650713000000064e-01,5.513444234350905158e-03
1.200997268999999951e-01,5.512888156651791008e-03
1.201516915000000046e-01,5.512054158431122126e-03
1.202382493999999968e-01,5.510664476871836477e-03
1.203593257999999999e-01,5.508719584980305978e-03
1.203766123999999993e-01,5.508441806339663648e-03
1.204284575999999968e-01,5.507608564983865890e-03
1.204802804999999949e-01,5.506775465455723655e-03
1.205148166999999992e-01,5.506220144550108900e-03
1.205493428999999950e-01,5.505664886659306263e-03
1.206356155000000013e-01,5.504277017570354154e-03
1.207045890999999954e-01,5.503167005747585348e-03
1.207735233000000047e-01,5.502057245810052302e-03
1.207907507000000047e-01,5.501779845175174682e-03
1.208251981000000030e-01,5.501225091118640623e-03
1.208424181999999958e-01,5.500947737694982312e-03
1.209800902000000011e-01,5.498729476679559483e-03
1.211004249000000033e-01,5.496789323980301976e-03
1.211691339000000034e-01,5.495681011160497530e-03
1.211863051000000024e-01,5.495403972248602206e-03
1.212034738000000028e-01,5.495126949051768947e-03
1.212549653999999977e-01,5.494295973743394679e-03
1.213064352000000068e-01,5.493465139837317400e-03
1.213407361999999934e-01,5.492911329109772048e-03
1.213921696000000022e-01,5.492080730814264886e-03
1.214607136000000059e-01,5.490973486263855258e-03
1.214778435000000018e-01,5.490696714377687852e-03
1.216147962999999943e-01,5.488483104351456025e-03
1.216661138000000031e-01,5.487653259514853506e-03
1.217174097000000010e-01,5.486823555867529137e-03
1.217515948999999958e-01,5.486270498528100434e-03
1.219394424999999949e-01,5.483229804272241742e-03
1.220076789999999939e-01,5.482124567499200088e-03
1.220247321999999995e-01,5.481848297478853285e-03
1.220758774000000046e-01,5.481019581415415114e-03
1.222121599000000058e-01,5.478810361065148023e-03
1.222632267000000050e-01,5.477982161789990423e-03
1.222802442999999933e-01,5.477706126673105753e-03
1.223993007000000049e-01,5.475774319066235331e-03
1.224162993000000033e-01,5.475498409140812893e-03
1.224332954999999973e-01,5.475222514859984582e-03
1.224672809999999973e-01,5.474670773228514260e-03
1.225522032999999955e-01,5.473291692860380100e-03
1.225691807000000022e-01,5.473015923701017062e-03
1.226200987999999936e-01,5.472188710033319692e-03
1.226709956999999934e-01,5.471361637060146929e-03
1.226879567000000032e-01,5.471085977330750715e-03
1.227388254999999956e-01,5.470259091910374162e-03
1.228235601000000066e-01,5.468881262049813362e-03
1.228405000000000052e-01,5.468605742944966479e-03
1.230097705999999985e-01,5.465851410838036203e-03
1.230266849000000023e-01,5.465576063500691452e-03
1.231619152999999939e-01,5.463373846652313896e-03
1.232294748999999967e-01,5.462273112695898748e-03
1.232463589999999998e-01,5.461997968203416431e-03
1.232969973999999969e-01,5.461172628301610640e-03
1.233476151000000021e-01,5.460347428743367142e-03
1.234824939999999982e-01,5.458147582510187654e-03
1.234993434999999973e-01,5.457872671864969806e-03
1.236340570000000055e-01,5.455673947571886701e-03
1.237013586999999998e-01,5.454574959237036384e-03
1.237686238000000050e-01,5.453476220027344938e-03
1.238862498000000006e-01,5.451554025679761217e-03
1.239198366999999940e-01,5.451004967345741449e-03
1.240373193999999984e-01,5.449083753191210321e-03
1.240540935000000039e-01,5.448809356237330204e-03
1.240876350000000017e-01,5.448260608978043248e-03
1.241044023999999940e-01,5.447986258670902554e-03
1.241882051999999986e-01,5.446614740319511219e-03
1.242384596999999979e-01,5.445792015821345616e-03
1.242886938999999968e-01,5.444969431175471219e-03
1.243556412999999999e-01,5.443872869150827472e-03
1.244392748999999937e-01,5.442502516090024119e-03
1.244559949000000054e-01,5.442228492064301974e-03
1.245061412999999978e-01,5.441406513142514785e-03
1.245562676000000063e-01,5.440584673933296367e-03
1.245896739000000031e-01,5.440036858731958462e-03
1.246397665999999932e-01,5.439215252318399529e-03
1.247065254999999984e-01,5.438119994317349749e-03
1.248232677000000040e-01,5.436203889988801101e-03
1.248566024999999968e-01,5.435656571170123866e-03
1.248899284999999970e-01,5.435109314364922582e-03
1.249898531000000063e-01,5.433467915947688340e-03
1.250397853999999920e-01,5.432647425940941022e-03
1.251063309000000068e-01,5.431553656156795987e-03
1.251562167999999975e-01,5.430733491453169047e-03
1.252393156999999924e-01,5.429366859983005521e-03
1.252559289000000076e-01,5.429093580135860644e-03
1.253887550999999989e-01,5.426907898554793851e-03
1.255048625999999889e-01,5.424996239479875672e-03
1.255711616000000086e-01,5.423904203127072679e-03
1.256374255999999912e-01,5.422812414159257181e-03
1.256871006999999985e-01,5.421993734742731018e-03
1.257036547000000004e-01,5.421720872515037315e-03
1.257863919999999969e-01,5.420356793163503065e-03
1.258360081999999880e-01,5.419538530948769979e-03
1.259021328999999911e-01,5.418447730903833831e-03
1.259517035000000118e-01,5.417629793016728867e-03
1.260177674000000081e-01,5.416539425314044996e-03
1.261002985999999937e-01,5.415176812976697091e-03
1.261662846999999921e-01,5.414087000865082898e-03
1.261827758000000077e-01,5.413814586406659642e-03
1.262981534000000017e-01,5.411908117066527475e-03
1.264463413999999952e-01,5.409458052328966482e-03
1.264792483999999939e-01,5.408913763037576268e-03
1.264956988000000004e-01,5.408641641505499385e-03
1.265450368999999908e-01,5.407825369349503024e-03
1.266272243999999880e-01,5.406465223836244734e-03
1.266765113999999970e-01,5.405649321334151346e-03
1.267421974000000062e-01,5.404561666883656371e-03
1.268242572000000123e-01,5.403202445157764995e-03
1.268406628000000036e-01,5.402930646981412253e-03
1.268898668000000007e-01,5.402115344771763958e-03
1.269390516999999996e-01,5.401300181022251380e-03
1.269718310999999877e-01,5.400756815431671451e-03
1.270209843000000005e-01,5.399941882390625961e-03
1.270701184999999955e-01,5.399127087740094796e-03
1.270864922999999924e-01,5.398855520272144090e-03
1.272174071999999934e-01,5.396683533872738761e-03
1.272337621000000085e-01,5.396412104726464216e-03
1.272828141000000024e-01,5.395597909468568404e-03
1.273481874999999874e-01,5.394512530846583449e-03
1.273645256000000003e-01,5.394241224587165845e-03
1.274625101000000094e-01,5.392613709484983878e-03
1.275277914000000068e-01,5.391529006445368484e-03
1.276745521000000050e-01,5.389089322310906816e-03
1.277234348000000075e-01,5.388276370390721569e-03
1.277560128999999933e-01,5.387734479122720591e-03
1.277885826999999863e-01,5.387192649188698307e-03
1.278048645000000039e-01,5.386921757219776709e-03
1.278699709999999989e-01,5.385838342641112962e-03
1.280488429999999955e-01,5.382860216828342335e-03
1.281138253999999921e-01,5.381777721543302452e-03
1.281463043000000135e-01,5.381236565779400072e-03
1.283896338999999942e-01,5.377179849118860454e-03
1.284544438999999927e-01,5.376098639398586322e-03
1.285192213000000139e-01,5.375017674356425898e-03
1.285354105000000025e-01,5.374747471319929297e-03
1.285839659999999940e-01,5.373936953931829526e-03
1.286486780999999968e-01,5.372856478062935232e-03
1.286648511000000050e-01,5.372586397300430777e-03
1.287780048000000122e-01,5.370696259748797448e-03
1.287941615000000040e-01,5.370426301199474409e-03
1.288264688999999907e-01,5.369886429916471277e-03
1.288426195000000052e-01,5.369616517181351363e-03
1.289233422999999934e-01,5.368267182527806589e-03
1.290201430000000038e-01,5.366648484669014896e-03
1.290362693999999866e-01,5.366378755104695558e-03
1.291007547999999949e-01,5.365299989417211812e-03
1.291813162999999876e-01,5.363951875521019014e-03
1.292296290999999930e-01,5.363143190184333463e-03
1.293101103000000029e-01,5.361795686209229125e-03
1.293583749999999977e-01,5.360987366734337560e-03
1.295512538999999963e-01,5.357755460083997445e-03
1.295673142000000055e-01,5.357486233531939292e-03
1.295994287999999994e-01,5.356947826106089709e-03
1.296636341000000081e-01,5.355871193943254581e-03
1.296796805000000052e-01,5.355602073957290918e-03
1.297438461000000043e-01,5.354525746203377470e-03
1.298079799999999895e-01,5.353449661907923145e-03
1.298240085000000044e-01,5.353180678867081391e-03
1.298560595999999900e-01,5.352642758419386658e-03
1.299361528000000099e-01,5.351298223448848826e-03
1.299521654999999942e-01,5.351029362073089594e-03
1.301121842999999889e-01,5.348341584365798318e-03
1.301281753000000097e-01,5.348072890178957178e-03
1.301761367000000003e-01,5.347266898776650151e-03
1.301921198999999862e-01,5.346998265358100452e-03
1.303358805000000009e-01,5.344581248007474091e-03
1.303678057000000057e-01,5.344044300056206495e-03
1.304635345999999863e-01,5.342433820471955731e-03
1.305113727999999973e-01,5.341628785534450162e-03
1.305591932999999871e-01,5.340823887131820880e-03
1.305751296999999866e-01,5.340555618001520920e-03
1.306229268999999915e-01,5.339750901606809923e-03
1.307025501999999895e-01,5.338410010882795563e-03
1.307184690000000038e-01,5.338141878219510375e-03
1.308139412999999862e-01,5.336533400530724114e-03
1.308298465000000133e-01,5.336265373955638783e-03
1.308457499000000024e-01,5.335997362532670860e-03
1.309570191999999966e-01,5.334121706736244008e-03
1.309729071000000078e-01,5.333853816492629962e-03
1.310840685000000116e-01,5.331979008740124655e-03
1.311316801999999893e-01,5.331175746770318823e-03
1.311475470000000032e-01,5.330908023049357215e-03
1.312268518999999967e-01,5.329569631416172966e-03
1.312744117999999904e-01,5.328766777980770489e-03
1.313377983000000027e-01,5.327696518481553518e-03
1.313853181000000092e-01,5.326893982635830423e-03
1.314011542000000088e-01,5.326626500925623134e-03
1.314644795999999893e-01,5.325556725252436618e-03
1.315277744999999998e-01,5.324487191401076555e-03
1.315752256000000120e-01,5.323685199672060012e-03
1.316068501999999862e-01,5.323150614057477192e-03
1.316542729000000078e-01,5.322348848923934804e-03
1.317016785000000023e-01,5.321547219713259995e-03
1.318280101000000037e-01,5.319410206138345219e-03
1.318437929999999869e-01,5.319143147366031839e-03
1.318595740999999877e-01,5.318876103685738106e-03
1.319069059000000099e-01,5.318075063181537492e-03
1.321118145000000077e-01,5.314605456436595141e-03
1.321433106999999885e-01,5.314071896964226924e-03
1.322220182999999938e-01,5.312738262051525454e-03
1.322849506999999869e-01,5.311671625362651868e-03
1.323635740999999921e-01,5.310338668455566458e-03
1.323950104000000128e-01,5.309805591120930757e-03
1.324735684999999996e-01,5.308473161288130605e-03
1.325991646999999940e-01,5.306342056297095808e-03
1.326148558999999949e-01,5.306075735890385461e-03
1.326619182000000063e-01,5.305276864938301799e-03
1.327089637999999960e-01,5.304478129368112201e-03
1.327403182999999931e-01,5.303945714186750551e-03
1.328343374000000021e-01,5.302348829517861649e-03
1.328500008000000066e-01,5.302082734690427047e-03
1.328969798999999896e-01,5.301284540392109390e-03
1.329908881999999903e-01,5.299688557533956818e-03
1.330378174999999885e-01,5.298890768923820126e-03
1.331159962000000030e-01,5.297561421624403903e-03
1.331628814999999966e-01,5.296763993434669936e-03
1.332097502000000044e-01,5.295966700356714504e-03
1.332253693999999877e-01,5.295700966017341180e-03
1.333502575000000134e-01,5.293575631536863620e-03
1.333658601999999915e-01,5.293310032241241650e-03
1.333970603000000088e-01,5.292778878650912164e-03
1.334906168999999976e-01,5.291185777809445656e-03
1.335373705000000022e-01,5.290389429802597535e-03
1.335996832999999939e-01,5.289327842314652840e-03
1.336463988000000103e-01,5.288531809057223955e-03
1.336619671000000009e-01,5.288266494606000921e-03
1.337242217999999871e-01,5.287205386616188399e-03
1.338330979000000032e-01,5.285349024278110722e-03
1.338641891000000028e-01,5.284818769801568131e-03
1.340971431999999908e-01,5.280843769427810870e-03
1.341126591000000035e-01,5.280578889088147904e-03
1.341591960000000083e-01,5.279784337797353497e-03
1.342057167000000051e-01,5.278989921079468330e-03
1.342212201000000105e-01,5.278725145407976195e-03
1.342367215999999974e-01,5.278460384684867737e-03
1.343451823000000045e-01,5.276607478113453341e-03
1.343606696000000100e-01,5.276342836947564910e-03
1.344845033000000023e-01,5.274226245398529536e-03
1.345309115999999972e-01,5.273432769988238740e-03
1.345773037999999922e-01,5.272639428948845165e-03
1.346391352999999902e-01,5.271581849876305625e-03
1.346545888000000024e-01,5.271317492419824724e-03
1.347009383999999976e-01,5.270524509583136494e-03
1.347163848000000053e-01,5.270260211812300907e-03
1.347781523999999898e-01,5.269203169908635853e-03
1.348398918000000002e-01,5.268146366650191571e-03
1.348861778000000067e-01,5.267353920781361540e-03
1.349016029000000005e-01,5.267089801977501741e-03
1.350249404999999958e-01,5.264977388150585136e-03
1.350711631000000024e-01,5.264185478848598145e-03
1.350865670999999990e-01,5.263921538877757052e-03
1.351327686000000083e-01,5.263129808342002780e-03
1.351943459999999930e-01,5.262074376138022903e-03
1.352251241999999909e-01,5.261546749381615547e-03
1.352712784000000001e-01,5.260755420907139643e-03
1.353942793000000033e-01,5.258645866539664836e-03
1.354557378000000034e-01,5.257591446461919345e-03
1.354710980999999925e-01,5.257327878630586697e-03
1.355939177000000107e-01,5.255219871352051486e-03
1.356246051999999980e-01,5.254693018211686883e-03
1.356399463000000083e-01,5.254429613938306140e-03
1.357166260999999874e-01,5.253112815504642867e-03
1.358085847000000124e-01,5.251533147710715256e-03
1.358698557999999945e-01,5.250480332923561193e-03
1.358851692999999972e-01,5.250217166352447173e-03
1.359464059000000113e-01,5.249164648545033389e-03
1.359617106999999880e-01,5.248901556207514335e-03
1.360840875000000061e-01,5.246797351810101977e-03
1.361299504000000049e-01,5.246008519988703926e-03
1.361757979000000063e-01,5.245219821670619315e-03
1.361910769999999937e-01,5.244956951894649312e-03
1.363590336999999930e-01,5.242066362936089255e-03
1.363742921999999969e-01,5.241803671059103858e-03
1.364505592999999961e-01,5.240490433940985134e-03
1.364962990999999959e-01,5.239702669448962138e-03
1.365572616000000072e-01,5.238652524150957772e-03
1.366791052000000117e-01,5.236552944273469533e-03
1.366943280000000038e-01,5.236290563400941567e-03
1.367399861999999966e-01,5.235503509575895227e-03
1.367856292000000085e-01,5.234716588922562995e-03
1.368160494000000005e-01,5.234192049125176507e-03
1.368464628999999932e-01,5.233667568496802591e-03
1.369224669999999922e-01,5.232356625740538017e-03
1.370439857999999900e-01,5.230259886141182257e-03
1.370591680999999895e-01,5.229997860203086830e-03
1.370895276000000107e-01,5.229473852659783165e-03
1.371047048000000046e-01,5.229211871051786358e-03
1.371502263999999915e-01,5.228426014871995556e-03
1.372260621999999985e-01,5.227116549998933950e-03
1.374078974000000064e-01,5.223975340352993678e-03
1.374230395000000104e-01,5.223713668819974718e-03
1.375289872999999885e-01,5.221882381190670781e-03
1.375441161000000023e-01,5.221620827675518134e-03
1.375894923000000047e-01,5.220836255613394566e-03
1.376348535999999956e-01,5.220051816259107906e-03
1.376499707000000128e-01,5.219790365960817399e-03
1.377708478000000125e-01,5.217699294193322603e-03
1.377859499999999904e-01,5.217437976536138527e-03
1.379067079000000084e-01,5.215347965601709219e-03
1.379519649000000014e-01,5.214564454505798974e-03
1.380575068000000072e-01,5.212736777218870791e-03
1.380725775999999960e-01,5.212475739337953107e-03
1.381479070999999947e-01,5.211170770655356582e-03
1.381930851000000016e-01,5.210387965989178756e-03
1.382683489000000043e-01,5.209083585704816013e-03
1.383134874999999986e-01,5.208301133989832500e-03
1.384788700000000039e-01,5.205433276176463404e-03
1.385089183000000057e-01,5.204912038503984630e-03
1.385389600999999971e-01,5.204390859589052426e-03
1.385990242000000039e-01,5.203348678003245562e-03
1.386290464000000111e-01,5.202827675316800023e-03
1.386740676999999866e-01,5.202046281400473336e-03
1.387190742999999948e-01,5.201265019597814745e-03
1.387340732000000021e-01,5.201004628351205659e-03
1.387490705999999963e-01,5.200744251780803004e-03
1.387790603999999872e-01,5.200223542661950443e-03
1.388540065999999962e-01,5.198922026625783094e-03
1.389139343999999943e-01,5.197881077832997541e-03
1.389588633000000129e-01,5.197100520220395911e-03
1.390337125999999979e-01,5.195799884093219717e-03
1.390935630000000034e-01,5.194759639029768519e-03
1.392131866000000107e-01,5.192679852225018378e-03
1.392281324000000098e-01,5.192419944792824905e-03
1.392580190000000107e-01,5.191900173864213118e-03
1.393476405000000085e-01,5.190341212498669060e-03
1.394372043000000061e-01,5.188782778109827729e-03
1.394521260000000096e-01,5.188523090264782200e-03
1.395565333999999880e-01,5.186705684993034304e-03
1.395863497000000009e-01,5.186186557986924642e-03
1.396310622999999973e-01,5.185407977152908451e-03
1.396757604999999958e-01,5.184629527907223638e-03
1.396906566999999988e-01,5.184370074063431380e-03
1.397502257999999886e-01,5.183332404850802752e-03
1.398246513999999996e-01,5.182035647135189819e-03
1.399287808000000133e-01,5.180220799891175135e-03
1.399436501000000110e-01,5.179961594417657744e-03
1.399882484999999954e-01,5.179184065603797439e-03
1.400625477000000119e-01,5.177888476217613369e-03
1.401071081999999968e-01,5.177111297728454603e-03
1.401665002999999965e-01,5.176075264024291613e-03
1.402110277999999988e-01,5.175298391925430529e-03
1.402852089999999941e-01,5.174003896793014784e-03
1.403445257000000002e-01,5.172968563149232986e-03
1.403889966999999905e-01,5.172192215981592789e-03
1.405075174000000038e-01,5.170122598084266226e-03
1.405223254999999893e-01,5.169863961409728974e-03
1.406407338000000007e-01,5.167795392329871049e-03
1.406555278999999936e-01,5.167536886720809977e-03
1.406851112999999986e-01,5.167019919176789496e-03
1.407590425999999950e-01,5.165727755038886614e-03
1.407738242000000084e-01,5.165469365870876788e-03
1.408181597000000007e-01,5.164694285669887974e-03
1.408624812000000004e-01,5.163919336403343871e-03
1.408920210999999867e-01,5.163402776288957691e-03
1.409215548999999956e-01,5.162886274349774013e-03
1.409953622000000018e-01,5.161595273970776346e-03
1.410101189999999893e-01,5.161337117510908339e-03
1.411281181000000051e-01,5.159272389073983438e-03
1.411723423000000033e-01,5.158498355669835674e-03
1.412312863999999890e-01,5.157466514498375634e-03
1.412902058999999932e-01,5.156434905695817493e-03
1.413491007999999882e-01,5.155403529203884082e-03
1.413638207000000035e-01,5.155145721373010671e-03
1.413932558999999867e-01,5.154630149254266387e-03
1.414079712000000100e-01,5.154372384964734516e-03
1.414521079000000126e-01,5.153599179166487229e-03
1.414815248000000081e-01,5.153083781183063691e-03
1.415256386000000033e-01,5.152310793013157100e-03
1.415844356000000026e-01,5.151280345185996375e-03
1.416285173000000064e-01,5.150507661582456702e-03
1.417019563999999954e-01,5.149220145538003016e-03
1.418340509000000083e-01,5.146903529713951070e-03
1.419220455000000103e-01,5.145359771075989040e-03
1.419513649999999960e-01,5.144845300718050608e-03
1.420539353999999976e-01,5.143045110501962350e-03
1.420685821999999876e-01,5.142787998368264155e-03
1.420978713999999921e-01,5.142273817515363721e-03
1.422295982000000014e-01,5.139960719828117960e-03
1.423319681000000114e-01,5.138162453740812222e-03
1.423465864000000025e-01,5.137905616414397726e-03
1.424196550999999866e-01,5.136621646582561866e-03
1.424634784000000098e-01,5.135851438091067200e-03
1.425072881999999985e-01,5.135081359625654450e-03
1.425364872999999866e-01,5.134568046206888954e-03
1.425802747000000092e-01,5.133798184398584256e-03
1.426386369000000043e-01,5.132771904144914701e-03
1.427407133999999966e-01,5.130976469475656901e-03
1.427990101000000123e-01,5.129950824293616311e-03
1.428135805000000091e-01,5.129694449066999479e-03
1.428572830000000016e-01,5.128925409938661466e-03
1.428718475000000099e-01,5.128669092410456654e-03
1.429300907000000120e-01,5.127643966509103091e-03
1.429883100999999879e-01,5.126619071306755433e-03
1.430319592000000029e-01,5.125850551265664565e-03
1.431628265000000066e-01,5.123545769315191595e-03
1.432354788000000101e-01,5.122265839090525338e-03
1.432645294999999874e-01,5.121753967805874226e-03
1.432790526000000120e-01,5.121498053761234549e-03
1.433226130999999959e-01,5.120730398005635814e-03
1.433371303000000041e-01,5.120474541544392522e-03
1.433951844999999947e-01,5.119451259625102356e-03
1.434677192000000101e-01,5.118172480993628433e-03
1.434967228000000039e-01,5.117661070245652088e-03
1.435112223999999992e-01,5.117405386447743815e-03
1.435836984999999955e-01,5.116127183184074508e-03
1.436271665999999947e-01,5.115360433773050684e-03
1.436851036000000026e-01,5.114338302481423980e-03
1.437285409999999874e-01,5.113571854922283055e-03
1.438009075999999997e-01,5.112294729701554255e-03
1.438587745999999890e-01,5.111273288099304341e-03
1.439744389000000013e-01,5.109231094185862770e-03
1.440322361999999967e-01,5.108210341760403145e-03
1.440466819000000009e-01,5.107955189532651687e-03
1.441477613000000102e-01,5.106169525685674490e-03
1.441910593999999879e-01,5.105404456351081074e-03
1.442487698999999901e-01,5.104384564673247401e-03
1.442776165000000110e-01,5.103874704862220238e-03
1.443641216999999866e-01,5.102345469453040128e-03
1.443785341999999916e-01,5.102090647045432088e-03
1.444361698000000138e-01,5.101071500700877018e-03
1.444937823999999926e-01,5.100052583567854514e-03
1.445081820000000128e-01,5.099797890092593912e-03
1.445513720000000113e-01,5.099033895589990401e-03
1.445945492000000054e-01,5.098270029955850532e-03
1.447096254000000137e-01,5.096233684768932889e-03
1.448389767999999911e-01,5.093943891037811325e-03
1.448533421000000043e-01,5.093689541028414113e-03
1.448820682999999998e-01,5.093180883908819505e-03
1.448964292000000098e-01,5.092926576796492737e-03
1.449682127999999959e-01,5.091655255677360846e-03
1.450686501000000017e-01,5.089876006386145207e-03
1.450829925999999881e-01,5.089621885069955595e-03
1.451833503999999941e-01,5.087843435806373507e-03
1.451976815999999892e-01,5.087589428751220291e-03
1.452406666000000124e-01,5.086827493254363064e-03
1.452836389999999922e-01,5.086065686242046552e-03
1.453552312999999985e-01,5.084796293341950491e-03
1.454124797000000135e-01,5.083781035868845111e-03
1.454697057000000071e-01,5.082766006640972341e-03
1.455412064000000116e-01,5.081497540991040951e-03
1.456269609999999992e-01,5.079975852695699234e-03
1.456555347000000056e-01,5.079468737290831863e-03
1.456983846000000082e-01,5.078708171057765529e-03
1.457554983000000082e-01,5.077694282209974791e-03
1.457983189000000013e-01,5.076934015140761869e-03
1.458696586000000073e-01,5.075667188177199370e-03
1.458839222999999963e-01,5.075413865498614591e-03
1.459694756000000093e-01,5.073894228358994708e-03
1.459837296000000006e-01,5.073641005315704736e-03
1.459979821999999872e-01,5.073387796501748620e-03
1.460407317000000094e-01,5.072628255432868466e-03
1.460834685999999882e-01,5.071868842401854212e-03
1.462542916000000026e-01,5.068832470181194004e-03
1.462685177999999975e-01,5.068579531569592303e-03
1.464391248999999950e-01,5.065545376541412924e-03
1.464817456999999989e-01,5.064787157383179687e-03
1.465527527000000108e-01,5.063523742756793032e-03
1.465669498999999931e-01,5.063271102418867055e-03
1.466095335000000000e-01,5.062513266565192918e-03
1.468789426999999870e-01,5.057716604463687732e-03
1.468931083999999998e-01,5.057464290361152887e-03
1.469072727999999883e-01,5.057211990432083394e-03
1.469355974999999870e-01,5.056707433090390502e-03
1.469497577999999971e-01,5.056455175676754892e-03
1.470063852999999865e-01,5.055446287713025177e-03
1.470205387000000086e-01,5.055194101141109210e-03
1.470629908999999957e-01,5.054437626414208865e-03
1.471054309000000004e-01,5.053681279154535397e-03
1.471337174000000025e-01,5.053177118451547024e-03
1.471619985000000019e-01,5.052673014383343188e-03
1.472326774000000116e-01,5.051413001940798474e-03
1.472468090999999868e-01,5.051161041913765186e-03
1.472891960999999916e-01,5.050405246737718797e-03
1.473598140000000056e-01,5.049145871077759078e-03
1.473880516999999946e-01,5.048642219832043081e-03
1.474445108999999920e-01,5.047635087047112543e-03
1.475714650000000128e-01,5.045369865344821042e-03
1.475855641999999912e-01,5.045118244713947368e-03
1.476278540000000028e-01,5.044363467598562793e-03
1.476983098999999910e-01,5.043105788287255767e-03
1.477405673999999947e-01,5.042351350189347610e-03
1.477828127999999963e-01,5.041597039179148733e-03
1.477968919000000048e-01,5.041345630413932889e-03
1.478391212000000066e-01,5.040591488818284976e-03
1.478954080999999865e-01,5.039586164292669292e-03
1.479657366999999890e-01,5.038329826132464766e-03
1.480219755000000137e-01,5.037325009533654731e-03
1.480360319000000036e-01,5.037073840644425149e-03
1.481343890000000052e-01,5.035316053242019051e-03
1.481484346999999979e-01,5.035064997148805920e-03
1.482467172999999971e-01,5.033307999119033052e-03
1.482888185000000025e-01,5.032555211321145666e-03
1.483449347999999945e-01,5.031551691469252074e-03
1.483729850000000128e-01,5.031050016045810098e-03
1.484711190000000125e-01,5.029294595586988707e-03
1.485131564999999931e-01,5.028542483682066182e-03
1.485831927000000052e-01,5.027289245284403789e-03
1.486391978999999919e-01,5.026286907803566295e-03
1.487091747000000019e-01,5.025034302406292119e-03
1.487511448999999930e-01,5.024282907901993743e-03
1.488070868999999963e-01,5.023281245370338731e-03
1.489049347999999995e-01,5.021528877003063850e-03
1.489189077999999999e-01,5.021278594865827283e-03
1.489328795000000039e-01,5.021028326775475899e-03
1.489747867000000003e-01,5.020277606780926792e-03
1.490306446999999923e-01,5.019276843401198306e-03
1.490446059999999961e-01,5.019026687659799112e-03
1.490864818000000036e-01,5.018276304669688249e-03
1.491422980000000065e-01,5.017275990531230682e-03
1.492538676999999869e-01,5.015276035809436081e-03
1.492678081000000101e-01,5.015026104597956717e-03
1.494071399999999938e-01,5.012527563757572004e-03
1.494210660999999996e-01,5.012277786781334406e-03
1.496019868000000030e-01,5.009031961248776484e-03
1.496298013000000038e-01,5.008532813595847379e-03
1.496437066000000093e-01,5.008283260774622908e-03
1.496854149000000078e-01,5.007534686320366107e-03
1.497132139000000028e-01,5.007035706684161668e-03
1.497549028000000060e-01,5.006287342212507353e-03
1.497965800999999930e-01,5.005539103698597274e-03
1.498104698999999929e-01,5.005289718846624158e-03
1.499354206000000078e-01,5.003045884714695836e-03
1.500186632999999936e-01,5.001550624615081451e-03
1.500325325999999904e-01,5.001301463529130541e-03
1.500464005999999906e-01,5.001052316421861557e-03
1.500879968999999925e-01,5.000304958958644817e-03
1.501295816999999866e-01,4.999557727266191673e-03
1.501434407999999998e-01,4.999308677980350731e-03
1.502681146000000023e-01,4.997067863001591198e-03
1.503096496000000115e-01,4.996321176044814759e-03
1.504203534000000120e-01,4.994330625034746132e-03
1.504618463000000073e-01,4.993584398666737340e-03
1.504756747999999866e-01,4.993335684447353616e-03
1.505171525000000010e-01,4.992589625488496469e-03
1.505309757999999942e-01,4.992340967065046591e-03
1.505862565999999958e-01,4.991346472832212423e-03
1.506000735999999951e-01,4.991097884134160743e-03
1.507105640999999996e-01,4.989109676411260588e-03
1.508071769000000062e-01,4.987370726287560126e-03
1.509175157000000045e-01,4.985384190473871741e-03
1.509588719999999940e-01,4.984639469291620231e-03
1.509726549000000029e-01,4.984391256738569115e-03
1.510139960999999920e-01,4.983646702592294669e-03
1.510415505999999908e-01,4.983150402745552612e-03
1.510828728999999981e-01,4.982406057335309231e-03
1.511517183999999958e-01,4.981165759886361372e-03
1.511792477999999995e-01,4.980669738268204451e-03
1.512618058999999904e-01,4.979182007138371890e-03
1.513030680999999933e-01,4.978438329249963192e-03
1.513718133999999993e-01,4.977199144062458003e-03
1.513993026999999880e-01,4.976703567252006508e-03
1.514542664999999899e-01,4.975712580335698958e-03
1.514680043999999948e-01,4.975464868331859296e-03
1.515229432000000098e-01,4.974474159187993079e-03
1.515778621999999964e-01,4.973483672199931899e-03
1.516190383000000086e-01,4.972740952715578970e-03
1.516327611999999936e-01,4.972493407312736195e-03
1.517836311999999910e-01,4.969771323633184051e-03
1.517973393000000004e-01,4.969523944708337596e-03
1.518384559000000023e-01,4.968781891134675839e-03
1.519069588999999998e-01,4.967545412467651474e-03
1.520164995000000130e-01,4.965567767312236043e-03
1.520301864999999975e-01,4.965320624018234284e-03
1.520712402000000130e-01,4.964579277252700179e-03
1.522353442000000112e-01,4.961615136495031372e-03
1.522490115000000033e-01,4.961368214746018565e-03
1.522900061999999943e-01,4.960627532532042340e-03
1.523309898000000107e-01,4.959886974847127657e-03
1.523583061999999877e-01,4.959393338896683594e-03
1.523992714000000082e-01,4.958652988711051424e-03
1.524402256999999872e-01,4.957912762993524347e-03
1.524538746999999916e-01,4.957666048743547722e-03
1.525766605999999970e-01,4.955446242577988582e-03
1.526175671999999983e-01,4.954706555956265093e-03
1.526857206999999994e-01,4.953474021231673782e-03
1.527674646000000136e-01,4.951995435343707966e-03
1.528899987000000016e-01,4.949778488406826431e-03
1.529036075000000106e-01,4.949532229975773211e-03
1.529308215000000082e-01,4.949039754507631415e-03
1.529988354000000050e-01,4.947808807260225400e-03
1.530124344999999886e-01,4.947562659190676837e-03
1.530532246999999901e-01,4.946824297726554187e-03
1.531211842000000101e-01,4.945593971050597434e-03
1.531483596000000058e-01,4.945101936878713855e-03
1.532162769000000035e-01,4.943872092629903077e-03
1.532705890999999931e-01,4.942888465250595310e-03
1.533113106000000003e-01,4.942150889357771644e-03
1.533384523000000110e-01,4.941659240960071496e-03
1.533655891000000049e-01,4.941167647645738903e-03
1.533791557999999999e-01,4.940921871642393708e-03
1.534334102999999894e-01,4.939938905305379761e-03
1.534876456000000000e-01,4.938956159205452195e-03
1.535554128999999934e-01,4.937728036208449169e-03
1.535825114000000102e-01,4.937236883316289265e-03
1.535960588999999987e-01,4.936991327503974410e-03
1.536366940999999986e-01,4.936254742590589877e-03
1.536637782999999979e-01,4.935763754743990525e-03
1.537991277000000101e-01,4.933309640400372793e-03
1.538667576999999953e-01,4.932083098602507536e-03
1.538802801999999970e-01,4.931837831459945712e-03
1.539208404000000086e-01,4.931102112448230990e-03
1.539613898999999952e-01,4.930366517044449184e-03
1.540289487000000013e-01,4.929140799327074406e-03
1.540964779000000007e-01,4.927915424796546623e-03
1.541909690000000110e-01,4.926200476805036796e-03
1.542044630999999943e-01,4.925955539110915722e-03
1.542314475000000074e-01,4.925465704870593715e-03
1.542449379999999981e-01,4.925220808322451627e-03
1.543123727000000056e-01,4.923996531275046454e-03
1.543528192999999993e-01,4.923262129568733644e-03
1.544067316999999939e-01,4.922283119188886578e-03
1.544471535999999978e-01,4.921549005295184319e-03
1.544606252999999874e-01,4.921304328068224973e-03
1.545144999999999991e-01,4.920325756152073814e-03
1.545683559999999901e-01,4.919347403385939364e-03
1.546356496000000080e-01,4.918124770526599403e-03
1.546760118000000128e-01,4.917391355089547299e-03
1.548239160999999864e-01,4.914703218856279754e-03
1.548910987000000072e-01,4.913481885915550046e-03
1.549448237999999922e-01,4.912505065684962847e-03
1.549582522000000073e-01,4.912260894804358971e-03
1.550387978999999972e-01,4.910796156537299874e-03
1.550522180999999999e-01,4.910552081321757807e-03
1.550924717999999924e-01,4.909819937649100886e-03
1.551595380999999940e-01,4.908599971393575422e-03
1.552533822999999924e-01,4.906892592175813965e-03
1.552801845000000014e-01,4.906404892408436705e-03
1.553605633000000041e-01,4.904942120647787576e-03
1.553739557000000104e-01,4.904698373111424439e-03
1.554810536000000021e-01,4.902748883894048407e-03
1.555211962999999975e-01,4.902018050454415993e-03
1.555345749000000000e-01,4.901774466576449586e-03
1.556014505999999964e-01,4.900556751658762498e-03
1.556415623000000081e-01,4.899826286255301935e-03
1.556950283999999907e-01,4.898852523143911418e-03
1.557885499999999979e-01,4.897148962134547853e-03
1.558152600999999915e-01,4.896662352979811589e-03
1.558553166999999962e-01,4.895932541357477484e-03
1.558953630000000090e-01,4.895202852247382448e-03
1.560154403000000023e-01,4.893014519761756422e-03
1.560287764999999938e-01,4.892771439730587632e-03
1.561220982000000035e-01,4.891070260307514225e-03
1.561354252999999914e-01,4.890827289065290302e-03
1.561620760999999913e-01,4.890341387363552131e-03
1.561753998000000032e-01,4.890098456902624083e-03
1.562153639999999954e-01,4.889369747070463831e-03
1.562819484000000092e-01,4.888155502466269044e-03
1.563751188999999986e-01,4.886456130588315294e-03
1.563884245000000117e-01,4.886213417503224195e-03
1.564416352999999926e-01,4.885242700939339267e-03
1.564549352000000060e-01,4.885000055739788238e-03
1.566542979999999974e-01,4.881362006221073337e-03
1.567472471999999950e-01,4.879665294228362205e-03
1.567605212000000026e-01,4.879422961031799726e-03
1.567737939999999941e-01,4.879180641390949355e-03
1.568666723999999901e-01,4.877484783382290967e-03
1.568799361999999864e-01,4.877242572153403163e-03
1.569197210000000120e-01,4.876516019751190277e-03
1.569594957999999874e-01,4.875789589256203024e-03
1.570125131000000007e-01,4.874821204857698181e-03
1.570787596000000064e-01,4.873611028989292653e-03
1.570920054999999926e-01,4.873369034425114460e-03
1.571317365999999882e-01,4.872643131934287566e-03
1.571979329000000036e-01,4.871433565075964853e-03
1.572376372000000022e-01,4.870707987300801171e-03
1.572905608000000066e-01,4.869740739614972572e-03
1.573434665000000010e-01,4.868773708278513815e-03
1.573963545000000019e-01,4.867806893239234878e-03
1.574095736999999995e-01,4.867565223268434035e-03
1.574360087999999991e-01,4.867081923871086069e-03
1.574888657000000081e-01,4.866115487220303883e-03
1.575549119000000109e-01,4.864907745360299435e-03
1.575945263000000096e-01,4.864183262312645785e-03
1.576473301000000105e-01,4.863217473948677587e-03
1.577265025000000043e-01,4.861769196365231527e-03
1.577660738999999979e-01,4.861045239758852131e-03
1.578320039999999980e-01,4.859838915237407568e-03
1.578715488999999916e-01,4.859115282383381224e-03
1.579242600000000107e-01,4.858150627365187893e-03
1.579374350999999954e-01,4.857909497317887924e-03
1.580296294999999906e-01,4.856221964402503144e-03
1.580427957999999966e-01,4.855980942179041575e-03
1.580822879000000070e-01,4.855257956350685251e-03
1.581480862999999903e-01,4.854053249395561161e-03
1.583453172000000020e-01,4.850441148260016717e-03
1.583978706999999986e-01,4.849478432702255051e-03
1.584372742999999861e-01,4.848756537281848425e-03
1.585029253000000138e-01,4.847553647223402581e-03
1.586734907000000028e-01,4.844427705898867245e-03
1.586997152000000078e-01,4.843946993410867471e-03
1.587128258999999930e-01,4.843706657316606233e-03
1.587521514000000133e-01,4.842985729620793642e-03
1.587652576999999954e-01,4.842745447248912247e-03
1.587783628999999974e-01,4.842505178305580790e-03
1.588700692999999997e-01,4.840823671633014136e-03
1.588831659000000118e-01,4.840583510088505154e-03
1.589093558999999933e-01,4.840103227262871829e-03
1.589748119000000126e-01,4.838902755022710979e-03
1.589878999000000070e-01,4.838662700824914245e-03
1.590925649000000108e-01,4.836742750088874471e-03
1.591187202999999883e-01,4.836262896499377364e-03
1.591317965000000056e-01,4.836022989814958012e-03
1.591710184000000028e-01,4.835303350189582190e-03
1.591840902999999974e-01,4.835063497122393285e-03
1.592363669000000093e-01,4.834104218861986352e-03
1.593016885000000105e-01,4.832905422503574848e-03
1.593278096999999893e-01,4.832425997728749013e-03
1.593408685999999908e-01,4.832186305430919739e-03
1.594453019000000027e-01,4.830269249097077916e-03
1.594974929000000097e-01,4.829311042209866872e-03
1.595887860999999908e-01,4.827634695340809155e-03
1.596018237000000062e-01,4.827395270729485655e-03
1.596148602000000138e-01,4.827155859493345059e-03
1.596539634999999957e-01,4.826437706029883257e-03
1.597191142999999924e-01,4.825241051027205109e-03
1.597581921000000016e-01,4.824523218449835310e-03
1.598102808999999902e-01,4.823566295463719948e-03
1.599144076000000025e-01,4.821653090834604992e-03
1.599534375999999980e-01,4.820935859491972536e-03
1.600054629000000062e-01,4.819979737978318489e-03
1.600314690999999900e-01,4.819501757324794362e-03
1.601224578000000065e-01,4.817829245470327260e-03
1.601744281999999964e-01,4.816873817965885290e-03
1.602393673999999990e-01,4.815679833714679552e-03
1.602783183000000000e-01,4.814963603193469360e-03
1.603172596999999922e-01,4.814247492665839345e-03
1.603432153999999887e-01,4.813770152301402594e-03
1.604210574000000111e-01,4.812338451066234916e-03
1.604340273000000039e-01,4.812099880831971835e-03
1.605766279999999990e-01,4.809476487379857855e-03
1.605895854000000122e-01,4.809238076965381518e-03
1.606414046000000095e-01,4.808284568429713364e-03
1.606932071000000128e-01,4.807331272849481481e-03
1.607320479999999885e-01,4.806616440884934130e-03
1.607838212999999905e-01,4.805663517851054521e-03
1.608485145000000116e-01,4.804472663317072879e-03
1.608614499999999892e-01,4.804234532303343873e-03
1.609002502999999917e-01,4.803520219034598977e-03
1.609390411999999937e-01,4.802806025404563611e-03
1.609907479999999891e-01,4.801853953298986649e-03
1.610036719999999866e-01,4.801615968493989396e-03
1.611586801999999874e-01,4.798761186961826575e-03
1.611715907999999864e-01,4.798523374820277965e-03
1.612103165000000060e-01,4.797810018049529328e-03
1.612748385999999978e-01,4.796621355559088293e-03
1.613135394000000111e-01,4.795908317305743081e-03
1.613651261000000059e-01,4.794957785369755206e-03
1.614038053999999889e-01,4.794245025691402928e-03
1.614811359999999973e-01,4.792819864368132871e-03
1.615197874000000033e-01,4.792107462679932005e-03
1.615584295999999975e-01,4.791395180277690721e-03
1.615713082999999939e-01,4.791157779314113990e-03
1.615841859000000102e-01,4.790920391601661416e-03
1.616228127000000070e-01,4.790208307958926381e-03
1.616614302999999919e-01,4.789496343544856483e-03
1.616871702000000077e-01,4.789021766828267627e-03
1.617900888999999898e-01,4.787123989630276064e-03
1.618158083000000025e-01,4.786649677715876933e-03
1.619314953000000057e-01,4.784515929147107813e-03
1.619700393000000072e-01,4.783804917755747274e-03
1.619828852000000097e-01,4.783567940409749926e-03
1.620342587999999973e-01,4.782620163265312307e-03
1.621369571999999870e-01,4.780725243549127472e-03
1.622011106000000036e-01,4.779541348233897445e-03
1.622908828999999886e-01,4.777884449620277245e-03
1.623934189000000028e-01,4.775991643490650786e-03
1.624062313999999896e-01,4.775755102126509090e-03
1.624318533000000120e-01,4.775282058989580199e-03
1.624446626999999921e-01,4.775045557215922172e-03
1.624830848999999910e-01,4.774336131063381186e-03
1.625854998000000051e-01,4.772444908412858643e-03
1.625982971000000110e-01,4.772208564928726200e-03
1.626110933999999897e-01,4.771972234629738574e-03
1.627006394000000133e-01,4.770318291663901318e-03
1.627134276999999962e-01,4.770082066819118956e-03
1.628156977000000116e-01,4.768192742413015703e-03
1.628540323000000067e-01,4.767484463115025280e-03
1.628923579999999871e-01,4.766776302341188890e-03
1.629562139999999881e-01,4.765596297709819018e-03
1.630072808999999956e-01,4.764652530938595469e-03
1.630455704999999866e-01,4.763944844038231659e-03
1.630583317000000032e-01,4.763708974720117298e-03
1.631603855000000047e-01,4.761822493730910946e-03
1.631986391999999952e-01,4.761115280353062605e-03
1.632113883999999904e-01,4.760879568855820934e-03
1.632496301999999955e-01,4.760172513241475376e-03
1.633006053000000124e-01,4.759229956436336617e-03
1.633133465000000117e-01,4.758994350089382729e-03
1.633260867999999921e-01,4.758758756882140381e-03
1.633643016999999920e-01,4.758052056092818352e-03
1.634025077000000048e-01,4.757345473534635612e-03
1.634279734000000095e-01,4.756874484169862534e-03
1.634661645000000108e-01,4.756168098615635477e-03
1.635170720000000133e-01,4.755226435030368917e-03
1.636315560999999918e-01,4.753108459820323990e-03
1.636569861999999931e-01,4.752637943000310311e-03
1.636696997000000042e-01,4.752402704268685225e-03
1.637332525999999899e-01,4.751226707354406706e-03
1.637713725000000120e-01,4.750521266571941341e-03
1.638221851999999978e-01,4.749580862410704256e-03
1.638602844000000003e-01,4.748875696924160367e-03
1.639364561999999970e-01,4.747465719770520287e-03
1.640125926999999872e-01,4.746056214231851242e-03
1.640379637000000113e-01,4.745586483825899038e-03
1.640760126999999957e-01,4.744881986419751708e-03
1.641140530000000097e-01,4.744177606836858137e-03
1.641267311000000062e-01,4.743942839821771278e-03
1.642154506999999874e-01,4.742299837144507528e-03
1.642281210000000047e-01,4.742065174812817169e-03
1.642661260000000123e-01,4.741361266307756589e-03
1.642787924000000122e-01,4.741126656299768025e-03
1.644307130000000061e-01,4.738312356101685198e-03
1.644433667000000099e-01,4.738077916053167610e-03
1.644686711999999995e-01,4.737609075158404071e-03
1.645319154999999867e-01,4.736437201573109358e-03
1.645445614000000112e-01,4.736202866047535889e-03
1.646456939000000008e-01,4.734328651992155031e-03
1.646709672999999985e-01,4.733860229047432387e-03
1.647341338999999960e-01,4.732689400109669348e-03
1.647846497000000077e-01,4.731752971859343529e-03
1.648351500999999941e-01,4.730816752352191498e-03
1.648477727999999864e-01,4.730582730085025958e-03
1.650243888000000048e-01,4.727307787437829388e-03
1.650748157999999965e-01,4.726372558758600538e-03
1.651378279000000060e-01,4.725203816031323979e-03
1.651504273999999939e-01,4.724970106560770836e-03
1.652260043999999872e-01,4.723568123197251917e-03
1.652385972000000036e-01,4.723334504871485803e-03
1.652511891000000011e-01,4.723100899564427330e-03
1.652889589000000048e-01,4.722400161739160988e-03
1.653267200000000103e-01,4.721699541042590278e-03
1.653393052000000085e-01,4.721466026835305363e-03
1.653518894000000072e-01,4.721232525639698988e-03
1.654399518000000124e-01,4.719598381510995734e-03
1.654902521999999931e-01,4.718664870988680503e-03
1.655531061999999942e-01,4.717498275362257826e-03
1.656787426000000119e-01,4.715166058824077355e-03
1.656913010000000130e-01,4.714932908625167965e-03
1.657540787000000015e-01,4.713767352448249189e-03
1.657917338999999879e-01,4.713068174565339559e-03
1.658544735999999964e-01,4.711903137728457903e-03
1.658921060999999919e-01,4.711204271372989270e-03
1.659422694000000087e-01,4.710272631224430087e-03
1.660425504999999968e-01,4.708409973566311975e-03
1.660550813999999986e-01,4.708177199716529794e-03
1.660801403000000120e-01,4.707711690911340133e-03
1.661302469000000004e-01,4.706780828862449848e-03
1.661928588000000095e-01,4.705617542912573018e-03
1.662429313000000075e-01,4.704687147378065412e-03
1.662554471000000089e-01,4.704454580880046595e-03
1.663430311999999911e-01,4.702826978030654956e-03
1.663930586000000045e-01,4.701897204115183977e-03
1.664305691999999892e-01,4.701200009592057180e-03
1.664555715999999908e-01,4.700735277953602999e-03
1.664805702999999915e-01,4.700270598075259772e-03
1.664930682000000106e-01,4.700038277543312250e-03
1.665305562999999933e-01,4.699341393572743948e-03
1.666429701000000096e-01,4.697251440075655114e-03
1.666804245000000073e-01,4.696555021643218295e-03
1.667553079999999910e-01,4.695162533750987972e-03
1.668426296999999947e-01,4.693538552433267237e-03
1.669423700000000066e-01,4.691683348689969571e-03
1.669548332999999940e-01,4.691451506320528167e-03
1.669922178000000090e-01,4.690756056658641239e-03
1.670420506999999999e-01,4.689828971120290138e-03
1.670918687999999874e-01,4.688902092024278823e-03
1.671416719999999911e-01,4.687975419319609025e-03
1.671541205000000030e-01,4.687743783386278881e-03
1.672536749999999905e-01,4.685891160089261480e-03
1.672785544000000013e-01,4.685428133171518246e-03
1.672909925999999936e-01,4.685196639044888166e-03
1.673283020000000121e-01,4.684502233981831416e-03
1.673531702999999926e-01,4.684039361696621523e-03
1.673904657999999990e-01,4.683345149886753399e-03
1.674277529000000042e-01,4.682651054002241395e-03
1.674401801000000023e-01,4.682419714463596956e-03
1.674774562999999938e-01,4.681725773109821249e-03
1.675519836000000096e-01,4.680338238002757292e-03
1.675892347999999865e-01,4.679644644205450434e-03
1.676885310000000018e-01,4.677795626870524456e-03
1.677257518999999975e-01,4.677102457604755126e-03
1.677381571000000071e-01,4.676871426901783868e-03
1.678497620000000135e-01,4.674792729102854143e-03
1.678745530000000097e-01,4.674330937641534706e-03
1.678869471999999974e-01,4.674100061185228368e-03
1.679489041999999988e-01,4.672945871621024018e-03
1.679860673999999943e-01,4.672253512025469242e-03
1.680232224000000052e-01,4.671561268012450197e-03
1.680479877999999927e-01,4.671099836204934026e-03
1.680727495999999876e-01,4.670638455751160295e-03
1.681346381000000112e-01,4.669485229250864081e-03
1.682212436999999949e-01,4.667871251110448060e-03
1.682830775999999973e-01,4.666718794420304101e-03
1.683819645999999892e-01,4.664875530496338449e-03
1.684313863999999938e-01,4.663954206171654071e-03
1.685178394999999885e-01,4.662342381912717472e-03
1.685425322000000115e-01,4.661881975985258421e-03
1.685795646000000092e-01,4.661191463142119566e-03
1.686289283999999888e-01,4.660270958612617448e-03
1.686659417999999966e-01,4.659580714632704547e-03
1.687276127000000014e-01,4.658430563969443057e-03
1.687769332000000067e-01,4.657510673756593174e-03
1.688262392999999861e-01,4.656590988215392711e-03
1.688385635999999912e-01,4.656361098803418926e-03
1.689124902999999955e-01,4.654982030856689816e-03
1.689248083000000067e-01,4.654752230945136127e-03
1.690233197999999881e-01,4.652914291756563535e-03
1.690356296999999952e-01,4.652684606859041130e-03
1.690602468999999886e-01,4.652225275390328013e-03
1.690725540999999943e-01,4.651995628818048761e-03
1.691709795999999932e-01,4.650158915998584865e-03
1.692570549000000091e-01,4.648552462552787111e-03
1.692693477999999974e-01,4.648323020255450307e-03
1.693185104999999913e-01,4.647405378661546849e-03
1.693307990000000041e-01,4.647176000159436091e-03
1.693676590000000037e-01,4.646487941186959458e-03
1.694290743999999904e-01,4.645341431308491406e-03
1.695150186999999919e-01,4.643736852972090400e-03
1.696254544999999947e-01,4.641674741273483715e-03
1.696622505000000003e-01,4.640987600016724737e-03
1.696990385000000101e-01,4.640300573378723821e-03
1.697112993999999875e-01,4.640071589966920755e-03
1.697235594000000014e-01,4.639842619286673950e-03
1.697603340999999932e-01,4.639155783633842553e-03
1.697971007999999893e-01,4.638469062544042960e-03
1.698093545999999898e-01,4.638240180968391385e-03
1.698461106999999970e-01,4.637553612595482141e-03
1.699195991000000128e-01,4.636180819368747492e-03
1.700420092000000105e-01,4.633893848098620018e-03
1.700542452999999898e-01,4.633665220895249494e-03
1.701031812000000087e-01,4.632750839181943268e-03
1.701521028999999907e-01,4.631836660786039887e-03
1.702010106000000078e-01,4.630922685655538412e-03
1.702132353999999959e-01,4.630694223628779860e-03
1.702376821999999901e-01,4.630237337673209427e-03
1.703110016000000115e-01,4.628866984550403588e-03
1.703842895000000079e-01,4.627497088413284020e-03
1.703965010999999863e-01,4.627268816808415529e-03
1.704331305000000019e-01,4.626584078119858230e-03
1.704819576000000114e-01,4.625671270805951051e-03
1.705429717999999983e-01,4.624530547028171852e-03
1.706039642000000134e-01,4.623390140231400935e-03
1.706405491000000108e-01,4.622706048263045334e-03
1.706893168999999988e-01,4.621794103057114307e-03
1.707015065999999970e-01,4.621566148431790859e-03
1.707989933999999876e-01,4.619742967455679403e-03
1.708233563000000066e-01,4.619287298856454907e-03
1.708355364999999959e-01,4.619059483547942151e-03
1.708720719000000055e-01,4.618376113586363831e-03
1.708964245000000048e-01,4.617920596903371533e-03
1.709816312000000116e-01,4.616326687157853645e-03
1.710789583000000003e-01,4.614505835076935202e-03
1.710911203000000103e-01,4.614278285478118011e-03
1.712248452000000032e-01,4.611776074230479992e-03
1.712612974999999926e-01,4.611093918373703610e-03
1.713584657999999983e-01,4.609275391899745646e-03
1.713706078999999993e-01,4.609048132920703228e-03
1.713827491999999897e-01,4.608820886568222933e-03
1.714070292000000051e-01,4.608366431739453241e-03
1.714677142000000098e-01,4.607230515573431523e-03
1.714798486000000122e-01,4.607003370204241534e-03
1.715162467999999940e-01,4.606322009808493795e-03
1.715526370999999883e-01,4.605640762965793229e-03
1.716011457000000129e-01,4.604732610445973554e-03
1.716617619999999955e-01,4.603597703551557362e-03
1.716738827000000023e-01,4.603370759998965528e-03
1.717102396999999891e-01,4.602690004980437496e-03
1.717708175999999864e-01,4.601555665365948330e-03
1.717950427000000113e-01,4.601102017730227152e-03
1.718071539999999897e-01,4.600875212813078721e-03
1.719524231000000014e-01,4.598154536253893851e-03
1.719887211999999999e-01,4.597474650423188230e-03
1.720008188999999910e-01,4.597248046988234443e-03
1.720612944000000089e-01,4.596115218585982223e-03
1.721338370999999923e-01,4.594756239710198059e-03
1.721459244999999916e-01,4.594529787257535178e-03
1.721821818000000004e-01,4.593850505355072909e-03
1.722425937000000018e-01,4.592718620331545654e-03
1.723392086999999961e-01,4.590908257927748919e-03
1.723874958000000124e-01,4.590003378298635958e-03
1.724357695000000024e-01,4.589098699650889963e-03
1.724478358000000044e-01,4.588872561387092111e-03
1.725443358000000038e-01,4.587063907280158719e-03
1.725684523999999886e-01,4.586611869281964106e-03
1.725805093999999984e-01,4.586385869109164959e-03
1.726407819000000121e-01,4.585256056461436448e-03
1.726769353000000007e-01,4.584578319420963381e-03
1.727733073000000119e-01,4.582771572478077336e-03
1.728214731999999920e-01,4.581868499912497908e-03
1.728335125999999888e-01,4.581642763107839425e-03
1.729057311999999957e-01,4.580288605440294321e-03
1.729297972999999933e-01,4.579837319785350774e-03
1.730140025999999942e-01,4.578258214546389315e-03
1.730981668000000084e-01,4.576679722852097787e-03
1.731222062999999978e-01,4.576228837881234773e-03
1.731462423000000028e-01,4.575778002967635649e-03
1.731943045000000070e-01,4.574876483288745251e-03
1.732063179999999980e-01,4.574651134645879406e-03
1.732543633999999999e-01,4.573749865155234996e-03
1.733144016000000009e-01,4.572623559673295174e-03
1.733384109999999978e-01,4.572173125000029981e-03
1.733984199999999976e-01,4.571047257065303029e-03
1.734104193000000071e-01,4.570822120971154527e-03
1.734464122999999913e-01,4.570146787663801127e-03
1.734823977999999933e-01,4.569471566801103744e-03
1.735063840000000135e-01,4.569021482015610952e-03
1.735423570000000082e-01,4.568346448511753817e-03
1.735783226000000012e-01,4.567671527396194135e-03
1.735903095000000118e-01,4.567446578661959675e-03
1.736981541000000018e-01,4.565422601770208720e-03
1.737221104999999988e-01,4.564972966400582428e-03
1.737340874999999951e-01,4.564748167430816156e-03
1.738298734000000012e-01,4.562950224718254066e-03
1.738777465999999938e-01,4.562051552647577134e-03
1.739614929999999948e-01,4.560479356441135383e-03
1.739854131000000137e-01,4.560030269682244924e-03
1.740691075999999948e-01,4.558458858457207705e-03
1.741647092999999979e-01,4.556663707133905977e-03
1.741766557999999965e-01,4.556439369241902480e-03
1.742602584999999871e-01,4.554869352470659015e-03
1.742721985000000029e-01,4.554645114133513799e-03
1.742960759999999942e-01,4.554196674780543012e-03
1.743080134999999975e-01,4.553972473764158861e-03
1.743676888000000036e-01,4.552851655243674543e-03
1.744034841999999863e-01,4.552179313356082349e-03
1.744392723000000034e-01,4.551507083360628071e-03
1.745465922999999975e-01,4.549491064527910918e-03
1.745942689999999964e-01,4.548595379198142399e-03
1.746300178999999897e-01,4.547923745617785118e-03
1.746538464999999873e-01,4.547476051988181937e-03
1.746895831999999982e-01,4.546804604667649928e-03
1.748324572000000132e-01,4.544119932459072739e-03
1.748443581000000135e-01,4.543896290425776703e-03
1.748800558999999977e-01,4.543225438751313620e-03
1.749395360999999871e-01,4.542107600658713829e-03
1.750227742999999891e-01,4.540543148034007978e-03
1.750346623000000046e-01,4.540319704380146350e-03
1.751178553999999943e-01,4.538755945738525907e-03
1.751653764999999974e-01,4.537862641900753183e-03
1.752010089000000104e-01,4.537192794055340365e-03
1.752485075000000114e-01,4.536299836932196003e-03
1.752603801000000017e-01,4.536076628600426916e-03
1.753553322999999997e-01,4.534291407475796350e-03
1.754027891000000117e-01,4.533399093858559402e-03
1.754146513000000018e-01,4.533176046376770352e-03
1.754383733000000056e-01,4.532729988517984580e-03
1.754502330999999915e-01,4.532506978138949559e-03
1.754858076999999961e-01,4.531838021191704480e-03
1.755095200000000022e-01,4.531392111711269981e-03
1.755450826000000131e-01,4.530723340202794276e-03
1.756280337999999996e-01,4.529163305898199245e-03
1.756872607999999947e-01,4.528049366323400569e-03
1.756991036999999978e-01,4.527826615462881600e-03
1.757346278999999956e-01,4.527158436976387243e-03
1.757701449000000082e-01,4.526490369617642250e-03
1.758648217999999874e-01,4.524709399790786436e-03
1.758766529000000134e-01,4.524486834097792010e-03
1.759830964000000109e-01,4.522484297984349227e-03
1.760067416999999967e-01,4.522039425625653912e-03
1.760185632000000056e-01,4.521817007940981230e-03
1.760776588000000087e-01,4.520705104445871952e-03
1.761131066000000134e-01,4.520038110260607596e-03
1.761485473000000135e-01,4.519371226984347442e-03
1.761603593000000134e-01,4.519148957202693585e-03
1.761957903999999964e-01,4.518482221773589824e-03
1.762075992000000091e-01,4.518260001267463202e-03
1.762548265999999975e-01,4.517371242408273202e-03
1.762666314000000123e-01,4.517149083480576435e-03
1.763610418000000069e-01,4.515372255280602348e-03
1.763964326999999943e-01,4.514706147797076935e-03
1.764436094000000066e-01,4.513818176755376999e-03
1.765261384000000044e-01,4.512264701035569210e-03
1.765379252000000010e-01,4.512042825125625774e-03
1.765732805999999933e-01,4.511377271170935108e-03
1.766204101000000137e-01,4.510490038005862158e-03
1.766321905000000081e-01,4.510268260444016616e-03
1.766793043000000063e-01,4.509381273089656597e-03
1.767617233000000065e-01,4.507829518239643563e-03
1.768323376000000002e-01,4.506499921653536224e-03
1.768676341000000041e-01,4.505835289112893917e-03
1.769264459999999872e-01,4.504727813703316569e-03
1.769969946000000127e-01,4.503399248154292198e-03
1.770087499000000120e-01,4.503177863500662167e-03
1.771027646999999983e-01,4.501407227783776888e-03
1.771145130000000012e-01,4.501185953497219110e-03
1.771380073000000110e-01,4.500743441699905575e-03
1.771497532999999902e-01,4.500522204188978949e-03
1.772436933000000048e-01,4.498752745284014150e-03
1.773258498999999988e-01,4.497205111931841179e-03
1.773845098999999870e-01,4.496100026923608578e-03
1.774314240000000042e-01,4.495216179276120654e-03
1.774783255999999865e-01,4.494332527452496798e-03
1.774900490999999914e-01,4.494111645088068319e-03
1.775252149000000057e-01,4.493449071403127389e-03
1.775720916999999899e-01,4.492565811083194111e-03
1.775838090000000091e-01,4.492345026578353252e-03
1.776658084000000137e-01,4.490799877430374197e-03
1.776775194999999918e-01,4.490579190739290433e-03
1.777126481000000091e-01,4.489917204004271328e-03
1.777477698999999911e-01,4.489255327256414831e-03
1.777711804999999867e-01,4.488814137185851913e-03
1.778881874999999890e-01,4.486608919751945181e-03
1.778998838999999998e-01,4.486388465173814406e-03
1.779583546999999877e-01,4.485286375406437494e-03
1.780518680000000020e-01,4.483523666412827374e-03
1.780869227999999915e-01,4.482862851849146561e-03
1.781219708000000013e-01,4.482202147059560077e-03
1.781336518999999952e-01,4.481981936520388482e-03
1.782153982000000136e-01,4.480440804135825232e-03
1.782270732000000024e-01,4.480220691128224998e-03
1.783321136999999890e-01,4.478240222432787118e-03
1.784137691000000081e-01,4.476700540076258145e-03
1.784254311000000037e-01,4.476480634163735976e-03
1.784487527999999990e-01,4.476040858865167060e-03
1.786119197000000103e-01,4.472963794923536657e-03
1.786468646000000104e-01,4.472304734317135606e-03
1.786934471999999940e-01,4.471426157096783198e-03
1.787400177000000034e-01,4.470547774409249463e-03
1.787865760000000026e-01,4.469669586204689724e-03
1.788214868000000124e-01,4.469011072654618597e-03
1.788331221999999998e-01,4.468791592438486025e-03
1.788680239000000061e-01,4.468133224685050080e-03
1.788912879000000011e-01,4.467694373585100708e-03
1.789261782999999884e-01,4.467036188026857722e-03
1.789610618999999958e-01,4.466378111759050813e-03
1.790772912999999966e-01,4.464185313262598008e-03
1.791121454000000057e-01,4.463527710354676242e-03
1.791469927999999878e-01,4.462870216631274409e-03
1.791586071000000058e-01,4.462651076315342705e-03
1.792050565999999956e-01,4.461774636333755602e-03
1.792398859000000066e-01,4.461117433668396887e-03
1.793559346999999971e-01,4.458927546021856751e-03
1.793791354000000005e-01,4.458489713906894046e-03
1.794487197000000089e-01,4.457176508286802598e-03
1.794835016999999922e-01,4.456520068971890972e-03
1.795182768999999956e-01,4.455863738625359671e-03
1.795298671999999984e-01,4.455644986056377967e-03
1.795646334000000066e-01,4.454988800972783762e-03
1.796225623000000104e-01,4.453895401209146884e-03
1.796341458000000058e-01,4.453676757556396248e-03
1.796688918999999884e-01,4.453020899183006073e-03
1.797036312999999996e-01,4.452365149673499951e-03
1.797267871000000072e-01,4.451928043803393166e-03
1.797615153000000077e-01,4.451272475687545818e-03
1.798078092000000017e-01,4.450398554123440216e-03
1.799119267000000022e-01,4.448432937624814155e-03
1.799350557000000128e-01,4.447996266861107932e-03
1.799928654000000072e-01,4.446904801321492455e-03
1.800044251000000040e-01,4.446686544442283832e-03
1.800390997000000104e-01,4.446031846247507427e-03
1.800853221000000004e-01,4.445159084329432936e-03
1.800968759000000086e-01,4.444940924025368896e-03
1.801199812000000011e-01,4.444504639621972737e-03
1.801777314999999935e-01,4.443414139774891879e-03
1.802585508000000003e-01,4.441887946629845089e-03
1.803162567000000105e-01,4.440798170432505923e-03
1.803508714000000013e-01,4.440144449374309500e-03
1.803624081000000101e-01,4.439926566460482109e-03
1.804546756000000030e-01,4.438183936944649528e-03
1.805007915999999879e-01,4.437312911308255968e-03
1.805584201000000055e-01,4.436224400218425137e-03
1.805929883000000069e-01,4.435571438038960271e-03
1.806275499999999978e-01,4.434918584191410024e-03
1.806390690000000132e-01,4.434700990312911290e-03
1.806736218999999977e-01,4.434048280876732792e-03
1.807196819999999926e-01,4.433178170069969684e-03
1.807427077000000049e-01,4.432743186841741137e-03
1.807772407000000081e-01,4.432090802203171587e-03
1.808232744999999919e-01,4.431221124364906339e-03
1.808347811000000083e-01,4.431003734962093120e-03
1.809153068000000086e-01,4.429482345705329158e-03
1.810072923999999917e-01,4.427744336088193684e-03
1.810532676999999924e-01,4.426875619551998500e-03
1.810877415000000101e-01,4.426224208230109675e-03
1.811796394999999893e-01,4.424487639550925624e-03
1.812255711000000102e-01,4.423619643220398114e-03
1.812370520999999901e-01,4.423402674129581907e-03
1.812829690999999965e-01,4.422534917720865114e-03
1.813288744999999869e-01,4.421667353195384183e-03
1.814665209000000112e-01,4.419065810457772740e-03
1.815582272000000053e-01,4.417332407195260525e-03
1.815696871999999962e-01,4.417115785683316254e-03
1.816040630000000100e-01,4.416465992991958252e-03
1.816498871999999987e-01,4.415599770345481935e-03
1.816613414000000093e-01,4.415383244608210578e-03
1.816956999000000073e-01,4.414733739207703407e-03
1.817415009999999997e-01,4.413867899531547477e-03
1.817529494000000023e-01,4.413651469524648534e-03
1.817758442000000085e-01,4.413218645395063783e-03
1.818445113000000113e-01,4.411920460055797008e-03
1.818788350999999970e-01,4.411271528814256736e-03
1.819360270000000002e-01,4.410190215829444191e-03
1.819588987999999907e-01,4.409757774298353125e-03
1.819703336000000060e-01,4.409541571457102453e-03
1.821074950999999886e-01,4.406948069168153785e-03
1.821189206000000116e-01,4.406732021606106671e-03
1.821417693999999865e-01,4.406299962297952934e-03
1.821874582999999936e-01,4.405435986932219189e-03
1.822102985000000064e-01,4.405004070861320842e-03
1.822902165999999990e-01,4.403492740483205305e-03
1.823244565000000095e-01,4.402845206405992841e-03
1.823815087000000001e-01,4.401766221457728556e-03
1.824613518000000045e-01,4.400256143258477956e-03
1.824841577000000103e-01,4.399824799612597585e-03
1.825183612000000066e-01,4.399177873513952786e-03
1.825639559999999995e-01,4.398315472171670550e-03
1.825753528999999875e-01,4.398099901615719516e-03
1.826551111999999977e-01,4.396591241166811388e-03
1.826892827000000108e-01,4.395944850994972126e-03
1.827006717999999919e-01,4.395729411410455312e-03
1.827576066000000110e-01,4.394652392011030168e-03
1.828372853999999936e-01,4.393145064570008404e-03
1.828714228999999969e-01,4.392499245513233237e-03
1.829396786999999969e-01,4.391207928442888812e-03
1.829737969999999936e-01,4.390562430392909443e-03
1.830647481999999882e-01,4.388841625134059198e-03
1.832010903000000079e-01,4.386261842607769822e-03
1.832124475999999946e-01,4.386046937904799180e-03
1.832351600000000080e-01,4.385617164105528286e-03
1.832465151999999875e-01,4.385402295010104937e-03
1.832805764000000059e-01,4.384757758920077367e-03
1.833373309999999923e-01,4.383683769400196530e-03
1.833713754000000085e-01,4.383039518031980192e-03
1.833827221000000063e-01,4.382824791295818374e-03
1.833940681000000017e-01,4.382610076418217565e-03
1.834734705999999937e-01,4.381107404258221920e-03
1.834848109999999977e-01,4.380892784223110875e-03
1.835188279999999950e-01,4.380248995230737880e-03
1.835755089999999978e-01,4.379176250565883395e-03
1.835981764999999877e-01,4.378747235630296199e-03
1.836095091999999929e-01,4.378532745929037372e-03
1.836435030999999940e-01,4.377889347890290619e-03
1.836548329999999896e-01,4.377674905563242250e-03
1.837001456000000033e-01,4.376817254657058322e-03
1.837567706999999884e-01,4.375745457383731045e-03
1.837794158000000122e-01,4.375316821322087352e-03
1.837907373000000066e-01,4.375102521042151769e-03
1.838812844000000113e-01,4.373388544716317813e-03
1.840057139000000064e-01,4.371033063096502712e-03
1.840283283999999964e-01,4.370604947386346611e-03
1.840961552000000001e-01,4.369320883847008057e-03
1.841074572999999992e-01,4.369106914607806362e-03
1.841187585999999876e-01,4.368892957180204109e-03
1.841526585000000105e-01,4.368251155766619299e-03
1.842881956999999904e-01,4.365685012772608717e-03
1.843220644000000130e-01,4.365043742591909713e-03
1.843672131000000103e-01,4.364188880863991739e-03
1.844687570000000110e-01,4.362266131961048919e-03
1.845025925999999872e-01,4.361625427894292965e-03
1.845138698000000077e-01,4.361411883446592724e-03
1.845589715000000020e-01,4.360557823517037697e-03
1.845702452000000104e-01,4.360344337995375984e-03
1.846378728999999996e-01,4.359063672281020610e-03
1.846604099999999971e-01,4.358636877944931098e-03
1.847280048000000119e-01,4.357356777566177841e-03
1.848293504999999892e-01,4.355437421614563771e-03
1.848406076999999925e-01,4.355224218682837017e-03
1.848631201000000002e-01,4.354797848116619130e-03
1.849643917999999887e-01,4.352879762812680679e-03
1.849981367000000099e-01,4.352240612711261343e-03
1.850206299000000110e-01,4.351814571421618212e-03
1.850431204000000107e-01,4.351388577147781260e-03
1.850993345999999984e-01,4.350323797126209348e-03
1.851442936999999900e-01,4.349472184596051179e-03
1.852004771000000105e-01,4.348407933219979905e-03
1.852229458000000106e-01,4.347982314871982022e-03
1.852341791000000071e-01,4.347769523311376463e-03
1.852791054000000048e-01,4.346918474464341042e-03
1.853801499000000130e-01,4.345004301141240817e-03
1.854474822000000134e-01,4.343728713529524353e-03
1.854699209000000015e-01,4.343303611481371361e-03
1.855035738999999961e-01,4.342666046348020274e-03
1.855484350000000116e-01,4.341816123628400130e-03
1.855820736999999887e-01,4.341178804656898628e-03
1.856381246999999901e-01,4.340116840725818589e-03
1.856493328999999914e-01,4.339904483086534648e-03
1.856829533000000088e-01,4.339267480451589054e-03
1.857389738999999929e-01,4.338206043620996405e-03
1.857725781000000020e-01,4.337569322028589879e-03
1.858061762000000061e-01,4.336932705790454666e-03
1.858173741999999962e-01,4.336720523786665588e-03
1.858285715999999921e-01,4.336508353487152079e-03
1.859181260999999974e-01,4.334811412320015850e-03
1.860076375999999976e-01,4.333115219755719928e-03
1.860411932000000101e-01,4.332479340467273489e-03
1.860747429000000064e-01,4.331843566382095022e-03
1.860859246999999883e-01,4.331631665061368673e-03
1.861194663000000082e-01,4.330996031213945642e-03
1.861306454999999971e-01,4.330784176633828073e-03
1.861753555000000004e-01,4.329936875140221082e-03
1.861865313000000133e-01,4.329725078968991482e-03
1.862200548000000067e-01,4.329089760534031092e-03
1.862535721999999949e-01,4.328454547197130298e-03
1.863540881999999899e-01,4.326549537587082335e-03
1.864322298999999961e-01,4.325068516942638490e-03
1.864433903000000115e-01,4.324856989226711149e-03
1.864545501000000050e-01,4.324645473175494671e-03
1.864768676000000125e-01,4.324222476057215311e-03
1.864880254000000070e-01,4.324010994991776130e-03
1.865326496999999972e-01,4.323165187325959773e-03
1.865438040999999880e-01,4.322953764554066797e-03
1.866218664000000027e-01,4.321474131517226425e-03
1.867110404000000001e-01,4.319783821440601086e-03
1.867556113999999934e-01,4.318938945936365292e-03
1.868335852000000130e-01,4.317460862053399545e-03
1.868447216000000133e-01,4.317249753771617606e-03
1.868781270000000050e-01,4.316616498755042157e-03
1.869894350999999899e-01,4.314506404907211129e-03
1.870228146000000036e-01,4.313873603544252089e-03
1.870784339000000074e-01,4.312819167124679401e-03
1.871896228999999912e-01,4.310711165917140326e-03
1.872340799999999972e-01,4.309868290717434186e-03
1.872451927000000071e-01,4.309657600952493221e-03
1.872896366000000035e-01,4.308814958007054115e-03
1.873340699999999914e-01,4.307972500812932114e-03
1.873451765999999963e-01,4.307761915532505939e-03
1.875227942999999897e-01,4.304394128975897252e-03
1.875449847000000003e-01,4.303973364419956017e-03
1.876115401000000016e-01,4.302711348963997318e-03
1.876448089999999957e-01,4.302080497695454087e-03
1.876780718999999931e-01,4.301449750709520313e-03
1.876891582000000114e-01,4.301239524885421689e-03
1.877224133000000017e-01,4.300608916912479138e-03
1.877334971000000075e-01,4.300398737419503480e-03
1.877778253999999869e-01,4.299558135252474350e-03
1.878221432999999940e-01,4.298717718339895022e-03
1.878553748000000023e-01,4.298087527201857605e-03
1.878775259000000086e-01,4.297667457645442182e-03
1.879107476999999915e-01,4.297037440097484576e-03
1.879439635000000053e-01,4.296407526679210144e-03
1.879550342000000096e-01,4.296197578675862300e-03
1.880435759999999901e-01,4.294518411009550819e-03
1.880767684000000106e-01,4.293888913917910145e-03
1.880878311999999997e-01,4.293679104674412265e-03
1.881431356999999915e-01,4.292630231817618457e-03
1.882205345999999890e-01,4.291162295114923225e-03
1.882536958000000094e-01,4.290533352653325833e-03
1.883089514999999881e-01,4.289485346167225092e-03
1.883200006999999898e-01,4.289275779507309774e-03
1.883862823000000131e-01,4.288018621938591984e-03
1.884083709000000106e-01,4.287599661741296753e-03
1.884856608999999905e-01,4.286133664465236436e-03
1.885298123999999964e-01,4.285296205485540980e-03
1.885739535000000022e-01,4.284458930992842383e-03
1.885849871999999983e-01,4.284249641190530748e-03
1.886070525999999914e-01,4.283831096167643390e-03
1.886511757000000067e-01,4.282994144420309950e-03
1.887834830000000019e-01,4.280484395186498307e-03
1.888496018999999970e-01,4.279230142421362217e-03
1.888826526000000061e-01,4.278603171435331823e-03
1.889267112999999942e-01,4.277767371229284320e-03
1.889377244000000067e-01,4.277558449943284768e-03
1.889707596999999906e-01,4.276931755107835943e-03
1.890037893000000024e-01,4.276305163793531032e-03
1.890147979000000034e-01,4.276096323024065893e-03
1.890258058000000019e-01,4.275887493754304720e-03
1.891028433999999980e-01,4.274426010795479534e-03
1.891138461999999909e-01,4.274217273497075108e-03
1.891468507999999882e-01,4.273591130559545141e-03
1.892348349000000096e-01,4.271921921623731896e-03
1.892678184000000097e-01,4.271296157803985971e-03
1.892788116000000131e-01,4.271087592833447064e-03
1.893117874999999950e-01,4.270461966813077215e-03
1.894106805000000116e-01,4.268585708634689210e-03
1.894985421000000003e-01,4.266918703864798663e-03
1.895424575999999917e-01,4.266085476755491178e-03
1.896302582000000125e-01,4.264419572863343763e-03
1.896412303999999993e-01,4.264211386455364627e-03
1.896631729000000099e-01,4.263795048019488471e-03
1.897180179999999883e-01,4.262754402439044438e-03
1.897289852000000054e-01,4.262546307691343628e-03
1.897618828000000035e-01,4.261922092168207547e-03
1.897947747000000018e-01,4.261297979714606145e-03
1.898166994000000107e-01,4.260881961995737627e-03
1.898386216999999876e-01,4.260465990072444774e-03
1.898934161999999981e-01,4.259426260577638644e-03
1.899372404000000125e-01,4.258594682973263976e-03
1.899920063999999964e-01,4.257555468382922398e-03
1.900139083999999867e-01,4.257139862614734045e-03
1.900248585000000046e-01,4.256932076885787397e-03
1.900686524000000099e-01,4.256101048312412212e-03
1.901124362000000123e-01,4.255270202661917862e-03
1.901562099000000117e-01,4.254439539887450335e-03
1.901890336000000015e-01,4.253816662794301755e-03
1.901999735999999885e-01,4.253609059947520248e-03
1.902546639999999900e-01,4.252571217059574436e-03
1.903202717999999960e-01,4.251326182475020053e-03
1.903312041999999926e-01,4.251118716672128671e-03
1.904077136000000003e-01,4.249666775664486668e-03
1.904186409999999996e-01,4.249459401168490490e-03
1.904295678000000047e-01,4.249252038086103953e-03
1.904951152999999897e-01,4.248008099159565273e-03
1.905169594999999994e-01,4.247593544101718570e-03
1.905497210000000052e-01,4.246971797045299112e-03
1.906043111000000068e-01,4.245935779981412084e-03
1.906807108999999945e-01,4.244485834811607960e-03
1.906916227000000075e-01,4.244278745367941613e-03
1.907243542000000014e-01,4.243657545391257835e-03
1.907570802000000121e-01,4.243036447933195253e-03
1.907788943000000015e-01,4.242622439905451188e-03
1.908116109000000116e-01,4.242001513268866229e-03
1.908552242999999871e-01,4.241173770478725950e-03
1.909424211000000093e-01,4.239518831220925703e-03
1.909533179000000025e-01,4.239312015017144067e-03
1.909860046000000089e-01,4.238691634662075658e-03
1.910186856999999960e-01,4.238071356676180283e-03
1.910404699999999900e-01,4.237657894881085609e-03
1.911058079000000076e-01,4.236417782373279144e-03
1.911928904999999901e-01,4.234764935539375372e-03
1.912364169000000114e-01,4.233938784810675239e-03
1.912908110000000050e-01,4.232906351958518575e-03
1.913016879999999975e-01,4.232699899456530447e-03
1.913778093999999874e-01,4.231255049817844033e-03
1.914756353000000022e-01,4.229398203119208617e-03
1.915625497000000010e-01,4.227748444072382955e-03
1.915842721000000082e-01,4.227336117702277553e-03
1.915951324000000067e-01,4.227129971521097554e-03
1.916385674999999955e-01,4.226305500147598329e-03
1.916819926999999979e-01,4.225481210098995175e-03
1.917254080000000138e-01,4.224657101332160263e-03
1.917579631000000118e-01,4.224039138695598154e-03
1.917688136000000043e-01,4.223833173801805167e-03
1.918013613000000006e-01,4.223215347065859340e-03
1.918230566999999942e-01,4.222803519188747350e-03
1.918555952000000064e-01,4.222185862278540931e-03
1.918989712999999986e-01,4.221362478196894613e-03
1.919314968999999982e-01,4.220745058956918046e-03
1.919856940000000123e-01,4.219716253169841086e-03
1.920290406999999866e-01,4.218893412136944833e-03
1.920615442999999978e-01,4.218276400100256715e-03
1.920723776000000105e-01,4.218070752034933438e-03
1.921157048000000089e-01,4.217248272817386567e-03
1.921481936999999973e-01,4.216631532081169254e-03
1.921698498999999949e-01,4.216220428095877014e-03
1.922564505000000090e-01,4.214576464060955721e-03
1.922780946000000046e-01,4.214165586002148467e-03
1.922889157000000071e-01,4.213960163911763604e-03
1.923754625999999912e-01,4.212317193625244455e-03
1.924511593000000076e-01,4.210880187153818663e-03
1.925052100999999904e-01,4.209854092412073506e-03
1.925160184999999968e-01,4.209648907299955514e-03
1.925808558000000059e-01,4.208418033424090113e-03
1.926024634000000069e-01,4.208007832323101653e-03
1.926348702000000024e-01,4.207392615207140342e-03
1.927644430999999881e-01,4.204932760827004463e-03
1.928076146999999907e-01,4.204113169788982994e-03
1.928399870999999988e-01,4.203498594727799950e-03
1.928615656000000067e-01,4.203088934305622242e-03
1.928939289000000112e-01,4.202474528084262397e-03
1.929370715000000014e-01,4.201655477330758573e-03
1.929694221999999904e-01,4.201041307396636768e-03
1.930341071999999991e-01,4.199813271218767220e-03
1.930664415999999994e-01,4.199199404935518090e-03
1.931203202000000008e-01,4.198176519300876250e-03
1.931957250000000126e-01,4.196744951422110015e-03
1.932388002000000049e-01,4.195927159797690174e-03
1.932926308000000037e-01,4.194905172968719717e-03
1.933141587999999966e-01,4.194496456835669802e-03
1.933787285000000133e-01,4.193270577854648490e-03
1.934110052999999940e-01,4.192657789875452179e-03
1.934432766999999997e-01,4.192045102879887915e-03
1.934540325999999921e-01,4.191840896318172090e-03
1.934862968000000127e-01,4.191228343939729095e-03
1.935293073000000086e-01,4.190411764448831282e-03
1.935400585000000007e-01,4.190207647610553338e-03
1.935830571000000111e-01,4.189391292370191200e-03
1.936367920000000020e-01,4.188371100529074409e-03
1.936690256999999971e-01,4.187759119902671225e-03
1.937979070999999998e-01,4.185312205575963430e-03
1.938086434000000080e-01,4.185108368837059736e-03
1.938301141000000061e-01,4.184700728947610138e-03
1.938408484999999959e-01,4.184496925791604191e-03
1.938730483999999976e-01,4.183885583484788298e-03
1.938945119000000106e-01,4.183478077903127548e-03
1.939588884000000013e-01,4.182255829691613330e-03
1.939696156999999865e-01,4.182052160809357488e-03
1.940554130999999904e-01,4.180423212359422533e-03
1.940661351000000090e-01,4.180219644119005304e-03
1.941840380000000033e-01,4.177981131121248290e-03
1.942268940999999915e-01,4.177167461585074709e-03
1.943232856000000064e-01,4.175337358428732326e-03
1.943446994999999955e-01,4.174930791645504666e-03
1.943554054999999947e-01,4.174727524994661931e-03
1.943982237999999918e-01,4.173914569993591311e-03
1.944838319999999954e-01,4.172289195522346610e-03
1.944945304000000041e-01,4.172086073906969284e-03
1.945159254000000115e-01,4.171679864129427921e-03
1.945800963000000050e-01,4.170461502386754032e-03
1.946442459999999930e-01,4.169243541910492602e-03
1.946656244999999952e-01,4.168837644229609653e-03
1.946976878999999994e-01,4.168228881265048300e-03
1.947404309000000111e-01,4.167417353252196241e-03
1.947831644999999945e-01,4.166606003418624540e-03
1.948365683999999931e-01,4.165592066622852280e-03
1.948579257999999981e-01,4.165186569820325882e-03
1.948686037000000038e-01,4.164983838112701342e-03
1.949540053000000106e-01,4.163362385002289043e-03
1.949966921000000075e-01,4.162551925413903939e-03
1.950287011000000070e-01,4.161944197482708024e-03
1.950927033000000033e-01,4.160729041786593446e-03
1.951673459999999916e-01,4.159311865813902949e-03
1.952099861999999908e-01,4.158502295387525756e-03
1.952419602000000087e-01,4.157895234187023066e-03
1.952526169999999894e-01,4.157692902664015741e-03
1.952632733000000120e-01,4.157490582244627308e-03
1.953378507999999902e-01,4.156074650154086871e-03
1.953698038999999997e-01,4.155467988605231894e-03
1.953804537000000119e-01,4.155265790282650952e-03
1.954336943999999965e-01,4.154254965088700381e-03
1.954656318000000115e-01,4.153648603085213081e-03
1.955401321000000137e-01,4.152234146539727708e-03
1.955507726999999862e-01,4.152032125666352269e-03
1.955933293000000073e-01,4.151224153015967318e-03
1.956039669000000092e-01,4.151022187559541554e-03
1.956358766000000082e-01,4.150416357680534150e-03
1.957634629999999987e-01,4.147994035134860633e-03
1.958378500000000078e-01,4.146581749973077442e-03
1.958484744000000000e-01,4.146380039222911235e-03
1.958803442000000006e-01,4.145774973365243948e-03
1.958909662999999968e-01,4.145573306874205353e-03
1.959228292000000093e-01,4.144968373781972998e-03
1.959334490000000095e-01,4.144766751540356238e-03
1.960077715000000109e-01,4.143355705514980246e-03
1.960502288000000037e-01,4.142549636747625691e-03
1.961032876000000091e-01,4.141542299482284251e-03
1.961138976000000034e-01,4.141340865182406052e-03
1.961457242999999906e-01,4.140736628574504842e-03
1.961775457999999916e-01,4.140132491391309948e-03
1.961987571999999902e-01,4.139729788496705407e-03
1.962199664000000010e-01,4.139327129776764792e-03
1.962623777999999986e-01,4.138521944845604573e-03
1.962729793000000111e-01,4.138320676214429956e-03
1.963577700999999953e-01,4.136710924516102603e-03
1.963683663999999940e-01,4.136509755214106548e-03
1.964531160000000110e-01,4.134900797929584766e-03
1.964848876999999994e-01,4.134297620926066091e-03
1.965166543000000099e-01,4.133694543155831333e-03
1.965272419999999909e-01,4.133493539280009774e-03
1.966225058000000137e-01,4.131685000367194514e-03
1.966542501000000109e-01,4.131082352395658124e-03
1.966965679000000078e-01,4.130278975973448140e-03
1.967071458999999911e-01,4.130078159402798821e-03
1.967811761999999909e-01,4.128672751688250604e-03
1.968763171000000034e-01,4.126866591393796649e-03
1.968974531999999888e-01,4.126465343469381576e-03
1.969397187999999965e-01,4.125662979611830448e-03
1.969925378999999865e-01,4.124660272219085426e-03
1.970664609999999983e-01,4.123256943589524715e-03
1.970770192000000087e-01,4.123056512032934225e-03
1.971192461999999868e-01,4.122254895681990924e-03
1.971614641999999973e-01,4.121453455105883283e-03
1.971931218000000097e-01,4.120852489997627911e-03
1.972142239999999935e-01,4.120451901499568373e-03
1.972458730999999965e-01,4.119851101096571981e-03
1.973618762999999887e-01,4.117649011443365488e-03
1.974040424000000071e-01,4.116848580729358040e-03
1.974145824999999910e-01,4.116648500472029799e-03
1.974672747000000006e-01,4.115648263679450199e-03
1.975304867000000075e-01,4.114448341326311549e-03
1.975410200999999921e-01,4.114248392630517545e-03
1.975515529000000103e-01,4.114048454892806940e-03
1.976252668000000046e-01,4.112649197537305429e-03
1.976357951000000113e-01,4.112449347449214157e-03
1.976673767000000081e-01,4.111849862904862901e-03
1.977410474999999890e-01,4.110451448890826628e-03
1.977515696000000101e-01,4.110251719252636278e-03
1.978777918000000080e-01,4.107855817170481122e-03
1.978883066999999885e-01,4.107656229775501038e-03
1.979093348000000030e-01,4.107257087796687030e-03
1.979198480000000093e-01,4.107057533211457521e-03
1.979724056000000121e-01,4.106059924302690387e-03
1.980039335000000067e-01,4.105461490146257268e-03
1.980459629000000110e-01,4.104663730952567285e-03
1.980774791000000090e-01,4.104065526297018610e-03
1.981299948999999949e-01,4.103068737032969891e-03
1.981404964000000046e-01,4.102869411949100140e-03
1.981719976000000105e-01,4.102271502222661244e-03
1.982139913000000031e-01,4.101474442120838990e-03
1.982244884000000096e-01,4.101275204389856315e-03
1.982559761999999892e-01,4.100677556687643520e-03
1.982874589999999992e-01,4.100080007212728549e-03
1.983818773999999896e-01,4.098287947965263515e-03
1.983923656000000091e-01,4.098088884809192659e-03
1.984238268000000083e-01,4.097491760775450430e-03
1.984762509000000119e-01,4.096496772112005226e-03
1.985076987999999931e-01,4.095899909722393838e-03
1.985391417000000047e-01,4.095303145414178753e-03
1.985496216000000036e-01,4.095104245771682104e-03
1.985915353999999911e-01,4.094308756152189102e-03
1.987067530000000137e-01,4.092122058230628773e-03
1.987276944999999961e-01,4.091724618329764702e-03
1.988009722999999895e-01,4.090333921497901239e-03
1.988846853000000026e-01,4.088745206456758340e-03
1.988951469999999944e-01,4.088546666018776782e-03
1.989160685999999956e-01,4.088149617763275553e-03
1.989265286000000132e-01,4.087951109943504212e-03
1.989579052999999875e-01,4.087355651715690076e-03
1.990520057000000065e-01,4.085569863929015832e-03
1.990624585000000113e-01,4.085371497392758025e-03
1.990833626000000078e-01,4.084974796907825216e-03
1.991356132000000057e-01,4.083983235767008578e-03
1.991460616000000072e-01,4.083784956116695390e-03
1.991774037000000053e-01,4.083190182313503266e-03
1.992087408999999865e-01,4.082595506213751967e-03
1.992505160999999969e-01,4.081802756699701856e-03
1.992922826000000092e-01,4.081010180808366909e-03
1.993444783999999970e-01,4.080019705035956533e-03
1.993862251999999891e-01,4.079227519640413538e-03
1.993966604999999892e-01,4.079029500400953821e-03
1.994175294999999959e-01,4.078633494446929492e-03
1.995114131000000068e-01,4.076852004199233576e-03
1.995844031000000018e-01,4.075467007456235434e-03
1.996365224999999965e-01,4.074478048990641706e-03
1.996469448000000035e-01,4.074280289781277535e-03
1.997303031999999867e-01,4.072698605807075108e-03
1.998032133000000043e-01,4.071315200451541480e-03
1.998136268000000049e-01,4.071117614386798346e-03
1.998865065000000052e-01,4.069734814741240818e-03
1.998969157000000108e-01,4.069537315186181649e-03
1.999177325000000005e-01,4.069142348505107136e-03
1.999281401000000125e-01,4.068944881380347732e-03
1.999593595999999973e-01,4.068352544852557075e-03
1.999801699000000044e-01,4.067957707870187463e-03
2.000113813000000129e-01,4.067365533434256705e-03
2.000425878000000046e-01,4.066773456230713887e-03
2.000841888999999874e-01,4.065984171177837447e-03
2.000945879000000094e-01,4.065786876913739592e-03
2.001465743999999991e-01,4.064800567552883520e-03
2.001777597999999936e-01,4.064208911479824486e-03
2.002297248000000085e-01,4.063223033879303364e-03
2.002920649000000108e-01,4.062040336813967610e-03
2.003855387000000043e-01,4.060267019216187018e-03
2.003959220000000041e-01,4.060070037835359670e-03
2.004270686999999884e-01,4.059479158367066375e-03
2.004685900000000021e-01,4.058691469958012298e-03
2.005101026999999980e-01,4.057903953944966280e-03
2.005516069000000123e-01,4.057116610284353803e-03
2.005827293000000122e-01,4.056526215620659750e-03
2.006345894000000074e-01,4.055542439860360462e-03
2.006760676999999882e-01,4.054755613011686716e-03
2.007071709000000093e-01,4.054165605876630316e-03
2.007486343000000062e-01,4.053379080329665846e-03
2.007589988000000047e-01,4.053182475836558316e-03
2.008004515000000045e-01,4.052396165425097875e-03
2.008833311999999871e-01,4.050824060748306303e-03
2.008936887999999976e-01,4.050627596038769776e-03
2.009144022999999890e-01,4.050234698864579701e-03
2.009247581999999976e-01,4.050038266398061325e-03
2.009558228999999974e-01,4.049449033470775734e-03
2.011317653999999955e-01,4.046111872875774070e-03
2.011421102000000016e-01,4.045915665940038979e-03
2.011731412999999968e-01,4.045327109524004920e-03
2.012558674999999908e-01,4.043758097842941809e-03
2.012868810000000008e-01,4.043169895448015319e-03
2.013075541000000079e-01,4.042777814135779628e-03
2.013798931000000125e-01,4.041405867252633073e-03
2.014108874999999965e-01,4.040818050791037015e-03
2.014212180000000130e-01,4.040622133404473890e-03
2.014728621999999914e-01,4.039642707172777340e-03
2.015348177000000074e-01,4.038467749174084326e-03
2.015761108999999940e-01,4.037684658005776320e-03
2.016277153999999905e-01,4.036706034905606331e-03
2.016380346999999962e-01,4.036510342393493864e-03
2.016689895000000066e-01,4.035923329064254432e-03
2.017205703000000128e-01,4.034945187493707043e-03
2.017515123999999993e-01,4.034358430909276184e-03
2.018649262999999972e-01,4.032207813417829079e-03
2.019164569999999936e-01,4.031230687547178275e-03
2.019473690999999960e-01,4.030644540235020674e-03
2.019576721000000130e-01,4.030449179161625824e-03
2.019679745000000082e-01,4.030253828771090951e-03
2.019988788000000035e-01,4.029667841677877366e-03
2.020297782000000097e-01,4.029081950692992541e-03
2.020400770000000124e-01,4.028886675050582893e-03
2.020503753000000013e-01,4.028691410086199416e-03
2.021224483999999877e-01,4.027324854206607886e-03
2.021327424999999900e-01,4.027129674628936867e-03
2.022150761000000019e-01,4.025568622065180818e-03
2.022459424999999977e-01,4.024983403345152623e-03
2.022768043000000016e-01,4.024398280595964210e-03
2.022870904999999886e-01,4.024203261001246291e-03
2.023282301000000061e-01,4.023423289224706614e-03
2.023693612999999947e-01,4.022643487977943001e-03
2.024618760000000128e-01,4.020889558448524984e-03
2.025338026999999874e-01,4.019525987439762256e-03
2.025646205999999949e-01,4.018941759553502392e-03
2.026057038000000088e-01,4.018162938040288276e-03
2.026159733000000018e-01,4.017968259264709761e-03
2.026262423000000090e-01,4.017773591129229424e-03
2.026878453000000024e-01,4.016605805721731870e-03
2.026981106000000088e-01,4.016411212047509872e-03
2.027083755000000098e-01,4.016216629008217444e-03
2.027802146999999888e-01,4.014854845457259749e-03
2.027904752999999949e-01,4.014660347472208748e-03
2.028930535000000035e-01,4.012715952126696094e-03
2.029033084000000098e-01,4.012521571026636362e-03
2.029340702000000107e-01,4.011938491457678856e-03
2.029545755000000118e-01,4.011549824845848412e-03
2.029853295000000057e-01,4.010966904564490509e-03
2.030570707000000086e-01,4.009607128804752556e-03
2.031185430000000125e-01,4.008442020613528327e-03
2.032004772000000070e-01,4.006889137072895159e-03
2.032311940000000039e-01,4.006306980719350624e-03
2.032619061000000005e-01,4.005724919777443015e-03
2.032721425000000026e-01,4.005530920663901220e-03
2.033642465000000121e-01,4.003785405506916396e-03
2.033949385000000110e-01,4.003203757821635622e-03
2.034358541000000076e-01,4.002428375844820259e-03
2.034460817000000032e-01,4.002234556824369079e-03
2.034767614000000113e-01,4.001653163286877923e-03
2.035176605000000027e-01,4.000878120105714683e-03
2.036096534000000069e-01,3.999134892017830803e-03
2.036403083999999974e-01,3.998554006410122950e-03
2.036913899999999999e-01,3.997586075238668615e-03
2.037118189999999884e-01,3.997198976783705553e-03
2.037220326999999997e-01,3.997005443413160879e-03
2.038037242999999887e-01,3.995457556939932542e-03
2.038445577000000120e-01,3.994683867296091456e-03
2.038547648000000045e-01,3.994490471294595210e-03
2.039159966999999907e-01,3.993330317073729048e-03
2.039670091000000129e-01,3.992363812255474327e-03
2.039976105000000095e-01,3.991784036034212030e-03
2.040078099000000034e-01,3.991590798401439301e-03
2.040384051999999948e-01,3.991011148816825220e-03
2.040893870999999915e-01,3.990045277186373036e-03
2.041607403000000043e-01,3.988693499889815926e-03
2.041811223999999980e-01,3.988307372704886014e-03
2.042524434999999916e-01,3.986956259593034402e-03
2.042626302999999977e-01,3.986763285588416569e-03
2.043441055999999922e-01,3.985219872833661164e-03
2.043644693999999984e-01,3.984834124975004770e-03
2.043746505000000047e-01,3.984641266842605875e-03
2.044255486000000066e-01,3.983677134113318245e-03
2.044560813000000088e-01,3.983098780799693150e-03
2.044866094999999995e-01,3.982520522210972191e-03
2.044967845000000006e-01,3.982327790393334031e-03
2.045374795999999884e-01,3.981556968344754019e-03
2.045781665999999999e-01,3.980786314608309069e-03
2.046188455000000073e-01,3.980015829148333267e-03
2.046493494000000135e-01,3.979438075458446855e-03
2.047001790999999904e-01,3.978475362889082045e-03
2.048221189999999969e-01,3.976165924541223348e-03
2.048322773000000041e-01,3.975973539624224479e-03
2.048525925999999941e-01,3.975588801291473663e-03
2.048627494999999965e-01,3.975396447874631443e-03
2.048932169999999886e-01,3.974819450619894792e-03
2.049135262000000013e-01,3.974434838272034899e-03
2.049439862000000112e-01,3.973857998469998432e-03
2.050150420000000084e-01,3.972512406203667149e-03
2.051570798000000029e-01,3.969822763464192494e-03
2.051773628000000127e-01,3.969438696522786109e-03
2.052280618000000001e-01,3.968478712556114049e-03
2.052686119000000087e-01,3.967710913964232582e-03
2.053192883000000135e-01,3.966751401386367851e-03
2.053395553000000040e-01,3.966367669655638389e-03
2.053496881000000107e-01,3.966175819493958539e-03
2.054003444999999983e-01,3.965216725713443038e-03
2.054307323000000018e-01,3.964641395040001230e-03
2.054611157000000021e-01,3.964066158539929913e-03
2.054712424000000037e-01,3.963874433966354215e-03
2.055623609999999990e-01,3.962149383482219817e-03
2.056332030999999949e-01,3.960808263092769482e-03
2.056433213999999954e-01,3.960616716274333385e-03
2.057141355999999865e-01,3.959276181139407581e-03
2.057242499999999974e-01,3.959084717911441967e-03
2.057950363000000116e-01,3.957744767747893924e-03
2.058253659000000013e-01,3.957170660023506641e-03
2.058354746999999929e-01,3.956979311660841457e-03
2.059466395000000005e-01,3.954875168491615682e-03
2.059567424000000035e-01,3.954683945350751309e-03
2.059870480999999864e-01,3.954110338515347961e-03
2.060375477999999982e-01,3.953154535700024660e-03
2.060476461999999898e-01,3.952963406417413054e-03
2.060779386000000102e-01,3.952390081121710981e-03
2.061284160000000087e-01,3.951434747422962260e-03
2.061889725999999923e-01,3.950288690851737512e-03
2.061990636000000099e-01,3.950097717884275099e-03
2.062797741000000074e-01,3.948570309074792006e-03
2.062898606999999940e-01,3.948379429828354457e-03
2.063100324000000096e-01,3.947997702569434886e-03
2.063201175000000109e-01,3.947806854553427905e-03
2.064007806000000000e-01,3.946280445076520704e-03
2.064310212000000089e-01,3.945708213196613169e-03
2.064511790999999929e-01,3.945326777285245584e-03
2.064713350000000058e-01,3.944945382976827383e-03
2.065217162999999911e-01,3.943992079174700981e-03
2.065317911000000006e-01,3.943801449603811897e-03
2.065620123999999946e-01,3.943229623263358810e-03
2.065922293999999937e-01,3.942657890461041294e-03
2.066828537000000021e-01,3.940943253133646559e-03
2.067633754000000046e-01,3.939419837318410347e-03
2.068338060999999894e-01,3.938087393484716869e-03
2.068539246999999970e-01,3.937706788644583684e-03
2.068840989999999880e-01,3.937135959196944555e-03
2.069243245999999870e-01,3.936374998489468487e-03
2.070449544000000086e-01,3.934093111810104196e-03
2.070851486999999991e-01,3.933332814598232939e-03
2.070951960999999897e-01,3.933142766198692748e-03
2.071253352999999908e-01,3.932572683158672491e-03
2.071554700000000082e-01,3.932002693343744811e-03
2.071655139999999951e-01,3.931812717452050701e-03
2.072458480999999908e-01,3.930293283078769261e-03
2.072558875999999939e-01,3.930103400367227114e-03
2.072759653000000035e-01,3.929723665994900271e-03
2.073361867000000081e-01,3.928584711231784994e-03
2.073662907999999916e-01,3.928015373518910225e-03
2.074064228999999981e-01,3.927256401374167039e-03
2.074866636999999903e-01,3.925738953401139084e-03
2.076069667000000063e-01,3.923464021646424008e-03
2.076470522999999957e-01,3.922706041622767495e-03
2.077171832999999967e-01,3.921379974104763008e-03
2.077272001000000090e-01,3.921190577178742913e-03
2.077372164000000077e-01,3.921001190572937986e-03
2.077572476000000001e-01,3.920622448322801969e-03
2.077973040999999965e-01,3.919865087647804620e-03
2.078073169999999914e-01,3.919675773269982837e-03
2.078173295000000087e-01,3.919486469211069107e-03
2.078974117000000066e-01,3.917972408028364169e-03
2.079174273999999933e-01,3.917593995846719787e-03
2.079774630000000013e-01,3.916459006704764954e-03
2.080074742999999948e-01,3.915891651264013541e-03
2.080374812999999934e-01,3.915324388555338486e-03
2.080774838999999987e-01,3.914568182496038461e-03
2.080874832999999868e-01,3.914379156730613679e-03
2.081174788000000053e-01,3.913812141222198018e-03
2.081674615999999922e-01,3.912867321301685339e-03
2.082174324000000132e-01,3.911922758720745921e-03
2.082374174000000133e-01,3.911545005724156171e-03
2.082474091000000027e-01,3.911356144661135015e-03
2.082973607999999976e-01,3.910411993658084555e-03
2.083273260000000071e-01,3.909845626487365791e-03
2.083672729000000112e-01,3.909090614228672746e-03
2.083972280999999982e-01,3.908524462988675202e-03
2.084371616000000038e-01,3.907769738575092751e-03
2.084471438000000121e-01,3.907581083164860664e-03
2.084870678000000088e-01,3.906826564281931473e-03
2.085170057999999882e-01,3.906260782995648294e-03
2.085668927999999867e-01,3.905318019611509536e-03
2.086067939000000038e-01,3.904563993746958204e-03
2.086965433000000092e-01,3.902868036069541760e-03
2.087164823999999863e-01,3.902491269466938032e-03
2.087264513000000044e-01,3.902302901557190302e-03
2.087762883000000014e-01,3.901361215874294460e-03
2.088061847999999887e-01,3.900796327536803880e-03
2.088759266000000114e-01,3.899478613609834877e-03
2.088858878000000030e-01,3.899290409766878115e-03
2.089257278999999967e-01,3.898537696877210114e-03
2.089356867999999923e-01,3.898349544271660898e-03
2.089954299000000015e-01,3.897220843785488813e-03
2.090153405000000075e-01,3.896844692232618017e-03
2.090452027999999962e-01,3.896280541710673510e-03
2.090750607999999899e-01,3.895716483338752725e-03
2.091546613999999971e-01,3.894212778076664491e-03
2.091646092999999984e-01,3.894024860971758567e-03
2.092043963999999923e-01,3.893273294857709475e-03
2.092541195000000021e-01,3.892334067368041599e-03
2.092839478000000086e-01,3.891770653592091164e-03
2.093237121000000034e-01,3.891019578361515265e-03
2.093336520000000089e-01,3.890831835110919196e-03
2.093535303999999875e-01,3.890456379271487082e-03
2.094032181999999909e-01,3.889517918510511461e-03
2.094926263999999927e-01,3.887829332751165795e-03
2.095124896999999986e-01,3.887454203811147469e-03
2.095621397999999913e-01,3.886516560131561809e-03
2.096514802999999982e-01,3.884829444495105887e-03
2.096812520000000124e-01,3.884267256266483569e-03
2.097110194000000039e-01,3.883705159835405644e-03
2.097606224999999935e-01,3.882768536395719925e-03
2.097903787000000020e-01,3.882206684673545315e-03
2.098300471000000000e-01,3.881457691743591711e-03
2.098796219999999879e-01,3.880521679859992579e-03
2.099192735000000032e-01,3.879773053730577268e-03
2.099688274000000021e-01,3.878837500223891819e-03
2.099985541000000122e-01,3.878276290307364465e-03
2.100282766000000079e-01,3.877715172009510696e-03
2.100381832000000060e-01,3.877528152933823035e-03
2.101174188000000109e-01,3.876032366673300405e-03
2.101273211999999946e-01,3.875845439175211980e-03
2.101570255000000109e-01,3.875284717706680218e-03
2.102065233000000033e-01,3.874350385323281458e-03
2.102758006999999874e-01,3.873042746990428865e-03
2.103054839999999870e-01,3.872482483016327030e-03
2.103153775000000114e-01,3.872295748680673871e-03
2.103648379999999984e-01,3.871362229399364242e-03
2.104439506999999931e-01,3.869869126699199049e-03
2.104736103000000025e-01,3.869309380719370989e-03
2.105823263999999917e-01,3.867257760264817493e-03
2.105922068999999952e-01,3.867071310190026145e-03
2.106020869000000129e-01,3.866884870257048835e-03
2.106218455999999961e-01,3.866512020821771724e-03
2.106811104999999906e-01,3.865393715890446270e-03
2.107502319000000013e-01,3.864089488061688091e-03
2.107601044999999895e-01,3.863903210340130859e-03
2.107798483999999972e-01,3.863530685294058048e-03
2.108390689000000096e-01,3.862413353296786228e-03
2.108686728999999982e-01,3.861854824033909752e-03
2.109180036999999952e-01,3.860924144446417020e-03
2.109475966000000091e-01,3.860365858176235520e-03
2.110264907999999939e-01,3.858877540082896948e-03
2.110659267999999977e-01,3.858133623850492668e-03
2.110757846999999909e-01,3.857947670079119387e-03
2.110954989999999920e-01,3.857575792876056717e-03
2.111053555000000082e-01,3.857389869440800735e-03
2.112925411999999892e-01,3.853859244714443865e-03
2.113023884999999935e-01,3.853673523397349501e-03
2.113122353000000120e-01,3.853487812179826055e-03
2.113417730999999911e-01,3.852930739117175086e-03
2.113811502999999870e-01,3.852188116386061692e-03
2.115385858000000119e-01,3.849219240202176803e-03
2.115680920000000131e-01,3.848662863412440592e-03
2.116074270999999951e-01,3.847921168848426800e-03
2.116270919000000084e-01,3.847550382052006279e-03
2.116565857000000106e-01,3.846994277452202120e-03
2.116860752999999984e-01,3.846438263550648953e-03
2.116959042999999874e-01,3.846252945735867748e-03
2.117253885000000002e-01,3.845697052738324909e-03
2.117745196999999968e-01,3.844770765867621450e-03
2.117843446000000074e-01,3.844585538706095981e-03
2.118138165000000017e-01,3.844029917639941573e-03
2.118432842999999899e-01,3.843474387182369001e-03
2.118629271999999952e-01,3.843104083877229345e-03
2.118923880999999954e-01,3.842548704400892100e-03
2.120396314999999920e-01,3.839773165201158626e-03
2.120494441000000119e-01,3.839588209708639892e-03
2.120886898999999881e-01,3.838848488265760462e-03
2.121573525999999876e-01,3.837554362673470214e-03
2.121671598000000047e-01,3.837369527780969732e-03
2.121769665000000082e-01,3.837184702934852247e-03
2.121965785000000104e-01,3.836815083375970121e-03
2.122456006000000006e-01,3.835891210244311671e-03
2.122554037000000116e-01,3.835706465743705246e-03
2.122848102000000070e-01,3.835152292485362411e-03
2.123142125999999963e-01,3.834598209573605691e-03
2.123338119000000024e-01,3.834228871152845462e-03
2.123632075000000119e-01,3.833674938789926028e-03
2.124023953999999992e-01,3.832936502775440100e-03
2.124415759999999931e-01,3.832198227268078256e-03
2.125101246999999971e-01,3.830906631226082496e-03
2.125199154999999895e-01,3.830722157611367480e-03
2.125688631000000051e-01,3.829799939886754847e-03
2.125982261999999900e-01,3.829246729511502547e-03
2.126373706999999946e-01,3.828509255948090752e-03
2.127254195999999931e-01,3.826850526372147388e-03
2.127547610999999950e-01,3.826297796744875142e-03
2.127840984999999907e-01,3.825745157205935956e-03
2.128036546000000029e-01,3.825376780888865413e-03
2.128623119999999980e-01,3.824271892079154651e-03
2.128720866999999906e-01,3.824087778961062639e-03
2.128818608999999973e-01,3.823903675842391190e-03
2.129502678000000093e-01,3.822615234044175227e-03
2.129600385000000040e-01,3.822431210925985711e-03
2.129795784000000081e-01,3.822063194682176306e-03
2.130674858000000116e-01,3.820407616314368954e-03
2.131358331000000050e-01,3.819120503744701835e-03
2.131455952999999903e-01,3.818936670473285170e-03
2.132724621000000043e-01,3.816547746404195390e-03
2.133017284000000013e-01,3.815996695754721516e-03
2.133407438000000100e-01,3.815262101218397199e-03
2.134285025000000058e-01,3.813609846923895954e-03
2.134577473000000003e-01,3.813059274944650533e-03
2.134869882000000052e-01,3.812508792664298825e-03
2.134967342000000101e-01,3.812325318501095812e-03
2.135064798999999902e-01,3.812141854303251198e-03
2.135357139999999876e-01,3.811591521484815424e-03
2.135649441999999953e-01,3.811041278324517334e-03
2.135746866999999882e-01,3.810857883858279060e-03
2.136039116000000015e-01,3.810307760214798854e-03
2.136623492999999985e-01,3.809207781765669779e-03
2.136915621000000098e-01,3.808657926928302358e-03
2.137597099000000112e-01,3.807375280608533800e-03
2.137986417999999944e-01,3.806642558725993695e-03
2.138083735999999901e-01,3.806459403119432684e-03
2.138862125000000058e-01,3.804994516248718598e-03
2.139153947999999916e-01,3.804445347702923360e-03
2.139737473999999973e-01,3.803347278933991681e-03
2.140418054000000070e-01,3.802066650730466253e-03
2.140709664000000068e-01,3.801517959044390695e-03
2.141098416999999976e-01,3.800786509134305470e-03
2.141875709999999933e-01,3.799324085745969977e-03
2.141972852000000038e-01,3.799141327476595123e-03
2.142069989000000008e-01,3.798958579127453307e-03
2.142361375000000068e-01,3.798410393603888525e-03
2.142846929999999983e-01,3.797496949432359586e-03
2.143526521999999934e-01,3.796218544039572148e-03
2.143623588999999940e-01,3.796035954349563039e-03
2.143914764000000028e-01,3.795488244742605596e-03
2.144205899000000137e-01,3.794940624317579524e-03
2.144399966999999962e-01,3.794575593573007704e-03
2.145079067000000006e-01,3.793298297983207622e-03
2.145467027999999887e-01,3.792568632646316912e-03
2.145854918000000000e-01,3.791839125708116199e-03
2.146242738999999955e-01,3.791109777126787372e-03
2.146533558000000008e-01,3.790562869587594998e-03
2.146727415999999944e-01,3.790198314029519233e-03
2.147308883999999862e-01,3.789104884745775077e-03
2.148180791000000034e-01,3.787465408246079579e-03
2.148277647000000068e-01,3.787283293614899984e-03
2.148568191000000127e-01,3.786737009010118695e-03
2.148955522000000062e-01,3.786008767866197704e-03
2.149342783000000034e-01,3.785280684775543369e-03
2.149729974000000043e-01,3.784552759699431456e-03
2.149826760999999919e-01,3.784370803114740951e-03
2.150020321999999984e-01,3.784006919567985041e-03
2.150504146999999977e-01,3.783097383442836532e-03
2.150600899000000010e-01,3.782915505826522137e-03
2.150891128999999902e-01,3.782369932184955364e-03
2.151664885000000027e-01,3.780915503221683217e-03
2.152438362000000105e-01,3.779461705408940480e-03
2.152921644000000134e-01,3.778553402147752198e-03
2.153114925999999874e-01,3.778190149826099725e-03
2.153211560999999941e-01,3.778008538445631198e-03
2.153694670000000089e-01,3.777100629308657517e-03
2.153984482999999894e-01,3.776556002025244479e-03
2.154274257000000081e-01,3.776011463368162541e-03
2.154660562000000057e-01,3.775285549662096840e-03
2.155143344999999877e-01,3.774378379003540465e-03
2.155239888999999909e-01,3.774196974393729826e-03
2.155819060999999981e-01,3.773108753360651484e-03
2.155915575000000028e-01,3.772927417618219224e-03
2.156012083999999940e-01,3.772746091712389852e-03
2.156301585000000021e-01,3.772202173001824345e-03
2.156687526999999938e-01,3.771477085717892929e-03
2.157459203000000048e-01,3.770027383001859408e-03
2.157748510999999980e-01,3.769483906631719474e-03
2.158327009000000074e-01,3.768397219138311816e-03
2.158616201000000123e-01,3.767854007982872344e-03
2.159290829000000134e-01,3.766586858927890771e-03
2.160157899000000048e-01,3.764958373942999936e-03
2.160446845000000005e-01,3.764415722209072182e-03
2.160928336000000061e-01,3.763511498807281704e-03
2.161313451999999913e-01,3.762788296581249560e-03
2.162179710999999893e-01,3.761161664969302990e-03
2.162372166000000040e-01,3.760800299064430679e-03
2.162468386999999992e-01,3.760619630805993145e-03
2.162757023999999917e-01,3.760077684803655746e-03
2.162853228000000128e-01,3.759897055724974874e-03
2.163238000999999910e-01,3.759174637335329586e-03
2.163718870000000127e-01,3.758271834640062019e-03
2.163911188000000041e-01,3.757910782081840418e-03
2.164391907999999864e-01,3.757008321944292888e-03
2.164488039999999947e-01,3.756827859272454748e-03
2.164776408000000096e-01,3.756286529947816272e-03
2.165449117000000090e-01,3.755023770522389510e-03
2.165833429000000032e-01,3.754302408820263826e-03
2.165929496000000010e-01,3.754122092836076428e-03
2.166697880000000020e-01,3.752679916780341830e-03
2.166793908999999907e-01,3.752499688744743381e-03
2.167081969999999913e-01,3.751959063246019990e-03
2.167561987000000134e-01,3.751058216091910681e-03
2.168137867000000107e-01,3.749977521728088941e-03
2.168521701999999995e-01,3.749257254046758654e-03
2.168905469000000086e-01,3.748537142503577217e-03
2.169097326999999964e-01,3.748177145273403222e-03
2.169864589999999926e-01,3.746737546505134533e-03
2.170152243000000036e-01,3.746197857865898265e-03
2.170535721999999890e-01,3.745478409495042044e-03
2.170631580999999866e-01,3.745298571768658231e-03
2.171302475999999926e-01,3.744039980536048411e-03
2.171589939999999941e-01,3.743500730430491998e-03
2.171973164000000067e-01,3.742781866645203664e-03
2.172164752000000087e-01,3.742422493180623099e-03
2.172739411000000065e-01,3.741344606444012809e-03
2.172835173000000064e-01,3.741164992721824397e-03
2.173122433999999936e-01,3.740626209951807175e-03
2.173218178999999917e-01,3.740446635155400198e-03
2.173601115999999889e-01,3.739728433269062444e-03
2.173983986999999951e-01,3.739010387023660158e-03
2.174749525000000128e-01,3.737574761314267722e-03
2.175036532999999883e-01,3.737036562079700929e-03
2.175132193000000047e-01,3.736857181773139622e-03
2.175992951000000064e-01,3.735243196273231679e-03
2.176184184000000132e-01,3.734884639686036293e-03
2.176757782000000030e-01,3.733809202994947934e-03
2.177331230000000006e-01,3.732734115807979664e-03
2.177426789999999945e-01,3.732554968580917634e-03
2.178191117999999926e-01,3.731122140071697207e-03
2.178286640000000052e-01,3.730943080162840795e-03
2.178573182000000108e-01,3.730405958627248334e-03
2.179241631999999929e-01,3.729153014427232654e-03
2.179337108000000134e-01,3.728974061176319136e-03
2.179718971000000061e-01,3.728258345093714374e-03
2.180482495000000132e-01,3.726827378029761405e-03
2.180577917000000032e-01,3.726648550738645600e-03
2.180768747999999868e-01,3.726290925211046823e-03
2.181150360000000121e-01,3.725575790359458069e-03
2.181341140999999983e-01,3.725218281027536070e-03
2.181627281999999890e-01,3.724682089630598509e-03
2.182008742999999862e-01,3.723967303267143071e-03
2.182294795999999981e-01,3.723431315099241107e-03
2.182771467000000076e-01,3.722538194971921482e-03
2.182866789000000030e-01,3.722359599965392642e-03
2.183152728999999959e-01,3.721823872967538506e-03
2.183629213000000124e-01,3.720931188020596293e-03
2.183915053000000106e-01,3.720395693056267362e-03
2.184200856000000079e-01,3.719860285075977761e-03
2.184296115999999899e-01,3.719681835075143439e-03
2.184391371000000137e-01,3.719503394736941790e-03
2.185153263000000068e-01,3.718076219818344363e-03
2.185914888999999917e-01,3.716649662969518080e-03
2.186200430999999944e-01,3.716114863436092552e-03
2.186581095000000030e-01,3.715401932502734438e-03
2.186866548999999993e-01,3.714867335613968209e-03
2.186961692999999929e-01,3.714689155945892669e-03
2.187342224000000113e-01,3.713976533731263522e-03
2.187437346999999976e-01,3.713798402288218288e-03
2.188483421999999901e-01,3.711839592763793109e-03
2.188863688999999890e-01,3.711127587544416160e-03
2.189528997000000088e-01,3.709881949325872629e-03
2.189624024000000058e-01,3.709704039536365801e-03
2.190004093000000041e-01,3.708992496673680413e-03
2.190479086000000075e-01,3.708103284717725445e-03
2.191238862000000065e-01,3.706681046057144508e-03
2.191428763999999918e-01,3.706325582605855384e-03
2.191903449000000004e-01,3.705437092305014120e-03
2.192283121999999973e-01,3.704726473159822286e-03
2.192567834999999965e-01,3.704193609753413715e-03
2.192757622000000017e-01,3.703838415542083044e-03
2.193326885999999920e-01,3.702773063559378595e-03
2.193801159999999861e-01,3.701885534456959403e-03
2.194275330999999885e-01,3.700998245473183061e-03
2.195318148000000025e-01,3.699047054577475364e-03
2.195602466000000086e-01,3.698515113145079119e-03
2.195981499999999920e-01,3.697805992212650772e-03
2.196455200999999913e-01,3.696919806851103191e-03
2.196834088000000074e-01,3.696211031163278583e-03
2.197118210000000016e-01,3.695679550057169842e-03
2.197212909000000047e-01,3.695502408857455085e-03
2.197307604000000025e-01,3.695325277244504002e-03
2.198727543000000006e-01,3.692669452721049003e-03
2.198822172999999880e-01,3.692492474372733278e-03
2.199106037999999930e-01,3.691961596775088228e-03
2.199389867000000054e-01,3.691430805329699947e-03
2.199579066000000027e-01,3.691076992220738897e-03
2.199862834000000100e-01,3.690546344329402508e-03
2.200241133999999987e-01,3.689838947757490516e-03
2.200524815999999884e-01,3.689308500770478120e-03
2.201092071000000094e-01,3.688247865011995592e-03
2.201375644000000131e-01,3.687717676206496691e-03
2.201848184000000097e-01,3.686834219368257011e-03
2.202509568999999889e-01,3.685597781129303259e-03
2.203170755999999952e-01,3.684361810937771941e-03
2.203265195999999926e-01,3.684185281965378974e-03
2.203548489000000110e-01,3.683655752325566083e-03
2.204020563000000099e-01,3.682773393833944919e-03
2.204114964999999982e-01,3.682596950767327935e-03
2.204398149000000029e-01,3.682067678815393458e-03
2.204681296999999873e-01,3.681538492729939140e-03
2.204775670999999937e-01,3.681362116446224280e-03
2.205530521000000077e-01,3.679951449505128747e-03
2.206379417999999870e-01,3.678365178511567354e-03
2.206568017999999964e-01,3.678012778675221993e-03
2.206662310999999987e-01,3.677836593047731882e-03
2.207039446000000071e-01,3.677131945803756644e-03
2.207416516000000051e-01,3.676427450953050416e-03
2.207793520999999926e-01,3.675723108456686004e-03
2.207887762999999892e-01,3.675547046635267625e-03
2.208076233000000055e-01,3.675194951546996696e-03
2.208170462999999861e-01,3.675018918282563652e-03
2.208453126000000100e-01,3.674490875587618343e-03
2.208641548999999982e-01,3.674138894706688047e-03
2.209206720000000124e-01,3.673083180400809038e-03
2.209300901000000039e-01,3.672907261312089149e-03
2.210054204999999938e-01,3.671500250929637162e-03
2.210148349999999928e-01,3.671324417415291683e-03
2.210807251999999945e-01,3.670093848953026941e-03
2.211465958000000120e-01,3.668863746077846710e-03
2.211654124000000110e-01,3.668512373600565056e-03
2.212406625999999987e-01,3.667107263519522788e-03
2.212594712000000019e-01,3.666756080930108717e-03
2.212688748999999955e-01,3.666580503873628598e-03
2.213440899999999933e-01,3.665176229021508813e-03
2.213816879000000126e-01,3.664474319274823623e-03
2.214568647000000057e-01,3.663070954957988162e-03
2.214944434999999989e-01,3.662369500316238480e-03
2.215414081000000035e-01,3.661492895235725960e-03
2.216071417000000099e-01,3.660266046011930938e-03
2.216728558999999932e-01,3.659039660817442648e-03
2.216822421000000098e-01,3.658864500801814468e-03
2.216916278000000129e-01,3.658689350251324163e-03
2.217103981000000112e-01,3.658339077543413566e-03
2.217197827000000065e-01,3.658163955386711016e-03
2.217573169000000011e-01,3.657463561382111490e-03
2.217948448000000017e-01,3.656763318751832595e-03
2.218417457999999898e-01,3.655888228278666302e-03
2.218605033999999920e-01,3.655538258284982221e-03
2.219073904999999958e-01,3.654663498744657388e-03
2.219167666999999899e-01,3.654488575195977227e-03
2.219730156999999982e-01,3.653439232354433082e-03
2.220479922999999967e-01,3.652040637626760913e-03
2.220573626000000023e-01,3.651865855787287621e-03
2.221416773999999872e-01,3.650293244089635424e-03
2.221604097000000055e-01,3.649943878651691013e-03
2.221697752000000026e-01,3.649769210088270755e-03
2.222165969999999879e-01,3.648896008801829488e-03
2.223102110999999881e-01,3.647150313650039145e-03
2.223570032999999946e-01,3.646277819641885031e-03
2.223663606000000070e-01,3.646103349116262306e-03
2.223944300000000041e-01,3.645579994085023853e-03
2.224318503999999919e-01,3.644882319287425388e-03
2.224412045999999976e-01,3.644707924141485193e-03
2.225066723999999940e-01,3.643487421829913822e-03
2.225160234000000126e-01,3.643313102026468023e-03
2.225814691999999928e-01,3.642093126980724873e-03
2.225908169999999964e-01,3.641918882480014476e-03
2.226095114999999958e-01,3.641570421713873247e-03
2.226188581000000111e-01,3.641396205443980707e-03
2.226468957000000137e-01,3.640873613086106821e-03
2.226936171999999992e-01,3.640002813963458955e-03
2.227216454000000012e-01,3.639480447348268297e-03
2.227683511999999921e-01,3.638610024371300138e-03
2.228150472000000049e-01,3.637739836393366968e-03
2.228430601999999983e-01,3.637217836376546460e-03
2.228710694999999908e-01,3.636695920920651054e-03
2.229177441000000093e-01,3.635826249695264020e-03
2.229457441000000095e-01,3.635304559656373988e-03
2.229550765999999962e-01,3.635130681754803091e-03
2.230297230000000130e-01,3.633739996498709050e-03
2.230577089999999929e-01,3.633218644385854696e-03
2.231136703000000110e-01,3.632176193467501115e-03
2.231416458000000103e-01,3.631655094637354069e-03
2.231789409000000113e-01,3.630960427479944155e-03
2.232069080999999899e-01,3.630439525552343026e-03
2.232628321000000027e-01,3.629397974770415345e-03
2.232907888000000007e-01,3.628877325884848591e-03
2.233373755999999988e-01,3.628009765108536171e-03
2.233560075999999894e-01,3.627662806360327716e-03
2.234863880000000080e-01,3.625235143721081566e-03
2.235050075999999997e-01,3.624888484517202556e-03
2.235143168000000014e-01,3.624715168949464369e-03
2.235608570000000017e-01,3.623848731424223531e-03
2.235887763999999944e-01,3.623328981142026877e-03
2.236259969999999930e-01,3.622636111671705562e-03
2.236539083000000094e-01,3.622116557728168647e-03
2.237004194999999973e-01,3.621250821417461296e-03
2.238120067999999907e-01,3.619174007223256457e-03
2.238491901999999922e-01,3.618482034662579786e-03
2.239235384999999912e-01,3.617098537589103022e-03
2.239328302999999964e-01,3.616925642448588253e-03
2.239607033999999885e-01,3.616407013004446346e-03
2.240071507999999989e-01,3.615542817155869247e-03
2.240628751000000030e-01,3.614506089872331334e-03
2.241093013000000078e-01,3.613642406836403351e-03
2.241464354000000103e-01,3.612951628159774293e-03
2.241557180000000038e-01,3.612778956782967173e-03
2.241835634000000077e-01,3.612260998555710291e-03
2.242578007999999901e-01,3.610880186434515301e-03
2.243691109000000017e-01,3.608810085422344601e-03
2.243969298000000057e-01,3.608292769541702853e-03
2.244062019999999991e-01,3.608120349518623062e-03
2.244340163000000110e-01,3.607603145262217644e-03
2.244432869000000108e-01,3.607430762443769590e-03
2.244525572000000135e-01,3.607258388923921619e-03
2.244803657999999980e-01,3.606741324157200761e-03
2.245081708999999981e-01,3.606224343065905866e-03
2.245174384999999995e-01,3.606052034627652957e-03
2.245267056999999955e-01,3.605879735482592999e-03
2.245452390000000076e-01,3.605535165076872734e-03
2.246286198999999928e-01,3.603985058204554979e-03
2.246749292999999925e-01,3.603124212835308923e-03
2.246934503000000138e-01,3.602779939689968597e-03
2.247304878999999977e-01,3.602091504805739284e-03
2.247397462999999873e-01,3.601919419292209761e-03
2.248230551000000021e-01,3.600371067274726368e-03
2.248415639000000132e-01,3.600027091103345355e-03
2.248508177999999913e-01,3.599855116931916735e-03
2.249248349999999896e-01,3.598479657417277214e-03
2.249618344000000048e-01,3.597792150168633001e-03
2.249895799999999946e-01,3.597276617049924557e-03
2.250265689000000013e-01,3.596589369293165788e-03
2.250450609999999907e-01,3.596245801002425063e-03
2.251005282000000107e-01,3.595215318434571809e-03
2.251190143000000032e-01,3.594871898329061229e-03
2.251467404999999977e-01,3.594356837613916535e-03
2.251837034999999987e-01,3.593670219593947824e-03
2.251929433000000036e-01,3.593498588228592229e-03
2.252576112999999935e-01,3.592297427758056345e-03
2.252853204999999970e-01,3.591782783470940429e-03
2.252945560999999874e-01,3.591611253872009982e-03
2.253222606999999988e-01,3.591096720568960187e-03
2.253407286000000120e-01,3.590753744601213500e-03
2.253684274999999959e-01,3.590239349989675539e-03
2.254053541999999910e-01,3.589553619922276808e-03
2.254884169999999965e-01,3.588011267860873998e-03
2.255160978000000094e-01,3.587497316787295869e-03
2.255622248999999968e-01,3.586640916365261764e-03
2.256267871000000036e-01,3.585442343518384627e-03
2.256913308000000062e-01,3.584244222870161447e-03
2.257005498000000110e-01,3.584073099681123718e-03
2.257097684000000104e-01,3.583901985714154411e-03
2.257282046000000097e-01,3.583559785453667001e-03
2.257742883999999950e-01,3.582704446188615492e-03
2.257835039999999960e-01,3.582533405996023417e-03
2.258111486000000112e-01,3.582020340732589275e-03
2.258756396000000111e-01,3.580823511039597697e-03
2.259309029000000080e-01,3.579798016359596324e-03
2.259585295000000049e-01,3.579285393364083686e-03
2.260045663999999954e-01,3.578431205878078881e-03
2.260321838999999888e-01,3.577918803861720488e-03
2.260690022000000077e-01,3.577235730029198774e-03
2.261426206000000105e-01,3.575870024035541443e-03
2.261518211999999917e-01,3.575699352182345244e-03
2.262070170999999907e-01,3.574675514183051420e-03
2.262530033000000051e-01,3.573822568687550112e-03
2.262805905999999978e-01,3.573310911688330413e-03
2.263173683999999963e-01,3.572628831007167161e-03
2.264000965999999893e-01,3.571094686878124608e-03
2.264368549000000119e-01,3.570413083807617242e-03
2.264460436000000076e-01,3.570242705991742010e-03
2.264736073999999988e-01,3.569731627622234164e-03
2.265103538000000083e-01,3.569050318285324139e-03
2.265195395000000056e-01,3.568880013890376231e-03
2.265838287999999978e-01,3.567688140011662269e-03
2.266113757999999867e-01,3.567177474502970704e-03
2.266664597999999975e-01,3.566156391054861683e-03
2.266939967000000111e-01,3.565645973088005238e-03
2.267215303000000015e-01,3.565135637603734226e-03
2.267582365999999960e-01,3.564455318571863127e-03
2.267674121999999903e-01,3.564285261718049946e-03
2.268408040000000070e-01,3.562925136622793580e-03
2.268683197999999956e-01,3.562415240803507976e-03
2.268866618000000002e-01,3.562075356028674908e-03
2.269141719999999973e-01,3.561565597517584066e-03
2.269508470999999916e-01,3.560886047625623149e-03
2.270241795000000062e-01,3.559527386982954626e-03
2.270608369000000071e-01,3.558848276164397213e-03
2.270883260000000070e-01,3.558339039053848470e-03
2.270974883000000111e-01,3.558169311633622468e-03
2.271066502000000098e-01,3.557999593354937724e-03
2.271707733999999979e-01,3.556811821299661527e-03
2.271799324000000064e-01,3.556642176126965059e-03
2.272440349000000026e-01,3.555454915700143742e-03
2.272531909000000128e-01,3.555285343599046827e-03
2.272806568000000083e-01,3.554776682087492767e-03
2.273081193000000000e-01,3.554268102744070814e-03
2.273538827999999901e-01,3.553420653063940442e-03
2.273813365000000031e-01,3.552912292768076793e-03
2.274270852999999981e-01,3.552065208080903719e-03
2.274636777000000054e-01,3.551387704516461262e-03
2.274728249000000091e-01,3.551218351423818514e-03
2.274911181000000004e-01,3.550879672594291301e-03
2.275002641999999964e-01,3.550710346856262353e-03
2.275459891000000123e-01,3.549863854904053689e-03
2.276008468000000062e-01,3.548848365326030992e-03
2.276739698999999950e-01,3.547494889413228825e-03
2.276831085999999893e-01,3.547325745907139484e-03
2.276922469999999865e-01,3.547156611509923955e-03
2.277196599000000099e-01,3.546649262945484205e-03
2.277562052000000059e-01,3.545972925645351700e-03
2.277927448000000021e-01,3.545296733972384904e-03
2.278292784000000015e-01,3.544620687889442952e-03
2.279114577999999947e-01,3.543100116347867520e-03
2.279297157999999879e-01,3.542762311591158772e-03
2.279844812000000054e-01,3.541749115495356186e-03
2.280118590000000112e-01,3.541242640145755849e-03
2.280483574999999929e-01,3.540567466885532512e-03
2.280757276000000000e-01,3.540061182328734738e-03
2.281213370999999879e-01,3.539217556380188767e-03
2.281304578999999999e-01,3.539048858432601412e-03
2.282034112999999920e-01,3.537699601667262071e-03
2.282307627999999866e-01,3.537193780131702402e-03
2.282581110000000135e-01,3.536688040261464373e-03
2.283674710999999968e-01,3.534665897096735208e-03
2.284221314999999863e-01,3.533655315102254314e-03
2.284494568000000059e-01,3.533150146451174631e-03
2.284767789000000104e-01,3.532645059344975604e-03
2.284858855000000133e-01,3.532476715096263559e-03
2.284949917000000108e-01,3.532308379903614272e-03
2.285132031000000064e-01,3.531971736692297945e-03
2.285587253999999957e-01,3.531130287149317724e-03
2.285678287000000031e-01,3.530962024407452958e-03
2.285951365999999985e-01,3.530457290492065164e-03
2.286224411999999984e-01,3.529952638044551484e-03
2.286588422999999981e-01,3.529279894815549531e-03
2.287043354999999945e-01,3.528439169357471157e-03
2.287771058999999996e-01,3.527094478959192769e-03
2.288043888000000081e-01,3.526590369253910454e-03
2.288407608999999954e-01,3.525918349527574699e-03
2.288862180000000024e-01,3.525078528208994838e-03
2.289225770999999965e-01,3.524406833776645275e-03
2.289952781000000048e-01,3.523063878443170958e-03
2.290043640999999963e-01,3.522896049658608142e-03
2.290316199000000108e-01,3.522392617468165631e-03
2.290588725000000103e-01,3.521889266511775592e-03
2.290770390999999906e-01,3.521553744332303008e-03
2.291042862999999874e-01,3.521050528735133762e-03
2.291496909999999887e-01,3.520212016500668013e-03
2.292132426000000056e-01,3.519038478154705874e-03
2.292495498999999881e-01,3.518368083162858127e-03
2.292949259000000017e-01,3.517530292214345218e-03
2.293221471999999928e-01,3.517027725775652078e-03
2.293584371999999871e-01,3.516357763310748712e-03
2.293856509999999960e-01,3.515855386032681103e-03
2.293947215000000095e-01,3.515687944951389685e-03
2.294672728999999911e-01,3.514348740419724702e-03
2.295126057999999913e-01,3.513512030111412814e-03
2.295760568999999918e-01,3.512341013562676577e-03
2.296576112000000003e-01,3.510836068387115233e-03
2.296757304000000000e-01,3.510501735018088567e-03
2.297119646000000126e-01,3.509833176133096352e-03
2.297210222000000135e-01,3.509666058878225907e-03
2.297300794999999896e-01,3.509498950606490444e-03
2.297844156999999943e-01,3.508496489642601475e-03
2.297934705000000133e-01,3.508329444255753413e-03
2.298658959999999862e-01,3.506993404415243831e-03
2.299021001999999869e-01,3.506325599952791246e-03
2.299292495999999963e-01,3.505824840840204154e-03
2.299473475000000100e-01,3.505491046297237213e-03
2.299654439000000106e-01,3.505157287642594703e-03
2.300106785999999903e-01,3.504323047983363536e-03
2.300468599999999919e-01,3.503655817688648179e-03
2.300830356999999937e-01,3.502988730846656046e-03
2.300920787999999884e-01,3.502821981547977592e-03
2.301101637999999894e-01,3.502488509841035925e-03
2.301192058000000040e-01,3.502321787429429900e-03
2.302547927999999966e-01,3.499822026377563851e-03
2.302999706999999951e-01,3.498989220469742815e-03
2.303090051999999999e-01,3.498822686143922885e-03
2.303632049000000070e-01,3.497823668127581203e-03
2.303722368999999992e-01,3.497657196444046296e-03
2.304083616000000001e-01,3.496991399171056961e-03
2.304535094000000062e-01,3.496159353830759382e-03
2.305167015000000041e-01,3.494994865904760186e-03
2.305257274999999995e-01,3.494828546245244520e-03
2.305528034999999865e-01,3.494329640887782525e-03
2.305798762000000057e-01,3.493830815955226415e-03
2.305979230000000102e-01,3.493498310673825904e-03
2.306249904999999878e-01,3.492999619753031550e-03
2.306610755000000068e-01,3.492334823569015652e-03
2.306971549000000066e-01,3.491670170260854997e-03
2.307422462000000007e-01,3.490839554492493509e-03
2.307963440999999949e-01,3.489843110091807050e-03
2.308143739999999888e-01,3.489511033339306404e-03
2.308414161000000020e-01,3.489012985111748788e-03
2.308684550000000002e-01,3.488515017159201335e-03
2.308774673000000000e-01,3.488349045676189357e-03
2.309405432999999952e-01,3.487187494947968560e-03
2.309585618999999979e-01,3.486855703538221680e-03
2.309765790999999957e-01,3.486523947778666366e-03
2.309855871000000005e-01,3.486358083266560479e-03
2.310306220999999993e-01,3.485528894350641612e-03
2.310576389000000008e-01,3.485031487900443550e-03
2.310846525999999956e-01,3.484534161611544095e-03
2.310936564000000137e-01,3.484368403988960614e-03
2.311206658000000136e-01,3.483871184553621880e-03
2.311656745000000013e-01,3.483042663540424858e-03
2.311746752000000127e-01,3.482876986039361474e-03
2.312466680999999968e-01,3.481551886375098149e-03
2.312736595999999867e-01,3.481055120788692243e-03
2.313456217000000037e-01,3.479730803840596839e-03
2.314085700999999884e-01,3.478572493214813696e-03
2.314175613999999992e-01,3.478407055816917694e-03
2.314445330000000078e-01,3.477910796931014091e-03
2.314625123000000062e-01,3.477580002091110786e-03
2.315523879999999979e-01,3.475926560765884524e-03
2.315973128000000103e-01,3.475100173036593364e-03
2.316062966999999917e-01,3.474934922116976362e-03
2.316332463000000119e-01,3.474439222600278661e-03
2.316691743000000026e-01,3.473778414124320622e-03
2.316781554000000021e-01,3.473613234185057158e-03
2.317320348999999946e-01,3.472622340785791375e-03
2.317410135999999898e-01,3.472457222922455209e-03
2.318128305000000111e-01,3.471136599157821981e-03
2.318397561999999967e-01,3.470641511485158051e-03
2.318487307000000053e-01,3.470476499981429638e-03
2.319474273999999892e-01,3.468661958087057660e-03
2.319833067000000026e-01,3.468002390329861725e-03
2.320281480999999979e-01,3.467178129800629460e-03
2.320371153000000131e-01,3.467013304242930454e-03
2.320640149000000041e-01,3.466518880667336395e-03
2.320909113999999884e-01,3.466024536716291911e-03
2.321088406000000048e-01,3.465695018311868922e-03
2.321715820999999957e-01,3.464541982476385205e-03
2.322343067000000039e-01,3.463389379844185063e-03
2.322432658999999955e-01,3.463224757679773079e-03
2.322522248999999983e-01,3.463060144351779238e-03
2.322790995000000025e-01,3.462566357379795283e-03
2.323059711000000083e-01,3.462072649921573656e-03
2.323238837999999917e-01,3.461743555780803956e-03
2.323507502000000113e-01,3.461249980811781195e-03
2.324581846999999868e-01,3.459276475525576659e-03
2.325387281000000084e-01,3.457797180492828450e-03
2.325566228000000013e-01,3.457468545289178827e-03
2.325655695999999939e-01,3.457304240916021960e-03
2.325924081000000088e-01,3.456811380701850425e-03
2.326013536000000048e-01,3.456647111598346207e-03
2.326371319999999965e-01,3.455990123328831019e-03
2.326729050000000132e-01,3.455333276080043911e-03
2.326818474000000025e-01,3.455169086297431563e-03
2.326997311000000013e-01,3.454840733163833718e-03
2.327801908000000086e-01,3.453363580105777743e-03
2.328159418000000092e-01,3.452707296594740693e-03
2.328427513999999920e-01,3.452215176395873834e-03
2.328784928000000032e-01,3.451559139351694123e-03
2.328874271999999968e-01,3.451395152091708916e-03
2.329231616999999921e-01,3.450739291032820216e-03
2.329678222000000076e-01,3.449919662637566855e-03
2.329946143000000136e-01,3.449427991133750294e-03
2.330303324000000120e-01,3.448772552225851974e-03
2.330392609999999975e-01,3.448608714476875808e-03
2.331106779999999878e-01,3.447298328883278799e-03
2.331285288000000122e-01,3.446970820355772184e-03
2.331374536999999969e-01,3.446807079269570157e-03
2.332445258999999993e-01,3.444842871261154411e-03
2.332802056000000124e-01,3.444188416200408276e-03
2.333515489000000109e-01,3.442879927299105376e-03
2.333782970000000123e-01,3.442389388710938563e-03
2.334228703000000016e-01,3.441571999792283291e-03
2.334496101999999906e-01,3.441081671658476147e-03
2.335298114999999897e-01,3.439611160572645428e-03
2.335387211000000129e-01,3.439447814265238993e-03
2.335565391999999962e-01,3.439121147934385073e-03
2.335654477999999923e-01,3.438957827909096612e-03
2.336367038999999923e-01,3.437651582995767882e-03
2.336634193000000081e-01,3.437161885628194687e-03
2.336723237999999980e-01,3.436998670681653580e-03
2.336812279000000103e-01,3.436835464487169277e-03
2.336990351000000077e-01,3.436509078353665054e-03
2.337524487000000040e-01,3.435530129976321380e-03
2.338058500999999900e-01,3.434551496542408416e-03
2.338236478000000063e-01,3.434225355365951460e-03
2.338414441999999982e-01,3.433899249165066423e-03
2.338503419000000083e-01,3.433736209180867673e-03
2.339659810999999978e-01,3.431617484775239136e-03
2.340371152000000066e-01,3.430314388261478369e-03
2.340637848999999882e-01,3.429825871158957967e-03
2.340993398000000003e-01,3.429174637241929474e-03
2.341260025000000133e-01,3.428686303454000876e-03
2.341704334999999970e-01,3.427872588328822936e-03
2.342059722000000010e-01,3.427221773266569526e-03
2.342415055000000024e-01,3.426571097752992984e-03
2.342770335000000093e-01,3.425920561757509700e-03
2.343036759000000080e-01,3.425432751300689152e-03
2.343214358000000053e-01,3.425107587912659245e-03
2.344102153000000022e-01,3.423482293795285670e-03
2.344634667999999922e-01,3.422507535438952704e-03
2.344900880999999937e-01,3.422020273812617554e-03
2.345255783000000094e-01,3.421370713516301565e-03
2.345521925000000063e-01,3.420883634680718568e-03
2.345610633000000111e-01,3.420721292472018223e-03
2.345965428000000019e-01,3.420072010650015721e-03
2.346054117999999966e-01,3.419909711942667203e-03
2.346320169999999983e-01,3.419422868012065523e-03
2.346763521999999935e-01,3.418611635398780251e-03
2.347384073000000071e-01,3.417476274894179055e-03
2.348093075000000085e-01,3.416179241479917750e-03
2.348181685000000074e-01,3.416017151398313516e-03
2.348358895000000057e-01,3.415692997293147924e-03
2.348447495000000051e-01,3.415530933270493827e-03
2.348713275000000045e-01,3.415044793305001877e-03
2.349156175000000069e-01,3.414234733686617902e-03
2.349421875000000104e-01,3.413748802087536449e-03
2.350218795000000027e-01,3.412291475902962026e-03
2.350307325000000058e-01,3.412129594148770838e-03
2.351015444000000010e-01,3.410834852346120508e-03
2.351192441000000133e-01,3.410511253604587168e-03
2.351280933999999878e-01,3.410349467235397961e-03
2.351634874000000097e-01,3.409702408440626505e-03
2.352342594000000064e-01,3.408408706796690110e-03
2.352431044000000138e-01,3.408247033073845845e-03
2.353138523999999954e-01,3.406953955078393867e-03
2.353403775000000031e-01,3.406469193695237443e-03
2.353668995000000042e-01,3.405984510211954638e-03
2.353757394999999863e-01,3.405822966359824382e-03
2.354022575999999978e-01,3.405338386726231709e-03
2.354376103999999970e-01,3.404692401677520634e-03
2.354552846999999893e-01,3.404369461058445734e-03
2.354817938000000055e-01,3.403885114994604274e-03
2.355083000000000037e-01,3.403400846760119489e-03
2.355171346999999915e-01,3.403239441309529895e-03
2.355878003999999915e-01,3.401948508897158913e-03
2.356584449999999942e-01,3.400658129541773121e-03
2.356672740000000099e-01,3.400496870994912293e-03
2.357202415999999912e-01,3.399529501080514847e-03
2.357643721000000081e-01,3.398723596918034294e-03
2.358261409000000086e-01,3.397595693593688342e-03
2.358702515999999971e-01,3.396790307200732092e-03
2.359496301000000018e-01,3.395341155036586938e-03
2.359760837000000055e-01,3.394858259503033375e-03
2.360113504999999945e-01,3.394214519453494974e-03
2.360906815000000103e-01,3.392766608386278606e-03
2.361083069999999895e-01,3.392444945120815479e-03
2.361171193000000113e-01,3.392284126407298876e-03
2.361523650000000030e-01,3.391640937647190379e-03
2.361611755999999951e-01,3.391480161979416527e-03
2.362316486999999909e-01,3.390194266501222152e-03
2.362932953999999919e-01,3.389069559685623997e-03
2.363021006999999896e-01,3.388908921689914432e-03
2.363285148000000002e-01,3.388427059299538649e-03
2.363725318000000075e-01,3.387624127284516364e-03
2.363901362999999978e-01,3.387303014653206962e-03
2.363989380000000029e-01,3.387142471231450232e-03
2.364693401999999889e-01,3.385858433206240681e-03
2.365045335000000026e-01,3.385216620382892547e-03
2.365309250000000030e-01,3.384735350941696103e-03
2.365397214999999942e-01,3.384574944969892703e-03
2.365661089999999966e-01,3.384093778570804525e-03
2.365836990999999889e-01,3.383773043894634531e-03
2.366364615000000060e-01,3.382811045863172959e-03
2.366452541000000076e-01,3.382650742891558666e-03
2.366716299000000134e-01,3.382169885462896989e-03
2.367155830000000072e-01,3.381368627980149266e-03
2.367243726999999909e-01,3.381208402215639831e-03
2.367507396000000097e-01,3.380727776367380144e-03
2.367771036999999912e-01,3.380247227687143731e-03
2.367946780999999890e-01,3.379926904766200006e-03
2.368210373000000091e-01,3.379446484667683517e-03
2.368473935000000030e-01,3.378966141700804910e-03
2.368561781999999893e-01,3.378806044515232469e-03
2.369527889999999970e-01,3.377045540859104859e-03
2.370054692999999935e-01,3.376085702867015915e-03
2.370669146999999921e-01,3.374966281318185404e-03
2.371371186000000020e-01,3.373687455745326674e-03
2.371458925999999912e-01,3.373527641037048826e-03
2.371985299000000103e-01,3.372568932346378320e-03
2.372160731000000078e-01,3.372249431174743385e-03
2.372423854000000054e-01,3.371770243518030022e-03
2.373476056000000112e-01,3.369854261869368890e-03
2.373739032999999943e-01,3.369375458634708744e-03
2.374089624999999870e-01,3.368737173849930665e-03
2.374264900999999983e-01,3.368418082677046826e-03
2.374527791000000110e-01,3.367939509927885856e-03
2.374878266000000071e-01,3.367301532395978493e-03
2.375141088000000122e-01,3.366823138829801512e-03
2.375666644999999966e-01,3.365866581996106166e-03
2.375929380000000035e-01,3.365388418700164357e-03
2.376192085999999926e-01,3.364910332131696314e-03
2.376542315999999877e-01,3.364273002708602096e-03
2.376629865000000064e-01,3.364113691659533206e-03
2.376892493999999967e-01,3.363635809636684754e-03
2.376980029999999910e-01,3.363476532666668812e-03
2.377767712999999949e-01,3.362043423273133880e-03
2.378730081000000052e-01,3.360292781723457200e-03
2.378992477999999910e-01,3.359815512749662111e-03
2.379866925000000133e-01,3.358225169104714011e-03
2.380129196000000114e-01,3.357748231838626665e-03
2.380478846000000093e-01,3.357112434496273799e-03
2.380828445000000015e-01,3.356476773141276425e-03
2.381177992000000077e-01,3.355841247743010167e-03
2.381265371000000075e-01,3.355682387633063257e-03
2.381876933000000029e-01,3.354570604682019595e-03
2.381964286000000097e-01,3.354411812516314498e-03
2.382226326999999921e-01,3.353935486957224273e-03
2.382924959999999925e-01,3.352665658951173040e-03
2.383186895000000138e-01,3.352189613468453764e-03
2.383274200000000120e-01,3.352030948608317965e-03
2.383536096999999965e-01,3.351555004922744923e-03
2.383623388999999981e-01,3.351396373994462545e-03
2.384059802999999866e-01,3.350603346547445429e-03
2.384757899000000125e-01,3.349334943493180103e-03
2.385019633000000083e-01,3.348859432193041809e-03
2.385281337000000057e-01,3.348383997149832671e-03
2.385368566000000135e-01,3.348225535748342637e-03
2.386066279000000068e-01,3.346958149430942150e-03
2.386153478999999966e-01,3.346799764250618214e-03
2.386763789000000135e-01,3.345691305008226171e-03
2.386850963000000103e-01,3.345532987544432100e-03
2.387112466999999905e-01,3.345058085924357619e-03
2.387461093999999895e-01,3.344425002220768536e-03
2.387548243000000014e-01,3.344266752440207182e-03
2.387722530999999981e-01,3.343950278261214031e-03
2.388158196000000066e-01,3.343159240807768318e-03
2.388506670999999970e-01,3.342526563037696505e-03
2.388767992999999978e-01,3.342052143468924544e-03
2.388942192000000075e-01,3.341735906014780318e-03
2.389551789999999898e-01,3.340629341093338377e-03
2.389900061000000131e-01,3.339997204123756457e-03
2.390248282000000113e-01,3.339365202276289423e-03
2.390335329000000120e-01,3.339207222922195312e-03
2.390509413999999944e-01,3.338891289543556747e-03
2.390857546000000056e-01,3.338259524078884561e-03
2.391031593000000066e-01,3.337943691983329911e-03
2.391640657000000114e-01,3.336838545444261762e-03
2.392336540999999983e-01,3.335576026917537896e-03
2.392423512999999891e-01,3.335418250046258155e-03
2.392684407000000013e-01,3.334944970016672297e-03
2.393379988000000069e-01,3.333683260771251860e-03
2.393640777999999913e-01,3.333210258831523134e-03
2.393727702000000013e-01,3.333052608364739638e-03
2.393814622999999864e-01,3.332894966322498889e-03
2.394509874999999899e-01,3.331634133153022880e-03
2.394683656999999910e-01,3.331319009054168126e-03
2.394770542999999918e-01,3.331161459631985268e-03
2.395204924999999874e-01,3.330373838768697914e-03
2.395465516999999989e-01,3.329901367225925144e-03
2.395812928999999925e-01,3.329271522954775804e-03
2.396073454000000047e-01,3.328799228069136834e-03
2.396507600999999987e-01,3.328012238108196338e-03
2.397288867000000046e-01,3.326596185786266820e-03
2.397896341999999903e-01,3.325495282322190292e-03
2.398850634999999953e-01,3.323766122615842960e-03
2.398937369999999958e-01,3.323608976650231205e-03
2.399284278999999909e-01,3.322980476715091131e-03
2.399370997999999977e-01,3.322823372711163938e-03
2.399631137000000081e-01,3.322352111039562298e-03
2.399891248999999893e-01,3.321880924872116538e-03
2.399977946000000084e-01,3.321723879592277003e-03
2.400064640000000027e-01,3.321566842698609433e-03
2.400238020000000083e-01,3.321252794074022047e-03
2.400758081999999904e-01,3.320310849436956466e-03
2.401278031999999896e-01,3.319369206577990356e-03
2.401451323999999887e-01,3.319055392669616449e-03
2.401971123999999957e-01,3.318114152017218304e-03
2.402750613000000091e-01,3.316702856371427695e-03
2.403010385999999887e-01,3.316232575192552996e-03
2.403096970999999971e-01,3.316075831539433590e-03
2.403789537999999892e-01,3.314822183569206531e-03
2.404741491999999869e-01,3.313099291743997355e-03
2.404828015000000097e-01,3.312942715384837450e-03
2.404914533999999993e-01,3.312786147385486050e-03
2.405174073999999940e-01,3.312316493533955502e-03
2.405606577999999940e-01,3.311533904262657126e-03
2.406211953000000070e-01,3.310438630175997505e-03
2.406298423000000075e-01,3.310282195858823412e-03
2.406903622999999881e-01,3.309187389447015328e-03
2.406990068000000038e-01,3.309031021926383057e-03
2.407162948999999885e-01,3.308718311921461739e-03
2.407249384000000048e-01,3.308561969440642139e-03
2.407508671999999961e-01,3.308092992065404109e-03
2.407940756999999987e-01,3.307311529984934256e-03
2.408545545000000121e-01,3.306217833409844358e-03
2.408631931000000115e-01,3.306061624399315134e-03
2.408977444000000023e-01,3.305436871726417317e-03
2.409322906999999958e-01,3.304812252425804939e-03
2.409581972000000016e-01,3.304343875457394462e-03
2.409754665999999934e-01,3.304031665805546355e-03
2.410013685000000072e-01,3.303563413815054518e-03
2.410272675000000031e-01,3.303095236791107805e-03
2.410963181000000122e-01,3.301847131141108938e-03
2.411049480000000134e-01,3.301691155400866481e-03
2.411394645999999919e-01,3.301067335668653006e-03
2.411739763000000092e-01,3.300443649090951687e-03
2.411826035000000090e-01,3.300287748246270338e-03
2.412429849000000126e-01,3.299196675259510967e-03
2.412688580000000027e-01,3.298729197300357720e-03
2.413205958999999901e-01,3.297794465865009055e-03
2.413464606999999873e-01,3.297327212361365542e-03
2.413895624999999878e-01,3.296548622717219643e-03
2.414068011000000125e-01,3.296237245018051893e-03
2.414154199000000112e-01,3.296081568627453901e-03
2.414498921999999881e-01,3.295458946124870964e-03
2.414843594999999954e-01,3.294836456490834054e-03
2.415446655000000054e-01,3.293747419252973131e-03
2.415791193000000059e-01,3.293125294843041520e-03
2.415963442999999877e-01,3.292814282424596974e-03
2.416221795999999866e-01,3.292347826012003310e-03
2.416480121000000036e-01,3.291881444246535365e-03
2.416566223000000124e-01,3.291726000247577593e-03
2.416824512000000091e-01,3.291259717996180244e-03
2.417599210999999970e-01,3.289861318907038191e-03
2.418029492000000058e-01,3.289084720577983845e-03
2.418631757999999965e-01,3.287997830839805777e-03
2.419319876999999896e-01,3.286756167969420543e-03
2.419405877999999954e-01,3.286600997361776265e-03
2.419577871999999963e-01,3.286290680973116742e-03
2.420695529000000124e-01,3.284274431127564859e-03
2.421039319999999939e-01,3.283654327755557070e-03
2.421383061999999864e-01,3.283034356655942405e-03
2.421468989999999988e-01,3.282879384545140788e-03
2.421726755999999980e-01,3.282414517796908206e-03
2.421984493000000072e-01,3.281949725418167093e-03
2.423358633000000095e-01,3.279472088177301254e-03
2.423530345000000086e-01,3.279162532132265297e-03
2.423702045999999999e-01,3.278853009098608561e-03
2.424045410000000011e-01,3.278234062049354899e-03
2.424474547999999896e-01,3.277460563859794628e-03
2.424903609000000071e-01,3.276687271857370298e-03
2.425075211999999925e-01,3.276378012774242097e-03
2.425589948999999912e-01,3.275450433371589979e-03
2.426104575999999957e-01,3.274523150651663557e-03
2.426533348999999895e-01,3.273750641605486806e-03
2.426790577000000060e-01,3.273287235013969381e-03
2.426876313000000118e-01,3.273132782619422171e-03
2.427219227999999895e-01,3.272515055374298175e-03
2.427562094999999864e-01,3.271897459838210218e-03
2.427647804999999992e-01,3.271743081530869863e-03
2.427819213999999892e-01,3.271434349603981762e-03
2.427904914000000025e-01,3.271279995983105218e-03
2.428333369000000019e-01,3.270508351291497289e-03
2.428590405999999924e-01,3.270045463186407701e-03
2.428933078999999939e-01,3.269428394183255919e-03
2.429190052000000100e-01,3.268965678767216023e-03
2.429532641000000104e-01,3.268348839967646566e-03
2.429618280999999991e-01,3.268194650813762998e-03
2.429703917000000102e-01,3.268040469879170129e-03
2.430645720999999870e-01,3.266345021877561320e-03
2.431672726999999923e-01,3.264496575544575084e-03
2.431758290999999905e-01,3.264342591703829101e-03
2.432014966000000111e-01,3.263880689419287971e-03
2.432271614000000026e-01,3.263418860979072460e-03
2.432442696999999876e-01,3.263111016367746964e-03
2.432699298999999871e-01,3.262649310969074987e-03
2.433041394000000079e-01,3.262033818580457011e-03
2.433297933000000135e-01,3.261572285380428832e-03
2.434323820000000027e-01,3.259726890216006496e-03
2.434494759999999980e-01,3.259419439059733827e-03
2.435007505000000017e-01,3.258497282158074205e-03
2.435092952000000033e-01,3.258343618000510925e-03
2.435776420999999914e-01,3.257114599448159269e-03
2.435861840999999917e-01,3.256961008959334200e-03
2.436118083000000101e-01,3.256500286588365298e-03
2.436459698000000007e-01,3.255886104634009293e-03
2.437228154999999952e-01,3.254504673695967579e-03
2.437825677000000080e-01,3.253430685241490584e-03
2.437911024999999954e-01,3.253277291008462718e-03
2.438167052000000112e-01,3.252817157342939320e-03
2.438593703999999973e-01,3.252050431291439447e-03
2.438764344000000084e-01,3.251743798045859946e-03
2.438849659000000003e-01,3.251590493675512311e-03
2.439190891000000139e-01,3.250977357840966007e-03
2.439873211999999958e-01,3.249751478021931442e-03
2.440129033000000003e-01,3.249291907747531728e-03
2.440214300000000114e-01,3.249138733975210410e-03
2.440470086000000038e-01,3.248679261605049232e-03
2.440640594000000052e-01,3.248372987474164742e-03
2.441237280999999926e-01,3.247301284913516137e-03
2.441492959000000074e-01,3.246842106110706810e-03
2.442004234000000051e-01,3.245923968578889787e-03
2.442941295999999929e-01,3.244241478224001770e-03
2.443367113999999896e-01,3.243477035635359499e-03
2.444048268000000024e-01,3.242254350781220013e-03
2.444218526999999974e-01,3.241948760942922093e-03
2.444303651999999993e-01,3.241795978226756116e-03
2.444984545999999981e-01,3.240574009340276788e-03
2.445239831999999891e-01,3.240115905189361410e-03
2.445324922000000067e-01,3.239963220065694184e-03
2.445580172000000052e-01,3.239505213472364514e-03
2.445665250000000068e-01,3.239352560864858926e-03
2.446345763999999978e-01,3.238131632553489184e-03
2.446770990000000090e-01,3.237368816396294334e-03
2.447026089999999876e-01,3.236911224164802908e-03
2.447366182000000057e-01,3.236301214863508083e-03
2.447961227999999878e-01,3.235234011110661896e-03
2.448046222999999966e-01,3.235081585892341915e-03
2.448301190000000127e-01,3.234624358926901835e-03
2.448641105000000096e-01,3.234014836547633148e-03
2.448726075999999863e-01,3.233862476230740281e-03
2.449320792999999941e-01,3.232796181079614865e-03
2.449405739999999942e-01,3.232643885631762259e-03
2.449490685000000056e-01,3.232491598291326301e-03
2.450085216000000010e-01,3.231425813851006995e-03
2.450170137000000081e-01,3.231273591346002765e-03
2.451019187000000044e-01,3.229751811830162446e-03
2.451104075999999965e-01,3.229599678424135110e-03
2.451358724999999905e-01,3.229143326780931599e-03
2.452122512999999893e-01,3.227774708958346551e-03
2.452207362999999918e-01,3.227622680775385153e-03
2.452377055999999944e-01,3.227318648680136803e-03
2.452461897999999862e-01,3.227166644765014445e-03
2.452886062999999894e-01,3.226406746529374148e-03
2.453140527000000071e-01,3.225950904633922024e-03
2.453394963999999956e-01,3.225495135505208714e-03
2.453734173000000074e-01,3.224887556515269264e-03
2.454158117999999944e-01,3.224128264617447462e-03
2.454242898000000006e-01,3.223976430480211732e-03
2.454751518000000132e-01,3.223065595300328781e-03
2.454836277999999927e-01,3.222913817706502329e-03
2.454921035000000029e-01,3.222762048192027735e-03
2.455175287999999956e-01,3.222306788091332946e-03
2.455514250999999981e-01,3.221699887661470980e-03
2.456446157999999935e-01,3.220031577335967163e-03
2.456530859000000122e-01,3.219879961172822467e-03
2.456784945000000109e-01,3.219425161078398601e-03
2.456954322000000079e-01,3.219122001340678912e-03
2.457885682000000016e-01,3.217455199263355523e-03
2.458224271999999988e-01,3.216849331215545366e-03
2.458308912000000124e-01,3.216697884348357264e-03
2.458985927000000016e-01,3.215486599394370114e-03
2.459239759000000081e-01,3.215032500418981906e-03
2.459578162000000123e-01,3.214427147834581552e-03
2.460170254999999861e-01,3.213368090689281038e-03
2.460254828000000005e-01,3.213216829001299974e-03
2.460508530000000138e-01,3.212763092204753371e-03
2.460593091000000121e-01,3.212611862691847845e-03
2.461269477999999955e-01,3.211402316142636729e-03
2.461607601999999950e-01,3.210797735836515027e-03
2.461692125000000120e-01,3.210646610858907020e-03
2.462283710000000014e-01,3.209588961020964828e-03
2.463044108999999926e-01,3.208229703956765651e-03
2.463213055000000040e-01,3.207927735171432586e-03
2.463635369000000130e-01,3.207172953708463652e-03
2.463973167999999880e-01,3.206569273018398079e-03
2.464310920999999988e-01,3.205965720727012216e-03
2.464395352000000039e-01,3.205814852710073964e-03
2.464564204999999952e-01,3.205513140745882943e-03
2.464901877000000019e-01,3.204909813072082461e-03
2.465070695000000089e-01,3.204608197352458009e-03
2.465914613999999894e-01,3.203100599799727638e-03
2.466420826999999871e-01,3.202196425960816568e-03
2.466673893999999922e-01,3.201744447198146860e-03
2.466926936000000126e-01,3.201292540519719808e-03
2.467011276999999947e-01,3.201141920976394769e-03
2.467348614000000051e-01,3.200539522879798128e-03
2.467685904999999957e-01,3.199937252875936257e-03
2.468360347999999926e-01,3.198733097021926128e-03
2.468444640000000134e-01,3.198582613546115117e-03
2.468697499999999989e-01,3.198131211116595016e-03
2.469118875999999907e-01,3.197379033690101683e-03
2.469371666999999881e-01,3.196927823188384660e-03
2.469624431999999925e-01,3.196476684637353499e-03
2.469708680999999906e-01,3.196326321107018347e-03
2.469961411000000107e-01,3.195875278472355783e-03
2.470045649000000010e-01,3.195724946910995842e-03
2.470466795000000049e-01,3.194973408946975499e-03
2.470719447999999985e-01,3.194522582035655769e-03
2.471393063000000001e-01,3.193320728327134206e-03
2.471729802000000031e-01,3.192719993086228815e-03
2.472403140999999971e-01,3.191518905673596841e-03
2.472487295999999946e-01,3.191368805651241883e-03
2.472655596999999983e-01,3.191068629538655610e-03
2.473160429000000049e-01,3.190168292607253701e-03
2.473412806999999991e-01,3.189718231788382999e-03
2.473749271000000027e-01,3.189118262300446455e-03
2.474001589000000001e-01,3.188668368870798027e-03
2.474422061000000062e-01,3.187918705856282366e-03
2.474758387999999865e-01,3.187319118841961535e-03
2.475178731000000076e-01,3.186569814266261829e-03
2.475346848999999960e-01,3.186270148173719115e-03
2.476103236999999957e-01,3.184922044783864738e-03
2.476439334999999964e-01,3.184323094617649407e-03
2.476523351999999900e-01,3.184173376967824789e-03
2.476775387000000050e-01,3.183724271733977089e-03
2.477195389000000081e-01,3.182975922074122565e-03
2.477699295999999940e-01,3.182078164850965420e-03
2.477783271000000009e-01,3.181928566468624278e-03
2.478371014000000094e-01,3.180881600292894806e-03
2.478454965999999926e-01,3.180732065476657867e-03
2.478538915000000065e-01,3.180582538603220558e-03
2.478790744999999907e-01,3.180134005646944109e-03
2.479881714000000126e-01,3.178191188625604201e-03
2.480468959999999889e-01,3.177145611958657068e-03
2.480552839999999870e-01,3.176996275596425529e-03
2.480720593999999890e-01,3.176697626672061927e-03
2.481056066000000004e-01,3.176100423988964007e-03
2.481223785999999987e-01,3.175801870224275250e-03
2.481475343000000000e-01,3.175354099039504486e-03
2.481726874999999888e-01,3.174906399197707785e-03
2.481810714000000084e-01,3.174757181770133507e-03
2.482062211999999934e-01,3.174309577031375097e-03
2.482565132000000008e-01,3.173414581483240734e-03
2.482816552999999871e-01,3.172967190648235108e-03
2.483486886999999865e-01,3.171774496843925411e-03
2.483738215000000082e-01,3.171327367290641738e-03
2.483821985999999926e-01,3.171178339935369541e-03
2.484575793000000088e-01,3.169837449810562497e-03
2.484743275000000085e-01,3.169539561245738549e-03
2.484827011000000085e-01,3.169390628824810159e-03
2.485161928999999881e-01,3.168794978229061941e-03
2.485245651999999916e-01,3.168646085348487615e-03
2.485496802000000116e-01,3.168199454134874686e-03
2.485747927999999995e-01,3.167752894065172832e-03
2.487086833999999913e-01,3.165372441338672269e-03
2.487254145999999999e-01,3.165075026907495596e-03
2.487505094000000139e-01,3.164628964477533921e-03
2.488759453000000121e-01,3.162399717677842267e-03
2.488843054000000055e-01,3.162251164334774559e-03
2.489093842000000001e-01,3.161805551615618805e-03
2.489261020000000102e-01,3.161508515896071028e-03
2.489511765000000099e-01,3.161063021439904086e-03
2.489846052999999948e-01,3.160469139181326138e-03
2.490096739000000059e-01,3.160023810235508979e-03
2.490598036999999987e-01,3.159133365064182609e-03
2.490848647999999999e-01,3.158688248813555036e-03
2.491099233000000079e-01,3.158243203438945625e-03
2.491182755999999943e-01,3.158094870727504166e-03
2.491266276000000113e-01,3.157946545888227433e-03
2.491767337999999943e-01,3.157056762168062268e-03
2.491934336000000139e-01,3.156760230557932329e-03
2.492518742000000009e-01,3.155722617765017220e-03
2.492602217999999870e-01,3.155574418833304810e-03
2.492769159999999873e-01,3.155278044563197392e-03
2.492852627000000099e-01,3.155129869224705674e-03
2.493854013000000036e-01,3.153352378403464704e-03
2.494104296000000109e-01,3.152908182538495009e-03
2.494604787999999962e-01,3.152020002934743329e-03
2.494854995999999936e-01,3.151576019166873067e-03
2.495271954000000125e-01,3.150836203269229748e-03
2.495522095999999912e-01,3.150392407937327704e-03
2.495855579000000046e-01,3.149800790714795198e-03
2.496439065999999929e-01,3.148765762666399202e-03
2.496522411000000052e-01,3.148617932898104509e-03
2.496605752000000122e-01,3.148470110970828448e-03
2.497105742999999878e-01,3.147583344095883969e-03
2.497189065000000041e-01,3.147435577062230976e-03
2.497522325000000043e-01,3.146844587313367414e-03
2.497772241000000004e-01,3.146401427301889243e-03
2.497938838000000050e-01,3.146106026476594864e-03
2.498605114000000127e-01,3.144924736562516605e-03
2.498854920999999951e-01,3.144481882085738839e-03
2.499520953000000101e-01,3.143301281320429880e-03
2.499770668999999890e-01,3.142858685190460903e-03
2.499853901999999906e-01,3.142711168798400460e-03
