q,I
2.039995199999999811e-03,8.245350096485522945e-03
2.884988900000000096e-03,8.245144864244638785e-03
4.079990399999999622e-03,8.244734421319246942e-03
4.561568000000000220e-03,8.244529210634014144e-03
5.769977800000000191e-03,8.243913621684707468e-03
6.119985599999999866e-03,8.243708439736393764e-03
6.451031299999999968e-03,8.243503264970995781e-03
7.355307299999999833e-03,8.242887783771820839e-03
8.159980799999999243e-03,8.242272367212803708e-03
8.411115699999999196e-03,8.242067242722059955e-03
8.654966599999999385e-03,8.241862125411281159e-03
9.123135799999999504e-03,8.241451912333740137e-03
1.019997589999999989e-02,8.240426505281827144e-03
1.040197520000000000e-02,8.240221445409198070e-03
1.098571020000000016e-02,8.239606308853170483e-03
1.153995529999999985e-02,8.238991236889751935e-03
1.189511369999999950e-02,8.238581224798049996e-03
1.223997100000000053e-02,8.238171241412099374e-03
1.240880609999999926e-02,8.237966260478984948e-03
1.290206219999999980e-02,8.237351360726166347e-03
1.306234239999999949e-02,8.237146408485699137e-03
1.368470339999999959e-02,8.236326671274451366e-03
1.427996599999999984e-02,8.235507048821852361e-03
1.442494390000000071e-02,8.235302161130830800e-03
1.471061409999999993e-02,8.234892407262916700e-03
1.485138870000000076e-02,8.234687541093963989e-03
1.553614000000000037e-02,8.233663317748695851e-03
1.593287120000000043e-02,8.233048869755357768e-03
1.631996089999999955e-02,8.232434486290999068e-03
1.644696630000000090e-02,8.232229706122575971e-03
1.682223050000000025e-02,8.231615408637652648e-03
1.730993239999999850e-02,8.230796445609665779e-03
1.742972569999999902e-02,8.230591722780497554e-03
1.754870130000000042e-02,8.230387007089950621e-03
1.824627070000000087e-02,8.229158863435130991e-03
1.835995569999999966e-02,8.228954197910068671e-03
1.847294110000000100e-02,8.228749539525920947e-03
1.880782519999999944e-02,8.228135607322871817e-03
1.924527490000000132e-02,8.227317131299422340e-03
1.935309240000000069e-02,8.227112530208711971e-03
2.009162109999999835e-02,8.225680522863224042e-03
2.019492059999999922e-02,8.225475978993070092e-03
2.039995039999999843e-02,8.225066912774981961e-03
2.050169640000000168e-02,8.224862390416767810e-03
2.080394890000000080e-02,8.224248866185761980e-03
2.100303430000000082e-02,8.223839885775414971e-03
2.129817330000000064e-02,8.223226468872159994e-03
2.168544450000000137e-02,8.222408679729958578e-03
2.197141860000000058e-02,8.221795413017712537e-03
2.206591980000000008e-02,8.221591005047804504e-03
2.243994499999999934e-02,8.220773444810170263e-03
2.253248119999999924e-02,8.220569072607406685e-03
2.280783739999999934e-02,8.219955998868832409e-03
2.307990860000000075e-02,8.219342989433262026e-03
2.325952140000000015e-02,8.218934352267989740e-03
2.379022509999999951e-02,8.217708612154966258e-03
2.387752890000000017e-02,8.217504347174619389e-03
2.447993949999999891e-02,8.216074692138527341e-03
2.456479220000000116e-02,8.215870484219666217e-03
2.464935279999999965e-02,8.215666283483401625e-03
2.481760959999999849e-02,8.215257903489970454e-03
2.490131170000000130e-02,8.215053724103520139e-03
2.523334379999999863e-02,8.214237078329725619e-03
2.556106320000000112e-02,8.213420546652880003e-03
2.580412149999999905e-02,8.212808222916681902e-03
2.596489630000000173e-02,8.212400042673670061e-03
2.612468180000000056e-02,8.211991891053463735e-03
2.651993379999999928e-02,8.210971636927634834e-03
2.659827940000000085e-02,8.210767607478443308e-03
2.683194360000000153e-02,8.210155562007253466e-03
2.721692649999999866e-02,8.209135628778911967e-03
2.736940339999999888e-02,8.208727705345662817e-03
2.744532419999999931e-02,8.208523754304992287e-03
2.774693010000000085e-02,8.207708021699979678e-03
2.834051430000000121e-02,8.206076898509431436e-03
2.841384049999999897e-02,8.205873040236783336e-03
2.855992799999999832e-02,8.205465345042897360e-03
2.863269220000000045e-02,8.205261508092446740e-03
2.884988380000000005e-02,8.204650039934370878e-03
2.899377430000000047e-02,8.204242430053253904e-03
2.920828110000000047e-02,8.203631068922433156e-03
2.942122390000000143e-02,8.203019771693055573e-03
2.970277299999999829e-02,8.202204808656942889e-03
3.012016249999999867e-02,8.200982577449660027e-03
3.032670299999999999e-02,8.200371557991657789e-03
3.059992200000000162e-02,8.199556965043345788e-03
3.066784640000000048e-02,8.199353334730121595e-03
3.087072290000000135e-02,8.198742486066223911e-03
3.107227489999999856e-02,8.198131701339548064e-03
3.113916889999999993e-02,8.197928120628647855e-03
3.120591959999999970e-02,8.197724547256913380e-03
3.166923519999999964e-02,8.196299731683120982e-03
3.173487090000000344e-02,8.196096214854974027e-03
3.186573689999999681e-02,8.195689202932145839e-03
3.193096869999999948e-02,8.195485707720370772e-03
3.225514909999999819e-02,8.194468337876183520e-03
3.263991580000000226e-02,8.193247728817330128e-03
3.270360349999999749e-02,8.193044318816114155e-03
3.289392669999999935e-02,8.192434131346539722e-03
3.295712349999999763e-02,8.192230749750171667e-03
3.320870809999999784e-02,8.191417294476293492e-03
3.345840099999999873e-02,8.190603952771356028e-03
3.364445469999999966e-02,8.189994021396300450e-03
3.376792089999999802e-02,8.189587435712080907e-03
3.395227840000000080e-02,8.188977610543194188e-03
3.419654240000000178e-02,8.188164610005746816e-03
3.461985769999999935e-02,8.186742131812654866e-03
3.467990950000000155e-02,8.186538949268103507e-03
3.473985749999999872e-02,8.186335773607094496e-03
3.485944419999999905e-02,8.185929443621684301e-03
3.491908400000000301e-02,8.185726289406487430e-03
3.509739530000000052e-02,8.185116868569203633e-03
3.521576790000000012e-02,8.184710624007569130e-03
3.562697489999999689e-02,8.183288990309288066e-03
3.568533189999999883e-02,8.183085927992928693e-03
3.609118929999999975e-02,8.181664691416143040e-03
3.614879690000000201e-02,8.181461686299981370e-03
3.632107169999999885e-02,8.180852712271790769e-03
3.649253310000000194e-02,8.180243802460771679e-03
3.671990299999999818e-02,8.179432022047799719e-03
3.677652580000000115e-02,8.179229094388883528e-03
3.694587359999999820e-02,8.178620354691922695e-03
3.722640800000000250e-02,8.177605929897802106e-03
3.744932249999999990e-02,8.176794517264279402e-03
3.750484409999999685e-02,8.176591681922385293e-03
3.761564139999999667e-02,8.176186032459701811e-03
3.794609239999999911e-02,8.174969253694878285e-03
3.811024350000000172e-02,8.174360960318744970e-03
3.832801789999999709e-02,8.173550000936074048e-03
3.849054019999999937e-02,8.172941855720089813e-03
3.870617500000000238e-02,8.172131094911622845e-03
3.875989619999999775e-02,8.171928422542881071e-03
3.881354310000000030e-02,8.171725757034325327e-03
3.897404079999999826e-02,8.171117802670123387e-03
3.918701509999999999e-02,8.170307296007654069e-03
3.924007809999999902e-02,8.170104687429813675e-03
3.939883820000000120e-02,8.169496903060725207e-03
3.960952859999999909e-02,8.168686622907339948e-03
4.007953250000000078e-02,8.166863906367231168e-03
4.018323120000000248e-02,8.166458935744346295e-03
4.023498040000000192e-02,8.166256460991309571e-03
4.038983000000000156e-02,8.165649079392590243e-03
4.049273419999999818e-02,8.165244193771934583e-03
4.064660190000000256e-02,8.164636918757319645e-03
4.079988930000000291e-02,8.164029706662401936e-03
4.085085730000000137e-02,8.163827317254665483e-03
4.100338109999999980e-02,8.163220190092461415e-03
4.105409649999999799e-02,8.163017828063778847e-03
4.125633449999999841e-02,8.162208452710349033e-03
4.130673929999999910e-02,8.162006126017607235e-03
4.160788569999999964e-02,8.160792316876247510e-03
4.185718599999999762e-02,8.159781002380824336e-03
4.200605599999999995e-02,8.159174298968539102e-03
4.205556230000000173e-02,8.158972078662578634e-03
4.244953370000000004e-02,8.157354568890565205e-03
4.259633349999999985e-02,8.156748119689723533e-03
4.283988209999999713e-02,8.155737511497994710e-03
4.288842589999999899e-02,8.155535410696451021e-03
4.303372860000000133e-02,8.154929151278187890e-03
4.322670569999999962e-02,8.154120904217278254e-03
4.327481560000000227e-02,8.153918860069161306e-03
4.337087509999999757e-02,8.153514792367906258e-03
4.361009829999999698e-02,8.152504748548153671e-03
4.365778569999999997e-02,8.152302760027322487e-03
4.380053619999999676e-02,8.151696839179548709e-03
4.394282299999999891e-02,8.151090981686774997e-03
4.403742540000000344e-02,8.150687112040944440e-03
4.413182499999999953e-02,8.150283269675168835e-03
4.455414840000000015e-02,8.148466330944705710e-03
4.474056810000000273e-02,8.147658984889069936e-03
4.478705179999999814e-02,8.147457166122581279e-03
4.487987470000000256e-02,8.147053550427895557e-03
4.492621420000000171e-02,8.146851752244010231e-03
4.506494700000000103e-02,8.146246401897986461e-03
4.515719859999999669e-02,8.145842869517081961e-03
4.529522390000000065e-02,8.145237624089255585e-03
4.561565869999999884e-02,8.143825631365637224e-03
4.584316940000000146e-02,8.142817275741112346e-03
4.602436819999999873e-02,8.142010718515876877e-03
4.615980060000000190e-02,8.141405873089761075e-03
4.624986849999999927e-02,8.141002678586284000e-03
4.651902589999999671e-02,8.139793264137896653e-03
4.656373419999999819e-02,8.139591719443096951e-03
4.660839960000000282e-02,8.139390182137891394e-03
4.691986699999999705e-02,8.137979616755613640e-03
4.696419369999999677e-02,8.137778134877158079e-03
4.709692359999999994e-02,8.137173733322018709e-03
4.731731260000000133e-02,8.136166537450062117e-03
4.744905459999999853e-02,8.135562303394058836e-03
4.758043189999999756e-02,8.134958132969551461e-03
4.762414379999999753e-02,8.134756757233789493e-03
4.775503939999999753e-02,8.134152671449295866e-03
4.779859160000000246e-02,8.133951322756922259e-03
4.801576009999999894e-02,8.132944689292719714e-03
4.814559110000000280e-02,8.132340791758290929e-03
4.836120139999999790e-02,8.131334438152721181e-03
4.849010740000000291e-02,8.130730710392301483e-03
4.866145090000000006e-02,8.129925836967815886e-03
4.895985910000000274e-02,8.128517580762771241e-03
4.900234049999999814e-02,8.128316429162646406e-03
4.904478510000000180e-02,8.128115283797194071e-03
4.912956429999999763e-02,8.127713015702916349e-03
4.929868529999999888e-02,8.126908563414362435e-03
4.934087499999999932e-02,8.126707468131842693e-03
4.938302859999999656e-02,8.126506378783340118e-03
4.963519859999999950e-02,8.125299996019963444e-03
4.967710250000000050e-02,8.125098956097479702e-03
4.980260260000000244e-02,8.124495878867928761e-03
5.001106959999999935e-02,8.123490892634843349e-03
5.017721960000000314e-02,8.122687027997189599e-03
5.038413659999999711e-02,8.121682355668008793e-03
5.046666589999999897e-02,8.121280536396100966e-03
5.050787989999999672e-02,8.121079635643232292e-03
5.067240099999999886e-02,8.120276107749570607e-03
5.099985089999999749e-02,8.118669388521859015e-03
5.104063439999999979e-02,8.118468580814740265e-03
5.112210379999999887e-02,8.118066983530829867e-03
5.116278989999999832e-02,8.117866196721980343e-03
5.136573690000000025e-02,8.116862364265902893e-03
5.148712109999999814e-02,8.116260147040350523e-03
5.160821980000000059e-02,8.115657995015691448e-03
5.164852290000000040e-02,8.115457291834785036e-03
5.192976900000000062e-02,8.114052560285899343e-03
5.200984570000000140e-02,8.113651272544170762e-03
5.212973010000000046e-02,8.113049391822540340e-03
5.224933949999999855e-02,8.112447573968929737e-03
5.228914839999999897e-02,8.112246983084487120e-03
5.244808220000000271e-02,8.111444685903515181e-03
5.264607470000000344e-02,8.110441969673124266e-03
5.292201970000000311e-02,8.109038462456140059e-03
5.296132299999999765e-02,8.108837990085333847e-03
5.303984240000000211e-02,8.108437064550312601e-03
5.307905849999999814e-02,8.108236612979149646e-03
5.319653330000000124e-02,8.107635297311633835e-03
5.339175040000000011e-02,8.106633245257266127e-03
5.354741159999999722e-02,8.105831729075521283e-03
5.366386120000000287e-02,8.105230666559527786e-03
5.385738429999999827e-02,8.104229031811811118e-03
5.389600549999999657e-02,8.104028726094905655e-03
5.401170360000000226e-02,8.103427851942858126e-03
5.420398480000000047e-02,8.102426531738617793e-03
5.431902689999999756e-02,8.101825822589042020e-03
5.443382580000000193e-02,8.101225178652792305e-03
5.473877910000000263e-02,8.099623763086183023e-03
5.481475239999999971e-02,8.099223478283033850e-03
5.489062050000000081e-02,8.098823222178613834e-03
5.492851530000000121e-02,8.098623105669014444e-03
5.507983360000000272e-02,8.097822706015105065e-03
5.511759819999999949e-02,8.097622622100736009e-03
5.523073729999999903e-02,8.097022416553065205e-03
5.541878909999999742e-02,8.096022211355779694e-03
5.549383139999999881e-02,8.095622176680750126e-03
5.568099469999999995e-02,8.094622215641810933e-03
5.571835189999999743e-02,8.094422243839070885e-03
5.601631270000000107e-02,8.092822722930994098e-03
5.612764020000000215e-02,8.092223017554205436e-03
5.627573429999999793e-02,8.091423505859215992e-03
5.642343970000000125e-02,8.090624108016454541e-03
5.657075939999999664e-02,8.089824820265895805e-03
5.668099790000000193e-02,8.089225427107972488e-03
5.671769649999999774e-02,8.089025642951786985e-03
5.682764989999999905e-02,8.088426334845228924e-03
5.690083420000000003e-02,8.088026830566696912e-03
5.711982439999999800e-02,8.086828483428371017e-03
5.715624119999999919e-02,8.086628781930218710e-03
5.726535270000000094e-02,8.086029723793590820e-03
5.744674450000000071e-02,8.085031430164122540e-03
5.748295419999999850e-02,8.084831790982726155e-03
5.759144669999999994e-02,8.084232919618910759e-03
5.769973510000000333e-02,8.083634110669995002e-03
5.773578619999999995e-02,8.083434520273566001e-03
5.777181470000000013e-02,8.083234937483830054e-03
5.798751569999999883e-02,8.082037589618076834e-03
5.802338790000000079e-02,8.081838058305090833e-03
5.805923799999999912e-02,8.081638530861809736e-03
5.834524540000000231e-02,8.080042564922500226e-03
5.841652840000000069e-02,8.079643644774392799e-03
5.845213739999999963e-02,8.079444193284780404e-03
5.873623160000000093e-02,8.077848840157043214e-03
5.884241330000000020e-02,8.077250695514364212e-03
5.887776470000000151e-02,8.077051330153477496e-03
5.915981499999999754e-02,8.075456640265871525e-03
5.919497680000000012e-02,8.075257337409847205e-03
5.930033710000000291e-02,8.074659462664652773e-03
5.940551060000000272e-02,8.074061652764259744e-03
5.947552290000000103e-02,8.073663146423446305e-03
5.958038699999999854e-02,8.073065437998695401e-03
5.971991950000000299e-02,8.072268595263012991e-03
5.999801099999999693e-02,8.070675234904732195e-03
6.003268190000000254e-02,8.070476097858211156e-03
6.024028800000000294e-02,8.069281409229654700e-03
6.027481950000000005e-02,8.069082319477140913e-03
6.041274809999999662e-02,8.068286029045934962e-03
6.055036250000000314e-02,8.067489845769836715e-03
6.058471719999999894e-02,8.067290817208883427e-03
6.065336839999999757e-02,8.066892783041762494e-03
6.085885719999999804e-02,8.065698843828208314e-03
6.113176780000000032e-02,8.064107311489057683e-03
6.119980530000000002e-02,8.063709497539957652e-03
6.123379560000000166e-02,8.063510601771080311e-03
6.133565380000000067e-02,8.062913954705494893e-03
6.136956899999999882e-02,8.062715084529010340e-03
6.150504259999999696e-02,8.061919678952351662e-03
6.167396609999999807e-02,8.060925573015643650e-03
6.174140610000000001e-02,8.060527983055608761e-03
6.194328550000000044e-02,8.059335369386761566e-03
6.204397889999999777e-02,8.058739155231897308e-03
6.214450920000000322e-02,8.058143004447185925e-03
6.217798310000000050e-02,8.057944299545470937e-03
6.227829700000000329e-02,8.057348232029774501e-03
6.241179809999999883e-02,8.056553573505957286e-03
6.244512879999999933e-02,8.056354922493704634e-03
6.257827400000000317e-02,8.055560401689707342e-03
6.284371810000000114e-02,8.053971686276469727e-03
6.297602060000000168e-02,8.053177494281983304e-03
6.300905280000000663e-02,8.052978963019525802e-03
6.323979509999999582e-02,8.051589443861662324e-03
6.327268960000000109e-02,8.051390967411939034e-03
6.333842739999999416e-02,8.050994036852637814e-03
6.337127069999999585e-02,8.050795581242114682e-03
6.346969869999999347e-02,8.050200255613398914e-03
6.353523260000000505e-02,8.049803409812676322e-03
6.373143000000000558e-02,8.048613030040559918e-03
6.376407089999999722e-02,8.048414661537947948e-03
6.386189339999999437e-02,8.047819583880911828e-03
6.389446769999999887e-02,8.047621240619961050e-03
6.402459889999999321e-02,8.046827929495735041e-03
6.405709029999999415e-02,8.046629619778136386e-03
6.441341509999999604e-02,8.044448663339649752e-03
6.451025289999999524e-02,8.043853999104039199e-03
6.479989830000000561e-02,8.042070383780580353e-03
6.483200120000000288e-02,8.041872240145381268e-03
6.492821479999999479e-02,8.041277843524657562e-03
6.505627819999999784e-02,8.040485414715551823e-03
6.508825470000000057e-02,8.040287325440730049e-03
6.518409000000000009e-02,8.039693098387829667e-03
6.527978469999999589e-02,8.039098933335216135e-03
6.531165170000000075e-02,8.038900889656438661e-03
6.540715969999999491e-02,8.038306806944383112e-03
6.556603060000000538e-02,8.037316803603656787e-03
6.569285060000000509e-02,8.036524921348727965e-03
6.578780519999999354e-02,8.035931085955769909e-03
6.585103220000000646e-02,8.035535229473273616e-03
6.591419860000000130e-02,8.035139399053965389e-03
6.607185029999999848e-02,8.034149947200995567e-03
6.619770129999999475e-02,8.033358504294239172e-03
6.635467940000000509e-02,8.032369358905187828e-03
6.641736669999999398e-02,8.031973751191306618e-03
6.644868819999999454e-02,8.031775957642383473e-03
6.660507479999999703e-02,8.030787085226247235e-03
6.669873070000000015e-02,8.030193846899279578e-03
6.682340109999999889e-02,8.029402956919954454e-03
6.691675140000000188e-02,8.028809859031390758e-03
6.710306259999999912e-02,8.027623855597038754e-03
6.728885780000000427e-02,8.026438097257504456e-03
6.731977379999999622e-02,8.026240495839579922e-03
6.735067570000000114e-02,8.026042897897621431e-03
6.744329620000000247e-02,8.025450154161185498e-03
6.753578970000000126e-02,8.024857466986912505e-03
6.756659280000000545e-02,8.024659918617907395e-03
6.759738179999999486e-02,8.024462381278012202e-03
6.781251330000000188e-02,8.023079785019770344e-03
6.790450389999999614e-02,8.022487345435683551e-03
6.793513980000000230e-02,8.022289879118824768e-03
6.808811230000000325e-02,8.021302659108645386e-03
6.817973099999999342e-02,8.020710401834834843e-03
6.839303080000000423e-02,8.019328721958035935e-03
6.842344790000000343e-02,8.019131365708481382e-03
6.854498139999999629e-02,8.018342007500536134e-03
6.857533120000000593e-02,8.018144687302225168e-03
6.881764710000000396e-02,8.016566362463083129e-03
6.902897569999999483e-02,8.015185682588757410e-03
6.923965930000000601e-02,8.013805338186031843e-03
6.926970470000000379e-02,8.013608178254518974e-03
6.929973700000000014e-02,8.013411016249923080e-03
6.935976259999999949e-02,8.013016724653591882e-03
6.938975599999999688e-02,8.012819588603352708e-03
6.947965829999999676e-02,8.012228217244279568e-03
6.962923760000000462e-02,8.011242737431020777e-03
6.971883119999999767e-02,8.010651531187445301e-03
6.977849630000000636e-02,8.010257426943485567e-03
6.983811040000000026e-02,8.009863354172936517e-03
7.010574679999999337e-02,8.008090350347402825e-03
7.019473210000000407e-02,8.007499467206991364e-03
7.025399309999999509e-02,8.007105584134002058e-03
7.034279089999999346e-02,8.006514808779259876e-03
7.043147669999999527e-02,8.005924096745770449e-03
7.046101389999999409e-02,8.005727203341214335e-03
7.069686679999999390e-02,8.004152316462649977e-03
7.072629310000000391e-02,8.003955487661324614e-03
7.081449859999999763e-02,8.003365040952151524e-03
7.096126429999999319e-02,8.002381098069482473e-03
7.104917809999999889e-02,8.001790809656539674e-03
7.116622760000000658e-02,8.001003860718202895e-03
7.125388859999999547e-02,8.000413721083989016e-03
7.137060239999999667e-02,7.999626958593953480e-03
7.139975099999999741e-02,7.999430286701988621e-03
7.142888779999999327e-02,7.999233624478074844e-03
7.151622679999999899e-02,7.998643666963121610e-03
7.163251310000000316e-02,7.997857149845247898e-03
7.166155520000000445e-02,7.997660540715000738e-03
7.174861100000000380e-02,7.997070745381123363e-03
7.186452140000000599e-02,7.996284447402718376e-03
7.209578290000000222e-02,7.994712180304444291e-03
7.212463850000000454e-02,7.994515678158247221e-03
7.218231499999999690e-02,7.994122690125615716e-03
7.229752999999999874e-02,7.993336806748961229e-03
7.235506869999999702e-02,7.992943900713833996e-03
7.244129109999999927e-02,7.992354598700086160e-03
7.264207849999999855e-02,7.990979791552830711e-03
7.281374140000000661e-02,7.989801658965432068e-03
7.289942130000000298e-02,7.989212680433373584e-03
7.298500049999999406e-02,7.988623762383965238e-03
7.304199769999999980e-02,7.988231183887061979e-03
7.312741009999999819e-02,7.987642371722263740e-03
7.324113840000000264e-02,7.986857384665780116e-03
7.343973900000000388e-02,7.985483914849315912e-03
7.346806670000000095e-02,7.985287731844288930e-03
7.355298439999999327e-02,7.984699220686593615e-03
7.358126850000000496e-02,7.984503060734893243e-03
7.369429630000000342e-02,7.983718508920378820e-03
7.372252619999999923e-02,7.983522389042360667e-03
7.389167900000000178e-02,7.982345801898977841e-03
7.391983359999999836e-02,7.982149721938336384e-03
7.394797729999999514e-02,7.981953656277657183e-03
7.414468470000000477e-02,7.980581377285815917e-03
7.417274320000000198e-02,7.980385358761178313e-03
7.425685499999999661e-02,7.979797361603912023e-03
7.445274629999999727e-02,7.978425604873782065e-03
7.470385179999999847e-02,7.976662395943072414e-03
7.481518369999999585e-02,7.975878930283741147e-03
7.484299079999999493e-02,7.975683080254807045e-03
7.489857399999999554e-02,7.975291396671265950e-03
7.500961690000000626e-02,7.974508117516291780e-03
7.506507669999999688e-02,7.974116515804843125e-03
7.523121089999999789e-02,7.972941884184963843e-03
7.525886430000000571e-02,7.972746133464339580e-03
7.547972660000000500e-02,7.971180391856291791e-03
7.550728900000000521e-02,7.970984702300178484e-03
7.558991580000000432e-02,7.970397683256396498e-03
7.569994450000000485e-02,7.969615079446898051e-03
7.572742679999999726e-02,7.969419444856096560e-03
7.580981359999999780e-02,7.968832583035070222e-03
7.589211099999999821e-02,7.968245780814101412e-03
7.591952370000000505e-02,7.968050198627223135e-03
7.616579349999999526e-02,7.966290228463760933e-03
7.622041209999999567e-02,7.965899197982835231e-03
7.638403350000000369e-02,7.964726264407230583e-03
7.646571289999999632e-02,7.964139893967166206e-03
7.657448329999999581e-02,7.963358154291963129e-03
7.665595969999999815e-02,7.962771926546994075e-03
7.668309930000000163e-02,7.962576528779094151e-03
7.679156169999999670e-02,7.961795009668620748e-03
7.681865340000000597e-02,7.961599650908852618e-03
7.689987119999999732e-02,7.961013599514225880e-03
7.698100330000000324e-02,7.960427609001232210e-03
7.711603370000000290e-02,7.959451096908513532e-03
7.722388809999999881e-02,7.958670016243493683e-03
7.741227159999999885e-02,7.957303372054984683e-03
7.751971380000000078e-02,7.956522585154397753e-03
7.754655109999999962e-02,7.956327400054580626e-03
7.762700729999999494e-02,7.955741903049708477e-03
7.768059839999999494e-02,7.955351598291190290e-03
7.776091590000000497e-02,7.954766202294233715e-03
7.789459440000000290e-02,7.953790661696262532e-03
7.794800159999999700e-02,7.953400500429820205e-03
7.808135970000000536e-02,7.952425203672066137e-03
7.810800410000000304e-02,7.952230161569033562e-03
7.818788249999999995e-02,7.951645092631003803e-03
7.837394890000000391e-02,7.950280143431942212e-03
7.848007460000000490e-02,7.949500330023364508e-03
7.850658350000000452e-02,7.949305390570302055e-03
7.871833409999999531e-02,7.947746128965336998e-03
7.874476290000000100e-02,7.947551253492475890e-03
7.879759379999999591e-02,7.947161520851439565e-03
7.882399599999999340e-02,7.946966667005816651e-03
7.921897310000000636e-02,7.944044617944727438e-03
7.935019529999999544e-02,7.943070938011656187e-03
7.937641369999999530e-02,7.942876223027493798e-03
7.945501689999999451e-02,7.942292114624301472e-03
7.955970049999999683e-02,7.941513405711428733e-03
7.958584990000000525e-02,7.941318747278667059e-03
7.966424649999999386e-02,7.940734798911636139e-03
7.979473639999999646e-02,7.939761692189182749e-03
7.997706450000000022e-02,7.938399625008186328e-03
8.000307750000000551e-02,7.938205071941626528e-03
8.015897800000000573e-02,7.937037890427895565e-03
8.021087740000000521e-02,7.936648884993846575e-03
8.028866380000000691e-02,7.936065418619171405e-03
8.036637480000000111e-02,7.935482019795431566e-03
8.039226180000000332e-02,7.935287563103937680e-03
8.046987279999999465e-02,7.934704245154727137e-03
8.049572650000000329e-02,7.934509825623121265e-03
8.070225790000000454e-02,7.932954654140841194e-03
8.077957099999999446e-02,7.932371570161064755e-03
8.083107209999999820e-02,7.931982889953002533e-03
8.090826210000000296e-02,7.931399910192798303e-03
8.098537860000000477e-02,7.930816992554653305e-03
8.121628870000000000e-02,7.929068612364784802e-03
8.124190489999999487e-02,7.928874376022104764e-03
8.129311300000000018e-02,7.928485938168000624e-03
8.144654410000000400e-02,7.927320768332251841e-03
8.152315139999999349e-02,7.926738271454887227e-03
8.159968680000000141e-02,7.926155840229275745e-03
8.162518259999999859e-02,7.925961715758340215e-03
8.165067049999999438e-02,7.925767589469792651e-03
8.170162240000000686e-02,7.925379362987570314e-03
8.182886339999999314e-02,7.924408909132736947e-03
8.193051390000000156e-02,7.923632663010011373e-03
8.200666909999999865e-02,7.923050555277991180e-03
8.205739989999999429e-02,7.922662505414629006e-03
8.210809939999999529e-02,7.922274494080581986e-03
8.213343739999999504e-02,7.922080501611227996e-03
8.223471150000000174e-02,7.921304577099235258e-03
8.233586090000000191e-02,7.920528759137301228e-03
8.251257400000000519e-02,7.919171353348474635e-03
8.253778790000000642e-02,7.918977453791378393e-03
8.261338329999999563e-02,7.918395828514735932e-03
8.266374179999999572e-02,7.918008113211260496e-03
8.283975550000000077e-02,7.916651303837838813e-03
8.304045720000000075e-02,7.915101067590165143e-03
8.306551080000000586e-02,7.914907319586560880e-03
8.321567409999999776e-02,7.913744969713641317e-03
8.324067490000000569e-02,7.913551262026976077e-03
8.326566829999999808e-02,7.913357564398430105e-03
8.334060340000000455e-02,7.912776521009095079e-03
8.363967260000000625e-02,7.910452938834803410e-03
8.366454680000000310e-02,7.910259347616013445e-03
8.371427300000000571e-02,7.909872182453753578e-03
8.373912499999999759e-02,7.909678620323379317e-03
8.386327459999999567e-02,7.908710876873637288e-03
8.393767620000000540e-02,7.908130309148509937e-03
8.401201190000000263e-02,7.907549802273426340e-03
8.403677589999999920e-02,7.907356321869953367e-03
8.411102400000000645e-02,7.906775890088962172e-03
8.425932399999999656e-02,7.905615225406831606e-03
8.433337620000000423e-02,7.905034971082578951e-03
8.445665230000000412e-02,7.904068027745292380e-03
8.453053160000000010e-02,7.903487950966008035e-03
8.462893709999999570e-02,7.902714597409351074e-03
8.484993209999999730e-02,7.900974941125680703e-03
8.489896399999999343e-02,7.900588418327945256e-03
8.492346929999999849e-02,7.900395174140928400e-03
8.502141990000000593e-02,7.899622245139627588e-03
8.511925789999999492e-02,7.898849422295822764e-03
8.519256259999999359e-02,7.898269886118183467e-03
8.521698349999999589e-02,7.898076714534470189e-03
8.524139740000000187e-02,7.897883554365872291e-03
8.541209930000000228e-02,7.896531602933102786e-03
8.543645739999999877e-02,7.896338496237966659e-03
8.563107309999999639e-02,7.894793877937194074e-03
8.567965800000000576e-02,7.894407790098300140e-03
8.570394000000000623e-02,7.894214748976138146e-03
8.577674509999999586e-02,7.893635685939382959e-03
8.580099970000000520e-02,7.893442674700153899e-03
8.589794970000000363e-02,7.892670714071486904e-03
8.599479040000000685e-02,7.891898847339037099e-03
8.606734940000000667e-02,7.891320022792773156e-03
8.609152209999999805e-02,7.891127092316436997e-03
8.628466029999999620e-02,7.889583910089212684e-03
8.645330230000000671e-02,7.888233964676628213e-03
8.654952159999999839e-02,7.887462716155086220e-03
8.657355969999999679e-02,7.887269914184648692e-03
8.659759109999999593e-02,7.887077128601401380e-03
8.666964550000000322e-02,7.886498801643672049e-03
8.674163999999999486e-02,7.885920530145733992e-03
8.678960310000000122e-02,7.885535056742838667e-03
8.686149819999999799e-02,7.884956896701787732e-03
8.698119120000000204e-02,7.883993406021815725e-03
8.714848529999999482e-02,7.882644820330041158e-03
8.722008450000000301e-02,7.882066957287353626e-03
8.731545890000000365e-02,7.881296548326172102e-03
8.760095880000000335e-02,7.878985995006335813e-03
8.762470840000000094e-02,7.878793496015333228e-03
8.771964279999999725e-02,7.878023554594108108e-03
8.774336039999999781e-02,7.877831078785368923e-03
8.781447459999999761e-02,7.877253708640121269e-03
8.788553120000000551e-02,7.876676396723049367e-03
8.793287040000000165e-02,7.876291562522822268e-03
8.800383150000000432e-02,7.875714337433564402e-03
8.807473540000000656e-02,7.875137197177063675e-03
8.809835729999999920e-02,7.874944822196401281e-03
8.826353389999999632e-02,7.873598408849241670e-03
8.828710539999999607e-02,7.873406089550449849e-03
8.831067049999999363e-02,7.873213791840015865e-03
8.838132819999999779e-02,7.872636894223241158e-03
8.849896570000000129e-02,7.871675534860437043e-03
8.856947319999999846e-02,7.871098802690011664e-03
8.866339600000000543e-02,7.870329916458850342e-03
8.887435929999999706e-02,7.868600311612751128e-03
8.894456929999999817e-02,7.868023888682944972e-03
8.906146280000000470e-02,7.867063334992253215e-03
8.910817729999999381e-02,7.866679158937907659e-03
8.922485650000000490e-02,7.865718831759273277e-03
8.941122649999999616e-02,7.864182639147447584e-03
8.943449539999999420e-02,7.863990642548708207e-03
8.948101510000000536e-02,7.863606679503247487e-03
8.957398210000000471e-02,7.862838826478955184e-03
8.962042940000000679e-02,7.862454942177989764e-03
8.969005530000000170e-02,7.861879165078595327e-03
8.975962719999999728e-02,7.861303448510777170e-03
8.978280580000000399e-02,7.861111551067334613e-03
8.985230589999999851e-02,7.860535905037269178e-03
8.996801999999999577e-02,7.859576634586600344e-03
9.006048429999999327e-02,7.858809340012262723e-03
9.012977020000000061e-02,7.858233938292741305e-03
9.017593120000000351e-02,7.857850354470669388e-03
9.031427279999999780e-02,7.856699812529279944e-03
9.033730919999999331e-02,7.856508077700614934e-03
9.036033960000000587e-02,7.856316343120598247e-03
9.054437240000000331e-02,7.854782755872700625e-03
9.059032220000000357e-02,7.854399421865561337e-03
9.061328829999999723e-02,7.854207760990852133e-03
9.088842950000000642e-02,7.851908405624479642e-03
9.097995829999999673e-02,7.851142161304376296e-03
9.107139520000000210e-02,7.850376031788135547e-03
9.109424000000000687e-02,7.850184504606989508e-03
9.116274030000000306e-02,7.849609989452383321e-03
9.123118909999999859e-02,7.849035545111274562e-03
9.134515649999999654e-02,7.848078249543272850e-03
9.143622810000000267e-02,7.847312529886782406e-03
9.161809969999999692e-02,7.845781430277894500e-03
9.164080830000000122e-02,7.845590068317507410e-03
9.168620859999999928e-02,7.845207363868749242e-03
9.179961109999999758e-02,7.844250731544889430e-03
9.182227469999999780e-02,7.844059434977016659e-03
9.189023229999999931e-02,7.843485554143775004e-03
9.200338330000000509e-02,7.842529217762697624e-03
9.204860469999999462e-02,7.842146726513543262e-03
9.216156120000000562e-02,7.841190617833554768e-03
9.218413590000000546e-02,7.840999412556053094e-03
9.225182690000000019e-02,7.840425847161981016e-03
9.231946820000000442e-02,7.839852335030591396e-03
9.236453490000000321e-02,7.839470037585748174e-03
9.243209369999999536e-02,7.838896632690293964e-03
9.249960320000000236e-02,7.838323276391317290e-03
9.252209549999999838e-02,7.838132186688509528e-03
9.261200969999999755e-02,7.837367844053238358e-03
9.272427989999999787e-02,7.836412544941679520e-03
9.279157679999999742e-02,7.835839455718942442e-03
9.290363000000000093e-02,7.834884445447061474e-03
9.303791570000000122e-02,7.833738631151837203e-03
9.306027779999999361e-02,7.833547685744457478e-03
9.312733189999999883e-02,7.832974888499601510e-03
9.321666239999999715e-02,7.832211256272205227e-03
9.323898160000000657e-02,7.832020370954366484e-03
9.341734349999999965e-02,7.830493455625666538e-03
9.343961480000000097e-02,7.830302620293067700e-03
9.359536559999999394e-02,7.828966980182799212e-03
9.361759449999999816e-02,7.828776203139086245e-03
9.377304960000000522e-02,7.827440905523938564e-03
9.383959440000000374e-02,7.826868758094350162e-03
9.386176549999999952e-02,7.826678040430062183e-03
9.392824739999999784e-02,7.826105954757843833e-03
9.397254260000000026e-02,7.825724592395813875e-03
9.403894620000000093e-02,7.825152608107588739e-03
9.412741149999999390e-02,7.824390043045024654e-03
9.419370589999999377e-02,7.823818202702130867e-03
9.430409309999999989e-02,7.822865235141298820e-03
9.432615499999999487e-02,7.822674673088669817e-03
9.439230989999999877e-02,7.822103007150969442e-03
9.450246499999999383e-02,7.821150339929467191e-03
9.463448200000000587e-02,7.820007374375275919e-03
9.465646689999999974e-02,7.819816885589593244e-03
9.483216279999999443e-02,7.818293349721585489e-03
9.489796490000000639e-02,7.817722123608306789e-03
9.491988880000000461e-02,7.817531733416923506e-03
9.500753380000000192e-02,7.816770224900721972e-03
9.509509800000000290e-02,7.816008809819965583e-03
9.516071830000000231e-02,7.815437822122274503e-03
9.520444000000000129e-02,7.815057193147928460e-03
9.524814160000000252e-02,7.814676603050740855e-03
9.537912649999999437e-02,7.813534956047637342e-03
9.550993169999999477e-02,7.812393563745761819e-03
9.555349359999999737e-02,7.812013150766138753e-03
9.559703569999999928e-02,7.811632748238419785e-03
9.561879930000000138e-02,7.811442572496465203e-03
9.579273010000000088e-02,7.809921326212136347e-03
9.587957719999999628e-02,7.809160873820164550e-03
9.590127669999999604e-02,7.808970763063007026e-03
9.596634569999999698e-02,7.808400513334991765e-03
9.603137069999999331e-02,7.807830308415057360e-03
9.607469620000000377e-02,7.807450209702782550e-03
9.613964780000000543e-02,7.806880099956710860e-03
9.622618180000000465e-02,7.806120050950511764e-03
9.629103129999999622e-02,7.805550074745534923e-03
9.642059930000000667e-02,7.804410335095393614e-03
9.648531809999999487e-02,7.803840541532799761e-03
9.665768969999999349e-02,7.802321381101600013e-03
9.672224980000000694e-02,7.801751803109714146e-03
9.674376029999999516e-02,7.801561955516712020e-03
9.676526600000000256e-02,7.801372120177619586e-03
9.691567219999999705e-02,7.800043426136532738e-03
9.693713980000000230e-02,7.799853655506771948e-03
9.698006060000000095e-02,7.799474096120274751e-03
9.717296979999999473e-02,7.797766415056605650e-03
9.725858440000000049e-02,7.797007638027163116e-03
9.732274600000000164e-02,7.796438595556764647e-03
9.742958790000000313e-02,7.795490355784913221e-03
9.751497720000000535e-02,7.794731869730508154e-03
9.762160879999999541e-02,7.793783918644352736e-03
9.768553189999999720e-02,7.793215216392685059e-03
9.777069770000000604e-02,7.792457050888023859e-03
9.791955950000000297e-02,7.791130516442705718e-03
9.794080700000000472e-02,7.790941026423569074e-03
9.796204990000000057e-02,7.790751545212504757e-03
9.800452190000000230e-02,7.790372633394154235e-03
9.802575099999999431e-02,7.790183175556341169e-03
9.808941070000000428e-02,7.789614843215175895e-03
9.811062140000000042e-02,7.789425425961940194e-03
9.813182759999999893e-02,7.789235989049902997e-03
9.825896829999999915e-02,7.788099598447357358e-03
9.844937149999999360e-02,7.786395445913402331e-03
9.847050470000000277e-02,7.786206125151487641e-03
9.853387700000000582e-02,7.785638208794153949e-03
9.859720869999999415e-02,7.785070354495713003e-03
9.868158759999999530e-02,7.784313307423647472e-03
9.870267110000000010e-02,7.784124062172046062e-03
9.876589439999999831e-02,7.783556348774133340e-03
9.887117689999999626e-02,7.782610321795065990e-03
9.895532220000000101e-02,7.781853615927753279e-03
9.903939609999999616e-02,7.781096992285340200e-03
9.914438809999999436e-02,7.780151374853806756e-03
9.927023199999999992e-02,7.779016868854267755e-03
9.935403930000000217e-02,7.778260643037033725e-03
9.945869920000000031e-02,7.777315509620878406e-03
9.947961800000000576e-02,7.777126506221169674e-03
9.954234789999999444e-02,7.776559514682748406e-03
9.960503830000000391e-02,7.775992595851116511e-03
9.962592630000000060e-02,7.775803642256024807e-03
9.964681000000000233e-02,7.775614688989145387e-03
9.970943470000000197e-02,7.775047858952352162e-03
9.979287320000000683e-02,7.774292179450128723e-03
9.995954120000000165e-02,7.772781163336983136e-03
9.998035519999999565e-02,7.772592312664906161e-03
1.000219702000000044e-01,7.772214627217341812e-03
1.000427710999999970e-01,7.772025789990505418e-03
1.001467112000000020e-01,7.771081730985342564e-03
1.002920464000000011e-01,7.769760329996253968e-03
1.003542684999999962e-01,7.769194094198625562e-03
1.003750006000000000e-01,7.769005359785317692e-03
1.004578862999999933e-01,7.768250524585533848e-03
1.004785970000000028e-01,7.768061839817942335e-03
1.006441294999999986e-01,7.766552504327953015e-03
1.007061340000000027e-01,7.765986619398194957e-03
1.007681004000000047e-01,7.765420772689751901e-03
1.007887474000000033e-01,7.765232168121877915e-03
1.009331579999999950e-01,7.763912178389383544e-03
1.009743802999999995e-01,7.763535088177744847e-03
1.010155856999999935e-01,7.763158013185743334e-03
1.011391013000000061e-01,7.762026987167019131e-03
1.012830123999999971e-01,7.760707762271125930e-03
1.013035545000000037e-01,7.760519323763352510e-03
1.013446261000000015e-01,7.760142460912699755e-03
1.014472322999999954e-01,7.759200457233128914e-03
1.014677410999999946e-01,7.759012060320454388e-03
1.015292426999999942e-01,7.758446950873753439e-03
1.016316624999999974e-01,7.757505219636301810e-03
1.018566236999999958e-01,7.755433974139811296e-03
1.019587146000000000e-01,7.754492770631854319e-03
1.019995224000000006e-01,7.754116328446633739e-03
1.020199202000000027e-01,7.753928127994772976e-03
1.020810889999999999e-01,7.753363537022218456e-03
1.021829558000000027e-01,7.752422670416769107e-03
1.022440270999999956e-01,7.751858222827172004e-03
1.023253987999999948e-01,7.751105739840906741e-03
1.024270225000000062e-01,7.750165249899636406e-03
1.024473352000000032e-01,7.749977186458213360e-03
1.025082489999999957e-01,7.749412998245303053e-03
1.025894110999999997e-01,7.748660846945431419e-03
1.026705091000000014e-01,7.747908781862468397e-03
1.027312905999999970e-01,7.747344824710416904e-03
1.029134196000000001e-01,7.745653237742332678e-03
1.029740576000000019e-01,7.745089489088717583e-03
1.029942623999999946e-01,7.744901607856167526e-03
1.030952267999999949e-01,7.743962184129826037e-03
1.031557580000000002e-01,7.743398618283339752e-03
1.032162536999999963e-01,7.742835113598358146e-03
1.032364110999999945e-01,7.742647277442683482e-03
1.032968595999999989e-01,7.742083863681296051e-03
1.034176504999999996e-01,7.740957164766180433e-03
1.035784859999999974e-01,7.739455257340503193e-03
1.036387349999999957e-01,7.738892160282354049e-03
1.038593488000000009e-01,7.736827924998895996e-03
1.038793813000000038e-01,7.736640322908531868e-03
1.038994099999999976e-01,7.736452695448540334e-03
1.039594729999999967e-01,7.735889918202845487e-03
1.040195012999999974e-01,7.735327171834623095e-03
1.040395030000000054e-01,7.735139608428929017e-03
1.040595009000000043e-01,7.734952060416843203e-03
1.041194715000000048e-01,7.734389406754510650e-03
1.041993786000000033e-01,7.733639305237076551e-03
1.042193458000000017e-01,7.733451797137019280e-03
1.042592687999999990e-01,7.733076791478343988e-03
1.043590092999999996e-01,7.732139427968422705e-03
1.044387331999999946e-01,7.731389632741426932e-03
1.044984860999999959e-01,7.730827335853982657e-03
1.045383024999999994e-01,7.730452538255281995e-03
1.045781035999999997e-01,7.730077738433827235e-03
1.046775404000000048e-01,7.729140857559397421e-03
1.047570218000000025e-01,7.728391498407756292e-03
1.048562888999999970e-01,7.727454893419316746e-03
1.048959693999999970e-01,7.727080325514013200e-03
1.049158040000000014e-01,7.726893029462290549e-03
1.050149209999999972e-01,7.725956710010986606e-03
1.051535277999999934e-01,7.724646127545225192e-03
1.052919521000000025e-01,7.723335841203697420e-03
1.053117120999999962e-01,7.723148693719301613e-03
1.053907153000000069e-01,7.722400133189652807e-03
1.055485441999999968e-01,7.720903310818284619e-03
1.056470674999999970e-01,7.719968035634918423e-03
1.057848460000000018e-01,7.718658861504088323e-03
1.058045140000000023e-01,7.718471875303450566e-03
1.058438389999999951e-01,7.718097901327745231e-03
1.058634960999999958e-01,7.717910927013983506e-03
1.059224453000000010e-01,7.717350044500762875e-03
1.060206211000000037e-01,7.716415348151173595e-03
1.060794830000000022e-01,7.715854613277151573e-03
1.060990963999999953e-01,7.715667709541522597e-03
1.061579148000000028e-01,7.715107061584986804e-03
1.062558730999999951e-01,7.714172753886599024e-03
1.063928632000000069e-01,7.712864980168980533e-03
1.064319707999999975e-01,7.712491398702915439e-03
1.064906052999999991e-01,7.711931052682371480e-03
1.065687344999999980e-01,7.711184043334013728e-03
1.067443161000000001e-01,7.709503592161766165e-03
1.067832950000000003e-01,7.709130239995776526e-03
1.068027790999999949e-01,7.708943564962206577e-03
1.068806801000000001e-01,7.708196959519583204e-03
1.069001465000000012e-01,7.708010303499782112e-03
1.069585242999999963e-01,7.707450431400345373e-03
1.070363119999999946e-01,7.706704044351648207e-03
1.070557500000000051e-01,7.706517436678891365e-03
1.070946155999999982e-01,7.706144285905607190e-03
1.072111278000000001e-01,7.705024981836701772e-03
1.073275134000000047e-01,7.703905912388164627e-03
1.073662806000000025e-01,7.703532921723282682e-03
1.075018556999999958e-01,7.702227700006630644e-03
1.076565896000000050e-01,7.700736423124670410e-03
1.077145573999999939e-01,7.700177283236569505e-03
1.077338731000000022e-01,7.699990931189662144e-03
1.077917994999999934e-01,7.699431867900475950e-03
1.078882741999999950e-01,7.698500255819976795e-03
1.079653919999999934e-01,7.697755062414997351e-03
1.080231942000000056e-01,7.697196250204687597e-03
1.081194624000000049e-01,7.696264993837095489e-03
1.081387057999999984e-01,7.696078766729572487e-03
1.081964153999999956e-01,7.695520114153663049e-03
1.082733136999999984e-01,7.694775320194318161e-03
1.082925297000000009e-01,7.694589171581006290e-03
1.084077544000000004e-01,7.693472220369826364e-03
1.084269466000000043e-01,7.693286086644329433e-03
1.084461354000000044e-01,7.693099961755048115e-03
1.085803620999999941e-01,7.691797235034433973e-03
1.085995238000000002e-01,7.691611165712309434e-03
1.086378370999999954e-01,7.691239015112772033e-03
1.086569886000000040e-01,7.691052954120806105e-03
1.087526959000000015e-01,7.690122773814297985e-03
1.088100798000000008e-01,7.689564737394479974e-03
1.088674334999999993e-01,7.689006761225660597e-03
1.089629559000000053e-01,7.688076893234478855e-03
1.090393136000000068e-01,7.687333151641828621e-03
1.090583945999999971e-01,7.687147235448272935e-03
1.091156177999999949e-01,7.686589488650049859e-03
1.092109230999999958e-01,7.685660045074862654e-03
1.093442109999999967e-01,7.684359121503244947e-03
1.094773366000000026e-01,7.683058488359868592e-03
1.095723272999999942e-01,7.682129660494274072e-03
1.096292821999999972e-01,7.681572428256453963e-03
1.096672357000000042e-01,7.681200996073522282e-03
1.097810174999999944e-01,7.680086786243425431e-03
1.097999696000000053e-01,7.679901112813009197e-03
1.098568065000000010e-01,7.679344133027175487e-03
1.099703920999999945e-01,7.678230304734046455e-03
1.100271409999999950e-01,7.677673511328598696e-03
1.101594412999999939e-01,7.676374488957317908e-03
1.101783283000000030e-01,7.676188939028182057e-03
1.102349700999999960e-01,7.675632311645841019e-03
1.103293085000000007e-01,7.674704754356693505e-03
1.104047211000000056e-01,7.673962819051387795e-03
1.104235662999999978e-01,7.673777354932143253e-03
1.104612467999999958e-01,7.673406450627943617e-03
1.105742115999999997e-01,7.672293827506867017e-03
1.106306506999999995e-01,7.671737633900109141e-03
1.108373482000000049e-01,7.669698683190375767e-03
1.108561197000000054e-01,7.669513356733240368e-03
1.109311741999999962e-01,7.668772111478348169e-03
1.109874317999999943e-01,7.668216266656348312e-03
1.110249209999999986e-01,7.667845736671111655e-03
1.110811310999999940e-01,7.667289976406136374e-03
1.111560337000000037e-01,7.666549040319980794e-03
1.113056877000000028e-01,7.665067509421605828e-03
1.113243802999999976e-01,7.664882365797010336e-03
1.113617560000000062e-01,7.664512051269932805e-03
1.114364699999999958e-01,7.663771505099210499e-03
1.114738081999999963e-01,7.663401261232245278e-03
1.115297920000000026e-01,7.662845956493906374e-03
1.116043934999999959e-01,7.662105656933857790e-03
1.116789450999999961e-01,7.661365460248803320e-03
1.117534470000000058e-01,7.660625336635135466e-03
1.118278993000000054e-01,7.659885321770785321e-03
1.120323877999999940e-01,7.657850818444556819e-03
1.121994194000000000e-01,7.656186785146202115e-03
1.122179632000000066e-01,7.656001934653125680e-03
1.122550414000000052e-01,7.655632230654294164e-03
1.122735759000000055e-01,7.655447392270218164e-03
1.123476835000000035e-01,7.654708073515799870e-03
1.123662027999999952e-01,7.654523284154297197e-03
1.124217421999999938e-01,7.653968891517936440e-03
1.124957521999999932e-01,7.653229794765556426e-03
1.125142469999999978e-01,7.653045012402413978e-03
1.125512277000000061e-01,7.652675500285577130e-03
1.126436261999999994e-01,7.651751863596861596e-03
1.126620968000000000e-01,7.651567164577760018e-03
1.128466364999999999e-01,7.649720420594364502e-03
1.128650739000000014e-01,7.649535799792773517e-03
1.129387933000000066e-01,7.648797292172986907e-03
1.131044863999999955e-01,7.647136038445507752e-03
1.131412740999999944e-01,7.646766937876450267e-03
1.131596634999999934e-01,7.646582392886797606e-03
1.133066709999999977e-01,7.645106321621140781e-03
1.133617497000000002e-01,7.644552879086034640e-03
1.133801033000000069e-01,7.644368440192532942e-03
1.134351462999999977e-01,7.643815056167290421e-03
1.135451522999999935e-01,7.642708542202478889e-03
1.136550518000000037e-01,7.641602228801981644e-03
1.136916614000000048e-01,7.641233522117686638e-03
1.137465535999999944e-01,7.640680463518435828e-03
1.138014194000000062e-01,7.640127509703290888e-03
1.138379818999999959e-01,7.639758865943071554e-03
1.139658583000000003e-01,7.638468894505215379e-03
1.140388660999999970e-01,7.637731923502620764e-03
1.141300601999999942e-01,7.636810829996561883e-03
1.141847416999999948e-01,7.636258248974138983e-03
1.142393970000000064e-01,7.635705751316605727e-03
1.142576096000000041e-01,7.635521589502276135e-03
1.143122300999999952e-01,7.634969125337432404e-03
1.143304311000000045e-01,7.634784995291855371e-03
1.144032063000000043e-01,7.634048500337880551e-03
1.144213927999999936e-01,7.633864410649661598e-03
1.145304515000000051e-01,7.632759915744483960e-03
1.146938450999999970e-01,7.631103571922063719e-03
1.148388887000000025e-01,7.629631720807271943e-03
1.148570062999999947e-01,7.629447748921039905e-03
1.148932327999999947e-01,7.629079875713962698e-03
1.149656517000000044e-01,7.628344150773596309e-03
1.149837492999999933e-01,7.628160242917162229e-03
1.150561112000000052e-01,7.627424649719971236e-03
1.151284276999999939e-01,7.626689189714022134e-03
1.151826351999999942e-01,7.626137641029030918e-03
1.152909738000000017e-01,7.625034733784155118e-03
1.153992105999999962e-01,7.623932032740865505e-03
1.154352669999999942e-01,7.623564494425531975e-03
1.154713121999999953e-01,7.623197012313317859e-03
1.154893305000000009e-01,7.623013284571352258e-03
1.155433686999999959e-01,7.622462101384471118e-03
1.155613758999999990e-01,7.622278412695879767e-03
1.157053318999999997e-01,7.620808968981436504e-03
1.157233138000000050e-01,7.620625280511275461e-03
1.157772427999999992e-01,7.620074385610971224e-03
1.158670687000000060e-01,7.619156287966740923e-03
1.159209308000000022e-01,7.618605510868028952e-03
1.159747678999999976e-01,7.618054782652455836e-03
1.159927079999999999e-01,7.617871232598213277e-03
1.160465118000000018e-01,7.617320613050161324e-03
1.161182114000000043e-01,7.616586500692095266e-03
1.161540446000000060e-01,7.616219470542359010e-03
1.162793738999999965e-01,7.614935149447000541e-03
1.162972671000000041e-01,7.614751678981796466e-03
1.163509300000000052e-01,7.614201371523614953e-03
1.164224420999999954e-01,7.613467688240406137e-03
1.164403133000000007e-01,7.613284289724342284e-03
1.165653348000000034e-01,7.612000621262137064e-03
1.166902222999999933e-01,7.610717255705349606e-03
1.167258798999999958e-01,7.610350677445702067e-03
1.167793458999999978e-01,7.609800783257136131e-03
1.168327873999999988e-01,7.609250971324334895e-03
1.168505957999999983e-01,7.609067700155497556e-03
1.169040048000000026e-01,7.608517953625520969e-03
1.169218023000000023e-01,7.608334726870394187e-03
1.170640854000000036e-01,7.606869060525873853e-03
1.171529245999999996e-01,7.605953238679598154e-03
1.172061957999999959e-01,7.605403800531009700e-03
1.172771863999999969e-01,7.604671329930734990e-03
1.174190388000000002e-01,7.603206691633164309e-03
1.174367582999999993e-01,7.603023627245002018e-03
1.174721893000000017e-01,7.602657532857358576e-03
1.175607201000000018e-01,7.601742394990332850e-03
1.176845512999999954e-01,7.600461498448981071e-03
1.177022308000000017e-01,7.600278547661137168e-03
1.177199077000000010e-01,7.600095602213294277e-03
1.177552535000000039e-01,7.599729718616826148e-03
1.178612272999999960e-01,7.598632183161120948e-03
1.179141783999999998e-01,7.598083493091236512e-03
1.180552655000000062e-01,7.596620653586379571e-03
1.181961841000000041e-01,7.595158177358206537e-03
1.182665804000000015e-01,7.594427102067536663e-03
1.182841728999999981e-01,7.594244319927988610e-03
1.183193502000000064e-01,7.593878836686423356e-03
1.183369348999999959e-01,7.593696108963150608e-03
1.183896732999999979e-01,7.593147954920610211e-03
1.184248192000000033e-01,7.592782513416710365e-03
1.184775183999999953e-01,7.592234457267608115e-03
1.186003924000000043e-01,7.590955799065821248e-03
1.186880815999999950e-01,7.590042670617297774e-03
1.187056117000000049e-01,7.589860075443051468e-03
1.187581862999999988e-01,7.589312309150685054e-03
1.188107377000000020e-01,7.588764572850301496e-03
1.188282496999999993e-01,7.588581999813137288e-03
1.188457591000000035e-01,7.588399424010519416e-03
1.189507612999999991e-01,7.587304237950441912e-03
1.191604881999999976e-01,7.585114468897223572e-03
1.191779488000000026e-01,7.584932068999256788e-03
1.192652134000000003e-01,7.584019963583158580e-03
1.193872765999999946e-01,7.582743270071425588e-03
1.194395511999999937e-01,7.582196234663727066e-03
1.195266247000000004e-01,7.581284574029048887e-03
1.195440318000000057e-01,7.581102261881547850e-03
1.196831975000000048e-01,7.579644019688362017e-03
1.197353428999999997e-01,7.579097293389075105e-03
1.198048347999999957e-01,7.578368371131118282e-03
1.199436978999999931e-01,7.576910872305040769e-03
1.199957301000000032e-01,7.576364428923844721e-03
1.200130692000000027e-01,7.576182279594327607e-03
1.200650713000000064e-01,7.575635924913628159e-03
1.200997268999999951e-01,7.575271683913339764e-03
1.201516915000000046e-01,7.574725367466210273e-03
1.202382493999999968e-01,7.573815036291064139e-03
1.203593257999999999e-01,7.572540797680426053e-03
1.203766123999999993e-01,7.572358786738766535e-03
1.204284575999999968e-01,7.571812771776302402e-03
1.204802804999999949e-01,7.571266819753502166e-03
1.205148166999999992e-01,7.570902902696043796e-03
1.205493428999999950e-01,7.570538993161274495e-03
1.206356155000000013e-01,7.569629357093998062e-03
1.207045890999999954e-01,7.568901720534073653e-03
1.207735233000000047e-01,7.568174216352968955e-03
1.207907507000000047e-01,7.567992380182854764e-03
1.208251981000000030e-01,7.567628667941761651e-03
1.208424181999999958e-01,7.567446809446566440e-03
1.209800902000000011e-01,7.565992300865383505e-03
1.211004249000000033e-01,7.564719876537942186e-03
1.211691339000000034e-01,7.563992925361005121e-03
1.211863051000000024e-01,7.563811209374781547e-03
1.212034738000000028e-01,7.563629512878791185e-03
1.212549653999999977e-01,7.563084423522346833e-03
1.213064352000000068e-01,7.562539349852838606e-03
1.213407361999999934e-01,7.562176024407345383e-03
1.213921696000000022e-01,7.561631062395158566e-03
1.214607136000000059e-01,7.560904547884612047e-03
1.214778435000000018e-01,7.560722905289932183e-03
1.216147962999999943e-01,7.559270226826083836e-03
1.216661138000000031e-01,7.558725548471160495e-03
1.217174097000000010e-01,7.558180956779547363e-03
1.217515948999999958e-01,7.557817924328986275e-03
1.219394424999999949e-01,7.555821653650561520e-03
1.220076789999999939e-01,7.555095915272598550e-03
1.220247321999999995e-01,7.554914472932774787e-03
1.220758774000000046e-01,7.554370295799739225e-03
1.222121599000000058e-01,7.552919301241264524e-03
1.222632267000000050e-01,7.552375284257669547e-03
1.222802442999999933e-01,7.552193955299791109e-03
1.223993007000000049e-01,7.550924852202698691e-03
1.224162993000000033e-01,7.550743592529488533e-03
1.224332954999999973e-01,7.550562329132448104e-03
1.224672809999999973e-01,7.550199795492751158e-03
1.225522032999999955e-01,7.549293616586616289e-03
1.225691807000000022e-01,7.549112378823272414e-03
1.226200987999999936e-01,7.548568722237630237e-03
1.226709956999999934e-01,7.548025199523119254e-03
1.226879567000000032e-01,7.547843974363506805e-03
1.227388254999999956e-01,7.547300508597667296e-03
1.228235601000000066e-01,7.546394797918818363e-03
1.228405000000000052e-01,7.546213656002672722e-03
1.230097705999999985e-01,7.544402811990380715e-03
1.230266849000000023e-01,7.544221711503997473e-03
1.231619152999999939e-01,7.542773511048815258e-03
1.232294748999999967e-01,7.542049570785769666e-03
1.232463589999999998e-01,7.541868582989159735e-03
1.232969973999999969e-01,7.541325688434723923e-03
1.233476151000000021e-01,7.540782844124543915e-03
1.234824939999999982e-01,7.539335600829682321e-03
1.234993434999999973e-01,7.539154690071277198e-03
1.236340570000000055e-01,7.537707834456729671e-03
1.237013586999999998e-01,7.536984598096302564e-03
1.237686238000000050e-01,7.536261429182630235e-03
1.238862498000000006e-01,7.534996097953842488e-03
1.239198366999999940e-01,7.534634617939398558e-03
1.240373193999999984e-01,7.533369670553308022e-03
1.240540935000000039e-01,7.533188985849578745e-03
1.240876350000000017e-01,7.532827664539258443e-03
1.241044023999999940e-01,7.532647002402380332e-03
1.241882051999999986e-01,7.531743784775558372e-03
1.242384596999999979e-01,7.531201921789655411e-03
1.242886938999999968e-01,7.530660131022778349e-03
1.243556412999999999e-01,7.529937791659668811e-03
1.244392748999999937e-01,7.529035080059641970e-03
1.244559949000000054e-01,7.528854551218829884e-03
1.245061412999999978e-01,7.528312967750862630e-03
1.245562676000000063e-01,7.527771440724370135e-03
1.245896739000000031e-01,7.527410482272823243e-03
1.246397665999999932e-01,7.526869068659814213e-03
1.247065254999999984e-01,7.526147283286518767e-03
1.248232677000000040e-01,7.524884365670014147e-03
1.248566024999999968e-01,7.524523593596041220e-03
1.248899284999999970e-01,7.524162792148091083e-03
1.249898531000000063e-01,7.523080693961557187e-03
1.250397853999999920e-01,7.522539724223981962e-03
1.251063309000000068e-01,7.521818508787335607e-03
1.251562167999999975e-01,7.521277671519333886e-03
1.252393156999999924e-01,7.520376394154168129e-03
1.252559289000000076e-01,7.520196137434646821e-03
1.253887550999999989e-01,7.518754444239447200e-03
1.255048625999999889e-01,7.517493279808343254e-03
1.255711616000000086e-01,7.516772726020090958e-03
1.256374255999999912e-01,7.516052303611172290e-03
1.256871006999999985e-01,7.515512058292816121e-03
1.257036547000000004e-01,7.515331960728961758e-03
1.257863919999999969e-01,7.514431728531361342e-03
1.258360081999999880e-01,7.513891619080907171e-03
1.259021328999999911e-01,7.513171554099598581e-03
1.259517035000000118e-01,7.512631599794087310e-03
1.260177674000000081e-01,7.511911722474241479e-03
1.261002985999999937e-01,7.511012055374395244e-03
1.261662846999999921e-01,7.510292380330074735e-03
1.261827758000000077e-01,7.510112466536825876e-03
1.262981534000000017e-01,7.508853360612301533e-03
1.264463413999999952e-01,7.507234972929564820e-03
1.264792483999999939e-01,7.506875404184558745e-03
1.264956988000000004e-01,7.506695597305943282e-03
1.265450368999999908e-01,7.506156302815641425e-03
1.266272243999999880e-01,7.505257589763883984e-03
1.266765113999999970e-01,7.504718415157085425e-03
1.267421974000000062e-01,7.503999608437179891e-03
1.268242572000000123e-01,7.503101252034100922e-03
1.268406628000000036e-01,7.502921581923419243e-03
1.268898668000000007e-01,7.502382669292389020e-03
1.269390516999999996e-01,7.501843770917601684e-03
1.269718310999999877e-01,7.501484567730328998e-03
1.270209843000000005e-01,7.500945790977572684e-03
1.270701184999999955e-01,7.500407080418846663e-03
1.270864922999999924e-01,7.500227526115813177e-03
1.272174071999999934e-01,7.498791252407345335e-03
1.272337621000000085e-01,7.498611728419778133e-03
1.272828141000000024e-01,7.498073259810189919e-03
1.273481874999999874e-01,7.497355328867200651e-03
1.273645256000000003e-01,7.497175874597485599e-03
1.274625101000000094e-01,7.496099240203350257e-03
1.275277914000000068e-01,7.495381661814025202e-03
1.276745521000000050e-01,7.493767346017398898e-03
1.277234348000000075e-01,7.493229327272412851e-03
1.277560128999999933e-01,7.492870693326287440e-03
1.277885826999999863e-01,7.492512106441745826e-03
1.278048645000000039e-01,7.492332803303677902e-03
1.278699709999999989e-01,7.491615662263219171e-03
1.280488429999999955e-01,7.489644100622973658e-03
1.281138253999999921e-01,7.488927353494692109e-03
1.281463043000000135e-01,7.488569029846509420e-03
1.283896338999999942e-01,7.485882223665962613e-03
1.284544438999999927e-01,7.485165983501027367e-03
1.285192213000000139e-01,7.484449870076044856e-03
1.285354105000000025e-01,7.484270822510723058e-03
1.285839659999999940e-01,7.483733791385433105e-03
1.286486780999999968e-01,7.483017840460372098e-03
1.286648511000000050e-01,7.482838875908614205e-03
1.287780048000000122e-01,7.481586222297999592e-03
1.287941615000000040e-01,7.481407283975920718e-03
1.288264688999999907e-01,7.481049486946909910e-03
1.288426195000000052e-01,7.480870557940188549e-03
1.289233422999999934e-01,7.479976145300782850e-03
1.290201430000000038e-01,7.478902980649858138e-03
1.290362693999999866e-01,7.478724126938675679e-03
1.291007547999999949e-01,7.478008883778868195e-03
1.291813162999999876e-01,7.477114929359019412e-03
1.292296290999999930e-01,7.476578639314715967e-03
1.293101103000000029e-01,7.475684930647951733e-03
1.293583749999999977e-01,7.475148721798376313e-03
1.295512538999999963e-01,7.473004674769489521e-03
1.295673142000000055e-01,7.472826011038388207e-03
1.295994287999999994e-01,7.472468769778671700e-03
1.296636341000000081e-01,7.471754360831296855e-03
1.296796805000000052e-01,7.471575767899381500e-03
1.297438461000000043e-01,7.470861447961415006e-03
1.298079799999999895e-01,7.470147228718561350e-03
1.298240085000000044e-01,7.469968713188657010e-03
1.298560595999999900e-01,7.469611619973373119e-03
1.299361528000000099e-01,7.468719113903340284e-03
1.299521654999999942e-01,7.468540594683092775e-03
1.301121842999999889e-01,7.466756035698280877e-03
1.301281753000000097e-01,7.466577662608637513e-03
1.301761367000000003e-01,7.466042391068867384e-03
1.301921198999999862e-01,7.465863987715591274e-03
1.303358805000000009e-01,7.464258686786950751e-03
1.303678057000000057e-01,7.463902030056514258e-03
1.304635345999999863e-01,7.462832165572739519e-03
1.305113727999999973e-01,7.462297301568001154e-03
1.305591932999999871e-01,7.461762539451645936e-03
1.305751296999999866e-01,7.461584263897009552e-03
1.306229268999999915e-01,7.461049536466309723e-03
1.307025501999999895e-01,7.460158445982765195e-03
1.307184690000000038e-01,7.459980241606185315e-03
1.308139412999999862e-01,7.458911201513013234e-03
1.308298465000000133e-01,7.458733036887987833e-03
1.308457499000000024e-01,7.458554846328656514e-03
1.309570191999999966e-01,7.457307991946854342e-03
1.309729071000000078e-01,7.457129843290458138e-03
1.310840685000000116e-01,7.455883319786026607e-03
1.311316801999999893e-01,7.455349198394236807e-03
1.311475470000000032e-01,7.455171147659003100e-03
1.312268518999999967e-01,7.454281060016045186e-03
1.312744117999999904e-01,7.453747028962501818e-03
1.313377983000000027e-01,7.453035158687796626e-03
1.313853181000000092e-01,7.452501286067302055e-03
1.314011542000000088e-01,7.452323350506048077e-03
1.314644795999999893e-01,7.451611629237644106e-03
1.315277744999999998e-01,7.450900050876147797e-03
1.315752256000000120e-01,7.450366418549664478e-03
1.316068501999999862e-01,7.450010689201260264e-03
1.316542729000000078e-01,7.449477125767543437e-03
1.317016785000000023e-01,7.448943647026379927e-03
1.318280101000000037e-01,7.447521241304807214e-03
1.318437929999999869e-01,7.447343494151238523e-03
1.318595740999999877e-01,7.447165677497810839e-03
1.319069059000000099e-01,7.446632414987464435e-03
1.321118145000000077e-01,7.444322278291223144e-03
1.321433106999999885e-01,7.443966963144626331e-03
1.322220182999999938e-01,7.443078709175052557e-03
1.322849506999999869e-01,7.442368288070718742e-03
1.323635740999999921e-01,7.441480346265257236e-03
1.323950104000000128e-01,7.441125202671856551e-03
1.324735684999999996e-01,7.440237529801116759e-03
1.325991646999999940e-01,7.438817462566907866e-03
1.326148558999999949e-01,7.438640018873269970e-03
1.326619182000000063e-01,7.438107620661109538e-03
1.327089637999999960e-01,7.437575212707324065e-03
1.327403182999999931e-01,7.437220378474064184e-03
1.328343374000000021e-01,7.436155920318241602e-03
1.328500008000000066e-01,7.435978567432890811e-03
1.328969798999999896e-01,7.435446418136445676e-03
1.329908881999999903e-01,7.434382308876153617e-03
1.330378174999999885e-01,7.433850320930241243e-03
1.331159962000000030e-01,7.432963871576675312e-03
1.331628814999999966e-01,7.432432063092763753e-03
1.332097502000000044e-01,7.431900243276675679e-03
1.332253693999999877e-01,7.431723027693452888e-03
1.333502575000000134e-01,7.430305265754283926e-03
1.333658601999999915e-01,7.430128119922257274e-03
1.333970603000000088e-01,7.429773725224426278e-03
1.334906168999999976e-01,7.428710752518024284e-03
1.335373705000000022e-01,7.428179382622936838e-03
1.335996832999999939e-01,7.427470980809187592e-03
1.336463988000000103e-01,7.426939686945662270e-03
1.336619671000000009e-01,7.426762623451568096e-03
1.337242217999999871e-01,7.426054364044478232e-03
1.338330979000000032e-01,7.424815130551250773e-03
1.338641891000000028e-01,7.424461183376450564e-03
1.340971431999999908e-01,7.421806885583167972e-03
1.341126591000000035e-01,7.421629974951015653e-03
1.341591960000000083e-01,7.421099302701808509e-03
1.342057167000000051e-01,7.420568695102111069e-03
1.342212201000000105e-01,7.420391808072048651e-03
1.342367215999999974e-01,7.420214963724911135e-03
1.343451823000000045e-01,7.418977115883517402e-03
1.343606696000000100e-01,7.418800323819474407e-03
1.344845033000000023e-01,7.417386105869699063e-03
1.345309115999999972e-01,7.416855815687361381e-03
1.345773037999999922e-01,7.416325675655342092e-03
1.346391352999999902e-01,7.415618852900102663e-03
1.346545888000000024e-01,7.415442158331596485e-03
1.347009383999999976e-01,7.414912080592377455e-03
1.347163848000000053e-01,7.414735385375822822e-03
1.347781523999999898e-01,7.414028784137946006e-03
1.348398918000000002e-01,7.413322273848811650e-03
1.348861778000000067e-01,7.412792455377529600e-03
1.349016029000000005e-01,7.412615828361142703e-03
1.350249404999999958e-01,7.411203255918764367e-03
1.350711631000000024e-01,7.410673620307888822e-03
1.350865670999999990e-01,7.410497092109674319e-03
1.351327686000000083e-01,7.409967536817144498e-03
1.351943459999999930e-01,7.409261604146314024e-03
1.352251241999999909e-01,7.408908617967543964e-03
1.352712784000000001e-01,7.408379230471878220e-03
1.353942793000000033e-01,7.406967803304116346e-03
1.354557378000000034e-01,7.406262193220042658e-03
1.354710980999999925e-01,7.406085853395782612e-03
1.355939177000000107e-01,7.404674993301892973e-03
1.356246051999999980e-01,7.404322387222303341e-03
1.356399463000000083e-01,7.404146092999976114e-03
1.357166260999999874e-01,7.403264558575212671e-03
1.358085847000000124e-01,7.402206993423771780e-03
1.358698557999999945e-01,7.401502050380801868e-03
1.358851692999999972e-01,7.401325866866047959e-03
1.359464059000000113e-01,7.400621044721267076e-03
1.359617106999999880e-01,7.400444851789872956e-03
1.360840875000000061e-01,7.399035565616414803e-03
1.361299504000000049e-01,7.398507179020527048e-03
1.361757979000000063e-01,7.397978878770737100e-03
1.361910769999999937e-01,7.397802764698838303e-03
1.363590336999999930e-01,7.395866017621184965e-03
1.363742921999999969e-01,7.395690009132743943e-03
1.364505592999999961e-01,7.394809949461888902e-03
1.364962990999999959e-01,7.394282038713300212e-03
1.365572616000000072e-01,7.393578167898820323e-03
1.366791052000000117e-01,7.392170741992590624e-03
1.366943280000000038e-01,7.391994805171365167e-03
1.367399861999999966e-01,7.391467163504608813e-03
1.367856292000000085e-01,7.390939519225915751e-03
1.368160494000000005e-01,7.390587809293355966e-03
1.368464628999999932e-01,7.390236102867496319e-03
1.369224669999999922e-01,7.389356960041465298e-03
1.370439857999999900e-01,7.387950623762189369e-03
1.370591680999999895e-01,7.387774924950746801e-03
1.370895276000000107e-01,7.387423363987606281e-03
1.371047048000000046e-01,7.387247614736666516e-03
1.371502263999999915e-01,7.386720445969255713e-03
1.372260621999999985e-01,7.385841924376628821e-03
1.374078974000000064e-01,7.383734013851953742e-03
1.374230395000000104e-01,7.383558439881227065e-03
1.375289872999999885e-01,7.382329229640872265e-03
1.375441161000000023e-01,7.382153638903463794e-03
1.375894923000000047e-01,7.381627004794115605e-03
1.376348535999999956e-01,7.381100385687274466e-03
1.376499707000000128e-01,7.380924830219410225e-03
1.377708478000000125e-01,7.379520789386312916e-03
1.377859499999999904e-01,7.379345316974088298e-03
1.379067079000000084e-01,7.377941728161389531e-03
1.379519649000000014e-01,7.377415449030452592e-03
1.380575068000000072e-01,7.376187739082277345e-03
1.380725775999999960e-01,7.376012406294867041e-03
1.381479070999999947e-01,7.375135663499234398e-03
1.381930851000000016e-01,7.374609682637057843e-03
1.382683489000000043e-01,7.373733181024516060e-03
1.383134874999999986e-01,7.373207318588046247e-03
1.384788700000000039e-01,7.371279729824591065e-03
1.385089183000000057e-01,7.370929370357736689e-03
1.385389600999999971e-01,7.370579026402594887e-03
1.385990242000000039e-01,7.369878300041414303e-03
1.386290464000000111e-01,7.369528013338087769e-03
1.386740676999999866e-01,7.369002625220309917e-03
1.387190742999999948e-01,7.368477287272733392e-03
1.387340732000000021e-01,7.368302186210107414e-03
1.387490705999999963e-01,7.368127043767712034e-03
1.387790603999999872e-01,7.367776915776834065e-03
1.388540065999999962e-01,7.366901584005515306e-03
1.389139343999999943e-01,7.366201360036110472e-03
1.389588633000000129e-01,7.365676311787673625e-03
1.390337125999999979e-01,7.364801326846923471e-03
1.390935630000000034e-01,7.364101463269578582e-03
1.392131866000000107e-01,7.362701901844675469e-03
1.392281324000000098e-01,7.362527016402184953e-03
1.392580190000000107e-01,7.362177222979080643e-03
1.393476405000000085e-01,7.361127959698733104e-03
1.394372043000000061e-01,7.360078895834946955e-03
1.394521260000000096e-01,7.359904103421956341e-03
1.395565333999999880e-01,7.358680470032083823e-03
1.395863497000000009e-01,7.358330921466422862e-03
1.396310622999999973e-01,7.357806670216470585e-03
1.396757604999999958e-01,7.357282475265718852e-03
1.396906566999999988e-01,7.357107696574156745e-03
1.397502257999999886e-01,7.356408832306993335e-03
1.398246513999999996e-01,7.355535422840894094e-03
1.399287808000000133e-01,7.354312860537669770e-03
1.399436501000000110e-01,7.354138208398109181e-03
1.399882484999999954e-01,7.353614371715012574e-03
1.400625477000000119e-01,7.352741446068751692e-03
1.401071081999999968e-01,7.352217702730282252e-03
1.401665002999999965e-01,7.351519521159661369e-03
1.402110277999999988e-01,7.350995965661677282e-03
1.402852089999999941e-01,7.350123372046842192e-03
1.403445257000000002e-01,7.349425470862239532e-03
1.403889966999999905e-01,7.348902091781842581e-03
1.405075174000000038e-01,7.347506709499912990e-03
1.405223254999999893e-01,7.347332320437768155e-03
1.406407338000000007e-01,7.345937333762611599e-03
1.406555278999999936e-01,7.345762999672233486e-03
1.406851112999999986e-01,7.345414314718085556e-03
1.407590425999999950e-01,7.344542770960745676e-03
1.407738242000000084e-01,7.344368471522351970e-03
1.408181597000000007e-01,7.343845571036190442e-03
1.408624812000000004e-01,7.343322789225986864e-03
1.408920210999999867e-01,7.342974253036337051e-03
1.409215548999999956e-01,7.342625761840177075e-03
1.409953622000000018e-01,7.341754652629854487e-03
1.410101189999999893e-01,7.341580460892898827e-03
1.411281181000000051e-01,7.340187043522890774e-03
1.411723423000000033e-01,7.339664530085106102e-03
1.412312863999999890e-01,7.338968087336845622e-03
1.412902058999999932e-01,7.338271671364762772e-03
1.413491007999999882e-01,7.337575333495680550e-03
1.413638207000000035e-01,7.337401222255115693e-03
1.413932558999999867e-01,7.337053109853220768e-03
1.414079712000000100e-01,7.336879091060537726e-03
1.414521079000000126e-01,7.336356967670846704e-03
1.414815248000000081e-01,7.336008946452314723e-03
1.415256386000000033e-01,7.335486953161395735e-03
1.415844356000000026e-01,7.334790956187380029e-03
1.416285173000000064e-01,7.334269086720918672e-03
1.417019563999999954e-01,7.333399386379016449e-03
1.418340509000000083e-01,7.331834232300670634e-03
1.419220455000000103e-01,7.330791137732744177e-03
1.419513649999999960e-01,7.330443493623462273e-03
1.420539353999999976e-01,7.329226801993563890e-03
1.420685821999999876e-01,7.329053019210854565e-03
1.420978713999999921e-01,7.328705431630463604e-03
1.422295982000000014e-01,7.327141812325495621e-03
1.423319681000000114e-01,7.325925887517951984e-03
1.423465864000000025e-01,7.325752219197068094e-03
1.424196550999999866e-01,7.324883912042641845e-03
1.424634784000000098e-01,7.324363032399360506e-03
1.425072881999999985e-01,7.323842216490118046e-03
1.425364872999999866e-01,7.323495038074581860e-03
1.425802747000000092e-01,7.322974237313093111e-03
1.426386369000000043e-01,7.322280002139310018e-03
1.427407133999999966e-01,7.321065229225444913e-03
1.427990101000000123e-01,7.320371237695215937e-03
1.428135805000000091e-01,7.320197761134942041e-03
1.428572830000000016e-01,7.319677376559353271e-03
1.428718475000000099e-01,7.319503867393627183e-03
1.429300907000000120e-01,7.318810117667063839e-03
1.429883100999999879e-01,7.318116365929175360e-03
1.430319592000000029e-01,7.317596199969357909e-03
1.431628265000000066e-01,7.316035818825056616e-03
1.432354788000000101e-01,7.315169181379415665e-03
1.432645294999999874e-01,7.314822570367120191e-03
1.432790526000000120e-01,7.314649247006975094e-03
1.433226130999999959e-01,7.314129436389546837e-03
1.433371303000000041e-01,7.313956114403038188e-03
1.433951844999999947e-01,7.313263030844493161e-03
1.434677192000000101e-01,7.312396868227958799e-03
1.434967228000000039e-01,7.312050478613147005e-03
1.435112223999999992e-01,7.311877288786646986e-03
1.435836984999999955e-01,7.311011301263812580e-03
1.436271665999999947e-01,7.310491831536201565e-03
1.436851036000000026e-01,7.309799179556037210e-03
1.437285409999999874e-01,7.309279843793255876e-03
1.438009075999999997e-01,7.308414302907490813e-03
1.438587745999999890e-01,7.307722035595638418e-03
1.439744389000000013e-01,7.306337712583108393e-03
1.440322361999999967e-01,7.305645656449585162e-03
1.440466819000000009e-01,7.305472700976882797e-03
1.441477613000000102e-01,7.304261878203721810e-03
1.441910593999999879e-01,7.303743064073881311e-03
1.442487698999999901e-01,7.303051392624896644e-03
1.442776165000000110e-01,7.302705553614750010e-03
1.443641216999999866e-01,7.301668274417627384e-03
1.443785341999999916e-01,7.301495455938356374e-03
1.444361698000000138e-01,7.300804046786546139e-03
1.444937823999999926e-01,7.300112800814507683e-03
1.445081820000000128e-01,7.299939977130217965e-03
1.445513720000000113e-01,7.299421643767956859e-03
1.445945492000000054e-01,7.298903294698594335e-03
1.447096254000000137e-01,7.297521294517734375e-03
1.448389767999999911e-01,7.295967091980493958e-03
1.448533421000000043e-01,7.295794424783947144e-03
1.448820682999999998e-01,7.295449067569141979e-03
1.448964292000000098e-01,7.295276419395570200e-03
1.449682127999999959e-01,7.294413262009673098e-03
1.450686501000000017e-01,7.293205085748166033e-03
1.450829925999999881e-01,7.293032479664037296e-03
1.451833503999999941e-01,7.291824648276074017e-03
1.451976815999999892e-01,7.291652126632555166e-03
1.452406666000000124e-01,7.291134564342364836e-03
1.452836389999999922e-01,7.290617021705116108e-03
1.453552312999999985e-01,7.289754722139470469e-03
1.454124797000000135e-01,7.289064848628597562e-03
1.454697057000000071e-01,7.288375185173138690e-03
1.455412064000000116e-01,7.287513176926193117e-03
1.456269609999999992e-01,7.286478986334626699e-03
1.456555347000000056e-01,7.286134225724659116e-03
1.456983846000000082e-01,7.285617224757840252e-03
1.457554983000000082e-01,7.284928022305839877e-03
1.457983189000000013e-01,7.284411165431558394e-03
1.458696586000000073e-01,7.283549768553079090e-03
1.458839222999999963e-01,7.283377568061913214e-03
1.459694756000000093e-01,7.282344167502840214e-03
1.459837296000000006e-01,7.282171939984535131e-03
1.459979821999999872e-01,7.281999795851265903e-03
1.460407317000000094e-01,7.281483177872648087e-03
1.460834685999999882e-01,7.280966625096339101e-03
1.462542916000000026e-01,7.278901063582280881e-03
1.462685177999999975e-01,7.278728979162928624e-03
1.464391248999999950e-01,7.276664308013968026e-03
1.464817456999999989e-01,7.276148282817738490e-03
1.465527527000000108e-01,7.275288290067909343e-03
1.465669498999999931e-01,7.275116328830645747e-03
1.466095335000000000e-01,7.274600429895423936e-03
1.468789426999999870e-01,7.271334415601606038e-03
1.468931083999999998e-01,7.271162535736033945e-03
1.469072727999999883e-01,7.270990684462992105e-03
1.469355974999999870e-01,7.270647086382300492e-03
1.469497577999999971e-01,7.270475249598484443e-03
1.470063852999999865e-01,7.269788054453659581e-03
1.470205387000000086e-01,7.269616200038284126e-03
1.470629908999999957e-01,7.269100883754351511e-03
1.471054309000000004e-01,7.268585614253359264e-03
1.471337174000000025e-01,7.268242111426317237e-03
1.471619985000000019e-01,7.267898600610658497e-03
1.472326774000000116e-01,7.267040119590687831e-03
1.472468090999999868e-01,7.266868372895396964e-03
1.472891960999999916e-01,7.266353290280322917e-03
1.473598140000000056e-01,7.265495011730316657e-03
1.473880516999999946e-01,7.265151724746525888e-03
1.474445108999999920e-01,7.264465249963531976e-03
1.475714650000000128e-01,7.262920979302658030e-03
1.475855641999999912e-01,7.262749333333228842e-03
1.476278540000000028e-01,7.262234768296758035e-03
1.476983098999999910e-01,7.261377083042978159e-03
1.477405673999999947e-01,7.260862598277344204e-03
1.477828127999999963e-01,7.260348198429843539e-03
1.477968919000000048e-01,7.260176681400215028e-03
1.478391212000000066e-01,7.259662269720737124e-03
1.478954080999999865e-01,7.258976529269962376e-03
1.479657366999999890e-01,7.258119482178796399e-03
1.480219755000000137e-01,7.257433910882303378e-03
1.480360319000000036e-01,7.257262558117920370e-03
1.481343890000000052e-01,7.256063061292817272e-03
1.481484346999999979e-01,7.255891690812223821e-03
1.482467172999999971e-01,7.254692554786891859e-03
1.482888185000000025e-01,7.254178797106766892e-03
1.483449347999999945e-01,7.253493699532610403e-03
1.483729850000000128e-01,7.253151260100542015e-03
1.484711190000000125e-01,7.251952775983466597e-03
1.485131564999999931e-01,7.251439184071284405e-03
1.485831927000000052e-01,7.250583370642556258e-03
1.486391978999999919e-01,7.249898779618663310e-03
1.487091747000000019e-01,7.249043256280860402e-03
1.487511448999999930e-01,7.248529978049513857e-03
1.488070868999999963e-01,7.247845706586094477e-03
1.489049347999999995e-01,7.246648513354230284e-03
1.489189077999999999e-01,7.246477446976931462e-03
1.489328795000000039e-01,7.246306462164570604e-03
1.489747867000000003e-01,7.245793511258072708e-03
1.490306446999999923e-01,7.245109568165131707e-03
1.490446059999999961e-01,7.244938605888719650e-03
1.490864818000000036e-01,7.244425761146137087e-03
1.491422980000000065e-01,7.243742019751552019e-03
1.492538676999999869e-01,7.242374866457657566e-03
1.492678081000000101e-01,7.242204022494921206e-03
1.494071399999999938e-01,7.240495545973631326e-03
1.494210660999999996e-01,7.240324774634101027e-03
1.496019868000000030e-01,7.238104838313769510e-03
1.496298013000000038e-01,7.237763355106011792e-03
1.496437066000000093e-01,7.237592609886052408e-03
1.496854149000000078e-01,7.237080528761544868e-03
1.497132139000000028e-01,7.236739139289848598e-03
1.497549028000000060e-01,7.236227077185460738e-03
1.497965800999999930e-01,7.235715100983138720e-03
1.498104698999999929e-01,7.235544519843916181e-03
1.499354206000000078e-01,7.234008896607166221e-03
1.500186632999999936e-01,7.232985426811694429e-03
1.500325325999999904e-01,7.232814919787282533e-03
1.500464005999999906e-01,7.232644332740939715e-03
1.500879968999999925e-01,7.232132689631045469e-03
1.501295816999999866e-01,7.231621101953682185e-03
1.501434407999999998e-01,7.231450598493722841e-03
1.502681146000000023e-01,7.229916250551996978e-03
1.503096496000000115e-01,7.229404982630966217e-03
1.504203534000000120e-01,7.228041626458669815e-03
1.504618463000000073e-01,7.227530456109358854e-03
1.504756747999999866e-01,7.227360112378675323e-03
1.505171525000000010e-01,7.226848969233272760e-03
1.505309757999999942e-01,7.226678636870530539e-03
1.505862565999999958e-01,7.225997263455761176e-03
1.506000735999999951e-01,7.225826984628739083e-03
1.507105640999999996e-01,7.224464557200210336e-03
1.508071769000000062e-01,7.223272809182033211e-03
1.509175157000000045e-01,7.221911164246445566e-03
1.509588719999999940e-01,7.221400613174140150e-03
1.509726549000000029e-01,7.221230469277074154e-03
1.510139960999999920e-01,7.220719948867592580e-03
1.510415505999999908e-01,7.220379680136872029e-03
1.510828728999999981e-01,7.219869278237605117e-03
1.511517183999999958e-01,7.219018726978297662e-03
1.511792477999999995e-01,7.218678616335854822e-03
1.512618058999999904e-01,7.217658223080894962e-03
1.513030680999999933e-01,7.217148118835795857e-03
1.513718133999999993e-01,7.216297949565886848e-03
1.513993026999999880e-01,7.215958030189627455e-03
1.514542664999999899e-01,7.215278103845105574e-03
1.514680043999999948e-01,7.215108093174810340e-03
1.515229432000000098e-01,7.214428273135731207e-03
1.515778621999999964e-01,7.213748591966553762e-03
1.516190383000000086e-01,7.213238887156623626e-03
1.516327611999999936e-01,7.213069000248757516e-03
1.517836311999999910e-01,7.211200471530808398e-03
1.517973393000000004e-01,7.211030636126986373e-03
1.518384559000000023e-01,7.210521244912179196e-03
1.519069588999999998e-01,7.209672279848376546e-03
1.520164995000000130e-01,7.208314161434298609e-03
1.520301864999999975e-01,7.208144513621947587e-03
1.520712402000000130e-01,7.207635363263615799e-03
1.522353442000000112e-01,7.205599153463055663e-03
1.522490115000000033e-01,7.205429533684534239e-03
1.522900061999999943e-01,7.204920610120092543e-03
1.523309898000000107e-01,7.204411846025130135e-03
1.523583061999999877e-01,7.204072610223264013e-03
1.523992714000000082e-01,7.203563852059799086e-03
1.524402256999999872e-01,7.203055194185753289e-03
1.524538746999999916e-01,7.202885627409602587e-03
1.525766605999999970e-01,7.201359842370740061e-03
1.526175671999999983e-01,7.200851385551658608e-03
1.526857206999999994e-01,7.200004031729555914e-03
1.527674646000000136e-01,7.198987356950098393e-03
1.528899987000000016e-01,7.197462811440754823e-03
1.529036075000000106e-01,7.197293454588889541e-03
1.529308215000000082e-01,7.196954724707896323e-03
1.529988354000000050e-01,7.196108028245299000e-03
1.530124344999999886e-01,7.195938703168196227e-03
1.530532246999999901e-01,7.195430794454144019e-03
1.531211842000000101e-01,7.194584368898033176e-03
1.531483596000000058e-01,7.194245725799771132e-03
1.532162769000000035e-01,7.193399577632553395e-03
1.532705890999999931e-01,7.192722639405740512e-03
1.533113106000000003e-01,7.192215002336801825e-03
1.533384523000000110e-01,7.191876618882876195e-03
1.533655891000000049e-01,7.191538249582166489e-03
1.533791557999999999e-01,7.191369130397532589e-03
1.534334102999999894e-01,7.190692430190327201e-03
1.534876456000000000e-01,7.190015958467963972e-03
1.535554128999999934e-01,7.189170401836304618e-03
1.535825114000000102e-01,7.188832197332371832e-03
1.535960588999999987e-01,7.188663103796685307e-03
1.536366940999999986e-01,7.188155962057408456e-03
1.536637782999999979e-01,7.187817862010896681e-03
1.537991277000000101e-01,7.186127600540262103e-03
1.538667576999999953e-01,7.185282750946262072e-03
1.538802801999999970e-01,7.185113730017194181e-03
1.539208404000000086e-01,7.184606846893175011e-03
1.539613898999999952e-01,7.184100052231691749e-03
1.540289487000000013e-01,7.183255565291354026e-03
1.540964779000000007e-01,7.182411159277693989e-03
1.541909690000000110e-01,7.181229167949223016e-03
1.542044630999999943e-01,7.181060319821328669e-03
1.542314475000000074e-01,7.180722655005454882e-03
1.542449379999999981e-01,7.180553900544528814e-03
1.543123727000000056e-01,7.179709919722625580e-03
1.543528192999999993e-01,7.179203603710420517e-03
1.544067316999999939e-01,7.178528597055712154e-03
1.544471535999999978e-01,7.178022453130073442e-03
1.544606252999999874e-01,7.177853659474736636e-03
1.545144999999999991e-01,7.177178821082625705e-03
1.545683559999999901e-01,7.176504141141247343e-03
1.546356496000000080e-01,7.175660841387757581e-03
1.546760118000000128e-01,7.175154892388090067e-03
1.548239160999999864e-01,7.173300403351124711e-03
1.548910987000000072e-01,7.172457623774984928e-03
1.549448237999999922e-01,7.171783573595227022e-03
1.549582522000000073e-01,7.171615032924273658e-03
1.550387978999999972e-01,7.170604120329841270e-03
1.550522180999999999e-01,7.170435602675442714e-03
1.550924717999999924e-01,7.169930208476614150e-03
1.551595380999999940e-01,7.169088009724992189e-03
1.552533822999999924e-01,7.167909235576703196e-03
1.552801845000000014e-01,7.167572464979689827e-03
1.553605633000000041e-01,7.166562279671461790e-03
1.553739557000000104e-01,7.166393994815578074e-03
1.554810536000000021e-01,7.165047424990184446e-03
1.555211962999999975e-01,7.164542651446846426e-03
1.555345749000000000e-01,7.164374350146978515e-03
1.556014505999999964e-01,7.163533020945975563e-03
1.556415623000000081e-01,7.163028409988841591e-03
1.556950283999999907e-01,7.162355531267679612e-03
1.557885499999999979e-01,7.161178204835859026e-03
1.558152600999999915e-01,7.160841894520787558e-03
1.558553166999999962e-01,7.160337517780441044e-03
1.558953630000000090e-01,7.159833151244543795e-03
1.560154403000000023e-01,7.158320318390544966e-03
1.560287764999999938e-01,7.158152264804516079e-03
1.561220982000000035e-01,7.156976041534842195e-03
1.561354252999999914e-01,7.156807971098911626e-03
1.561620760999999913e-01,7.156471940552045288e-03
1.561753998000000032e-01,7.156303948037187959e-03
1.562153639999999954e-01,7.155799929927588073e-03
1.562819484000000092e-01,7.154960100628303572e-03
1.563751188999999986e-01,7.153784646944125712e-03
1.563884245000000117e-01,7.153616666902962336e-03
1.564416352999999926e-01,7.152945144560965592e-03
1.564549352000000060e-01,7.152777197522023830e-03
1.566542979999999974e-01,7.150259688883932492e-03
1.567472471999999950e-01,7.149085148852737763e-03
1.567605212000000026e-01,7.148917432033161275e-03
1.567737939999999941e-01,7.148749660199996483e-03
1.568666723999999901e-01,7.147575614873168635e-03
1.568799361999999864e-01,7.147407938364828267e-03
1.569197210000000120e-01,7.146904827641561986e-03
1.569594957999999874e-01,7.146401804783252334e-03
1.570125131000000007e-01,7.145731155403763427e-03
1.570787596000000064e-01,7.144893060928652131e-03
1.570920054999999926e-01,7.144725392097109329e-03
1.571317365999999882e-01,7.144222591142043721e-03
1.571979329000000036e-01,7.143384724223762576e-03
1.572376372000000022e-01,7.142881959740492170e-03
1.572905608000000066e-01,7.142211830487426964e-03
1.573434665000000010e-01,7.141541793447753195e-03
1.573963545000000019e-01,7.140871721957279573e-03
1.574095736999999995e-01,7.140704332411513568e-03
1.574360087999999991e-01,7.140369318544391095e-03
1.574888657000000081e-01,7.139699514433591430e-03
1.575549119000000109e-01,7.138862370963885637e-03
1.575945263000000096e-01,7.138360150116873637e-03
1.576473301000000105e-01,7.137690631266516844e-03
1.577265025000000043e-01,7.136686473955109258e-03
1.577660738999999979e-01,7.136184355734717134e-03
1.578320039999999980e-01,7.135347847725995521e-03
1.578715488999999916e-01,7.134845940571945752e-03
1.579242600000000107e-01,7.134176891174058913e-03
1.579374350999999954e-01,7.134009572062339523e-03
1.580296294999999906e-01,7.132838959737005866e-03
1.580427957999999966e-01,7.132671747641267622e-03
1.580822879000000070e-01,7.132170160504457991e-03
1.581480862999999903e-01,7.131334253523211562e-03
1.583453172000000020e-01,7.128827364825761521e-03
1.583978706999999986e-01,7.128159135358662878e-03
1.584372742999999861e-01,7.127657924917540910e-03
1.585029253000000138e-01,7.126822740292923855e-03
1.586734907000000028e-01,7.124652048005462000e-03
1.586997152000000078e-01,7.124318137211267665e-03
1.587128258999999930e-01,7.124151176796811140e-03
1.587521514000000133e-01,7.123650456440756319e-03
1.587652576999999954e-01,7.123483542019417095e-03
1.587783628999999974e-01,7.123316635359870815e-03
1.588700692999999997e-01,7.122148514621778372e-03
1.588831659000000118e-01,7.121981668826962882e-03
1.589093558999999933e-01,7.121647899776136457e-03
1.589748119000000126e-01,7.120813840091924987e-03
1.589878999000000070e-01,7.120646936640478292e-03
1.590925649000000108e-01,7.119312612628654439e-03
1.591187202999999883e-01,7.118979167949545869e-03
1.591317965000000056e-01,7.118812401412550304e-03
1.591710184000000028e-01,7.118312231403435379e-03
1.591840902999999974e-01,7.118145408684040804e-03
1.592363669000000093e-01,7.117478635295666767e-03
1.593016885000000105e-01,7.116645166011985844e-03
1.593278096999999893e-01,7.116311787740151051e-03
1.593408685999999908e-01,7.116145127077610523e-03
1.594453019000000027e-01,7.114812042842381425e-03
1.594974929000000097e-01,7.114145585582704392e-03
1.595887860999999908e-01,7.112979563551605731e-03
1.596018237000000062e-01,7.112812954710418835e-03
1.596148602000000138e-01,7.112646399173239847e-03
1.596539634999999957e-01,7.112146859560209214e-03
1.597191142999999924e-01,7.111314258071866484e-03
1.597581921000000016e-01,7.110814855908165547e-03
1.598102808999999902e-01,7.110148942784675144e-03
1.599144076000000025e-01,7.108817377815139331e-03
1.599534375999999980e-01,7.108318169060863154e-03
1.600054629000000062e-01,7.107652622946073091e-03
1.600314690999999900e-01,7.107319897070488168e-03
1.601224578000000065e-01,7.106155375118806961e-03
1.601744281999999964e-01,7.105490154343340956e-03
1.602393673999999990e-01,7.104658677619642496e-03
1.602783183000000000e-01,7.104159821704649283e-03
1.603172596999999922e-01,7.103661151527307024e-03
1.603432153999999887e-01,7.103328588156909359e-03
1.604210574000000111e-01,7.102331384627737568e-03
1.604340273000000039e-01,7.102165123479041789e-03
1.605766279999999990e-01,7.100337290738568605e-03
1.605895854000000122e-01,7.100171165018660802e-03
1.606414046000000095e-01,7.099506684402102051e-03
1.606932071000000128e-01,7.098842316037390007e-03
1.607320479999999885e-01,7.098344079312934179e-03
1.607838212999999905e-01,7.097679804605534076e-03
1.608485145000000116e-01,7.096849717801264300e-03
1.608614499999999892e-01,7.096683711984002468e-03
1.609002502999999917e-01,7.096185598212770632e-03
1.609390411999999937e-01,7.095687655867492956e-03
1.609907479999999891e-01,7.095023861030351833e-03
1.610036719999999866e-01,7.094857854943506167e-03
1.611586801999999874e-01,7.092866876586209623e-03
1.611715907999999864e-01,7.092700992356085719e-03
1.612103165000000060e-01,7.092203313788265386e-03
1.612748385999999978e-01,7.091374065892986495e-03
1.613135394000000111e-01,7.090876584165266804e-03
1.613651261000000059e-01,7.090213390255554159e-03
1.614038053999999889e-01,7.089715974755181858e-03
1.614811359999999973e-01,7.088721385499501329e-03
1.615197874000000033e-01,7.088224117477144072e-03
1.615584295999999975e-01,7.087726904346832585e-03
1.615713082999999939e-01,7.087561222178974905e-03
1.615841859000000102e-01,7.087395483196662176e-03
1.616228127000000070e-01,7.086898515434082897e-03
1.616614302999999919e-01,7.086401406940114403e-03
1.616871702000000077e-01,7.086070051523365304e-03
1.617900888999999898e-01,7.084744976091519701e-03
1.618158083000000025e-01,7.084413700626389712e-03
1.619314953000000057e-01,7.082923527994442955e-03
1.619700393000000072e-01,7.082426807315059594e-03
1.619828852000000097e-01,7.082261329563361262e-03
1.620342587999999973e-01,7.081599282499165607e-03
1.621369571999999870e-01,7.080275316445065054e-03
1.622011106000000036e-01,7.079448035873775642e-03
1.622908828999999886e-01,7.078290117192953361e-03
1.623934189000000028e-01,7.076967018410130171e-03
1.624062313999999896e-01,7.076801639886803885e-03
1.624318533000000120e-01,7.076471002008666647e-03
1.624446626999999921e-01,7.076305649641350878e-03
1.624830848999999910e-01,7.075809618609813292e-03
1.625854998000000051e-01,7.074487295545600109e-03
1.625982971000000110e-01,7.074321994749798760e-03
1.626110933999999897e-01,7.074156743831200474e-03
1.627006394000000133e-01,7.072999975369840403e-03
1.627134276999999962e-01,7.072834838408105160e-03
1.628156977000000116e-01,7.071513173787779064e-03
1.628540323000000067e-01,7.071017720275513466e-03
1.628923579999999871e-01,7.070522220914592267e-03
1.629562139999999881e-01,7.069696515992445265e-03
1.630072808999999956e-01,7.069036131961478099e-03
1.630455704999999866e-01,7.068540837021902203e-03
1.630583317000000032e-01,7.068375735076187424e-03
1.631603855000000047e-01,7.067055322355726352e-03
1.631986391999999952e-01,7.066560306851461283e-03
1.632113883999999904e-01,7.066395353230732479e-03
1.632496301999999955e-01,7.065900377046100897e-03
1.633006053000000124e-01,7.065240430571966511e-03
1.633133465000000117e-01,7.065075422416896254e-03
1.633260867999999921e-01,7.064910477063208148e-03
1.633643016999999920e-01,7.064415640131229378e-03
1.634025077000000048e-01,7.063920873504774163e-03
1.634279734000000095e-01,7.063590960708841272e-03
1.634661645000000108e-01,7.063096220136122483e-03
1.635170720000000133e-01,7.062436685114893697e-03
1.636315560999999918e-01,7.060952980141982013e-03
1.636569861999999931e-01,7.060623451996841243e-03
1.636696997000000042e-01,7.060458600252960543e-03
1.637332525999999899e-01,7.059634554141113599e-03
1.637713725000000120e-01,7.059140252423068765e-03
1.638221851999999978e-01,7.058481301044807268e-03
1.638602844000000003e-01,7.057987044468338675e-03
1.639364561999999970e-01,7.056998779539603098e-03
1.640125926999999872e-01,7.056010736065578860e-03
1.640379637000000113e-01,7.055681386799046197e-03
1.640760126999999957e-01,7.055187367582675326e-03
1.641140530000000097e-01,7.054693493176268822e-03
1.641267311000000062e-01,7.054528884763711961e-03
1.642154506999999874e-01,7.053376742784494592e-03
1.642281210000000047e-01,7.053212247988379507e-03
1.642661260000000123e-01,7.052718536953137690e-03
1.642787924000000122e-01,7.052553931414681093e-03
1.644307130000000061e-01,7.050579753408454074e-03
1.644433667000000099e-01,7.050415211840179927e-03
1.644686711999999995e-01,7.050086322875578383e-03
1.645319154999999867e-01,7.049264086680094056e-03
1.645445614000000112e-01,7.049099565062088776e-03
1.646456939000000008e-01,7.047784285072783601e-03
1.646709672999999985e-01,7.047455497280236299e-03
1.647341338999999960e-01,7.046633790238224747e-03
1.647846497000000077e-01,7.045976366422029673e-03
1.648351500999999941e-01,7.045319033000307755e-03
1.648477727999999864e-01,7.045154772463889381e-03
1.650243888000000048e-01,7.042855125689939134e-03
1.650748157999999965e-01,7.042198141674060018e-03
1.651378279000000060e-01,7.041377224827303181e-03
1.651504273999999939e-01,7.041213074411076418e-03
1.652260043999999872e-01,7.040228116126455611e-03
1.652385972000000036e-01,7.040064063705546438e-03
1.652511891000000011e-01,7.039899883579417601e-03
1.652889589000000048e-01,7.039407513540969427e-03
1.653267200000000103e-01,7.038915218067137887e-03
1.653393052000000085e-01,7.038751147753392196e-03
1.653518894000000072e-01,7.038587007729772346e-03
1.654399518000000124e-01,7.037438605735105331e-03
1.654902521999999931e-01,7.036782356809623620e-03
1.655531061999999942e-01,7.035962364322537188e-03
1.656787426000000119e-01,7.034322612562649013e-03
1.656913010000000130e-01,7.034158740223928584e-03
1.657540787000000015e-01,7.033339088484579470e-03
1.657917338999999879e-01,7.032847321300167084e-03
1.658544735999999964e-01,7.032027939631754938e-03
1.658921060999999919e-01,7.031536327743577626e-03
1.659422694000000087e-01,7.030880953059773231e-03
1.660425504999999968e-01,7.029570521886303880e-03
1.660550813999999986e-01,7.029406672142646424e-03
1.660801403000000120e-01,7.029079153480723499e-03
1.661302469000000004e-01,7.028424129049973962e-03
1.661928588000000095e-01,7.027605395772676053e-03
1.662429313000000075e-01,7.026950621901956705e-03
1.662554471000000089e-01,7.026786984056261967e-03
1.663430311999999911e-01,7.025641166197738735e-03
1.663930586000000045e-01,7.024986542198856550e-03
1.664305691999999892e-01,7.024495776198892011e-03
1.664555715999999908e-01,7.024168515879512624e-03
1.664805702999999915e-01,7.023841280191693917e-03
1.664930682000000106e-01,7.023677762341216935e-03
1.665305562999999933e-01,7.023186911680982282e-03
1.666429701000000096e-01,7.021714926027387664e-03
1.666804245000000073e-01,7.021224439547364173e-03
1.667553079999999910e-01,7.020243517131872710e-03
1.668426296999999947e-01,7.019099302979152182e-03
1.669423700000000066e-01,7.017791854394296418e-03
1.669548332999999940e-01,7.017628476910956620e-03
1.669922178000000090e-01,7.017138350780485409e-03
1.670420506999999999e-01,7.016484922018205624e-03
1.670918687999999874e-01,7.015831558776420250e-03
1.671416719999999911e-01,7.015178263835513718e-03
1.671541205000000030e-01,7.015014937815751243e-03
1.672536749999999905e-01,7.013708642464222889e-03
1.672785544000000013e-01,7.013382218464567913e-03
1.672909925999999936e-01,7.013218931066112979e-03
1.673283020000000121e-01,7.012729228316410580e-03
1.673531702999999926e-01,7.012402750505933487e-03
1.673904657999999990e-01,7.011913196233661091e-03
1.674277529000000042e-01,7.011423473897633075e-03
1.674401801000000023e-01,7.011260362134991327e-03
1.674774562999999938e-01,7.010770852147308815e-03
1.675519836000000096e-01,7.009791884255647462e-03
1.675892347999999865e-01,7.009302595261390767e-03
1.676885310000000018e-01,7.007997825732845132e-03
1.677257518999999975e-01,7.007508640597442245e-03
1.677381571000000071e-01,7.007345622661330375e-03
1.678497620000000135e-01,7.005878358721754663e-03
1.678745530000000097e-01,7.005552327727742473e-03
1.678869471999999974e-01,7.005389377070687061e-03
1.679489041999999988e-01,7.004574423999496494e-03
1.679860673999999943e-01,7.004085627911735799e-03
1.680232224000000052e-01,7.003596800265301896e-03
1.680479877999999927e-01,7.003270990986808914e-03
1.680727495999999876e-01,7.002945233000916307e-03
1.681346381000000112e-01,7.002130649753524061e-03
1.682212436999999949e-01,7.000990679535121219e-03
1.682830775999999973e-01,7.000176565058559286e-03
1.683819645999999892e-01,6.998874229688050244e-03
1.684313863999999938e-01,6.998223211769735892e-03
1.685178394999999885e-01,6.997084122946767119e-03
1.685425322000000115e-01,6.996758582477782644e-03
1.685795646000000092e-01,6.996270574243060834e-03
1.686289283999999888e-01,6.995619817914153736e-03
1.686659417999999966e-01,6.995131861554542037e-03
1.687276127000000014e-01,6.994318776073305682e-03
1.687769332000000067e-01,6.993668290656435312e-03
1.688262392999999861e-01,6.993017876762039516e-03
1.688385635999999912e-01,6.992855377437007941e-03
1.689124902999999955e-01,6.991879978310863199e-03
1.689248083000000067e-01,6.991717431811279165e-03
1.690233197999999881e-01,6.990417382016152724e-03
1.690356296999999952e-01,6.990254938097561002e-03
1.690602468999999886e-01,6.989929989976904033e-03
1.690725540999999943e-01,6.989767409186473796e-03
1.691709795999999932e-01,6.988467842689421658e-03
1.692570549000000091e-01,6.987331073337915005e-03
1.692693477999999974e-01,6.987168640464116835e-03
1.693185104999999913e-01,6.986519232910878147e-03
1.693307990000000041e-01,6.986356793520821090e-03
1.693676590000000037e-01,6.985869819332231855e-03
1.694290743999999904e-01,6.985058188502021002e-03
1.695150186999999919e-01,6.983922050676476950e-03
1.696254544999999947e-01,6.982461849028760194e-03
1.696622505000000003e-01,6.981975138499045205e-03
1.696990385000000101e-01,6.981488521311734335e-03
1.697112993999999875e-01,6.981326294881485921e-03
1.697235594000000014e-01,6.981164167584387112e-03
1.697603340999999932e-01,6.980677601995935108e-03
1.697971007999999893e-01,6.980191049725226714e-03
1.698093545999999898e-01,6.980028934671851301e-03
1.698461106999999970e-01,6.979542528851271840e-03
1.699195991000000128e-01,6.978569912823952281e-03
1.700420092000000105e-01,6.976949075709426226e-03
1.700542452999999898e-01,6.976787126339306123e-03
1.701031812000000087e-01,6.976138984753387992e-03
1.701521028999999907e-01,6.975490850844361969e-03
1.702010106000000078e-01,6.974843009217905621e-03
1.702132353999999959e-01,6.974680918497499875e-03
1.702376821999999901e-01,6.974356986977772212e-03
1.703110016000000115e-01,6.973385384328562378e-03
1.703842895000000079e-01,6.972413950323227451e-03
1.703965010999999863e-01,6.972251982007684860e-03
1.704331305000000019e-01,6.971766368616891252e-03
1.704819576000000114e-01,6.971118929215322849e-03
1.705429717999999983e-01,6.970309722615514354e-03
1.706039642000000134e-01,6.969500607622716032e-03
1.706405491000000108e-01,6.969015250235253804e-03
1.706893168999999988e-01,6.968368172265483954e-03
1.707015065999999970e-01,6.968206463658961278e-03
1.707989933999999876e-01,6.966912551417188404e-03
1.708233563000000066e-01,6.966589046364510783e-03
1.708355364999999959e-01,6.966427467917389593e-03
1.708720719000000055e-01,6.965942292780396422e-03
1.708964245000000048e-01,6.965618986363534930e-03
1.709816312000000116e-01,6.964487411407468097e-03
1.710789583000000003e-01,6.963194522876230835e-03
1.710911203000000103e-01,6.963032853015660786e-03
1.712248452000000032e-01,6.961255814406749898e-03
1.712612974999999926e-01,6.960771283477108252e-03
1.713584657999999983e-01,6.959479386011922265e-03
1.713706078999999993e-01,6.959317919390747148e-03
1.713827491999999897e-01,6.959156444012273325e-03
1.714070292000000051e-01,6.958833479551338949e-03
1.714677142000000098e-01,6.958026311502009051e-03
1.714798486000000122e-01,6.957864835490232790e-03
1.715162467999999940e-01,6.957380637270554023e-03
1.715526370999999883e-01,6.956896514369529348e-03
1.716011457000000129e-01,6.956250987590817045e-03
1.716617619999999955e-01,6.955444243247501865e-03
1.716738827000000023e-01,6.955282923407473880e-03
1.717102396999999891e-01,6.954798948680846436e-03
1.717708175999999864e-01,6.953992419741079553e-03
1.717950427000000113e-01,6.953669943639597881e-03
1.718071539999999897e-01,6.953508538137104060e-03
1.719524231000000014e-01,6.951573711050935966e-03
1.719887211999999999e-01,6.951090112099211037e-03
1.720008188999999910e-01,6.950928866297231314e-03
1.720612944000000089e-01,6.950123110865119927e-03
1.721338370999999923e-01,6.949156198787749018e-03
1.721459244999999916e-01,6.948994985669513028e-03
1.721821818000000004e-01,6.948511704166288744e-03
1.722425937000000018e-01,6.947706264171463024e-03
1.723392086999999961e-01,6.946417818827852614e-03
1.723874958000000124e-01,6.945773625632242765e-03
1.724357695000000024e-01,6.945129650636179021e-03
1.724478358000000044e-01,6.944968612220085540e-03
1.725443358000000038e-01,6.943680874558593764e-03
1.725684523999999886e-01,6.943359069174944928e-03
1.725805093999999984e-01,6.943198022057176649e-03
1.726407819000000121e-01,6.942393410102961834e-03
1.726769353000000007e-01,6.941910764178958748e-03
1.727733073000000119e-01,6.940623829289318571e-03
1.728214731999999920e-01,6.939980553442208835e-03
1.728335125999999888e-01,6.939819668507515686e-03
1.729057311999999957e-01,6.938854851292287906e-03
1.729297972999999933e-01,6.938533295452687689e-03
1.730140025999999942e-01,6.937407880233672879e-03
1.730981668000000084e-01,6.936282909234164733e-03
1.731222062999999978e-01,6.935961457417869243e-03
1.731462423000000028e-01,6.935640059165065069e-03
1.731943045000000070e-01,6.934997409153554823e-03
1.732063179999999980e-01,6.934836720971095103e-03
1.732543633999999999e-01,6.934194238427758734e-03
1.733144016000000009e-01,6.933390999428173246e-03
1.733384109999999978e-01,6.933069847980160086e-03
1.733984199999999976e-01,6.932266944325155694e-03
1.734104193000000071e-01,6.932106455912565024e-03
1.734464122999999913e-01,6.931624780485130463e-03
1.734823977999999933e-01,6.931142997466578463e-03
1.735063840000000135e-01,6.930822093938629122e-03
1.735423570000000082e-01,6.930340492760498315e-03
1.735783226000000012e-01,6.929858944776864059e-03
1.735903095000000118e-01,6.929698523044628203e-03
1.736981541000000018e-01,6.928254307333597817e-03
1.737221104999999988e-01,6.927933502952084328e-03
1.737340874999999951e-01,6.927773050455348150e-03
1.738298734000000012e-01,6.926489800965081670e-03
1.738777465999999938e-01,6.925848290836404512e-03
1.739614929999999948e-01,6.924725847068993571e-03
1.739854131000000137e-01,6.924405360895211949e-03
1.740691075999999948e-01,6.923283287577833636e-03
1.741647092999999979e-01,6.922001251699312976e-03
1.741766557999999965e-01,6.921840982620460110e-03
1.742602584999999871e-01,6.920719467166761528e-03
1.742721985000000029e-01,6.920559259624107541e-03
1.742960759999999942e-01,6.920238940768034218e-03
1.743080134999999975e-01,6.920078708937793532e-03
1.743676888000000036e-01,6.919278006374198105e-03
1.744034841999999863e-01,6.918797569845635057e-03
1.744392723000000034e-01,6.918317278377833154e-03
1.745465922999999975e-01,6.916876344181512905e-03
1.745942689999999964e-01,6.916236192475349980e-03
1.746300178999999897e-01,6.915756032451564339e-03
1.746538464999999873e-01,6.915436079280212235e-03
1.746895831999999982e-01,6.914955949968083770e-03
1.748324572000000132e-01,6.913036378186450046e-03
1.748443581000000135e-01,6.912876528980056029e-03
1.748800558999999977e-01,6.912396714149726673e-03
1.749395360999999871e-01,6.911597115553878325e-03
1.750227742999999891e-01,6.910478022958395881e-03
1.750346623000000046e-01,6.910318139441302618e-03
1.751178553999999943e-01,6.909199465011051783e-03
1.751653764999999974e-01,6.908560201083142546e-03
1.752010089000000104e-01,6.908080813046492581e-03
1.752485075000000114e-01,6.907441805512624759e-03
1.752603801000000017e-01,6.907281956909531138e-03
1.753553322999999997e-01,6.906004175460344480e-03
1.754027891000000117e-01,6.905365372945527005e-03
1.754146513000000018e-01,6.905205813067492003e-03
1.754383733000000056e-01,6.904886477720854898e-03
1.754502330999999915e-01,6.904726767177900987e-03
1.754858076999999961e-01,6.904247773314732203e-03
1.755095200000000022e-01,6.903928487442274192e-03
1.755450826000000131e-01,6.903449583664171552e-03
1.756280337999999996e-01,6.902332369752431536e-03
1.756872607999999947e-01,6.901534540701436717e-03
1.756991036999999978e-01,6.901374970713324876e-03
1.757346278999999956e-01,6.900896365920592551e-03
1.757701449000000082e-01,6.900417705166949842e-03
1.758648217999999874e-01,6.899141767089204784e-03
1.758766529000000134e-01,6.898982136360864124e-03
1.759830964000000109e-01,6.897547073504642877e-03
1.760067416999999967e-01,6.897228213702190532e-03
1.760185632000000056e-01,6.897068894743287396e-03
1.760776588000000087e-01,6.896271869844703903e-03
1.761131066000000134e-01,6.895793753055838061e-03
1.761485473000000135e-01,6.895315710473750963e-03
1.761603593000000134e-01,6.895156275752922607e-03
1.761957903999999964e-01,6.894678281582855561e-03
1.762075992000000091e-01,6.894518964988708386e-03
1.762548265999999975e-01,6.893881662363890439e-03
1.762666314000000123e-01,6.893722366635116061e-03
1.763610418000000069e-01,6.892448062218463692e-03
1.763964326999999943e-01,6.891970441578860150e-03
1.764436094000000066e-01,6.891333489424497812e-03
1.765261384000000044e-01,6.890218930218473467e-03
1.765379252000000010e-01,6.890059805177443410e-03
1.765732805999999933e-01,6.889582202931174466e-03
1.766204101000000137e-01,6.888945734428199297e-03
1.766321905000000081e-01,6.888786563393629533e-03
1.766793043000000063e-01,6.888149939787885194e-03
1.767617233000000065e-01,6.887036313577265742e-03
1.768323376000000002e-01,6.886081896204872092e-03
1.768676341000000041e-01,6.885604835233537745e-03
1.769264459999999872e-01,6.884809658872671247e-03
1.769969946000000127e-01,6.883855667706933502e-03
1.770087499000000120e-01,6.883696684042537803e-03
1.771027646999999983e-01,6.882425086502151103e-03
1.771145130000000012e-01,6.882266114297091487e-03
1.771380073000000110e-01,6.881948329913584010e-03
1.771497532999999902e-01,6.881789350954068026e-03
1.772436933000000048e-01,6.880518360660042160e-03
1.773258498999999988e-01,6.879406350966502624e-03
1.773845098999999870e-01,6.878612216431359040e-03
1.774314240000000042e-01,6.877977088747700557e-03
1.774783255999999865e-01,6.877341955428875261e-03
1.774900490999999914e-01,6.877183228016773252e-03
1.775252149000000057e-01,6.876707055101645601e-03
1.775720916999999899e-01,6.876071955798409262e-03
1.775838090000000091e-01,6.875913405277010726e-03
1.776658084000000137e-01,6.874802447566867418e-03
1.776775194999999918e-01,6.874643807291458235e-03
1.777126481000000091e-01,6.874167667378890470e-03
1.777477698999999911e-01,6.873691803987773408e-03
1.777711804999999867e-01,6.873374602042971702e-03
1.778881874999999890e-01,6.871788373406599246e-03
1.778998838999999998e-01,6.871629858406154076e-03
1.779583546999999877e-01,6.870837027011373471e-03
1.780518680000000020e-01,6.869568871467728217e-03
1.780869227999999915e-01,6.869093382105966386e-03
1.781219708000000013e-01,6.868617875251109041e-03
1.781336518999999952e-01,6.868459367262892343e-03
1.782153982000000136e-01,6.867350248566895729e-03
1.782270732000000024e-01,6.867191788208448951e-03
1.783321136999999890e-01,6.865766046809106647e-03
1.784137691000000081e-01,6.864657479921827676e-03
1.784254311000000037e-01,6.864499225679975176e-03
1.784487527999999990e-01,6.864182605681131907e-03
1.786119197000000103e-01,6.861966460116261657e-03
1.786468646000000104e-01,6.861491736393555453e-03
1.786934471999999940e-01,6.860858750819730234e-03
1.787400177000000034e-01,6.860225802966708059e-03
1.787865760000000026e-01,6.859593150804882238e-03
1.788214868000000124e-01,6.859118550011217980e-03
1.788331221999999998e-01,6.858960433896795980e-03
1.788680239000000061e-01,6.858485890571640840e-03
1.788912879000000011e-01,6.858169694334885491e-03
1.789261782999999884e-01,6.857695284906531984e-03
1.789610618999999958e-01,6.857220940607196107e-03
1.790772912999999966e-01,6.855640134497625361e-03
1.791121454000000057e-01,6.855166076983236836e-03
1.791469927999999878e-01,6.854691964181475541e-03
1.791586071000000058e-01,6.854534066258406548e-03
1.792050565999999956e-01,6.853901972693657307e-03
1.792398859000000066e-01,6.853428003426046723e-03
1.793559346999999971e-01,6.851848470869751836e-03
1.793791354000000005e-01,6.851532681792059029e-03
1.794487197000000089e-01,6.850585241412769297e-03
1.794835016999999922e-01,6.850111563003113621e-03
1.795182768999999956e-01,6.849638118475346628e-03
1.795298671999999984e-01,6.849480186753684370e-03
1.795646334000000066e-01,6.849006703624461144e-03
1.796225623000000104e-01,6.848217642548014121e-03
1.796341458000000058e-01,6.848059793640956863e-03
1.796688918999999884e-01,6.847586424289617453e-03
1.797036312999999996e-01,6.847113033246071852e-03
1.797267871000000072e-01,6.846797475894079305e-03
1.797615153000000077e-01,6.846324260088429078e-03
1.798078092000000017e-01,6.845693337230436201e-03
1.799119267000000022e-01,6.844273950667132365e-03
1.799350557000000128e-01,6.843958658474087568e-03
1.799928654000000072e-01,6.843170351892815216e-03
1.800044251000000040e-01,6.843012690411551593e-03
1.800390997000000104e-01,6.842539863355004588e-03
1.800853221000000004e-01,6.841909489387025013e-03
1.800968759000000086e-01,6.841751876129559609e-03
1.801199812000000011e-01,6.841436681500078811e-03
1.801777314999999935e-01,6.840648763863496282e-03
1.802585508000000003e-01,6.839546065478210694e-03
1.803162567000000105e-01,6.838758389517666722e-03
1.803508714000000013e-01,6.838285886830253700e-03
1.803624081000000101e-01,6.838128396817735530e-03
1.804546756000000030e-01,6.836868861616679331e-03
1.805007915999999879e-01,6.836239076369187047e-03
1.805584201000000055e-01,6.835452080089040976e-03
1.805929883000000069e-01,6.834979975654250674e-03
1.806275499999999978e-01,6.834507923140756627e-03
1.806390690000000132e-01,6.834350515969668353e-03
1.806736218999999977e-01,6.833878540588552049e-03
1.807196819999999926e-01,6.833249167304979339e-03
1.807427077000000049e-01,6.832934572167351402e-03
1.807772407000000081e-01,6.832462599484223631e-03
1.808232744999999919e-01,6.831833556407265577e-03
1.808347811000000083e-01,6.831676363223169492e-03
1.809153068000000086e-01,6.830575589934872842e-03
1.810072923999999917e-01,6.829317823230520758e-03
1.810532676999999924e-01,6.828689137180269514e-03
1.810877415000000101e-01,6.828217747749075472e-03
1.811796394999999893e-01,6.826960680503124310e-03
1.812255711000000102e-01,6.826332227084506640e-03
1.812370520999999901e-01,6.826175254529164536e-03
1.812829690999999965e-01,6.825546865214011591e-03
1.813288744999999869e-01,6.824918716522324243e-03
1.814665209000000112e-01,6.823034578070665511e-03
1.815582272000000053e-01,6.821778864952445301e-03
1.815696871999999962e-01,6.821621941817355810e-03
1.816040630000000100e-01,6.821151148060578678e-03
1.816498871999999987e-01,6.820523432427268683e-03
1.816613414000000093e-01,6.820366612409958264e-03
1.816956999000000073e-01,6.819895897335289704e-03
1.817415009999999997e-01,6.819268554340449269e-03
1.817529494000000023e-01,6.819111516604331458e-03
1.817758442000000085e-01,6.818797904429668016e-03
1.818445113000000113e-01,6.817856949730764261e-03
1.818788350999999970e-01,6.817386534593702571e-03
1.819360270000000002e-01,6.816602612840711936e-03
1.819588987999999907e-01,6.816289054218035992e-03
1.819703336000000060e-01,6.816132337565660240e-03
1.821074950999999886e-01,6.814251704758616385e-03
1.821189206000000116e-01,6.814094948264494411e-03
1.821417693999999865e-01,6.813781625337880093e-03
1.821874582999999936e-01,6.813154843932492551e-03
1.822102985000000064e-01,6.812841611009316095e-03
1.822902165999999990e-01,6.811745215276834679e-03
1.823244565000000095e-01,6.811275300159678678e-03
1.823815087000000001e-01,6.810492395542346727e-03
1.824613518000000045e-01,6.809396626563741541e-03
1.824841577000000103e-01,6.809083631374856539e-03
1.825183612000000066e-01,6.808613969974073969e-03
1.825639559999999995e-01,6.807988028613642766e-03
1.825753528999999875e-01,6.807831499314976817e-03
1.826551111999999977e-01,6.806736272443909309e-03
1.826892827000000108e-01,6.806266913017738722e-03
1.827006717999999919e-01,6.806110571137512916e-03
1.827576066000000110e-01,6.805328375158794033e-03
1.828372853999999936e-01,6.804233751678953265e-03
1.828714228999999969e-01,6.803764596581140731e-03
1.829396786999999969e-01,6.802826755337366103e-03
1.829737969999999936e-01,6.802357712315268597e-03
1.830647481999999882e-01,6.801107520199791909e-03
1.832010903000000079e-01,6.799232672779143699e-03
1.832124475999999946e-01,6.799076450840806779e-03
1.832351600000000080e-01,6.798764162311767001e-03
1.832465151999999875e-01,6.798607819345228731e-03
1.832805764000000059e-01,6.798139428749682377e-03
1.833373309999999923e-01,6.797358544436964134e-03
1.833713754000000085e-01,6.796890203697759925e-03
1.833827221000000063e-01,6.796734075495917266e-03
1.833940681000000017e-01,6.796577967120843305e-03
1.834734705999999937e-01,6.795485216845601785e-03
1.834848109999999977e-01,6.795329252841230717e-03
1.835188279999999950e-01,6.794861021888269105e-03
1.835755089999999978e-01,6.794080852641297928e-03
1.835981764999999877e-01,6.793768726348826080e-03
1.836095091999999929e-01,6.793612822476722234e-03
1.836435030999999940e-01,6.793144791750278279e-03
1.836548329999999896e-01,6.792988682944785597e-03
1.837001456000000033e-01,6.792364771830441961e-03
1.837567706999999884e-01,6.791584924876588325e-03
1.837794158000000122e-01,6.791273128228734503e-03
1.837907373000000066e-01,6.791117173087383128e-03
1.838812844000000113e-01,6.789869767677419489e-03
1.840057139000000064e-01,6.788155321612292931e-03
1.840283283999999964e-01,6.787843494690470880e-03
1.840961552000000001e-01,6.786908738424197139e-03
1.841074572999999992e-01,6.786752908766582881e-03
1.841187585999999876e-01,6.786597166874159572e-03
1.841526585000000105e-01,6.786129751434671550e-03
1.842881956999999904e-01,6.784260815552448781e-03
1.843220644000000130e-01,6.783793755888946689e-03
1.843672131000000103e-01,6.783170966487076826e-03
1.844687570000000110e-01,6.781770072617030777e-03
1.845025925999999872e-01,6.781303211785818727e-03
1.845138698000000077e-01,6.781147710316313970e-03
1.845589715000000020e-01,6.780525247382620385e-03
1.845702452000000104e-01,6.780369651366207999e-03
1.846378728999999996e-01,6.779436122220496540e-03
1.846604099999999971e-01,6.779125093644749502e-03
1.847280048000000119e-01,6.778191928832705444e-03
1.848293504999999892e-01,6.776792450653604943e-03
1.848406076999999925e-01,6.776637056699751950e-03
1.848631201000000002e-01,6.776326157188572105e-03
1.849643917999999887e-01,6.774927374095255674e-03
1.849981367000000099e-01,6.774460997008335643e-03
1.850206299000000110e-01,6.774150247533597402e-03
1.850431204000000107e-01,6.773839620229318674e-03
1.850993345999999984e-01,6.773062714441119812e-03
1.851442936999999900e-01,6.772441457740779880e-03
1.852004771000000105e-01,6.771664807267957498e-03
1.852229458000000106e-01,6.771354362446108111e-03
1.852341791000000071e-01,6.771198992545430367e-03
1.852791054000000048e-01,6.770577879681377934e-03
1.853801499000000130e-01,6.769180707078700787e-03
1.854474822000000134e-01,6.768249404689577475e-03
1.854699209000000015e-01,6.767939082180876413e-03
1.855035738999999961e-01,6.767473699482126279e-03
1.855484350000000116e-01,6.766853056696802392e-03
1.855820736999999887e-01,6.766387532778569101e-03
1.856381246999999901e-01,6.765612057905908208e-03
1.856493328999999914e-01,6.765457007829475677e-03
1.856829533000000088e-01,6.764991667418319109e-03
1.857389738999999929e-01,6.764216315231732189e-03
1.857725781000000020e-01,6.763751108605062581e-03
1.858061762000000061e-01,6.763286113892415762e-03
1.858173741999999962e-01,6.763131135890055635e-03
1.858285715999999921e-01,6.762976055664461292e-03
1.859181260999999974e-01,6.761736149964871212e-03
1.860076375999999976e-01,6.760496419918802374e-03
1.860411932000000101e-01,6.760031724067379517e-03
1.860747429000000064e-01,6.759566872215082983e-03
1.860859246999999883e-01,6.759411971447090196e-03
1.861194663000000082e-01,6.758947289366994300e-03
1.861306454999999971e-01,6.758792413502055091e-03
1.861753555000000004e-01,6.758172879488451475e-03
1.861865313000000133e-01,6.758018112988295988e-03
1.862200548000000067e-01,6.757553501698955294e-03
1.862535721999999949e-01,6.757089021511794059e-03
1.863540881999999899e-01,6.755695852687046768e-03
1.864322298999999961e-01,6.754612525566562609e-03
1.864433903000000115e-01,6.754457821845250010e-03
1.864545501000000050e-01,6.754302970333425811e-03
1.864768676000000125e-01,6.753993675142934416e-03
1.864880254000000070e-01,6.753838862794457262e-03
1.865326496999999972e-01,6.753219953122861427e-03
1.865438040999999880e-01,6.753065429962689520e-03
1.866218664000000027e-01,6.751982675753393469e-03
1.867110404000000001e-01,6.750745465267429454e-03
1.867556113999999934e-01,6.750127110745546277e-03
1.868335852000000130e-01,6.749044999434050326e-03
1.868447216000000133e-01,6.748890573831276343e-03
1.868781270000000050e-01,6.748426773239262627e-03
1.869894350999999899e-01,6.746881786706253673e-03
1.870228146000000036e-01,6.746418227661778004e-03
1.870784339000000074e-01,6.745645925816994883e-03
1.871896228999999912e-01,6.744101713534229707e-03
1.872340799999999972e-01,6.743484197887516379e-03
1.872451927000000071e-01,6.743329760450100623e-03
1.872896366000000035e-01,6.742712224385372793e-03
1.873340699999999914e-01,6.742094824217358985e-03
1.873451765999999963e-01,6.741940504344469051e-03
1.875227942999999897e-01,6.739471967397425538e-03
1.875449847000000003e-01,6.739163371396342771e-03
1.876115401000000016e-01,6.738238030846782287e-03
1.876448089999999957e-01,6.737775597276292328e-03
1.876780718999999931e-01,6.737313073196862616e-03
1.876891582000000114e-01,6.737158802705729178e-03
1.877224133000000017e-01,6.736696299667785728e-03
1.877334971000000075e-01,6.736542167824478150e-03
1.877778253999999869e-01,6.735925640644698127e-03
1.878221432999999940e-01,6.735309163147865097e-03
1.878553748000000023e-01,6.734846776433787985e-03
1.878775259000000086e-01,6.734538479538825298e-03
1.879107476999999915e-01,6.734076311439586224e-03
1.879439635000000053e-01,6.733614110233649211e-03
1.879550342000000096e-01,6.733460125933615238e-03
1.880435759999999901e-01,6.732227832530145867e-03
1.880767684000000106e-01,6.731765827131755246e-03
1.880878311999999997e-01,6.731611733693792544e-03
1.881431356999999915e-01,6.730842001749418220e-03
1.882205345999999890e-01,6.729764371367840184e-03
1.882536958000000094e-01,6.729302449605186788e-03
1.883089514999999881e-01,6.728532975096215320e-03
1.883200006999999898e-01,6.728378993280185669e-03
1.883862823000000131e-01,6.727455923851355032e-03
1.884083709000000106e-01,6.727148129653357130e-03
1.884856608999999905e-01,6.726071430262554017e-03
1.885298123999999964e-01,6.725456135378705090e-03
1.885739535000000022e-01,6.724841037309262082e-03
1.885849871999999983e-01,6.724687297544332081e-03
1.886070525999999914e-01,6.724379633776376812e-03
1.886511757000000067e-01,6.723764748708117335e-03
1.887834830000000019e-01,6.721920360465144864e-03
1.888496018999999970e-01,6.720998324187118719e-03
1.888826526000000061e-01,6.720537346901153154e-03
1.889267112999999942e-01,6.719922881667414125e-03
1.889377244000000067e-01,6.719769198906408274e-03
1.889707596999999906e-01,6.719308390926050437e-03
1.890037893000000024e-01,6.718847739873670157e-03
1.890147979000000034e-01,6.718694155384312069e-03
1.890258058000000019e-01,6.718540555883579027e-03
1.891028433999999980e-01,6.717465718936702426e-03
1.891138461999999909e-01,6.717312226031446620e-03
1.891468507999999882e-01,6.716851721634245660e-03
1.892348349000000096e-01,6.715623735989557051e-03
1.892678184000000097e-01,6.715163449934826931e-03
1.892788116000000131e-01,6.715009851112134845e-03
1.893117874999999950e-01,6.714549486585924543e-03
1.894106805000000116e-01,6.713168805078586522e-03
1.894985421000000003e-01,6.711941942459188730e-03
1.895424575999999917e-01,6.711328528479713895e-03
1.896302582000000125e-01,6.710101934483012238e-03
1.896412303999999993e-01,6.709948748817613252e-03
1.896631729000000099e-01,6.709642209346687591e-03
1.897180179999999883e-01,6.708875969651930359e-03
1.897289852000000054e-01,6.708722635723691000e-03
1.897618828000000035e-01,6.708262936752694937e-03
1.897947747000000018e-01,6.707803207483169564e-03
1.898166994000000107e-01,6.707496865141842138e-03
1.898386216999999876e-01,6.707190427095780644e-03
1.898934161999999981e-01,6.706424488788984874e-03
1.899372404000000125e-01,6.705811828652056585e-03
1.899920063999999964e-01,6.705046249063224134e-03
1.900139083999999867e-01,6.704739956431438747e-03
1.900248585000000046e-01,6.704586739213309714e-03
1.900686524000000099e-01,6.703974451995734808e-03
1.901124362000000123e-01,6.703362072774026424e-03
1.901562099000000117e-01,6.702749895655912317e-03
1.901890336000000015e-01,6.702290636683649015e-03
1.901999735999999885e-01,6.702137549776384512e-03
1.902546639999999900e-01,6.701372649891412098e-03
1.903202717999999960e-01,6.700454538903403458e-03
1.903312041999999926e-01,6.700301653207924035e-03
1.904077136000000003e-01,6.699230836355539107e-03
1.904186409999999996e-01,6.699078107955764791e-03
1.904295678000000047e-01,6.698924972450543032e-03
1.904951152999999897e-01,6.698007594020039500e-03
1.905169594999999994e-01,6.697701886838096363e-03
1.905497210000000052e-01,6.697243170672498129e-03
1.906043111000000068e-01,6.696478879767186684e-03
1.906807108999999945e-01,6.695409046915539418e-03
1.906916227000000075e-01,6.695256205170111059e-03
1.907243542000000014e-01,6.694797794682273706e-03
1.907570802000000121e-01,6.694339402974228311e-03
1.907788943000000015e-01,6.694033945070478747e-03
1.908116109000000116e-01,6.693575705915018499e-03
1.908552242999999871e-01,6.692964787685322381e-03
1.909424211000000093e-01,6.691742913226223465e-03
1.909533179000000025e-01,6.691590277499711442e-03
1.909860046000000089e-01,6.691132298040853958e-03
1.910186856999999960e-01,6.690674290708252363e-03
1.910404699999999900e-01,6.690368985532852732e-03
1.911058079000000076e-01,6.689453209455110093e-03
1.911928904999999901e-01,6.688232271729911693e-03
1.912364169000000114e-01,6.687622096557043448e-03
1.912908110000000050e-01,6.686859456018674069e-03
1.913016879999999975e-01,6.686706834787464575e-03
1.913778093999999874e-01,6.685639171400562311e-03
1.914756353000000022e-01,6.684266976043131206e-03
1.915625497000000010e-01,6.683047646355490951e-03
1.915842721000000082e-01,6.682742713502090939e-03
1.915951324000000067e-01,6.682590374757103359e-03
1.916385674999999955e-01,6.681980808416023918e-03
1.916819926999999979e-01,6.681371383663803169e-03
1.917254080000000138e-01,6.680761972156616831e-03
1.917579631000000118e-01,6.680305080355394311e-03
1.917688136000000043e-01,6.680152761654789551e-03
1.918013613000000006e-01,6.679695715218952022e-03
1.918230566999999942e-01,6.679391062713418460e-03
1.918555952000000064e-01,6.678934284032842471e-03
1.918989712999999986e-01,6.678325107944860228e-03
1.919314968999999982e-01,6.677868575547959984e-03
1.919856940000000123e-01,6.677107295128421535e-03
1.920290406999999866e-01,6.676498598665524600e-03
1.920615442999999978e-01,6.676041993980572943e-03
1.920723776000000105e-01,6.675889713305779849e-03
1.921157048000000089e-01,6.675280965499796881e-03
1.921481936999999973e-01,6.674824726902260814e-03
1.921698498999999949e-01,6.674520342497399991e-03
1.922564505000000090e-01,6.673303464890989641e-03
1.922780946000000046e-01,6.672999302002453198e-03
1.922889157000000071e-01,6.672847181582015029e-03
1.923754625999999912e-01,6.671630631831741882e-03
1.924511593000000076e-01,6.670566575052741705e-03
1.925052100999999904e-01,6.669806603029750612e-03
1.925160184999999968e-01,6.669654635884426398e-03
1.925808558000000059e-01,6.668742771662504801e-03
1.926024634000000069e-01,6.668438937393097662e-03
1.926348702000000024e-01,6.667983242071142368e-03
1.927644430999999881e-01,6.666160406510936859e-03
1.928076146999999907e-01,6.665553049186609055e-03
1.928399870999999988e-01,6.665097701498490408e-03
1.928615656000000067e-01,6.664793996787779506e-03
1.928939289000000112e-01,6.664338564479378724e-03
1.929370715000000014e-01,6.663731333323642120e-03
1.929694221999999904e-01,6.663276101579226028e-03
1.930341071999999991e-01,6.662365432917315665e-03
1.930664415999999994e-01,6.661910344904859935e-03
1.931203202000000008e-01,6.661151712041907778e-03
1.931957250000000126e-01,6.660090013113334657e-03
1.932388002000000049e-01,6.659483470632401002e-03
1.932926308000000037e-01,6.658725119889432470e-03
1.933141587999999966e-01,6.658421994752787391e-03
1.933787285000000133e-01,6.657512321420949730e-03
1.934110052999999940e-01,6.657057650290197637e-03
1.934432766999999997e-01,6.656603000226571885e-03
1.934540325999999921e-01,6.656451553250642209e-03
1.934862968000000127e-01,6.655996811883159621e-03
1.935293073000000086e-01,6.655390765399166533e-03
1.935400585000000007e-01,6.655239211120846793e-03
1.935830571000000111e-01,6.654633320036809629e-03
1.936367920000000020e-01,6.653875932785489541e-03
1.936690256999999971e-01,6.653421552500386228e-03
1.937979070999999998e-01,6.651604521849454471e-03
1.938086434000000080e-01,6.651453273545481285e-03
1.938301141000000061e-01,6.651150321997706047e-03
1.938408484999999959e-01,6.650999145296754983e-03
1.938730483999999976e-01,6.650545042942474123e-03
1.938945119000000106e-01,6.650242363194409229e-03
1.939588884000000013e-01,6.649334306401667727e-03
1.939696156999999865e-01,6.649183074664125927e-03
1.940554130999999904e-01,6.647972718372475477e-03
1.940661351000000090e-01,6.647821350877166670e-03
1.941840380000000033e-01,6.646157793211097259e-03
1.942268940999999915e-01,6.645552921911081212e-03
1.943232856000000064e-01,6.644192456684372763e-03
1.943446994999999955e-01,6.643890030751893605e-03
1.943554054999999947e-01,6.643738993250648123e-03
1.943982237999999918e-01,6.643134462669557372e-03
1.944838319999999954e-01,6.641925838050579366e-03
1.944945304000000041e-01,6.641774714639563267e-03
1.945159254000000115e-01,6.641472645405321028e-03
1.945800963000000050e-01,6.640566235825846354e-03
1.946442459999999930e-01,6.639660121837533471e-03
1.946656244999999952e-01,6.639358208971497810e-03
1.946976878999999994e-01,6.638905168653015665e-03
1.947404309000000111e-01,6.638301333754684577e-03
1.947831644999999945e-01,6.637697492030768254e-03
1.948365683999999931e-01,6.636943020031559060e-03
1.948579257999999981e-01,6.636641190659263966e-03
1.948686037000000038e-01,6.636490271107770879e-03
1.949540053000000106e-01,6.635283311264065370e-03
1.949966921000000075e-01,6.634679736641670503e-03
1.950287011000000070e-01,6.634227330304233970e-03
1.950927033000000033e-01,6.633322551697856326e-03
1.951673459999999916e-01,6.632266941925967288e-03
1.952099861999999908e-01,6.631663964673672855e-03
1.952419602000000087e-01,6.631211875467157672e-03
1.952526169999999894e-01,6.631061085684064604e-03
1.952632733000000120e-01,6.630910333063420870e-03
1.953378507999999902e-01,6.629855549885360806e-03
1.953698038999999997e-01,6.629403435042067333e-03
1.953804537000000119e-01,6.629252709189087205e-03
1.954336943999999965e-01,6.628499549691700514e-03
1.954656318000000115e-01,6.628047705264838475e-03
1.955401321000000137e-01,6.626993418240805130e-03
1.955507726999999862e-01,6.626842856901172391e-03
1.955933293000000073e-01,6.626240533415479576e-03
1.956039669000000092e-01,6.626090074244382622e-03
1.956358766000000082e-01,6.625638303745527528e-03
1.957634629999999987e-01,6.623832040829900729e-03
1.958378500000000078e-01,6.622778947073252459e-03
1.958484744000000000e-01,6.622628440733820294e-03
1.958803442000000006e-01,6.622177070646554503e-03
1.958909662999999968e-01,6.622026724515742147e-03
1.959228292000000093e-01,6.621575297403077195e-03
1.959334490000000095e-01,6.621424977104817949e-03
1.960077715000000109e-01,6.620372324072334308e-03
1.960502288000000037e-01,6.619770826938032454e-03
1.961032876000000091e-01,6.619019147160561806e-03
1.961138976000000034e-01,6.618868734637977161e-03
1.961457242999999906e-01,6.618417716194115868e-03
1.961775457999999916e-01,6.617966826836707908e-03
1.961987571999999902e-01,6.617666230533190107e-03
1.962199664000000010e-01,6.617365800343962164e-03
1.962623777999999986e-01,6.616764566700824093e-03
1.962729793000000111e-01,6.616614259652465156e-03
1.963577700999999953e-01,6.615412486176838573e-03
1.963683663999999940e-01,6.615262180128714253e-03
1.964531160000000110e-01,6.614060821894825366e-03
1.964848876999999994e-01,6.613610349463955838e-03
1.965166543000000099e-01,6.613159828356724758e-03
1.965272419999999909e-01,6.613009783059469252e-03
1.966225058000000137e-01,6.611658631141948024e-03
1.966542501000000109e-01,6.611208308095261471e-03
1.966965679000000078e-01,6.610608243921047011e-03
1.967071458999999911e-01,6.610457966873463376e-03
1.967811761999999909e-01,6.609407856314728630e-03
1.968763171000000034e-01,6.608057934305359288e-03
1.968974531999999888e-01,6.607757914817722136e-03
1.969397187999999965e-01,6.607158058639028657e-03
1.969925378999999865e-01,6.606408403640828472e-03
1.970664609999999983e-01,6.605359031762314016e-03
1.970770192000000087e-01,6.605209121678191735e-03
1.971192461999999868e-01,6.604609793867373749e-03
1.971614641999999973e-01,6.604010223431592240e-03
1.971931218000000097e-01,6.603560742850948795e-03
1.972142239999999935e-01,6.603261000196419296e-03
1.972458730999999965e-01,6.602811755700392984e-03
1.973618762999999887e-01,6.601164122412560634e-03
1.974040424000000071e-01,6.600565164293982143e-03
1.974145824999999910e-01,6.600415428981779888e-03
1.974672747000000006e-01,6.599666787642918461e-03
1.975304867000000075e-01,6.598768575169247814e-03
1.975410200999999921e-01,6.598618915960164158e-03
1.975515529000000103e-01,6.598469391565824071e-03
1.976252668000000046e-01,6.597421795245740801e-03
1.976357951000000113e-01,6.597272258442705116e-03
1.976673767000000081e-01,6.596823224805542160e-03
1.977410474999999890e-01,6.595776158928950104e-03
1.977515696000000101e-01,6.595626459883159598e-03
1.978777918000000080e-01,6.593832010854482235e-03
1.978883066999999885e-01,6.593682544370069870e-03
1.979093348000000030e-01,6.593383607825500405e-03
1.979198480000000093e-01,6.593234146507619305e-03
1.979724056000000121e-01,6.592486653459897136e-03
1.980039335000000067e-01,6.592038175500464572e-03
1.980459629000000110e-01,6.591440429189092745e-03
1.980774791000000090e-01,6.590992061166968570e-03
1.981299948999999949e-01,6.590245129045016644e-03
1.981404964000000046e-01,6.590095718425078783e-03
1.981719976000000105e-01,6.589647542210209583e-03
1.982139913000000031e-01,6.589050143415541537e-03
1.982244884000000096e-01,6.588900678383546351e-03
1.982559761999999892e-01,6.588452644942415296e-03
1.982874589999999992e-01,6.588004542756599816e-03
1.983818773999999896e-01,6.586660839180019135e-03
1.983923656000000091e-01,6.586511735791436215e-03
1.984238268000000083e-01,6.586063869025832705e-03
1.984762509000000119e-01,6.585317628214280329e-03
1.985076987999999931e-01,6.584869798856383960e-03
1.985391417000000047e-01,6.584422296119558926e-03
1.985496216000000036e-01,6.584273106965044323e-03
1.985915353999999911e-01,6.583676124294510559e-03
1.987067530000000137e-01,6.582035479415765736e-03
1.987276944999999961e-01,6.581737191654878430e-03
1.988009722999999895e-01,6.580693338465396641e-03
1.988846853000000026e-01,6.579500912084069141e-03
1.988951469999999944e-01,6.579351847365804036e-03
1.989160685999999956e-01,6.579053726561308151e-03
1.989265286000000132e-01,6.578904810148458737e-03
1.989579052999999875e-01,6.578457648679065552e-03
1.990520057000000065e-01,6.577116666790251524e-03
1.990624585000000113e-01,6.576967588117832615e-03
1.990833626000000078e-01,6.576669659333391101e-03
1.991356132000000057e-01,6.575924960621481151e-03
1.991460616000000072e-01,6.575776103597275046e-03
1.991774037000000053e-01,6.575329258145287681e-03
1.992087408999999865e-01,6.574882518341149291e-03
1.992505160999999969e-01,6.574287027497394825e-03
1.992922826000000092e-01,6.573691547362140418e-03
1.993444783999999970e-01,6.572947332794122979e-03
1.993862251999999891e-01,6.572352041005238323e-03
1.993966604999999892e-01,6.572203134076790021e-03
1.994175294999999959e-01,6.571905470639208442e-03
1.995114131000000068e-01,6.570566456396437043e-03
1.995844031000000018e-01,6.569525146361520664e-03
1.996365224999999965e-01,6.568781727896417719e-03
1.996469448000000035e-01,6.568633083801003400e-03
1.997303031999999867e-01,6.567443444779336691e-03
1.998032133000000043e-01,6.566402969441798368e-03
1.998136268000000049e-01,6.566254319088552990e-03
1.998865065000000052e-01,6.565214222092316532e-03
1.998969157000000108e-01,6.565065548730480462e-03
1.999177325000000005e-01,6.564768531404939489e-03
1.999281401000000125e-01,6.564619854557979771e-03
1.999593595999999973e-01,6.564174270084916982e-03
1.999801699000000044e-01,6.563877080282956578e-03
2.000113813000000129e-01,6.563431551467729767e-03
2.000425878000000046e-01,6.562985939865191229e-03
2.000841888999999874e-01,6.562391844639933400e-03
2.000945879000000094e-01,6.562243321837877251e-03
2.001465743999999991e-01,6.561500862231627734e-03
2.001777597999999936e-01,6.561055658265323859e-03
2.002297248000000085e-01,6.560313424080066978e-03
2.002920649000000108e-01,6.559422841702598761e-03
2.003855387000000043e-01,6.558087302243055874e-03
2.003959220000000041e-01,6.557939028453176923e-03
2.004270686999999884e-01,6.557494120984859801e-03
2.004685900000000021e-01,6.556900686187321428e-03
2.005101026999999980e-01,6.556307313419533316e-03
2.005516069000000123e-01,6.555714257362653570e-03
2.005827293000000122e-01,6.555269562242663738e-03
2.006345894000000074e-01,6.554528118639415570e-03
2.006760676999999882e-01,6.553935272893020129e-03
2.007071709000000093e-01,6.553490539839450409e-03
2.007486343000000062e-01,6.552897663161077503e-03
2.007589988000000047e-01,6.552749563519939119e-03
2.008004515000000045e-01,6.552156889079534773e-03
2.008833311999999871e-01,6.550971595295333912e-03
2.008936887999999976e-01,6.550823569812231142e-03
2.009144022999999890e-01,6.550527326052765081e-03
2.009247581999999976e-01,6.550379180539912284e-03
2.009558228999999974e-01,6.549935017115220484e-03
2.011317653999999955e-01,6.547417849474893893e-03
2.011421102000000016e-01,6.547269851513172131e-03
2.011731412999999968e-01,6.546825964503045180e-03
2.012558674999999908e-01,6.545642233799033906e-03
2.012868810000000008e-01,6.545198332547303398e-03
2.013075541000000079e-01,6.544902441350968804e-03
2.013798931000000125e-01,6.543866979518702005e-03
2.014108874999999965e-01,6.543423434497270229e-03
2.014212180000000130e-01,6.543275351087003526e-03
2.014728621999999914e-01,6.542536153607999422e-03
2.015348177000000074e-01,6.541649010250779467e-03
2.015761108999999940e-01,6.541057667574711083e-03
2.016277153999999905e-01,6.540318744306010748e-03
2.016380346999999962e-01,6.540171031961767439e-03
2.016689895000000066e-01,6.539727678818544297e-03
2.017205703000000128e-01,6.538988860739219401e-03
2.017515123999999993e-01,6.538545688482622249e-03
2.018649262999999972e-01,6.536921058123849708e-03
2.019164569999999936e-01,6.536182658115934768e-03
2.019473690999999960e-01,6.535739765549312789e-03
2.019576721000000130e-01,6.535592228265207741e-03
2.019679745000000082e-01,6.535444469430818498e-03
2.019988788000000035e-01,6.535001597117987351e-03
2.020297782000000097e-01,6.534558664468341667e-03
2.020400770000000124e-01,6.534411263218422271e-03
2.020503753000000013e-01,6.534263615480409917e-03
2.021224483999999877e-01,6.533230715585685439e-03
2.021327424999999900e-01,6.533082911230042762e-03
2.022150761000000019e-01,6.531902802708105735e-03
2.022459424999999977e-01,6.531460361114400752e-03
2.022768043000000016e-01,6.531017656476400222e-03
2.022870904999999886e-01,6.530870303055573943e-03
2.023282301000000061e-01,6.530280538629055706e-03
2.023693612999999947e-01,6.529690587237927009e-03
2.024618760000000128e-01,6.528363849624769545e-03
2.025338026999999874e-01,6.527332109098208171e-03
2.025646205999999949e-01,6.526890064836189838e-03
2.026057038000000088e-01,6.526300674226865814e-03
2.026159733000000018e-01,6.526153386542482733e-03
2.026262423000000090e-01,6.526006088568648937e-03
2.026878453000000024e-01,6.525122065620145122e-03
2.026981106000000088e-01,6.524974838568763265e-03
2.027083755000000098e-01,6.524827622820114463e-03
2.027802146999999888e-01,6.523796667028378821e-03
2.027904752999999949e-01,6.523649595566408110e-03
2.028930535000000035e-01,6.522177303118040746e-03
2.029033084000000098e-01,6.522030132609198637e-03
2.029340702000000107e-01,6.521588413256795141e-03
2.029545755000000118e-01,6.521294008234874984e-03
2.029853295000000057e-01,6.520852752194261463e-03
2.030570707000000086e-01,6.519822650920419765e-03
2.031185430000000125e-01,6.518939902722043454e-03
2.032004772000000070e-01,6.517763497070823073e-03
2.032311940000000039e-01,6.517322219325370238e-03
2.032619061000000005e-01,6.516881111107997344e-03
2.032721425000000026e-01,6.516734018590436203e-03
2.033642465000000121e-01,6.515411144234513688e-03
2.033949385000000110e-01,6.514970014144326471e-03
2.034358541000000076e-01,6.514382325614986348e-03
2.034460817000000032e-01,6.514235326803728340e-03
2.034767614000000113e-01,6.513794527969949712e-03
2.035176605000000027e-01,6.513206785978957816e-03
2.036096534000000069e-01,6.511884806354227215e-03
2.036403083999999974e-01,6.511444271187299092e-03
2.036913899999999999e-01,6.510710104275434923e-03
2.037118189999999884e-01,6.510416342061433638e-03
2.037220326999999997e-01,6.510269510472755164e-03
2.038037242999999887e-01,6.509095106569536514e-03
2.038445577000000120e-01,6.508508192347516909e-03
2.038547648000000045e-01,6.508361440466899767e-03
2.039159966999999907e-01,6.507480982716920374e-03
2.039670091000000129e-01,6.506747407539724415e-03
2.039976105000000095e-01,6.506307305504149992e-03
2.040078099000000034e-01,6.506160618539290515e-03
2.040384051999999948e-01,6.505720696231371593e-03
2.040893870999999915e-01,6.504987427687560116e-03
2.041607403000000043e-01,6.503961022382226224e-03
2.041811223999999980e-01,6.503667684697679065e-03
2.042524434999999916e-01,6.502641540825076540e-03
2.042626302999999977e-01,6.502495110255493600e-03
2.043441055999999922e-01,6.501322624201462570e-03
2.043644693999999984e-01,6.501029630992645469e-03
2.043746505000000047e-01,6.500883024081002652e-03
2.044255486000000066e-01,6.500150452071621135e-03
2.044560813000000088e-01,6.499711143096139135e-03
2.044866094999999995e-01,6.499271649287462378e-03
2.044967845000000006e-01,6.499125325022015939e-03
2.045374795999999884e-01,6.498539334410762328e-03
2.045781665999999999e-01,6.497953817684488584e-03
2.046188455000000073e-01,6.497368119345646106e-03
2.046493494000000135e-01,6.496928978322368334e-03
2.047001790999999904e-01,6.496196983218489353e-03
2.048221189999999969e-01,6.494441052345651354e-03
2.048322773000000041e-01,6.494294599710489016e-03
2.048525925999999941e-01,6.494002006471887717e-03
2.048627494999999965e-01,6.493855823065384711e-03
2.048932169999999886e-01,6.493416998491961106e-03
2.049135262000000013e-01,6.493124456791398401e-03
2.049439862000000112e-01,6.492685703586883843e-03
2.050150420000000084e-01,6.491662041200111505e-03
2.051570798000000029e-01,6.489615447771312010e-03
2.051773628000000127e-01,6.489323251524043747e-03
2.052280618000000001e-01,6.488592559852389766e-03
2.052686119000000087e-01,6.488008154371699421e-03
2.053192883000000135e-01,6.487277649499983805e-03
2.053395553000000040e-01,6.486985488187478090e-03
2.053496881000000107e-01,6.486839561422744552e-03
2.054003444999999983e-01,6.486109214318169433e-03
2.054307323000000018e-01,6.485671054991165412e-03
2.054611157000000021e-01,6.485233207913416488e-03
2.054712424000000037e-01,6.485087045573858545e-03
2.055623609999999990e-01,6.483773101335118215e-03
2.056332030999999949e-01,6.482751492077030303e-03
2.056433213999999954e-01,6.482605772248605132e-03
2.057141355999999865e-01,6.481584430152560576e-03
2.057242499999999974e-01,6.481438387902312658e-03
2.057950363000000116e-01,6.480417367767763760e-03
2.058253659000000013e-01,6.479979758776747457e-03
2.058354746999999929e-01,6.479833969955704244e-03
2.059466395000000005e-01,6.478229937034028774e-03
2.059567424000000035e-01,6.478084307283328395e-03
2.059870480999999864e-01,6.477647045159350657e-03
2.060375477999999982e-01,6.476918268770455456e-03
2.060476461999999898e-01,6.476772555772351316e-03
2.060779386000000102e-01,6.476335219130218909e-03
2.061284160000000087e-01,6.475606677458399345e-03
2.061889725999999923e-01,6.474732513125922365e-03
2.061990636000000099e-01,6.474586936798562391e-03
2.062797741000000074e-01,6.473421672144379253e-03
2.062898606999999940e-01,6.473276202312239908e-03
2.063100324000000096e-01,6.472984810295802013e-03
2.063201175000000109e-01,6.472839185325460903e-03
2.064007806000000000e-01,6.471674476244667143e-03
2.064310212000000089e-01,6.471237815563385398e-03
2.064511790999999929e-01,6.470946758544925646e-03
2.064713350000000058e-01,6.470655485751914890e-03
2.065217162999999911e-01,6.469927861424459858e-03
2.065317911000000006e-01,6.469782445103261850e-03
2.065620123999999946e-01,6.469345795788959512e-03
2.065922293999999937e-01,6.468909532892180153e-03
2.066828537000000021e-01,6.467600249944902881e-03
2.067633754000000046e-01,6.466436785208680947e-03
2.068338060999999894e-01,6.465419174942533577e-03
2.068539246999999970e-01,6.465128408603563852e-03
2.068840989999999880e-01,6.464692312909194397e-03
2.069243245999999870e-01,6.464111081220406951e-03
2.070449544000000086e-01,6.462367471703404746e-03
2.070851486999999991e-01,6.461786252887412145e-03
2.070951960999999897e-01,6.461640996568647315e-03
2.071253352999999908e-01,6.461205258484248141e-03
2.071554700000000082e-01,6.460769525219119819e-03
2.071655139999999951e-01,6.460624365229692724e-03
2.072458480999999908e-01,6.459462808251007805e-03
2.072558875999999939e-01,6.459317645652289455e-03
2.072759653000000035e-01,6.459027265376990345e-03
2.073361867000000081e-01,6.458156386705419041e-03
2.073662907999999916e-01,6.457721019847305691e-03
2.074064228999999981e-01,6.457140366733054616e-03
2.074866636999999903e-01,6.455979815802061900e-03
2.076069667000000063e-01,6.454239294914248908e-03
2.076470522999999957e-01,6.453659282488855703e-03
2.077171832999999967e-01,6.452644294051645447e-03
2.077272001000000090e-01,6.452499349470195399e-03
2.077372164000000077e-01,6.452354496742872085e-03
2.077572476000000001e-01,6.452064649292313034e-03
2.077973040999999965e-01,6.451484747729858450e-03
2.078073169999999914e-01,6.451340041922953676e-03
2.078173295000000087e-01,6.451194964543572989e-03
2.078974117000000066e-01,6.450035733749032683e-03
2.079174273999999933e-01,6.449746183368785558e-03
2.079774630000000013e-01,6.448877004492338354e-03
2.080074742999999948e-01,6.448442528993499588e-03
2.080374812999999934e-01,6.448008008238565077e-03
2.080774838999999987e-01,6.447428826415734296e-03
2.080874832999999868e-01,6.447284032497445881e-03
2.081174788000000053e-01,6.446849812285396220e-03
2.081674615999999922e-01,6.446125913114684157e-03
2.082174324000000132e-01,6.445402014856795730e-03
2.082374174000000133e-01,6.445112714936689080e-03
2.082474091000000027e-01,6.444967903984625233e-03
2.082973607999999976e-01,6.444244556895486337e-03
2.083273260000000071e-01,6.443810541385527890e-03
2.083672729000000112e-01,6.443231769819494394e-03
2.083972280999999982e-01,6.442797765699643554e-03
2.084371616000000038e-01,6.442219226862923309e-03
2.084471438000000121e-01,6.442074658911288269e-03
2.084870678000000088e-01,6.441496117192424715e-03
2.085170057999999882e-01,6.441062281387727358e-03
2.085668927999999867e-01,6.440339597075226720e-03
2.086067939000000038e-01,6.439761345321594679e-03
2.086965433000000092e-01,6.438460356725544953e-03
2.087164823999999863e-01,6.438171614366975173e-03
2.087264513000000044e-01,6.438026993610274258e-03
2.087762883000000014e-01,6.437304482180388962e-03
2.088061847999999887e-01,6.436871266001553508e-03
2.088759266000000114e-01,6.435860208857846661e-03
2.088858878000000030e-01,6.435715720819484668e-03
2.089257278999999967e-01,6.435137987360447370e-03
2.089356867999999923e-01,6.434993694908796268e-03
2.089954299000000015e-01,6.434127248124623701e-03
2.090153405000000075e-01,6.433838655402241043e-03
2.090452027999999962e-01,6.433405537274494539e-03
2.090750607999999899e-01,6.432972673400730486e-03
2.091546613999999971e-01,6.431818105894932316e-03
2.091646092999999984e-01,6.431673655668007465e-03
2.092043963999999923e-01,6.431096602527752379e-03
2.092541195000000021e-01,6.430375315454013932e-03
2.092839478000000086e-01,6.429942695264364433e-03
2.093237121000000034e-01,6.429365854261397117e-03
2.093336520000000089e-01,6.429221527243340721e-03
2.093535303999999875e-01,6.428933049368209564e-03
2.094032181999999909e-01,6.428212074190409880e-03
2.094926263999999927e-01,6.426914786614587420e-03
2.095124896999999986e-01,6.426626647498601130e-03
2.095621397999999913e-01,6.425905837138205096e-03
2.096514802999999982e-01,6.424609302097668458e-03
2.096812520000000124e-01,6.424177071901121874e-03
2.097110194000000039e-01,6.423744787956381895e-03
2.097606224999999935e-01,6.423024787897828845e-03
2.097903787000000020e-01,6.422592863349152123e-03
2.098300471000000000e-01,6.422016787400688063e-03
2.098796219999999879e-01,6.421296989145554475e-03
2.099192735000000032e-01,6.420721098421129647e-03
2.099688274000000021e-01,6.420001482903350820e-03
2.099985541000000122e-01,6.419569717088187411e-03
2.100282766000000079e-01,6.419138183203733014e-03
2.100381832000000060e-01,6.418994385074201607e-03
2.101174188000000109e-01,6.417843516818818976e-03
2.101273211999999946e-01,6.417699544447403627e-03
2.101570255000000109e-01,6.417268172335865474e-03
2.102065233000000033e-01,6.416549095469833985e-03
2.102758006999999874e-01,6.415542443331709657e-03
2.103054839999999870e-01,6.415111190292410552e-03
2.103153775000000114e-01,6.414967510518719898e-03
2.103648379999999984e-01,6.414248767049477752e-03
2.104439506999999931e-01,6.413099069609399204e-03
2.104736103000000025e-01,6.412667952062289616e-03
2.105823263999999917e-01,6.411087624979001920e-03
2.105922068999999952e-01,6.410943983762682971e-03
2.106020869000000129e-01,6.410800533762778253e-03
2.106218455999999961e-01,6.410513234280222454e-03
2.106811104999999906e-01,6.409651538422122576e-03
2.107502319000000013e-01,6.408646760226013699e-03
2.107601044999999895e-01,6.408503133308647397e-03
2.107798483999999972e-01,6.408216050577948512e-03
2.108390689000000096e-01,6.407354889620607737e-03
2.108686728999999982e-01,6.406924475995963604e-03
2.109180036999999952e-01,6.406207017687789301e-03
2.109475966000000091e-01,6.405776633075571311e-03
2.110264907999999939e-01,6.404629096232182170e-03
2.110659267999999977e-01,6.404055415581503749e-03
2.110757846999999909e-01,6.403911992441416352e-03
2.110954989999999920e-01,6.403625123988353034e-03
2.111053555000000082e-01,6.403482008515363165e-03
2.112925411999999892e-01,6.400758498670764719e-03
2.113023884999999935e-01,6.400615163862222526e-03
2.113122353000000120e-01,6.400471803282415002e-03
2.113417730999999911e-01,6.400041835311592875e-03
2.113811502999999870e-01,6.399468897638519241e-03
2.115385858000000119e-01,6.397177506012632388e-03
2.115680920000000131e-01,6.396747713364350600e-03
2.116074270999999951e-01,6.396175171645318222e-03
2.116270919000000084e-01,6.395888964605495053e-03
2.116565857000000106e-01,6.395459543539173779e-03
2.116860752999999984e-01,6.395030095028826286e-03
2.116959042999999874e-01,6.394886943682172135e-03
2.117253885000000002e-01,6.394457698217078864e-03
2.117745196999999968e-01,6.393742285732675369e-03
2.117843446000000074e-01,6.393599302216345509e-03
2.118138165000000017e-01,6.393169983478168457e-03
2.118432842999999899e-01,6.392740968302446092e-03
2.118629271999999952e-01,6.392454696512022208e-03
2.118923880999999954e-01,6.392025739373884130e-03
2.120396314999999920e-01,6.389881010490702958e-03
2.120494441000000119e-01,6.389738037292229042e-03
2.120886898999999881e-01,6.389166158959806198e-03
2.121573525999999876e-01,6.388165977485696888e-03
2.121671598000000047e-01,6.388023037879173374e-03
2.121769665000000082e-01,6.387880049998455323e-03
2.121965785000000104e-01,6.387594395966338622e-03
2.122456006000000006e-01,6.386880088797113920e-03
2.122554037000000116e-01,6.386737294195008602e-03
2.122848102000000070e-01,6.386308628008538664e-03
2.123142125999999963e-01,6.385880344831901777e-03
2.123338119000000024e-01,6.385594688895483706e-03
2.123632075000000119e-01,6.385166065857527176e-03
2.124023953999999992e-01,6.384595094881199973e-03
2.124415759999999931e-01,6.384023885974842924e-03
2.125101246999999971e-01,6.383024826531459757e-03
2.125199154999999895e-01,6.382881967191111894e-03
2.125688631000000051e-01,6.382168300488365656e-03
2.125982261999999900e-01,6.381740265964038449e-03
2.126373706999999946e-01,6.381169594026408695e-03
2.127254195999999931e-01,6.379885706260934354e-03
2.127547610999999950e-01,6.379457841336366730e-03
2.127840984999999907e-01,6.379030051946774083e-03
2.128036546000000029e-01,6.378744766373657671e-03
2.128623119999999980e-01,6.377889453368453324e-03
2.128720866999999906e-01,6.377746654173476783e-03
2.128818608999999973e-01,6.377604274727154479e-03
2.129502678000000093e-01,6.376606514079436079e-03
2.129600385000000040e-01,6.376464042415070678e-03
2.129795784000000081e-01,6.376178880575967753e-03
2.130674858000000116e-01,6.374896399711591638e-03
2.131358331000000050e-01,6.373899435672347735e-03
2.131455952999999903e-01,6.373756726662201284e-03
2.132724621000000043e-01,6.371905649372157365e-03
2.133017284000000013e-01,6.371478540495352332e-03
2.133407438000000100e-01,6.370909234338821038e-03
2.134285025000000058e-01,6.369628095865943231e-03
2.134577473000000003e-01,6.369201181729079383e-03
2.134869882000000052e-01,6.368774397094632139e-03
2.134967342000000101e-01,6.368632150092550306e-03
2.135064798999999902e-01,6.368489782959295235e-03
2.135357139999999876e-01,6.368063192335886996e-03
2.135649441999999953e-01,6.367636414075619582e-03
2.135746866999999882e-01,6.367494200229899086e-03
2.136039116000000015e-01,6.367067444862714934e-03
2.136623492999999985e-01,6.366214250396975971e-03
2.136915621000000098e-01,6.365787729962484043e-03
2.137597099000000112e-01,6.364792608944750719e-03
2.137986417999999944e-01,6.364223871989928630e-03
2.138083735999999901e-01,6.364081890798230050e-03
2.138862125000000058e-01,6.362944941628157977e-03
2.139153947999999916e-01,6.362518683420082845e-03
2.139737473999999973e-01,6.361666288046431521e-03
2.140418054000000070e-01,6.360672267170937658e-03
2.140709664000000068e-01,6.360246315680046295e-03
2.141098416999999976e-01,6.359678132345454593e-03
2.141875709999999933e-01,6.358542444763628718e-03
2.141972852000000038e-01,6.358400511961224445e-03
2.142069989000000008e-01,6.358258696374495707e-03
2.142361375000000068e-01,6.357832928835192680e-03
2.142846929999999983e-01,6.357123393268424016e-03
2.143526521999999934e-01,6.356130178117498815e-03
2.143623588999999940e-01,6.355988238324350621e-03
2.143914764000000028e-01,6.355562553497875501e-03
2.144205899000000137e-01,6.355137073064519998e-03
2.144399966999999962e-01,6.354853377693735379e-03
2.145079067000000006e-01,6.353860601109953717e-03
2.145467027999999887e-01,6.353293686926655623e-03
2.145854918000000000e-01,6.352726415854713891e-03
2.146242738999999955e-01,6.352159324514557170e-03
2.146533558000000008e-01,6.351734360676817778e-03
2.146727415999999944e-01,6.351450931856785984e-03
2.147308883999999862e-01,6.350600514735312181e-03
2.148180791000000034e-01,6.349325576359705035e-03
2.148277647000000068e-01,6.349183790458289532e-03
2.148568191000000127e-01,6.348759007131978861e-03
2.148955522000000062e-01,6.348192429326977512e-03
2.149342783000000034e-01,6.347625926634835672e-03
2.149729974000000043e-01,6.347059597835068290e-03
2.149826760999999919e-01,6.346918177323948064e-03
2.150020321999999984e-01,6.346634786881024184e-03
2.150504146999999977e-01,6.345926962032411196e-03
2.150600899000000010e-01,6.345785435843235255e-03
2.150891128999999902e-01,6.345360851919146748e-03
2.151664885000000027e-01,6.344228881599320823e-03
2.152438362000000105e-01,6.343097203571199626e-03
2.152921644000000134e-01,6.342390008708335102e-03
2.153114925999999874e-01,6.342107092624442444e-03
2.153211560999999941e-01,6.341965545723836535e-03
2.153694670000000089e-01,6.341258742657404981e-03
2.153984482999999894e-01,6.340834377658756751e-03
2.154274257000000081e-01,6.340410235110668230e-03
2.154660562000000057e-01,6.339844913539599731e-03
2.155143344999999877e-01,6.339138032986589393e-03
2.155239888999999909e-01,6.338996910012875338e-03
2.155819060999999981e-01,6.338148923457658478e-03
2.155915575000000028e-01,6.338007712474874773e-03
2.156012083999999940e-01,6.337866372509267515e-03
2.156301585000000021e-01,6.337442560434248910e-03
2.156687526999999938e-01,6.336877626159087562e-03
2.157459203000000048e-01,6.335747585174566002e-03
2.157748510999999980e-01,6.335324045261406418e-03
2.158327009000000074e-01,6.334476820418238896e-03
2.158616201000000123e-01,6.334053216776111897e-03
2.159290829000000134e-01,6.333065254406126075e-03
2.160157899000000048e-01,6.331795086010891423e-03
2.160446845000000005e-01,6.331372078522289407e-03
2.160928336000000061e-01,6.330666756032393358e-03
2.161313451999999913e-01,6.330102421565169703e-03
2.162179710999999893e-01,6.328833280352102499e-03
2.162372166000000040e-01,6.328551255717058607e-03
2.162468386999999992e-01,6.328410329660499878e-03
2.162757023999999917e-01,6.327987358003850718e-03
2.162853228000000128e-01,6.327846345057734807e-03
2.163238000999999910e-01,6.327282563724613042e-03
2.163718870000000127e-01,6.326577842314258168e-03
2.163911188000000041e-01,6.326296001214833271e-03
2.164391907999999864e-01,6.325591575566606728e-03
2.164488039999999947e-01,6.325450489880834505e-03
2.164776408000000096e-01,6.325028072808471825e-03
2.165449117000000090e-01,6.324041734754916495e-03
2.165833429000000032e-01,6.323478689241434324e-03
2.165929496000000010e-01,6.323337635581140724e-03
2.166697880000000020e-01,6.322211261959008628e-03
2.166793908999999907e-01,6.322070328925050338e-03
2.167081969999999913e-01,6.321648182465679743e-03
2.167561987000000134e-01,6.320944320970548966e-03
2.168137867000000107e-01,6.320099982078528772e-03
2.168521701999999995e-01,6.319537140964036522e-03
2.168905469000000086e-01,6.318974396434551624e-03
2.169097326999999964e-01,6.318692883588816582e-03
2.169864589999999926e-01,6.317567834284804063e-03
2.170152243000000036e-01,6.317145957159119897e-03
2.170535721999999890e-01,6.316583208880895833e-03
2.170631580999999866e-01,6.316442666065633441e-03
2.171302475999999926e-01,6.315458570404294467e-03
2.171589939999999941e-01,6.315036885389621428e-03
2.171973164000000067e-01,6.314474761318797542e-03
2.172164752000000087e-01,6.314193725423869474e-03
2.172739411000000065e-01,6.313350416930501967e-03
2.172835173000000064e-01,6.313210068162118833e-03
2.173122433999999936e-01,6.312788400008796652e-03
2.173218178999999917e-01,6.312648071421990414e-03
2.173601115999999889e-01,6.312086093293570524e-03
2.173983986999999951e-01,6.311524431707663321e-03
2.174749525000000128e-01,6.310400870220219532e-03
2.175036532999999883e-01,6.309979682630667552e-03
2.175132193000000047e-01,6.309839318387226552e-03
2.175992951000000064e-01,6.308575790900083566e-03
2.176184184000000132e-01,6.308295265482638699e-03
2.176757782000000030e-01,6.307453368766323225e-03
2.177331230000000006e-01,6.306611522375871019e-03
2.177426789999999945e-01,6.306471213712964985e-03
2.178191117999999926e-01,6.305348914351654836e-03
2.178286640000000052e-01,6.305208632377402693e-03
2.178573182000000108e-01,6.304788014966152855e-03
2.179241631999999929e-01,6.303806365083769979e-03
2.179337108000000134e-01,6.303666165758381283e-03
2.179718971000000061e-01,6.303105460270168152e-03
2.180482495000000132e-01,6.301984237908327645e-03
2.180577917000000032e-01,6.301844115742518022e-03
2.180768747999999868e-01,6.301563909071702940e-03
2.181150360000000121e-01,6.301003506677467676e-03
2.181341140999999983e-01,6.300723128689080486e-03
2.181627281999999890e-01,6.300302801359990330e-03
2.182008742999999862e-01,6.299742511476906504e-03
2.182294795999999981e-01,6.299322364706393118e-03
2.182771467000000076e-01,6.298622267024484370e-03
2.182866789000000030e-01,6.298482106071442641e-03
2.183152728999999959e-01,6.298062071749554319e-03
2.183629213000000124e-01,6.297362003530668738e-03
2.183915053000000106e-01,6.296941985608746004e-03
2.184200856000000079e-01,6.296521961814655066e-03
2.184296115999999899e-01,6.296382117571396736e-03
2.184391371000000137e-01,6.296242247769584868e-03
2.185153263000000068e-01,6.295122750496669368e-03
2.185914888999999917e-01,6.294003338229369263e-03
2.186200430999999944e-01,6.293583693141696113e-03
2.186581095000000030e-01,6.293024134884256902e-03
2.186866548999999993e-01,6.292604697352786880e-03
2.186961692999999929e-01,6.292464875710081923e-03
2.187342224000000113e-01,6.291905532109900827e-03
2.187437346999999976e-01,6.291765833726260283e-03
2.188483421999999901e-01,6.290228038653938696e-03
2.188863688999999890e-01,6.289668912855622684e-03
2.189528997000000088e-01,6.288690715430398509e-03
2.189624024000000058e-01,6.288550991465277455e-03
2.190004093000000041e-01,6.287992227904740279e-03
2.190479086000000075e-01,6.287293806602901880e-03
2.191238862000000065e-01,6.286176388394958646e-03
2.191428763999999918e-01,6.285897201496089270e-03
2.191903449000000004e-01,6.285199114791211253e-03
2.192283121999999973e-01,6.284640892993562968e-03
2.192567834999999965e-01,6.284221829925360631e-03
2.192757622000000017e-01,6.283942815037547695e-03
2.193326885999999920e-01,6.283105511776143799e-03
2.193801159999999861e-01,6.282407807784133255e-03
2.194275330999999885e-01,6.281710324836291791e-03
2.195318148000000025e-01,6.280175969516731474e-03
2.195602466000000086e-01,6.279757609661119726e-03
2.195981499999999920e-01,6.279199933977988764e-03
2.196455200999999913e-01,6.278503167562404438e-03
2.196834088000000074e-01,6.277945595713480334e-03
2.197118210000000016e-01,6.277527356686597552e-03
2.197212909000000047e-01,6.277388095876501248e-03
2.197307604000000025e-01,6.277248481717946811e-03
2.198727543000000006e-01,6.275158742449964654e-03
2.198822172999999880e-01,6.275019557922126637e-03
2.199106037999999930e-01,6.274601531823538643e-03
2.199389867000000054e-01,6.274183719518836889e-03
2.199579066000000027e-01,6.273905301507680561e-03
2.199862834000000100e-01,6.273487642356144305e-03
2.200241133999999987e-01,6.272930781435092328e-03
2.200524815999999884e-01,6.272513205557549675e-03
2.201092071000000094e-01,6.271677813002051773e-03
2.201375644000000131e-01,6.271260410947564028e-03
2.201848184000000097e-01,6.270564619618669913e-03
2.202509568999999889e-01,6.269590819438384567e-03
2.203170755999999952e-01,6.268617225568220118e-03
2.203265195999999926e-01,6.268477998095155733e-03
2.203548489000000110e-01,6.268060933422018276e-03
2.204020563000000099e-01,6.267365667683260678e-03
2.204114964999999982e-01,6.267226491903752847e-03
2.204398149000000029e-01,6.266809488844787487e-03
2.204681296999999873e-01,6.266392326644347824e-03
2.204775670999999937e-01,6.266253313958093304e-03
2.205530521000000077e-01,6.265141559589850265e-03
2.206379417999999870e-01,6.263890889413617664e-03
2.206568017999999964e-01,6.263613008442025197e-03
2.206662310999999987e-01,6.263474153619283738e-03
2.207039446000000071e-01,6.262918409641255943e-03
2.207416516000000051e-01,6.262362693511639225e-03
2.207793520999999926e-01,6.261807330953155816e-03
2.207887762999999892e-01,6.261668350667024679e-03
2.208076233000000055e-01,6.261390790238801837e-03
2.208170462999999861e-01,6.261251771107776386e-03
2.208453126000000100e-01,6.260835450362127116e-03
2.208641548999999982e-01,6.260557765144453800e-03
2.209206720000000124e-01,6.259725030934255863e-03
2.209300901000000039e-01,6.259585962925320012e-03
2.210054204999999938e-01,6.258475843351504406e-03
2.210148349999999928e-01,6.258337234875436909e-03
2.210807251999999945e-01,6.257365922356955545e-03
2.211465958000000120e-01,6.256394851070143370e-03
2.211654124000000110e-01,6.256117671945433598e-03
2.212406625999999987e-01,6.255008138564202048e-03
2.212594712000000019e-01,6.254731032883547800e-03
2.212688748999999955e-01,6.254592287900649292e-03
2.213440899999999933e-01,6.253483449900312970e-03
2.213816879000000126e-01,6.252929067771741296e-03
2.214568647000000057e-01,6.251820504919150708e-03
2.214944434999999989e-01,6.251266162774340995e-03
2.215414081000000035e-01,6.250573581775883264e-03
2.216071417000000099e-01,6.249604277766392102e-03
2.216728558999999932e-01,6.248635179457769605e-03
2.216822421000000098e-01,6.248496668700200332e-03
2.216916278000000129e-01,6.248358183598188599e-03
2.217103981000000112e-01,6.248081381109949102e-03
2.217197827000000065e-01,6.247942814329269200e-03
2.217573169000000011e-01,6.247389077668791431e-03
2.217948448000000017e-01,6.246835470070550254e-03
2.218417457999999898e-01,6.246143672810535591e-03
2.218605033999999920e-01,6.245866864141319356e-03
2.219073904999999958e-01,6.245175373779273537e-03
2.219167666999999899e-01,6.245036876151103741e-03
2.219730156999999982e-01,6.244206937276377579e-03
2.220479922999999967e-01,6.243100686156785595e-03
2.220573626000000023e-01,6.242962381069879114e-03
2.221416773999999872e-01,6.241718001853947817e-03
2.221604097000000055e-01,6.241441710844864224e-03
2.221697752000000026e-01,6.241303511669217541e-03
2.222165969999999879e-01,6.240612444690696141e-03
2.223102110999999881e-01,6.239230618624709741e-03
2.223570032999999946e-01,6.238540073697866270e-03
2.223663606000000070e-01,6.238402055731811190e-03
2.223944300000000041e-01,6.237987632805469876e-03
2.224318503999999919e-01,6.237435363319658588e-03
2.224412045999999976e-01,6.237297130042499492e-03
2.225066723999999940e-01,6.236330793609464601e-03
2.225160234000000126e-01,6.236192476309106517e-03
2.225814691999999928e-01,6.235226362844547773e-03
2.225908169999999964e-01,6.235088460903251938e-03
2.226095114999999958e-01,6.234812169884899717e-03
2.226188581000000111e-01,6.234674210482822956e-03
2.226468957000000137e-01,6.234260368086799904e-03
2.226936171999999992e-01,6.233570440262675184e-03
2.227216454000000012e-01,6.233156521251408469e-03
2.227683511999999921e-01,6.232466743733718582e-03
2.228150472000000049e-01,6.231777146494700027e-03
2.228430601999999983e-01,6.231363543716273573e-03
2.228710694999999908e-01,6.230949736464863435e-03
2.229177441000000093e-01,6.230260296337981549e-03
2.229457441000000095e-01,6.229846678678542873e-03
2.229550765999999962e-01,6.229708980547087570e-03
2.230297230000000130e-01,6.228606458424697755e-03
2.230577089999999929e-01,6.228192750324224210e-03
2.231136703000000110e-01,6.227366353820905538e-03
2.231416458000000103e-01,6.226952942849267418e-03
2.231789409000000113e-01,6.226401757031926193e-03
2.232069080999999899e-01,6.225988670028794608e-03
2.232628321000000027e-01,6.225162469276210135e-03
2.232907888000000007e-01,6.224749467146978125e-03
2.233373755999999988e-01,6.224060875471820048e-03
2.233560075999999894e-01,6.223785724770109287e-03
2.234863880000000080e-01,6.221858814367523319e-03
2.235050075999999997e-01,6.221583622902775515e-03
2.235143168000000014e-01,6.221445976084807525e-03
2.235608570000000017e-01,6.220758107730184859e-03
2.235887763999999944e-01,6.220345349899996518e-03
2.236259969999999930e-01,6.219795170482803406e-03
2.236539083000000094e-01,6.219382712617363418e-03
2.237004194999999973e-01,6.218695224810995986e-03
2.238120067999999907e-01,6.217045381373744253e-03
2.238491901999999922e-01,6.216495847810222034e-03
2.239235384999999912e-01,6.215396583890592762e-03
2.239328302999999964e-01,6.215259148656630296e-03
2.239607033999999885e-01,6.214846913779976598e-03
2.240071507999999989e-01,6.214160012474880326e-03
2.240628751000000030e-01,6.213336121916702287e-03
2.241093013000000078e-01,6.212649402265152387e-03
2.241464354000000103e-01,6.212100180496816192e-03
2.241557180000000038e-01,6.211963160742754210e-03
2.241835634000000077e-01,6.211551339852278315e-03
2.242578007999999901e-01,6.210453150097324654e-03
2.243691109000000017e-01,6.208806511701335691e-03
2.243969298000000057e-01,6.208395100853210564e-03
2.244062019999999991e-01,6.208258141404208140e-03
2.244340163000000110e-01,6.207846548766076354e-03
2.244432869000000108e-01,6.207709380153528071e-03
2.244525572000000135e-01,6.207572337210866611e-03
2.244803657999999980e-01,6.207160945581234601e-03
2.245081708999999981e-01,6.206749439612309349e-03
2.245174384999999995e-01,6.206612216433360189e-03
2.245267056999999955e-01,6.206475229111350911e-03
2.245452390000000076e-01,6.206201029624999234e-03
2.246286198999999928e-01,6.204967215336194657e-03
2.246749292999999925e-01,6.204281916950557009e-03
2.246934503000000138e-01,6.204007809081530170e-03
2.247304878999999977e-01,6.203459916137119001e-03
2.247397462999999873e-01,6.203322846575836172e-03
2.248230551000000021e-01,6.202089722962283828e-03
2.248415639000000132e-01,6.201816047418904493e-03
2.248508177999999913e-01,6.201679133797571852e-03
2.249248349999999896e-01,6.200583283542751740e-03
2.249618344000000048e-01,6.200035687526173588e-03
2.249895799999999946e-01,6.199625243533590270e-03
2.250265689000000013e-01,6.199077483618894817e-03
2.250450609999999907e-01,6.198803780609089646e-03
2.251005282000000107e-01,6.197982498781896311e-03
2.251190143000000032e-01,6.197709090264564083e-03
2.251467404999999977e-01,6.197298625284172052e-03
2.251837034999999987e-01,6.196751229800945109e-03
2.251929433000000036e-01,6.196614301943194868e-03
2.252576112999999935e-01,6.195656972722616770e-03
2.252853204999999970e-01,6.195246572056876434e-03
2.252945560999999874e-01,6.195110026899748254e-03
2.253222606999999988e-01,6.194699685645899123e-03
2.253407286000000120e-01,6.194426210519540441e-03
2.253684274999999959e-01,6.194016127943011325e-03
2.254053541999999910e-01,6.193469251652742105e-03
2.254884169999999965e-01,6.192239028247842857e-03
2.255160978000000094e-01,6.191829347559161395e-03
2.255622248999999968e-01,6.191145990538284537e-03
2.256267871000000036e-01,6.190189709831581989e-03
2.256913308000000062e-01,6.189233654142440449e-03
2.257005498000000110e-01,6.189097034125162940e-03
2.257097684000000104e-01,6.188960694227202061e-03
2.257282046000000097e-01,6.188687614572555180e-03
2.257742883999999950e-01,6.188004660384013519e-03
2.257835039999999960e-01,6.187868210364919075e-03
2.258111486000000112e-01,6.187458702224850164e-03
2.258756396000000111e-01,6.186503301595274243e-03
2.259309029000000080e-01,6.185684299015312831e-03
2.259585295000000049e-01,6.185275279080620220e-03
2.260045663999999954e-01,6.184592884420535980e-03
2.260321838999999888e-01,6.184183602715080316e-03
2.260690022000000077e-01,6.183638292550975614e-03
2.261426206000000105e-01,6.182547306531166811e-03
2.261518211999999917e-01,6.182410896190758051e-03
2.262070170999999907e-01,6.181592829817852096e-03
2.262530033000000051e-01,6.180911221330973385e-03
2.262805905999999978e-01,6.180502350193116737e-03
2.263173683999999963e-01,6.179957173771094547e-03
2.264000965999999893e-01,6.178730936087189866e-03
2.264368549000000119e-01,6.178186194240712498e-03
2.264460436000000076e-01,6.178050044751959118e-03
2.264736073999999988e-01,6.177641279737918802e-03
2.265103538000000083e-01,6.177096348927171854e-03
2.265195395000000056e-01,6.176960353287195074e-03
2.265838287999999978e-01,6.176007222745696738e-03
2.266113757999999867e-01,6.175598841560150584e-03
2.266664597999999975e-01,6.174782244717159918e-03
2.266939967000000111e-01,6.174373722870828661e-03
2.267215303000000015e-01,6.173965413745461511e-03
2.267582365999999960e-01,6.173421358320075984e-03
2.267674121999999903e-01,6.173285320297327433e-03
2.268408040000000070e-01,6.172196780074548812e-03
2.268683197999999956e-01,6.171788592560303009e-03
2.268866618000000002e-01,6.171516753576367260e-03
2.269141719999999973e-01,6.171108738477121269e-03
2.269508470999999916e-01,6.170564667319623949e-03
2.270241795000000062e-01,6.169477145673167573e-03
2.270608369000000071e-01,6.168933441143415776e-03
2.270883260000000070e-01,6.168525728385881347e-03
2.270974883000000111e-01,6.168389861826035700e-03
2.271066502000000098e-01,6.168253897944581815e-03
2.271707733999999979e-01,6.167302612454463387e-03
2.271799324000000064e-01,6.167166842100351223e-03
2.272440349000000026e-01,6.166215656843402650e-03
2.272531909000000128e-01,6.166079992696893962e-03
2.272806568000000083e-01,6.165672439699045049e-03
2.273081193000000000e-01,6.165265088492598300e-03
2.273538827999999901e-01,6.164586255126182877e-03
2.273813365000000031e-01,6.164178893584269271e-03
2.274270852999999981e-01,6.163499927478993147e-03
2.274636777000000054e-01,6.162956842757324680e-03
2.274728249000000091e-01,6.162821157944656236e-03
2.274911181000000004e-01,6.162549676584203398e-03
2.275002641999999964e-01,6.162413907555682781e-03
2.275459891000000123e-01,6.161735704744797891e-03
2.276008468000000062e-01,6.160921539653547302e-03
2.276739698999999950e-01,6.159836080507614595e-03
2.276831085999999893e-01,6.159700707316011041e-03
2.276922469999999865e-01,6.159564961580745769e-03
2.277196599000000099e-01,6.159158196862218881e-03
2.277562052000000059e-01,6.158615713171698008e-03
2.277927448000000021e-01,6.158073262808629045e-03
2.278292784000000015e-01,6.157531113262543383e-03
2.279114577999999947e-01,6.156310974696000901e-03
2.279297157999999879e-01,6.156039935250790310e-03
2.279844812000000054e-01,6.155227087617899141e-03
2.280118590000000112e-01,6.154820520938153808e-03
2.280483574999999929e-01,6.154278784589730864e-03
2.280757276000000000e-01,6.153872381146661442e-03
2.281213370999999879e-01,6.153195187567389764e-03
2.281304578999999999e-01,6.153059760008560211e-03
2.282034112999999920e-01,6.151976396524339377e-03
2.282307627999999866e-01,6.151570585260087223e-03
2.282581110000000135e-01,6.151164275332702581e-03
2.283674710999999968e-01,6.149540229352903203e-03
2.284221314999999863e-01,6.148728572888645383e-03
2.284494568000000059e-01,6.148322802863244972e-03
2.284767789000000104e-01,6.147917054894301916e-03
2.284858855000000133e-01,6.147781600699398809e-03
2.284949917000000108e-01,6.147646456296835052e-03
2.285132031000000064e-01,6.147376052140342793e-03
2.285587253999999957e-01,6.146699894721259147e-03
2.285678287000000031e-01,6.146564326961068657e-03
2.285951365999999985e-01,6.146158861041300416e-03
2.286224411999999984e-01,6.145753296827297443e-03
2.286588422999999981e-01,6.145212630699682307e-03
2.287043354999999945e-01,6.144536907712790270e-03
2.287771058999999996e-01,6.143455798719031809e-03
2.288043888000000081e-01,6.143050289696936304e-03
2.288407608999999954e-01,6.142510050200108290e-03
2.288862180000000024e-01,6.141834383976810946e-03
2.289225770999999965e-01,6.141294473792803868e-03
2.289952781000000048e-01,6.140213978387728741e-03
2.290043640999999963e-01,6.140078978210347996e-03
2.290316199000000108e-01,6.139674054308979535e-03
2.290588725000000103e-01,6.139269198828805132e-03
2.290770390999999906e-01,6.138999065429084911e-03
2.291042862999999874e-01,6.138594119536050150e-03
2.291496909999999887e-01,6.137919244981962161e-03
2.292132426000000056e-01,6.136974913183986663e-03
2.292495498999999881e-01,6.136435272184033105e-03
2.292949259000000017e-01,6.135760806836673513e-03
2.293221471999999928e-01,6.135356066973475173e-03
2.293584371999999871e-01,6.134816614499360651e-03
2.293856509999999960e-01,6.134412280229390585e-03
2.293947215000000095e-01,6.134277427935203378e-03
2.294672728999999911e-01,6.133198771063380107e-03
2.295126057999999913e-01,6.132524934083983213e-03
2.295760568999999918e-01,6.131581739782792848e-03
2.296576112000000003e-01,6.130369249857115996e-03
2.296757304000000000e-01,6.130099910832432879e-03
2.297119646000000126e-01,6.129560992430803379e-03
2.297210222000000135e-01,6.129426182534656112e-03
2.297300794999999896e-01,6.129291676880524974e-03
2.297844156999999943e-01,6.128483851558156129e-03
2.297934705000000133e-01,6.128348946611395648e-03
2.298658959999999862e-01,6.127271980012359565e-03
2.299021001999999869e-01,6.126733577842828800e-03
2.299292495999999963e-01,6.126329873389186297e-03
2.299473475000000100e-01,6.126060801998645458e-03
2.299654439000000106e-01,6.125791621749366624e-03
2.300106785999999903e-01,6.125119065076643776e-03
2.300468599999999919e-01,6.124580699751179004e-03
2.300830356999999937e-01,6.124042854133135427e-03
2.300920787999999884e-01,6.123908304359077827e-03
2.301101637999999894e-01,6.123639061277059981e-03
2.301192058000000040e-01,6.123504698892198554e-03
2.302547927999999966e-01,6.121487898023350235e-03
2.302999706999999951e-01,6.120815742644275005e-03
2.303090051999999999e-01,6.120681264123573918e-03
2.303632049000000070e-01,6.119875052203348730e-03
2.303722368999999992e-01,6.119740634124811070e-03
2.304083616000000001e-01,6.119203265143100326e-03
2.304535094000000062e-01,6.118531654104262044e-03
2.305167015000000041e-01,6.117591461474895104e-03
2.305257274999999995e-01,6.117457010330413364e-03
2.305528034999999865e-01,6.117054157762380658e-03
2.305798762000000057e-01,6.116651387573691749e-03
2.305979230000000102e-01,6.116382921765628304e-03
2.306249904999999878e-01,6.115980050966530503e-03
2.306610755000000068e-01,6.115442995651763740e-03
2.306971549000000066e-01,6.114906089768638517e-03
2.307422462000000007e-01,6.114235222371763347e-03
2.307963440999999949e-01,6.113429975832741087e-03
2.308143739999999888e-01,6.113161479354020655e-03
2.308414161000000020e-01,6.112759161663146139e-03
2.308684550000000002e-01,6.112356510315587743e-03
2.308774673000000000e-01,6.112222489347787606e-03
2.309405432999999952e-01,6.111283609953920178e-03
2.309585618999999979e-01,6.111015526640319051e-03
2.309765790999999957e-01,6.110747298188726022e-03
2.309855871000000005e-01,6.110613090572203365e-03
2.310306220999999993e-01,6.109942809450184115e-03
2.310576389000000008e-01,6.109540828808584373e-03
2.310846525999999956e-01,6.109138413220087556e-03
2.310936564000000137e-01,6.109004723890530328e-03
2.311206658000000136e-01,6.108602503956476679e-03
2.311656745000000013e-01,6.107932421970974600e-03
2.311746752000000127e-01,6.107798519182310211e-03
2.312466680999999968e-01,6.106726655723348704e-03
2.312736595999999867e-01,6.106324656587394477e-03
2.313456217000000037e-01,6.105253140012046817e-03
2.314085700999999884e-01,6.104316150574638083e-03
2.314175613999999992e-01,6.104182143181059554e-03
2.314445330000000078e-01,6.103780318473854549e-03
2.314625123000000062e-01,6.103512698307979323e-03
2.315523879999999979e-01,6.102174481592158653e-03
2.315973128000000103e-01,6.101505403410385948e-03
2.316062966999999917e-01,6.101371583431913423e-03
2.316332463000000119e-01,6.100970230942969440e-03
2.316691743000000026e-01,6.100435230155341372e-03
2.316781554000000021e-01,6.100301172558165487e-03
2.317320348999999946e-01,6.099498824455314855e-03
2.317410135999999898e-01,6.099365141097962129e-03
2.318128305000000111e-01,6.098295509261763073e-03
2.318397561999999967e-01,6.097894298691916223e-03
2.318487307000000053e-01,6.097760709546950521e-03
2.319474273999999892e-01,6.096290308762373177e-03
2.319833067000000026e-01,6.095755907210498141e-03
2.320281480999999979e-01,6.095087855123055599e-03
2.320371153000000131e-01,6.094954533153782925e-03
2.320640149000000041e-01,6.094553709361653568e-03
2.320909113999999884e-01,6.094153040801485177e-03
2.321088406000000048e-01,6.093885894890284545e-03
2.321715820999999957e-01,6.092950830418837616e-03
2.322343067000000039e-01,6.092016445259989046e-03
2.322432658999999955e-01,6.091882802036522986e-03
2.322522248999999983e-01,6.091749236800445173e-03
2.322790995000000025e-01,6.091348944395023890e-03
2.323059711000000083e-01,6.090948442624711731e-03
2.323238837999999917e-01,6.090681674618123216e-03
2.323507502000000113e-01,6.090281087601175786e-03
2.324581846999999868e-01,6.088680230709207775e-03
2.325387281000000084e-01,6.087479901354944482e-03
2.325566228000000013e-01,6.087213370944516595e-03
2.325655695999999939e-01,6.087079989020636669e-03
2.325924081000000088e-01,6.086679860174763236e-03
2.326013536000000048e-01,6.086546317858552817e-03
2.326371319999999965e-01,6.086013226075850241e-03
2.326729050000000132e-01,6.085479913892978196e-03
2.326818474000000025e-01,6.085346683980447091e-03
2.326997311000000013e-01,6.085080354216073663e-03
2.327801908000000086e-01,6.083880820607242591e-03
2.328159418000000092e-01,6.083347901560002234e-03
2.328427513999999920e-01,6.082948359979665348e-03
2.328784928000000032e-01,6.082415591643827550e-03
2.328874271999999968e-01,6.082282260160614025e-03
2.329231616999999921e-01,6.081749545688464910e-03
2.329678222000000076e-01,6.081083494324132990e-03
2.329946143000000136e-01,6.080684213287688988e-03
2.330303324000000120e-01,6.080151704048158967e-03
2.330392609999999975e-01,6.080018556961153814e-03
2.331106779999999878e-01,6.078953878228535689e-03
2.331285288000000122e-01,6.078687584077757666e-03
2.331374536999999969e-01,6.078554450973806811e-03
2.332445258999999993e-01,6.076957859362331314e-03
2.332802056000000124e-01,6.076425996945527749e-03
2.333515489000000109e-01,6.075361837116451287e-03
2.333782970000000123e-01,6.074962826146198917e-03
2.334228703000000016e-01,6.074298378127779632e-03
2.334496101999999906e-01,6.073899598847183438e-03
2.335298114999999897e-01,6.072703198717119624e-03
2.335387211000000129e-01,6.072570405326031644e-03
2.335565391999999962e-01,6.072304570082272777e-03
2.335654477999999923e-01,6.072171658125275102e-03
2.336367038999999923e-01,6.071108893697141871e-03
2.336634193000000081e-01,6.070710386265553392e-03
2.336723237999999980e-01,6.070577375614290283e-03
2.336812279000000103e-01,6.070444499886227391e-03
2.336990351000000077e-01,6.070179003590300132e-03
2.337524487000000040e-01,6.069382228637037156e-03
2.338058500999999900e-01,6.068585532011357316e-03
2.338236478000000063e-01,6.068319951333735716e-03
2.338414441999999982e-01,6.068054597986604487e-03
2.338503419000000083e-01,6.067921769803356034e-03
2.339659810999999978e-01,6.066196397505825393e-03
2.340371152000000066e-01,6.065135324305939886e-03
2.340637848999999882e-01,6.064737319709035020e-03
2.340993398000000003e-01,6.064206887815105224e-03
2.341260025000000133e-01,6.063808807497030572e-03
2.341704334999999970e-01,6.063145949725394501e-03
2.342059722000000010e-01,6.062615398356552103e-03
2.342415055000000024e-01,6.062085253160989610e-03
2.342770335000000093e-01,6.061555179471987340e-03
2.343036759000000080e-01,6.061157511102776597e-03
2.343214358000000053e-01,6.060892268781747742e-03
2.344102153000000022e-01,6.059567346746876949e-03
2.344634667999999922e-01,6.058772708710882110e-03
2.344900880999999937e-01,6.058375295784794619e-03
2.345255783000000094e-01,6.057845553868842353e-03
2.345521925000000063e-01,6.057448303985205063e-03
2.345610633000000111e-01,6.057316055981636083e-03
2.345965428000000019e-01,6.056786283777680809e-03
2.346054117999999966e-01,6.056653995007045890e-03
2.346320169999999983e-01,6.056256987667472426e-03
2.346763521999999935e-01,6.055595059950631687e-03
2.347384073000000071e-01,6.054668790723575188e-03
2.348093075000000085e-01,6.053610042942418785e-03
2.348181685000000074e-01,6.053477825899289747e-03
2.348358895000000057e-01,6.053213442771452311e-03
2.348447495000000051e-01,6.053081009388188230e-03
2.348713275000000045e-01,6.052684266380385647e-03
2.349156175000000069e-01,6.052023026845298678e-03
2.349421875000000104e-01,6.051626258705099064e-03
2.350218795000000027e-01,6.050436311805284899e-03
2.350307325000000058e-01,6.050304331377924505e-03
2.351015444000000010e-01,6.049246766464115577e-03
2.351192441000000133e-01,6.048982299223805946e-03
2.351280933999999878e-01,6.048850312963413578e-03
2.351634874000000097e-01,6.048321790334814686e-03
2.352342594000000064e-01,6.047264729726885800e-03
2.352431044000000138e-01,6.047132902325600724e-03
2.353138523999999954e-01,6.046076441231100322e-03
2.353403775000000031e-01,6.045679919661742577e-03
2.353668995000000042e-01,6.045283864397578075e-03
2.353757394999999863e-01,6.045151915342678733e-03
2.354022575999999978e-01,6.044755869890238581e-03
2.354376103999999970e-01,6.044227933347696112e-03
2.354552846999999893e-01,6.043963733589374429e-03
2.354817938000000055e-01,6.043567928013694225e-03
2.355083000000000037e-01,6.043172153285973625e-03
2.355171346999999915e-01,6.043040055398216787e-03
2.355878003999999915e-01,6.041984450871137544e-03
2.356584449999999942e-01,6.040929265981845493e-03
2.356672740000000099e-01,6.040797541954592842e-03
2.357202415999999912e-01,6.040006085336864852e-03
2.357643721000000081e-01,6.039346979333215341e-03
2.358261409000000086e-01,6.038423885258756285e-03
2.358702515999999971e-01,6.037764990049301374e-03
2.359496301000000018e-01,6.036578879233694440e-03
2.359760837000000055e-01,6.036183608595782797e-03
2.360113504999999945e-01,6.035656861520178468e-03
2.360906815000000103e-01,6.034471570377670027e-03
2.361083069999999895e-01,6.034208149616400972e-03
2.361171193000000113e-01,6.034076182168125399e-03
2.361523650000000030e-01,6.033549569863573027e-03
2.361611755999999951e-01,6.033418059172941314e-03
2.362316486999999909e-01,6.032364844604561765e-03
2.362932953999999919e-01,6.031443561354649444e-03
2.363021006999999896e-01,6.031311952500391198e-03
2.363285148000000002e-01,6.030917430500936337e-03
2.363725318000000075e-01,6.030259374964415039e-03
2.363901362999999978e-01,6.029996315766067080e-03
2.363989380000000029e-01,6.029864621376297001e-03
2.364693401999999889e-01,6.028812651821499266e-03
2.365045335000000026e-01,6.028286340675020200e-03
2.365309250000000030e-01,6.027892106583073936e-03
2.365397214999999942e-01,6.027760576327368704e-03
2.365661089999999966e-01,6.027365952648508496e-03
2.365836990999999889e-01,6.027103132634607091e-03
2.366364615000000060e-01,6.026314418150058479e-03
2.366452541000000076e-01,6.026183245373030115e-03
2.366716299000000134e-01,6.025788791833607168e-03
2.367155830000000072e-01,6.025131737712937155e-03
2.367243726999999909e-01,6.025000136875388601e-03
2.367507396000000097e-01,6.024606218890301776e-03
2.367771036999999912e-01,6.024212232378852415e-03
2.367946780999999890e-01,6.023949301886820894e-03
2.368210373000000091e-01,6.023555312903525021e-03
2.368473935000000030e-01,6.023161184778550933e-03
2.368561781999999893e-01,6.023029947356799835e-03
2.369527889999999970e-01,6.021585655095388831e-03
2.370054692999999935e-01,6.020797773176337665e-03
2.370669146999999921e-01,6.019879064499457540e-03
2.371371186000000020e-01,6.018829339105386846e-03
2.371458925999999912e-01,6.018698134656810285e-03
2.371985299000000103e-01,6.017911001385058654e-03
2.372160731000000078e-01,6.017648564924257988e-03
2.372423854000000054e-01,6.017255217193825424e-03
2.373476056000000112e-01,6.015681867210321936e-03
2.373739032999999943e-01,6.015288334231492888e-03
2.374089624999999870e-01,6.014764106970706299e-03
2.374264900999999983e-01,6.014501860513265900e-03
2.374527791000000110e-01,6.014108737499041651e-03
2.374878266000000071e-01,6.013584671127354848e-03
2.375141088000000122e-01,6.013191652948445508e-03
2.375666644999999966e-01,6.012405417239068128e-03
2.375929380000000035e-01,6.012012354897141794e-03
2.376192085999999926e-01,6.011619551198338005e-03
2.376542315999999877e-01,6.011095586995757710e-03
2.376629865000000064e-01,6.010964506587160826e-03
2.376892493999999967e-01,6.010571605961357623e-03
2.376980029999999910e-01,6.010441033280737588e-03
2.377767712999999949e-01,6.009262723510028388e-03
2.378730081000000052e-01,6.007822729885844808e-03
2.378992477999999910e-01,6.007430366314299441e-03
2.379866925000000133e-01,6.006122063316057282e-03
2.380129196000000114e-01,6.005729508567021410e-03
2.380478846000000093e-01,6.005206506672983863e-03
2.380828445000000015e-01,6.004683593195603124e-03
2.381177992000000077e-01,6.004160524686576877e-03
2.381265371000000075e-01,6.004029718953004038e-03
2.381876933000000029e-01,6.003114781205408888e-03
2.381964286000000097e-01,6.002983882533447293e-03
2.382226326999999921e-01,6.002591779148160750e-03
2.382924959999999925e-01,6.001546427007821427e-03
2.383186895000000138e-01,6.001154339073123609e-03
2.383274200000000120e-01,6.001023711344347436e-03
2.383536096999999965e-01,6.000632132876221846e-03
2.383623388999999981e-01,6.000501183116033720e-03
2.384059802999999866e-01,5.999848220923927923e-03
2.384757899000000125e-01,5.998803659735056984e-03
2.385019633000000083e-01,5.998411905556046315e-03
2.385281337000000057e-01,5.998020259852592309e-03
2.385368566000000135e-01,5.997889393483469937e-03
2.386066279000000068e-01,5.996845522888233360e-03
2.386153478999999966e-01,5.996714733211120502e-03
2.386763789000000135e-01,5.995801436972808020e-03
2.386850963000000103e-01,5.995670920417240507e-03
2.387112466999999905e-01,5.995279680765974901e-03
2.387461093999999895e-01,5.994757464273634158e-03
2.387548243000000014e-01,5.994627408724530551e-03
2.387722530999999981e-01,5.994366320915267554e-03
2.388158196000000066e-01,5.993714223091403670e-03
2.388506670999999970e-01,5.993192716674341884e-03
2.388767992999999978e-01,5.992801562578648454e-03
2.388942192000000075e-01,5.992540823236316115e-03
2.389551789999999898e-01,5.991627955843407266e-03
2.389900061000000131e-01,5.991106746990834155e-03
2.390248282000000113e-01,5.990585346867434609e-03
2.390335329000000120e-01,5.990455139626492224e-03
2.390509413999999944e-01,5.990194397232207098e-03
2.390857546000000056e-01,5.989673172274362356e-03
2.391031593000000066e-01,5.989412901119819770e-03
2.391640657000000114e-01,5.988500880301860819e-03
2.392336540999999983e-01,5.987459032117135871e-03
2.392423512999999891e-01,5.987328870716307309e-03
2.392684407000000013e-01,5.986937913893983394e-03
2.393379988000000069e-01,5.985896550287327089e-03
2.393640777999999913e-01,5.985506007142482598e-03
2.393727702000000013e-01,5.985376017597911560e-03
2.393814622999999864e-01,5.985245825143875251e-03
2.394509874999999899e-01,5.984204514308083013e-03
2.394683656999999910e-01,5.983944505576994054e-03
2.394770542999999918e-01,5.983814408721041880e-03
2.395204924999999874e-01,5.983163717122682961e-03
2.395465516999999989e-01,5.982773851229768354e-03
2.395812928999999925e-01,5.982253353086775839e-03
2.396073454000000047e-01,5.981863043891674607e-03
2.396507600999999987e-01,5.981213083006950253e-03
2.397288867000000046e-01,5.980043004216761479e-03
2.397896341999999903e-01,5.979133274854490920e-03
2.398850634999999953e-01,5.977703679242917130e-03
2.398937369999999958e-01,5.977573821586669271e-03
2.399284278999999909e-01,5.977054355178770817e-03
2.399370997999999977e-01,5.976924397931054206e-03
2.399631137000000081e-01,5.976534835962699597e-03
2.399891248999999893e-01,5.976145138428856467e-03
2.399977946000000084e-01,5.976015245983383288e-03
2.400064640000000027e-01,5.975885504219412975e-03
2.400238020000000083e-01,5.975625628040902304e-03
2.400758081999999904e-01,5.974846691118380210e-03
2.401278031999999896e-01,5.974067996193394708e-03
2.401451323999999887e-01,5.973808303117613197e-03
2.401971123999999957e-01,5.973029576594111358e-03
2.402750613000000091e-01,5.971861779426501822e-03
2.403010385999999887e-01,5.971472420884084767e-03
2.403096970999999971e-01,5.971342721245202594e-03
2.403789537999999892e-01,5.970305330399504166e-03
2.404741491999999869e-01,5.968879114153984727e-03
2.404828015000000097e-01,5.968749380365217377e-03
2.404914533999999993e-01,5.968619584109810527e-03
2.405174073999999940e-01,5.968230989391251802e-03
2.405606577999999940e-01,5.967582719097882724e-03
2.406211953000000070e-01,5.966675776891652849e-03
2.406298423000000075e-01,5.966546327206301639e-03
2.406903622999999881e-01,5.965639317070964114e-03
2.406990068000000038e-01,5.965509626150358909e-03
2.407162948999999885e-01,5.965250886144971704e-03
2.407249384000000048e-01,5.965121195344784064e-03
2.407508671999999961e-01,5.964732812012999742e-03
2.407940756999999987e-01,5.964085310281691012e-03
2.408545545000000121e-01,5.963178803109192398e-03
2.408631931000000115e-01,5.963049247955160524e-03
2.408977444000000023e-01,5.962531500576201231e-03
2.409322906999999958e-01,5.962013775420912758e-03
2.409581972000000016e-01,5.961625441657895062e-03
2.409754665999999934e-01,5.961366828015842584e-03
2.410013685000000072e-01,5.960978454104010060e-03
2.410272675000000031e-01,5.960590371565352256e-03
2.410963181000000122e-01,5.959555403974461582e-03
2.411049480000000134e-01,5.959425912144703484e-03
2.411394645999999919e-01,5.958908783777498372e-03
2.411739763000000092e-01,5.958391284897987528e-03
2.411826035000000090e-01,5.958262133457513897e-03
2.412429849000000126e-01,5.957357050402806858e-03
2.412688580000000027e-01,5.956969381515962378e-03
2.413205958999999901e-01,5.956193793621008571e-03
2.413464606999999873e-01,5.955805999946932328e-03
2.413895624999999878e-01,5.955159928464478711e-03
2.414068011000000125e-01,5.954901372145837007e-03
2.414154199000000112e-01,5.954772278297655423e-03
2.414498921999999881e-01,5.954255632488594796e-03
2.414843594999999954e-01,5.953738980728246095e-03
2.415446655000000054e-01,5.952834696397966800e-03
2.415791193000000059e-01,5.952318408890915763e-03
2.415963442999999877e-01,5.952059834156737603e-03
2.416221795999999866e-01,5.951672451613818256e-03
2.416480121000000036e-01,5.951285499648654650e-03
2.416566223000000124e-01,5.951156110108203785e-03
2.416824512000000091e-01,5.950769036587207073e-03
2.417599210999999970e-01,5.949607520596907582e-03
2.418029492000000058e-01,5.948962390435879287e-03
2.418631757999999965e-01,5.948059148783508415e-03
2.419319876999999896e-01,5.947027549511797739e-03
2.419405877999999954e-01,5.946898563057034966e-03
2.419577871999999963e-01,5.946640883687694633e-03
2.420695529000000124e-01,5.944964870641514243e-03
2.421039319999999939e-01,5.944449247517731225e-03
2.421383061999999864e-01,5.943933696526669010e-03
2.421468989999999988e-01,5.943804794553600446e-03
2.421726755999999980e-01,5.943418313846856281e-03
2.421984493000000072e-01,5.943031642272425877e-03
2.423358633000000095e-01,5.940970745020097109e-03
2.423530345000000086e-01,5.940713214466655616e-03
2.423702045999999999e-01,5.940455738479605459e-03
2.424045410000000011e-01,5.939940915810504145e-03
2.424474547999999896e-01,5.939297242888781636e-03
2.424903609000000071e-01,5.938653730162688459e-03
2.425075211999999925e-01,5.938396500733114994e-03
2.425589948999999912e-01,5.937624367886223074e-03
2.426104575999999957e-01,5.936852304555703848e-03
2.426533348999999895e-01,5.936209414263854574e-03
2.426790577000000060e-01,5.935823395756663345e-03
2.426876313000000118e-01,5.935694729742016854e-03
2.427219227999999895e-01,5.935180243836767587e-03
2.427562094999999864e-01,5.934666084151181582e-03
2.427647804999999992e-01,5.934537499225548199e-03
2.427819213999999892e-01,5.934280332326380934e-03
2.427904914000000025e-01,5.934151820071609067e-03
2.428333369000000019e-01,5.933509056492921457e-03
2.428590405999999924e-01,5.933123634280095676e-03
2.428933078999999939e-01,5.932609620102164208e-03
2.429190052000000100e-01,5.932223946649820522e-03
2.429532641000000104e-01,5.931709746669417554e-03
2.429618280999999991e-01,5.931581523815990589e-03
2.429703917000000102e-01,5.931453149543407764e-03
2.430645720999999870e-01,5.930040240120681289e-03
2.431672726999999923e-01,5.928499031710906739e-03
2.431758290999999905e-01,5.928370799393596971e-03
2.432014966000000111e-01,5.927985800521381153e-03
2.432271614000000026e-01,5.927600604079901435e-03
2.432442696999999876e-01,5.927344059154135772e-03
2.432699298999999871e-01,5.926958970085208743e-03
2.433041394000000079e-01,5.926445624553334200e-03
2.433297933000000135e-01,5.926060500272217237e-03
2.434323820000000027e-01,5.924521250442105723e-03
2.434494759999999980e-01,5.924264981955412214e-03
2.435007505000000017e-01,5.923495383863125290e-03
2.435092952000000033e-01,5.923367233150873302e-03
2.435776420999999914e-01,5.922341412176948192e-03
2.435861840999999917e-01,5.922213249863227287e-03
2.436118083000000101e-01,5.921828832303337870e-03
2.436459698000000007e-01,5.921316159509763290e-03
2.437228154999999952e-01,5.920162713377598827e-03
2.437825677000000080e-01,5.919265888714822163e-03
2.437911024999999954e-01,5.919138094835640213e-03
2.438167052000000112e-01,5.918753737439049617e-03
2.438593703999999973e-01,5.918113368625649989e-03
2.438764344000000084e-01,5.917857384658274308e-03
2.438849659000000003e-01,5.917729054547276463e-03
2.439190891000000139e-01,5.917217074954043629e-03
2.439873211999999958e-01,5.916192996218131231e-03
2.440129033000000003e-01,5.915809056110462802e-03
2.440214300000000114e-01,5.915680953747501532e-03
2.440470086000000038e-01,5.915296926644994686e-03
2.440640594000000052e-01,5.915041300402621403e-03
2.441237280999999926e-01,5.914145338773210865e-03
2.441492959000000074e-01,5.913761927844106252e-03
2.442004234000000051e-01,5.912994338749226128e-03
2.442941295999999929e-01,5.911587452251895053e-03
2.443367113999999896e-01,5.910948440677946461e-03
2.444048268000000024e-01,5.909925698627965275e-03
2.444218526999999974e-01,5.909670268204831288e-03
2.444303651999999993e-01,5.909542682362664903e-03
2.444984545999999981e-01,5.908520280230358454e-03
2.445239831999999891e-01,5.908136983860859566e-03
2.445324922000000067e-01,5.908009330317735494e-03
2.445580172000000052e-01,5.907625995883008553e-03
2.445665250000000068e-01,5.907498216422129092e-03
2.446345763999999978e-01,5.906476679173478656e-03
2.446770990000000090e-01,5.905838409770896094e-03
2.447026089999999876e-01,5.905455120335084337e-03
2.447366182000000057e-01,5.904944499717604614e-03
2.447961227999999878e-01,5.904051100549757326e-03
2.448046222999999966e-01,5.903923744831240245e-03
2.448301190000000127e-01,5.903540798677678336e-03
2.448641105000000096e-01,5.903030472379265127e-03
2.448726075999999863e-01,5.902902940307348280e-03
2.449320792999999941e-01,5.902009785078403924e-03
2.449405739999999942e-01,5.901882323411471870e-03
2.449490685000000056e-01,5.901754758523028617e-03
2.450085216000000010e-01,5.900861833041595207e-03
2.450170137000000081e-01,5.900734221475461595e-03
2.451019187000000044e-01,5.899459598532808512e-03
2.451104075999999965e-01,5.899331912614382348e-03
2.451358724999999905e-01,5.898949569820601847e-03
2.452122512999999893e-01,5.897802723506079432e-03
2.452207362999999918e-01,5.897675094475451560e-03
2.452377055999999944e-01,5.897420039693620358e-03
2.452461897999999862e-01,5.897292858733833333e-03
2.452886062999999894e-01,5.896655626339963180e-03
2.453140527000000071e-01,5.896273492988865494e-03
2.453394963999999956e-01,5.895891776174981384e-03
2.453734173000000074e-01,5.895381920741547994e-03
2.454158117999999944e-01,5.894745465172795962e-03
2.454242898000000006e-01,5.894618030228016177e-03
2.454751518000000132e-01,5.893854266957104446e-03
2.454836277999999927e-01,5.893727112284902377e-03
2.454921035000000029e-01,5.893599484129720921e-03
2.455175287999999956e-01,5.893217787078583805e-03
2.455514250999999981e-01,5.892708484469484469e-03
2.456446157999999935e-01,5.891308933265845295e-03
2.456530859000000122e-01,5.891181602172568428e-03
2.456784945000000109e-01,5.890799894750390481e-03
2.456954322000000079e-01,5.890545556885186038e-03
2.457885682000000016e-01,5.889146741977527647e-03
2.458224271999999988e-01,5.888638229618986010e-03
2.458308912000000124e-01,5.888510934897828002e-03
2.458985927000000016e-01,5.887494036058875564e-03
2.459239759000000081e-01,5.887112710493219714e-03
2.459578162000000123e-01,5.886604221057125871e-03
2.460170254999999861e-01,5.885715082933378611e-03
2.460254828000000005e-01,5.885587790340170329e-03
2.460508530000000138e-01,5.885206507735800049e-03
2.460593091000000121e-01,5.885079825115775709e-03
2.461269477999999955e-01,5.884063412233324873e-03
2.461607601999999950e-01,5.883555763715084611e-03
2.461692125000000120e-01,5.883428446886052043e-03
2.462283710000000014e-01,5.882539954158238528e-03
2.463044108999999926e-01,5.881397278038998089e-03
2.463213055000000040e-01,5.881143556501542032e-03
2.463635369000000130e-01,5.880509062533437539e-03
2.463973167999999880e-01,5.880001715441077192e-03
2.464310920999999988e-01,5.879493956519129053e-03
2.464395352000000039e-01,5.879367351456167914e-03
2.464564204999999952e-01,5.879113703724314112e-03
2.464901877000000019e-01,5.878606238330428072e-03
2.465070695000000089e-01,5.878352746186856111e-03
2.465914613999999894e-01,5.877084502188143801e-03
2.466420826999999871e-01,5.876323956088613798e-03
2.466673893999999922e-01,5.875943453493404078e-03
2.466926936000000126e-01,5.875563288144588364e-03
2.467011276999999947e-01,5.875436677411255935e-03
2.467348614000000051e-01,5.874929678714248087e-03
2.467685904999999957e-01,5.874422770546395590e-03
2.468360347999999926e-01,5.873409730425507846e-03
2.468444640000000134e-01,5.873283063648950669e-03
2.468697499999999989e-01,5.872902866347190325e-03
2.469118875999999907e-01,5.872269698187180219e-03
2.469371666999999881e-01,5.871889907278249852e-03
2.469624431999999925e-01,5.871510113157315906e-03
2.469708680999999906e-01,5.871383533526153796e-03
2.469961411000000107e-01,5.871003458734309725e-03
2.470045649000000010e-01,5.870876711484103103e-03
2.470466795000000049e-01,5.870244239685860725e-03
2.470719447999999985e-01,5.869864393796094502e-03
2.471393063000000001e-01,5.868852114685000135e-03
2.471729802000000031e-01,5.868345845749274071e-03
2.472403140999999971e-01,5.867334001133544738e-03
2.472487295999999946e-01,5.867207505726460860e-03
2.472655596999999983e-01,5.866954328665636119e-03
2.473160429000000049e-01,5.866195696845222414e-03
2.473412806999999991e-01,5.865816359285996179e-03
2.473749271000000027e-01,5.865310733573938021e-03
2.474001589000000001e-01,5.864931657839595608e-03
2.474422061000000062e-01,5.864299653491954027e-03
2.474758387999999865e-01,5.863793937142799083e-03
2.475178731000000076e-01,5.863162326777139957e-03
2.475346848999999960e-01,5.862909719980801022e-03
2.476103236999999957e-01,5.861772403517830597e-03
2.476439334999999964e-01,5.861267564447012433e-03
2.476523351999999900e-01,5.861140934218470738e-03
2.476775387000000050e-01,5.860762481890691676e-03
2.477195389000000081e-01,5.860130913274515761e-03
2.477699295999999940e-01,5.859373549347420169e-03
2.477783271000000009e-01,5.859247234849783437e-03
2.478371014000000094e-01,5.858363673106745800e-03
2.478454965999999926e-01,5.858237535525198485e-03
2.478538915000000065e-01,5.858111538720515293e-03
2.478790744999999907e-01,5.857732728794164817e-03
2.479881714000000126e-01,5.856092826126195472e-03
2.480468959999999889e-01,5.855209939086792811e-03
2.480552839999999870e-01,5.855083947252428048e-03
2.480720593999999890e-01,5.854831423570418768e-03
2.481056066000000004e-01,5.854327045078005012e-03
2.481223785999999987e-01,5.854075015693282862e-03
2.481475343000000000e-01,5.853696871498330345e-03
2.481726874999999888e-01,5.853318735729231594e-03
2.481810714000000084e-01,5.853192532136297817e-03
2.482062211999999934e-01,5.852814581255539814e-03
2.482565132000000008e-01,5.852058505325234174e-03
2.482816552999999871e-01,5.851680422476424233e-03
2.483486886999999865e-01,5.850672650619169989e-03
2.483738215000000082e-01,5.850294755491295198e-03
2.483821985999999926e-01,5.850168842449161855e-03
2.484575793000000088e-01,5.849035339873925703e-03
2.484743275000000085e-01,5.848783557084876253e-03
2.484827011000000085e-01,5.848657929797324365e-03
2.485161928999999881e-01,5.848154171725300152e-03
2.485245651999999916e-01,5.848028104535641335e-03
2.485496802000000116e-01,5.847650734279730145e-03
2.485747927999999995e-01,5.847273069433481588e-03
2.487086833999999913e-01,5.845259631648841957e-03
2.487254145999999999e-01,5.845008456948452662e-03
2.487505094000000139e-01,5.844630795391831356e-03
2.488759453000000121e-01,5.842744889572318995e-03
2.488843054000000055e-01,5.842619025990719410e-03
2.489093842000000001e-01,5.842242085218196310e-03
2.489261020000000102e-01,5.841990430017731523e-03
2.489511765000000099e-01,5.841613433532881310e-03
2.489846052999999948e-01,5.841110890503794888e-03
2.490096739000000059e-01,5.840733751756960364e-03
2.490598036999999987e-01,5.839979837139843907e-03
2.490848647999999999e-01,5.839603052827129458e-03
2.491099233000000079e-01,5.839225990165189395e-03
2.491182755999999943e-01,5.839100434409059785e-03
2.491266276000000113e-01,5.838975000711853908e-03
2.491767337999999943e-01,5.838221379246778288e-03
2.491934336000000139e-01,5.837970191646954868e-03
2.492518742000000009e-01,5.837091491069684029e-03
2.492602217999999870e-01,5.836965834259175145e-03
2.492769159999999873e-01,5.836714738704251206e-03
2.492852627000000099e-01,5.836589202889089743e-03
2.493854013000000036e-01,5.835083195418264493e-03
2.494104296000000109e-01,5.834706874442921985e-03
2.494604787999999962e-01,5.833953761168417587e-03
2.494854995999999936e-01,5.833577534575315818e-03
2.495271954000000125e-01,5.832950357572433409e-03
2.495522095999999912e-01,5.832574302803691935e-03
2.495855579000000046e-01,5.832072489455714451e-03
2.496439065999999929e-01,5.831195251905945710e-03
2.496522411000000052e-01,5.831069654178246651e-03
2.496605752000000122e-01,5.830944379224520940e-03
2.497105742999999878e-01,5.830192545941092347e-03
2.497189065000000041e-01,5.830066956129167227e-03
2.497522325000000043e-01,5.829565642259294453e-03
2.497772241000000004e-01,5.829189620039408083e-03
2.497938838000000050e-01,5.828939106524205251e-03
2.498605114000000127e-01,5.827937185514544746e-03
2.498854920999999951e-01,5.827561262747764717e-03
2.499520953000000101e-01,5.826559510170552757e-03
2.499770668999999890e-01,5.826183715540934199e-03
2.499853901999999906e-01,5.826058496199739561e-03
