q,I
2.039995199999999811e-03,4.645874269357854087e-03
2.884988900000000096e-03,4.645638851072390191e-03
4.079990399999999622e-03,4.645168052551105695e-03
4.561568000000000220e-03,4.644932672313544300e-03
5.769977800000000191e-03,4.644226607685397225e-03
6.119985599999999866e-03,4.643991278169445902e-03
6.451031299999999968e-03,4.643755961330605676e-03
7.355307299999999833e-03,4.643050086876954544e-03
8.159980799999999243e-03,4.642344326505578288e-03
8.411115699999999196e-03,4.642109098394619875e-03
8.654966599999999385e-03,4.641873882953798970e-03
9.123135799999999504e-03,4.641403490094284275e-03
1.019997589999999989e-02,4.640227729661323790e-03
1.040197520000000000e-02,4.639992615581852754e-03
1.098571020000000016e-02,4.639287349322755369e-03
1.153995529999999985e-02,4.638582197034875863e-03
1.189511369999999950e-02,4.638112158826275706e-03
1.223997100000000053e-02,4.637642171268511505e-03
1.240880609999999926e-02,4.637407196470929444e-03
1.290206219999999980e-02,4.636702348024189686e-03
1.306234239999999949e-02,4.636467423843976428e-03
1.368470339999999959e-02,4.635527853722997207e-03
1.427996599999999984e-02,4.634588486052370476e-03
1.442494390000000071e-02,4.634353675744311112e-03
1.471061409999999993e-02,4.633884093081103162e-03
1.485138870000000076e-02,4.633649320747946533e-03
1.553614000000000037e-02,4.632475648660889372e-03
1.593287120000000043e-02,4.631771597115162675e-03
1.631996089999999955e-02,4.631067659404330614e-03
1.644696630000000090e-02,4.630833038743260334e-03
1.682223050000000025e-02,4.630129252656255481e-03
1.730993239999999850e-02,4.629191048042532140e-03
1.742972569999999902e-02,4.628956528521665711e-03
1.754870130000000042e-02,4.628722021565377133e-03
1.824627070000000087e-02,4.627315245266302828e-03
1.835995569999999966e-02,4.627080826798045388e-03
1.847294110000000100e-02,4.626846420901676790e-03
1.880782519999999944e-02,4.626143278928619880e-03
1.924527490000000132e-02,4.625205933060743541e-03
1.935309240000000069e-02,4.624971628197212421e-03
2.009162109999999835e-02,4.623331847143160797e-03
2.019492059999999922e-02,4.623097643121965028e-03
2.039995039999999843e-02,4.622629273073292772e-03
2.050169640000000168e-02,4.622395107018025147e-03
2.080394890000000080e-02,4.621692684294592506e-03
2.100303430000000082e-02,4.621224465459610256e-03
2.129817330000000064e-02,4.620522231944760444e-03
2.168544450000000137e-02,4.619586096892986868e-03
2.197141860000000058e-02,4.618884128101520894e-03
2.206591980000000008e-02,4.618650163617905868e-03
2.243994499999999934e-02,4.617714432085345995e-03
2.253248119999999924e-02,4.617480530656453003e-03
2.280783739999999934e-02,4.616778901899406921e-03
2.307990860000000075e-02,4.616077386435466640e-03
2.325952140000000015e-02,4.615609772586929879e-03
2.379022509999999951e-02,4.614207232925005182e-03
2.387752890000000017e-02,4.613973520463969177e-03
2.447993949999999891e-02,4.612337885134040923e-03
2.456479220000000116e-02,4.612104273130125838e-03
2.464935279999999965e-02,4.611870673820030707e-03
2.481760959999999849e-02,4.611403513094528700e-03
2.490131170000000130e-02,4.611169951326847191e-03
2.523334379999999863e-02,4.610235831053464614e-03
2.556106320000000112e-02,4.609301911649294793e-03
2.580412149999999905e-02,4.608601604317719494e-03
2.596489630000000173e-02,4.608134795337070350e-03
2.612468180000000056e-02,4.607668036847000805e-03
2.651993379999999928e-02,4.606501360707246882e-03
2.659827940000000085e-02,4.606268063101041921e-03
2.683194360000000153e-02,4.605568245867528582e-03
2.721692649999999866e-02,4.604402134776310399e-03
2.736940339999999888e-02,4.603935778080058688e-03
2.744532419999999931e-02,4.603702618512316332e-03
2.774693010000000085e-02,4.602770106495525891e-03
2.834051430000000121e-02,4.600905684535995348e-03
2.841384049999999897e-02,4.600672688406530660e-03
2.855992799999999832e-02,4.600206733712800498e-03
2.863269220000000045e-02,4.599973775069163620e-03
2.884988380000000005e-02,4.599274974244902184e-03
2.899377430000000047e-02,4.598809169564156696e-03
2.920828110000000047e-02,4.598110557314715081e-03
2.942122390000000143e-02,4.597412057356596408e-03
2.970277299999999829e-02,4.596480900216231430e-03
3.012016249999999867e-02,4.595084539771754351e-03
3.032670299999999999e-02,4.594386528807216548e-03
3.059992200000000162e-02,4.593456022934650808e-03
3.066784640000000048e-02,4.593223428137382762e-03
3.087072290000000135e-02,4.592525717736907313e-03
3.107227489999999856e-02,4.591828119752951534e-03
3.113916889999999993e-02,4.591595612045783377e-03
3.120591959999999970e-02,4.591363117470262899e-03
3.166923519999999964e-02,4.589736002789012587e-03
3.173487090000000344e-02,4.589503607359285246e-03
3.186573689999999681e-02,4.589038855124382907e-03
3.193096869999999948e-02,4.588806498000555685e-03
3.225514909999999819e-02,4.587644898829118870e-03
3.263991580000000226e-02,4.586251392973767632e-03
3.270360349999999749e-02,4.586019185665379978e-03
3.289392669999999935e-02,4.585322638459518076e-03
3.295712349999999763e-02,4.585090481097408438e-03
3.320870809999999784e-02,4.584161976790106056e-03
3.345840099999999873e-02,4.583233672143666171e-03
3.364445469999999966e-02,4.582537575710214986e-03
3.376792089999999802e-02,4.582073573117221958e-03
3.395227840000000080e-02,4.581377663160141576e-03
3.419654240000000178e-02,4.580449958800746589e-03
3.461985769999999935e-02,4.578826955251745143e-03
3.467990950000000155e-02,4.578595148164449000e-03
3.473985749999999872e-02,4.578363352974619375e-03
3.485944419999999905e-02,4.577899800156757550e-03
3.491908400000000301e-02,4.577668042826438591e-03
3.509739530000000052e-02,4.576972843605372522e-03
3.521576790000000012e-02,4.576509441250887697e-03
3.562697489999999689e-02,4.574887922632856103e-03
3.568533189999999883e-02,4.574656326559707956e-03
3.609118929999999975e-02,4.573035506038409560e-03
3.614879690000000201e-02,4.572804010973811027e-03
3.632107169999999885e-02,4.572109597236709289e-03
3.649253310000000194e-02,4.571415296780552938e-03
3.671990299999999818e-02,4.570489737538601001e-03
3.677652580000000115e-02,4.570258378124383153e-03
3.694587359999999820e-02,4.569564376684453512e-03
3.722640800000000250e-02,4.568407955740184934e-03
3.744932249999999990e-02,4.567483042225174532e-03
3.750484409999999685e-02,4.567251845260494013e-03
3.761564139999999667e-02,4.566789488596786212e-03
3.794609239999999911e-02,4.565402716342903920e-03
3.811024350000000172e-02,4.564709499315078994e-03
3.832801789999999709e-02,4.563785382292051204e-03
3.849054019999999937e-02,4.563092425101960940e-03
3.870617500000000238e-02,4.562168657339506737e-03
3.875989619999999775e-02,4.561937746866327748e-03
3.881354310000000030e-02,4.561706848236395627e-03
3.897404079999999826e-02,4.561014226131905255e-03
3.918701509999999999e-02,4.560090904286676072e-03
3.924007809999999902e-02,4.559860105988310791e-03
3.939883820000000120e-02,4.559167782714491565e-03
3.960952859999999909e-02,4.558244858912837913e-03
4.007953250000000078e-02,4.556169007322630887e-03
4.018323120000000248e-02,4.555707842819828671e-03
4.023498040000000192e-02,4.555477279068621127e-03
4.038983000000000156e-02,4.554785662979893637e-03
4.049273419999999818e-02,4.554324647939405474e-03
4.064660190000000256e-02,4.553633219586527420e-03
4.079988930000000291e-02,4.552941901073371753e-03
4.085085730000000137e-02,4.552711487725615187e-03
4.100338109999999980e-02,4.552020318501738376e-03
4.105409649999999799e-02,4.551789952381025267e-03
4.125633449999999841e-02,4.550868617714742652e-03
4.130673929999999910e-02,4.550638313658662490e-03
4.160788569999999964e-02,4.549256757095640306e-03
4.185718599999999762e-02,4.548105798009594372e-03
4.200605599999999995e-02,4.547415372836523771e-03
4.205556230000000173e-02,4.547185256024891854e-03
4.244953370000000004e-02,4.545344763745592584e-03
4.259633349999999985e-02,4.544654784971689614e-03
4.283988209999999713e-02,4.543505066321008347e-03
4.288842589999999899e-02,4.543275158849164989e-03
4.303372860000000133e-02,4.542585512526164764e-03
4.322670569999999962e-02,4.541666157643933256e-03
4.327481560000000227e-02,4.541436349830167696e-03
4.337087509999999757e-02,4.540976769807204480e-03
4.361009829999999698e-02,4.539828041861943692e-03
4.365778569999999997e-02,4.539598330921520812e-03
4.380053619999999676e-02,4.538909278908979071e-03
4.394282299999999891e-02,4.538220337994921909e-03
4.403742540000000344e-02,4.537761106189435248e-03
4.413182499999999953e-02,4.537301921374845004e-03
4.455414840000000015e-02,4.535236210234523148e-03
4.474056810000000273e-02,4.534318435334362164e-03
4.478705179999999814e-02,4.534089022881022425e-03
4.487987470000000256e-02,4.533630236974676292e-03
4.492621420000000171e-02,4.533400860104797210e-03
4.506494700000000103e-02,4.532712808937564009e-03
4.515719859999999669e-02,4.532254168045450268e-03
4.529522390000000065e-02,4.531566300263346198e-03
4.561565869999999884e-02,4.529961708255942493e-03
4.584316940000000146e-02,4.528815940013555114e-03
4.602436819999999873e-02,4.527899549252518627e-03
4.615980060000000190e-02,4.527212381992925215e-03
4.624986849999999927e-02,4.526754333827596663e-03
4.651902589999999671e-02,4.525380486074258822e-03
4.656373419999999819e-02,4.525151553976943138e-03
4.660839960000000282e-02,4.524922635184232267e-03
4.691986699999999705e-02,4.523320545825615553e-03
4.696419369999999677e-02,4.523091723434694879e-03
4.709692359999999994e-02,4.522405335396224857e-03
4.731731260000000133e-02,4.521261600401518810e-03
4.744905459999999853e-02,4.520575504915456434e-03
4.758043189999999756e-02,4.519889521371626452e-03
4.762414379999999753e-02,4.519660885789008112e-03
4.775503939999999753e-02,4.518975050957448059e-03
4.779859160000000246e-02,4.518746461763970511e-03
4.801576009999999894e-02,4.517603713116761198e-03
4.814559110000000280e-02,4.516918206952549690e-03
4.836120139999999790e-02,4.515775947880637346e-03
4.849010740000000291e-02,4.515090740530343892e-03
4.866145090000000006e-02,4.514177299303197971e-03
4.895985910000000274e-02,4.512579256395966160e-03
4.900234049999999814e-02,4.512351013170522347e-03
4.904478510000000180e-02,4.512122780115237521e-03
4.912956429999999763e-02,4.511666355211768967e-03
4.929868529999999888e-02,4.510753652159272924e-03
4.934087499999999932e-02,4.510525507815040490e-03
4.938302859999999656e-02,4.510297372824441375e-03
4.963519859999999950e-02,4.508928837404843105e-03
4.967710250000000050e-02,4.508700789345659182e-03
4.980260260000000244e-02,4.508016720154236698e-03
5.001106959999999935e-02,4.506876856671991095e-03
5.017721960000000314e-02,4.505965181981048950e-03
5.038413659999999711e-02,4.504825866994465432e-03
5.046666589999999897e-02,4.504370228584435830e-03
5.050787989999999672e-02,4.504142423366834687e-03
5.067240099999999886e-02,4.503231338977219458e-03
5.099985089999999749e-02,4.501409760054724506e-03
5.104063439999999979e-02,4.501182119741748908e-03
5.112210379999999887e-02,4.500726868086809933e-03
5.116278989999999832e-02,4.500499264271331200e-03
5.136573690000000025e-02,4.499361419794461678e-03
5.148712109999999814e-02,4.498678855451521130e-03
5.160821980000000059e-02,4.497996407426783916e-03
5.164852290000000040e-02,4.497768949707957320e-03
5.192976900000000062e-02,4.496177074596133597e-03
5.200984570000000140e-02,4.495722366550836298e-03
5.212973010000000046e-02,4.495040392066038115e-03
5.224933949999999855e-02,4.494358527574605910e-03
5.228914839999999897e-02,4.494131266834421913e-03
5.244808220000000271e-02,4.493222336588404558e-03
5.264607470000000344e-02,4.492086443557224973e-03
5.292201970000000311e-02,4.490496712456447208e-03
5.296132299999999765e-02,4.490269658862743735e-03
5.303984240000000211e-02,4.489815583592027433e-03
5.307905849999999814e-02,4.489588566245984215e-03
5.319653330000000124e-02,4.488907579764797248e-03
5.339175040000000011e-02,4.487772849563372891e-03
5.354741159999999722e-02,4.486865284715775733e-03
5.366386120000000287e-02,4.486184742916768733e-03
5.385738429999999827e-02,4.485050741345358340e-03
5.389600549999999657e-02,4.484823978463710857e-03
5.401170360000000226e-02,4.484143766135488714e-03
5.420398480000000047e-02,4.483010315345898646e-03
5.431902689999999756e-02,4.482330389296278889e-03
5.443382580000000193e-02,4.481650579678034957e-03
5.473877910000000263e-02,4.479838276463316525e-03
5.481475239999999971e-02,4.479385320878003646e-03
5.489062050000000081e-02,4.478932416271938499e-03
5.492851530000000121e-02,4.478705985207601624e-03
5.507983360000000272e-02,4.477800373830652728e-03
5.511759819999999949e-02,4.477573997584861389e-03
5.523073729999999903e-02,4.476894953875097324e-03
5.541878909999999742e-02,4.475763452675589511e-03
5.549383139999999881e-02,4.475310933762180997e-03
5.568099469999999995e-02,4.474179859802456666e-03
5.571835189999999743e-02,4.473953680212242566e-03
5.601631270000000107e-02,4.472144689445197059e-03
5.612764020000000215e-02,4.471466518969284543e-03
5.627573429999999793e-02,4.470562456647899155e-03
5.642343970000000125e-02,4.469658595758397961e-03
5.657075939999999664e-02,4.468754926092841431e-03
5.668099790000000193e-02,4.468077300445035156e-03
5.671769649999999774e-02,4.467851448594598214e-03
5.682764989999999905e-02,4.467173973120036438e-03
5.690083420000000003e-02,4.466722382718136056e-03
5.711982439999999800e-02,4.465367899910665551e-03
5.715624119999999919e-02,4.465142191740433496e-03
5.726535270000000094e-02,4.464465152736624490e-03
5.744674450000000071e-02,4.463336990724390586e-03
5.748295419999999850e-02,4.463111391204411388e-03
5.759144669999999994e-02,4.462434677675549723e-03
5.769973510000000333e-02,4.461758073072607557e-03
5.773578619999999995e-02,4.461532558924764802e-03
5.777181470000000013e-02,4.461307058705123521e-03
5.798751569999999883e-02,4.459954320360281187e-03
5.802338790000000079e-02,4.459728912831435917e-03
5.805923799999999912e-02,4.459503509080669191e-03
5.834524540000000231e-02,4.457700725570190939e-03
5.841652840000000069e-02,4.457250156141730028e-03
5.845213739999999963e-02,4.457024884647904812e-03
5.873623160000000093e-02,4.455223173317596728e-03
5.884241330000000020e-02,4.454547726855563258e-03
5.887776470000000151e-02,4.454322608541108272e-03
5.915981499999999754e-02,4.452522052655664975e-03
5.919497680000000012e-02,4.452297043556405903e-03
5.930033710000000291e-02,4.451622067762501037e-03
5.940551060000000272e-02,4.450947207547557502e-03
5.947552290000000103e-02,4.450497358345044049e-03
5.958038699999999854e-02,4.449822672848807031e-03
5.971991950000000299e-02,4.448923274600219760e-03
5.999801099999999693e-02,4.447125038320773327e-03
6.003268190000000254e-02,4.446900318148577953e-03
6.024028800000000294e-02,4.445552218920917169e-03
6.027481950000000005e-02,4.445327580135436003e-03
6.041274809999999662e-02,4.444429144025272352e-03
6.055036250000000314e-02,4.443530891391224945e-03
6.058471719999999894e-02,4.443306358300514423e-03
6.065336839999999757e-02,4.442857334296555424e-03
6.085885719999999804e-02,4.441510544462069256e-03
6.113176780000000032e-02,4.439715498358443382e-03
6.119980530000000002e-02,4.439266857403939386e-03
6.123379560000000166e-02,4.439042557281039705e-03
6.133565380000000067e-02,4.438369725891359342e-03
6.136956899999999882e-02,4.438145468402381229e-03
6.150504259999999696e-02,4.437248575302044258e-03
6.167396609999999807e-02,4.436127717976387323e-03
6.174140610000000001e-02,4.435679470372959864e-03
6.194328550000000044e-02,4.434334990627408941e-03
6.204397889999999777e-02,4.433662911794113842e-03
6.214450920000000322e-02,4.432990944624032141e-03
6.217798310000000050e-02,4.432766974802014592e-03
6.227829700000000329e-02,4.432095153197822095e-03
6.241179809999999883e-02,4.431199563651348067e-03
6.244512879999999933e-02,4.430975686471267175e-03
6.257827400000000317e-02,4.430080336671846086e-03
6.284371810000000114e-02,4.428290200741092676e-03
6.297602060000000168e-02,4.427395421722865598e-03
6.300905280000000663e-02,4.427171755642099818e-03
6.323979509999999582e-02,4.425606447440655171e-03
6.327268960000000109e-02,4.425382876533017450e-03
6.333842739999999416e-02,4.424935775254708152e-03
6.337127069999999585e-02,4.424712240811005601e-03
6.346969869999999347e-02,4.424041709119066502e-03
6.353523260000000505e-02,4.423594757505019091e-03
6.373143000000000558e-02,4.422254169748072831e-03
6.376407089999999722e-02,4.422030791350350237e-03
6.386189339999999437e-02,4.421360691572629072e-03
6.389446769999999887e-02,4.421137354897530965e-03
6.402459889999999321e-02,4.420244109295022074e-03
6.405709029999999415e-02,4.420020830180254601e-03
6.441341509999999604e-02,4.417565540608626475e-03
6.451025289999999524e-02,4.416896161174960547e-03
6.479989830000000561e-02,4.414888685665254234e-03
6.483200120000000288e-02,4.414665696651162013e-03
6.492821479999999479e-02,4.413996782512238058e-03
6.505627819999999784e-02,4.413105074758502840e-03
6.508825470000000057e-02,4.412882179746250785e-03
6.518409000000000009e-02,4.412213565218505579e-03
6.527978469999999589e-02,4.411545058743312521e-03
6.531165170000000075e-02,4.411322240647034924e-03
6.540715969999999491e-02,4.410653877361931860e-03
6.556603060000000538e-02,4.409540169830440497e-03
6.569285060000000509e-02,4.408649410217967829e-03
6.578780519999999354e-02,4.407981477345628354e-03
6.585103220000000646e-02,4.407536247000747205e-03
6.591419860000000130e-02,4.407091060641156292e-03
6.607185029999999848e-02,4.405978314769235481e-03
6.619770129999999475e-02,4.405088319524380625e-03
6.635467940000000509e-02,4.403976104489895453e-03
6.641736669999999398e-02,4.403531308568295506e-03
6.644868819999999454e-02,4.403308928554641039e-03
6.660507479999999703e-02,4.402197186938534151e-03
6.669873070000000015e-02,4.401530292766220841e-03
6.682340109999999889e-02,4.400641263310192501e-03
6.691675140000000188e-02,4.399974609922483251e-03
6.710306259999999912e-02,4.398641644693495646e-03
6.728885780000000427e-02,4.397309104067278519e-03
6.731977379999999622e-02,4.397087058346279241e-03
6.735067570000000114e-02,4.396865015383823357e-03
6.744329620000000247e-02,4.396198982329328590e-03
6.753578970000000126e-02,4.395533042660969454e-03
6.756659280000000545e-02,4.395311087464906681e-03
6.759738179999999486e-02,4.395089155511558085e-03
6.781251330000000188e-02,4.393535892975392043e-03
6.790450389999999614e-02,4.392870384760570734e-03
6.793513980000000230e-02,4.392648572089398289e-03
6.808811230000000325e-02,4.391539711332824100e-03
6.817973099999999342e-02,4.390874517571985609e-03
6.839303080000000423e-02,4.389322853725323263e-03
6.842344790000000343e-02,4.389101232916859698e-03
6.854498139999999629e-02,4.388214864181286083e-03
6.857533120000000593e-02,4.387993307823911081e-03
6.881764710000000396e-02,4.386221259163125032e-03
6.902897569999999483e-02,4.384671327839861736e-03
6.923965930000000601e-02,4.383121979905344606e-03
6.926970470000000379e-02,4.382900704963347584e-03
6.929973700000000014e-02,4.382679417748602639e-03
6.935976259999999949e-02,4.382236911228784559e-03
6.938975599999999688e-02,4.382015674415452693e-03
6.947965829999999676e-02,4.381352023800581114e-03
6.962923760000000462e-02,4.380246183539168205e-03
6.971883119999999767e-02,4.379582820893860619e-03
6.977849630000000636e-02,4.379140636017385575e-03
6.983811040000000026e-02,4.378698509857871513e-03
7.010574679999999337e-02,4.376709490315835137e-03
7.019473210000000407e-02,4.376046684361414515e-03
7.025399309999999509e-02,4.375604886258161429e-03
7.034279089999999346e-02,4.374942272763221451e-03
7.043147669999999527e-02,4.374279771088755361e-03
7.046101389999999409e-02,4.374058952656086074e-03
7.069686679999999390e-02,4.372292871675703685e-03
7.072629310000000391e-02,4.372072168546974405e-03
7.081449859999999763e-02,4.371410126889842436e-03
7.096126429999999319e-02,4.370306957080204169e-03
7.104917809999999889e-02,4.369645185045454780e-03
7.116622760000000658e-02,4.368763006558158864e-03
7.125388859999999547e-02,4.368101498292627748e-03
7.137060239999999667e-02,4.367219639198568516e-03
7.139975099999999741e-02,4.366999208589382626e-03
7.142888779999999327e-02,4.366778797541854586e-03
7.151622679999999899e-02,4.366117603591354937e-03
7.163251310000000316e-02,4.365236170500716613e-03
7.166155520000000445e-02,4.365015850238925139e-03
7.174861100000000380e-02,4.364354936510860157e-03
7.186452140000000599e-02,4.363473884916617071e-03
7.209578290000000222e-02,4.361712354421567843e-03
7.212463850000000454e-02,4.361492217914382519e-03
7.218231499999999690e-02,4.361051969062721897e-03
7.229752999999999874e-02,4.360171642925373889e-03
7.235506869999999702e-02,4.359731536676019967e-03
7.244129109999999927e-02,4.359071482120264671e-03
7.264207849999999855e-02,4.357531748365402191e-03
7.281374140000000661e-02,4.356212459188561238e-03
7.289942130000000298e-02,4.355552962907453807e-03
7.298500049999999406e-02,4.354893570852982378e-03
7.304199769999999980e-02,4.354454033877738078e-03
7.312741009999999819e-02,4.353794829302828039e-03
7.324113840000000264e-02,4.352916056742509206e-03
7.343973900000000388e-02,4.351378647433099683e-03
7.346806670000000095e-02,4.351159064100182036e-03
7.355298439999999327e-02,4.350500376925911690e-03
7.358126850000000496e-02,4.350280829558484177e-03
7.369429630000000342e-02,4.349402812236776578e-03
7.372252619999999923e-02,4.349183340319393715e-03
7.389167900000000178e-02,4.347866727709303984e-03
7.391983359999999836e-02,4.347647317587785554e-03
7.394797729999999514e-02,4.347427939580691091e-03
7.414468470000000477e-02,4.345892597515962560e-03
7.417274320000000198e-02,4.345673294248492309e-03
7.425685499999999661e-02,4.345015502970370029e-03
7.445274629999999727e-02,4.343481066057045849e-03
7.470385179999999847e-02,4.341509037829502024e-03
7.481518369999999585e-02,4.340632903875549578e-03
7.484299079999999493e-02,4.340413898236258373e-03
7.489857399999999554e-02,4.339975911743066718e-03
7.500961690000000626e-02,4.339100097785137007e-03
7.506507669999999688e-02,4.338662253696488370e-03
7.523121089999999789e-02,4.337349032709800906e-03
7.525886430000000571e-02,4.337130196871986400e-03
7.547972660000000500e-02,4.335379987642481135e-03
7.550728900000000521e-02,4.335161257975893821e-03
7.558991580000000432e-02,4.334505163717757882e-03
7.569994450000000485e-02,4.333630517872512876e-03
7.572742679999999726e-02,4.333411884204556482e-03
7.580981359999999780e-02,4.332756057173607969e-03
7.589211099999999821e-02,4.332100332096028815e-03
7.591952370000000505e-02,4.331881794099822457e-03
7.616579349999999526e-02,4.329915384830044719e-03
7.622041209999999567e-02,4.329478532744126910e-03
7.638403350000000369e-02,4.328168245524835131e-03
7.646571289999999632e-02,4.327513273686385033e-03
7.657448329999999581e-02,4.326640122643622341e-03
7.665595969999999815e-02,4.325985398585957716e-03
7.668309930000000163e-02,4.325767175122195718e-03
7.679156169999999670e-02,4.324894410124183880e-03
7.681865340000000597e-02,4.324676259284197799e-03
7.689987119999999732e-02,4.324021834569732707e-03
7.698100330000000324e-02,4.323367515322774739e-03
7.711603370000000290e-02,4.322277227017076381e-03
7.722388809999999881e-02,4.321405226934934771e-03
7.741227159999999885e-02,4.319879641580459326e-03
7.751971380000000078e-02,4.319008146700054930e-03
7.754655109999999962e-02,4.318790287976808501e-03
7.762700729999999494e-02,4.318136830057204591e-03
7.768059839999999494e-02,4.317701230446423406e-03
7.776091590000000497e-02,4.317047947107906063e-03
7.789459440000000290e-02,4.315959332979267711e-03
7.794800159999999700e-02,4.315523990010596868e-03
7.808135970000000536e-02,4.314435805350998708e-03
7.810800410000000304e-02,4.314218195349574930e-03
7.818788249999999995e-02,4.313565481106531457e-03
7.837394890000000391e-02,4.312042823633783876e-03
7.848007460000000490e-02,4.311173015254229045e-03
7.850658350000000452e-02,4.310955584322692657e-03
7.871833409999999531e-02,4.309216587404637346e-03
7.874476290000000100e-02,4.308999270394507121e-03
7.879759379999999591e-02,4.308564666173676089e-03
7.882399599999999340e-02,4.308347387952474530e-03
7.921897310000000636e-02,4.305089478240247541e-03
7.935019529999999544e-02,4.304004089879560555e-03
7.937641369999999530e-02,4.303787049313389200e-03
7.945501689999999451e-02,4.303135987070533415e-03
7.955970049999999683e-02,4.302268088828145078e-03
7.958584990000000525e-02,4.302051148690312979e-03
7.966424649999999386e-02,4.301400361720910531e-03
7.979473639999999646e-02,4.300315965637905441e-03
7.997706450000000022e-02,4.298798298770519985e-03
8.000307750000000551e-02,4.298581538584576346e-03
8.015897800000000573e-02,4.297281209876251812e-03
8.021087740000000521e-02,4.296847863420410162e-03
8.028866380000000691e-02,4.296197907510910033e-03
8.036637480000000111e-02,4.295548075248463438e-03
8.039226180000000332e-02,4.295331477290382886e-03
8.046987279999999465e-02,4.294681785029804029e-03
8.049572650000000329e-02,4.294465261331456389e-03
8.070225790000000454e-02,4.292733335313174761e-03
8.077957099999999446e-02,4.292084039689035742e-03
8.083107209999999820e-02,4.291651257939141026e-03
8.090826210000000296e-02,4.291002145803045342e-03
8.098537860000000477e-02,4.290353142655917683e-03
8.121628870000000000e-02,4.288406787159118085e-03
8.124190489999999487e-02,4.288190568714403579e-03
8.129311300000000018e-02,4.287758206352072603e-03
8.144654410000000400e-02,4.286461350642447460e-03
8.152315139999999349e-02,4.285813072397935165e-03
8.159968680000000141e-02,4.285164912712188974e-03
8.162518259999999859e-02,4.284948898489157436e-03
8.165067049999999438e-02,4.284732872801230892e-03
8.170162240000000686e-02,4.284300872332702168e-03
8.182886339999999314e-02,4.283221060324761062e-03
8.193051390000000156e-02,4.282357409081820158e-03
8.200666909999999865e-02,4.281709809706699989e-03
8.205739989999999429e-02,4.281278103423020488e-03
8.210809939999999529e-02,4.280846475122395030e-03
8.213343739999999504e-02,4.280630686834092750e-03
8.223471150000000174e-02,4.279767590874113820e-03
8.233586090000000191e-02,4.278904678257933365e-03
8.251257400000000519e-02,4.277395074435408166e-03
8.253778790000000642e-02,4.277179432628584743e-03
8.261338329999999563e-02,4.276532666365520478e-03
8.266374179999999572e-02,4.276101550442416507e-03
8.283975550000000077e-02,4.274592963619182513e-03
8.304045720000000075e-02,4.272869561497538889e-03
8.306551080000000586e-02,4.272654192031022889e-03
8.321567409999999776e-02,4.271362211367635102e-03
8.324067490000000569e-02,4.271146905119972866e-03
8.326566829999999808e-02,4.270931619522314905e-03
8.334060340000000455e-02,4.270285857298980470e-03
8.363967260000000625e-02,4.267703818709047033e-03
8.366454680000000310e-02,4.267488716170696368e-03
8.371427300000000571e-02,4.267058538187655688e-03
8.373912499999999759e-02,4.266843494668694226e-03
8.386327459999999567e-02,4.265768360727781490e-03
8.393767620000000540e-02,4.265123413728136824e-03
8.401201190000000263e-02,4.264478572408434386e-03
8.403677589999999920e-02,4.264263671394560515e-03
8.411102400000000645e-02,4.263618954665991494e-03
8.425932399999999656e-02,4.262329882401870787e-03
8.433337620000000423e-02,4.261685468982555347e-03
8.445665230000000412e-02,4.260611713875871696e-03
8.453053160000000010e-02,4.259967623606453722e-03
8.462893709999999570e-02,4.259108967218392348e-03
8.484993209999999730e-02,4.257177660433373798e-03
8.489896399999999343e-02,4.256748591756591080e-03
8.492346929999999849e-02,4.256534094140784763e-03
8.502141990000000593e-02,4.255676167479419993e-03
8.511925789999999492e-02,4.254818423319503204e-03
8.519256259999999359e-02,4.254175265470642661e-03
8.521698349999999589e-02,4.253960885780973949e-03
8.524139740000000187e-02,4.253746530412994865e-03
8.541209930000000228e-02,4.252246318951350031e-03
8.543645739999999877e-02,4.252032055912609819e-03
8.563107309999999639e-02,4.250318352604368771e-03
8.567965800000000576e-02,4.249890041916034970e-03
8.570394000000000623e-02,4.249675884358952022e-03
8.577674509999999586e-02,4.249033535577952797e-03
8.580099970000000520e-02,4.248819432692526807e-03
8.589794970000000363e-02,4.247963183821226035e-03
8.599479040000000685e-02,4.247107084401996642e-03
8.606734940000000667e-02,4.246465145422020394e-03
8.609152209999999805e-02,4.246251182560209503e-03
8.628466029999999620e-02,4.244539951887353092e-03
8.645330230000000671e-02,4.243043199112042987e-03
8.654952159999999839e-02,4.242188170713783422e-03
8.657355969999999679e-02,4.241974424791117998e-03
8.659759109999999593e-02,4.241760716620920392e-03
8.666964550000000322e-02,4.241119633542797009e-03
8.674163999999999486e-02,4.240478641708600969e-03
8.678960310000000122e-02,4.240051391836697527e-03
8.686149819999999799e-02,4.239410603457978780e-03
8.698119120000000204e-02,4.238342788196115124e-03
8.714848529999999482e-02,4.236848387334735989e-03
8.722008450000000301e-02,4.236208108450548009e-03
8.731545890000000365e-02,4.235354515072432824e-03
8.760095880000000335e-02,4.232794929967784864e-03
8.762470840000000094e-02,4.232581716211872812e-03
8.771964279999999725e-02,4.231728943507398651e-03
8.774336039999999781e-02,4.231515759871667254e-03
8.781447459999999761e-02,4.230876324659058052e-03
8.788553120000000551e-02,4.230236988220162885e-03
8.793287040000000165e-02,4.229810840569657795e-03
8.800383150000000432e-02,4.229171641171282185e-03
8.807473540000000656e-02,4.228532612381361890e-03
8.809835729999999920e-02,4.228319603585440657e-03
8.826353389999999632e-02,4.226828931329006285e-03
8.828710539999999607e-02,4.226616020939301388e-03
8.831067049999999363e-02,4.226403162340540420e-03
8.838132819999999779e-02,4.225764535506720473e-03
8.849896570000000129e-02,4.224700396631803426e-03
8.856947319999999846e-02,4.224062060729798576e-03
8.866339600000000543e-02,4.223211098328683889e-03
8.887435929999999706e-02,4.221297104084127325e-03
8.894456929999999817e-02,4.220659291667907577e-03
8.906146280000000470e-02,4.219596549422504825e-03
8.910817729999999381e-02,4.219171529752656531e-03
8.922485650000000490e-02,4.218109172045263720e-03
8.941122649999999616e-02,4.216409955803354821e-03
8.943449539999999420e-02,4.216197598780507469e-03
8.948101510000000536e-02,4.215772946676887498e-03
8.957398210000000471e-02,4.214923761937456465e-03
8.962042940000000679e-02,4.214499244626808416e-03
8.969005530000000170e-02,4.213862553279225896e-03
8.975962719999999728e-02,4.213225967009513392e-03
8.978280580000000399e-02,4.213013780440187997e-03
8.985230589999999851e-02,4.212377306832862725e-03
8.996801999999999577e-02,4.211316764734819411e-03
9.006048429999999327e-02,4.210468543188529943e-03
9.012977020000000061e-02,4.209832495837797194e-03
9.017593120000000351e-02,4.209408478664715923e-03
9.031427279999999780e-02,4.208136837224937289e-03
9.033730919999999331e-02,4.207924934139523586e-03
9.036033960000000587e-02,4.207713025256988419e-03
9.054437240000000331e-02,4.206018302173430978e-03
9.059032220000000357e-02,4.205594726184700045e-03
9.061328829999999723e-02,4.205382945027209829e-03
9.088842950000000642e-02,4.202842618529455988e-03
9.097995829999999673e-02,4.201996195908597014e-03
9.107139520000000210e-02,4.201149979601863545e-03
9.109424000000000687e-02,4.200938423394245426e-03
9.116274030000000306e-02,4.200303895098987834e-03
9.123118909999999859e-02,4.199669499686644984e-03
9.134515649999999654e-02,4.198612346034634978e-03
9.143622810000000267e-02,4.197766821917936833e-03
9.161809969999999692e-02,4.196076380043955480e-03
9.164080830000000122e-02,4.195865114512468096e-03
9.168620859999999928e-02,4.195442616604219688e-03
9.179961109999999758e-02,4.194386606268683294e-03
9.182227469999999780e-02,4.194175465475518012e-03
9.189023229999999931e-02,4.193542028296737105e-03
9.200338330000000509e-02,4.192486525741681569e-03
9.204860469999999462e-02,4.192064396344216681e-03
9.216156120000000562e-02,4.191009282085040970e-03
9.218413590000000546e-02,4.190798284268331883e-03
9.225182690000000019e-02,4.190165388143893797e-03
9.231946820000000442e-02,4.189532577614626420e-03
9.236453490000000321e-02,4.189110790277890232e-03
9.243209369999999536e-02,4.188478172209541585e-03
9.249960320000000236e-02,4.187845627162069609e-03
9.252209549999999838e-02,4.187634844292673943e-03
9.261200969999999755e-02,4.186791691968658191e-03
9.272427989999999787e-02,4.185737954882389443e-03
9.279157679999999742e-02,4.185105878635830487e-03
9.290363000000000093e-02,4.184052662619370568e-03
9.303791570000000122e-02,4.182789124745902969e-03
9.306027779999999361e-02,4.182578576298760613e-03
9.312733189999999883e-02,4.181946997402054798e-03
9.321666239999999715e-02,4.181105064734255347e-03
9.323898160000000657e-02,4.180894626775029550e-03
9.341734349999999965e-02,4.179211342114710209e-03
9.343961480000000097e-02,4.179000980969990557e-03
9.359536559999999394e-02,4.177528831366103361e-03
9.361759449999999816e-02,4.177318575869400086e-03
9.377304960000000522e-02,4.175846989174977590e-03
9.383959440000000374e-02,4.175216544161500405e-03
9.386176549999999952e-02,4.175006377957237759e-03
9.392824739999999784e-02,4.174376022220482874e-03
9.397254260000000026e-02,4.173955828608894199e-03
9.403894620000000093e-02,4.173325649677864756e-03
9.412741149999999390e-02,4.172485538472173183e-03
9.419370589999999377e-02,4.171855612495242380e-03
9.430409309999999989e-02,4.170805875943535239e-03
9.432615499999999487e-02,4.170595994141284950e-03
9.439230989999999877e-02,4.169966364662373859e-03
9.450246499999999383e-02,4.168917148348045068e-03
9.463448200000000587e-02,4.167658510363805337e-03
9.465646689999999974e-02,4.167448729627995854e-03
9.483216279999999443e-02,4.165771261538468370e-03
9.489796490000000639e-02,4.165142374073351438e-03
9.491988880000000461e-02,4.164932781963976739e-03
9.500753380000000192e-02,4.164094490109054164e-03
9.509509800000000290e-02,4.163256347302407914e-03
9.516071830000000231e-02,4.162627871150396085e-03
9.520444000000000129e-02,4.162208934418589086e-03
9.524814160000000252e-02,4.161790076770805272e-03
9.537912649999999437e-02,4.160533681991806024e-03
9.550993169999999477e-02,4.159277742482730966e-03
9.555349359999999737e-02,4.158859182390708432e-03
9.559703569999999928e-02,4.158440624796650407e-03
9.561879930000000138e-02,4.158231405143093633e-03
9.579273010000000088e-02,4.156557847134171799e-03
9.587957719999999628e-02,4.155721374247032043e-03
9.590127669999999604e-02,4.155512246299699480e-03
9.596634569999999698e-02,4.154885046372103728e-03
9.603137069999999331e-02,4.154257909457072760e-03
9.607469620000000377e-02,4.153839888233821880e-03
9.613964780000000543e-02,4.153212911562228354e-03
9.622618180000000465e-02,4.152377115114571152e-03
9.629103129999999622e-02,4.151750363601173534e-03
9.642059930000000667e-02,4.150497260704828772e-03
9.648531809999999487e-02,4.149870828194930118e-03
9.665768969999999349e-02,4.148200838312489196e-03
9.672224980000000694e-02,4.147574775103691526e-03
9.674376029999999516e-02,4.147366106175593911e-03
9.676526600000000256e-02,4.147157463850624851e-03
9.691567219999999705e-02,4.145697201293689453e-03
9.693713980000000230e-02,4.145488682040044358e-03
9.698006060000000095e-02,4.145071575503639708e-03
9.717296979999999473e-02,4.143195184695648223e-03
9.725858440000000049e-02,4.142361584837929607e-03
9.732274600000000164e-02,4.141736426300513148e-03
9.742958790000000313e-02,4.140694810058916965e-03
9.751497720000000535e-02,4.139861686751819363e-03
9.762160879999999541e-02,4.138820560120499981e-03
9.768553189999999720e-02,4.138195991601165656e-03
9.777069770000000604e-02,4.137363424561901933e-03
9.791955950000000297e-02,4.135906873285782187e-03
9.794080700000000472e-02,4.135698809090561194e-03
9.796204990000000057e-02,4.135490762221658533e-03
9.800452190000000230e-02,4.135074785569721988e-03
9.802575099999999431e-02,4.134866782464373738e-03
9.808941070000000428e-02,4.134242845668346759e-03
9.811062140000000042e-02,4.134034926280570447e-03
9.813182759999999893e-02,4.133826947570563848e-03
9.825896829999999915e-02,4.132579562768110698e-03
9.844937149999999360e-02,4.130709221209254677e-03
9.847050470000000277e-02,4.130501453024888400e-03
9.853387700000000582e-02,4.129878233810851777e-03
9.859720869999999415e-02,4.129255124208167267e-03
9.868158759999999530e-02,4.128424469685068078e-03
9.870267110000000010e-02,4.128216834559300663e-03
9.876589439999999831e-02,4.127593951071128683e-03
9.887117689999999626e-02,4.126556120434380324e-03
9.895532220000000101e-02,4.125726052561612747e-03
9.903939609999999616e-02,4.124896103942002866e-03
9.914438809999999436e-02,4.123858961033931465e-03
9.927023199999999992e-02,4.122614811397007882e-03
9.935403930000000217e-02,4.121785550922886510e-03
9.945869920000000031e-02,4.120749232524598474e-03
9.947961800000000576e-02,4.120542012387017235e-03
9.954234789999999444e-02,4.119920363950874652e-03
9.960503830000000391e-02,4.119298853833995230e-03
9.962592630000000060e-02,4.119091723123174259e-03
9.964681000000000233e-02,4.118884586921838994e-03
9.970943470000000197e-02,4.118263220185536082e-03
9.979287320000000683e-02,4.117434894652303307e-03
9.995954120000000165e-02,4.115778860565515174e-03
9.998035519999999565e-02,4.115571898528746358e-03
1.000219702000000044e-01,4.115157998126201845e-03
1.000427710999999970e-01,4.114951053164291050e-03
1.001467112000000020e-01,4.113916574936087034e-03
1.002920464000000011e-01,4.112468795802157011e-03
1.003542684999999962e-01,4.111848435876494165e-03
1.003750006000000000e-01,4.111641665706048526e-03
1.004578862999999933e-01,4.110814797055107640e-03
1.004785970000000028e-01,4.110608128645853489e-03
1.006441294999999986e-01,4.108954936100308979e-03
1.007061340000000027e-01,4.108335195696420292e-03
1.007681004000000047e-01,4.107715500872594766e-03
1.007887474000000033e-01,4.107508952809064452e-03
1.009331579999999950e-01,4.106063590017617303e-03
1.009743802999999995e-01,4.105650705727199520e-03
1.010155856999999935e-01,4.105237836947809964e-03
1.011391013000000061e-01,4.103999613269741081e-03
1.012830123999999971e-01,4.102555551481904331e-03
1.013035545000000037e-01,4.102349291214946181e-03
1.013446261000000015e-01,4.101936789720479586e-03
1.014472322999999954e-01,4.100905837557177434e-03
1.014677410999999946e-01,4.100699638346592783e-03
1.015292426999999942e-01,4.100081221265357810e-03
1.016316624999999974e-01,4.099050716053401384e-03
1.018566236999999958e-01,4.096784560633118071e-03
1.019587146000000000e-01,4.095754966831015483e-03
1.019995224000000006e-01,4.095343190350655797e-03
1.020199202000000027e-01,4.095137348102955745e-03
1.020810889999999999e-01,4.094519811199422328e-03
1.021829558000000027e-01,4.093490774386297250e-03
1.022440270999999956e-01,4.092873470790264756e-03
1.023253987999999948e-01,4.092050616545571395e-03
1.024270225000000062e-01,4.091022212012648471e-03
1.024473352000000032e-01,4.090816604979968622e-03
1.025082489999999957e-01,4.090199751501733330e-03
1.025894110999999997e-01,4.089377459381017543e-03
1.026705091000000014e-01,4.088555297641714020e-03
1.027312905999999970e-01,4.087938856237256606e-03
1.029134196000000001e-01,4.086089954662529798e-03
1.029740576000000019e-01,4.085473845689217495e-03
1.029942623999999946e-01,4.085268557424638104e-03
1.030952267999999949e-01,4.084241973822994205e-03
1.031557580000000002e-01,4.083626185282057848e-03
1.032162536999999963e-01,4.083010504164723622e-03
1.032364110999999945e-01,4.082805261066600744e-03
1.032968595999999989e-01,4.082189748390426844e-03
1.034176504999999996e-01,4.080958897794848862e-03
1.035784859999999974e-01,4.079318370966244882e-03
1.036387349999999957e-01,4.078703386775938029e-03
1.038593488000000009e-01,4.076449177642415753e-03
1.038793813000000038e-01,4.076244361197882936e-03
1.038994099999999976e-01,4.076039470230324348e-03
1.039594729999999967e-01,4.075425041971958602e-03
1.040195012999999974e-01,4.074810639773619389e-03
1.040395030000000054e-01,4.074605876699918632e-03
1.040595009000000043e-01,4.074401148677402919e-03
1.041194715000000048e-01,4.073786900783923394e-03
1.041993786000000033e-01,4.072968092882591970e-03
1.042193458000000017e-01,4.072763421540990560e-03
1.042592687999999990e-01,4.072354088220318455e-03
1.043590092999999996e-01,4.071331049141462682e-03
1.044387331999999946e-01,4.070512760970825504e-03
1.044984860999999959e-01,4.069899111597029447e-03
1.045383024999999994e-01,4.069490160459921652e-03
1.045781035999999997e-01,4.069081178068695639e-03
1.046775404000000048e-01,4.068058930451272717e-03
1.047570218000000025e-01,4.067241409772485994e-03
1.048562888999999970e-01,4.066219619258610793e-03
1.048959693999999970e-01,4.065811057937882694e-03
1.049158040000000014e-01,4.065606735289935963e-03
1.050149209999999972e-01,4.064585459441699862e-03
1.051535277999999934e-01,4.063156119503762848e-03
1.052919521000000025e-01,4.061727265917538209e-03
1.053117120999999962e-01,4.061523216207546701e-03
1.053907153000000069e-01,4.060707033269291173e-03
1.055485441999999968e-01,4.059075167023638506e-03
1.056470674999999970e-01,4.058055687164390142e-03
1.057848460000000018e-01,4.056628717659621457e-03
1.058045140000000023e-01,4.056424943549857484e-03
1.058438389999999951e-01,4.056017372182631371e-03
1.058634960999999958e-01,4.055813611089126476e-03
1.059224453000000010e-01,4.055202398585987071e-03
1.060206211000000037e-01,4.054183874690037680e-03
1.060794830000000022e-01,4.053572907502327703e-03
1.060990963999999953e-01,4.053369260359357580e-03
1.061579148000000028e-01,4.052758451022380956e-03
1.062558730999999951e-01,4.051740592985800075e-03
1.063928632000000069e-01,4.050316017601833171e-03
1.064319707999999975e-01,4.049909122467997523e-03
1.064906052999999991e-01,4.049298802841256803e-03
1.065687344999999980e-01,4.048485273929536277e-03
1.067443161000000001e-01,4.046655324605533989e-03
1.067832950000000003e-01,4.046248818642504165e-03
1.068027790999999949e-01,4.046045559036954599e-03
1.068806801000000001e-01,4.045232711980659493e-03
1.069001465000000012e-01,4.045029471968939090e-03
1.069585242999999963e-01,4.044419971885013926e-03
1.070363119999999946e-01,4.043607509954853796e-03
1.070557500000000051e-01,4.043404349441608037e-03
1.070946155999999982e-01,4.042998182947313453e-03
1.072111278000000001e-01,4.041779930593642628e-03
1.073275134000000047e-01,4.040562081833351006e-03
1.073662806000000025e-01,4.040156169164527480e-03
1.075018556999999958e-01,4.038735936268547828e-03
1.076565896000000050e-01,4.037113523436536462e-03
1.077145573999999939e-01,4.036505253727482728e-03
1.077338731000000022e-01,4.036302559540866190e-03
1.077917994999999934e-01,4.035694420082968671e-03
1.078882741999999950e-01,4.034681158413591304e-03
1.079653919999999934e-01,4.033870694429192265e-03
1.080231942000000056e-01,4.033263002896030243e-03
1.081194624000000049e-01,4.032250319321081973e-03
1.081387057999999984e-01,4.032047828642225558e-03
1.081964153999999956e-01,4.031440396101558521e-03
1.082733136999999984e-01,4.030630602549380506e-03
1.082925297000000009e-01,4.030428272357875798e-03
1.084077544000000004e-01,4.029213999566803699e-03
1.084269466000000043e-01,4.029011665398134906e-03
1.084461354000000044e-01,4.028809348672540876e-03
1.085803620999999941e-01,4.027393351820012998e-03
1.085995238000000002e-01,4.027191134048492202e-03
1.086378370999999954e-01,4.026786647592386047e-03
1.086569886000000040e-01,4.026584433358506784e-03
1.087526959000000015e-01,4.025573602672334085e-03
1.088100798000000008e-01,4.024967221607904724e-03
1.088674334999999993e-01,4.024360945810434576e-03
1.089629559000000053e-01,4.023350608430006220e-03
1.090393136000000068e-01,4.022542635761475194e-03
1.090583945999999971e-01,4.022340678462453870e-03
1.091156177999999949e-01,4.021734773734658708e-03
1.092109230999999958e-01,4.020725167913405569e-03
1.093442109999999967e-01,4.019312254756502931e-03
1.094773366000000026e-01,4.017899813959712255e-03
1.095723272999999942e-01,4.016891265189722476e-03
1.096292821999999972e-01,4.016286233797676519e-03
1.096672357000000042e-01,4.015882998424298231e-03
1.097810174999999944e-01,4.014673374710154251e-03
1.097999696000000053e-01,4.014471824532375027e-03
1.098568065000000010e-01,4.013867245118252040e-03
1.099703920999999945e-01,4.012658269514914403e-03
1.100271409999999950e-01,4.012054021173013137e-03
1.101594412999999939e-01,4.010644324642622521e-03
1.101783283000000030e-01,4.010442980652225570e-03
1.102349700999999960e-01,4.009838971254283541e-03
1.103293085000000007e-01,4.008832579692120195e-03
1.104047211000000056e-01,4.008027650374042759e-03
1.104235662999999978e-01,4.007826455277550826e-03
1.104612467999999958e-01,4.007424110532387812e-03
1.105742115999999997e-01,4.006217167108271950e-03
1.106306506999999995e-01,4.005613927412358596e-03
1.108373482000000049e-01,4.003402709552615971e-03
1.108561197000000054e-01,4.003201739960448452e-03
1.109311741999999962e-01,4.002397961586198240e-03
1.109874317999999943e-01,4.001795301244384304e-03
1.110249209999999986e-01,4.001393585575658933e-03
1.110811310999999940e-01,4.000791058329797659e-03
1.111560337000000037e-01,3.999987809362036580e-03
1.113056877000000028e-01,3.998381926988132593e-03
1.113243802999999976e-01,3.998181291623269761e-03
1.113617560000000062e-01,3.997779929009252255e-03
1.114364699999999958e-01,3.996977351153676097e-03
1.114738081999999963e-01,3.996576103134131391e-03
1.115297920000000026e-01,3.995974348050851388e-03
1.116043934999999959e-01,3.995172206865013793e-03
1.116789450999999961e-01,3.994370241717387117e-03
1.117534470000000058e-01,3.993568372696343696e-03
1.118278993000000054e-01,3.992766695482794642e-03
1.120323877999999940e-01,3.990563010029819779e-03
1.121994194000000000e-01,3.988760935939655687e-03
1.122179632000000066e-01,3.988560787183559157e-03
1.122550414000000052e-01,3.988160462897593662e-03
1.122735759000000055e-01,3.987960327910281856e-03
1.123476835000000035e-01,3.987159818897342833e-03
1.123662027999999952e-01,3.986959784182804618e-03
1.124217421999999938e-01,3.986359576833011127e-03
1.124957521999999932e-01,3.985559463623807377e-03
1.125142469999999978e-01,3.985359397833033827e-03
1.125512277000000061e-01,3.984959388602742590e-03
1.126436261999999994e-01,3.983959641505284248e-03
1.126620968000000000e-01,3.983759749317566240e-03
1.128466364999999999e-01,3.981761144976874583e-03
1.128650739000000014e-01,3.981561393971835838e-03
1.129387933000000066e-01,3.980762262264561299e-03
1.131044863999999955e-01,3.978964892979247603e-03
1.131412740999999944e-01,3.978565588521989702e-03
1.131596634999999934e-01,3.978365941152932697e-03
1.133066709999999977e-01,3.976769311909524041e-03
1.133617497000000002e-01,3.976170698957942964e-03
1.133801033000000069e-01,3.975971261303438108e-03
1.134351462999999977e-01,3.975372730539876442e-03
1.135451522999999935e-01,3.974176182087809511e-03
1.136550518000000037e-01,3.972979947332295689e-03
1.136916614000000048e-01,3.972581325402303395e-03
1.137465535999999944e-01,3.971983349721254671e-03
1.138014194000000062e-01,3.971385598907063719e-03
1.138379818999999959e-01,3.970987046170761266e-03
1.139658583000000003e-01,3.969592670812034478e-03
1.140388660999999970e-01,3.968796164993333361e-03
1.141300601999999942e-01,3.967800715178067435e-03
1.141847416999999948e-01,3.967203571945045019e-03
1.142393970000000064e-01,3.966606596194171414e-03
1.142576096000000041e-01,3.966407602768774049e-03
1.143122300999999952e-01,3.965810642254816339e-03
1.143304311000000045e-01,3.965611709115121619e-03
1.144032063000000043e-01,3.964815982076618818e-03
1.144213927999999936e-01,3.964617126027144590e-03
1.145304515000000051e-01,3.963423975204150712e-03
1.146938450999999970e-01,3.961634897844234192e-03
1.148388887000000025e-01,3.960045402630773918e-03
1.148570062999999947e-01,3.959846713279006544e-03
1.148932327999999947e-01,3.959449505000891233e-03
1.149656517000000044e-01,3.958655071560528496e-03
1.149837492999999933e-01,3.958456510324693048e-03
1.150561112000000052e-01,3.957662305789023255e-03
1.151284276999999939e-01,3.956868358838311166e-03
1.151826351999999942e-01,3.956272957615343186e-03
1.152909738000000017e-01,3.955082497093758039e-03
1.153992105999999962e-01,3.953892365807223572e-03
1.154352669999999942e-01,3.953495682686007998e-03
1.154713121999999953e-01,3.953099125314427087e-03
1.154893305000000009e-01,3.952900872996216626e-03
1.155433686999999959e-01,3.952306078985695637e-03
1.155613758999999990e-01,3.952107906485231338e-03
1.157053318999999997e-01,3.950522479762104758e-03
1.157233138000000050e-01,3.950324252122421748e-03
1.157772427999999992e-01,3.949729988683708601e-03
1.158670687000000060e-01,3.948739587896637343e-03
1.159209308000000022e-01,3.948145491370331703e-03
1.159747678999999976e-01,3.947551470050004660e-03
1.159927079999999999e-01,3.947353520236911509e-03
1.160465118000000018e-01,3.946759715649911932e-03
1.161182114000000043e-01,3.945968015543003735e-03
1.161540446000000060e-01,3.945572198071534489e-03
1.162793738999999965e-01,3.944187403669502379e-03
1.162972671000000041e-01,3.943989561809172276e-03
1.163509300000000052e-01,3.943396277415943570e-03
1.164224420999999954e-01,3.942605305625236124e-03
1.164403133000000007e-01,3.942407606939306308e-03
1.165653348000000034e-01,3.941023867410986016e-03
1.166902222999999933e-01,3.939640635989795879e-03
1.167258798999999958e-01,3.939245632722069256e-03
1.167793458999999978e-01,3.938653009738007568e-03
1.168327873999999988e-01,3.938060551354899408e-03
1.168505957999999983e-01,3.937863051468451676e-03
1.169040048000000026e-01,3.937270694041663209e-03
1.169218023000000023e-01,3.937073288341605935e-03
1.170640854000000036e-01,3.935494215776815137e-03
1.171529245999999996e-01,3.934507682620917539e-03
1.172061957999999959e-01,3.933915835755187780e-03
1.172771863999999969e-01,3.933126924244596985e-03
1.174190388000000002e-01,3.931549615721948582e-03
1.174367582999999993e-01,3.931352465604524490e-03
1.174721893000000017e-01,3.930958238899339569e-03
1.175607201000000018e-01,3.929972826735194519e-03
1.176845512999999954e-01,3.928593784092818640e-03
1.177022308000000017e-01,3.928396845480449338e-03
1.177199077000000010e-01,3.928199914991764921e-03
1.177552535000000039e-01,3.927806055048823838e-03
1.178612272999999960e-01,3.926624635889198155e-03
1.179141783999999998e-01,3.926034050901689235e-03
1.180552655000000062e-01,3.924459780209160233e-03
1.181961841000000041e-01,3.922886087203482711e-03
1.182665804000000015e-01,3.922099528514093672e-03
1.182841728999999981e-01,3.921902837811125711e-03
1.183193502000000064e-01,3.921509654754446079e-03
1.183369348999999959e-01,3.921313091171593768e-03
1.183896732999999979e-01,3.920723441401936793e-03
1.184248192000000033e-01,3.920330296114330620e-03
1.184775183999999953e-01,3.919740815890368837e-03
1.186003924000000043e-01,3.918365519711778863e-03
1.186880815999999950e-01,3.917383512592840546e-03
1.187056117000000049e-01,3.917187174341834298e-03
1.187581862999999988e-01,3.916598174108776309e-03
1.188107377000000020e-01,3.916009198726870706e-03
1.188282496999999993e-01,3.915812876621240293e-03
1.188457591000000035e-01,3.915616540965372559e-03
1.189507612999999991e-01,3.914439116783937148e-03
1.191604881999999976e-01,3.912085217323625283e-03
1.191779488000000026e-01,3.911889235342835489e-03
1.192652134000000003e-01,3.910908949878010715e-03
1.193872765999999946e-01,3.909536971612372937e-03
1.194395511999999937e-01,3.908949206893574425e-03
1.195266247000000004e-01,3.907969650092379087e-03
1.195440318000000057e-01,3.907773773734291717e-03
1.196831975000000048e-01,3.906207223650935093e-03
1.197353428999999997e-01,3.905619972292664714e-03
1.198048347999999957e-01,3.904837007894961139e-03
1.199436978999999931e-01,3.903271708806374529e-03
1.199957301000000032e-01,3.902684937708187154e-03
1.200130692000000027e-01,3.902489330958129263e-03
1.200650713000000064e-01,3.901902723386995765e-03
1.200997268999999951e-01,3.901511608827127470e-03
1.201516915000000046e-01,3.900925011431708844e-03
1.202382493999999968e-01,3.899947751094772711e-03
1.203593257999999999e-01,3.898579930637227978e-03
1.203766123999999993e-01,3.898384565062857146e-03
1.204284575999999968e-01,3.897798479296968929e-03
1.204802804999999949e-01,3.897212506613419343e-03
1.205148166999999992e-01,3.896821963735910485e-03
1.205493428999999950e-01,3.896431416443120986e-03
1.206356155000000013e-01,3.895455309240268733e-03
1.207045890999999954e-01,3.894674506403956408e-03
1.207735233000000047e-01,3.893893959394353725e-03
1.207907507000000047e-01,3.893698913918167831e-03
1.208251981000000030e-01,3.893308697912878803e-03
1.208424181999999958e-01,3.893113574370026496e-03
1.209800902000000011e-01,3.891553326148091893e-03
1.211004249000000033e-01,3.890188510893104884e-03
1.211691339000000034e-01,3.889408878497308767e-03
1.211863051000000024e-01,3.889214013380018660e-03
1.212034738000000028e-01,3.889019194234925956e-03
1.212549653999999977e-01,3.888434700409509979e-03
1.213064352000000068e-01,3.887850193408731725e-03
1.213407361999999934e-01,3.887460643817373246e-03
1.213921696000000022e-01,3.886876343427006931e-03
1.214607136000000059e-01,3.886097461843086593e-03
1.214778435000000018e-01,3.885902688817768989e-03
1.216147962999999943e-01,3.884345519853204306e-03
1.216661138000000031e-01,3.883761683833324065e-03
1.217174097000000010e-01,3.883178024360093520e-03
1.217515948999999958e-01,3.882788964096685162e-03
1.219394424999999949e-01,3.880649785136477872e-03
1.220076789999999939e-01,3.879872194719299634e-03
1.220247321999999995e-01,3.879677761135227974e-03
1.220758774000000046e-01,3.879094824219673880e-03
1.222121599000000058e-01,3.877540442852847775e-03
1.222632267000000050e-01,3.876957732172804476e-03
1.222802442999999933e-01,3.876763509875881183e-03
1.223993007000000049e-01,3.875404316057991672e-03
1.224162993000000033e-01,3.875210230003666313e-03
1.224332954999999973e-01,3.875016127891812816e-03
1.224672809999999973e-01,3.874627887054297483e-03
1.225522032999999955e-01,3.873657592710573732e-03
1.225691807000000022e-01,3.873463510226575566e-03
1.226200987999999936e-01,3.872881377631498014e-03
1.226709956999999934e-01,3.872299547729229647e-03
1.226879567000000032e-01,3.872105456181449638e-03
1.227388254999999956e-01,3.871523705156905068e-03
1.228235601000000066e-01,3.870554173273213494e-03
1.228405000000000052e-01,3.870360249174105167e-03
1.230097705999999985e-01,3.868422208962700275e-03
1.230266849000000023e-01,3.868228328419630498e-03
1.231619152999999939e-01,3.866678676347013247e-03
1.232294748999999967e-01,3.865904131204548396e-03
1.232463589999999998e-01,3.865710472379856651e-03
1.232969973999999969e-01,3.865129643176940227e-03
1.233476151000000021e-01,3.864548893298602825e-03
1.234824939999999982e-01,3.863000870901626971e-03
1.234993434999999973e-01,3.862807326395443878e-03
1.236340570000000055e-01,3.861259900570383156e-03
1.237013586999999998e-01,3.860486552699045597e-03
1.237686238000000050e-01,3.859713287471341729e-03
1.238862498000000006e-01,3.858360411285069718e-03
1.239198366999999940e-01,3.857973935766536959e-03
1.240373193999999984e-01,3.856621700934939612e-03
1.240540935000000039e-01,3.856428559098876423e-03
1.240876350000000017e-01,3.856042385590831463e-03
1.241044023999999940e-01,3.855849285749374418e-03
1.241882051999999986e-01,3.854883943717678577e-03
1.242384596999999979e-01,3.854304845937539872e-03
1.242886938999999968e-01,3.853725886214908001e-03
1.243556412999999999e-01,3.852953983764461493e-03
1.244392748999999937e-01,3.851989536443821763e-03
1.244559949000000054e-01,3.851796664717332605e-03
1.245061412999999978e-01,3.851218021200475839e-03
1.245562676000000063e-01,3.850639473633216733e-03
1.245896739000000031e-01,3.850253903871876313e-03
1.246397665999999932e-01,3.849675567867625638e-03
1.247065254999999984e-01,3.848904633550142684e-03
1.248232677000000040e-01,3.847555816473353669e-03
1.248566024999999968e-01,3.847170549716194456e-03
1.248899284999999970e-01,3.846785180241073937e-03
1.249898531000000063e-01,3.845629743219296150e-03
1.250397853999999920e-01,3.845052154506724534e-03
1.251063309000000068e-01,3.844282158162889550e-03
1.251562167999999975e-01,3.843704795468985257e-03
1.252393156999999924e-01,3.842742718014700767e-03
1.252559289000000076e-01,3.842550280979610804e-03
1.253887550999999989e-01,3.841011528447228762e-03
1.255048625999999889e-01,3.839665647617274396e-03
1.255711616000000086e-01,3.838896737174425297e-03
1.256374255999999912e-01,3.838128080252323129e-03
1.256871006999999985e-01,3.837551714627831546e-03
1.257036547000000004e-01,3.837359538480542096e-03
1.257863919999999969e-01,3.836399248886199296e-03
1.258360081999999880e-01,3.835823082045823184e-03
1.259021328999999911e-01,3.835054990704267822e-03
1.259517035000000118e-01,3.834479110502035919e-03
1.260177674000000081e-01,3.833711350126502940e-03
1.261002985999999937e-01,3.832751992334591361e-03
1.261662846999999921e-01,3.831984553445860840e-03
1.261827758000000077e-01,3.831792691827813450e-03
1.262981534000000017e-01,3.830450266238659158e-03
1.264463413999999952e-01,3.828725088961136471e-03
1.264792483999999939e-01,3.828341844253293873e-03
1.264956988000000004e-01,3.828150152773470306e-03
1.265450368999999908e-01,3.827575378524429844e-03
1.266272243999999880e-01,3.826617596710587665e-03
1.266765113999999970e-01,3.826042996950065021e-03
1.267421974000000062e-01,3.825277026618479747e-03
1.268242572000000123e-01,3.824319832966100677e-03
1.268406628000000036e-01,3.824128379200398935e-03
1.268898668000000007e-01,3.823554242202791085e-03
1.269390516999999996e-01,3.822980088773287894e-03
1.269718310999999877e-01,3.822597455997730955e-03
1.270209843000000005e-01,3.822023536218148790e-03
1.270701184999999955e-01,3.821449738548344643e-03
1.270864922999999924e-01,3.821258502924037605e-03
1.272174071999999934e-01,3.819728828845285907e-03
1.272337621000000085e-01,3.819537619646860751e-03
1.272828141000000024e-01,3.818964231417147810e-03
1.273481874999999874e-01,3.818199701685218161e-03
1.273645256000000003e-01,3.818008630055797371e-03
1.274625101000000094e-01,3.816862316625586719e-03
1.275277914000000068e-01,3.816098461145357983e-03
1.276745521000000050e-01,3.814380061042011317e-03
1.277234348000000075e-01,3.813807382983052611e-03
1.277560128999999933e-01,3.813425687982572015e-03
1.277885826999999863e-01,3.813044094311465997e-03
1.278048645000000039e-01,3.812853262563104233e-03
1.278699709999999989e-01,3.812090065863022251e-03
1.280488429999999955e-01,3.809992313221546682e-03
1.281138253999999921e-01,3.809229804576028111e-03
1.281463043000000135e-01,3.808848647123308593e-03
1.283896338999999942e-01,3.805990852993106684e-03
1.284544438999999927e-01,3.805229189103321794e-03
1.285192213000000139e-01,3.804467766580760420e-03
1.285354105000000025e-01,3.804277344669266658e-03
1.285839659999999940e-01,3.803706340172377694e-03
1.286486780999999968e-01,3.802945157880096433e-03
1.286648511000000050e-01,3.802754909022894054e-03
1.287780048000000122e-01,3.801423260144694369e-03
1.287941615000000040e-01,3.801233032986088903e-03
1.288264688999999907e-01,3.800852772798517416e-03
1.288426195000000052e-01,3.800662552391820877e-03
1.289233422999999934e-01,3.799711979396042019e-03
1.290201430000000038e-01,3.798571440858094974e-03
1.290362693999999866e-01,3.798381348847364603e-03
1.291007547999999949e-01,3.797621378147299220e-03
1.291813162999999876e-01,3.796671544529304620e-03
1.292296290999999930e-01,3.796101792255447086e-03
1.293101103000000029e-01,3.795152372737168375e-03
1.293583749999999977e-01,3.794582692366068894e-03
1.295512538999999963e-01,3.792305530113792428e-03
1.295673142000000055e-01,3.792115745749081394e-03
1.295994287999999994e-01,3.791736388671566264e-03
1.296636341000000081e-01,3.790977798368601760e-03
1.296796805000000052e-01,3.790788160548431117e-03
1.297438461000000043e-01,3.790029687119289732e-03
1.298079799999999895e-01,3.789271385769570673e-03
1.298240085000000044e-01,3.789081900059218695e-03
1.298560595999999900e-01,3.788702744994544916e-03
1.299361528000000099e-01,3.787755356842791715e-03
1.299521654999999942e-01,3.787565813204735871e-03
1.301121842999999889e-01,3.785671733291169540e-03
1.301281753000000097e-01,3.785482512858289426e-03
1.301761367000000003e-01,3.784914409845792187e-03
1.301921198999999862e-01,3.784725084754025914e-03
1.303358805000000009e-01,3.783021765711192062e-03
1.303678057000000057e-01,3.782643388907840423e-03
1.304635345999999863e-01,3.781508395951719160e-03
1.305113727999999973e-01,3.780941000179243675e-03
1.305591932999999871e-01,3.780373821770955604e-03
1.305751296999999866e-01,3.780184692984335515e-03
1.306229268999999915e-01,3.779617534929110428e-03
1.307025501999999895e-01,3.778672476151706885e-03
1.307184690000000038e-01,3.778483482935874899e-03
1.308139412999999862e-01,3.777349893468932244e-03
1.308298465000000133e-01,3.777160964126240975e-03
1.308457499000000024e-01,3.776971959712242029e-03
1.309570191999999966e-01,3.775650038000116261e-03
1.309729071000000078e-01,3.775461097202842051e-03
1.310840685000000116e-01,3.774139720812896490e-03
1.311316801999999893e-01,3.773573600910007635e-03
1.311475470000000032e-01,3.773384854931299652e-03
1.312268518999999967e-01,3.772441477262479612e-03
1.312744117999999904e-01,3.771875436070902966e-03
1.313377983000000027e-01,3.771121086273607290e-03
1.313853181000000092e-01,3.770555341113442267e-03
1.314011542000000088e-01,3.770366805934075374e-03
1.314644795999999893e-01,3.769612661154932327e-03
1.315277744999999998e-01,3.768858801035094089e-03
1.315752256000000120e-01,3.768293480023826494e-03
1.316068501999999862e-01,3.767916637392325612e-03
1.316542729000000078e-01,3.767351409971166770e-03
1.317016785000000023e-01,3.766786354146231270e-03
1.318280101000000037e-01,3.765279818969337940e-03
1.318437929999999869e-01,3.765091617730664288e-03
1.318595740999999877e-01,3.764903225477018566e-03
1.319069059000000099e-01,3.764338511848552143e-03
1.321118145000000077e-01,3.761892574107330006e-03
1.321433106999999885e-01,3.761516427158423988e-03
1.322220182999999938e-01,3.760576045339805110e-03
1.322849506999999869e-01,3.759824116883378128e-03
1.323635740999999921e-01,3.758884296883523938e-03
1.323950104000000128e-01,3.758508415210535039e-03
1.324735684999999996e-01,3.757569101780067113e-03
1.325991646999999940e-01,3.756066446695319801e-03
1.326148558999999949e-01,3.755878760144069472e-03
1.326619182000000063e-01,3.755315485966525656e-03
1.327089637999999960e-01,3.754752132089620147e-03
1.327403182999999931e-01,3.754376810822413792e-03
1.328343374000000021e-01,3.753250822191608709e-03
1.328500008000000066e-01,3.753063287692436339e-03
1.328969798999999896e-01,3.752500407143652319e-03
1.329908881999999903e-01,3.751374988660037546e-03
1.330378174999999885e-01,3.750812376266831998e-03
1.331159962000000030e-01,3.749875094361563004e-03
1.331628814999999966e-01,3.749312816245720190e-03
1.332097502000000044e-01,3.748750454262717198e-03
1.332253693999999877e-01,3.748563141834935619e-03
1.333502575000000134e-01,3.747064328409543954e-03
1.333658601999999915e-01,3.746877147868121847e-03
1.333970603000000088e-01,3.746502494746084891e-03
1.334906168999999976e-01,3.745378954652448401e-03
1.335373705000000022e-01,3.744817413934907729e-03
1.335996832999999939e-01,3.744068852604043492e-03
1.336463988000000103e-01,3.743507388943481673e-03
1.336619671000000009e-01,3.743320314144222855e-03
1.337242217999999871e-01,3.742571940885079142e-03
1.338330979000000032e-01,3.741262644714934624e-03
1.338641891000000028e-01,3.740888824451350878e-03
1.340971431999999908e-01,3.738085226818541745e-03
1.341126591000000035e-01,3.737898385849751804e-03
1.341591960000000083e-01,3.737337985866190631e-03
1.342057167000000051e-01,3.736777704245201372e-03
1.342212201000000105e-01,3.736590884371202709e-03
1.342367215999999974e-01,3.736404172071067058e-03
1.343451823000000045e-01,3.735097185737399576e-03
1.343606696000000100e-01,3.734910564867413834e-03
1.344845033000000023e-01,3.733417698963912949e-03
1.345309115999999972e-01,3.732857886561953640e-03
1.345773037999999922e-01,3.732298419928070394e-03
1.346391352999999902e-01,3.731552462554184584e-03
1.346545888000000024e-01,3.731365987911321701e-03
1.347009383999999976e-01,3.730806544162136931e-03
1.347163848000000053e-01,3.730620044005509769e-03
1.347781523999999898e-01,3.729874461584294868e-03
1.348398918000000002e-01,3.729129025863879912e-03
1.348861778000000067e-01,3.728570057477586120e-03
1.349016029000000005e-01,3.728383667325652680e-03
1.350249404999999958e-01,3.726893511896077829e-03
1.350711631000000024e-01,3.726334815744342284e-03
1.350865670999999990e-01,3.726148617023896693e-03
1.351327686000000083e-01,3.725590063118718563e-03
1.351943459999999930e-01,3.724845616422602698e-03
1.352251241999999909e-01,3.724473304669246275e-03
1.352712784000000001e-01,3.723915036482993227e-03
1.353942793000000033e-01,3.722426785306367711e-03
1.354557378000000034e-01,3.721682792354832382e-03
1.354710980999999925e-01,3.721496945949730791e-03
1.355939177000000107e-01,3.720009584809472365e-03
1.356246051999999980e-01,3.719637974773541862e-03
1.356399463000000083e-01,3.719452184291305134e-03
1.357166260999999874e-01,3.718522974557143465e-03
1.358085847000000124e-01,3.717408461141218697e-03
1.358698557999999945e-01,3.716665600391042511e-03
1.358851692999999972e-01,3.716480009243661262e-03
1.359464059000000113e-01,3.715737351206279109e-03
1.359617106999999880e-01,3.715551705372779814e-03
1.360840875000000061e-01,3.714067009033626427e-03
1.361299504000000049e-01,3.713510404476870128e-03
1.361757979000000063e-01,3.712953976048500877e-03
1.361910769999999937e-01,3.712768450872485585e-03
1.363590336999999930e-01,3.710728632093683761e-03
1.363742921999999969e-01,3.710543316398469665e-03
1.364505592999999961e-01,3.709616603264124200e-03
1.364962990999999959e-01,3.709060836610046565e-03
1.365572616000000072e-01,3.708319758538013503e-03
1.366791052000000117e-01,3.706838157081521895e-03
1.366943280000000038e-01,3.706652907449060723e-03
1.367399861999999966e-01,3.706097571542259911e-03
1.367856292000000085e-01,3.705542175415087441e-03
1.368160494000000005e-01,3.705172022343199405e-03
1.368464628999999932e-01,3.704801854912786584e-03
1.369224669999999922e-01,3.703876660206436872e-03
1.370439857999999900e-01,3.702396817430311099e-03
1.370591680999999895e-01,3.702212058130760052e-03
1.370895276000000107e-01,3.701842087835537781e-03
1.371047048000000046e-01,3.701657176786293628e-03
1.371502263999999915e-01,3.701102617986159159e-03
1.372260621999999985e-01,3.700178482148364350e-03
1.374078974000000064e-01,3.697961390985043430e-03
1.374230395000000104e-01,3.697776821390187044e-03
1.375289872999999885e-01,3.696484157539197714e-03
1.375441161000000023e-01,3.696299496127212775e-03
1.375894923000000047e-01,3.695745843265117302e-03
1.376348535999999956e-01,3.695192177074049789e-03
1.376499707000000128e-01,3.695007567987012177e-03
1.377708478000000125e-01,3.693531552793406867e-03
1.377859499999999904e-01,3.693347111144675097e-03
1.379067079000000084e-01,3.691871871273753013e-03
1.379519649000000014e-01,3.691318735975964056e-03
1.380575068000000072e-01,3.690028609845858419e-03
1.380725775999999960e-01,3.689844426832080814e-03
1.381479070999999947e-01,3.688923213819932882e-03
1.381930851000000016e-01,3.688370587323407633e-03
1.382683489000000043e-01,3.687449778762245858e-03
1.383134874999999986e-01,3.686897325153895739e-03
1.384788700000000039e-01,3.684872730627594510e-03
1.385089183000000057e-01,3.684504841177916722e-03
1.385389600999999971e-01,3.684136969329118022e-03
1.385990242000000039e-01,3.683401052800656852e-03
1.386290464000000111e-01,3.683033262220647593e-03
1.386740676999999866e-01,3.682481643486824191e-03
1.387190742999999948e-01,3.681930104910590123e-03
1.387340732000000021e-01,3.681746277693905695e-03
1.387490705999999963e-01,3.681562334726547030e-03
1.387790603999999872e-01,3.681194847646855530e-03
1.388540065999999962e-01,3.680275995523321544e-03
1.389139343999999943e-01,3.679540917823063452e-03
1.389588633000000129e-01,3.678989865544355937e-03
1.390337125999999979e-01,3.678071580735839397e-03
1.390935630000000034e-01,3.677337177054513986e-03
1.392131866000000107e-01,3.675868527026042703e-03
1.392281324000000098e-01,3.675685077844052968e-03
1.392580190000000107e-01,3.675318101998961261e-03
1.393476405000000085e-01,3.674217343740886904e-03
1.394372043000000061e-01,3.673116902947549771e-03
1.394521260000000096e-01,3.672933612414473487e-03
1.395565333999999880e-01,3.671650184401032031e-03
1.395863497000000009e-01,3.671283599576025559e-03
1.396310622999999973e-01,3.670733868249459551e-03
1.396757604999999958e-01,3.670184233411044779e-03
1.396906566999999988e-01,3.670000885199828453e-03
1.397502257999999886e-01,3.669268098344506419e-03
1.398246513999999996e-01,3.668352435949572606e-03
1.399287808000000133e-01,3.667070821532210454e-03
1.399436501000000110e-01,3.666887709240256119e-03
1.399882484999999954e-01,3.666338654832928222e-03
1.400625477000000119e-01,3.665423806173405928e-03
1.401071081999999968e-01,3.664874858458780880e-03
1.401665002999999965e-01,3.664143225056873225e-03
1.402110277999999988e-01,3.663594652406555914e-03
1.402852089999999941e-01,3.662680244251754428e-03
1.403445257000000002e-01,3.661949072923583685e-03
1.403889966999999905e-01,3.661400756975284523e-03
1.405075174000000038e-01,3.659939106205292898e-03
1.405223254999999893e-01,3.659756462915384964e-03
1.406407338000000007e-01,3.658295439157967580e-03
1.406555278999999936e-01,3.658112888893849841e-03
1.406851112999999986e-01,3.657747726273144744e-03
1.407590425999999950e-01,3.656835164394292223e-03
1.407738242000000084e-01,3.656652659128057509e-03
1.408181597000000007e-01,3.656105102387379163e-03
1.408624812000000004e-01,3.655557807668660501e-03
1.408920210999999867e-01,3.655192875465558371e-03
1.409215548999999956e-01,3.654828039156429124e-03
1.409953622000000018e-01,3.653916160853831231e-03
1.410101189999999893e-01,3.653733847458473776e-03
1.411281181000000051e-01,3.652275438370337392e-03
1.411723423000000033e-01,3.651728486224814236e-03
1.412312863999999890e-01,3.650999776060972687e-03
1.412902058999999932e-01,3.650271043180086314e-03
1.413491007999999882e-01,3.649542423718828230e-03
1.413638207000000035e-01,3.649360183212278612e-03
1.413932558999999867e-01,3.648995976555755461e-03
1.414079712000000100e-01,3.648813963646613777e-03
1.414521079000000126e-01,3.648267712079527464e-03
1.414815248000000081e-01,3.647903676964923871e-03
1.415256386000000033e-01,3.647357682575720714e-03
1.415844356000000026e-01,3.646629592409787214e-03
1.416285173000000064e-01,3.646083803446532445e-03
1.417019563999999954e-01,3.645174255831437355e-03
1.418340509000000083e-01,3.643537514307047115e-03
1.419220455000000103e-01,3.642446995473607764e-03
1.419513649999999960e-01,3.642083585788781584e-03
1.420539353999999976e-01,3.640811634068924843e-03
1.420685821999999876e-01,3.640629983644219289e-03
1.420978713999999921e-01,3.640266606892505509e-03
1.422295982000000014e-01,3.638632513469695299e-03
1.423319681000000114e-01,3.637361817250693314e-03
1.423465864000000025e-01,3.637180359219854223e-03
1.424196550999999866e-01,3.636273072758169477e-03
1.424634784000000098e-01,3.635728908183841895e-03
1.425072881999999985e-01,3.635184859980837915e-03
1.425364872999999866e-01,3.634822217302494801e-03
1.425802747000000092e-01,3.634278121653661871e-03
1.426386369000000043e-01,3.633553018616850119e-03
1.427407133999999966e-01,3.632284231004106849e-03
1.427990101000000123e-01,3.631559516878257125e-03
1.428135805000000091e-01,3.631378380267175163e-03
1.428572830000000016e-01,3.630835054958714021e-03
1.428718475000000099e-01,3.630653808593973207e-03
1.429300907000000120e-01,3.629929525231356292e-03
1.429883100999999879e-01,3.629205143194797097e-03
1.430319592000000029e-01,3.628662187216062911e-03
1.431628265000000066e-01,3.627033313685116937e-03
1.432354788000000101e-01,3.626128818405660679e-03
1.432645294999999874e-01,3.625767095985263366e-03
1.432790526000000120e-01,3.625586178722568081e-03
1.433226130999999959e-01,3.625043814495792962e-03
1.433371303000000041e-01,3.624862877559710626e-03
1.433951844999999947e-01,3.624139613100778225e-03
1.434677192000000101e-01,3.623235909691969580e-03
1.434967228000000039e-01,3.622874587399815306e-03
1.435112223999999992e-01,3.622693930710586905e-03
1.435836984999999955e-01,3.621790458166442885e-03
1.436271665999999947e-01,3.621248630051596921e-03
1.436851036000000026e-01,3.620526043003311628e-03
1.437285409999999874e-01,3.619984447502268884e-03
1.438009075999999997e-01,3.619081721469755153e-03
1.438587745999999890e-01,3.618359874012627708e-03
1.439744389000000013e-01,3.616916460271295437e-03
1.440322361999999967e-01,3.616194892863552716e-03
1.440466819000000009e-01,3.616014641585474712e-03
1.441477613000000102e-01,3.614752363557181044e-03
1.441910593999999879e-01,3.614211591146081724e-03
1.442487698999999901e-01,3.613490693651967046e-03
1.442776165000000110e-01,3.613130201310716782e-03
1.443641216999999866e-01,3.612049214660454765e-03
1.443785341999999916e-01,3.611869192452581839e-03
1.444361698000000138e-01,3.611148687319913012e-03
1.444937823999999926e-01,3.610428521351309074e-03
1.445081820000000128e-01,3.610248433041929501e-03
1.445513720000000113e-01,3.609708497893486089e-03
1.445945492000000054e-01,3.609168468846494452e-03
1.447096254000000137e-01,3.607728834886562378e-03
1.448389767999999911e-01,3.606110252578806873e-03
1.448533421000000043e-01,3.605930439249213203e-03
1.448820682999999998e-01,3.605570734741374295e-03
1.448964292000000098e-01,3.605390954364375272e-03
1.449682127999999959e-01,3.604492186436874124e-03
1.450686501000000017e-01,3.603234313794863655e-03
1.450829925999999881e-01,3.603054569400225820e-03
1.451833503999999941e-01,3.601797284867053455e-03
1.451976815999999892e-01,3.601617717616590383e-03
1.452406666000000124e-01,3.601078988045587799e-03
1.452836389999999922e-01,3.600540258296355822e-03
1.453552312999999985e-01,3.599642978134094239e-03
1.454124797000000135e-01,3.598924959975355591e-03
1.454697057000000071e-01,3.598207405111897988e-03
1.455412064000000116e-01,3.597310519219254661e-03
1.456269609999999992e-01,3.596234645374086873e-03
1.456555347000000056e-01,3.595875893889731445e-03
1.456983846000000082e-01,3.595338093644421650e-03
1.457554983000000082e-01,3.594621295369610382e-03
1.457983189000000013e-01,3.594083754840024340e-03
1.458696586000000073e-01,3.593187820797203499e-03
1.458839222999999963e-01,3.593008825398659109e-03
1.459694756000000093e-01,3.591934208347925903e-03
1.459837296000000006e-01,3.591755100874947145e-03
1.459979821999999872e-01,3.591576208298098358e-03
1.460407317000000094e-01,3.591039004672873063e-03
1.460834685999999882e-01,3.590501921503323150e-03
1.462542916000000026e-01,3.588354786959489090e-03
1.462685177999999975e-01,3.588175942417267360e-03
1.464391248999999950e-01,3.586030261297251664e-03
1.464817456999999989e-01,3.585494088171134290e-03
1.465527527000000108e-01,3.584600480927943589e-03
1.465669498999999931e-01,3.584421840859179122e-03
1.466095335000000000e-01,3.583885845678503983e-03
1.468789426999999870e-01,3.580493561626938229e-03
1.468931083999999998e-01,3.580315003909218148e-03
1.469072727999999883e-01,3.580136516057073198e-03
1.469355974999999870e-01,3.579779799384515994e-03
1.469497577999999971e-01,3.579601332532266443e-03
1.470063852999999865e-01,3.578887809442416086e-03
1.470205387000000086e-01,3.578709267069257131e-03
1.470629908999999957e-01,3.578174258607207201e-03
1.471054309000000004e-01,3.577639321923413353e-03
1.471337174000000025e-01,3.577282695506727069e-03
1.471619985000000019e-01,3.576926024863096194e-03
1.472326774000000116e-01,3.576035030246374393e-03
1.472468090999999868e-01,3.575856680447503985e-03
1.472891960999999916e-01,3.575322012948376014e-03
1.473598140000000056e-01,3.574431294121420671e-03
1.473880516999999946e-01,3.574075030825712984e-03
1.474445108999999920e-01,3.573362697325544162e-03
1.475714650000000128e-01,3.571760396546205807e-03
1.475855641999999912e-01,3.571582174702702187e-03
1.476278540000000028e-01,3.571048460705342643e-03
1.476983098999999910e-01,3.570158618768290004e-03
1.477405673999999947e-01,3.569624978654079191e-03
1.477828127999999963e-01,3.569091511215914149e-03
1.477968919000000048e-01,3.568913543888417323e-03
1.478391212000000066e-01,3.568379975985032371e-03
1.478954080999999865e-01,3.567668846366080920e-03
1.479657366999999890e-01,3.566780144391414487e-03
1.480219755000000137e-01,3.566069254607366276e-03
1.480360319000000036e-01,3.565891623683067717e-03
1.481343890000000052e-01,3.564647973261493314e-03
1.481484346999999979e-01,3.564470249411851553e-03
1.482467172999999971e-01,3.563227230430603392e-03
1.482888185000000025e-01,3.562694838735593929e-03
1.483449347999999945e-01,3.561984671636972844e-03
1.483729850000000128e-01,3.561629842661505861e-03
1.484711190000000125e-01,3.560387902409024603e-03
1.485131564999999931e-01,3.559855672662318865e-03
1.485831927000000052e-01,3.558968965588676751e-03
1.486391978999999919e-01,3.558259654241930411e-03
1.487091747000000019e-01,3.557373455141605353e-03
1.487511448999999930e-01,3.556841761219503920e-03
1.488070868999999963e-01,3.556133018520432100e-03
1.489049347999999995e-01,3.554893242363544540e-03
1.489189077999999999e-01,3.554716006006935266e-03
1.489328795000000039e-01,3.554538979488276827e-03
1.489747867000000003e-01,3.554007874772206147e-03
1.490306446999999923e-01,3.553299632083880243e-03
1.490446059999999961e-01,3.553122619146641212e-03
1.490864818000000036e-01,3.552591657090230226e-03
1.491422980000000065e-01,3.551883763601539241e-03
1.492538676999999869e-01,3.550468571670071290e-03
1.492678081000000101e-01,3.550291779492300258e-03
1.494071399999999938e-01,3.548523444360327656e-03
1.494210660999999996e-01,3.548346780927112004e-03
1.496019868000000030e-01,3.546049874592629558e-03
1.496298013000000038e-01,3.545696538414445931e-03
1.496437066000000093e-01,3.545519852164625771e-03
1.496854149000000078e-01,3.544990167307832986e-03
1.497132139000000028e-01,3.544637009952192504e-03
1.497549028000000060e-01,3.544107289294291547e-03
1.497965800999999930e-01,3.543577743974345683e-03
1.498104698999999929e-01,3.543401422405750411e-03
1.499354206000000078e-01,3.541813231920433805e-03
1.500186632999999936e-01,3.540754917415462298e-03
1.500325325999999904e-01,3.540578699893117808e-03
1.500464005999999906e-01,3.540402265238426494e-03
1.500879968999999925e-01,3.539873238690208028e-03
1.501295816999999866e-01,3.539344306997935577e-03
1.501434407999999998e-01,3.539168053036536189e-03
1.502681146000000023e-01,3.537581993464354330e-03
1.503096496000000115e-01,3.537053682961744522e-03
1.504203534000000120e-01,3.535644668820290062e-03
1.504618463000000073e-01,3.535116427031142258e-03
1.504756747999999866e-01,3.534940457498631297e-03
1.505171525000000010e-01,3.534412218853544892e-03
1.505309757999999942e-01,3.534236256443657603e-03
1.505862565999999958e-01,3.533532233438857473e-03
1.506000735999999951e-01,3.533356383798361231e-03
1.507105640999999996e-01,3.531948860822926861e-03
1.508071769000000062e-01,3.530717970745978016e-03
1.509175157000000045e-01,3.529311827649562854e-03
1.509588719999999940e-01,3.528784603315849189e-03
1.509726549000000029e-01,3.528608955514683787e-03
1.510139960999999920e-01,3.528081743529159434e-03
1.510415505999999908e-01,3.527730446800475279e-03
1.510828728999999981e-01,3.527203461986552768e-03
1.511517183999999958e-01,3.526325352720155459e-03
1.511792477999999995e-01,3.525974359079292637e-03
1.512618058999999904e-01,3.524921079055001565e-03
1.513030680999999933e-01,3.524394605813537494e-03
1.513718133999999993e-01,3.523517047952806971e-03
1.513993026999999880e-01,3.523166376436972190e-03
1.514542664999999899e-01,3.522464733601709651e-03
1.514680043999999948e-01,3.522289231831252608e-03
1.515229432000000098e-01,3.521587755424463069e-03
1.515778621999999964e-01,3.520886554259886232e-03
1.516190383000000086e-01,3.520360741443371699e-03
1.516327611999999936e-01,3.520185497879377810e-03
1.517836311999999910e-01,3.518258041870115250e-03
1.517973393000000004e-01,3.518082865770194752e-03
1.518384559000000023e-01,3.517557606778369886e-03
1.519069588999999998e-01,3.516682114572419401e-03
1.520164995000000130e-01,3.515281626105230036e-03
1.520301864999999975e-01,3.515106848157094517e-03
1.520712402000000130e-01,3.514581933955431350e-03
1.522353442000000112e-01,3.512482797603701332e-03
1.522490115000000033e-01,3.512308002404704917e-03
1.522900061999999943e-01,3.511783413105174726e-03
1.523309898000000107e-01,3.511259193353360748e-03
1.523583061999999877e-01,3.510909527376096777e-03
1.523992714000000082e-01,3.510385237798764168e-03
1.524402256999999872e-01,3.509861161592344077e-03
1.524538746999999916e-01,3.509686420785514214e-03
1.525766605999999970e-01,3.508114330912310251e-03
1.526175671999999983e-01,3.507590563088722017e-03
1.526857206999999994e-01,3.506717698637348835e-03
1.527674646000000136e-01,3.505670468689335833e-03
1.528899987000000016e-01,3.504100470799040822e-03
1.529036075000000106e-01,3.503926095998257609e-03
1.529308215000000082e-01,3.503577286646275633e-03
1.529988354000000050e-01,3.502705502022218122e-03
1.530124344999999886e-01,3.502531165533032727e-03
1.530532246999999901e-01,3.502008297412980559e-03
1.531211842000000101e-01,3.501136971485963902e-03
1.531483596000000058e-01,3.500788209062859375e-03
1.532162769000000035e-01,3.499917415838158137e-03
1.532705890999999931e-01,3.499220626965632991e-03
1.533113106000000003e-01,3.498698151304640430e-03
1.533384523000000110e-01,3.498349914607068890e-03
1.533655891000000049e-01,3.498001692507425684e-03
1.533791557999999999e-01,3.497827745609092924e-03
1.534334102999999894e-01,3.497131311752572653e-03
1.534876456000000000e-01,3.496435389629829697e-03
1.535554128999999934e-01,3.495565446231824452e-03
1.535825114000000102e-01,3.495217476975783638e-03
1.535960588999999987e-01,3.495043506816372918e-03
1.536366940999999986e-01,3.494521928505792217e-03
1.536637782999999979e-01,3.494174166585470309e-03
1.537991277000000101e-01,3.492435645959135471e-03
1.538667576999999953e-01,3.491566914163415740e-03
1.538802801999999970e-01,3.491393016258969619e-03
1.539208404000000086e-01,3.490871762275755963e-03
1.539613898999999952e-01,3.490350690492175292e-03
1.540289487000000013e-01,3.489482574488321411e-03
1.540964779000000007e-01,3.488614530030701745e-03
1.541909690000000110e-01,3.487399496497690585e-03
1.542044630999999943e-01,3.487225918097014692e-03
1.542314475000000074e-01,3.486878827181249824e-03
1.542449379999999981e-01,3.486705478731856340e-03
1.543123727000000056e-01,3.485838101655570898e-03
1.543528192999999993e-01,3.485317798474027711e-03
1.544067316999999939e-01,3.484624196042375877e-03
1.544471535999999978e-01,3.484104227513333280e-03
1.544606252999999874e-01,3.483930685029963410e-03
1.545144999999999991e-01,3.483237344839161271e-03
1.545683559999999901e-01,3.482544331698876009e-03
1.546356496000000080e-01,3.481678070061382246e-03
1.546760118000000128e-01,3.481158326435560262e-03
1.548239160999999864e-01,3.479253896359725453e-03
1.548910987000000072e-01,3.478388467901681602e-03
1.549448237999999922e-01,3.477696480495847710e-03
1.549582522000000073e-01,3.477523395361794244e-03
1.550387978999999972e-01,3.476485639255644158e-03
1.550522180999999999e-01,3.476312575175340581e-03
1.550924717999999924e-01,3.475793767421741631e-03
1.551595380999999940e-01,3.474929303890596580e-03
1.552533822999999924e-01,3.473719618804870304e-03
1.552801845000000014e-01,3.473374001614298098e-03
1.553605633000000041e-01,3.472337347650042254e-03
1.553739557000000104e-01,3.472164761334025577e-03
1.554810536000000021e-01,3.470783100511866913e-03
1.555211962999999975e-01,3.470265385470351106e-03
1.555345749000000000e-01,3.470092687990985938e-03
1.556014505999999964e-01,3.469229583010639655e-03
1.556415623000000081e-01,3.468712143789599248e-03
1.556950283999999907e-01,3.468021976808529413e-03
1.557885499999999979e-01,3.466814523932034396e-03
1.558152600999999915e-01,3.466469667478728339e-03
1.558553166999999962e-01,3.465952574218434529e-03
1.558953630000000090e-01,3.465435457021989480e-03
1.560154403000000023e-01,3.463884503334938806e-03
1.560287764999999938e-01,3.463712249542900534e-03
1.561220982000000035e-01,3.462506714946246480e-03
1.561354252999999914e-01,3.462334371624227990e-03
1.561620760999999913e-01,3.461989958673702440e-03
1.561753998000000032e-01,3.461817803685521625e-03
1.562153639999999954e-01,3.461301198019688281e-03
1.562819484000000092e-01,3.460440604906690233e-03
1.563751188999999986e-01,3.459236347182837248e-03
1.563884245000000117e-01,3.459064134816121350e-03
1.564416352999999926e-01,3.458376276783049156e-03
1.564549352000000060e-01,3.458204123154518146e-03
1.566542979999999974e-01,3.455625611692467007e-03
1.567472471999999950e-01,3.454422655509578870e-03
1.567605212000000026e-01,3.454250978582546882e-03
1.567737939999999941e-01,3.454079151149776379e-03
1.568666723999999901e-01,3.452877142856990156e-03
1.568799361999999864e-01,3.452705521388635748e-03
1.569197210000000120e-01,3.452190409381710769e-03
1.569594957999999874e-01,3.451675478067095428e-03
1.570125131000000007e-01,3.450988949936313523e-03
1.570787596000000064e-01,3.450131235149609798e-03
1.570920054999999926e-01,3.449959543824864319e-03
1.571317365999999882e-01,3.449444977266649410e-03
1.571979329000000036e-01,3.448587608371961235e-03
1.572376372000000022e-01,3.448073002801122899e-03
1.572905608000000066e-01,3.447387371426465213e-03
1.573434665000000010e-01,3.446701892821439107e-03
1.573963545000000019e-01,3.446016233536546101e-03
1.574095736999999995e-01,3.445845142488641443e-03
1.574360087999999991e-01,3.445502325458879925e-03
1.574888657000000081e-01,3.444817212627576761e-03
1.575549119000000109e-01,3.443960989057119441e-03
1.575945263000000096e-01,3.443447359184823031e-03
1.576473301000000105e-01,3.442762727448468469e-03
1.577265025000000043e-01,3.441735929664140395e-03
1.577660738999999979e-01,3.441222350786077126e-03
1.578320039999999980e-01,3.440367209861363261e-03
1.578715488999999916e-01,3.439854051720109100e-03
1.579242600000000107e-01,3.439170183725512309e-03
1.579374350999999954e-01,3.438999053294942120e-03
1.580296294999999906e-01,3.437802618673359723e-03
1.580427957999999966e-01,3.437631724978803573e-03
1.580822879000000070e-01,3.437119139565532940e-03
1.581480862999999903e-01,3.436264906659865746e-03
1.583453172000000020e-01,3.433703556351817236e-03
1.583978706999999986e-01,3.433021037923460021e-03
1.584372742999999861e-01,3.432508989328789378e-03
1.585029253000000138e-01,3.431655899937035951e-03
1.586734907000000028e-01,3.429439284226907473e-03
1.586997152000000078e-01,3.429098292502903191e-03
1.587128258999999930e-01,3.428927775035789903e-03
1.587521514000000133e-01,3.428416612290909049e-03
1.587652576999999954e-01,3.428246193413820361e-03
1.587783628999999974e-01,3.428075789354161074e-03
1.588700692999999997e-01,3.426883398308799931e-03
1.588831659000000118e-01,3.426713109552531177e-03
1.589093558999999933e-01,3.426372311464035997e-03
1.589748119000000126e-01,3.425521173004315249e-03
1.589878999000000070e-01,3.425350687779055679e-03
1.590925649000000108e-01,3.423988981374275018e-03
1.591187202999999883e-01,3.423648857377447306e-03
1.591317965000000056e-01,3.423478670725870875e-03
1.591710184000000028e-01,3.422968418085442326e-03
1.591840902999999974e-01,3.422798061271947051e-03
1.592363669000000093e-01,3.422117939197772633e-03
1.593016885000000105e-01,3.421267653994985308e-03
1.593278096999999893e-01,3.420927525584632929e-03
1.593408685999999908e-01,3.420757527876616081e-03
1.594453019000000027e-01,3.419397873645180306e-03
1.594974929000000097e-01,3.418718135478730508e-03
1.595887860999999908e-01,3.417529109975663438e-03
1.596018237000000062e-01,3.417359136719116085e-03
1.596148602000000138e-01,3.417189298049211343e-03
1.596539634999999957e-01,3.416680082467004644e-03
1.597191142999999924e-01,3.415831184776682485e-03
1.597581921000000016e-01,3.415322196491165502e-03
1.598102808999999902e-01,3.414643352639067011e-03
1.599144076000000025e-01,3.413286083797527695e-03
1.599534375999999980e-01,3.412777352663691737e-03
1.600054629000000062e-01,3.412099138665321881e-03
1.600314690999999900e-01,3.411760122212009402e-03
1.601224578000000065e-01,3.410573437690577435e-03
1.601744281999999964e-01,3.409895788726537667e-03
1.602393673999999990e-01,3.409048731403543225e-03
1.602783183000000000e-01,3.408540509226971188e-03
1.603172596999999922e-01,3.408032725106267639e-03
1.603432153999999887e-01,3.407693867982105294e-03
1.604210574000000111e-01,3.406678441828226139e-03
1.604340273000000039e-01,3.406509025419809326e-03
1.605766279999999990e-01,3.404647810363440642e-03
1.605895854000000122e-01,3.404478683026116413e-03
1.606414046000000095e-01,3.403802176443496575e-03
1.606932071000000128e-01,3.403125875710568630e-03
1.607320479999999885e-01,3.402618695584734392e-03
1.607838212999999905e-01,3.401942484960995654e-03
1.608485145000000116e-01,3.401097770645588637e-03
1.608614499999999892e-01,3.400928841404817892e-03
1.609002502999999917e-01,3.400421767125330532e-03
1.609390411999999937e-01,3.399915093229571948e-03
1.609907479999999891e-01,3.399239787194087772e-03
1.610036719999999866e-01,3.399070795978848501e-03
1.611586801999999874e-01,3.397045343770683373e-03
1.611715907999999864e-01,3.396876600395299511e-03
1.612103165000000060e-01,3.396370268876837580e-03
1.612748385999999978e-01,3.395526840282484925e-03
1.613135394000000111e-01,3.395020892418317525e-03
1.613651261000000059e-01,3.394346519685728387e-03
1.614038053999999889e-01,3.393840628993097588e-03
1.614811359999999973e-01,3.392829332575477558e-03
1.615197874000000033e-01,3.392323679186043817e-03
1.615584295999999975e-01,3.391818119965325437e-03
1.615713082999999939e-01,3.391649735022981334e-03
1.615841859000000102e-01,3.391481195260690005e-03
1.616228127000000070e-01,3.390976197249262469e-03
1.616614302999999919e-01,3.390470779487360971e-03
1.616871702000000077e-01,3.390133938519251499e-03
1.617900888999999898e-01,3.388787261874299465e-03
1.618158083000000025e-01,3.388450519787074375e-03
1.619314953000000057e-01,3.386936394667661079e-03
1.619700393000000072e-01,3.386431595582489653e-03
1.619828852000000097e-01,3.386263569764568458e-03
1.620342587999999973e-01,3.385591053577723716e-03
1.621369571999999870e-01,3.384246091051255987e-03
1.622011106000000036e-01,3.383405829632983326e-03
1.622908828999999886e-01,3.382229950444624964e-03
1.623934189000000028e-01,3.380886377588516924e-03
1.624062313999999896e-01,3.380718429190840858e-03
1.624318533000000120e-01,3.380382828693868219e-03
1.624446626999999921e-01,3.380214932341304730e-03
1.624830848999999910e-01,3.379711278466265758e-03
1.625854998000000051e-01,3.378369077012706098e-03
1.625982971000000110e-01,3.378201249536377185e-03
1.626110933999999897e-01,3.378033547482544013e-03
1.627006394000000133e-01,3.376859446282622253e-03
1.627134276999999962e-01,3.376691999089899594e-03
1.628156977000000116e-01,3.375350728224607404e-03
1.628540323000000067e-01,3.374848108444568600e-03
1.628923579999999871e-01,3.374345318424818579e-03
1.629562139999999881e-01,3.373507558601658834e-03
1.630072808999999956e-01,3.372837723350802924e-03
1.630455704999999866e-01,3.372335270603594830e-03
1.630583317000000032e-01,3.372167765744031685e-03
1.631603855000000047e-01,3.370828585068442670e-03
1.631986391999999952e-01,3.370326666545507034e-03
1.632113883999999904e-01,3.370159484609806019e-03
1.632496301999999955e-01,3.369657602869984697e-03
1.633006053000000124e-01,3.368988406884083128e-03
1.633133465000000117e-01,3.368821037524394758e-03
1.633260867999999921e-01,3.368653827474146160e-03
1.633643016999999920e-01,3.368152161836332221e-03
1.634025077000000048e-01,3.367650630936207604e-03
1.634279734000000095e-01,3.367316069869747113e-03
1.634661645000000108e-01,3.366814524375738669e-03
1.635170720000000133e-01,3.366146032144047822e-03
1.636315560999999918e-01,3.364642254161118520e-03
1.636569861999999931e-01,3.364308503531917866e-03
1.636696997000000042e-01,3.364141389841945363e-03
1.637332525999999899e-01,3.363306296437554559e-03
1.637713725000000120e-01,3.362805504594694114e-03
1.638221851999999978e-01,3.362138013313288598e-03
1.638602844000000003e-01,3.361637223879593035e-03
1.639364561999999970e-01,3.360636147203895086e-03
1.640125926999999872e-01,3.359635452755813448e-03
1.640379637000000113e-01,3.359301839972849389e-03
1.640760126999999957e-01,3.358801391675989619e-03
1.641140530000000097e-01,3.358301273639267229e-03
1.641267311000000062e-01,3.358134599586518054e-03
1.642154506999999874e-01,3.356968033365972850e-03
1.642281210000000047e-01,3.356801613235955040e-03
1.642661260000000123e-01,3.356301725095842212e-03
1.642787924000000122e-01,3.356134992347548952e-03
1.644307130000000061e-01,3.354136624543895082e-03
1.644433667000000099e-01,3.353969987902520253e-03
1.644686711999999995e-01,3.353637207444608390e-03
1.645319154999999867e-01,3.352805123608553015e-03
1.645445614000000112e-01,3.352638495187608599e-03
1.646456939000000008e-01,3.351307611685121375e-03
1.646709672999999985e-01,3.350974920151249953e-03
1.647341338999999960e-01,3.350143783216381378e-03
1.647846497000000077e-01,3.349478621845073181e-03
1.648351500999999941e-01,3.348813609397443061e-03
1.648477727999999864e-01,3.348647533498258326e-03
1.650243888000000048e-01,3.346321894317217695e-03
1.650748157999999965e-01,3.345657379606788856e-03
1.651378279000000060e-01,3.344827433613548149e-03
1.651504273999999939e-01,3.344661514312371412e-03
1.652260043999999872e-01,3.343665736603074982e-03
1.652385972000000036e-01,3.343500035735015325e-03
1.652511891000000011e-01,3.343333994489390126e-03
1.652889589000000048e-01,3.342836284402103935e-03
1.653267200000000103e-01,3.342338720307034324e-03
1.653393052000000085e-01,3.342172928487002585e-03
1.653518894000000072e-01,3.342006948379359649e-03
1.654399518000000124e-01,3.340846449579244239e-03
1.654902521999999931e-01,3.340183136011302956e-03
1.655531061999999942e-01,3.339354705821691565e-03
1.656787426000000119e-01,3.337698044463616870e-03
1.656913010000000130e-01,3.337532617693119135e-03
1.657540787000000015e-01,3.336704640996697360e-03
1.657917338999999879e-01,3.336207851578615238e-03
1.658544735999999964e-01,3.335380363053047897e-03
1.658921060999999919e-01,3.334883848863710518e-03
1.659422694000000087e-01,3.334222035704282813e-03
1.660425504999999968e-01,3.332898979796973526e-03
1.660550813999999986e-01,3.332733452925063823e-03
1.660801403000000120e-01,3.332402856673875868e-03
1.661302469000000004e-01,3.331741632071607770e-03
1.661928588000000095e-01,3.330915101668243533e-03
1.662429313000000075e-01,3.330254336145652486e-03
1.662554471000000089e-01,3.330089276819054710e-03
1.663430311999999911e-01,3.328932782875914861e-03
1.663930586000000045e-01,3.328272146729581785e-03
1.664305691999999892e-01,3.327777141383215977e-03
1.664555715999999908e-01,3.327446892914829278e-03
1.664805702999999915e-01,3.327116687056862112e-03
1.664930682000000106e-01,3.326951837936706433e-03
1.665305562999999933e-01,3.326456479091217423e-03
1.666429701000000096e-01,3.324971590495964541e-03
1.666804245000000073e-01,3.324476988561093482e-03
1.667553079999999910e-01,3.323487769120099175e-03
1.668426296999999947e-01,3.322333942210339060e-03
1.669423700000000066e-01,3.321015542965270479e-03
1.669548332999999940e-01,3.320850858811411500e-03
1.669922178000000090e-01,3.320356790039901990e-03
1.670420506999999999e-01,3.319698145580663676e-03
1.670918687999999874e-01,3.319039585151538525e-03
1.671416719999999911e-01,3.318381116047386999e-03
1.671541205000000030e-01,3.318216479100825986e-03
1.672536749999999905e-01,3.316900005903620271e-03
1.672785544000000013e-01,3.316571225370741529e-03
1.672909925999999936e-01,3.316406629393304009e-03
1.673283020000000121e-01,3.315913226284390291e-03
1.673531702999999926e-01,3.315584239133357106e-03
1.673904657999999990e-01,3.315091142865430034e-03
1.674277529000000042e-01,3.314597557159275169e-03
1.674401801000000023e-01,3.314433355574801683e-03
1.674774562999999938e-01,3.313940260421898917e-03
1.675519836000000096e-01,3.312954058874711429e-03
1.675892347999999865e-01,3.312461394871544368e-03
1.676885310000000018e-01,3.311147386566671430e-03
1.677257518999999975e-01,3.310654814153097484e-03
1.677381571000000071e-01,3.310490727057456475e-03
1.678497620000000135e-01,3.309013428812920474e-03
1.678745530000000097e-01,3.308685152646146602e-03
1.678869471999999974e-01,3.308521176158793313e-03
1.679489041999999988e-01,3.307700688628144314e-03
1.679860673999999943e-01,3.307208790785176340e-03
1.680232224000000052e-01,3.306716761153657806e-03
1.680479877999999927e-01,3.306388912621034681e-03
1.680727495999999876e-01,3.306061176546927580e-03
1.681346381000000112e-01,3.305241247831776363e-03
1.682212436999999949e-01,3.304094286967364843e-03
1.682830775999999973e-01,3.303275258099859675e-03
1.683819645999999892e-01,3.301965176900122610e-03
1.684313863999999938e-01,3.301310397449394585e-03
1.685178394999999885e-01,3.300164827442335531e-03
1.685425322000000115e-01,3.299837246167205886e-03
1.685795646000000092e-01,3.299346625131921364e-03
1.686289283999999888e-01,3.298692181461028265e-03
1.686659417999999966e-01,3.298201581726555552e-03
1.687276127000000014e-01,3.297384264857674413e-03
1.687769332000000067e-01,3.296730268685238007e-03
1.688262392999999861e-01,3.296076372537768643e-03
1.688385635999999912e-01,3.295913157467350064e-03
1.689124902999999955e-01,3.294932697418030861e-03
1.689248083000000067e-01,3.294769320746144831e-03
1.690233197999999881e-01,3.293462954548364002e-03
1.690356296999999952e-01,3.293299797323578654e-03
1.690602468999999886e-01,3.292973308775132019e-03
1.690725540999999943e-01,3.292809777026802116e-03
1.691709795999999932e-01,3.291504152917397279e-03
1.692570549000000091e-01,3.290362365436262648e-03
1.692693477999999974e-01,3.290199133694381682e-03
1.693185104999999913e-01,3.289546999963766268e-03
1.693307990000000041e-01,3.289383723971750929e-03
1.693676590000000037e-01,3.288894763414146674e-03
1.694290743999999904e-01,3.288079701559440057e-03
1.695150186999999919e-01,3.286938766813224562e-03
1.696254544999999947e-01,3.285472890319520584e-03
1.696622505000000003e-01,3.284984228070437443e-03
1.696990385000000101e-01,3.284495761104087863e-03
1.697112993999999875e-01,3.284332873757766277e-03
1.697235594000000014e-01,3.284170240314626590e-03
1.697603340999999932e-01,3.283681826820621184e-03
1.697971007999999893e-01,3.283193399269335264e-03
1.698093545999999898e-01,3.283030759816089536e-03
1.698461106999999970e-01,3.282542650174831780e-03
1.699195991000000128e-01,3.281566795916152947e-03
1.700420092000000105e-01,3.279940433627815365e-03
1.700542452999999898e-01,3.279778118919848915e-03
1.701031812000000087e-01,3.279127905760017073e-03
1.701521028999999907e-01,3.278477625837664805e-03
1.702010106000000078e-01,3.277828023522975226e-03
1.702132353999999959e-01,3.277665268558854327e-03
1.702376821999999901e-01,3.277340395987513293e-03
1.703110016000000115e-01,3.276366149950239032e-03
1.703842895000000079e-01,3.275392149645807698e-03
1.703965010999999863e-01,3.275229633447258783e-03
1.704331305000000019e-01,3.274742814758964046e-03
1.704819576000000114e-01,3.274093765238534921e-03
1.705429717999999983e-01,3.273282573621142527e-03
1.706039642000000134e-01,3.272471486019182686e-03
1.706405491000000108e-01,3.271985060248833524e-03
1.706893168999999988e-01,3.271336587193589447e-03
1.707015065999999970e-01,3.271174614578514772e-03
1.707989933999999876e-01,3.269878002203856823e-03
1.708233563000000066e-01,3.269553724368537938e-03
1.708355364999999959e-01,3.269392032453067014e-03
1.708720719000000055e-01,3.268905774372526940e-03
1.708964245000000048e-01,3.268581950865773710e-03
1.709816312000000116e-01,3.267448391470098145e-03
1.710789583000000003e-01,3.266153458981921418e-03
1.710911203000000103e-01,3.265991414367821078e-03
1.712248452000000032e-01,3.264212042795204723e-03
1.712612974999999926e-01,3.263726949126654654e-03
1.713584657999999983e-01,3.262433611574856642e-03
1.713706078999999993e-01,3.262271973785345943e-03
1.713827491999999897e-01,3.262110307698504186e-03
1.714070292000000051e-01,3.261786923485383242e-03
1.714677142000000098e-01,3.260979003714357602e-03
1.714798486000000122e-01,3.260817292720088675e-03
1.715162467999999940e-01,3.260332727936535169e-03
1.715526370999999883e-01,3.259848311342397695e-03
1.716011457000000129e-01,3.259202269574532507e-03
1.716617619999999955e-01,3.258395024701385336e-03
1.716738827000000023e-01,3.258233635375734800e-03
1.717102396999999891e-01,3.257749395239107389e-03
1.717708175999999864e-01,3.256942470128420652e-03
1.717950427000000113e-01,3.256620016282587692e-03
1.718071539999999897e-01,3.256458343687874870e-03
1.719524231000000014e-01,3.254523179243209302e-03
1.719887211999999999e-01,3.254039548365140859e-03
1.720008188999999910e-01,3.253878206690154987e-03
1.720612944000000089e-01,3.253072654711929718e-03
1.721338370999999923e-01,3.252105799696355937e-03
1.721459244999999916e-01,3.251944478663702960e-03
1.721821818000000004e-01,3.251461418117308332e-03
1.722425937000000018e-01,3.250656285518858761e-03
1.723392086999999961e-01,3.249368468558043802e-03
1.723874958000000124e-01,3.248724507650120868e-03
1.724357695000000024e-01,3.248081030464591238e-03
1.724478358000000044e-01,3.247920031010254321e-03
1.725443358000000038e-01,3.246633329377955537e-03
1.725684523999999886e-01,3.246311937103910951e-03
1.725805093999999984e-01,3.246150855642044360e-03
1.726407819000000121e-01,3.245346996436073925e-03
1.726769353000000007e-01,3.244864932941870107e-03
1.727733073000000119e-01,3.243579509029765728e-03
1.728214731999999920e-01,3.242937168197702284e-03
1.728335125999999888e-01,3.242776397228157650e-03
1.729057311999999957e-01,3.241812944280218420e-03
1.729297972999999933e-01,3.241491880536326135e-03
1.730140025999999942e-01,3.240368066782432430e-03
1.730981668000000084e-01,3.239245149321408942e-03
1.731222062999999978e-01,3.238924184995364310e-03
1.731462423000000028e-01,3.238603339016279947e-03
1.731943045000000070e-01,3.237961965017251142e-03
1.732063179999999980e-01,3.237801541016271500e-03
1.732543633999999999e-01,3.237160496699539782e-03
1.733144016000000009e-01,3.236358715661131428e-03
1.733384109999999978e-01,3.236038341976799418e-03
1.733984199999999976e-01,3.235237248297837334e-03
1.734104193000000071e-01,3.235077254457837444e-03
1.734464122999999913e-01,3.234596691915163792e-03
1.734823977999999933e-01,3.234115800109104918e-03
1.735063840000000135e-01,3.233795923139846928e-03
1.735423570000000082e-01,3.233315425447764319e-03
1.735783226000000012e-01,3.232835018265843574e-03
1.735903095000000118e-01,3.232675117868436324e-03
1.736981541000000018e-01,3.231234675770002385e-03
1.737221104999999988e-01,3.230914864164829200e-03
1.737340874999999951e-01,3.230754818988699085e-03
1.738298734000000012e-01,3.229475231333189898e-03
1.738777465999999938e-01,3.228835607814064482e-03
1.739614929999999948e-01,3.227716579284870772e-03
1.739854131000000137e-01,3.227397361977828692e-03
1.740691075999999948e-01,3.226278962187601254e-03
1.741647092999999979e-01,3.225001339788335832e-03
1.741766557999999965e-01,3.224841574764064894e-03
1.742602584999999871e-01,3.223724030046652960e-03
1.742721985000000029e-01,3.223564382709268299e-03
1.742960759999999942e-01,3.223245323062569768e-03
1.743080134999999975e-01,3.223085596261800884e-03
1.743676888000000036e-01,3.222288073298437867e-03
1.744034841999999863e-01,3.221809456071618796e-03
1.744392723000000034e-01,3.221331169117205503e-03
1.745465922999999975e-01,3.219895862839665564e-03
1.745942689999999964e-01,3.219258497125780227e-03
1.746300178999999897e-01,3.218780295934790640e-03
1.746538464999999873e-01,3.218461868872121538e-03
1.746895831999999982e-01,3.217983667468618351e-03
1.748324572000000132e-01,3.216072846555535682e-03
1.748443581000000135e-01,3.215913876966538815e-03
1.748800558999999977e-01,3.215436238998826274e-03
1.749395360999999871e-01,3.214640310732330437e-03
1.750227742999999891e-01,3.213526687507619380e-03
1.750346623000000046e-01,3.213367542781827256e-03
1.751178553999999943e-01,3.212254710693664833e-03
1.751653764999999974e-01,3.211618633153817855e-03
1.752010089000000104e-01,3.211141675107814959e-03
1.752485075000000114e-01,3.210506116568640714e-03
1.752603801000000017e-01,3.210346961309987548e-03
1.753553322999999997e-01,3.209076154134107330e-03
1.754027891000000117e-01,3.208440852310547129e-03
1.754146513000000018e-01,3.208282380556943397e-03
1.754383733000000056e-01,3.207964858775852728e-03
1.754502330999999915e-01,3.207805978072302173e-03
1.754858076999999961e-01,3.207329663175425682e-03
1.755095200000000022e-01,3.207012206296119480e-03
1.755450826000000131e-01,3.206536046181719755e-03
1.756280337999999996e-01,3.205425414124952240e-03
1.756872607999999947e-01,3.204632416961055320e-03
1.756991036999999978e-01,3.204473790614981686e-03
1.757346278999999956e-01,3.203998153770022759e-03
1.757701449000000082e-01,3.203522322962472184e-03
1.758648217999999874e-01,3.202254485099606182e-03
1.758766529000000134e-01,3.202095620330656488e-03
1.759830964000000109e-01,3.200669804559351170e-03
1.760067416999999967e-01,3.200353010169088193e-03
1.760185632000000056e-01,3.200194894199894641e-03
1.760776588000000087e-01,3.199403113048542718e-03
1.761131066000000134e-01,3.198928236226028510e-03
1.761485473000000135e-01,3.198453504851259729e-03
1.761603593000000134e-01,3.198295023097901067e-03
1.761957903999999964e-01,3.197820353937121454e-03
1.762075992000000091e-01,3.197662158788477579e-03
1.762548265999999975e-01,3.197029230392031077e-03
1.762666314000000123e-01,3.196871062977456150e-03
1.763610418000000069e-01,3.195605691859899466e-03
1.763964326999999943e-01,3.195131724483580259e-03
1.764436094000000066e-01,3.194499368521944681e-03
1.765261384000000044e-01,3.193392819545489824e-03
1.765379252000000010e-01,3.193234974453839758e-03
1.765732805999999933e-01,3.192760815286094494e-03
1.766204101000000137e-01,3.192129400251294061e-03
1.766321905000000081e-01,3.191971392685110168e-03
1.766793043000000063e-01,3.191339466938569042e-03
1.767617233000000065e-01,3.190234603987141676e-03
1.768323376000000002e-01,3.189287682106755912e-03
1.768676341000000041e-01,3.188814534241191101e-03
1.769264459999999872e-01,3.188025653289606152e-03
1.769969946000000127e-01,3.187079395067432108e-03
1.770087499000000120e-01,3.186921705475642425e-03
1.771027646999999983e-01,3.185660705400804923e-03
1.771145130000000012e-01,3.185502997809906960e-03
1.771380073000000110e-01,3.185187983609635062e-03
1.771497532999999902e-01,3.185030242473426906e-03
1.772436933000000048e-01,3.183770314086525714e-03
1.773258498999999988e-01,3.182667875983507654e-03
1.773845098999999870e-01,3.181880672669651529e-03
1.774314240000000042e-01,3.181251283145810575e-03
1.774783255999999865e-01,3.180621793953427538e-03
1.774900490999999914e-01,3.180464554034769919e-03
1.775252149000000057e-01,3.179992826688634623e-03
1.775720916999999899e-01,3.179363256173338339e-03
1.775838090000000091e-01,3.179206434520227050e-03
1.776658084000000137e-01,3.178105658532494240e-03
1.776775194999999918e-01,3.177948560618066177e-03
1.777126481000000091e-01,3.177476664409612656e-03
1.777477698999999911e-01,3.177005440640446546e-03
1.777711804999999867e-01,3.176691369923060216e-03
1.778881874999999890e-01,3.175120127843845778e-03
1.778998838999999998e-01,3.174963255364433422e-03
1.779583546999999877e-01,3.174178145693756260e-03
1.780518680000000020e-01,3.172922670186464813e-03
1.780869227999999915e-01,3.172451958974683260e-03
1.781219708000000013e-01,3.171981154501925942e-03
1.781336518999999952e-01,3.171824194227055617e-03
1.782153982000000136e-01,3.170726462365726014e-03
1.782270732000000024e-01,3.170569583715252601e-03
1.783321136999999890e-01,3.169158483689350336e-03
1.784137691000000081e-01,3.168061558070198788e-03
1.784254311000000037e-01,3.167905126000644753e-03
1.784487527999999990e-01,3.167591955645096893e-03
1.786119197000000103e-01,3.165399676274523958e-03
1.786468646000000104e-01,3.164930195662455249e-03
1.786934471999999940e-01,3.164304093772787440e-03
1.787400177000000034e-01,3.163678005418914946e-03
1.787865760000000026e-01,3.163052602091231003e-03
1.788214868000000124e-01,3.162583203375288893e-03
1.788331221999999998e-01,3.162426945589327191e-03
1.788680239000000061e-01,3.161957632991162052e-03
1.788912879000000011e-01,3.161645163493515421e-03
1.789261782999999884e-01,3.161176120074504076e-03
1.789610618999999958e-01,3.160707198579494007e-03
1.790772912999999966e-01,3.159144672234773070e-03
1.791121454000000057e-01,3.158676290946214188e-03
1.791469927999999878e-01,3.158207718211098348e-03
1.791586071000000058e-01,3.158051880222254287e-03
1.792050565999999956e-01,3.157427169375217821e-03
1.792398859000000066e-01,3.156958843355797597e-03
1.793559346999999971e-01,3.155398363089225583e-03
1.793791354000000005e-01,3.155086509230801712e-03
1.794487197000000089e-01,3.154150630597094603e-03
1.794835016999999922e-01,3.153682728720842016e-03
1.795182768999999956e-01,3.153215387860981624e-03
1.795298671999999984e-01,3.153059292918660404e-03
1.795646334000000066e-01,3.152591788281314516e-03
1.796225623000000104e-01,3.151812709893376651e-03
1.796341458000000058e-01,3.151656782926636792e-03
1.796688918999999884e-01,3.151189431822823579e-03
1.797036312999999996e-01,3.150721976804956356e-03
1.797267871000000072e-01,3.150410409170000588e-03
1.797615153000000077e-01,3.149943330913961264e-03
1.798078092000000017e-01,3.149320568136704072e-03
1.799119267000000022e-01,3.147919537323539286e-03
1.799350557000000128e-01,3.147608469619049467e-03
1.799928654000000072e-01,3.146830510159184628e-03
1.800044251000000040e-01,3.146674902027064066e-03
1.800390997000000104e-01,3.146208455384861061e-03
1.800853221000000004e-01,3.145586614286649887e-03
1.800968759000000086e-01,3.145431089428832577e-03
1.801199812000000011e-01,3.145120106840482588e-03
1.801777314999999935e-01,3.144342737478555711e-03
1.802585508000000003e-01,3.143255203847934807e-03
1.803162567000000105e-01,3.142478147034551833e-03
1.803508714000000013e-01,3.142012117344886862e-03
1.803624081000000101e-01,3.141856791889129953e-03
1.804546756000000030e-01,3.140614999658648300e-03
1.805007915999999879e-01,3.139993931336293020e-03
1.805584201000000055e-01,3.139218089343265034e-03
1.805929883000000069e-01,3.138752763697682645e-03
1.806275499999999978e-01,3.138287525705469195e-03
1.806390690000000132e-01,3.138132289380118900e-03
1.806736218999999977e-01,3.137667188816943651e-03
1.807196819999999926e-01,3.137046791879793180e-03
1.807427077000000049e-01,3.136736799770591978e-03
1.807772407000000081e-01,3.136271564234992867e-03
1.808232744999999919e-01,3.135651836525137504e-03
1.808347811000000083e-01,3.135497067163226480e-03
1.809153068000000086e-01,3.134412439911090677e-03
1.810072923999999917e-01,3.133173226287352519e-03
1.810532676999999924e-01,3.132554006279199884e-03
1.810877415000000101e-01,3.132089861320960095e-03
1.811796394999999893e-01,3.130851835539810984e-03
1.812255711000000102e-01,3.130232905095297041e-03
1.812370520999999901e-01,3.130078525327687280e-03
1.812829690999999965e-01,3.129459656497045328e-03
1.813288744999999869e-01,3.128841329090550211e-03
1.814665209000000112e-01,3.126986642524977669e-03
1.815582272000000053e-01,3.125750750521356057e-03
1.815696871999999962e-01,3.125596346977152756e-03
1.816040630000000100e-01,3.125133041591581732e-03
1.816498871999999987e-01,3.124515252026924522e-03
1.816613414000000093e-01,3.124361074489870847e-03
1.816956999000000073e-01,3.123897847720344054e-03
1.817415009999999997e-01,3.123280858685161584e-03
1.817529494000000023e-01,3.123126073467225299e-03
1.817758442000000085e-01,3.122817691156700836e-03
1.818445113000000113e-01,3.121892111353628818e-03
1.818788350999999970e-01,3.121429412349763493e-03
1.819360270000000002e-01,3.120658411400503620e-03
1.819588987999999907e-01,3.120350000533205024e-03
1.819703336000000060e-01,3.120195950036927252e-03
1.821074950999999886e-01,3.118346849805411942e-03
1.821189206000000116e-01,3.118192627716387649e-03
1.821417693999999865e-01,3.117884661587853531e-03
1.821874582999999936e-01,3.117268314365327902e-03
1.822102985000000064e-01,3.116960519220221288e-03
1.822902165999999990e-01,3.115882862197056746e-03
1.823244565000000095e-01,3.115420849562670902e-03
1.823815087000000001e-01,3.114651469995993911e-03
1.824613518000000045e-01,3.113574891568036442e-03
1.824841577000000103e-01,3.113267462755290108e-03
1.825183612000000066e-01,3.112805842359926342e-03
1.825639559999999995e-01,3.112190986526224782e-03
1.825753528999999875e-01,3.112037145326460724e-03
1.826551111999999977e-01,3.110961352554903869e-03
1.826892827000000108e-01,3.110500281177297575e-03
1.827006717999999919e-01,3.110346869210800936e-03
1.827576066000000110e-01,3.109578467349737464e-03
1.828372853999999936e-01,3.108503656193698211e-03
1.828714228999999969e-01,3.108042864625279022e-03
1.829396786999999969e-01,3.107122358177681447e-03
1.829737969999999936e-01,3.106661716616483746e-03
1.830647481999999882e-01,3.105434639452188048e-03
1.832010903000000079e-01,3.103594541618686416e-03
1.832124475999999946e-01,3.103441206055007878e-03
1.832351600000000080e-01,3.103134922584280687e-03
1.832465151999999875e-01,3.102981257159808954e-03
1.832805764000000059e-01,3.102521886713973959e-03
1.833373309999999923e-01,3.101755559240376540e-03
1.833713754000000085e-01,3.101296193011427501e-03
1.833827221000000063e-01,3.101143022544553679e-03
1.833940681000000017e-01,3.100989898331158335e-03
1.834734705999999937e-01,3.099917904497940732e-03
1.834848109999999977e-01,3.099765113324846021e-03
1.835188279999999950e-01,3.099305828705609025e-03
1.835755089999999978e-01,3.098540809906169795e-03
1.835981764999999877e-01,3.098234613811609670e-03
1.836095091999999929e-01,3.098081921358205801e-03
1.836435030999999940e-01,3.097622984443398723e-03
1.836548329999999896e-01,3.097469739226536151e-03
1.837001456000000033e-01,3.096858066585022294e-03
1.837567706999999884e-01,3.096093467401285926e-03
1.837794158000000122e-01,3.095787960147324512e-03
1.837907373000000066e-01,3.095635051245732711e-03
1.838812844000000113e-01,3.094412204303726658e-03
1.840057139000000064e-01,3.092732156610414687e-03
1.840283283999999964e-01,3.092426341688785454e-03
1.840961552000000001e-01,3.091510652043656920e-03
1.841074572999999992e-01,3.091357923016640856e-03
1.841187585999999876e-01,3.091205416520865622e-03
1.841526585000000105e-01,3.090747373418626341e-03
1.842881956999999904e-01,3.088916616258486660e-03
1.843220644000000130e-01,3.088459262191181089e-03
1.843672131000000103e-01,3.087849271925434142e-03
1.844687570000000110e-01,3.086477481485569094e-03
1.845025925999999872e-01,3.086020393706325003e-03
1.845138698000000077e-01,3.085868328927589017e-03
1.845589715000000020e-01,3.085258832153148049e-03
1.845702452000000104e-01,3.085106496118142447e-03
1.846378728999999996e-01,3.084192492606766499e-03
1.846604099999999971e-01,3.083888166618502756e-03
1.847280048000000119e-01,3.082974858835257730e-03
1.848293504999999892e-01,3.081605244462706002e-03
1.848406076999999925e-01,3.081453307890373410e-03
1.848631201000000002e-01,3.081149129703899571e-03
1.849643917999999887e-01,3.079780757447931911e-03
1.849981367000000099e-01,3.079324238961699857e-03
1.850206299000000110e-01,3.079020304573481040e-03
1.850431204000000107e-01,3.078716666261792270e-03
1.850993345999999984e-01,3.077956604355949581e-03
1.851442936999999900e-01,3.077349156275997841e-03
1.852004771000000105e-01,3.076589523064507739e-03
1.852229458000000106e-01,3.076286191949210557e-03
1.852341791000000071e-01,3.076134136159182353e-03
1.852791054000000048e-01,3.075526812132671744e-03
1.853801499000000130e-01,3.074160888958465260e-03
1.854474822000000134e-01,3.073250418873617676e-03
1.854699209000000015e-01,3.072947176795169568e-03
1.855035738999999961e-01,3.072492536837494181e-03
1.855484350000000116e-01,3.071885934111743578e-03
1.855820736999999887e-01,3.071430819238864240e-03
1.856381246999999901e-01,3.070673223528229672e-03
1.856493328999999914e-01,3.070521805242583217e-03
1.856829533000000088e-01,3.070067026286616221e-03
1.857389738999999929e-01,3.069309515597389102e-03
1.857725781000000020e-01,3.068854959209059603e-03
1.858061762000000061e-01,3.068400905559615782e-03
1.858173741999999962e-01,3.068249596441834613e-03
1.858285715999999921e-01,3.068098017169893985e-03
1.859181260999999974e-01,3.066887104773008323e-03
1.860076375999999976e-01,3.065676316536608808e-03
1.860411932000000101e-01,3.065222711527921910e-03
1.860747429000000064e-01,3.064768655648516214e-03
1.860859246999999883e-01,3.064617422545492034e-03
1.861194663000000082e-01,3.064163744623368563e-03
1.861306454999999971e-01,3.064012555377239062e-03
1.861753555000000004e-01,3.063407667507285319e-03
1.861865313000000133e-01,3.063256735839449581e-03
1.862200548000000067e-01,3.062803101792755008e-03
1.862535721999999949e-01,3.062349760982348984e-03
1.863540881999999899e-01,3.060990163652081448e-03
1.864322298999999961e-01,3.059933053993842307e-03
1.864433903000000115e-01,3.059782166129470030e-03
1.864545501000000050e-01,3.059630890150153923e-03
1.864768676000000125e-01,3.059329379453680237e-03
1.864880254000000070e-01,3.059178189461422750e-03
1.865326496999999972e-01,3.058574258115206394e-03
1.865438040999999880e-01,3.058423791605302793e-03
1.866218664000000027e-01,3.057367551823326687e-03
1.867110404000000001e-01,3.056160688420110454e-03
1.867556113999999934e-01,3.055557782411262926e-03
1.868335852000000130e-01,3.054502521807954656e-03
1.868447216000000133e-01,3.054352168619856988e-03
1.868781270000000050e-01,3.053899721220948524e-03
1.869894350999999899e-01,3.052393858437735859e-03
1.870228146000000036e-01,3.051941835636968331e-03
1.870784339000000074e-01,3.051189129369380817e-03
1.871896228999999912e-01,3.049684344028515300e-03
1.872340799999999972e-01,3.049082723993767983e-03
1.872451927000000071e-01,3.048932154526586696e-03
1.872896366000000035e-01,3.048330378572451302e-03
1.873340699999999914e-01,3.047728872152392823e-03
1.873451765999999963e-01,3.047578560802016810e-03
1.875227942999999897e-01,3.045174383446444186e-03
1.875449847000000003e-01,3.044873693821958677e-03
1.876115401000000016e-01,3.043972660080822724e-03
1.876448089999999957e-01,3.043522686631815969e-03
1.876780718999999931e-01,3.043072432509699027e-03
1.876891582000000114e-01,3.042922089470983995e-03
1.877224133000000017e-01,3.042471828093290705e-03
1.877334971000000075e-01,3.042321823462820242e-03
1.877778253999999869e-01,3.041721753998298527e-03
1.878221432999999940e-01,3.041121730867159256e-03
1.878553748000000023e-01,3.040671585500572503e-03
1.878775259000000086e-01,3.040371361694701145e-03
1.879107476999999915e-01,3.039921705181353965e-03
1.879439635000000053e-01,3.039471916685796901e-03
1.879550342000000096e-01,3.039322191175755031e-03
1.880435759999999901e-01,3.038123117334041133e-03
1.880767684000000106e-01,3.037673650692596875e-03
1.880878311999999997e-01,3.037523580988970781e-03
1.881431356999999915e-01,3.036775058626835395e-03
1.882205345999999890e-01,3.035726896880997297e-03
1.882536958000000094e-01,3.035277400157483391e-03
1.883089514999999881e-01,3.034529158879346530e-03
1.883200006999999898e-01,3.034379270266992622e-03
1.883862823000000131e-01,3.033481956889101574e-03
1.884083709000000106e-01,3.033182541192515867e-03
1.884856608999999905e-01,3.032135926424691340e-03
1.885298123999999964e-01,3.031537649369579757e-03
1.885739535000000022e-01,3.030939799552857371e-03
1.885849871999999983e-01,3.030790414203847222e-03
1.886070525999999914e-01,3.030491151352169253e-03
1.886511757000000067e-01,3.029893709089070530e-03
1.887834830000000019e-01,3.028101580711763888e-03
1.888496018999999970e-01,3.027205648077607898e-03
1.888826526000000061e-01,3.026757718270805392e-03
1.889267112999999942e-01,3.026160849589915741e-03
1.889377244000000067e-01,3.026011447680780793e-03
1.889707596999999906e-01,3.025563832928635129e-03
1.890037893000000024e-01,3.025116578056567026e-03
1.890147979000000034e-01,3.024967394530840223e-03
1.890258058000000019e-01,3.024818167047312913e-03
1.891028433999999980e-01,3.023774361436385501e-03
1.891138461999999909e-01,3.023625368739069931e-03
1.891468507999999882e-01,3.023178293478418280e-03
1.892348349000000096e-01,3.021985934945023346e-03
1.892678184000000097e-01,3.021539255516827050e-03
1.892788116000000131e-01,3.021389912043692932e-03
1.893117874999999950e-01,3.020942968213414376e-03
1.894106805000000116e-01,3.019602926228402272e-03
1.894985421000000003e-01,3.018412489869822923e-03
1.895424575999999917e-01,3.017817193745696031e-03
1.896302582000000125e-01,3.016626961125151371e-03
1.896412303999999993e-01,3.016478517432745043e-03
1.896631729000000099e-01,3.016181179880228058e-03
1.897180179999999883e-01,3.015438028362303017e-03
1.897289852000000054e-01,3.015289160358585775e-03
1.897618828000000035e-01,3.014843308746244406e-03
1.897947747000000018e-01,3.014397332791644759e-03
1.898166994000000107e-01,3.014100361881045988e-03
1.898386216999999876e-01,3.013803123055309226e-03
1.898934161999999981e-01,3.013060342055517288e-03
1.899372404000000125e-01,3.012466259332150040e-03
1.899920063999999964e-01,3.011724175977571836e-03
1.900139083999999867e-01,3.011427149694751934e-03
1.900248585000000046e-01,3.011278445579016437e-03
1.900686524000000099e-01,3.010685081907480288e-03
1.901124362000000123e-01,3.010091398675050767e-03
1.901562099000000117e-01,3.009498156269505356e-03
1.901890336000000015e-01,3.009052844786418678e-03
1.901999735999999885e-01,3.008904395913582913e-03
1.902546639999999900e-01,3.008163457164919966e-03
1.903202717999999960e-01,3.007273564797832612e-03
1.903312041999999926e-01,3.007125574843554083e-03
1.904077136000000003e-01,3.006087907449577021e-03
1.904186409999999996e-01,3.005940283266256285e-03
1.904295678000000047e-01,3.005791601681275828e-03
1.904951152999999897e-01,3.004903113282519390e-03
1.905169594999999994e-01,3.004607131012491938e-03
1.905497210000000052e-01,3.004162717732086329e-03
1.906043111000000068e-01,3.003422537055385790e-03
1.906807108999999945e-01,3.002386520837656975e-03
1.906916227000000075e-01,3.002238476221114147e-03
1.907243542000000014e-01,3.001794608359194521e-03
1.907570802000000121e-01,3.001350743180624531e-03
1.907788943000000015e-01,3.001055160521821832e-03
1.908116109000000116e-01,3.000611613167016543e-03
1.908552242999999871e-01,3.000020319327779874e-03
1.909424211000000093e-01,2.998837389036377189e-03
1.909533179000000025e-01,2.998689754573456798e-03
1.909860046000000089e-01,2.998246633865607122e-03
1.910186856999999960e-01,2.997803395318548135e-03
1.910404699999999900e-01,2.997507962892422429e-03
1.911058079000000076e-01,2.996621903780165384e-03
1.911928904999999901e-01,2.995440457442111355e-03
1.912364169000000114e-01,2.994850370960879925e-03
1.912908110000000050e-01,2.994112851023379099e-03
1.913016879999999975e-01,2.993965091201664184e-03
1.913778093999999874e-01,2.992932400328575642e-03
1.914756353000000022e-01,2.991605618541025736e-03
1.915625497000000010e-01,2.990426943346142976e-03
1.915842721000000082e-01,2.990131964325699627e-03
1.915951324000000067e-01,2.989984796991337727e-03
1.916385674999999955e-01,2.989395530918651216e-03
1.916819926999999979e-01,2.988806549278136097e-03
1.917254080000000138e-01,2.988217520586380904e-03
1.917579631000000118e-01,2.987776126617175225e-03
1.917688136000000043e-01,2.987628929781522592e-03
1.918013613000000006e-01,2.987187075516949120e-03
1.918230566999999942e-01,2.986892597152128199e-03
1.918555952000000064e-01,2.986451358244399633e-03
1.918989712999999986e-01,2.985862612650033287e-03
1.919314968999999982e-01,2.985421903158191718e-03
1.919856940000000123e-01,2.984686270727221306e-03
1.920290406999999866e-01,2.984098520119772037e-03
1.920615442999999978e-01,2.983657441277765866e-03
1.920723776000000105e-01,2.983510200570757900e-03
1.921157048000000089e-01,2.982922155065490660e-03
1.921481936999999973e-01,2.982481899773011241e-03
1.921698498999999949e-01,2.982187789051472457e-03
1.922564505000000090e-01,2.981012847508910605e-03
1.922780946000000046e-01,2.980719207336327090e-03
1.922889157000000071e-01,2.980572279017953616e-03
1.923754625999999912e-01,2.979397737891376855e-03
1.924511593000000076e-01,2.978370843648908261e-03
1.925052100999999904e-01,2.977637372695587491e-03
1.925160184999999968e-01,2.977490733677539900e-03
1.925808558000000059e-01,2.976610634851409917e-03
1.926024634000000069e-01,2.976317539042053206e-03
1.926348702000000024e-01,2.975878002109935867e-03
1.927644430999999881e-01,2.974119258668331441e-03
1.928076146999999907e-01,2.973533505855861098e-03
1.928399870999999988e-01,2.973094577654660561e-03
1.928615656000000067e-01,2.972801573297825187e-03
1.928939289000000112e-01,2.972362350805220037e-03
1.929370715000000014e-01,2.971776680769192078e-03
1.929694221999999904e-01,2.971337869660109227e-03
1.930341071999999991e-01,2.970459581416600575e-03
1.930664415999999994e-01,2.970021004681895269e-03
1.931203202000000008e-01,2.969289547929300846e-03
1.931957250000000126e-01,2.968266295013738919e-03
1.932388002000000049e-01,2.967681835879860779e-03
1.932926308000000037e-01,2.966950702826662203e-03
1.933141587999999966e-01,2.966658769392509828e-03
1.933787285000000133e-01,2.965782079180627907e-03
1.934110052999999940e-01,2.965344092978028021e-03
1.934432766999999997e-01,2.964906115674637195e-03
1.934540325999999921e-01,2.964760378986641860e-03
1.934862968000000127e-01,2.964322105537813001e-03
1.935293073000000086e-01,2.963738380595670480e-03
1.935400585000000007e-01,2.963592326693838350e-03
1.935830571000000111e-01,2.963008901680957378e-03
1.936367920000000020e-01,2.962279446494295483e-03
1.936690256999999971e-01,2.961841847137771169e-03
1.937979070999999998e-01,2.960092260871716261e-03
1.938086434000000080e-01,2.959946870079267506e-03
1.938301141000000061e-01,2.959654899937788283e-03
1.938408484999999959e-01,2.959509678693130700e-03
1.938730483999999976e-01,2.959072508710768913e-03
1.938945119000000106e-01,2.958781179100510635e-03
1.939588884000000013e-01,2.957907024012825653e-03
1.939696156999999865e-01,2.957761600288615848e-03
1.940554130999999904e-01,2.956596733345011590e-03
1.940661351000000090e-01,2.956450914148728727e-03
1.941840380000000033e-01,2.954850399520998934e-03
1.942268940999999915e-01,2.954268394608965207e-03
1.943232856000000064e-01,2.952959865869532116e-03
1.943446994999999955e-01,2.952668767636084778e-03
1.943554054999999947e-01,2.952523663391507392e-03
1.943982237999999918e-01,2.951942214788689806e-03
1.944838319999999954e-01,2.950780201525620913e-03
1.944945304000000041e-01,2.950634810342549728e-03
1.945159254000000115e-01,2.950344470732934980e-03
1.945800963000000050e-01,2.949472810694465843e-03
1.946442459999999930e-01,2.948601731622606595e-03
1.946656244999999952e-01,2.948311654270515270e-03
1.946976878999999994e-01,2.947876059656603757e-03
1.947404309000000111e-01,2.947295760628964277e-03
1.947831644999999945e-01,2.946715363565058626e-03
1.948365683999999931e-01,2.945990605159924669e-03
1.948579257999999981e-01,2.945700562029790210e-03
1.948686037000000038e-01,2.945555520385496721e-03
1.949540053000000106e-01,2.944396028490192142e-03
1.949966921000000075e-01,2.943815917886191767e-03
1.950287011000000070e-01,2.943381490004748705e-03
1.950927033000000033e-01,2.942512586413141128e-03
1.951673459999999916e-01,2.941498547567638656e-03
1.952099861999999908e-01,2.940919574777411602e-03
1.952419602000000087e-01,2.940485662865841270e-03
1.952526169999999894e-01,2.940340774886363896e-03
1.952632733000000120e-01,2.940195977653532831e-03
1.953378507999999902e-01,2.939183506713302987e-03
1.953698038999999997e-01,2.938749348069393235e-03
1.953804537000000119e-01,2.938604564623125207e-03
1.954336943999999965e-01,2.937881782584159194e-03
1.954656318000000115e-01,2.937448185266517461e-03
1.955401321000000137e-01,2.936436325521046917e-03
1.955507726999999862e-01,2.936291885707181370e-03
1.955933293000000073e-01,2.935713875023037919e-03
1.956039669000000092e-01,2.935569673359459623e-03
1.956358766000000082e-01,2.935136025828426719e-03
1.957634629999999987e-01,2.933403094799993168e-03
1.958378500000000078e-01,2.932393326729863369e-03
1.958484744000000000e-01,2.932248888284031980e-03
1.958803442000000006e-01,2.931815926531708937e-03
1.958909662999999968e-01,2.931671880730224271e-03
1.959228292000000093e-01,2.931238711994928366e-03
1.959334490000000095e-01,2.931094712695941733e-03
1.960077715000000109e-01,2.930085518867297026e-03
1.960502288000000037e-01,2.929508775170891390e-03
1.961032876000000091e-01,2.928788226506777188e-03
1.961138976000000034e-01,2.928643904561959495e-03
1.961457242999999906e-01,2.928211473055139773e-03
1.961775457999999916e-01,2.927779328965366377e-03
1.961987571999999902e-01,2.927491199134606755e-03
1.962199664000000010e-01,2.927203477085758235e-03
1.962623777999999986e-01,2.926627011688629453e-03
1.962729793000000111e-01,2.926482886345599561e-03
1.963577700999999953e-01,2.925331462172694845e-03
1.963683663999999940e-01,2.925187294405176119e-03
1.964531160000000110e-01,2.924036579442851422e-03
1.964848876999999994e-01,2.923605073868282712e-03
1.965166543000000099e-01,2.923173397976045612e-03
1.965272419999999909e-01,2.923029826633531756e-03
1.966225058000000137e-01,2.921735543404865333e-03
1.966542501000000109e-01,2.921304182599488916e-03
1.966965679000000078e-01,2.920729908631362372e-03
1.967071458999999911e-01,2.920585655697649236e-03
1.967811761999999909e-01,2.919580453467763084e-03
1.968763171000000034e-01,2.918288257755080085e-03
1.968974531999999888e-01,2.918000953461327707e-03
1.969397187999999965e-01,2.917426755530797954e-03
1.969925378999999865e-01,2.916709321131403989e-03
1.970664609999999983e-01,2.915705076935748777e-03
1.970770192000000087e-01,2.915561593998914399e-03
1.971192461999999868e-01,2.914988416754939887e-03
1.971614641999999973e-01,2.914414535239879048e-03
1.971931218000000097e-01,2.913984579401003843e-03
1.972142239999999935e-01,2.913697688358124222e-03
1.972458730999999965e-01,2.913268265310715345e-03
1.973618762999999887e-01,2.911692291876403701e-03
1.974040424000000071e-01,2.911119527560836369e-03
1.974145824999999910e-01,2.910976334876920479e-03
1.974672747000000006e-01,2.910260387358751429e-03
1.975304867000000075e-01,2.909401490283690644e-03
1.975410200999999921e-01,2.909258433646713660e-03
1.975515529000000103e-01,2.909115718915063209e-03
1.976252668000000046e-01,2.908114194814260482e-03
1.976357951000000113e-01,2.907971408298151011e-03
1.976673767000000081e-01,2.907541929949474663e-03
1.977410474999999890e-01,2.906541387252348577e-03
1.977515696000000101e-01,2.906398128558225404e-03
1.978777918000000080e-01,2.904683625887657158e-03
1.978883066999999885e-01,2.904540900802790593e-03
1.979093348000000030e-01,2.904255426505869802e-03
1.979198480000000093e-01,2.904112699783590375e-03
1.979724056000000121e-01,2.903398511910768726e-03
1.980039335000000067e-01,2.902969985479322747e-03
1.980459629000000110e-01,2.902399124255309118e-03
1.980774791000000090e-01,2.901970776199553226e-03
1.981299948999999949e-01,2.901257658233296829e-03
1.981404964000000046e-01,2.901114957492483080e-03
1.981719976000000105e-01,2.900686968570449515e-03
1.982139913000000031e-01,2.900116683024166198e-03
1.982244884000000096e-01,2.899973802584039726e-03
1.982559761999999892e-01,2.899546061601984172e-03
1.982874589999999992e-01,2.899118099104756527e-03
1.983818773999999896e-01,2.897835494108090895e-03
1.983923656000000091e-01,2.897693464242038271e-03
1.984238268000000083e-01,2.897265913468591129e-03
1.984762509000000119e-01,2.896553753617506135e-03
1.985076987999999931e-01,2.896126179887610619e-03
1.985391417000000047e-01,2.895699401363155227e-03
1.985496216000000036e-01,2.895557076444807941e-03
1.985915353999999911e-01,2.894987145885525789e-03
1.987067530000000137e-01,2.893422146489466485e-03
1.987276944999999961e-01,2.893137565718414874e-03
1.988009722999999895e-01,2.892141772656058041e-03
1.988846853000000026e-01,2.891004836526367243e-03
1.988951469999999944e-01,2.890862667835491888e-03
1.989160685999999956e-01,2.890578337773939445e-03
1.989265286000000132e-01,2.890436535465095574e-03
1.989579052999999875e-01,2.890010039060779499e-03
1.990520057000000065e-01,2.888731574019486742e-03
1.990624585000000113e-01,2.888589290172254714e-03
1.990833626000000078e-01,2.888305295128942417e-03
1.991356132000000057e-01,2.887595537618689329e-03
1.991460616000000072e-01,2.887453783869405478e-03
1.991774037000000053e-01,2.887027787647660545e-03
1.992087408999999865e-01,2.886602018398906795e-03
1.992505160999999969e-01,2.886034673693918789e-03
1.992922826000000092e-01,2.885467277274940488e-03
1.993444783999999970e-01,2.884758268854405606e-03
1.993862251999999891e-01,2.884191178262782932e-03
1.993966604999999892e-01,2.884049177415155991e-03
1.994175294999999959e-01,2.883765547442409486e-03
1.995114131000000068e-01,2.882490178595890386e-03
1.995844031000000018e-01,2.881498321856117411e-03
1.996365224999999965e-01,2.880790666463640178e-03
1.996469448000000035e-01,2.880649222291059575e-03
1.997303031999999867e-01,2.879516241474595895e-03
1.998032133000000043e-01,2.878525802565937586e-03
1.998136268000000049e-01,2.878384263211369257e-03
1.998865065000000052e-01,2.877394519546114596e-03
1.998969157000000108e-01,2.877252881551292749e-03
1.999177325000000005e-01,2.876970436982749426e-03
1.999281401000000125e-01,2.876828775216294046e-03
1.999593595999999973e-01,2.876404906229378805e-03
1.999801699000000044e-01,2.876121959282793971e-03
2.000113813000000129e-01,2.875698159172777272e-03
2.000425878000000046e-01,2.875274101939183369e-03
2.000841888999999874e-01,2.874708760795726455e-03
2.000945879000000094e-01,2.874567415746110896e-03
2.001465743999999991e-01,2.873861013066877131e-03
2.001777597999999936e-01,2.873437810360585012e-03
2.002297248000000085e-01,2.872731789233584632e-03
2.002920649000000108e-01,2.871884654396995688e-03
2.003855387000000043e-01,2.870614477232752513e-03
2.003959220000000041e-01,2.870473628633265790e-03
2.004270686999999884e-01,2.870050832108839156e-03
2.004685900000000021e-01,2.869486456937533035e-03
2.005101026999999980e-01,2.868922162180773464e-03
2.005516069000000123e-01,2.868358601853621733e-03
2.005827293000000122e-01,2.867936128723744087e-03
2.006345894000000074e-01,2.867231176229043110e-03
2.006760676999999882e-01,2.866667919325965441e-03
2.007071709000000093e-01,2.866245171358449036e-03
2.007486343000000062e-01,2.865681697064538600e-03
2.007589988000000047e-01,2.865541123075936256e-03
2.008004515000000045e-01,2.864978069514878024e-03
2.008833311999999871e-01,2.863851867438906885e-03
2.008936887999999976e-01,2.863711419797658995e-03
2.009144022999999890e-01,2.863430014771638915e-03
2.009247581999999976e-01,2.863289244200183277e-03
2.009558228999999974e-01,2.862867604102978854e-03
2.011317653999999955e-01,2.860476853240495870e-03
2.011421102000000016e-01,2.860336358097671523e-03
2.011731412999999968e-01,2.859915117483831024e-03
2.012558674999999908e-01,2.858791510540794820e-03
2.012868810000000008e-01,2.858370071043811293e-03
2.013075541000000079e-01,2.858089197087669391e-03
2.013798931000000125e-01,2.857106387239832096e-03
2.014108874999999965e-01,2.856685685035105331e-03
2.014212180000000130e-01,2.856544837839694248e-03
2.014728621999999914e-01,2.855843658105445410e-03
2.015348177000000074e-01,2.855001807233995600e-03
2.015761108999999940e-01,2.854440696348944408e-03
2.016277153999999905e-01,2.853739851783091645e-03
2.016380346999999962e-01,2.853599853684608313e-03
2.016689895000000066e-01,2.853179275364520640e-03
2.017205703000000128e-01,2.852478479706124954e-03
2.017515123999999993e-01,2.852058247686004716e-03
2.018649262999999972e-01,2.850517877398865696e-03
2.019164569999999936e-01,2.849817688104500178e-03
2.019473690999999960e-01,2.849397893913328816e-03
2.019576721000000130e-01,2.849258192761457316e-03
2.019679745000000082e-01,2.849117918314557178e-03
2.019988788000000035e-01,2.848698102493104050e-03
2.020297782000000097e-01,2.848278087740558837e-03
2.020400770000000124e-01,2.848138696314925049e-03
2.020503753000000013e-01,2.847998667649138688e-03
2.021224483999999877e-01,2.847019956791697632e-03
2.021327424999999900e-01,2.846879487148312217e-03
2.022150761000000019e-01,2.845761521016375480e-03
2.022459424999999977e-01,2.845342457027846394e-03
2.022768043000000016e-01,2.844922674224975492e-03
2.022870904999999886e-01,2.844783287756424191e-03
2.023282301000000061e-01,2.844224793225606090e-03
2.023693612999999947e-01,2.843665740761268292e-03
2.024618760000000128e-01,2.842409261000768041e-03
2.025338026999999874e-01,2.841432151730529689e-03
2.025646205999999949e-01,2.841013651196346718e-03
2.026057038000000088e-01,2.840455586405801931e-03
2.026159733000000018e-01,2.840316211750834596e-03
2.026262423000000090e-01,2.840176805813694663e-03
2.026878453000000024e-01,2.839339664528479305e-03
2.026981106000000088e-01,2.839200406194894617e-03
2.027083755000000098e-01,2.839061171947504340e-03
2.027802146999999888e-01,2.838085252726801899e-03
2.027904752999999949e-01,2.837946349291476864e-03
2.028930535000000035e-01,2.836553000221945630e-03
2.029033084000000098e-01,2.836413789010743761e-03
2.029340702000000107e-01,2.835995593205897173e-03
2.029545755000000118e-01,2.835716962685333638e-03
2.029853295000000057e-01,2.835299881374134592e-03
2.030570707000000086e-01,2.834325228816284882e-03
2.031185430000000125e-01,2.833490123577410164e-03
2.032004772000000070e-01,2.832377893726372060e-03
2.032311940000000039e-01,2.831960404900643082e-03
2.032619061000000005e-01,2.831543306672271512e-03
2.032721425000000026e-01,2.831404119480184899e-03
2.033642465000000121e-01,2.830153671322520759e-03
2.033949385000000110e-01,2.829736326618087407e-03
2.034358541000000076e-01,2.829181041537048597e-03
2.034460817000000032e-01,2.829042011539695343e-03
2.034767614000000113e-01,2.828625398697901059e-03
2.035176605000000027e-01,2.828069820415924761e-03
2.036096534000000069e-01,2.826820611099488140e-03
2.036403083999999974e-01,2.826404439764036193e-03
2.036913899999999999e-01,2.825710872882873995e-03
2.037118189999999884e-01,2.825433167409093123e-03
2.037220326999999997e-01,2.825294434248413165e-03
2.038037242999999887e-01,2.824185030984879049e-03
2.038445577000000120e-01,2.823630949595447564e-03
2.038547648000000045e-01,2.823492357295830438e-03
2.039159966999999907e-01,2.822660838316495488e-03
2.039670091000000129e-01,2.821968129539479623e-03
2.039976105000000095e-01,2.821552556157810084e-03
2.040078099000000034e-01,2.821414057088628916e-03
2.040384051999999948e-01,2.820998885697030816e-03
2.040893870999999915e-01,2.820306670208029120e-03
2.041607403000000043e-01,2.819337801176265406e-03
2.041811223999999980e-01,2.819060735200893189e-03
2.042524434999999916e-01,2.818092229177015379e-03
2.042626302999999977e-01,2.817954265159700305e-03
2.043441055999999922e-01,2.816847710046646407e-03
2.043644693999999984e-01,2.816571351245490077e-03
2.043746505000000047e-01,2.816432882017946750e-03
2.044255486000000066e-01,2.815741647639471209e-03
2.044560813000000088e-01,2.815327448547891385e-03
2.044866094999999995e-01,2.814912732297413390e-03
2.044967845000000006e-01,2.814774928606365335e-03
2.045374795999999884e-01,2.814221888990564753e-03
2.045781665999999999e-01,2.813669985198128352e-03
2.046188455000000073e-01,2.813117538515954880e-03
2.046493494000000135e-01,2.812703492370931518e-03
2.047001790999999904e-01,2.812013079091542703e-03
2.048221189999999969e-01,2.810357787084034973e-03
2.048322773000000041e-01,2.810219494288729823e-03
2.048525925999999941e-01,2.809943693080828048e-03
2.048627494999999965e-01,2.809806075064305662e-03
2.048932169999999886e-01,2.809392489407767750e-03
2.049135262000000013e-01,2.809116761876892694e-03
2.049439862000000112e-01,2.808703286108413071e-03
2.050150420000000084e-01,2.807738582845374555e-03
2.051570798000000029e-01,2.805810335174668130e-03
2.051773628000000127e-01,2.805535239631919402e-03
2.052280618000000001e-01,2.804846901203551183e-03
2.052686119000000087e-01,2.804296521634571000e-03
2.053192883000000135e-01,2.803608443125119466e-03
2.053395553000000040e-01,2.803333281795255399e-03
2.053496881000000107e-01,2.803196087752574291e-03
2.054003444999999983e-01,2.802508219127657855e-03
2.054307323000000018e-01,2.802095565041251308e-03
2.054611157000000021e-01,2.801683666500513759e-03
2.054712424000000037e-01,2.801545811346640383e-03
2.055623609999999990e-01,2.800308778985371918e-03
2.056332030999999949e-01,2.799347260396425549e-03
2.056433213999999954e-01,2.799210455347238106e-03
2.057141355999999865e-01,2.798249349178127000e-03
2.057242499999999974e-01,2.798111680312236060e-03
2.057950363000000116e-01,2.797151126865386576e-03
2.058253659000000013e-01,2.796739314455112466e-03
2.058354746999999929e-01,2.796602240825145011e-03
2.059466395000000005e-01,2.795093200867899801e-03
2.059567424000000035e-01,2.794956476144527368e-03
2.059870480999999864e-01,2.794545318949904524e-03
2.060375477999999982e-01,2.793859944389412257e-03
2.060476461999999898e-01,2.793722963132856674e-03
2.060779386000000102e-01,2.793311484704225252e-03
2.061284160000000087e-01,2.792626493000069030e-03
2.061889725999999923e-01,2.791804562571958363e-03
2.061990636000000099e-01,2.791667858403623203e-03
2.062797741000000074e-01,2.790572377987746849e-03
2.062898606999999940e-01,2.790435902712372698e-03
2.063100324000000096e-01,2.790161780598306683e-03
2.063201175000000109e-01,2.790024894000770871e-03
2.064007806000000000e-01,2.788930370798524058e-03
2.064310212000000089e-01,2.788520114020655825e-03
2.064511790999999929e-01,2.788246713493315945e-03
2.064713350000000058e-01,2.787972741787559001e-03
2.065217162999999911e-01,2.787289154267059716e-03
2.065317911000000006e-01,2.787152699874778997e-03
2.065620123999999946e-01,2.786742283852380007e-03
2.065922293999999937e-01,2.786332812601875850e-03
2.066828537000000021e-01,2.785102874193671248e-03
2.067633754000000046e-01,2.784010142892157699e-03
2.068338060999999894e-01,2.783054827210377103e-03
2.068539246999999970e-01,2.782781783920911921e-03
2.068840989999999880e-01,2.782372320416280284e-03
2.069243245999999870e-01,2.781826887679784543e-03
2.070449544000000086e-01,2.780190345334512380e-03
2.070851486999999991e-01,2.779644637009137231e-03
2.070951960999999897e-01,2.779508321578859006e-03
2.071253352999999908e-01,2.779099425300713636e-03
2.071554700000000082e-01,2.778690497983981201e-03
2.071655139999999951e-01,2.778554395080384994e-03
2.072458480999999908e-01,2.777464690160665051e-03
2.072558875999999939e-01,2.777328537230618413e-03
2.072759653000000035e-01,2.777056076135423889e-03
2.073361867000000081e-01,2.776239247382187442e-03
2.073662907999999916e-01,2.775830953261065100e-03
2.074064228999999981e-01,2.775286074615607602e-03
2.074866636999999903e-01,2.774198016762596374e-03
2.076069667000000063e-01,2.772566133358257343e-03
2.076470522999999957e-01,2.772022430267266115e-03
2.077171832999999967e-01,2.771070849846655332e-03
2.077272001000000090e-01,2.770935027948507635e-03
2.077372164000000077e-01,2.770799435956847016e-03
2.077572476000000001e-01,2.770527874703753498e-03
2.077973040999999965e-01,2.769984166447794424e-03
2.078073169999999914e-01,2.769848916203743617e-03
2.078173295000000087e-01,2.769712711720952701e-03
2.078974117000000066e-01,2.768626450044744686e-03
2.079174273999999933e-01,2.768355494022052121e-03
2.079774630000000013e-01,2.767541162284531831e-03
2.080074742999999948e-01,2.767134222669762490e-03
2.080374812999999934e-01,2.766727124210111022e-03
2.080774838999999987e-01,2.766184716804017708e-03
2.080874832999999868e-01,2.766049106875397012e-03
2.081174788000000053e-01,2.765642660960998620e-03
2.081674615999999922e-01,2.764964647180041292e-03
2.082174324000000132e-01,2.764286515752088520e-03
2.082374174000000133e-01,2.764015892162972714e-03
2.082474091000000027e-01,2.763880161932122902e-03
2.082973607999999976e-01,2.763203246448340134e-03
2.083273260000000071e-01,2.762797021036279051e-03
2.083672729000000112e-01,2.762255104878405792e-03
2.083972280999999982e-01,2.761848807826313996e-03
2.084371616000000038e-01,2.761307351801812245e-03
2.084471438000000121e-01,2.761172146306528630e-03
2.084870678000000088e-01,2.760630587014708138e-03
2.085170057999999882e-01,2.760224547222204974e-03
2.085668927999999867e-01,2.759548676972407941e-03
2.086067939000000038e-01,2.759007628108376894e-03
2.086965433000000092e-01,2.757790186656242093e-03
2.087164823999999863e-01,2.757520526569183505e-03
2.087264513000000044e-01,2.757385052033385631e-03
2.087762883000000014e-01,2.756709120102686025e-03
2.088061847999999887e-01,2.756304245689946905e-03
2.088759266000000114e-01,2.755358810894917906e-03
2.088858878000000030e-01,2.755223598639350551e-03
2.089257278999999967e-01,2.754683260127016673e-03
2.089356867999999923e-01,2.754548523302851031e-03
2.089954299000000015e-01,2.753738234884761747e-03
2.090153405000000075e-01,2.753468669456352567e-03
2.090452027999999962e-01,2.753063700671394207e-03
2.090750607999999899e-01,2.752659337910096787e-03
2.091546613999999971e-01,2.751580153129161693e-03
2.091646092999999984e-01,2.751444903470747459e-03
2.092043963999999923e-01,2.750905765852513021e-03
2.092541195000000021e-01,2.750231811146056689e-03
2.092839478000000086e-01,2.749827769064997277e-03
2.093237121000000034e-01,2.749288943398527172e-03
2.093336520000000089e-01,2.749153926991723673e-03
2.093535303999999875e-01,2.748884329479510998e-03
2.094032181999999909e-01,2.748210812334458009e-03
2.094926263999999927e-01,2.746999374209408221e-03
2.095124896999999986e-01,2.746730488367131635e-03
2.095621397999999913e-01,2.746057009654471765e-03
2.096514802999999982e-01,2.744846804126058713e-03
2.096812520000000124e-01,2.744443184016359498e-03
2.097110194000000039e-01,2.744039383798264203e-03
2.097606224999999935e-01,2.743367495398257166e-03
2.097903787000000020e-01,2.742964497686993693e-03
2.098300471000000000e-01,2.742426650113997423e-03
2.098796219999999879e-01,2.741754990277731237e-03
2.099192735000000032e-01,2.741217443558617139e-03
2.099688274000000021e-01,2.740546035288898494e-03
2.099985541000000122e-01,2.740143142015403349e-03
2.100282766000000079e-01,2.739740797519706582e-03
2.100381832000000060e-01,2.739606791771698885e-03
2.101174188000000109e-01,2.738533341375472187e-03
2.101273211999999946e-01,2.738398848223650133e-03
2.101570255000000109e-01,2.737996730453465862e-03
2.102065233000000033e-01,2.737326124193111519e-03
2.102758006999999874e-01,2.736387216817922404e-03
2.103054839999999870e-01,2.735985188334410807e-03
2.103153775000000114e-01,2.735851351016972514e-03
2.103648379999999984e-01,2.735181214032562230e-03
2.104439506999999931e-01,2.734109492259899701e-03
2.104736103000000025e-01,2.733707566478169211e-03
2.105823263999999917e-01,2.732234587255078818e-03
2.105922068999999952e-01,2.732100714954738534e-03
2.106020869000000129e-01,2.731967325517360538e-03
2.106218455999999961e-01,2.731699513643267869e-03
2.106811104999999906e-01,2.730896480468606759e-03
2.107502319000000013e-01,2.729960752734217431e-03
2.107601044999999895e-01,2.729826836036632152e-03
2.107798483999999972e-01,2.729559424659720474e-03
2.108390689000000096e-01,2.728757298837098354e-03
2.108686728999999982e-01,2.728356597160232211e-03
2.109180036999999952e-01,2.727688405212109774e-03
2.109475966000000091e-01,2.727287663416427376e-03
2.110264907999999939e-01,2.726219205858676671e-03
2.110659267999999977e-01,2.725685086812301098e-03
2.110757846999999909e-01,2.725551537585118016e-03
2.110954989999999920e-01,2.725284368360805093e-03
2.111053555000000082e-01,2.725151589184754246e-03
2.112925411999999892e-01,2.722616880537024123e-03
2.113023884999999935e-01,2.722483447268837786e-03
2.113122353000000120e-01,2.722349943570402577e-03
2.113417730999999911e-01,2.721949693981339825e-03
2.113811502999999870e-01,2.721416861015252958e-03
2.115385858000000119e-01,2.719285685087139033e-03
2.115680920000000131e-01,2.718885555065877254e-03
2.116074270999999951e-01,2.718353294757700194e-03
2.116270919000000084e-01,2.718087298779147364e-03
2.116565857000000106e-01,2.717687987657716776e-03
2.116860752999999984e-01,2.717288563948757913e-03
2.116959042999999874e-01,2.717155408538297120e-03
2.117253885000000002e-01,2.716756445336747806e-03
2.117745196999999968e-01,2.716091403280136186e-03
2.117843446000000074e-01,2.715958632849100468e-03
2.118138165000000017e-01,2.715559355012161797e-03
2.118432842999999899e-01,2.715160807976684573e-03
2.118629271999999952e-01,2.714894419574762335e-03
2.118923880999999954e-01,2.714495949348774001e-03
2.120396314999999920e-01,2.712503103577663163e-03
2.120494441000000119e-01,2.712370231552764348e-03
2.120886898999999881e-01,2.711838732971556115e-03
2.121573525999999876e-01,2.710909970943827570e-03
2.121671598000000047e-01,2.710777127706504811e-03
2.121769665000000082e-01,2.710644156775683048e-03
2.121965785000000104e-01,2.710379020230109428e-03
2.122456006000000006e-01,2.709715657726697452e-03
2.122554037000000116e-01,2.709583141259516020e-03
2.122848102000000070e-01,2.709184844245607782e-03
2.123142125999999963e-01,2.708787480191491865e-03
2.123338119000000024e-01,2.708522206342090215e-03
2.123632075000000119e-01,2.708123905756128300e-03
2.124023953999999992e-01,2.707594112802937797e-03
2.124415759999999931e-01,2.707063638251441286e-03
2.125101246999999971e-01,2.706136542144261820e-03
2.125199154999999895e-01,2.706003733171655993e-03
2.125688631000000051e-01,2.705341221784894265e-03
2.125982261999999900e-01,2.704944079696416925e-03
2.126373706999999946e-01,2.704414594565425142e-03
2.127254195999999931e-01,2.703223292701937598e-03
2.127547610999999950e-01,2.702826355758562119e-03
2.127840984999999907e-01,2.702429568643985314e-03
2.128036546000000029e-01,2.702164784412659348e-03
2.128623119999999980e-01,2.701371702743397482e-03
2.128720866999999906e-01,2.701238877032390625e-03
2.128818608999999973e-01,2.701107115248065765e-03
2.129502678000000093e-01,2.700181838599131391e-03
2.129600385000000040e-01,2.700049804275483391e-03
2.129795784000000081e-01,2.699785165205519522e-03
2.130674858000000116e-01,2.698595958619907226e-03
2.131358331000000050e-01,2.697672082484537347e-03
2.131455952999999903e-01,2.697539354408186926e-03
2.132724621000000043e-01,2.695823998040611062e-03
2.133017284000000013e-01,2.695428193309793233e-03
2.133407438000000100e-01,2.694900826337714040e-03
2.134285025000000058e-01,2.693713467035195597e-03
2.134577473000000003e-01,2.693317931816857809e-03
2.134869882000000052e-01,2.692922683775493629e-03
2.134967342000000101e-01,2.692790962017851258e-03
2.135064798999999902e-01,2.692658929847992991e-03
2.135357139999999876e-01,2.692264104877347894e-03
2.135649441999999953e-01,2.691868760052346619e-03
2.135746866999999882e-01,2.691737084999591169e-03
2.136039116000000015e-01,2.691341741948665572e-03
2.136623492999999985e-01,2.690551733537915532e-03
2.136915621000000098e-01,2.690156861211179598e-03
2.137597099000000112e-01,2.689235565233393400e-03
2.137986417999999944e-01,2.688708761713614649e-03
2.138083735999999901e-01,2.688577565666986930e-03
2.138862125000000058e-01,2.687525030315239972e-03
2.139153947999999916e-01,2.687130500613304097e-03
2.139737473999999973e-01,2.686341622212895432e-03
2.140418054000000070e-01,2.685422170501237937e-03
2.140709664000000068e-01,2.685028195418363677e-03
2.141098416999999976e-01,2.684502198670384032e-03
2.141875709999999933e-01,2.683451707042688178e-03
2.141972852000000038e-01,2.683320446039653018e-03
2.142069989000000008e-01,2.683189478469997884e-03
2.142361375000000068e-01,2.682795731696213572e-03
2.142846929999999983e-01,2.682139588992228305e-03
2.143526521999999934e-01,2.681221134457533340e-03
2.143623588999999940e-01,2.681089775866434682e-03
2.143914764000000028e-01,2.680696014128940846e-03
2.144205899000000137e-01,2.680302729946475952e-03
2.144399966999999962e-01,2.680040410860067609e-03
2.145079067000000006e-01,2.679122546066792839e-03
2.145467027999999887e-01,2.678598932065424758e-03
2.145854918000000000e-01,2.678074335521515859e-03
2.146242738999999955e-01,2.677550120970087575e-03
2.146533558000000008e-01,2.677157812607744002e-03
2.146727415999999944e-01,2.676895946165823523e-03
2.147308883999999862e-01,2.676109902130507315e-03
2.148180791000000034e-01,2.674932267151873631e-03
2.148277647000000068e-01,2.674801074856179503e-03
2.148568191000000127e-01,2.674408930077009413e-03
2.148955522000000062e-01,2.673885496242146744e-03
2.149342783000000034e-01,2.673362178416831096e-03
2.149729974000000043e-01,2.672839227702830753e-03
2.149826760999999919e-01,2.672708889325258602e-03
2.150020321999999984e-01,2.672446801911080271e-03
2.150504146999999977e-01,2.671793156921785893e-03
2.150600899000000010e-01,2.671662512453553545e-03
2.150891128999999902e-01,2.671270537343316005e-03
2.151664885000000027e-01,2.670225708694658976e-03
2.152438362000000105e-01,2.669181323421154078e-03
2.152921644000000134e-01,2.668528694640449200e-03
2.153114925999999874e-01,2.668267513461808869e-03
2.153211560999999941e-01,2.668136690038369098e-03
2.153694670000000089e-01,2.667484869856449805e-03
2.153984482999999894e-01,2.667093002055276676e-03
2.154274257000000081e-01,2.666701657475612202e-03
2.154660562000000057e-01,2.666180312113553084e-03
2.155143344999999877e-01,2.665527944383812905e-03
2.155239888999999909e-01,2.665398100030884863e-03
2.155819060999999981e-01,2.664615762841022941e-03
2.155915575000000028e-01,2.664485662136668702e-03
2.156012083999999940e-01,2.664355229036423703e-03
2.156301585000000021e-01,2.663964429740839704e-03
2.156687526999999938e-01,2.663443675880922124e-03
2.157459203000000048e-01,2.662401505864918968e-03
2.157748510999999980e-01,2.662011187840393131e-03
2.158327009000000074e-01,2.661230057313469614e-03
2.158616201000000123e-01,2.660839451340994873e-03
2.159290829000000134e-01,2.659929007354692489e-03
2.160157899000000048e-01,2.658758275662556798e-03
2.160446845000000005e-01,2.658368918019450751e-03
2.160928336000000061e-01,2.657719107887720252e-03
2.161313451999999913e-01,2.657198981607778072e-03
2.162179710999999893e-01,2.656029977408386287e-03
2.162372166000000040e-01,2.655770164551476617e-03
2.162468386999999992e-01,2.655640470200185121e-03
2.162757023999999917e-01,2.655250867802002191e-03
2.162853228000000128e-01,2.655120934146188751e-03
2.163238000999999910e-01,2.654601839737350758e-03
2.163718870000000127e-01,2.653952880232647842e-03
2.163911188000000041e-01,2.653693384349628450e-03
2.164391907999999864e-01,2.653045012825709821e-03
2.164488039999999947e-01,2.652914815291262593e-03
2.164776408000000096e-01,2.652526327640746234e-03
2.165449117000000090e-01,2.651617920593670949e-03
2.165833429000000032e-01,2.651100191491709192e-03
2.165929496000000010e-01,2.650970005486546436e-03
2.166697880000000020e-01,2.649933569088764977e-03
2.166793908999999907e-01,2.649803647481994290e-03
2.167081969999999913e-01,2.649415511650789461e-03
2.167561987000000134e-01,2.648767804375678700e-03
2.168137867000000107e-01,2.647991150775010679e-03
2.168521701999999995e-01,2.647473419363569926e-03
2.168905469000000086e-01,2.646955858718764380e-03
2.169097326999999964e-01,2.646696693655233110e-03
2.169864589999999926e-01,2.645662391034689018e-03
2.170152243000000036e-01,2.645274492377060107e-03
2.170535721999999890e-01,2.644756606149419997e-03
2.170631580999999866e-01,2.644627489105355264e-03
2.171302475999999926e-01,2.643722788535913474e-03
2.171589939999999941e-01,2.643335168368710162e-03
2.171973164000000067e-01,2.642818587623782002e-03
2.172164752000000087e-01,2.642560335718574863e-03
2.172739411000000065e-01,2.641784958964192662e-03
2.172835173000000064e-01,2.641656227500529305e-03
2.173122433999999936e-01,2.641268427236714324e-03
2.173218178999999917e-01,2.641139728404306736e-03
2.173601115999999889e-01,2.640623202268859576e-03
2.173983986999999951e-01,2.640107405080940623e-03
2.174749525000000128e-01,2.639074983237719042e-03
2.175036532999999883e-01,2.638688123929603703e-03
2.175132193000000047e-01,2.638559241773751583e-03
2.175992951000000064e-01,2.637398461136089382e-03
2.176184184000000132e-01,2.637141114609763484e-03
2.176757782000000030e-01,2.636368150701400188e-03
2.177331230000000006e-01,2.635595147555063345e-03
2.177426789999999945e-01,2.635466295112495576e-03
2.178191117999999926e-01,2.634435739846107197e-03
2.178286640000000052e-01,2.634306913403129929e-03
2.178573182000000108e-01,2.633920985908278292e-03
2.179241631999999929e-01,2.633019795490210927e-03
2.179337108000000134e-01,2.632891127730695863e-03
2.179718971000000061e-01,2.632376643247080674e-03
2.180482495000000132e-01,2.631347930367236403e-03
2.180577917000000032e-01,2.631219398102428806e-03
2.180768747999999868e-01,2.630962415195030411e-03
2.181150360000000121e-01,2.630448421584164354e-03
2.181341140999999983e-01,2.630190948661027903e-03
2.181627281999999890e-01,2.629805312337289962e-03
2.182008742999999862e-01,2.629291437443949300e-03
2.182294795999999981e-01,2.628906161823593018e-03
2.182771467000000076e-01,2.628264315845638653e-03
2.182866789000000030e-01,2.628135574178195200e-03
2.183152728999999959e-01,2.627750458788150143e-03
2.183629213000000124e-01,2.627108479372061971e-03
2.183915053000000106e-01,2.626723294577836161e-03
2.184200856000000079e-01,2.626338053289062596e-03
2.184296115999999899e-01,2.626210045302323874e-03
2.184391371000000137e-01,2.626081967886983396e-03
2.185153263000000068e-01,2.625055815896254474e-03
2.185914888999999917e-01,2.624029583654777231e-03
2.186200430999999944e-01,2.623645011342255230e-03
2.186581095000000030e-01,2.623132103801250389e-03
2.186866548999999993e-01,2.622747960637684343e-03
2.186961692999999929e-01,2.622619880526579680e-03
2.187342224000000113e-01,2.622107369335471751e-03
2.187437346999999976e-01,2.621979578574452647e-03
2.188483421999999901e-01,2.620570754558270484e-03
2.188863688999999890e-01,2.620058499980183753e-03
2.189528997000000088e-01,2.619162568036512758e-03
2.189624024000000058e-01,2.619034606251883883e-03
2.190004093000000041e-01,2.618523048273512562e-03
2.190479086000000075e-01,2.617883581009416462e-03
2.191238862000000065e-01,2.616860335172499930e-03
2.191428763999999918e-01,2.616604902454797762e-03
2.191903449000000004e-01,2.615965937251885087e-03
2.192283121999999973e-01,2.615455309424908909e-03
2.192567834999999965e-01,2.615071284915525696e-03
2.192757622000000017e-01,2.614816158968069019e-03
2.193326885999999920e-01,2.614050015271406242e-03
2.193801159999999861e-01,2.613411558945732960e-03
2.194275330999999885e-01,2.612773547494903672e-03
2.195318148000000025e-01,2.611369788537347067e-03
2.195602466000000086e-01,2.610987103578490780e-03
2.195981499999999920e-01,2.610477140735253682e-03
2.196455200999999913e-01,2.609840414954902026e-03
2.196834088000000074e-01,2.609330549433636591e-03
2.197118210000000016e-01,2.608947949650914679e-03
2.197212909000000047e-01,2.608820792703752875e-03
2.197307604000000025e-01,2.608692736144777643e-03
2.198727543000000006e-01,2.606782665877122734e-03
2.198822172999999880e-01,2.606655623918957120e-03
2.199106037999999930e-01,2.606273273752890678e-03
2.199389867000000054e-01,2.605891423673041031e-03
2.199579066000000027e-01,2.605637146797673033e-03
2.199862834000000100e-01,2.605255615621158115e-03
2.200241133999999987e-01,2.604746888485011489e-03
2.200524815999999884e-01,2.604365471668257815e-03
2.201092071000000094e-01,2.603601904214135083e-03
2.201375644000000131e-01,2.603220803507650012e-03
2.201848184000000097e-01,2.602585236796274570e-03
2.202509568999999889e-01,2.601696029568824082e-03
2.203170755999999952e-01,2.600807119701248598e-03
2.203265195999999926e-01,2.600679753094714899e-03
2.203548489000000110e-01,2.600299189733075531e-03
2.204020563000000099e-01,2.599664425773374251e-03
2.204114964999999982e-01,2.599537148759080863e-03
2.204398149000000029e-01,2.599156617460040598e-03
2.204681296999999873e-01,2.598775641992792044e-03
2.204775670999999937e-01,2.598648745752492155e-03
2.205530521000000077e-01,2.597634289398766810e-03
2.206379417999999870e-01,2.596492810552011952e-03
2.206568017999999964e-01,2.596239213918656846e-03
2.206662310999999987e-01,2.596112625550291500e-03
2.207039446000000071e-01,2.595605404415225227e-03
2.207416516000000051e-01,2.595098180448588907e-03
2.207793520999999926e-01,2.594591778036941122e-03
2.207887762999999892e-01,2.594464812546159148e-03
2.208076233000000055e-01,2.594211880535735384e-03
2.208170462999999861e-01,2.594084802995861617e-03
2.208453126000000100e-01,2.593705407214415368e-03
2.208641548999999982e-01,2.593452104397978540e-03
2.209206720000000124e-01,2.592692899488994313e-03
2.209300901000000039e-01,2.592565643331806897e-03
2.210054204999999938e-01,2.591553564693839344e-03
2.210148349999999928e-01,2.591427430199405059e-03
2.210807251999999945e-01,2.590541695527926076e-03
2.211465958000000120e-01,2.589656347008895219e-03
2.211654124000000110e-01,2.589404031782857173e-03
2.212406625999999987e-01,2.588392521032391400e-03
2.212594712000000019e-01,2.588140300094075516e-03
2.212688748999999955e-01,2.588013696648453887e-03
2.213440899999999933e-01,2.587003542692847304e-03
2.213816879000000126e-01,2.586498449246644234e-03
2.214568647000000057e-01,2.585488552422740300e-03
2.214944434999999989e-01,2.584983340742423759e-03
2.215414081000000035e-01,2.584352600274759416e-03
2.216071417000000099e-01,2.583470154278758209e-03
2.216728558999999932e-01,2.582588004700782543e-03
2.216822421000000098e-01,2.582461792721535421e-03
2.216916278000000129e-01,2.582335641064929278e-03
2.217103981000000112e-01,2.582083748225509536e-03
2.217197827000000065e-01,2.581957376301586855e-03
2.217573169000000011e-01,2.581453184540467589e-03
2.217948448000000017e-01,2.580949246140299465e-03
2.218417457999999898e-01,2.580319757163831822e-03
2.218605033999999920e-01,2.580067702625369469e-03
2.219073904999999958e-01,2.579438829981660092e-03
2.219167666999999899e-01,2.579312537146486416e-03
2.219730156999999982e-01,2.578557331611873362e-03
2.220479922999999967e-01,2.577550980118414013e-03
2.220573626000000023e-01,2.577425105743907496e-03
2.221416773999999872e-01,2.576292958046871428e-03
2.221604097000000055e-01,2.576041920501754515e-03
2.221697752000000026e-01,2.575916259197437962e-03
2.222165969999999879e-01,2.575287704554686183e-03
2.223102110999999881e-01,2.574031031901283326e-03
2.223570032999999946e-01,2.573403455275534869e-03
2.223663606000000070e-01,2.573278156361644142e-03
2.223944300000000041e-01,2.572901299461517483e-03
2.224318503999999919e-01,2.572399504043138777e-03
2.224412045999999976e-01,2.572273624448949501e-03
2.225066723999999940e-01,2.571395616927479779e-03
2.225160234000000126e-01,2.571269488566287845e-03
2.225814691999999928e-01,2.570391789679015750e-03
2.225908169999999964e-01,2.570266674713731370e-03
2.226095114999999958e-01,2.570015199967641984e-03
2.226188581000000111e-01,2.569889926126700617e-03
2.226468957000000137e-01,2.569514167795040188e-03
2.226936171999999992e-01,2.568887331470391666e-03
2.227216454000000012e-01,2.568511270323509555e-03
2.227683511999999921e-01,2.567884631911614927e-03
2.228150472000000049e-01,2.567258335380936778e-03
2.228430601999999983e-01,2.566882895993868006e-03
2.228710694999999908e-01,2.566506899016367509e-03
2.229177441000000093e-01,2.565880749451408468e-03
2.229457441000000095e-01,2.565505122460893898e-03
2.229550765999999962e-01,2.565380345078561997e-03
2.230297230000000130e-01,2.564379594744851769e-03
2.230577089999999929e-01,2.564003575705482447e-03
2.231136703000000110e-01,2.563253991189468322e-03
2.231416458000000103e-01,2.562878600206182269e-03
2.231789409000000113e-01,2.562378088129393678e-03
2.232069080999999899e-01,2.562003420224558039e-03
2.232628321000000027e-01,2.561253894250777041e-03
2.232907888000000007e-01,2.560879318153824313e-03
2.233373755999999988e-01,2.560254290297646253e-03
2.233560075999999894e-01,2.560004969717782908e-03
2.234863880000000080e-01,2.558257056656264294e-03
2.235050075999999997e-01,2.558007487938758137e-03
2.235143168000000014e-01,2.557882567759318330e-03
2.235608570000000017e-01,2.557258822531755568e-03
2.235887763999999944e-01,2.556884428014488588e-03
2.236259969999999930e-01,2.556385586931953554e-03
2.236539083000000094e-01,2.556011854740667961e-03
2.237004194999999973e-01,2.555388730554817179e-03
2.238120067999999907e-01,2.553893091817257578e-03
2.238491901999999922e-01,2.553395446584180196e-03
2.239235384999999912e-01,2.552399441833677184e-03
2.239328302999999964e-01,2.552274852082271270e-03
2.239607033999999885e-01,2.551901234485997542e-03
2.240071507999999989e-01,2.551278843898334599e-03
2.240628751000000030e-01,2.550532812956299387e-03
2.241093013000000078e-01,2.549910632073588198e-03
2.241464354000000103e-01,2.549413194578108340e-03
2.241557180000000038e-01,2.549289545051580414e-03
2.241835634000000077e-01,2.548916646757064600e-03
2.242578007999999901e-01,2.547922050526160286e-03
2.243691109000000017e-01,2.546431244814958712e-03
2.243969298000000057e-01,2.546059069500631634e-03
2.244062019999999991e-01,2.545935449993195088e-03
2.244340163000000110e-01,2.545562761638405034e-03
2.244432869000000108e-01,2.545438596172642197e-03
2.244525572000000135e-01,2.545314743340401729e-03
2.244803657999999980e-01,2.544942494498632270e-03
2.245081708999999981e-01,2.544569916453513336e-03
2.245174384999999995e-01,2.544445577149549286e-03
2.245267056999999955e-01,2.544321828527257648e-03
2.245452390000000076e-01,2.544073750328040145e-03
2.246286198999999928e-01,2.542957385342436549e-03
2.246749292999999925e-01,2.542337413137801296e-03
2.246934503000000138e-01,2.542089421638710038e-03
2.247304878999999977e-01,2.541594198936575431e-03
2.247397462999999873e-01,2.541470138933623387e-03
2.248230551000000021e-01,2.540354663577015261e-03
2.248415639000000132e-01,2.540107618425328957e-03
2.248508177999999913e-01,2.539983897714175130e-03
2.249248349999999896e-01,2.538992604066277799e-03
2.249618344000000048e-01,2.538497679285307059e-03
2.249895799999999946e-01,2.538127076621186657e-03
2.250265689000000013e-01,2.537631612126480841e-03
2.250450609999999907e-01,2.537384299195516620e-03
2.251005282000000107e-01,2.536641816346156975e-03
2.251190143000000032e-01,2.536395174119110939e-03
2.251467404999999977e-01,2.536024288577612331e-03
2.251837034999999987e-01,2.535529436913232931e-03
2.251929433000000036e-01,2.535405513515034005e-03
2.252576112999999935e-01,2.534540863940558907e-03
2.252853204999999970e-01,2.534169937909021026e-03
2.252945560999999874e-01,2.534046930171179532e-03
2.253222606999999988e-01,2.533676099938751182e-03
2.253407286000000120e-01,2.533429073428698254e-03
2.253684274999999959e-01,2.533058828025136662e-03
2.254053541999999910e-01,2.532564853473695098e-03
2.254884169999999965e-01,2.531453773459705053e-03
2.255160978000000094e-01,2.531084325406781667e-03
2.255622248999999968e-01,2.530467086978557822e-03
2.256267871000000036e-01,2.529603821065226285e-03
2.256913308000000062e-01,2.528740902116535794e-03
2.257005498000000110e-01,2.528617507550334591e-03
2.257097684000000104e-01,2.528494814722569411e-03
2.257282046000000097e-01,2.528248407451337294e-03
2.257742883999999950e-01,2.527631667596780176e-03
2.257835039999999960e-01,2.527508661155685246e-03
2.258111486000000112e-01,2.527139216324328537e-03
2.258756396000000111e-01,2.526277319464720686e-03
2.259309029000000080e-01,2.525538154289558909e-03
2.259585295000000049e-01,2.525169724420996565e-03
2.260045663999999954e-01,2.524553833502777775e-03
2.260321838999999888e-01,2.524184635996515932e-03
2.260690022000000077e-01,2.523693314901395354e-03
2.261426206000000105e-01,2.522709535451257267e-03
2.261518211999999917e-01,2.522586449348505726e-03
2.262070170999999907e-01,2.521848835694304267e-03
2.262530033000000051e-01,2.521234320269316077e-03
2.262805905999999978e-01,2.520865793948702527e-03
2.263173683999999963e-01,2.520374325157038586e-03
2.264000965999999893e-01,2.519269289318713714e-03
2.264368549000000119e-01,2.518778682378492850e-03
2.264460436000000076e-01,2.518656110072076647e-03
2.264736073999999988e-01,2.518287568649807493e-03
2.265103538000000083e-01,2.517796342125239260e-03
2.265195395000000056e-01,2.517674121586715649e-03
2.265838287999999978e-01,2.516815526934600058e-03
2.266113757999999867e-01,2.516447750919104456e-03
2.266664597999999975e-01,2.515712494928030226e-03
2.266939967000000111e-01,2.515344243597204994e-03
2.267215303000000015e-01,2.514976487858999223e-03
2.267582365999999960e-01,2.514486982850020359e-03
2.267674121999999903e-01,2.514364534521166313e-03
2.268408040000000070e-01,2.513384192121172287e-03
2.268683197999999956e-01,2.513016527834316480e-03
2.268866618000000002e-01,2.512772116386949913e-03
2.269141719999999973e-01,2.512404819251187055e-03
2.269508470999999916e-01,2.511914898576453770e-03
2.270241795000000062e-01,2.510936405732210920e-03
2.270608369000000071e-01,2.510447193716265103e-03
2.270883260000000070e-01,2.510080403051312848e-03
2.270974883000000111e-01,2.509958225476492579e-03
2.271066502000000098e-01,2.509835798335509002e-03
2.271707733999999979e-01,2.508979845847302513e-03
2.271799324000000064e-01,2.508857870297914218e-03
2.272440349000000026e-01,2.508001919898872507e-03
2.272531909000000128e-01,2.507880176020802192e-03
2.272806568000000083e-01,2.507513506031450092e-03
2.273081193000000000e-01,2.507147303940257879e-03
2.273538827999999901e-01,2.506537092546850913e-03
2.273813365000000031e-01,2.506170757188553016e-03
2.274270852999999981e-01,2.505560032893010790e-03
2.274636777000000054e-01,2.505071595055340713e-03
2.274728249000000091e-01,2.504949691877843016e-03
2.274911181000000004e-01,2.504705590817593499e-03
2.275002641999999964e-01,2.504583462221236876e-03
2.275459891000000123e-01,2.503974369369303329e-03
2.276008468000000062e-01,2.503242500680815524e-03
2.276739698999999950e-01,2.502266663288681310e-03
2.276831085999999893e-01,2.502145441869188264e-03
2.276922469999999865e-01,2.502023278211145448e-03
2.277196599000000099e-01,2.501657949814945457e-03
2.277562052000000059e-01,2.501170453757887210e-03
2.277927448000000021e-01,2.500682970232875543e-03
2.278292784000000015e-01,2.500196172505108391e-03
2.279114577999999947e-01,2.499099856452724564e-03
2.279297157999999879e-01,2.498856439499306560e-03
2.279844812000000054e-01,2.498126762928303251e-03
2.280118590000000112e-01,2.497761504946106881e-03
2.280483574999999929e-01,2.497275319150591994e-03
2.280757276000000000e-01,2.496910378395790584e-03
2.281213370999999879e-01,2.496302420835521969e-03
2.281304578999999999e-01,2.496180844036222177e-03
2.282034112999999920e-01,2.495208212724706835e-03
2.282307627999999866e-01,2.494844534883192393e-03
2.282581110000000135e-01,2.494479562274578427e-03
2.283674710999999968e-01,2.493022274754810169e-03
2.284221314999999863e-01,2.492294312807257894e-03
2.284494568000000059e-01,2.491930418195594313e-03
2.284767789000000104e-01,2.491566539029606720e-03
2.284858855000000133e-01,2.491444721703455021e-03
2.284949917000000108e-01,2.491323679242887345e-03
2.285132031000000064e-01,2.491081290796773838e-03
2.285587253999999957e-01,2.490474871994877246e-03
2.285678287000000031e-01,2.490352729017298716e-03
2.285951365999999985e-01,2.489989385907095953e-03
2.286224411999999984e-01,2.489625755528615449e-03
2.286588422999999981e-01,2.489141069498039538e-03
2.287043354999999945e-01,2.488535387795954255e-03
2.287771058999999996e-01,2.487566186175986169e-03
2.288043888000000081e-01,2.487202428004934868e-03
2.288407608999999954e-01,2.486718459486340210e-03
2.288862180000000024e-01,2.486112476331979893e-03
2.289225770999999965e-01,2.485629176064893617e-03
2.289952781000000048e-01,2.484660664883300840e-03
2.290043640999999963e-01,2.484539736284146517e-03
2.290316199000000108e-01,2.484177116541096825e-03
2.290588725000000103e-01,2.483814628887261698e-03
2.290770390999999906e-01,2.483572370584633589e-03
2.291042862999999874e-01,2.483209589037112166e-03
2.291496909999999887e-01,2.482604953077495197e-03
2.292132426000000056e-01,2.481759514875118717e-03
2.292495498999999881e-01,2.481276252354129921e-03
2.292949259000000017e-01,2.480672290400595236e-03
2.293221471999999928e-01,2.480309707552699576e-03
2.293584371999999871e-01,2.479826706186524267e-03
2.293856509999999960e-01,2.479465049852028462e-03
2.293947215000000095e-01,2.479344302342282366e-03
2.294672728999999911e-01,2.478378568678763199e-03
2.295126057999999913e-01,2.477775654467730213e-03
2.295760568999999918e-01,2.476931834574594687e-03
2.296576112000000003e-01,2.475847078082439590e-03
2.296757304000000000e-01,2.475606231695959281e-03
2.297119646000000126e-01,2.475123881763313053e-03
2.297210222000000135e-01,2.475003081429532313e-03
2.297300794999999896e-01,2.474883041252339856e-03
2.297844156999999943e-01,2.474160718389048757e-03
2.297934705000000133e-01,2.474039643815444459e-03
2.298658959999999862e-01,2.473076599801924541e-03
2.299021001999999869e-01,2.472595175489621707e-03
2.299292495999999963e-01,2.472234304981632200e-03
2.299473475000000100e-01,2.471993865626978537e-03
2.299654439000000106e-01,2.471753135063664390e-03
2.300106785999999903e-01,2.471152221094592618e-03
2.300468599999999919e-01,2.470670606382372163e-03
2.300830356999999937e-01,2.470190226665974764e-03
2.300920787999999884e-01,2.470069898670131884e-03
2.301101637999999894e-01,2.469828868828933145e-03
2.301192058000000040e-01,2.469708998354512054e-03
2.302547927999999966e-01,2.467906981473194563e-03
2.302999706999999951e-01,2.467306368616809659e-03
2.303090051999999999e-01,2.467186113624279808e-03
2.303632049000000070e-01,2.466466146774464168e-03
2.303722368999999992e-01,2.466346012702210714e-03
2.304083616000000001e-01,2.465866194157697883e-03
2.304535094000000062e-01,2.465266573287526637e-03
2.305167015000000041e-01,2.464427076491497535e-03
2.305257274999999995e-01,2.464306784373425895e-03
2.305528034999999865e-01,2.463947139442172404e-03
2.305798762000000057e-01,2.463587661688995418e-03
2.305979230000000102e-01,2.463348107459950413e-03
2.306249904999999878e-01,2.462988310879898370e-03
2.306610755000000068e-01,2.462508785942049694e-03
2.306971549000000066e-01,2.462029565703095606e-03
2.307422462000000007e-01,2.461431106516780674e-03
2.307963440999999949e-01,2.460712293608252610e-03
2.308143739999999888e-01,2.460472450763644299e-03
2.308414161000000020e-01,2.460113725641765742e-03
2.308684550000000002e-01,2.459754123128237401e-03
2.308774673000000000e-01,2.459634739287200507e-03
2.309405432999999952e-01,2.458797089645946895e-03
2.309585618999999979e-01,2.458558143162073786e-03
2.309765790999999957e-01,2.458318814683867811e-03
2.309855871000000005e-01,2.458198909384724188e-03
2.310306220999999993e-01,2.457601217172328961e-03
2.310576389000000008e-01,2.457243021025716338e-03
2.310846525999999956e-01,2.456883693399215633e-03
2.310936564000000137e-01,2.456765036335849771e-03
2.311206658000000136e-01,2.456406147039857241e-03
2.311656745000000013e-01,2.455808624533708899e-03
2.311746752000000127e-01,2.455689391998958516e-03
2.312466680999999968e-01,2.454733763957149886e-03
2.312736595999999867e-01,2.454375204514458279e-03
2.313456217000000037e-01,2.453420060049598100e-03
2.314085700999999884e-01,2.452585552380543397e-03
2.314175613999999992e-01,2.452465938551535996e-03
2.314445330000000078e-01,2.452107566284790572e-03
2.314625123000000062e-01,2.451869289403570303e-03
2.315523879999999979e-01,2.450677350414508238e-03
2.315973128000000103e-01,2.450081291854603639e-03
2.316062966999999917e-01,2.449962056069091617e-03
2.316332463000000119e-01,2.449604591961535537e-03
2.316691743000000026e-01,2.449128252554055429e-03
2.316781554000000021e-01,2.449008385436822997e-03
2.317320348999999946e-01,2.448294102315777543e-03
2.317410135999999898e-01,2.448175143443436300e-03
2.318128305000000111e-01,2.447222900479584760e-03
2.318397561999999967e-01,2.446865489502536919e-03
2.318487307000000053e-01,2.446746714300829934e-03
2.319474273999999892e-01,2.445437588984857805e-03
2.319833067000000026e-01,2.444962138376529162e-03
2.320281480999999979e-01,2.444367600626792033e-03
2.320371153000000131e-01,2.444249403439149610e-03
2.320640149000000041e-01,2.443892633711349481e-03
2.320909113999999884e-01,2.443536213882464316e-03
2.321088406000000048e-01,2.443298494621139617e-03
2.321715820999999957e-01,2.442466204254008580e-03
2.322343067000000039e-01,2.441635402867099649e-03
2.322432658999999955e-01,2.441516299090827971e-03
2.322522248999999983e-01,2.441397386519534793e-03
2.322790995000000025e-01,2.441041633943102137e-03
2.323059711000000083e-01,2.440685316884812391e-03
2.323238837999999917e-01,2.440448335015782053e-03
2.323507502000000113e-01,2.440091738490158049e-03
2.324581846999999868e-01,2.438668697604545917e-03
2.325387281000000084e-01,2.437601788798604303e-03
2.325566228000000013e-01,2.437365174939440035e-03
2.325655695999999939e-01,2.437246568802035537e-03
2.325924081000000088e-01,2.436890766578047717e-03
2.326013536000000048e-01,2.436771740816955426e-03
2.326371319999999965e-01,2.436298295423017148e-03
2.326729050000000132e-01,2.435824227468031886e-03
2.326818474000000025e-01,2.435705945563682289e-03
2.326997311000000013e-01,2.435469694681085661e-03
2.327801908000000086e-01,2.434403717754812096e-03
2.328159418000000092e-01,2.433930355464936513e-03
2.328427513999999920e-01,2.433575658089224929e-03
2.328784928000000032e-01,2.433102551166888960e-03
2.328874271999999968e-01,2.432983914098355276e-03
2.329231616999999921e-01,2.432510854782904321e-03
2.329678222000000076e-01,2.431919035627674690e-03
2.329946143000000136e-01,2.431564768396802991e-03
2.330303324000000120e-01,2.431092013753831989e-03
2.330392609999999975e-01,2.430973764607066365e-03
2.331106779999999878e-01,2.430028862189586528e-03
2.331285288000000122e-01,2.429792280991626731e-03
2.331374536999999969e-01,2.429674018859713427e-03
2.332445258999999993e-01,2.428257052910439123e-03
2.332802056000000124e-01,2.427785430163311234e-03
2.333515489000000109e-01,2.426840885246433870e-03
2.333782970000000123e-01,2.426486731629113464e-03
2.334228703000000016e-01,2.425897817160463203e-03
2.334496101999999906e-01,2.425544139353757230e-03
2.335298114999999897e-01,2.424482714448146850e-03
2.335387211000000129e-01,2.424365107173399002e-03
2.335565391999999962e-01,2.424129257103027797e-03
2.335654477999999923e-01,2.424011339722827348e-03
2.336367038999999923e-01,2.423069174571719411e-03
2.336634193000000081e-01,2.422715863956106941e-03
2.336723237999999980e-01,2.422597647076743174e-03
2.336812279000000103e-01,2.422479763816081082e-03
2.336990351000000077e-01,2.422244623371071822e-03
2.337524487000000040e-01,2.421538380919742352e-03
2.338058500999999900e-01,2.420832177874017530e-03
2.338236478000000063e-01,2.420596704118814155e-03
2.338414441999999982e-01,2.420361782315177696e-03
2.338503419000000083e-01,2.420243935416952971e-03
2.339659810999999978e-01,2.418715021182223177e-03
2.340371152000000066e-01,2.417775524223429902e-03
2.340637848999999882e-01,2.417422885279425955e-03
2.340993398000000003e-01,2.416953242362396108e-03
2.341260025000000133e-01,2.416600322490995798e-03
2.341704334999999970e-01,2.416013561718080745e-03
2.342059722000000010e-01,2.415543410938203201e-03
2.342415055000000024e-01,2.415074207584162226e-03
2.342770335000000093e-01,2.414605113697813974e-03
2.343036759000000080e-01,2.414252964478212984e-03
2.343214358000000053e-01,2.414017850959506925e-03
2.344102153000000022e-01,2.412845251192963832e-03
2.344634667999999922e-01,2.412142271829586116e-03
2.344900880999999937e-01,2.411790488438677552e-03
2.345255783000000094e-01,2.411321738550896345e-03
2.345521925000000063e-01,2.410970272107407480e-03
2.345610633000000111e-01,2.410853530018445927e-03
2.345965428000000019e-01,2.410384565402419986e-03
2.346054117999999966e-01,2.410267699558672067e-03
2.346320169999999983e-01,2.409916722985847200e-03
2.346763521999999935e-01,2.409331052468887107e-03
2.347384073000000071e-01,2.408512006657430489e-03
2.348093075000000085e-01,2.407575307693682939e-03
2.348181685000000074e-01,2.407458517204843530e-03
2.348358895000000057e-01,2.407225050732112338e-03
2.348447495000000051e-01,2.407107705844713751e-03
2.348713275000000045e-01,2.406757039393736790e-03
2.349156175000000069e-01,2.406172505615734435e-03
2.349421875000000104e-01,2.405821672228857910e-03
2.350218795000000027e-01,2.404769832647747803e-03
2.350307325000000058e-01,2.404653530142534558e-03
2.351015444000000010e-01,2.403718646838505935e-03
2.351192441000000133e-01,2.403484692533773386e-03
2.351280933999999878e-01,2.403368327748396909e-03
2.351634874000000097e-01,2.402901380243332302e-03
2.352342594000000064e-01,2.401967238999295259e-03
2.352431044000000138e-01,2.401851215295520547e-03
2.353138523999999954e-01,2.400918262085566940e-03
2.353403775000000031e-01,2.400567461076884724e-03
2.353668995000000042e-01,2.400217787561203815e-03
2.353757394999999863e-01,2.400101394576488207e-03
2.354022575999999978e-01,2.399751693672525985e-03
2.354376103999999970e-01,2.399285675536773788e-03
2.354552846999999893e-01,2.399052061523704142e-03
2.354817938000000055e-01,2.398702843799074835e-03
2.355083000000000037e-01,2.398353664289023732e-03
2.355171346999999915e-01,2.398236829841436657e-03
2.355878003999999915e-01,2.397304946283746081e-03
2.356584449999999942e-01,2.396373835516029012e-03
2.356672740000000099e-01,2.396257862555323769e-03
2.357202415999999912e-01,2.395559152103953794e-03
2.357643721000000081e-01,2.394977877791619296e-03
2.358261409000000086e-01,2.394163047986256395e-03
2.358702515999999971e-01,2.393582041574110041e-03
2.359496301000000018e-01,2.392535709378148558e-03
2.359760837000000055e-01,2.392187103382652311e-03
2.360113504999999945e-01,2.391722936072441987e-03
2.360906815000000103e-01,2.390678031568557477e-03
2.361083069999999895e-01,2.390445726288208551e-03
2.361171193000000113e-01,2.390328924568789742e-03
2.361523650000000030e-01,2.389864818002985451e-03
2.361611755999999951e-01,2.389749136494825899e-03
2.362316486999999909e-01,2.388820706918936849e-03
2.362932953999999919e-01,2.388008803299306038e-03
2.363021006999999896e-01,2.387892807420365776e-03
2.363285148000000002e-01,2.387545555126528978e-03
2.363725318000000075e-01,2.386965418277897568e-03
2.363901362999999978e-01,2.386733740794221795e-03
2.363989380000000029e-01,2.386617483748083857e-03
2.364693401999999889e-01,2.385691234845160793e-03
2.365045335000000026e-01,2.385227191408918410e-03
2.365309250000000030e-01,2.384880361256681933e-03
2.365397214999999942e-01,2.384764445491998480e-03
2.365661089999999966e-01,2.384416590132555983e-03
2.365836990999999889e-01,2.384185320819757516e-03
2.366364615000000060e-01,2.383490773747117854e-03
2.366452541000000076e-01,2.383375699550941990e-03
2.366716299000000134e-01,2.383028114374734652e-03
2.367155830000000072e-01,2.382449640282124220e-03
2.367243726999999909e-01,2.382333457809111300e-03
2.367507396000000097e-01,2.381987094546426150e-03
2.367771036999999912e-01,2.381640521330536438e-03
2.367946780999999890e-01,2.381408769412523500e-03
2.368210373000000091e-01,2.381062125487284822e-03
2.368473935000000030e-01,2.380715095237766286e-03
2.368561781999999893e-01,2.380599756189377778e-03
2.369527889999999970e-01,2.379329042451240345e-03
2.370054692999999935e-01,2.378635491446813837e-03
2.370669146999999921e-01,2.377827369282935286e-03
2.371371186000000020e-01,2.376904111209409733e-03
2.371458925999999912e-01,2.376788712655845699e-03
2.371985299000000103e-01,2.376096464456332619e-03
2.372160731000000078e-01,2.375865534092444324e-03
2.372423854000000054e-01,2.375519872952591271e-03
2.373476056000000112e-01,2.374136944133946586e-03
2.373739032999999943e-01,2.373790627206255437e-03
2.374089624999999870e-01,2.373330018272580381e-03
2.374264900999999983e-01,2.373099356387971693e-03
2.374527791000000110e-01,2.372753947320593512e-03
2.374878266000000071e-01,2.372293585640836752e-03
2.375141088000000122e-01,2.371948348230187766e-03
2.375666644999999966e-01,2.371257259873990261e-03
2.375929380000000035e-01,2.370911796415983794e-03
2.376192085999999926e-01,2.370566940101599164e-03
2.376542315999999877e-01,2.370106507587556484e-03
2.376629865000000064e-01,2.369991165664419360e-03
2.376892493999999967e-01,2.369645964487272251e-03
2.376980029999999910e-01,2.369531872928104608e-03
2.377767712999999949e-01,2.368496978207412958e-03
2.378730081000000052e-01,2.367232041961280734e-03
2.378992477999999910e-01,2.366887872882950192e-03
2.379866925000000133e-01,2.365739304901085666e-03
2.380129196000000114e-01,2.365394491685541070e-03
2.380478846000000093e-01,2.364935690179165422e-03
2.380828445000000015e-01,2.364477040833879926e-03
2.381177992000000077e-01,2.364017936122540971e-03
2.381265371000000075e-01,2.363903052908237785e-03
2.381876933000000029e-01,2.363100503413020394e-03
2.381964286000000097e-01,2.362985354075068049e-03
2.382226326999999921e-01,2.362641359224747131e-03
2.382924959999999925e-01,2.361724492456974880e-03
2.383186895000000138e-01,2.361380395064434021e-03
2.383274200000000120e-01,2.361265857673527230e-03
2.383536096999999965e-01,2.360922980122213966e-03
2.383623388999999981e-01,2.360807622162275615e-03
2.384059802999999866e-01,2.360235225831792526e-03
2.384757899000000125e-01,2.359319614331887791e-03
2.385019633000000083e-01,2.358976080416402745e-03
2.385281337000000057e-01,2.358632778670082669e-03
2.385368566000000135e-01,2.358517543420521768e-03
2.386066279000000068e-01,2.357603142068630947e-03
2.386153478999999966e-01,2.357488059744807657e-03
2.386763789000000135e-01,2.356687930297851011e-03
2.386850963000000103e-01,2.356573495112514183e-03
2.387112466999999905e-01,2.356230937207085332e-03
2.387461093999999895e-01,2.355772727786007575e-03
2.387548243000000014e-01,2.355659408286211662e-03
2.387722530999999981e-01,2.355430320420936682e-03
2.388158196000000066e-01,2.354859076687496142e-03
2.388506670999999970e-01,2.354402433473360302e-03
2.388767992999999978e-01,2.354059845706083648e-03
2.388942192000000075e-01,2.353831507486564296e-03
2.389551789999999898e-01,2.353031491902813840e-03
2.389900061000000131e-01,2.352575317791718267e-03
2.390248282000000113e-01,2.352118598505338002e-03
2.390335329000000120e-01,2.352004764082855567e-03
2.390509413999999944e-01,2.351776264787103134e-03
2.390857546000000056e-01,2.351319862953155700e-03
2.391031593000000066e-01,2.351092487526472690e-03
2.391640657000000114e-01,2.350293866929775623e-03
2.392336540999999983e-01,2.349382052286656461e-03
2.392423512999999891e-01,2.349268229864661436e-03
2.392684407000000013e-01,2.348925558777715476e-03
2.393379988000000069e-01,2.348014543412847537e-03
2.393640777999999913e-01,2.347672763149134898e-03
2.393727702000000013e-01,2.347559305265651229e-03
2.393814622999999864e-01,2.347445337307800268e-03
2.394509874999999899e-01,2.346534010812157105e-03
2.394683656999999910e-01,2.346306931735505849e-03
2.394770542999999918e-01,2.346193155268593445e-03
2.395204924999999874e-01,2.345623692376502725e-03
2.395465516999999989e-01,2.345283332130495939e-03
2.395812928999999925e-01,2.344827771649907883e-03
2.396073454000000047e-01,2.344486217196752997e-03
2.396507600999999987e-01,2.343918256560685413e-03
2.397288867000000046e-01,2.342895287713149099e-03
2.397896341999999903e-01,2.342100234415145886e-03
2.398850634999999953e-01,2.340850392261565466e-03
2.398937369999999958e-01,2.340737007843636617e-03
2.399284278999999909e-01,2.340283338525387703e-03
2.399370997999999977e-01,2.340169684723575599e-03
2.399631137000000081e-01,2.339829469671307789e-03
2.399891248999999893e-01,2.339488878636970283e-03
2.399977946000000084e-01,2.339375356577281032e-03
2.400064640000000027e-01,2.339262205688062875e-03
2.400238020000000083e-01,2.339034912907481199e-03
2.400758081999999904e-01,2.338354655790439267e-03
2.401278031999999896e-01,2.337674848744715223e-03
2.401451323999999887e-01,2.337447893324471997e-03
2.401971123999999957e-01,2.336767803891825080e-03
2.402750613000000091e-01,2.335748112354900895e-03
2.403010385999999887e-01,2.335407907654876453e-03
2.403096970999999971e-01,2.335294713170212900e-03
2.403789537999999892e-01,2.334389518392595425e-03
2.404741491999999869e-01,2.333144921165183731e-03
2.404828015000000097e-01,2.333031556867424736e-03
2.404914533999999993e-01,2.332918032770344395e-03
2.405174073999999940e-01,2.332579412544479470e-03
2.405606577999999940e-01,2.332013435616245300e-03
2.406211953000000070e-01,2.331222474343766071e-03
2.406298423000000075e-01,2.331109745528284118e-03
2.406903622999999881e-01,2.330318377966038301e-03
2.406990068000000038e-01,2.330205014603544626e-03
2.407162948999999885e-01,2.329979873309249386e-03
2.407249384000000048e-01,2.329866497554323578e-03
2.407508671999999961e-01,2.329528060598394772e-03
2.407940756999999987e-01,2.328963425896890971e-03
2.408545545000000121e-01,2.328172747800511498e-03
2.408631931000000115e-01,2.328059642109045566e-03
2.408977444000000023e-01,2.327608355211834880e-03
2.409322906999999958e-01,2.327157055963945554e-03
2.409581972000000016e-01,2.326818437807656043e-03
2.409754665999999934e-01,2.326593357130825844e-03
2.410013685000000072e-01,2.326254575611950721e-03
2.410272675000000031e-01,2.325916481361742054e-03
2.410963181000000122e-01,2.325014509512819769e-03
2.411049480000000134e-01,2.324901443135099239e-03
2.411394645999999919e-01,2.324451223564358814e-03
2.411739763000000092e-01,2.324000014188131683e-03
2.411826035000000090e-01,2.323887757006087764e-03
2.412429849000000126e-01,2.323099292365997642e-03
2.412688580000000027e-01,2.322761872700040715e-03
2.413205958999999901e-01,2.322086296859289870e-03
2.413464606999999873e-01,2.321748452627512074e-03
2.413895624999999878e-01,2.321185919869182043e-03
2.414068011000000125e-01,2.320960559384819665e-03
2.414154199000000112e-01,2.320848331453570675e-03
2.414498921999999881e-01,2.320398704606471685e-03
2.414843594999999954e-01,2.319948995421460165e-03
2.415446655000000054e-01,2.319161484249091919e-03
2.415791193000000059e-01,2.318712495742691806e-03
2.415963442999999877e-01,2.318486903895026780e-03
2.416221795999999866e-01,2.318149677653883346e-03
2.416480121000000036e-01,2.317813484696209549e-03
2.416566223000000124e-01,2.317700402978671494e-03
2.416824512000000091e-01,2.317363856994023724e-03
2.417599210999999970e-01,2.316353256408211232e-03
2.418029492000000058e-01,2.315792053447816162e-03
2.418631757999999965e-01,2.315006044533241339e-03
2.419319876999999896e-01,2.314109179618368747e-03
2.419405877999999954e-01,2.313996961650373069e-03
2.419577871999999963e-01,2.313773243178490237e-03
2.420695529000000124e-01,2.312315933717644118e-03
2.421039319999999939e-01,2.311867569747222493e-03
2.421383061999999864e-01,2.311419317841521652e-03
2.421468989999999988e-01,2.311307208972169288e-03
2.421726755999999980e-01,2.310971417173500377e-03
2.421984493000000072e-01,2.310635112879266817e-03
2.423358633000000095e-01,2.308844210546689892e-03
2.423530345000000086e-01,2.308620474972385150e-03
2.423702045999999999e-01,2.308396858250958035e-03
2.424045410000000011e-01,2.307949895842822778e-03
2.424474547999999896e-01,2.307390738781840266e-03
2.424903609000000071e-01,2.306831874934442243e-03
2.425075211999999925e-01,2.306608736677570430e-03
2.425589948999999912e-01,2.305938115898960999e-03
2.426104575999999957e-01,2.305267516745316408e-03
2.426533348999999895e-01,2.304709801111966532e-03
2.426790577000000060e-01,2.304374414583714673e-03
2.426876313000000118e-01,2.304262627637244324e-03
2.427219227999999895e-01,2.303815880702241459e-03
2.427562094999999864e-01,2.303369877432636086e-03
2.427647804999999992e-01,2.303258254263774400e-03
2.427819213999999892e-01,2.303035002676400919e-03
2.427904914000000025e-01,2.302923547535492763e-03
2.428333369000000019e-01,2.302365706083291889e-03
2.428590405999999924e-01,2.302031537222479132e-03
2.428933078999999939e-01,2.301585627001459522e-03
2.429190052000000100e-01,2.301250745670641463e-03
2.429532641000000104e-01,2.300804256302628904e-03
2.429618280999999991e-01,2.300693436431262145e-03
2.429703917000000102e-01,2.300582236083353622e-03
2.430645720999999870e-01,2.299356786335872514e-03
2.431672726999999923e-01,2.298019719797280043e-03
2.431758290999999905e-01,2.297908771531867889e-03
2.432014966000000111e-01,2.297575151453138710e-03
2.432271614000000026e-01,2.297241002817856405e-03
2.432442696999999876e-01,2.297018843935278061e-03
2.432699298999999871e-01,2.296684899237673699e-03
2.433041394000000079e-01,2.296239845751030240e-03
2.433297933000000135e-01,2.295905725667236365e-03
2.434323820000000027e-01,2.294571967087562833e-03
2.434494759999999980e-01,2.294350293885315945e-03
2.435007505000000017e-01,2.293683205001791504e-03
2.435092952000000033e-01,2.293572296099802895e-03
2.435776420999999914e-01,2.292683346077026198e-03
2.435861840999999917e-01,2.292572370708120116e-03
2.436118083000000101e-01,2.292239591817932503e-03
2.436459698000000007e-01,2.291795539867240872e-03
2.437228154999999952e-01,2.290796346442695169e-03
2.437825677000000080e-01,2.290019707229922104e-03
2.437911024999999954e-01,2.289909546432897756e-03
2.438167052000000112e-01,2.289576615976018220e-03
2.438593703999999973e-01,2.289022211623104822e-03
2.438764344000000084e-01,2.288800826755344429e-03
2.438849659000000003e-01,2.288689288492484677e-03
2.439190891000000139e-01,2.288246422973526720e-03
2.439873211999999958e-01,2.287360194618389547e-03
2.440129033000000003e-01,2.287028012093065676e-03
2.440214300000000114e-01,2.286916972537177042e-03
2.440470086000000038e-01,2.286584523947172466e-03
2.440640594000000052e-01,2.286363843428520191e-03
2.441237280999999926e-01,2.285588177817817618e-03
2.441492959000000074e-01,2.285257108616961085e-03
2.442004234000000051e-01,2.284592952960805539e-03
2.442941295999999929e-01,2.283375838381533282e-03
2.443367113999999896e-01,2.282823634763538403e-03
2.444048268000000024e-01,2.281939089194058579e-03
2.444218526999999974e-01,2.281718544209842842e-03
2.444303651999999993e-01,2.281608586526406510e-03
2.444984545999999981e-01,2.280724517833911634e-03
2.445239831999999891e-01,2.280393182500508546e-03
2.445324922000000067e-01,2.280283006776130574e-03
2.445580172000000052e-01,2.279951527000740035e-03
2.445665250000000068e-01,2.279841022149459683e-03
2.446345763999999978e-01,2.278958566544662511e-03
2.446770990000000090e-01,2.278407371307211628e-03
2.447026089999999876e-01,2.278075790886488743e-03
2.447366182000000057e-01,2.277634697176721904e-03
2.447961227999999878e-01,2.276863086696126904e-03
2.448046222999999966e-01,2.276753516618365558e-03
2.448301190000000127e-01,2.276422600675499525e-03
2.448641105000000096e-01,2.275981987476379149e-03
2.448726075999999863e-01,2.275871946581779597e-03
2.449320792999999941e-01,2.275100475333021594e-03
2.449405739999999942e-01,2.274990575812304260e-03
2.449490685000000056e-01,2.274880416076488325e-03
2.450085216000000010e-01,2.274109252815282017e-03
2.450170137000000081e-01,2.273998944044799964e-03
2.451019187000000044e-01,2.272899330305311414e-03
2.451104075999999965e-01,2.272788791422799236e-03
2.451358724999999905e-01,2.272458923140486999e-03
2.452122512999999893e-01,2.271469545465994340e-03
2.452207362999999918e-01,2.271359093717369507e-03
2.452377055999999944e-01,2.271138681910407284e-03
2.452461897999999862e-01,2.271029328917191590e-03
2.452886062999999894e-01,2.270479209283854730e-03
2.453140527000000071e-01,2.270149598751639800e-03
2.453394963999999956e-01,2.269820983761043198e-03
2.453734173000000074e-01,2.269380541340837703e-03
2.454158117999999944e-01,2.268832036691975553e-03
2.454242898000000006e-01,2.268721966669342682e-03
2.454751518000000132e-01,2.268063558080384706e-03
2.454836277999999927e-01,2.267954153943098263e-03
2.454921035000000029e-01,2.267843571694308502e-03
2.455175287999999956e-01,2.267514744150417490e-03
2.455514250999999981e-01,2.267075324041215208e-03
2.456446157999999935e-01,2.265869132654846092e-03
2.456530859000000122e-01,2.265759208176411008e-03
2.456784945000000109e-01,2.265430118531600902e-03
2.456954322000000079e-01,2.265211036271866634e-03
2.457885682000000016e-01,2.264005894913074992e-03
2.458224271999999988e-01,2.263567903249777240e-03
2.458308912000000124e-01,2.263457981953499384e-03
2.458985927000000016e-01,2.262582078649315320e-03
2.459239759000000081e-01,2.262253575072522248e-03
2.459578162000000123e-01,2.261815375164187396e-03
2.460170254999999861e-01,2.261050146335386209e-03
2.460254828000000005e-01,2.260940135157183967e-03
2.460508530000000138e-01,2.260611551784722992e-03
2.460593091000000121e-01,2.260503035678391309e-03
2.461269477999999955e-01,2.259627442549096924e-03
2.461607601999999950e-01,2.259190929211174047e-03
2.461692125000000120e-01,2.259080787723859347e-03
2.462283710000000014e-01,2.258316433953857887e-03
2.463044108999999926e-01,2.257332582117512528e-03
2.463213055000000040e-01,2.257114414499523849e-03
2.463635369000000130e-01,2.256568452057492163e-03
2.463973167999999880e-01,2.256132222306282860e-03
2.464310920999999988e-01,2.255694906180511633e-03
2.464395352000000039e-01,2.255586395895499505e-03
2.464564204999999952e-01,2.255368278840609239e-03
2.464901877000000019e-01,2.254931574196322817e-03
2.465070695000000089e-01,2.254713792980460145e-03
2.465914613999999894e-01,2.253622698783779368e-03
2.466420826999999871e-01,2.252968835598400527e-03
2.466673893999999922e-01,2.252641279734842600e-03
2.466926936000000126e-01,2.252314522016410185e-03
2.467011276999999947e-01,2.252205869558320493e-03
2.467348614000000051e-01,2.251769841987654331e-03
2.467685904999999957e-01,2.251333972611044114e-03
2.468360347999999926e-01,2.250463958096067616e-03
2.468444640000000134e-01,2.250355096674670763e-03
2.468697499999999989e-01,2.250027999895231213e-03
2.469118875999999907e-01,2.249483979457722865e-03
2.469371666999999881e-01,2.249157790057890530e-03
2.469624431999999925e-01,2.248831555588440886e-03
2.469708680999999906e-01,2.248722848101749727e-03
2.469961411000000107e-01,2.248395869202026148e-03
2.470045649000000010e-01,2.248286730199940391e-03
2.470466795000000049e-01,2.247744104155463205e-03
2.470719447999999985e-01,2.247417580763349555e-03
2.471393063000000001e-01,2.246548263059552561e-03
2.471729802000000031e-01,2.246113185035801454e-03
2.472403140999999971e-01,2.245244547551741333e-03
2.472487295999999946e-01,2.245135912621300245e-03
2.472655596999999983e-01,2.244918169367712824e-03
2.473160429000000049e-01,2.244267067126111403e-03
2.473412806999999991e-01,2.243941406838703082e-03
2.473749271000000027e-01,2.243507525845169111e-03
2.474001589000000001e-01,2.243182427188204764e-03
2.474422061000000062e-01,2.242639990397542020e-03
2.474758387999999865e-01,2.242205687564828142e-03
2.475178731000000076e-01,2.241664040752756187e-03
2.475346848999999960e-01,2.241447445662567758e-03
2.476103236999999957e-01,2.240471114289541762e-03
2.476439334999999964e-01,2.240038653537691164e-03
2.476523351999999900e-01,2.239929487604831390e-03
2.476775387000000050e-01,2.239605524457522097e-03
2.477195389000000081e-01,2.239063487586270308e-03
2.477699295999999940e-01,2.238414190518562934e-03
2.477783271000000009e-01,2.238305744258774297e-03
2.478371014000000094e-01,2.237548088332536392e-03
2.478454965999999926e-01,2.237440046942830094e-03
2.478538915000000065e-01,2.237332349742133988e-03
2.478790744999999907e-01,2.237007205932447368e-03
2.479881714000000126e-01,2.235601798242802408e-03
2.480468959999999889e-01,2.234845092999420725e-03
2.480552839999999870e-01,2.234737309498939159e-03
2.480720593999999890e-01,2.234520394384471951e-03
2.481056066000000004e-01,2.234088169484836281e-03
2.481223785999999987e-01,2.233872427841242063e-03
2.481475343000000000e-01,2.233548536958476511e-03
2.481726874999999888e-01,2.233224629996704777e-03
2.481810714000000084e-01,2.233116261179792037e-03
2.482062211999999934e-01,2.232792762300780595e-03
2.482565132000000008e-01,2.232145223027275083e-03
2.482816552999999871e-01,2.231821287037848503e-03
2.483486886999999865e-01,2.230958387990147288e-03
2.483738215000000082e-01,2.230634780997204844e-03
2.483821985999999926e-01,2.230527032397444046e-03
2.484575793000000088e-01,2.229556405364552414e-03
2.484743275000000085e-01,2.229340929184063687e-03
2.484827011000000085e-01,2.229233838005629034e-03
2.485161928999999881e-01,2.228802344121271622e-03
2.485245651999999916e-01,2.228694144734883181e-03
2.485496802000000116e-01,2.228371577508193868e-03
2.485747927999999995e-01,2.228048245030143579e-03
2.487086833999999913e-01,2.226325098462573517e-03
2.487254145999999999e-01,2.226110879983353441e-03
2.487505094000000139e-01,2.225787297860484879e-03
2.488759453000000121e-01,2.224174772854432998e-03
2.488843054000000055e-01,2.224066901002152898e-03
2.489093842000000001e-01,2.223744867502816698e-03
2.489261020000000102e-01,2.223529264899154392e-03
2.489511765000000099e-01,2.223207032367743082e-03
2.489846052999999948e-01,2.222777625751353511e-03
2.490096739000000059e-01,2.222454955770705211e-03
2.490598036999999987e-01,2.221810402346116771e-03
2.490848647999999999e-01,2.221488498013339096e-03
2.491099233000000079e-01,2.221165869027123471e-03
2.491182755999999943e-01,2.221058643573763439e-03
2.491266276000000113e-01,2.220951715670567168e-03
2.491767337999999943e-01,2.220307543581057693e-03
2.491934336000000139e-01,2.220092835209384625e-03
2.492518742000000009e-01,2.219342354135284915e-03
2.492602217999999870e-01,2.219234809552545276e-03
2.492769159999999873e-01,2.219020246973813296e-03
2.492852627000000099e-01,2.218912989119691502e-03
2.493854013000000036e-01,2.217626619986745855e-03
2.494104296000000109e-01,2.217305382812986315e-03
2.494604787999999962e-01,2.216661633900128981e-03
2.494854995999999936e-01,2.216340519764002474e-03
2.495271954000000125e-01,2.215804920191819481e-03
2.495522095999999912e-01,2.215484132633051880e-03
2.495855579000000046e-01,2.215055353440200780e-03
2.496439065999999929e-01,2.214307144524258440e-03
2.496522411000000052e-01,2.214199554361609163e-03
2.496605752000000122e-01,2.214092757393005487e-03
2.497105742999999878e-01,2.213451436570953827e-03
2.497189065000000041e-01,2.213343833399688664e-03
2.497522325000000043e-01,2.212915961967401764e-03
2.497772241000000004e-01,2.212594924697281872e-03
2.497938838000000050e-01,2.212381294318555014e-03
2.498605114000000127e-01,2.211526938444299383e-03
2.498854920999999951e-01,2.211205987990170520e-03
2.499520953000000101e-01,2.210351689739768061e-03
2.499770668999999890e-01,2.210030921419666675e-03
2.499853901999999906e-01,2.209924102951117079e-03
