q,I
2.039995199999999811e-03,5.290570563032010419e-03
2.884988900000000096e-03,5.290531437880433528e-03
4.079990399999999622e-03,5.290453189087837051e-03
4.561568000000000220e-03,5.290414065446800984e-03
5.769977800000000191e-03,5.290296697544622645e-03
6.119985599999999866e-03,5.290257575917517267e-03
6.451031299999999968e-03,5.290218454793871143e-03
7.355307299999999833e-03,5.290101094443599820e-03
8.159980799999999243e-03,5.289983738624179019e-03
8.411115699999999196e-03,5.289944621024510879e-03
8.654966599999999385e-03,5.289905503928223063e-03
9.123135799999999504e-03,5.289827271245814422e-03
1.019997589999999989e-02,5.289631698348530413e-03
1.040197520000000000e-02,5.289592585279088294e-03
1.098571020000000016e-02,5.289475249090549482e-03
1.153995529999999985e-02,5.289357917431575760e-03
1.189511369999999950e-02,5.289279698841953085e-03
1.223997100000000053e-02,5.289201482265334757e-03
1.240880609999999926e-02,5.289162374731836737e-03
1.290206219999999980e-02,5.289045055150625417e-03
1.306234239999999949e-02,5.289005949629901893e-03
1.368470339999999959e-02,5.288849532578980897e-03
1.427996599999999984e-02,5.288693123578504761e-03
1.442494390000000071e-02,5.288654022586111204e-03
1.471061409999999993e-02,5.288575822110687906e-03
1.485138870000000076e-02,5.288536722627719747e-03
1.553614000000000037e-02,5.288341232758465502e-03
1.593287120000000043e-02,5.288223944873340909e-03
1.631996089999999955e-02,5.288106661515589585e-03
1.644696630000000090e-02,5.288067568068817274e-03
1.682223050000000025e-02,5.287950290746662452e-03
1.730993239999999850e-02,5.287793928024786191e-03
1.742972569999999902e-02,5.287754838601817740e-03
1.754870130000000042e-02,5.287715749681475008e-03
1.824627070000000087e-02,5.287481226720820195e-03
1.835995569999999966e-02,5.287442141320921815e-03
1.847294110000000100e-02,5.287403056423630940e-03
1.880782519999999944e-02,5.287285804748535246e-03
1.924527490000000132e-02,5.287129476221084923e-03
1.935309240000000069e-02,5.287090395346373192e-03
2.009162109999999835e-02,5.286816843298732665e-03
2.019492059999999922e-02,5.286777766445435213e-03
2.039995039999999843e-02,5.286699614247531050e-03
2.050169640000000168e-02,5.286660538902798571e-03
2.080394890000000080e-02,5.286543315883575692e-03
2.100303430000000082e-02,5.286465169717016223e-03
2.129817330000000064e-02,5.286347954237524335e-03
2.168544450000000137e-02,5.286191673967041878e-03
2.197141860000000058e-02,5.286074469041722110e-03
2.206591980000000008e-02,5.286035401737997595e-03
2.243994499999999934e-02,5.285879137549910102e-03
2.253248119999999924e-02,5.285840072758949890e-03
2.280783739999999934e-02,5.285722881400746302e-03
2.307990860000000075e-02,5.285605694564362265e-03
2.325952140000000015e-02,5.285527572519614983e-03
2.379022509999999951e-02,5.285293218441827930e-03
2.387752890000000017e-02,5.285254161187542127e-03
2.447993949999999891e-02,5.284980774470965544e-03
2.456479220000000116e-02,5.284941721234360026e-03
2.464935279999999965e-02,5.284902668500510332e-03
2.481760959999999849e-02,5.284824564540270032e-03
2.490131170000000130e-02,5.284785513312394503e-03
2.523334379999999863e-02,5.284629313427632695e-03
2.556106320000000112e-02,5.284473121576880109e-03
2.580412149999999905e-02,5.284355982962619415e-03
2.596489630000000173e-02,5.284277893062709272e-03
2.612468180000000056e-02,5.284199805172280252e-03
2.651993379999999928e-02,5.284004594233821135e-03
2.659827940000000085e-02,5.283965553552089425e-03
2.683194360000000153e-02,5.283848434520125453e-03
2.721692649999999866e-02,5.283653246173235576e-03
2.736940339999999888e-02,5.283575174347818725e-03
2.744532419999999931e-02,5.283536139187861892e-03
2.774693010000000085e-02,5.283380003570656638e-03
2.834051430000000121e-02,5.283067756427057941e-03
2.841384049999999897e-02,5.283028727793247920e-03
2.855992799999999832e-02,5.282950672030869120e-03
2.863269220000000045e-02,5.282911644901951663e-03
2.884988380000000005e-02,5.282794566525563819e-03
2.899377430000000047e-02,5.282716516782947833e-03
2.920828110000000047e-02,5.282599445935520083e-03
2.942122390000000143e-02,5.282482379601619038e-03
2.970277299999999829e-02,5.282326298183417576e-03
3.012016249999999867e-02,5.282092191104076524e-03
3.032670299999999999e-02,5.281975144337263881e-03
3.059992200000000162e-02,5.281819089004479231e-03
3.066784640000000048e-02,5.281780076426796991e-03
3.087072290000000135e-02,5.281663041698385005e-03
3.107227489999999856e-02,5.281546011482863949e-03
3.113916889999999993e-02,5.281507002413711113e-03
3.120591959999999970e-02,5.281467993848706216e-03
3.166923519999999964e-02,5.281194947922444004e-03
3.173487090000000344e-02,5.281155943365165549e-03
3.186573689999999681e-02,5.281077935759608162e-03
3.193096869999999948e-02,5.281038932709915430e-03
3.225514909999999819e-02,5.280843924977635627e-03
3.263991580000000226e-02,5.280609932246179035e-03
3.270360349999999749e-02,5.280570935211902767e-03
3.289392669999999935e-02,5.280453947115717507e-03
3.295712349999999763e-02,5.280414952086414683e-03
3.320870809999999784e-02,5.280258976982634897e-03
3.345840099999999873e-02,5.280103009897680298e-03
3.364445469999999966e-02,5.279986039850472282e-03
3.376792089999999802e-02,5.279908062321707514e-03
3.395227840000000080e-02,5.279791099788444693e-03
3.419654240000000178e-02,5.279635156763334489e-03
3.461985769999999935e-02,5.279362275755291115e-03
3.467990950000000155e-02,5.279323294761117252e-03
3.473985749999999872e-02,5.279284314265524601e-03
3.485944419999999905e-02,5.279206354777961178e-03
3.491908400000000301e-02,5.279167375787258490e-03
3.509739530000000052e-02,5.279050441812311971e-03
3.521576790000000012e-02,5.278972488339961182e-03
3.562697489999999689e-02,5.278699666952993245e-03
3.568533189999999883e-02,5.278660694470975641e-03
3.609118929999999975e-02,5.278387901134116815e-03
3.614879690000000201e-02,5.278348932664511141e-03
3.632107169999999885e-02,5.278232030246653161e-03
3.649253310000000194e-02,5.278115132340835229e-03
3.671990299999999818e-02,5.277959275478551898e-03
3.677652580000000115e-02,5.277920312511697257e-03
3.694587359999999820e-02,5.277803426624367092e-03
3.722640800000000250e-02,5.277608626822355778e-03
3.744932249999999990e-02,5.277452795989243453e-03
3.750484409999999685e-02,5.277413839533830371e-03
3.761564139999999667e-02,5.277335928124553092e-03
3.794609239999999911e-02,5.277102205907272664e-03
3.811024350000000172e-02,5.276985351561179136e-03
3.832801789999999709e-02,5.276829552766169017e-03
3.849054019999999937e-02,5.276712708925213047e-03
3.870617500000000238e-02,5.276556924148469510e-03
3.875989619999999775e-02,5.276517979207033700e-03
3.881354310000000030e-02,5.276479034763555467e-03
3.897404079999999826e-02,5.276362204432289392e-03
3.918701509999999999e-02,5.276206437664079756e-03
3.924007809999999902e-02,5.276167497227644484e-03
3.939883820000000120e-02,5.276050678907974988e-03
3.960952859999999909e-02,5.275894928152983013e-03
4.007953250000000078e-02,5.275544518222746899e-03
4.018323120000000248e-02,5.275466654848933248e-03
4.023498040000000192e-02,5.275427723911860212e-03
4.038983000000000156e-02,5.275310934104675623e-03
4.049273419999999818e-02,5.275233076735414729e-03
4.064660190000000256e-02,5.275116294437482908e-03
4.079988930000000291e-02,5.274999516632956735e-03
4.085085730000000137e-02,5.274960591704074171e-03
4.100338109999999980e-02,5.274843819902600220e-03
4.105409649999999799e-02,5.274804896963903450e-03
4.125633449999999841e-02,5.274649210234329255e-03
4.130673929999999910e-02,5.274610289796120149e-03
4.160788569999999964e-02,5.274376777698612864e-03
4.185718599999999762e-02,5.274182198021349841e-03
4.200605599999999995e-02,5.274065456220934818e-03
4.205556230000000173e-02,5.274026543287877594e-03
4.244953370000000004e-02,5.273715257802881473e-03
4.259633349999999985e-02,5.273598533999718577e-03
4.283988209999999713e-02,5.273404004316759389e-03
4.288842589999999899e-02,5.273365099875755579e-03
4.303372860000000133e-02,5.273248389558971363e-03
4.322670569999999962e-02,5.273092782800629930e-03
4.327481560000000227e-02,5.273053882360219380e-03
4.337087509999999757e-02,5.272976082971917930e-03
4.361009829999999698e-02,5.272781593269310237e-03
4.365778569999999997e-02,5.272742696817243196e-03
4.380053619999999676e-02,5.272626010486844775e-03
4.394282299999999891e-02,5.272509328652001323e-03
4.403742540000000344e-02,5.272431543261305899e-03
4.413182499999999953e-02,5.272353759858325155e-03
4.455414840000000015e-02,5.272003759308412953e-03
4.474056810000000273e-02,5.271848216484895967e-03
4.478705179999999814e-02,5.271809332029277900e-03
4.487987470000000256e-02,5.271731564624568440e-03
4.492621420000000171e-02,5.271692681660875013e-03
4.506494700000000103e-02,5.271576035789045378e-03
4.515719859999999669e-02,5.271498274363364822e-03
4.529522390000000065e-02,5.271381635974139133e-03
4.561565869999999884e-02,5.271109497211985510e-03
4.584316940000000146e-02,5.270915127354485613e-03
4.602436819999999873e-02,5.270759640462160597e-03
4.615980060000000190e-02,5.270643030518685872e-03
4.624986849999999927e-02,5.270565293059381942e-03
4.651902589999999671e-02,5.270332092664341446e-03
4.656373419999999819e-02,5.270293227676082527e-03
4.660839960000000282e-02,5.270254363191093777e-03
4.691986699999999705e-02,5.269982325757741407e-03
4.696419369999999677e-02,5.269943465255838219e-03
4.709692359999999994e-02,5.269826886766563849e-03
4.731731260000000133e-02,5.269632599258575710e-03
4.744905459999999853e-02,5.269516032731478249e-03
4.758043189999999756e-02,5.269399470699539373e-03
4.762414379999999753e-02,5.269360617690880925e-03
4.775503939999999753e-02,5.269244061649872891e-03
4.779859160000000246e-02,5.269205210624516855e-03
4.801576009999999894e-02,5.269010963034893337e-03
4.814559110000000280e-02,5.268894420447151582e-03
4.836120139999999790e-02,5.268700192798615907e-03
4.849010740000000291e-02,5.268583662196654575e-03
4.866145090000000006e-02,5.268428295027422978e-03
4.895985910000000274e-02,5.268156421705808695e-03
4.900234049999999814e-02,5.268117584652105487e-03
4.904478510000000180e-02,5.268078748087935172e-03
4.912956429999999763e-02,5.268001076474045433e-03
4.929868529999999888e-02,5.267845739226384265e-03
4.934087499999999932e-02,5.267806906163931963e-03
4.938302859999999656e-02,5.267768073587441625e-03
4.963519859999999950e-02,5.267535088668916232e-03
4.967710250000000050e-02,5.267496259586210150e-03
4.980260260000000244e-02,5.267379775334598592e-03
5.001106959999999935e-02,5.267185644911438237e-03
5.017721960000000314e-02,5.267030349523767370e-03
5.038413659999999711e-02,5.266836241512602018e-03
5.046666589999999897e-02,5.266758601803949412e-03
5.050787989999999672e-02,5.266719782678135411e-03
5.067240099999999886e-02,5.266564511217509785e-03
5.099985089999999749e-02,5.266253992218806503e-03
5.104063439999999979e-02,5.266215179594122865e-03
5.112210379999999887e-02,5.266137555805875878e-03
5.116278989999999832e-02,5.266098744674651243e-03
5.136573690000000025e-02,5.265904696451505912e-03
5.148712109999999814e-02,5.265788273475254140e-03
5.160821980000000059e-02,5.265671855008131549e-03
5.164852290000000040e-02,5.265633049850577257e-03
5.192976900000000062e-02,5.265361427633639090e-03
5.200984570000000140e-02,5.265283825782143996e-03
5.212973010000000046e-02,5.265167426721764111e-03
5.224933949999999855e-02,5.265051032142573952e-03
5.228914839999999897e-02,5.265012234958062025e-03
5.244808220000000271e-02,5.264857051158125870e-03
5.264607470000000344e-02,5.264663082587626129e-03
5.292201970000000311e-02,5.264391547522850184e-03
5.296132299999999765e-02,5.264352758798957616e-03
5.303984240000000211e-02,5.264275182824189499e-03
5.307905849999999814e-02,5.264236395591877227e-03
5.319653330000000124e-02,5.264120036848076410e-03
5.339175040000000011e-02,5.263926115575724707e-03
5.354741159999999722e-02,5.263770987514042841e-03
5.366386120000000287e-02,5.263654646708831007e-03
5.385738429999999827e-02,5.263460755278839658e-03
5.389600549999999657e-02,5.263421978489135102e-03
5.401170360000000226e-02,5.263305651118906428e-03
5.420398480000000047e-02,5.263111782086635909e-03
5.431902689999999756e-02,5.262995466629066463e-03
5.443382580000000193e-02,5.262879155677547931e-03
5.473877910000000263e-02,5.262569014967129026e-03
5.481475239999999971e-02,5.262491484756389760e-03
5.489062050000000081e-02,5.262413956544731951e-03
5.492851530000000121e-02,5.262375193197729208e-03
5.507983360000000272e-02,5.262220144744366411e-03
5.511759819999999949e-02,5.262181383857654320e-03
5.523073729999999903e-02,5.262065104232933714e-03
5.541878909999999742e-02,5.261871314781126074e-03
5.549383139999999881e-02,5.261793802465285046e-03
5.568099469999999995e-02,5.261600030421235800e-03
5.571835189999999743e-02,5.261561277498307855e-03
5.601631270000000107e-02,5.261251272046245549e-03
5.612764020000000215e-02,5.261135028205488409e-03
5.627573429999999793e-02,5.260980043353946471e-03
5.642343970000000125e-02,5.260825066484703383e-03
5.657075939999999664e-02,5.260670097553306855e-03
5.668099790000000193e-02,5.260553876068566927e-03
5.671769649999999774e-02,5.260515136563520371e-03
5.682764989999999905e-02,5.260398921060826030e-03
5.690083420000000003e-02,5.260321446540033342e-03
5.711982439999999800e-02,5.260089034889235508e-03
5.715624119999999919e-02,5.260050301337788545e-03
5.726535270000000094e-02,5.259934103719116592e-03
5.744674450000000071e-02,5.259740450929251132e-03
5.748295419999999850e-02,5.259701721846344290e-03
5.759144669999999994e-02,5.259585537630926538e-03
5.769973510000000333e-02,5.259469357884785298e-03
5.773578619999999995e-02,5.259430632280875928e-03
5.777181470000000013e-02,5.259391907181375572e-03
5.798751569999999883e-02,5.259159567050183080e-03
5.802338790000000079e-02,5.259120845460996292e-03
5.805923799999999912e-02,5.259082124332360372e-03
5.834524540000000231e-02,5.258772373223987405e-03
5.841652840000000069e-02,5.258694940435188446e-03
5.845213739999999963e-02,5.258656224764188605e-03
5.873623160000000093e-02,5.258346517375737418e-03
5.884241330000000020e-02,5.258230385276962265e-03
5.887776470000000151e-02,5.258191675597479603e-03
5.915981499999999754e-02,5.257882015835900480e-03
5.919497680000000012e-02,5.257843310624983960e-03
5.930033710000000291e-02,5.257727197878816865e-03
5.940551060000000272e-02,5.257611089628432856e-03
5.947552290000000103e-02,5.257533686597116833e-03
5.958038699999999854e-02,5.257417585761628778e-03
5.971991950000000299e-02,5.257262791651843431e-03
5.999801099999999693e-02,5.256953227162547426e-03
6.003268190000000254e-02,5.256914533855674629e-03
6.024028800000000294e-02,5.256682384294213140e-03
6.027481950000000005e-02,5.256643694446212420e-03
6.041274809999999662e-02,5.256488940007192877e-03
6.055036250000000314e-02,5.256334193462423691e-03
6.058471719999999894e-02,5.256295508065703462e-03
6.065336839999999757e-02,5.256218138786179599e-03
6.085885719999999804e-02,5.255986042817995495e-03
6.113176780000000032e-02,5.255676609289399240e-03
6.119980530000000002e-02,5.255599255865697240e-03
6.123379560000000166e-02,5.255560579907372389e-03
6.133565380000000067e-02,5.255444554992857835e-03
6.136956899999999882e-02,5.255405880993557939e-03
6.150504259999999696e-02,5.255251190024844664e-03
6.167396609999999807e-02,5.255057837415624301e-03
6.174140610000000001e-02,5.254980499889654218e-03
6.194328550000000044e-02,5.254748499094864453e-03
6.204397889999999777e-02,5.254632505381983190e-03
6.214450920000000322e-02,5.254516516143967718e-03
6.217798310000000050e-02,5.254477854034717531e-03
6.227829700000000329e-02,5.254361870748442895e-03
6.241179809999999883e-02,5.254207233322256802e-03
6.244512879999999933e-02,5.254168575161595467e-03
6.257827400000000317e-02,5.254013947641748145e-03
6.284371810000000114e-02,5.253704716324685865e-03
6.297602060000000168e-02,5.253550112557707139e-03
6.300905280000000663e-02,5.253511462848395666e-03
6.323979509999999582e-02,5.253240928830480577e-03
6.327268960000000109e-02,5.253202283079613788e-03
6.333842739999999416e-02,5.253124993083333957e-03
6.337127069999999585e-02,5.253086348820154745e-03
6.346969869999999347e-02,5.252970419000346607e-03
6.353523260000000505e-02,5.252893134971174660e-03
6.373143000000000558e-02,5.252661294676916164e-03
6.376407089999999722e-02,5.252622656408391377e-03
6.386189339999999437e-02,5.252506744414323255e-03
6.389446769999999887e-02,5.252468108099051132e-03
6.402459889999999321e-02,5.252313567706681785e-03
6.405709029999999415e-02,5.252274933856257433e-03
6.441341509999999604e-02,5.251849994128193234e-03
6.451025289999999524e-02,5.251734111840562942e-03
6.479989830000000561e-02,5.251386491772751242e-03
6.483200120000000288e-02,5.251347869812323689e-03
6.492821479999999479e-02,5.251232006817630436e-03
6.505627819999999784e-02,5.251077529796479952e-03
6.508825470000000057e-02,5.251038911786934556e-03
6.518409000000000009e-02,5.250923060721242493e-03
6.527978469999999589e-02,5.250807214109969902e-03
6.531165170000000075e-02,5.250768599533805689e-03
6.540715969999999491e-02,5.250652758857568547e-03
6.556603060000000538e-02,5.250459700923049491e-03
6.569285060000000509e-02,5.250305263440639345e-03
6.578780519999999354e-02,5.250189440571720323e-03
6.585103220000000646e-02,5.250112227792081560e-03
6.591419860000000130e-02,5.250035016974098460e-03
6.607185029999999848e-02,5.249841998631341565e-03
6.619770129999999475e-02,5.249687592799101750e-03
6.635467940000000509e-02,5.249494596679503064e-03
6.641736669999999398e-02,5.249417401721171231e-03
6.644868819999999454e-02,5.249378804983826849e-03
6.660507479999999703e-02,5.249185828623126673e-03
6.669873070000000015e-02,5.249070048772272457e-03
6.682340109999999889e-02,5.248915682539906369e-03
6.691675140000000188e-02,5.248799913027188749e-03
6.710306259999999912e-02,5.248568387432608895e-03
6.728885780000000427e-02,5.248336879610006507e-03
6.731977379999999622e-02,5.248298296714220233e-03
6.735067570000000114e-02,5.248259714272607117e-03
6.744329620000000247e-02,5.248143970018944761e-03
6.753578970000000126e-02,5.248028230151933170e-03
6.756659280000000545e-02,5.247989651188325264e-03
6.759738179999999486e-02,5.247951072768342398e-03
6.781251330000000188e-02,5.247681037346001859e-03
6.790450389999999614e-02,5.247565315277316449e-03
6.793513980000000230e-02,5.247526742240681864e-03
6.808811230000000325e-02,5.247333884572420379e-03
6.817973099999999342e-02,5.247218175810892428e-03
6.839303080000000423e-02,5.246948206156459502e-03
6.842344790000000343e-02,5.246909641029199461e-03
6.854498139999999629e-02,5.246755385439351958e-03
6.857533120000000593e-02,5.246716822803242433e-03
6.881764710000000396e-02,5.246408339377846286e-03
6.902897569999999483e-02,5.246138442247110477e-03
6.923965930000000601e-02,5.245868569312912670e-03
6.926970470000000379e-02,5.245830018068098170e-03
6.929973700000000014e-02,5.245791467211003908e-03
6.935976259999999949e-02,5.245714367119218985e-03
6.938975599999999688e-02,5.245675817807804106e-03
6.947965829999999676e-02,5.245560172784943277e-03
6.962923760000000462e-02,5.245367440980862848e-03
6.971883119999999767e-02,5.245251807816896962e-03
6.977849630000000636e-02,5.245174721497703613e-03
6.983811040000000026e-02,5.245097637201832745e-03
7.010574679999999337e-02,5.244750782125467102e-03
7.019473210000000407e-02,5.244635172591454245e-03
7.025399309999999509e-02,5.244558102093874880e-03
7.034279089999999346e-02,5.244442500024564489e-03
7.043147669999999527e-02,5.244326902417797281e-03
7.046101389999999409e-02,5.244288370832686334e-03
7.069686679999999390e-02,5.243980136084833155e-03
7.072629310000000391e-02,5.243941608977154521e-03
7.081449859999999763e-02,5.243826030598754476e-03
7.096126429999999319e-02,5.243633409814985047e-03
7.104917809999999889e-02,5.243517843208881681e-03
7.116622760000000658e-02,5.243363761385884912e-03
7.125388859999999547e-02,5.243248205202094732e-03
7.137060239999999667e-02,5.243094137132984014e-03
7.139975099999999741e-02,5.243055621368462697e-03
7.142888779999999327e-02,5.243017106131027567e-03
7.151622679999999899e-02,5.242901563237010315e-03
7.163251310000000316e-02,5.242747512917281423e-03
7.166155520000000445e-02,5.242709001606937584e-03
7.174861100000000380e-02,5.242593470528603312e-03
7.186452140000000599e-02,5.242439435997157428e-03
7.209578290000000222e-02,5.242131390616440803e-03
7.212463850000000454e-02,5.242092887168903724e-03
7.218231499999999690e-02,5.242015881702598995e-03
7.229752999999999874e-02,5.241861876814872881e-03
7.235506869999999702e-02,5.241784877265879931e-03
7.244129109999999927e-02,5.241669381709626596e-03
7.264207849999999855e-02,5.241399909236897463e-03
7.281374140000000661e-02,5.241168952144442325e-03
7.289942130000000298e-02,5.241053480200425288e-03
7.298500049999999406e-02,5.240938012681160482e-03
7.304199769999999980e-02,5.240861036792445263e-03
7.312741009999999819e-02,5.240745576708273797e-03
7.324113840000000264e-02,5.240591636832747299e-03
7.343973900000000388e-02,5.240322260962157648e-03
7.346806670000000095e-02,5.240283780662238940e-03
7.355298439999999327e-02,5.240168342682365900e-03
7.358126850000000496e-02,5.240129864302896234e-03
7.369429630000000342e-02,5.239975955948498326e-03
7.372252619999999923e-02,5.239937480103928034e-03
7.389167900000000178e-02,5.239706635250342137e-03
7.391983359999999836e-02,5.239668162761140779e-03
7.394797729999999514e-02,5.239629690853837667e-03
7.414468470000000477e-02,5.239360401173827862e-03
7.417274320000000198e-02,5.239321933118996043e-03
7.425685499999999661e-02,5.239206532119202592e-03
7.445274629999999727e-02,5.238937280335817862e-03
7.470385179999999847e-02,5.238591134783651161e-03
7.481518369999999585e-02,5.238437305186772856e-03
7.484299079999999493e-02,5.238398849010882444e-03
7.489857399999999554e-02,5.238321938088896269e-03
7.500961690000000626e-02,5.238168122228593210e-03
7.506507669999999688e-02,5.238091217216699763e-03
7.523121089999999789e-02,5.237860514117569262e-03
7.525886430000000571e-02,5.237822065292834992e-03
7.547972660000000500e-02,5.237514492644673725e-03
7.550728900000000521e-02,5.237476048248996402e-03
7.558991580000000432e-02,5.237360718120339168e-03
7.569994450000000485e-02,5.237206951421926812e-03
7.572742679999999726e-02,5.237168510970025351e-03
7.580981359999999780e-02,5.237053192580460453e-03
7.589211099999999821e-02,5.236937878600527070e-03
7.591952370000000505e-02,5.236899441650719189e-03
7.616579349999999526e-02,5.236553530807581611e-03
7.622041209999999567e-02,5.236476667134126912e-03
7.638403350000000369e-02,5.236246087857929221e-03
7.646571289999999632e-02,5.236130804916131441e-03
7.657448329999999581e-02,5.235977101123286126e-03
7.665595969999999815e-02,5.235861828511282658e-03
7.668309930000000163e-02,5.235823405265775492e-03
7.679156169999999670e-02,5.235669717250388509e-03
7.681865340000000597e-02,5.235631296524512548e-03
7.689987119999999732e-02,5.235516037107454217e-03
7.698100330000000324e-02,5.235400782113556507e-03
7.711603370000000290e-02,5.235208700327507667e-03
7.722388809999999881e-02,5.235055043831298577e-03
7.741227159999999885e-02,5.234786163720269066e-03
7.751971380000000078e-02,5.234632528798559975e-03
7.754655109999999962e-02,5.234594121233101215e-03
7.762700729999999494e-02,5.234478901697214165e-03
7.768059839999999494e-02,5.234402091042957873e-03
7.776091590000000497e-02,5.234286878871422140e-03
7.789459440000000290e-02,5.234094868220814586e-03
7.794800159999999700e-02,5.234018067491037936e-03
7.808135970000000536e-02,5.233826074119980569e-03
7.810800410000000304e-02,5.233787676883036762e-03
7.818788249999999995e-02,5.233672488320927942e-03
7.837394890000000391e-02,5.233403731900621893e-03
7.848007460000000490e-02,5.233250167714701556e-03
7.850658350000000452e-02,5.233211777859900389e-03
7.871833409999999531e-02,5.232904676829715565e-03
7.874476290000000100e-02,5.232866291432552650e-03
7.879759379999999591e-02,5.232789522087612569e-03
7.882399599999999340e-02,5.232751138179814708e-03
7.921897310000000636e-02,5.232175437854597565e-03
7.935019529999999544e-02,5.231983562277021764e-03
7.937641369999999530e-02,5.231945188643075118e-03
7.945501689999999451e-02,5.231830070638602420e-03
7.955970049999999683e-02,5.231676586931166203e-03
7.958584990000000525e-02,5.231638217254420443e-03
7.966424649999999386e-02,5.231523111005613631e-03
7.979473639999999646e-02,5.231331277139917441e-03
7.997706450000000022e-02,5.231062730323995588e-03
8.000307750000000551e-02,5.231024368467636528e-03
8.015897800000000573e-02,5.230794207575535301e-03
8.021087740000000521e-02,5.230717491216493875e-03
8.028866380000000691e-02,5.230602420251577456e-03
8.036637480000000111e-02,5.230487353784368798e-03
8.039226180000000332e-02,5.230448999229446103e-03
8.046987279999999465e-02,5.230333938648443030e-03
8.049572650000000329e-02,5.230295586178379530e-03
8.070225790000000454e-02,5.229988783378425148e-03
8.077957099999999446e-02,5.229873740350217230e-03
8.083107209999999820e-02,5.229797047555744503e-03
8.090826210000000296e-02,5.229682011921680043e-03
8.098537860000000477e-02,5.229566980719050837e-03
8.121628870000000000e-02,5.229221913698039147e-03
8.124190489999999487e-02,5.229183575302588649e-03
8.129311300000000018e-02,5.229106900158818870e-03
8.144654410000000400e-02,5.228876886278229982e-03
8.152315139999999349e-02,5.228761885921718970e-03
8.159968680000000141e-02,5.228646890038125654e-03
8.162518259999999859e-02,5.228608559127307862e-03
8.165067049999999438e-02,5.228570228603612695e-03
8.170162240000000686e-02,5.228493569097866778e-03
8.182886339999999314e-02,5.228301928845579746e-03
8.193051390000000156e-02,5.228148625415531166e-03
8.200666909999999865e-02,5.228033653063833032e-03
8.205739989999999429e-02,5.227957007138674290e-03
8.210809939999999529e-02,5.227880363313941285e-03
8.213343739999999504e-02,5.227842042174114801e-03
8.223471150000000174e-02,5.227688762250797504e-03
8.233586090000000191e-02,5.227535490154415487e-03
8.251257400000000519e-02,5.227267283051130128e-03
8.253778790000000642e-02,5.227228969573478358e-03
8.261338329999999563e-02,5.227114032478952406e-03
8.266374179999999572e-02,5.227037410213973383e-03
8.283975550000000077e-02,5.226769247504989627e-03
8.304045720000000075e-02,5.226462805223759493e-03
8.306551080000000586e-02,5.226424502158140938e-03
8.321567409999999776e-02,5.226194694013417026e-03
8.324067490000000569e-02,5.226156394294721903e-03
8.326566829999999808e-02,5.226118095106173887e-03
8.334060340000000455e-02,5.226003200589649823e-03
8.363967260000000625e-02,5.225543666433763237e-03
8.366454680000000310e-02,5.225505375066722552e-03
8.371427300000000571e-02,5.225428793766653812e-03
8.373912499999999759e-02,5.225390503976468093e-03
8.386327459999999567e-02,5.225199061963594661e-03
8.393767620000000540e-02,5.225084202603368609e-03
8.401201190000000263e-02,5.224969347653905111e-03
8.403677589999999920e-02,5.224931063752150627e-03
8.411102400000000645e-02,5.224816214610435508e-03
8.425932399999999656e-02,5.224586529755916031e-03
8.433337620000000423e-02,5.224471693783564949e-03
8.445665230000000412e-02,5.224280310441440332e-03
8.453053160000000010e-02,5.224165486413892903e-03
8.462893709999999570e-02,5.224012394418712200e-03
8.484993209999999730e-02,5.223667966014677519e-03
8.489896399999999343e-02,5.223591431675049523e-03
8.492346929999999849e-02,5.223553165325690341e-03
8.502141990000000593e-02,5.223400104586532582e-03
8.511925789999999492e-02,5.223247051660921507e-03
8.519256259999999359e-02,5.223132267230852152e-03
8.521698349999999589e-02,5.223094006656549618e-03
8.524139740000000187e-02,5.223055746628469873e-03
8.541209930000000228e-02,5.222787939909717334e-03
8.543645739999999877e-02,5.222749683792630646e-03
8.563107309999999639e-02,5.222443652389558398e-03
8.567965800000000576e-02,5.222367149425823606e-03
8.570394000000000623e-02,5.222328898589419927e-03
8.577674509999999586e-02,5.222214149258505057e-03
8.580099970000000520e-02,5.222175900415485135e-03
8.589794970000000363e-02,5.222022910143319860e-03
8.599479040000000685e-02,5.221869927533081233e-03
8.606734940000000667e-02,5.221755195771728489e-03
8.609152209999999805e-02,5.221716952800450895e-03
8.628466029999999620e-02,5.221411026878401869e-03
8.645330230000000671e-02,5.221143367208473836e-03
8.654952159999999839e-02,5.220990429597969183e-03
8.657355969999999679e-02,5.220952196337397787e-03
8.659759109999999593e-02,5.220913963683224135e-03
8.666964550000000322e-02,5.220799268527355659e-03
8.674163999999999486e-02,5.220684577711866801e-03
8.678960310000000122e-02,5.220608119702300001e-03
8.686149819999999799e-02,5.220493436351579530e-03
8.698119120000000204e-02,5.220302306909851281e-03
8.714848529999999482e-02,5.220034746459468154e-03
8.722008450000000301e-02,5.219920085046920316e-03
8.731545890000000365e-02,5.219767209777946039e-03
8.760095880000000335e-02,5.219308631250548121e-03
8.762470840000000094e-02,5.219270419592672919e-03
8.771964279999999725e-02,5.219117577695978408e-03
8.774336039999999781e-02,5.219079368355731066e-03
8.781447459999999761e-02,5.218964743474001529e-03
8.788553120000000551e-02,5.218850122964115157e-03
8.793287040000000165e-02,5.218773711817698870e-03
8.800383150000000432e-02,5.218659098469774493e-03
8.807473540000000656e-02,5.218544489816967676e-03
8.809835729999999920e-02,5.218506287808778905e-03
8.826353389999999632e-02,5.218238887720560298e-03
8.828710539999999607e-02,5.218200689645700018e-03
8.831067049999999363e-02,5.218162492240389222e-03
8.838132819999999779e-02,5.218047902411535217e-03
8.849896570000000129e-02,5.217856929164787529e-03
8.856947319999999846e-02,5.217742351114953124e-03
8.866339600000000543e-02,5.217589587173260442e-03
8.887435929999999706e-02,5.217245896840916330e-03
8.894456929999999817e-02,5.217131342082774285e-03
8.906146280000000470e-02,5.216940427461695153e-03
8.910817729999999381e-02,5.216864065013484056e-03
8.922485650000000490e-02,5.216673167385743083e-03
8.941122649999999616e-02,5.216367756357742462e-03
8.943449539999999420e-02,5.216329582143739048e-03
8.948101510000000536e-02,5.216253235302976445e-03
8.957398210000000471e-02,5.216100547390738196e-03
8.962042940000000679e-02,5.216024206388330565e-03
8.969005530000000170e-02,5.215909698535243881e-03
8.975962719999999728e-02,5.215795195078581394e-03
8.978280580000000399e-02,5.215757028171102289e-03
8.985230589999999851e-02,5.215642530452106219e-03
8.996801999999999577e-02,5.215451710751430221e-03
9.006048429999999327e-02,5.215299063791577552e-03
9.012977020000000061e-02,5.215184583682795118e-03
9.017593120000000351e-02,5.215108265853329352e-03
9.031427279999999780e-02,5.214879324673169815e-03
9.033730919999999331e-02,5.214841169502331883e-03
9.036033960000000587e-02,5.214803014740696137e-03
9.054437240000000331e-02,5.214497794805029313e-03
9.059032220000000357e-02,5.214421494649983634e-03
9.061328829999999723e-02,5.214383345256522542e-03
9.088842950000000642e-02,5.213925591238061444e-03
9.097995829999999673e-02,5.213773022094563697e-03
9.107139520000000210e-02,5.213620460850511805e-03
9.109424000000000687e-02,5.213582321618029543e-03
9.116274030000000306e-02,5.213467907167985971e-03
9.123118909999999859e-02,5.213353497237144252e-03
9.134515649999999654e-02,5.213162823503213021e-03
9.143622810000000267e-02,5.213010293250479148e-03
9.161809969999999692e-02,5.212705256380800040e-03
9.164080830000000122e-02,5.212667128910170554e-03
9.168620859999999928e-02,5.212590875424491163e-03
9.179961109999999758e-02,5.212400250387104993e-03
9.182227469999999780e-02,5.212362126962573165e-03
9.189023229999999931e-02,5.212247759232468275e-03
9.200338330000000509e-02,5.212057156074585522e-03
9.204860469999999462e-02,5.211980918181232172e-03
9.216156120000000562e-02,5.211790332009015765e-03
9.218413590000000546e-02,5.211752216193001920e-03
9.225182690000000019e-02,5.211637871796146425e-03
9.231946820000000442e-02,5.211523531701822351e-03
9.236453490000000321e-02,5.211447307538607555e-03
9.243209369999999536e-02,5.211332974840933614e-03
9.249960320000000236e-02,5.211218646388398636e-03
9.252209549999999838e-02,5.211180538071205799e-03
9.261200969999999755e-02,5.211028109055672840e-03
9.272427989999999787e-02,5.210837583492225304e-03
9.279157679999999742e-02,5.210723274125111069e-03
9.290363000000000093e-02,5.210532768317907050e-03
9.303791570000000122e-02,5.210304177153979657e-03
9.306027779999999361e-02,5.210266080335155918e-03
9.312733189999999883e-02,5.210151792788462154e-03
9.321666239999999715e-02,5.209999416261669979e-03
9.323898160000000657e-02,5.209961323421903774e-03
9.341734349999999965e-02,5.209656597344105612e-03
9.343961480000000097e-02,5.209618508764583475e-03
9.359536559999999394e-02,5.209351902594853978e-03
9.361759449999999816e-02,5.209313817971681845e-03
9.377304960000000522e-02,5.209047238692077891e-03
9.383959440000000374e-02,5.208932998014783114e-03
9.386176549999999952e-02,5.208894918576494754e-03
9.392824739999999784e-02,5.208780683517990132e-03
9.397254260000000026e-02,5.208704529182334869e-03
9.403894620000000093e-02,5.208590301443720601e-03
9.412741149999999390e-02,5.208438004452457630e-03
9.419370589999999377e-02,5.208323786985703981e-03
9.430409309999999989e-02,5.208133433864232074e-03
9.432615499999999487e-02,5.208095364840924224e-03
9.439230989999999877e-02,5.207981160449005192e-03
9.450246499999999383e-02,5.207790829236353530e-03
9.463448200000000587e-02,5.207562448029169101e-03
9.465646689999999974e-02,5.207524385978797368e-03
9.483216279999999443e-02,5.207219908747687254e-03
9.489796490000000639e-02,5.207105737691335168e-03
9.491988880000000461e-02,5.207067681709497131e-03
9.500753380000000192e-02,5.206915462471459026e-03
9.509509800000000290e-02,5.206763250856880076e-03
9.516071830000000231e-02,5.206649097299767895e-03
9.520444000000000129e-02,5.206572997314082470e-03
9.524814160000000252e-02,5.206496899424787814e-03
9.537912649999999437e-02,5.206268616983544123e-03
9.550993169999999477e-02,5.206040352238671710e-03
9.555349359999999737e-02,5.205964267855347702e-03
9.559703569999999928e-02,5.205888185218702016e-03
9.561879930000000138e-02,5.205850144821000391e-03
9.579273010000000088e-02,5.205545838164648588e-03
9.587957719999999628e-02,5.205393696643836367e-03
9.590127669999999604e-02,5.205355662303499421e-03
9.596634569999999698e-02,5.205241562724434966e-03
9.603137069999999331e-02,5.205127467336282884e-03
9.607469620000000377e-02,5.205051406232368526e-03
9.613964780000000543e-02,5.204937318080679609e-03
9.622618180000000465e-02,5.204785207403516203e-03
9.629103129999999622e-02,5.204671129386122599e-03
9.642059930000000667e-02,5.204442986885705197e-03
9.648531809999999487e-02,5.204328922031742008e-03
9.665768969999999349e-02,5.204024770432228233e-03
9.672224980000000694e-02,5.203910721570978275e-03
9.674376029999999516e-02,5.203872706236777404e-03
9.676526600000000256e-02,5.203834691457634269e-03
9.691567219999999705e-02,5.203568601207343887e-03
9.693713980000000230e-02,5.203530590458215789e-03
9.698006060000000095e-02,5.203454569948612329e-03
9.717296979999999473e-02,5.203112501797561157e-03
9.725858440000000049e-02,5.202960484382491979e-03
9.732274600000000164e-02,5.202846476059497065e-03
9.742958790000000313e-02,5.202656472292266007e-03
9.751497720000000535e-02,5.202504477852649967e-03
9.762160879999999541e-02,5.202314495819674797e-03
9.768553189999999720e-02,5.202200512289422395e-03
9.777069770000000604e-02,5.202048541187163574e-03
9.791955950000000297e-02,5.201782610451293962e-03
9.794080700000000472e-02,5.201744622144940065e-03
9.796204990000000057e-02,5.201706634350990524e-03
9.800452190000000230e-02,5.201630660598734190e-03
9.802575099999999431e-02,5.201592674304326459e-03
9.808941070000000428e-02,5.201478718351251578e-03
9.811062140000000042e-02,5.201440734172420657e-03
9.813182759999999893e-02,5.201402750154619781e-03
9.825896829999999915e-02,5.201174857373682715e-03
9.844937149999999360e-02,5.200833050795227591e-03
9.847050470000000277e-02,5.200795074668794829e-03
9.853387700000000582e-02,5.200681149277745080e-03
9.859720869999999415e-02,5.200567228284834302e-03
9.868158759999999530e-02,5.200415340412516650e-03
9.870267110000000010e-02,5.200377369657159868e-03
9.876589439999999831e-02,5.200263460087708491e-03
9.887117689999999626e-02,5.200073620875642934e-03
9.895532220000000101e-02,5.199921758196853101e-03
9.903939609999999616e-02,5.199769902987975111e-03
9.914438809999999436e-02,5.199580095055441470e-03
9.927023199999999992e-02,5.199352341749171463e-03
9.935403930000000217e-02,5.199200515655371876e-03
9.945869920000000031e-02,5.199010743951264744e-03
9.947961800000000576e-02,5.198972791108010319e-03
9.954234789999999444e-02,5.198858935227887966e-03
9.960503830000000391e-02,5.198745083875501438e-03
9.962592630000000060e-02,5.198707134470316286e-03
9.964681000000000233e-02,5.198669185472370481e-03
9.970943470000000197e-02,5.198555341265245766e-03
9.979287320000000683e-02,5.198403555793898630e-03
9.995954120000000165e-02,5.198100008440968180e-03
9.998035519999999565e-02,5.198062067161492335e-03
1.000219702000000044e-01,5.197986186008267742e-03
1.000427710999999970e-01,5.197948246104058118e-03
1.001467112000000020e-01,5.197758554201677844e-03
1.002920464000000011e-01,5.197493005948304427e-03
1.003542684999999962e-01,5.197379206574539827e-03
1.003750006000000000e-01,5.197341274390048296e-03
1.004578862999999933e-01,5.197189550949700421e-03
1.004785970000000028e-01,5.197151621394368801e-03
1.006441294999999986e-01,5.196848201219829433e-03
1.007061340000000027e-01,5.196734426735811346e-03
1.007681004000000047e-01,5.196620656350016756e-03
1.007887474000000033e-01,5.196582733829848387e-03
1.009331579999999950e-01,5.196317290466442342e-03
1.009743802999999995e-01,5.196241453745706687e-03
1.010155856999999935e-01,5.196165618824084842e-03
1.011391013000000061e-01,5.195938126188889838e-03
1.012830123999999971e-01,5.195672740219565468e-03
1.013035545000000037e-01,5.195634829823674375e-03
1.013446261000000015e-01,5.195559010415013237e-03
1.014472322999999954e-01,5.195369470840607851e-03
1.014677410999999946e-01,5.195331564180544377e-03
1.015292426999999942e-01,5.195217847623836809e-03
1.016316624999999974e-01,5.195028329539995091e-03
1.018566236999999958e-01,5.194611432155658501e-03
1.019587146000000000e-01,5.194421952810900772e-03
1.019995224000000006e-01,5.194346164375989242e-03
1.020199202000000027e-01,5.194308271018291054e-03
1.020810889999999999e-01,5.194194593487467572e-03
1.021829558000000027e-01,5.194005140450642238e-03
1.022440270999999956e-01,5.193891474353832215e-03
1.023253987999999948e-01,5.193739926602262101e-03
1.024270225000000062e-01,5.193550502374674749e-03
1.024473352000000032e-01,5.193512619164875575e-03
1.025082489999999957e-01,5.193398971974078591e-03
1.025894110999999997e-01,5.193247449253857867e-03
1.026705091000000014e-01,5.193095934038047430e-03
1.027312905999999970e-01,5.192982302986919041e-03
1.029134196000000001e-01,5.192641435077396429e-03
1.029740576000000019e-01,5.192527821089267491e-03
1.029942623999999946e-01,5.192489950998955585e-03
1.030952267999999949e-01,5.192300606356867881e-03
1.031557580000000002e-01,5.192187005493538801e-03
1.032162536999999963e-01,5.192073409007690737e-03
1.032364110999999945e-01,5.192035544300365422e-03
1.032968595999999989e-01,5.191921953767669393e-03
1.034176504999999996e-01,5.191694785150593149e-03
1.035784859999999974e-01,5.191391920611789119e-03
1.036387349999999957e-01,5.191278354509562890e-03
1.038593488000000009e-01,5.190861982046443904e-03
1.038793813000000038e-01,5.190824133107183394e-03
1.038994099999999976e-01,5.190786284253482916e-03
1.039594729999999967e-01,5.190672741411515856e-03
1.040195012999999974e-01,5.190559202568004876e-03
1.040395030000000054e-01,5.190521357323044441e-03
1.040595009000000043e-01,5.190483512671454844e-03
1.041194715000000048e-01,5.190369981005591229e-03
1.041993786000000033e-01,5.190218612359831160e-03
1.042193458000000017e-01,5.190180771417372656e-03
1.042592687999999990e-01,5.190105090868203999e-03
1.043590092999999996e-01,5.189915898397614788e-03
1.044387331999999946e-01,5.189764552837768975e-03
1.044984860999999959e-01,5.189651048499568063e-03
1.045383024999999994e-01,5.189575381782957769e-03
1.045781035999999997e-01,5.189499716643745410e-03
1.046775404000000048e-01,5.189310562298733547e-03
1.047570218000000025e-01,5.189159247860970076e-03
1.048562888999999970e-01,5.188970115013590879e-03
1.048959693999999970e-01,5.188894465607478239e-03
1.049158040000000014e-01,5.188856641355189814e-03
1.050149209999999972e-01,5.188667528118130062e-03
1.051535277999999934e-01,5.188402789738299874e-03
1.052919521000000025e-01,5.188138074708228444e-03
1.053117120999999962e-01,5.188100260332477107e-03
1.053907153000000069e-01,5.187949007207131452e-03
1.055485441999999968e-01,5.187646523933941121e-03
1.056470674999999970e-01,5.187457487901811319e-03
1.057848460000000018e-01,5.187192856932235432e-03
1.058045140000000023e-01,5.187155054594750313e-03
1.058438389999999951e-01,5.187079451102582194e-03
1.058634960999999958e-01,5.187041650116216811e-03
1.059224453000000010e-01,5.186928250067091538e-03
1.060206211000000037e-01,5.186739259348968623e-03
1.060794830000000022e-01,5.186625870764089569e-03
1.060990963999999953e-01,5.186588075469262572e-03
1.061579148000000028e-01,5.186474692779934927e-03
1.062558730999999951e-01,5.186285730965123179e-03
1.063928632000000069e-01,5.186021204467238140e-03
1.064319707999999975e-01,5.185945629926160677e-03
1.064906052999999991e-01,5.185832271446565341e-03
1.065687344999999980e-01,5.185681133900106425e-03
1.067443161000000001e-01,5.185341101854703053e-03
1.067832950000000003e-01,5.185265544602564100e-03
1.068027790999999949e-01,5.185227766590323056e-03
1.068806801000000001e-01,5.185076659731396517e-03
1.069001465000000012e-01,5.185038883959437218e-03
1.069585242999999963e-01,5.184925560247365811e-03
1.070363119999999946e-01,5.184774468936280932e-03
1.070557500000000051e-01,5.184736696972723144e-03
1.070946155999999982e-01,5.184661155055536250e-03
1.072111278000000001e-01,5.184434540768898328e-03
1.073275134000000047e-01,5.184207943832190059e-03
1.073662806000000025e-01,5.184132415129123934e-03
1.075018556999999958e-01,5.183868080353320681e-03
1.076565896000000050e-01,5.183566012555046107e-03
1.077145573999999939e-01,5.183452744847940989e-03
1.077338731000000022e-01,5.183414990095827277e-03
1.077917994999999934e-01,5.183301728150537663e-03
1.078882741999999950e-01,5.183112968250230997e-03
1.079653919999999934e-01,5.182961968738153749e-03
1.080231942000000056e-01,5.182848724343349506e-03
1.081194624000000049e-01,5.182659992905756796e-03
1.081387057999999984e-01,5.182622248121354636e-03
1.081964153999999956e-01,5.182509016528430608e-03
1.082733136999999984e-01,5.182358047625546492e-03
1.082925297000000009e-01,5.182320307025458685e-03
1.084077544000000004e-01,5.182093871075642635e-03
1.084269466000000043e-01,5.182056133461560368e-03
1.084461354000000044e-01,5.182018396358233601e-03
1.085803620999999941e-01,5.181754249681593330e-03
1.085995238000000002e-01,5.181716516474342733e-03
1.086378370999999954e-01,5.181641051109073422e-03
1.086569886000000040e-01,5.181603319205652265e-03
1.087526959000000015e-01,5.181414667250426424e-03
1.088100798000000008e-01,5.181301481775158098e-03
1.088674334999999993e-01,5.181188300653965031e-03
1.089629559000000053e-01,5.180999674604587837e-03
1.090393136000000068e-01,5.180848782878290891e-03
1.090583945999999971e-01,5.180811061186990814e-03
1.091156177999999949e-01,5.180697898533265754e-03
1.092109230999999958e-01,5.180509303790977425e-03
1.093442109999999967e-01,5.180245291670722285e-03
1.094773366000000026e-01,5.179981302776511497e-03
1.095723272999999942e-01,5.179792753726015532e-03
1.096292821999999972e-01,5.179679629899470658e-03
1.096672357000000042e-01,5.179604216716063476e-03
1.097810174999999944e-01,5.179377987841183618e-03
1.097999696000000053e-01,5.179340284781158016e-03
1.098568065000000010e-01,5.179227178506781194e-03
1.099703920999999945e-01,5.179000978390428146e-03
1.100271409999999950e-01,5.178887885241761913e-03
1.101594412999999939e-01,5.178624017242749490e-03
1.101783283000000030e-01,5.178586323721863331e-03
1.102349700999999960e-01,5.178473245836424411e-03
1.103293085000000007e-01,5.178284792628563490e-03
1.104047211000000056e-01,5.178134038637944442e-03
1.104235662999999978e-01,5.178096351386291679e-03
1.104612467999999958e-01,5.178020978381389118e-03
1.105742115999999997e-01,5.177794870075080880e-03
1.106306506999999995e-01,5.177681822794574611e-03
1.108373482000000049e-01,5.177267352185934216e-03
1.108561197000000054e-01,5.177229675845279253e-03
1.109311741999999962e-01,5.177078975235305594e-03
1.109874317999999943e-01,5.176965955089428070e-03
1.110249209999999986e-01,5.176890610738662732e-03
1.110811310999999940e-01,5.176777597641426393e-03
1.111560337000000037e-01,5.176626920073561754e-03
1.113056877000000028e-01,5.176325588382763368e-03
1.113243802999999976e-01,5.176287924317897297e-03
1.113617560000000062e-01,5.176212597040108672e-03
1.114364699999999958e-01,5.176061948314690693e-03
1.114738081999999963e-01,5.175986626712633654e-03
1.115297920000000026e-01,5.175873648069847892e-03
1.116043934999999959e-01,5.175723016807645682e-03
1.116789450999999961e-01,5.175572393221448270e-03
1.117534470000000058e-01,5.175421776934802445e-03
1.118278993000000054e-01,5.175271168397744051e-03
1.120323877999999940e-01,5.174857034584184196e-03
1.121994194000000000e-01,5.174518240764171967e-03
1.122179632000000066e-01,5.174480599530217537e-03
1.122550414000000052e-01,5.174405318219108159e-03
1.122735759000000055e-01,5.174367678333101524e-03
1.123476835000000035e-01,5.174217123212051725e-03
1.123662027999999952e-01,5.174179485937245408e-03
1.124217421999999938e-01,5.174066576192145814e-03
1.124957521999999932e-01,5.173916036622215435e-03
1.125142469999999978e-01,5.173878402621920856e-03
1.125512277000000061e-01,5.173803136481297874e-03
1.126436261999999994e-01,5.173614979913908687e-03
1.126620968000000000e-01,5.173577350153080526e-03
1.128466364999999999e-01,5.173201077557252822e-03
1.128650739000000014e-01,5.173163453165308817e-03
1.129387933000000066e-01,5.173012959269594584e-03
1.131044863999999955e-01,5.172674376204807259e-03
1.131412740999999944e-01,5.172599140748791909e-03
1.131596634999999934e-01,5.172561523684814262e-03
1.133066709999999977e-01,5.172260605152839003e-03
1.133617497000000002e-01,5.172147768335030350e-03
1.133801033000000069e-01,5.172110157389333933e-03
1.134351462999999977e-01,5.171997326086992704e-03
1.135451522999999935e-01,5.171771677441980471e-03
1.136550518000000037e-01,5.171546045658850788e-03
1.136916614000000048e-01,5.171470839063220873e-03
1.137465535999999944e-01,5.171358032170993331e-03
1.138014194000000062e-01,5.171245230186070387e-03
1.138379818999999959e-01,5.171170030751536840e-03
1.139658583000000003e-01,5.170906848827954393e-03
1.140388660999999970e-01,5.170756469877134040e-03
1.141300601999999942e-01,5.170568506659514209e-03
1.141847416999999948e-01,5.170455734451949795e-03
1.142393970000000064e-01,5.170342966879497119e-03
1.142576096000000041e-01,5.170305378535401848e-03
1.143122300999999952e-01,5.170192616158258633e-03
1.143304311000000045e-01,5.170155029807150734e-03
1.144032063000000043e-01,5.170004688697911813e-03
1.144213927999999936e-01,5.169967104846137120e-03
1.145304515000000051e-01,5.169741610631019106e-03
1.146938450999999970e-01,5.169403401190723370e-03
1.148388887000000025e-01,5.169102803365971908e-03
1.148570062999999947e-01,5.169065230546473003e-03
1.148932327999999947e-01,5.168990086994987646e-03
1.149656517000000044e-01,5.168839804932177061e-03
1.149837492999999933e-01,5.168802235706448402e-03
1.150561112000000052e-01,5.168651963261319468e-03
1.151284276999999939e-01,5.168501698863137324e-03
1.151826351999999942e-01,5.168389005323228633e-03
1.152909738000000017e-01,5.168163631381778381e-03
1.153992105999999962e-01,5.167938274356307163e-03
1.154352669999999942e-01,5.167863158889173490e-03
1.154713121999999953e-01,5.167788045724533950e-03
1.154893305000000009e-01,5.167750489906908044e-03
1.155433686999999959e-01,5.167637824836946239e-03
1.155613758999999990e-01,5.167600271103947943e-03
1.157053318999999997e-01,5.167299856367767695e-03
1.157233138000000050e-01,5.167262306210302497e-03
1.157772427999999992e-01,5.167149660287453407e-03
1.158670687000000060e-01,5.166961925790785476e-03
1.159209308000000022e-01,5.166849290891741518e-03
1.159747678999999976e-01,5.166736660186225898e-03
1.159927079999999999e-01,5.166699117742301443e-03
1.160465118000000018e-01,5.166586493181152089e-03
1.161182114000000043e-01,5.166436333253446485e-03
1.161540446000000060e-01,5.166361256001486026e-03
1.162793738999999965e-01,5.166098501736808395e-03
1.162972671000000041e-01,5.166060967050873504e-03
1.163509300000000052e-01,5.165948366695941041e-03
1.164224420999999954e-01,5.165798239206731771e-03
1.164403133000000007e-01,5.165760708610075275e-03
1.165653348000000034e-01,5.165498007081654845e-03
1.166902222999999933e-01,5.165235328843669968e-03
1.167258798999999958e-01,5.165160282730810355e-03
1.167793458999999978e-01,5.165047716194261750e-03
1.168327873999999988e-01,5.164935154274095941e-03
1.168505957999999983e-01,5.164897634420355550e-03
1.169040048000000026e-01,5.164785078091364834e-03
1.169218023000000023e-01,5.164747560389316462e-03
1.170640854000000036e-01,5.164447434927467266e-03
1.171529245999999996e-01,5.164259872195980407e-03
1.172061957999999959e-01,5.164147340014052512e-03
1.172771863999999969e-01,5.163997304101683103e-03
1.174190388000000002e-01,5.163697255161630618e-03
1.174367582999999993e-01,5.163659751023706029e-03
1.174721893000000017e-01,5.163584744375169719e-03
1.175607201000000018e-01,5.163397235938997631e-03
1.176845512999999954e-01,5.163134744550244154e-03
1.177022308000000017e-01,5.163097247804332782e-03
1.177199077000000010e-01,5.163059751522761781e-03
1.177552535000000039e-01,5.162984760241118125e-03
1.178612272999999960e-01,5.162759797374550340e-03
1.179141783999999998e-01,5.162647322279349284e-03
1.180552655000000062e-01,5.162347410381875473e-03
1.181961841000000041e-01,5.162047528466078526e-03
1.182665804000000015e-01,5.161897599090125958e-03
1.182841728999999981e-01,5.161860117565780781e-03
1.183193502000000064e-01,5.161785156740022334e-03
1.183369348999999959e-01,5.161747677098473160e-03
1.183896732999999979e-01,5.161635240921141031e-03
1.184248192000000033e-01,5.161560285378920948e-03
1.184775183999999953e-01,5.161447856389925551e-03
1.186003924000000043e-01,5.161185537718151681e-03
1.186880815999999950e-01,5.160998181652528063e-03
1.187056117000000049e-01,5.160960712016717314e-03
1.187581862999999988e-01,5.160848305729263952e-03
1.188107377000000020e-01,5.160735903386616877e-03
1.188282496999999993e-01,5.160698436803712146e-03
1.188457591000000035e-01,5.160660970581085194e-03
1.189507612999999991e-01,5.160436184990433578e-03
1.191604881999999976e-01,5.159986664247681251e-03
1.191779488000000026e-01,5.159949207791348844e-03
1.192652134000000003e-01,5.159761930087225675e-03
1.193872765999999946e-01,5.159499761162865059e-03
1.194395511999999937e-01,5.159387410506598853e-03
1.195266247000000004e-01,5.159200168153633449e-03
1.195440318000000057e-01,5.159162721124981033e-03
1.196831975000000048e-01,5.158863162393391780e-03
1.197353428999999997e-01,5.158750835858441630e-03
1.198048347999999957e-01,5.158601073270176890e-03
1.199436978999999931e-01,5.158301571493963816e-03
1.199957301000000032e-01,5.158189266369437448e-03
1.200130692000000027e-01,5.158151832098673527e-03
1.200650713000000064e-01,5.158039532852912515e-03
1.200997268999999951e-01,5.157964668606644133e-03
1.201516915000000046e-01,5.157852375778069348e-03
1.202382493999999968e-01,5.157665231481481198e-03
1.203593257999999999e-01,5.157403248944386447e-03
1.203766123999999993e-01,5.157365824744506756e-03
1.204284575999999968e-01,5.157253554744321324e-03
1.204802804999999949e-01,5.157141289106255931e-03
1.205148166999999992e-01,5.157066447975975840e-03
1.205493428999999950e-01,5.156991608521926951e-03
1.206356155000000013e-01,5.156804518565899498e-03
1.207045890999999954e-01,5.156654854636896941e-03
1.207735233000000047e-01,5.156505198724515605e-03
1.207907507000000047e-01,5.156467786245270794e-03
1.208251981000000030e-01,5.156392961959267544e-03
1.208424181999999958e-01,5.156355550378125506e-03
1.209800902000000011e-01,5.156056276554019276e-03
1.211004249000000033e-01,5.155794436158193765e-03
1.211691339000000034e-01,5.155644823664622643e-03
1.211863051000000024e-01,5.155607421808055917e-03
1.212034738000000028e-01,5.155570020596404734e-03
1.212549653999999977e-01,5.155457819331298562e-03
1.213064352000000068e-01,5.155345621819593625e-03
1.213407361999999934e-01,5.155270826183708244e-03
1.213921696000000022e-01,5.155158636025574184e-03
1.214607136000000059e-01,5.155009055976439956e-03
1.214778435000000018e-01,5.154971661771046328e-03
1.216147962999999943e-01,5.154672528272227078e-03
1.216661138000000031e-01,5.154560360697168185e-03
1.217174097000000010e-01,5.154448197786402550e-03
1.217515948999999958e-01,5.154373424853440910e-03
1.219394424999999949e-01,5.153962207166739272e-03
1.220076789999999939e-01,5.153812687585795395e-03
1.220247321999999995e-01,5.153775308576806664e-03
1.220758774000000046e-01,5.153663175843609806e-03
1.222121599000000058e-01,5.153364174429081977e-03
1.222632267000000050e-01,5.153252056767415080e-03
1.222802442999999933e-01,5.153214685131211024e-03
1.223993007000000049e-01,5.152953097283680291e-03
1.224162993000000033e-01,5.152915729692649285e-03
1.224332954999999973e-01,5.152878362447806636e-03
1.224672809999999973e-01,5.152803629052637308e-03
1.225522032999999955e-01,5.152616804459649556e-03
1.225691807000000022e-01,5.152579440697850621e-03
1.226200987999999936e-01,5.152467352507048709e-03
1.226709956999999934e-01,5.152355269586719223e-03
1.226879567000000032e-01,5.152317908745651653e-03
1.227388254999999956e-01,5.152205831287382659e-03
1.228235601000000066e-01,5.152019044248972411e-03
1.228405000000000052e-01,5.151981688026070934e-03
1.230097705999999985e-01,5.151608154874371369e-03
1.230266849000000023e-01,5.151570803518514159e-03
1.231619152999999939e-01,5.151272014627610897e-03
1.232294748999999967e-01,5.151122631696571086e-03
1.232463589999999998e-01,5.151085286913125762e-03
1.232969973999999969e-01,5.150973255812997184e-03
1.233476151000000021e-01,5.150861228904805335e-03
1.234824939999999982e-01,5.150562512211957766e-03
1.234993434999999973e-01,5.150525174328088839e-03
1.236340570000000055e-01,5.150226490982089990e-03
1.237013586999999998e-01,5.150077161226561916e-03
1.237686238000000050e-01,5.149927838639120278e-03
1.238862498000000006e-01,5.149666542030126304e-03
1.239198366999999940e-01,5.149591889955452452e-03
1.240373193999999984e-01,5.149330623093105463e-03
1.240540935000000039e-01,5.149293301114349700e-03
1.240876350000000017e-01,5.149218658958386666e-03
1.241044023999999940e-01,5.149181338451494332e-03
1.241882051999999986e-01,5.148994743019883087e-03
1.242384596999999979e-01,5.148882791354634191e-03
1.242886938999999968e-01,5.148770844162645598e-03
1.243556412999999999e-01,5.148621587371221900e-03
1.244392748999999937e-01,5.148435027978597554e-03
1.244559949000000054e-01,5.148397717454181004e-03
1.245061412999999978e-01,5.148285788279900396e-03
1.245562676000000063e-01,5.148173863374435125e-03
1.245896739000000031e-01,5.148099249506848073e-03
1.246397665999999932e-01,5.147987331965735852e-03
1.247065254999999984e-01,5.147838115367857695e-03
1.248232677000000040e-01,5.147577004132098712e-03
1.248566024999999968e-01,5.147502405255673617e-03
1.248899284999999970e-01,5.147427807571860504e-03
1.249898531000000063e-01,5.147204027913987803e-03
1.250397853999999920e-01,5.147092144417773560e-03
1.251063309000000068e-01,5.146942972928530979e-03
1.251562167999999975e-01,5.146831099399577260e-03
1.252393156999999924e-01,5.146644652905354479e-03
1.252559289000000076e-01,5.146607364769251354e-03
1.253887550999999989e-01,5.146309078491995842e-03
1.255048625999999889e-01,5.146048102730632449e-03
1.255711616000000086e-01,5.145898983811500460e-03
1.256374255999999912e-01,5.145749872878490651e-03
1.256871006999999985e-01,5.145638044728788503e-03
1.257036547000000004e-01,5.145600769259823550e-03
1.257863919999999969e-01,5.145414401117302632e-03
1.258360081999999880e-01,5.145302585331174190e-03
1.259021328999999911e-01,5.145153504162892390e-03
1.259517035000000118e-01,5.145041698633071904e-03
1.260177674000000081e-01,5.144892630890554944e-03
1.261002985999999937e-01,5.144706307373229925e-03
1.261662846999999921e-01,5.144557256385714865e-03
1.261827758000000077e-01,5.144519994684541506e-03
1.262981534000000017e-01,5.144259177535322365e-03
1.264463413999999952e-01,5.143923875460874699e-03
1.264792483999999939e-01,5.143849369151883358e-03
1.264956988000000004e-01,5.143812116294117776e-03
1.265450368999999908e-01,5.143700361711444832e-03
1.266272243999999880e-01,5.143514113362613639e-03
1.266765113999999970e-01,5.143402369752160357e-03
1.267421974000000062e-01,5.143253384967474105e-03
1.268242572000000123e-01,5.143067164786034942e-03
1.268406628000000036e-01,5.143029921941696947e-03
1.268898668000000007e-01,5.142918197030443839e-03
1.269390516999999996e-01,5.142806475834187790e-03
1.269718310999999877e-01,5.142731997807946723e-03
1.270209843000000005e-01,5.142620284073877793e-03
1.270701184999999955e-01,5.142508574728964568e-03
1.270864922999999924e-01,5.142471339271199697e-03
1.272174071999999934e-01,5.142173471813393792e-03
1.272337621000000085e-01,5.142136240278407690e-03
1.272828141000000024e-01,5.142024549368574317e-03
1.273481874999999874e-01,5.141875633997647528e-03
1.273645256000000003e-01,5.141838406504881977e-03
1.274625101000000094e-01,5.141615050965699964e-03
1.275277914000000068e-01,5.141466157424603653e-03
1.276745521000000050e-01,5.141131172947474223e-03
1.277234348000000075e-01,5.141019519633948862e-03
1.277560128999999933e-01,5.140945086638929601e-03
1.277885826999999863e-01,5.140870655823365741e-03
1.278048645000000039e-01,5.140833440877220183e-03
1.278699709999999989e-01,5.140684585940896896e-03
1.280488429999999955e-01,5.140275274683199502e-03
1.281138253999999921e-01,5.140126448376753331e-03
1.281463043000000135e-01,5.140052038223371506e-03
1.283896338999999942e-01,5.139494020092383146e-03
1.284544438999999927e-01,5.139345233281781070e-03
1.285192213000000139e-01,5.139196454386431648e-03
1.285354105000000025e-01,5.139159260391073202e-03
1.285839659999999940e-01,5.139047682207391159e-03
1.286486780999999968e-01,5.138898917956242519e-03
1.286648511000000050e-01,5.138861728174151829e-03
1.287780048000000122e-01,5.138601411939000725e-03
1.287941615000000040e-01,5.138564225629872403e-03
1.288264688999999907e-01,5.138489855223479265e-03
1.288426195000000052e-01,5.138452670209819884e-03
1.289233422999999934e-01,5.138266754041009160e-03
1.290201430000000038e-01,5.138043669253259706e-03
1.290362693999999866e-01,5.138006489916876682e-03
1.291007547999999949e-01,5.137857778722582959e-03
1.291813162999999876e-01,5.137671899830570203e-03
1.292296290999999930e-01,5.137560378267299645e-03
1.293101103000000029e-01,5.137374518228465456e-03
1.293583749999999977e-01,5.137263007112191464e-03
1.295512538999999963e-01,5.136817008133063786e-03
1.295673142000000055e-01,5.136779844182802826e-03
1.295994287999999994e-01,5.136705518580536242e-03
1.296636341000000081e-01,5.136556873028545744e-03
1.296796805000000052e-01,5.136519712739560060e-03
1.297438461000000043e-01,5.136371076169317200e-03
1.298079799999999895e-01,5.136222447169101410e-03
1.298240085000000044e-01,5.136185291409328668e-03
1.298560595999999900e-01,5.136110980250790416e-03
1.299361528000000099e-01,5.135925212159511699e-03
1.299521654999999942e-01,5.135888059478624194e-03
1.301121842999999889e-01,5.135516562438088850e-03
1.301281753000000097e-01,5.135479415965486100e-03
1.301761367000000003e-01,5.135367976902660385e-03
1.301921198999999862e-01,5.135330831597706078e-03
1.303358805000000009e-01,5.134996545739429520e-03
1.303678057000000057e-01,5.134922265294875575e-03
1.304635345999999863e-01,5.134699434719396278e-03
1.305113727999999973e-01,5.134588025597564692e-03
1.305591932999999871e-01,5.134476621323498524e-03
1.305751296999999866e-01,5.134439487065385610e-03
1.306229268999999915e-01,5.134328087931999858e-03
1.307025501999999895e-01,5.134142432115440177e-03
1.307184690000000038e-01,5.134105302303151180e-03
1.308139412999999862e-01,5.133882534065962663e-03
1.308298465000000133e-01,5.133845407507171832e-03
1.308457499000000024e-01,5.133808280999585701e-03
1.309570191999999966e-01,5.133548412654038474e-03
1.309729071000000078e-01,5.133511289818103000e-03
1.310840685000000116e-01,5.133251447666215862e-03
1.311316801999999893e-01,5.133140093947426673e-03
1.311475470000000032e-01,5.133102976687410265e-03
1.312268518999999967e-01,5.132917398415778529e-03
1.312744117999999904e-01,5.132806056418098666e-03
1.313377983000000027e-01,5.132657608126385725e-03
1.313853181000000092e-01,5.132546276399154415e-03
1.314011542000000088e-01,5.132509166891761204e-03
1.314644795999999893e-01,5.132360733039061616e-03
1.315277744999999998e-01,5.132212307301687280e-03
1.315752256000000120e-01,5.132100992769298743e-03
1.316068501999999862e-01,5.132026785366398253e-03
1.316542729000000078e-01,5.131915477588813897e-03
1.317016785000000023e-01,5.131804174432173793e-03
1.318280101000000037e-01,5.131507385854728806e-03
1.318437929999999869e-01,5.131470289739948135e-03
1.318595740999999877e-01,5.131433193103871783e-03
1.319069059000000099e-01,5.131321907993532244e-03
1.321118145000000077e-01,5.130839721825759640e-03
1.321433106999999885e-01,5.130765546374291101e-03
1.322220182999999938e-01,5.130580115012742422e-03
1.322849506999999869e-01,5.130431779329888350e-03
1.323635740999999921e-01,5.130246369606857038e-03
1.323950104000000128e-01,5.130172208880911383e-03
1.324735684999999996e-01,5.129986816329983219e-03
1.325991646999999940e-01,5.129690211262427808e-03
1.326148558999999949e-01,5.129653138232432089e-03
1.326619182000000063e-01,5.129541920598440843e-03
1.327089637999999960e-01,5.129430706343037806e-03
1.327403182999999931e-01,5.129356566825663509e-03
1.328343374000000021e-01,5.129134158208857944e-03
1.328500008000000066e-01,5.129097092215998722e-03
1.328969798999999896e-01,5.128985895383563268e-03
1.329908881999999903e-01,5.128763514723549966e-03
1.330378174999999885e-01,5.128652330528026861e-03
1.331159962000000030e-01,5.128467033917161015e-03
1.331628814999999966e-01,5.128355861427614376e-03
1.332097502000000044e-01,5.128244692293473968e-03
1.332253693999999877e-01,5.128207637452762528e-03
1.333502575000000134e-01,5.127911212254228704e-03
1.333658601999999915e-01,5.127874161835072400e-03
1.333970603000000088e-01,5.127800060809519812e-03
1.334906168999999976e-01,5.127577769856480130e-03
1.335373705000000022e-01,5.127466631167059384e-03
1.335996832999999939e-01,5.127318452899697412e-03
1.336463988000000103e-01,5.127207323384400800e-03
1.336619671000000009e-01,5.127170281444676930e-03
1.337242217999999871e-01,5.127022117505478614e-03
1.338330979000000032e-01,5.126762848495856895e-03
1.338641891000000028e-01,5.126688776711857930e-03
1.340971431999999908e-01,5.126133291966130691e-03
1.341126591000000035e-01,5.126096263322296384e-03
1.341591960000000083e-01,5.125985180510338017e-03
1.342057167000000051e-01,5.125874102050611766e-03
1.342212201000000105e-01,5.125837076440353454e-03
1.342367215999999974e-01,5.125800051781333362e-03
1.343451823000000045e-01,5.125540890882366619e-03
1.343606696000000100e-01,5.125503870023619991e-03
1.344845033000000023e-01,5.125207718714165119e-03
1.345309115999999972e-01,5.125096668936134775e-03
1.345773037999999922e-01,5.124985624636840820e-03
1.346391352999999902e-01,5.124837571417590470e-03
1.346545888000000024e-01,5.124800559231331917e-03
1.347009383999999976e-01,5.124689525083147949e-03
1.347163848000000053e-01,5.124652514443090931e-03
1.347781523999999898e-01,5.124504478138831691e-03
1.348398918000000002e-01,5.124356449253106988e-03
1.348861778000000067e-01,5.124245432517134449e-03
1.349016029000000005e-01,5.124208427440377252e-03
1.350249404999999958e-01,5.123912406670770407e-03
1.350711631000000024e-01,5.123801406336741041e-03
1.350865670999999990e-01,5.123764407226900040e-03
1.351327686000000083e-01,5.123653412615291475e-03
1.351943459999999930e-01,5.123505427100960054e-03
1.352251241999999909e-01,5.123431436412580892e-03
1.352712784000000001e-01,5.123320454505243988e-03
1.353942793000000033e-01,5.123024523445723726e-03
1.354557378000000034e-01,5.122876568604055499e-03
1.354710980999999925e-01,5.122839581692871513e-03
1.355939177000000107e-01,5.122543698513254418e-03
1.356246051999999980e-01,5.122469733040918918e-03
1.356399463000000083e-01,5.122432751003647838e-03
1.357166260999999874e-01,5.122247845804507940e-03
1.358085847000000124e-01,5.122025976027089547e-03
1.358698557999999945e-01,5.121878071932968110e-03
1.358851692999999972e-01,5.121841097570739056e-03
1.359464059000000113e-01,5.121693202838212451e-03
1.359617106999999880e-01,5.121656230292016831e-03
1.360840875000000061e-01,5.121360467296966895e-03
1.361299504000000049e-01,5.121249563842971905e-03
1.361757979000000063e-01,5.121138665023704413e-03
1.361910769999999937e-01,5.121101699341579737e-03
1.363590336999999930e-01,5.120695109162347325e-03
1.363742921999999969e-01,5.120658149532967759e-03
1.364505592999999961e-01,5.120473356976833895e-03
1.364962990999999959e-01,5.120362487753381785e-03
1.365572616000000072e-01,5.120214667686874208e-03
1.366791052000000117e-01,5.119919050350351178e-03
1.366943280000000038e-01,5.119882099814582026e-03
1.367399861999999966e-01,5.119771252769699660e-03
1.367856292000000085e-01,5.119660409179940634e-03
1.368160494000000005e-01,5.119586516093134997e-03
1.368464628999999932e-01,5.119512624603686154e-03
1.369224669999999922e-01,5.119327904297359122e-03
1.370439857999999900e-01,5.119032375837748866e-03
1.370591680999999895e-01,5.118995437760346517e-03
1.370895276000000107e-01,5.118921560602943642e-03
1.371047048000000046e-01,5.118884623019578396e-03
1.371502263999999915e-01,5.118773813642163266e-03
1.372260621999999985e-01,5.118589140330830067e-03
1.374078974000000064e-01,5.118145971087020851e-03
1.374230395000000104e-01,5.118109043965935953e-03
1.375289872999999885e-01,5.117850562412475275e-03
1.375441161000000023e-01,5.117813638168157778e-03
1.375894923000000047e-01,5.117702869591749318e-03
1.376348535999999956e-01,5.117592104700655932e-03
1.376499707000000128e-01,5.117555183635665896e-03
1.377708478000000125e-01,5.117259834406339900e-03
1.377859499999999904e-01,5.117222917929425442e-03
1.379067079000000084e-01,5.116927602583586608e-03
1.379519649000000014e-01,5.116816866603171761e-03
1.380575068000000072e-01,5.116558499847794449e-03
1.380725775999999960e-01,5.116521592581798478e-03
1.381479070999999947e-01,5.116337061011061969e-03
1.381930851000000016e-01,5.116226347574787288e-03
1.382683489000000043e-01,5.116041834691405395e-03
1.383134874999999986e-01,5.115931132117690697e-03
1.384788700000000039e-01,5.115525260101682486e-03
1.385089183000000057e-01,5.115451471698622896e-03
1.385389600999999971e-01,5.115377685049530068e-03
1.385990242000000039e-01,5.115230115882685516e-03
1.386290464000000111e-01,5.115156334637454075e-03
1.386740676999999866e-01,5.115045666229035837e-03
1.387190742999999948e-01,5.114935001969370121e-03
1.387340732000000021e-01,5.114898114810512327e-03
1.387490705999999963e-01,5.114861227488089190e-03
1.387790603999999872e-01,5.114787456090786645e-03
1.388540065999999962e-01,5.114603034209365927e-03
1.389139343999999943e-01,5.114455504217078202e-03
1.389588633000000129e-01,5.114344862376809554e-03
1.390337125999999979e-01,5.114160468314415432e-03
1.390935630000000034e-01,5.114012961680107321e-03
1.392131866000000107e-01,5.113717969175823191e-03
1.392281324000000098e-01,5.113681097648017405e-03
1.392580190000000107e-01,5.113607355451734067e-03
1.393476405000000085e-01,5.113386139698358930e-03
1.394372043000000061e-01,5.113164940515672191e-03
1.394521260000000096e-01,5.113128076024916167e-03
1.395565333999999880e-01,5.112870034257890189e-03
1.395863497000000009e-01,5.112796312329022201e-03
1.396310622999999973e-01,5.112685733288079189e-03
1.396757604999999958e-01,5.112575158474888005e-03
1.396906566999999988e-01,5.112538300349410945e-03
1.397502257999999886e-01,5.112390875050442339e-03
1.398246513999999996e-01,5.112206604396905135e-03
1.399287808000000133e-01,5.111948644518820098e-03
1.399436501000000110e-01,5.111911794647524231e-03
1.399882484999999954e-01,5.111801248947990713e-03
1.400625477000000119e-01,5.111617015647092720e-03
1.401071081999999968e-01,5.111506480461246345e-03
1.401665002999999965e-01,5.111359107526084605e-03
1.402110277999999988e-01,5.111248582955600986e-03
1.402852089999999941e-01,5.111064383045160926e-03
1.403445257000000002e-01,5.110917032384486997e-03
1.403889966999999905e-01,5.110806524067147173e-03
1.405075174000000038e-01,5.110511856147542491e-03
1.405223254999999893e-01,5.110475024844863753e-03
1.406407338000000007e-01,5.110180389997122895e-03
1.406555278999999936e-01,5.110143562902048908e-03
1.406851112999999986e-01,5.110069909645310535e-03
1.407590425999999950e-01,5.109885785509018716e-03
1.407738242000000084e-01,5.109848961963742338e-03
1.408181597000000007e-01,5.109738493613819911e-03
1.408624812000000004e-01,5.109628030322020675e-03
1.408920210999999867e-01,5.109554389856160901e-03
1.409215548999999956e-01,5.109480751534846953e-03
1.409953622000000018e-01,5.109296664069756799e-03
1.410101189999999893e-01,5.109259848136366369e-03
1.411281181000000051e-01,5.108965336112871944e-03
1.411723423000000033e-01,5.108854900709157779e-03
1.412312863999999890e-01,5.108707662137404459e-03
1.412902058999999932e-01,5.108560430093629819e-03
1.413491007999999882e-01,5.108413205263855408e-03
1.413638207000000035e-01,5.108376399662091158e-03
1.413932558999999867e-01,5.108302791087938541e-03
1.414079712000000100e-01,5.108265987879698038e-03
1.414521079000000126e-01,5.108155579671451105e-03
1.414815248000000081e-01,5.108081976943768497e-03
1.415256386000000033e-01,5.107971576259077127e-03
1.415844356000000026e-01,5.107824380663384019e-03
1.416285173000000064e-01,5.107713989730583784e-03
1.417019563999999954e-01,5.107530013650160745e-03
1.418340509000000083e-01,5.107198885088210481e-03
1.419220455000000103e-01,5.106978154626551011e-03
1.419513649999999960e-01,5.106904581612867894e-03
1.420539353999999976e-01,5.106647089040878586e-03
1.420685821999999876e-01,5.106610306334623609e-03
1.420978713999999921e-01,5.106536741782860891e-03
1.422295982000000014e-01,5.106205727399398472e-03
1.423319681000000114e-01,5.105948296331715153e-03
1.423465864000000025e-01,5.105911522477543305e-03
1.424196550999999866e-01,5.105727659444141663e-03
1.424634784000000098e-01,5.105617347648017806e-03
1.425072881999999985e-01,5.105507040171825515e-03
1.425364872999999866e-01,5.105433504211213079e-03
1.425802747000000092e-01,5.105323202713046155e-03
1.426386369000000043e-01,5.105176141662829369e-03
1.427407133999999966e-01,5.104918801504714984e-03
1.427990101000000123e-01,5.104771760659733253e-03
1.428135805000000091e-01,5.104735001696740840e-03
1.428572830000000016e-01,5.104624727722554406e-03
1.428718475000000099e-01,5.104587969861291812e-03
1.429300907000000120e-01,5.104440946116106485e-03
1.429883100999999879e-01,5.104293928500433855e-03
1.430319592000000029e-01,5.104183671313901154e-03
1.431628265000000066e-01,5.103852922097086055e-03
1.432354788000000101e-01,5.103669189232554887e-03
1.432645294999999874e-01,5.103595699370046951e-03
1.432790526000000120e-01,5.103558954775802917e-03
1.433226130999999959e-01,5.103448725443326082e-03
1.433371303000000041e-01,5.103411982405905295e-03
1.433951844999999947e-01,5.103265016848486206e-03
1.434677192000000101e-01,5.103081321132313213e-03
1.434967228000000039e-01,5.103007846551492650e-03
1.435112223999999992e-01,5.102971109904832180e-03
1.435836984999999955e-01,5.102787431923000092e-03
1.436271665999999947e-01,5.102677231398380399e-03
1.436851036000000026e-01,5.102530302402504166e-03
1.437285409999999874e-01,5.102420111752447446e-03
1.438009075999999997e-01,5.102236468608859626e-03
1.438587745999999890e-01,5.102089563237275152e-03
1.439744389000000013e-01,5.101795773788996534e-03
1.440322361999999967e-01,5.101648889705588143e-03
1.440466819000000009e-01,5.101612170433486061e-03
1.441477613000000102e-01,5.101355144477734589e-03
1.441910593999999879e-01,5.101244997739362054e-03
1.442487698999999901e-01,5.101098141886630140e-03
1.442776165000000110e-01,5.101024716220905510e-03
1.443641216999999866e-01,5.100804451645121057e-03
1.443785341999999916e-01,5.100767743053602130e-03
1.444361698000000138e-01,5.100620910706924090e-03
1.444937823999999926e-01,5.100474086703144470e-03
1.445081820000000128e-01,5.100437381498100671e-03
1.445513720000000113e-01,5.100327270041843039e-03
1.445945492000000054e-01,5.100217161830116787e-03
1.447096254000000137e-01,5.099923560384022302e-03
1.448389767999999911e-01,5.099593295508586706e-03
1.448533421000000043e-01,5.099556601627016315e-03
1.448820682999999998e-01,5.099483214707529674e-03
1.448964292000000098e-01,5.099446522233793203e-03
1.449682127999999959e-01,5.099263066748698295e-03
1.450686501000000017e-01,5.099006248480366169e-03
1.450829925999999881e-01,5.098969561563496296e-03
1.451833503999999941e-01,5.098712769436622091e-03
1.451976815999999892e-01,5.098676086728640665e-03
1.452406666000000124e-01,5.098566040942231932e-03
1.452836389999999922e-01,5.098455998874044243e-03
1.453552312999999985e-01,5.098272606763648053e-03
1.454124797000000135e-01,5.098125899523153239e-03
1.454697057000000071e-01,5.097979201255592799e-03
1.455412064000000116e-01,5.097795838010359473e-03
1.456269609999999992e-01,5.097575817733433073e-03
1.456555347000000056e-01,5.097502480298216412e-03
1.456983846000000082e-01,5.097392478911244064e-03
1.457554983000000082e-01,5.097245817548888211e-03
1.457983189000000013e-01,5.097135826160453451e-03
1.458696586000000073e-01,5.096952515269402746e-03
1.458839222999999963e-01,5.096915855307164976e-03
1.459694756000000093e-01,5.096695900913921634e-03
1.459837296000000006e-01,5.096659243269791376e-03
1.459979821999999872e-01,5.096622587136043214e-03
1.460407317000000094e-01,5.096512618526119302e-03
1.460834685999999882e-01,5.096402654246811117e-03
1.462542916000000026e-01,5.095962840402984070e-03
1.462685177999999975e-01,5.095926192358113567e-03
1.464391248999999950e-01,5.095486450329204248e-03
1.464817456999999989e-01,5.095376525370790693e-03
1.465527527000000108e-01,5.095193325433816645e-03
1.465669498999999931e-01,5.095156687100360106e-03
1.466095335000000000e-01,5.095046774192290781e-03
1.468789426999999870e-01,5.094350757360602278e-03
1.468931083999999998e-01,5.094314128936116952e-03
1.469072727999999883e-01,5.094277501281803747e-03
1.469355974999999870e-01,5.094204248536659749e-03
1.469497577999999971e-01,5.094167622227082498e-03
1.470063852999999865e-01,5.094021122875667766e-03
1.470205387000000086e-01,5.093984498241042359e-03
1.470629908999999957e-01,5.093874629979871192e-03
1.471054309000000004e-01,5.093764765797525844e-03
1.471337174000000025e-01,5.093691525060817758e-03
1.471619985000000019e-01,5.093618285746754661e-03
1.472326774000000116e-01,5.093435198170738823e-03
1.472468090999999868e-01,5.093398581119198618e-03
1.472891960999999916e-01,5.093288734395043545e-03
1.473598140000000056e-01,5.093105666783617584e-03
1.473880516999999946e-01,5.093032442748731715e-03
1.474445108999999920e-01,5.092886000615064017e-03
1.475714650000000128e-01,5.092556532230060190e-03
1.475855641999999912e-01,5.092519925725685556e-03
1.476278540000000028e-01,5.092410113566069214e-03
1.476983098999999910e-01,5.092227099906613749e-03
1.477405673999999947e-01,5.092117298015296639e-03
1.477828127999999963e-01,5.092007500718216846e-03
1.477968919000000048e-01,5.091970901699792440e-03
1.478391212000000066e-01,5.091861108830893559e-03
1.478954080999999865e-01,5.091714725616666368e-03
1.479657366999999890e-01,5.091531756945877341e-03
1.480219755000000137e-01,5.091385389792073973e-03
1.480360319000000036e-01,5.091348799503361833e-03
1.481343890000000052e-01,5.091092677812279581e-03
1.481484346999999979e-01,5.091056090340883265e-03
1.482467172999999971e-01,5.090799994954793919e-03
1.482888185000000025e-01,5.090690247665411762e-03
1.483449347999999945e-01,5.090543922109645909e-03
1.483729850000000128e-01,5.090470763110507661e-03
1.484711190000000125e-01,5.090214719382326301e-03
1.485131564999999931e-01,5.090104992686766798e-03
1.485831927000000052e-01,5.089922124854639844e-03
1.486391978999999919e-01,5.089775838276897925e-03
1.487091747000000019e-01,5.089592991578607839e-03
1.487511448999999930e-01,5.089483288629364013e-03
1.488070868999999963e-01,5.089337024730888545e-03
1.489049347999999995e-01,5.089081081445097701e-03
1.489189077999999999e-01,5.089044519118386331e-03
1.489328795000000039e-01,5.089007958283331585e-03
1.489747867000000003e-01,5.088898278117188687e-03
1.490306446999999923e-01,5.088752043124667238e-03
1.490446059999999961e-01,5.088715485650869078e-03
1.490864818000000036e-01,5.088605816092570643e-03
1.491422980000000065e-01,5.088459596061745138e-03
1.492538676999999869e-01,5.088167178807989459e-03
1.492678081000000101e-01,5.088130629052466970e-03
1.494071399999999938e-01,5.087765151984389653e-03
1.494210660999999996e-01,5.087728607415970515e-03
1.496019868000000030e-01,5.087253563989422786e-03
1.496298013000000038e-01,5.087180486727405949e-03
1.496437066000000093e-01,5.087143948619291325e-03
1.496854149000000078e-01,5.087034338690159078e-03
1.497132139000000028e-01,5.086961267283229490e-03
1.497549028000000060e-01,5.086851663334935464e-03
1.497965800999999930e-01,5.086742063990414529e-03
1.498104698999999929e-01,5.086705532696246014e-03
1.499354206000000078e-01,5.086376762853127113e-03
1.500186632999999936e-01,5.086157603922896071e-03
1.500325325999999904e-01,5.086121079741317587e-03
1.500464005999999906e-01,5.086084554849389788e-03
1.500879968999999925e-01,5.085974984071227334e-03
1.501295816999999866e-01,5.085865417480535562e-03
1.501434407999999998e-01,5.085828896397730919e-03
1.502681146000000023e-01,5.085500226305731709e-03
1.503096496000000115e-01,5.085390678945313561e-03
1.504203534000000120e-01,5.085098569761083501e-03
1.504618463000000073e-01,5.084989036309302615e-03
1.504756747999999866e-01,5.084952526554329874e-03
1.505171525000000010e-01,5.084842998046680031e-03
1.505309757999999942e-01,5.084806489970980330e-03
1.505862565999999958e-01,5.084660460878338492e-03
1.506000735999999951e-01,5.084623955439000406e-03
1.507105640999999996e-01,5.084331922951331774e-03
1.508071769000000062e-01,5.084076419660558781e-03
1.509175157000000045e-01,5.083784443574029116e-03
1.509588719999999940e-01,5.083674959724618185e-03
1.509726549000000029e-01,5.083638466413751937e-03
1.510139960999999920e-01,5.083528987553112555e-03
1.510415505999999908e-01,5.083456004619167981e-03
1.510828728999999981e-01,5.083346533090317421e-03
1.511517183999999958e-01,5.083164089778539028e-03
1.511792477999999995e-01,5.083091116621364994e-03
1.512618058999999904e-01,5.082872205447659317e-03
1.513030680999999933e-01,5.082762756263550265e-03
1.513718133999999993e-01,5.082580348630246804e-03
1.513993026999999880e-01,5.082507390270722854e-03
1.514542664999999899e-01,5.082361476920329267e-03
1.514680043999999948e-01,5.082324999136145390e-03
1.515229432000000098e-01,5.082179094851489547e-03
1.515778621999999964e-01,5.082033198556244052e-03
1.516190383000000086e-01,5.081923781097497789e-03
1.516327611999999936e-01,5.081887309573436540e-03
1.517836311999999910e-01,5.081486151030018862e-03
1.517973393000000004e-01,5.081449684776484683e-03
1.518384559000000023e-01,5.081340289872968673e-03
1.519069588999999998e-01,5.081157972919148232e-03
1.520164995000000130e-01,5.080866288661619636e-03
1.520301864999999975e-01,5.080829831443896619e-03
1.520712402000000130e-01,5.080720459236783525e-03
1.522353442000000112e-01,5.080283009996084363e-03
1.522490115000000033e-01,5.080246559246339409e-03
1.522900061999999943e-01,5.080137208397526860e-03
1.523309898000000107e-01,5.080027863156621679e-03
1.523583061999999877e-01,5.079954967410845248e-03
1.523992714000000082e-01,5.079845627952852410e-03
1.524402256999999872e-01,5.079736293291331820e-03
1.524538746999999916e-01,5.079699848970178899e-03
1.525766605999999970e-01,5.079371871515141364e-03
1.526175671999999983e-01,5.079262554432840970e-03
1.526857206999999994e-01,5.079080367913597731e-03
1.527674646000000136e-01,5.078861758683956423e-03
1.528899987000000016e-01,5.078533876888156363e-03
1.529036075000000106e-01,5.078497447986028007e-03
1.529308215000000082e-01,5.078424591099118222e-03
1.529988354000000050e-01,5.078242457289586578e-03
1.530124344999999886e-01,5.078206031862190876e-03
1.530532246999999901e-01,5.078096758772476099e-03
1.531211842000000101e-01,5.077914645773297028e-03
1.531483596000000058e-01,5.077841802230317371e-03
1.532162769000000035e-01,5.077659706332004162e-03
1.532705890999999931e-01,5.077514036176733470e-03
1.533113106000000003e-01,5.077404788461677664e-03
1.533384523000000110e-01,5.077331959116850209e-03
1.533655891000000049e-01,5.077259131484817591e-03
1.533791557999999999e-01,5.077222719138310691e-03
1.534334102999999894e-01,5.077077070475323646e-03
1.534876456000000000e-01,5.076931431026588358e-03
1.535554128999999934e-01,5.076749390709155325e-03
1.535825114000000102e-01,5.076676577488108133e-03
1.535960588999999987e-01,5.076640171566718616e-03
1.536366940999999986e-01,5.076530957989292166e-03
1.536637782999999979e-01,5.076458150758612897e-03
1.537991277000000101e-01,5.076094140654571936e-03
1.538667576999999953e-01,5.075912153697577367e-03
1.538802801999999970e-01,5.075875756742172923e-03
1.539208404000000086e-01,5.075766570624362650e-03
1.539613898999999952e-01,5.075657389137878950e-03
1.540289487000000013e-01,5.075475429931110109e-03
1.540964779000000007e-01,5.075293481319810215e-03
1.541909690000000110e-01,5.075038771628972122e-03
1.542044630999999943e-01,5.075002386154159328e-03
1.542314475000000074e-01,5.074929616774649307e-03
1.542449379999999981e-01,5.074893233727456252e-03
1.543123727000000056e-01,5.074711321305790113e-03
1.543528192999999993e-01,5.074602179400465943e-03
1.544067316999999939e-01,5.074456663288244400e-03
1.544471535999999978e-01,5.074347531714664371e-03
1.544606252999999874e-01,5.074311154192640179e-03
1.545144999999999991e-01,5.074165652528214894e-03
1.545683559999999901e-01,5.074020159111979934e-03
1.546356496000000080e-01,5.073838301560075308e-03
1.546760118000000128e-01,5.073729192001569070e-03
1.548239160999999864e-01,5.073329161858828977e-03
1.548910987000000072e-01,5.073147347474426909e-03
1.549448237999999922e-01,5.073001905178788420e-03
1.549582522000000073e-01,5.072965545163772225e-03
1.550387978999999972e-01,5.072747397600570370e-03
1.550522180999999999e-01,5.072711040554175183e-03
1.550924717999999924e-01,5.072601973878546749e-03
1.551595380999999940e-01,5.072420205383810013e-03
1.552533822999999924e-01,5.072165749593234713e-03
1.552801845000000014e-01,5.072093051650379894e-03
1.553605633000000041e-01,5.071874968654399400e-03
1.553739557000000104e-01,5.071838623909499105e-03
1.554810536000000021e-01,5.071547875558678545e-03
1.555211962999999975e-01,5.071438853799357764e-03
1.555345749000000000e-01,5.071402513369488441e-03
1.556014505999999964e-01,5.071220819346616143e-03
1.556415623000000081e-01,5.071111810052517793e-03
1.556950283999999907e-01,5.070966468738587543e-03
1.557885499999999979e-01,5.070712138927725883e-03
1.558152600999999915e-01,5.070639477621791992e-03
1.558553166999999962e-01,5.070530489727281473e-03
1.558953630000000090e-01,5.070421505378614260e-03
1.560154403000000023e-01,5.070094576448237918e-03
1.560287764999999938e-01,5.070058253441497506e-03
1.561220982000000035e-01,5.069804005084812583e-03
1.561354252999999914e-01,5.069767684870358539e-03
1.561620760999999913e-01,5.069695047102496313e-03
1.561753998000000032e-01,5.069658729100722828e-03
1.562153639999999954e-01,5.069549776802634820e-03
1.562819484000000092e-01,5.069368199981636597e-03
1.563751188999999986e-01,5.069114012565800395e-03
1.563884245000000117e-01,5.069077700785816487e-03
1.564416352999999926e-01,5.068932462953903463e-03
1.564549352000000060e-01,5.068896153520724597e-03
1.566542979999999974e-01,5.068351580878226181e-03
1.567472471999999950e-01,5.068097480195602605e-03
1.567605212000000026e-01,5.068061182643468499e-03
1.567737939999999941e-01,5.068024884706662930e-03
1.568666723999999901e-01,5.067770814682715473e-03
1.568799361999999864e-01,5.067734521089505700e-03
1.569197210000000120e-01,5.067625641451025190e-03
1.569594957999999874e-01,5.067516766430445359e-03
1.570125131000000007e-01,5.067371605686530646e-03
1.570787596000000064e-01,5.067190166267418298e-03
1.570920054999999926e-01,5.067153878823969781e-03
1.571317365999999882e-01,5.067045021610300411e-03
1.571979329000000036e-01,5.066863602341731623e-03
1.572376372000000022e-01,5.066754754696579238e-03
1.572905608000000066e-01,5.066609632888550291e-03
1.573434665000000010e-01,5.066464518400833235e-03
1.573963545000000019e-01,5.066319409475382972e-03
1.574095736999999995e-01,5.066283134968841209e-03
1.574360087999999991e-01,5.066210583829618141e-03
1.574888657000000081e-01,5.066065489184820060e-03
1.575549119000000109e-01,5.065884130921654259e-03
1.575945263000000096e-01,5.065775321398471864e-03
1.576473301000000105e-01,5.065630248830698887e-03
1.577265025000000043e-01,5.065412652979678181e-03
1.577660738999999979e-01,5.065303859598507992e-03
1.578320039999999980e-01,5.065122549783347347e-03
1.578715488999999916e-01,5.065013768388966324e-03
1.579242600000000107e-01,5.064868734036389111e-03
1.579374350999999954e-01,5.064832475602566025e-03
1.580296294999999906e-01,5.064578685763341213e-03
1.580427957999999966e-01,5.064542431834313102e-03
1.580822879000000070e-01,5.064433672993106685e-03
1.581480862999999903e-01,5.064252416795784507e-03
1.583453172000000020e-01,5.063708716338216273e-03
1.583978706999999986e-01,5.063563747690459985e-03
1.584372742999999861e-01,5.063455024629290487e-03
1.585029253000000138e-01,5.063273829377516397e-03
1.586734907000000028e-01,5.062802776783011972e-03
1.586997152000000078e-01,5.062730313388491901e-03
1.587128258999999930e-01,5.062694082186669324e-03
1.587521514000000133e-01,5.062585393081998029e-03
1.587652576999999954e-01,5.062549164027646889e-03
1.587783628999999974e-01,5.062512935458124072e-03
1.588700692999999997e-01,5.062259349166803486e-03
1.588831659000000118e-01,5.062223124459025794e-03
1.589093558999999933e-01,5.062150675094630008e-03
1.589748119000000126e-01,5.061969563331555379e-03
1.589878999000000070e-01,5.061933340833988000e-03
1.590925649000000108e-01,5.061643587001796347e-03
1.591187202999999883e-01,5.061571154209658016e-03
1.591317965000000056e-01,5.061534937762673415e-03
1.591710184000000028e-01,5.061426292487244440e-03
1.591840902999999974e-01,5.061390076763361973e-03
1.592363669000000093e-01,5.061245224846484120e-03
1.593016885000000105e-01,5.061064168386853607e-03
1.593278096999999893e-01,5.060991748570181463e-03
1.593408685999999908e-01,5.060955539623462028e-03
1.594453019000000027e-01,5.060665884407129778e-03
1.594974929000000097e-01,5.060521067016734292e-03
1.595887860999999908e-01,5.060267654954871824e-03
1.596018237000000062e-01,5.060231454258989903e-03
1.596148602000000138e-01,5.060195254683145204e-03
1.596539634999999957e-01,5.060086659986058957e-03
1.597191142999999924e-01,5.059905675855349075e-03
1.597581921000000016e-01,5.059797092107879042e-03
1.598102808999999902e-01,5.059652318437210181e-03
1.599144076000000025e-01,5.059362792801755208e-03
1.599534375999999980e-01,5.059254228684243425e-03
1.600054629000000062e-01,5.059109482709391557e-03
1.600314690999999900e-01,5.059037112637590830e-03
1.601224578000000065e-01,5.058783829493629022e-03
1.601744281999999964e-01,5.058639107620390221e-03
1.602393673999999990e-01,5.058458214427598992e-03
1.602783183000000000e-01,5.058349683444796595e-03
1.603172596999999922e-01,5.058241158441790716e-03
1.603432153999999887e-01,5.058168808689990879e-03
1.604210574000000111e-01,5.057951775259130964e-03
1.604340273000000039e-01,5.057915603489492387e-03
1.605766279999999990e-01,5.057517753372318611e-03
1.605895854000000122e-01,5.057481588006781242e-03
1.606414046000000095e-01,5.057336930614188091e-03
1.606932071000000128e-01,5.057192280804484116e-03
1.607320479999999885e-01,5.057083797945990077e-03
1.607838212999999905e-01,5.056939159967548635e-03
1.608485145000000116e-01,5.056758374538570036e-03
1.608614499999999892e-01,5.056722218741396997e-03
1.609002502999999917e-01,5.056613752255667213e-03
1.609390411999999937e-01,5.056505291550207788e-03
1.609907479999999891e-01,5.056360684331370411e-03
1.610036719999999866e-01,5.056324532662187857e-03
1.611586801999999874e-01,5.055890757255707309e-03
1.611715907999999864e-01,5.055854612175155437e-03
1.612103165000000060e-01,5.055746178824098609e-03
1.612748385999999978e-01,5.055565467112951329e-03
1.613135394000000111e-01,5.055457045530443311e-03
1.613651261000000059e-01,5.055312490288832276e-03
1.614038053999999889e-01,5.055204077518250273e-03
1.614811359999999973e-01,5.054987265499916692e-03
1.615197874000000033e-01,5.054878864930753384e-03
1.615584295999999975e-01,5.054770468508947880e-03
1.615713082999999939e-01,5.054734337897705439e-03
1.615841859000000102e-01,5.054698206865049226e-03
1.616228127000000070e-01,5.054589819513038117e-03
1.616614302999999919e-01,5.054481433565067086e-03
1.616871702000000077e-01,5.054409178847150790e-03
1.617900888999999898e-01,5.054120179840335819e-03
1.618158083000000025e-01,5.054047933747688424e-03
1.619314953000000057e-01,5.053722852855203201e-03
1.619700393000000072e-01,5.053614499359209040e-03
1.619828852000000097e-01,5.053578383621919363e-03
1.620342587999999973e-01,5.053433922514281515e-03
1.621369571999999870e-01,5.053145020098652115e-03
1.622011106000000036e-01,5.052964471058938450e-03
1.622908828999999886e-01,5.052711722000969956e-03
1.623934189000000028e-01,5.052422891755525315e-03
1.624062313999999896e-01,5.052386789785739268e-03
1.624318533000000120e-01,5.052314588644937071e-03
1.624446626999999921e-01,5.052278488167061786e-03
1.624830848999999910e-01,5.052170189348690298e-03
1.625854998000000051e-01,5.051881414982261481e-03
1.625982971000000110e-01,5.051845319726488460e-03
1.626110933999999897e-01,5.051809225546562317e-03
1.627006394000000133e-01,5.051556576610313765e-03
1.627134276999999962e-01,5.051520487030399832e-03
1.628156977000000116e-01,5.051231775879515794e-03
1.628540323000000067e-01,5.051123517780245140e-03
1.628923579999999871e-01,5.051015262407734276e-03
1.629562139999999881e-01,5.050834846069455521e-03
1.630072808999999956e-01,5.050690522272006065e-03
1.630455704999999866e-01,5.050582283259001833e-03
1.630583317000000032e-01,5.050546204285864642e-03
1.631603855000000047e-01,5.050257591651370961e-03
1.631986391999999952e-01,5.050149370052175839e-03
1.632113883999999904e-01,5.050113297660267266e-03
1.632496301999999955e-01,5.050005081107860651e-03
1.633006053000000124e-01,5.049860797919270353e-03
1.633133465000000117e-01,5.049824727754631364e-03
1.633260867999999921e-01,5.049788658848810945e-03
1.633643016999999920e-01,5.049680454365160047e-03
1.634025077000000048e-01,5.049572254240733936e-03
1.634279734000000095e-01,5.049500121732891297e-03
1.634661645000000108e-01,5.049391927589886274e-03
1.635170720000000133e-01,5.049247675649642768e-03
1.636315560999999918e-01,5.048923134182897732e-03
1.636569861999999931e-01,5.048851020567324786e-03
1.636696997000000042e-01,5.048814963085143312e-03
1.637332525999999899e-01,5.048634684283201911e-03
1.637713725000000120e-01,5.048526523267007210e-03
1.638221851999999978e-01,5.048382315473985173e-03
1.638602844000000003e-01,5.048274162950311394e-03
1.639364561999999970e-01,5.048057871502533225e-03
1.640125926999999872e-01,5.047841596643051765e-03
1.640379637000000113e-01,5.047769507994817779e-03
1.640760126999999957e-01,5.047661377892913304e-03
1.641140530000000097e-01,5.047553253199622489e-03
1.641267311000000062e-01,5.047517212614248752e-03
1.642154506999999874e-01,5.047264940636290304e-03
1.642281210000000047e-01,5.047228904645617055e-03
1.642661260000000123e-01,5.047120795718004066e-03
1.642787924000000122e-01,5.047084759659740787e-03
1.644307130000000061e-01,5.046652371482263782e-03
1.644433667000000099e-01,5.046616341186110043e-03
1.644686711999999995e-01,5.046544284457002254e-03
1.645319154999999867e-01,5.046364148980176517e-03
1.645445614000000112e-01,5.046328121955299256e-03
1.646456939000000008e-01,5.046039931821809377e-03
1.646709672999999985e-01,5.045967888479898321e-03
1.647341338999999960e-01,5.045787790371882887e-03
1.647846497000000077e-01,5.045643717788010282e-03
1.648351500999999941e-01,5.045499652458657579e-03
1.648477727999999864e-01,5.045463638089490999e-03
1.650243888000000048e-01,5.044959476150406331e-03
1.650748157999999965e-01,5.044815444145274615e-03
1.651378279000000060e-01,5.044635416969694454e-03
1.651504273999999939e-01,5.044599413120844263e-03
1.652260043999999872e-01,5.044383397079381902e-03
1.652385972000000036e-01,5.044347397230564654e-03
1.652511891000000011e-01,5.044311395948236111e-03
1.652889589000000048e-01,5.044203396751086553e-03
1.653267200000000103e-01,5.044095401968640840e-03
1.653393052000000085e-01,5.044059404853297630e-03
1.653518894000000072e-01,5.044023407124548393e-03
1.654399518000000124e-01,5.043771441657063197e-03
1.654902521999999931e-01,5.043627469328683735e-03
1.655531061999999942e-01,5.043447516826496911e-03
1.656787426000000119e-01,5.043087643110216907e-03
1.656913010000000130e-01,5.043051659247298028e-03
1.657540787000000015e-01,5.042871741420196924e-03
1.657917338999999879e-01,5.042763795538350927e-03
1.658544735999999964e-01,5.042583896458775056e-03
1.658921060999999919e-01,5.042475961729496643e-03
1.659422694000000087e-01,5.042332055506680913e-03
1.660425504999999968e-01,5.042044265472007090e-03
1.660550813999999986e-01,5.042008292745697208e-03
1.660801403000000120e-01,5.041936350975385374e-03
1.661302469000000004e-01,5.041792472092181988e-03
1.661928588000000095e-01,5.041612632546908085e-03
1.662429313000000075e-01,5.041468770638608821e-03
1.662554471000000089e-01,5.041432806882586992e-03
1.663430311999999911e-01,5.041181066020765725e-03
1.663930586000000045e-01,5.041037224130717406e-03
1.664305691999999892e-01,5.040929349492903784e-03
1.664555715999999908e-01,5.040857433753456046e-03
1.664805702999999915e-01,5.040785519854255013e-03
1.664930682000000106e-01,5.040749564882846846e-03
1.665305562999999933e-01,5.040641697987270631e-03
1.666429701000000096e-01,5.040318125460276945e-03
1.666804245000000073e-01,5.040210277148117653e-03
1.667553079999999910e-01,5.039994591300130285e-03
1.668426296999999947e-01,5.039742977533929504e-03
1.669423700000000066e-01,5.039455444483052771e-03
1.669548332999999940e-01,5.039419505288916454e-03
1.669922178000000090e-01,5.039311690030939817e-03
1.670420506999999999e-01,5.039167942600552078e-03
1.670918687999999874e-01,5.039024202059031420e-03
1.671416719999999911e-01,5.038880468445344936e-03
1.671541205000000030e-01,5.038844535940178310e-03
1.672536749999999905e-01,5.038557093747497544e-03
1.672785544000000013e-01,5.038485239052651471e-03
1.672909925999999936e-01,5.038449311191059432e-03
1.673283020000000121e-01,5.038341532107708590e-03
1.673531702999999926e-01,5.038269681113921074e-03
1.673904657999999990e-01,5.038161909725271878e-03
1.674277529000000042e-01,5.038054139294808470e-03
1.674401801000000023e-01,5.038018218397831080e-03
1.674774562999999938e-01,5.037910455454264191e-03
1.675519836000000096e-01,5.037694940354332275e-03
1.675892347999999865e-01,5.037587190601783976e-03
1.676885310000000018e-01,5.037299874314143076e-03
1.677257518999999975e-01,5.037192138316764524e-03
1.677381571000000071e-01,5.037156227684995088e-03
1.678497620000000135e-01,5.036833047276035626e-03
1.678745530000000097e-01,5.036761233892227477e-03
1.678869471999999974e-01,5.036725328681829726e-03
1.679489041999999988e-01,5.036545805361561205e-03
1.679860673999999943e-01,5.036438098335350132e-03
1.680232224000000052e-01,5.036330394205972005e-03
1.680479877999999927e-01,5.036258594392389529e-03
1.680727495999999876e-01,5.036186796797045666e-03
1.681346381000000112e-01,5.036007306631239827e-03
1.682212436999999949e-01,5.035756042373411810e-03
1.682830775999999973e-01,5.035576581192600064e-03
1.683819645999999892e-01,5.035289466162608599e-03
1.684313863999999938e-01,5.035145919702432686e-03
1.685178394999999885e-01,5.034894730448898244e-03
1.685425322000000115e-01,5.034822964200039684e-03
1.685795646000000092e-01,5.034715321928882360e-03
1.686289283999999888e-01,5.034571802978737159e-03
1.686659417999999966e-01,5.034464169249044246e-03
1.687276127000000014e-01,5.034284789627980171e-03
1.687769332000000067e-01,5.034141292373566119e-03
1.688262392999999861e-01,5.033997802082270517e-03
1.688385635999999912e-01,5.033961931924981620e-03
1.689124902999999955e-01,5.033746713022319540e-03
1.689248083000000067e-01,5.033710844790779265e-03
1.690233197999999881e-01,5.033423916906682935e-03
1.690356296999999952e-01,5.033388053481972942e-03
1.690602468999999886e-01,5.033316326885250123e-03
1.690725540999999943e-01,5.033280462618762094e-03
1.691709795999999932e-01,5.032993577278411200e-03
1.692570549000000091e-01,5.032742577113312639e-03
1.692693477999999974e-01,5.032706720898926997e-03
1.693185104999999913e-01,5.032563304383257628e-03
1.693307990000000041e-01,5.032527449931194913e-03
1.693676590000000037e-01,5.032419893719121927e-03
1.694290743999999904e-01,5.032240640684165767e-03
1.695150186999999919e-01,5.031989704096665253e-03
1.696254544999999947e-01,5.031667105875579221e-03
1.696622505000000003e-01,5.031559580146152157e-03
1.696990385000000101e-01,5.031452059090355498e-03
1.697112993999999875e-01,5.031416219183938721e-03
1.697235594000000014e-01,5.031380381067067017e-03
1.697603340999999932e-01,5.031272866312733183e-03
1.697971007999999893e-01,5.031165355086431382e-03
1.698093545999999898e-01,5.031129519740838545e-03
1.698461106999999970e-01,5.031022015060704865e-03
1.699195991000000128e-01,5.030807018512572538e-03
1.700420092000000105e-01,5.030448723307138006e-03
1.700542452999999898e-01,5.030412897749536767e-03
1.701031812000000087e-01,5.030269594297709541e-03
1.701521028999999907e-01,5.030126296885941393e-03
1.702010106000000078e-01,5.029983009591915827e-03
1.702132353999999959e-01,5.029947186827770159e-03
1.702376821999999901e-01,5.029875545992117461e-03
1.703110016000000115e-01,5.029660635129357127e-03
1.703842895000000079e-01,5.029445740023602736e-03
1.703965010999999863e-01,5.029409924571325192e-03
1.704331305000000019e-01,5.029302484616943181e-03
1.704819576000000114e-01,5.029159237178249323e-03
1.705429717999999983e-01,5.028980187543462266e-03
1.706039642000000134e-01,5.028801148482687361e-03
1.706405491000000108e-01,5.028693731091536147e-03
1.706893168999999988e-01,5.028550514024092942e-03
1.707015065999999970e-01,5.028514711556521591e-03
1.707989933999999876e-01,5.028228301656130668e-03
1.708233563000000066e-01,5.028156702496196402e-03
1.708355364999999959e-01,5.028120905970085916e-03
1.708720719000000055e-01,5.028013512301171550e-03
1.708964245000000048e-01,5.027941920435275054e-03
1.709816312000000116e-01,5.027691360530411012e-03
1.710789583000000003e-01,5.027405033445023208e-03
1.710911203000000103e-01,5.027369243380525217e-03
1.712248452000000032e-01,5.026975596196423327e-03
1.712612974999999926e-01,5.026868247310635821e-03
1.713584657999999983e-01,5.026582002554129576e-03
1.713706078999999993e-01,5.026546223919859877e-03
1.713827491999999897e-01,5.026510445529766384e-03
1.714070292000000051e-01,5.026438889662353596e-03
1.714677142000000098e-01,5.026260009961791217e-03
1.714798486000000122e-01,5.026224234521769335e-03
1.715162467999999940e-01,5.026116913725138698e-03
1.715526370999999883e-01,5.026009597340102414e-03
1.716011457000000129e-01,5.025866513579677411e-03
1.716617619999999955e-01,5.025687669560174702e-03
1.716738827000000023e-01,5.025651902283209856e-03
1.717102396999999891e-01,5.025544602452335259e-03
1.717708175999999864e-01,5.025365778171306426e-03
1.717950427000000113e-01,5.025294252996080277e-03
1.718071539999999897e-01,5.025258488553755939e-03
1.719524231000000014e-01,5.024829373419166870e-03
1.719887211999999999e-01,5.024722104504501102e-03
1.720008188999999910e-01,5.024686348274501682e-03
1.720612944000000089e-01,5.024507579485745085e-03
1.721338370999999923e-01,5.024293069055324815e-03
1.721459244999999916e-01,5.024257317730148470e-03
1.721821818000000004e-01,5.024150071125506323e-03
1.722425937000000018e-01,5.023971334594884257e-03
1.723392086999999961e-01,5.023685379083989849e-03
1.723874958000000124e-01,5.023542410619071495e-03
1.724357695000000024e-01,5.023399451208792992e-03
1.724478358000000044e-01,5.023363711635865127e-03
1.725443358000000038e-01,5.023077816559021712e-03
1.725684523999999886e-01,5.023006348343172014e-03
1.725805093999999984e-01,5.022970612706899839e-03
1.726407819000000121e-01,5.022791949055836931e-03
1.726769353000000007e-01,5.022684757044592295e-03
1.727733073000000119e-01,5.022398929670572262e-03
1.728214731999999920e-01,5.022256027607793771e-03
1.728335125999999888e-01,5.022220302063240722e-03
1.729057311999999957e-01,5.022005963651015280e-03
1.729297972999999933e-01,5.021934521186376642e-03
1.730140025999999942e-01,5.021684484622339871e-03
1.730981668000000084e-01,5.021434472552651490e-03
1.731222062999999978e-01,5.021363043398681392e-03
1.731462423000000028e-01,5.021291616493644104e-03
1.731943045000000070e-01,5.021148769226638567e-03
1.732063179999999980e-01,5.021113057961460943e-03
1.732543633999999999e-01,5.020970220491515271e-03
1.733144016000000009e-01,5.020791679992895468e-03
1.733384109999999978e-01,5.020720268457704201e-03
1.733984199999999976e-01,5.020541745713192477e-03
1.734104193000000071e-01,5.020506043604658179e-03
1.734464122999999913e-01,5.020398936455151839e-03
1.734823977999999933e-01,5.020291831069812437e-03
1.735063840000000135e-01,5.020220433444373860e-03
1.735423570000000082e-01,5.020113336218239540e-03
1.735783226000000012e-01,5.020006243079583839e-03
1.735903095000000118e-01,5.019970547466770169e-03
1.736981541000000018e-01,5.019649297469560428e-03
1.737221104999999988e-01,5.019577914551735451e-03
1.737340874999999951e-01,5.019542222918399986e-03
1.738298734000000012e-01,5.019256708478940163e-03
1.738777465999999938e-01,5.019113961763089701e-03
1.739614929999999948e-01,5.018864172077419639e-03
1.739854131000000137e-01,5.018792809980687775e-03
1.740691075999999948e-01,5.018543048870971815e-03
1.741647092999999979e-01,5.018257634538252597e-03
1.741766557999999965e-01,5.018221959193127496e-03
1.742602584999999871e-01,5.017972247420995034e-03
1.742721985000000029e-01,5.017936575913707099e-03
1.742960759999999942e-01,5.017865235397618758e-03
1.743080134999999975e-01,5.017829564643443672e-03
1.743676888000000036e-01,5.017651223010006004e-03
1.744034841999999863e-01,5.017544222232260889e-03
1.744392723000000034e-01,5.017437226870379713e-03
1.745465922999999975e-01,5.017116259802027398e-03
1.745942689999999964e-01,5.016973621162958835e-03
1.746300178999999897e-01,5.016866645378863232e-03
1.746538464999999873e-01,5.016795332255435946e-03
1.746895831999999982e-01,5.016688362438188019e-03
1.748324572000000132e-01,5.016260530003690057e-03
1.748443581000000135e-01,5.016224881362506965e-03
1.748800558999999977e-01,5.016117933771506790e-03
1.749395360999999871e-01,5.015939696491882906e-03
1.750227742999999891e-01,5.015690184765273993e-03
1.750346623000000046e-01,5.015654541513894955e-03
1.751178553999999943e-01,5.015405056458275244e-03
1.751653764999999974e-01,5.015262501351702706e-03
1.752010089000000104e-01,5.015155589753515428e-03
1.752485075000000114e-01,5.015013048667713545e-03
1.752603801000000017e-01,5.014977412911375554e-03
1.753553322999999997e-01,5.014692354726932137e-03
1.754027891000000117e-01,5.014549835741186415e-03
1.754146513000000018e-01,5.014514208958433319e-03
1.754383733000000056e-01,5.014442953364595633e-03
1.754502330999999915e-01,5.014407325496442538e-03
1.754858076999999961e-01,5.014300446099165601e-03
1.755095200000000022e-01,5.014229195635792544e-03
1.755450826000000131e-01,5.014122323061857844e-03
1.756280337999999996e-01,5.013872969904960113e-03
1.756872607999999947e-01,5.013694874163429974e-03
1.756991036999999978e-01,5.013659256056853843e-03
1.757346278999999956e-01,5.013552405471539269e-03
1.757701449000000082e-01,5.013445557380150769e-03
1.758648217999999874e-01,5.013160652438243201e-03
1.758766529000000134e-01,5.013125038960364668e-03
1.759830964000000109e-01,5.012804557659682365e-03
1.760067416999999967e-01,5.012733344260187317e-03
1.760185632000000056e-01,5.012697739725572449e-03
1.760776588000000087e-01,5.012519716305331025e-03
1.761131066000000134e-01,5.012412908089043141e-03
1.761485473000000135e-01,5.012306104258383403e-03
1.761603593000000134e-01,5.012270502447076226e-03
1.761957903999999964e-01,5.012163703728061102e-03
1.762075992000000091e-01,5.012128105104957966e-03
1.762548265999999975e-01,5.011985713757385712e-03
1.762666314000000123e-01,5.011950117274081330e-03
1.763610418000000069e-01,5.011665359521213364e-03
1.763964326999999943e-01,5.011558584968185161e-03
1.764436094000000066e-01,5.011416222222226172e-03
1.765261384000000044e-01,5.011167103109235091e-03
1.765379252000000010e-01,5.011131517556251594e-03
1.765732805999999933e-01,5.011024759790235275e-03
1.766204101000000137e-01,5.010882426114268359e-03
1.766321905000000081e-01,5.010846842827283883e-03
1.766793043000000063e-01,5.010704514231203999e-03
1.767617233000000065e-01,5.010455460094671160e-03
1.768323376000000002e-01,5.010242001170971127e-03
1.768676341000000041e-01,5.010135278815740223e-03
1.769264459999999872e-01,5.009957414471112591e-03
1.769969946000000127e-01,5.009743992578027244e-03
1.770087499000000120e-01,5.009708423762979437e-03
1.771027646999999983e-01,5.009423890411563753e-03
1.771145130000000012e-01,5.009388325064411188e-03
1.771380073000000110e-01,5.009317197805299160e-03
1.771497532999999902e-01,5.009281633459718684e-03
1.772436933000000048e-01,5.008997144174046241e-03
1.773258498999999988e-01,5.008748236857341399e-03
1.773845098999999870e-01,5.008570459222952583e-03
1.774314240000000042e-01,5.008428246341292515e-03
1.774783255999999865e-01,5.008286039241878658e-03
1.774900490999999914e-01,5.008250489200070758e-03
1.775252149000000057e-01,5.008143841409886700e-03
1.775720916999999899e-01,5.008001646534954686e-03
1.775838090000000091e-01,5.007966102009287282e-03
1.776658084000000137e-01,5.007717284460666898e-03
1.776775194999999918e-01,5.007681741555418571e-03
1.777126481000000091e-01,5.007575111836287847e-03
1.777477698999999911e-01,5.007468489455949023e-03
1.777711804999999867e-01,5.007397410290149314e-03
1.778881874999999890e-01,5.007042033241522992e-03
1.778998838999999998e-01,5.007006499128230544e-03
1.779583546999999877e-01,5.006828830307511607e-03
1.780518680000000020e-01,5.006544584718284133e-03
1.780869227999999915e-01,5.006437999673448921e-03
1.781219708000000013e-01,5.006331417668315013e-03
1.781336518999999952e-01,5.006295890982036430e-03
1.782153982000000136e-01,5.006047220826880667e-03
1.782270732000000024e-01,5.006011697766424816e-03
1.783321136999999890e-01,5.005692012575696515e-03
1.784137691000000081e-01,5.005443394058253087e-03
1.784254311000000037e-01,5.005407880237748922e-03
1.784487527999999990e-01,5.005336852061926210e-03
1.786119197000000103e-01,5.004839698664568549e-03
1.786468646000000104e-01,5.004733177535200875e-03
1.786934471999999940e-01,5.004591154182594717e-03
1.787400177000000034e-01,5.004449137235618059e-03
1.787865760000000026e-01,5.004307130474548206e-03
1.788214868000000124e-01,5.004200627607671877e-03
1.788331221999999998e-01,5.004165128616973497e-03
1.788680239000000061e-01,5.004058630981180963e-03
1.788912879000000011e-01,5.003987636819137892e-03
1.789261782999999884e-01,5.003881146631991225e-03
1.789610618999999958e-01,5.003774660690907261e-03
1.790772912999999966e-01,5.003419736329560961e-03
1.791121454000000057e-01,5.003313268854194668e-03
1.791469927999999878e-01,5.003206803858208790e-03
1.791586071000000058e-01,5.003171318306579712e-03
1.792050565999999956e-01,5.003029372392244628e-03
1.792398859000000066e-01,5.002922918275150288e-03
1.793559346999999971e-01,5.002568100331640337e-03
1.793791354000000005e-01,5.002497142852150962e-03
1.794487197000000089e-01,5.002284278110380282e-03
1.794835016999999922e-01,5.002177851285565489e-03
1.795182768999999956e-01,5.002071431183454688e-03
1.795298671999999984e-01,5.002035956830483063e-03
1.795646334000000066e-01,5.001929540545763109e-03
1.796225623000000104e-01,5.001752188515942374e-03
1.796341458000000058e-01,5.001716718666808156e-03
1.796688918999999884e-01,5.001610313916747715e-03
1.797036312999999996e-01,5.001503912135320425e-03
1.797267871000000072e-01,5.001432979979290525e-03
1.797615153000000077e-01,5.001326586251145234e-03
1.798078092000000017e-01,5.001184733523687635e-03
1.799119267000000022e-01,5.000865589039503976e-03
1.799350557000000128e-01,5.000794673927066308e-03
1.799928654000000072e-01,5.000617391416855260e-03
1.800044251000000040e-01,5.000581936007583543e-03
1.800390997000000104e-01,5.000475574284500048e-03
1.800853221000000004e-01,5.000333764677961611e-03
1.800968759000000086e-01,5.000298312898289119e-03
1.801199812000000011e-01,5.000227410902826838e-03
1.801777314999999935e-01,5.000050163315511095e-03
1.802585508000000003e-01,4.999802037705119648e-03
1.803162567000000105e-01,4.999624815569857564e-03
1.803508714000000013e-01,4.999518488181459337e-03
1.803624081000000101e-01,4.999483046608479107e-03
1.804546756000000030e-01,4.999199532825794080e-03
1.805007915999999879e-01,4.999057784430142697e-03
1.805584201000000055e-01,4.998880610607488867e-03
1.805929883000000069e-01,4.998774312065391856e-03
1.806275499999999978e-01,4.998668017570873957e-03
1.806390690000000132e-01,4.998632585972192025e-03
1.806736218999999977e-01,4.998526296990421502e-03
1.807196819999999926e-01,4.998384582381244605e-03
1.807427077000000049e-01,4.998313728612823609e-03
1.807772407000000081e-01,4.998207449516455479e-03
1.808232744999999919e-01,4.998065752899852159e-03
1.808347811000000083e-01,4.998030330653284795e-03
1.809153068000000086e-01,4.997782378930966558e-03
1.810072923999999917e-01,4.997499031237576626e-03
1.810532676999999924e-01,4.997357369047886015e-03
1.810877415000000101e-01,4.997251128077552333e-03
1.811796394999999893e-01,4.996967834434496922e-03
1.812255711000000102e-01,4.996826197541633444e-03
1.812370520999999901e-01,4.996790791306548150e-03
1.812829690999999965e-01,4.996649162646507950e-03
1.813288744999999869e-01,4.996507543366399476e-03
1.814665209000000112e-01,4.996082725038314756e-03
1.815582272000000053e-01,4.995799547556033053e-03
1.815696871999999962e-01,4.995764152615033218e-03
1.816040630000000100e-01,4.995657969617621139e-03
1.816498871999999987e-01,4.995516397523931500e-03
1.816613414000000093e-01,4.995481007019151286e-03
1.816956999000000073e-01,4.995374833922868602e-03
1.817415009999999997e-01,4.995233278985258471e-03
1.817529494000000023e-01,4.995197888176636236e-03
1.817758442000000085e-01,4.995127114496926077e-03
1.818445113000000113e-01,4.994914800448875189e-03
1.818788350999999970e-01,4.994808649258368309e-03
1.819360270000000002e-01,4.994631739416481413e-03
1.819588987999999907e-01,4.994560978176501922e-03
1.819703336000000060e-01,4.994525599028698699e-03
1.821074950999999886e-01,4.994101077153516137e-03
1.821189206000000116e-01,4.994065702147209955e-03
1.821417693999999865e-01,4.993994956036993359e-03
1.821874582999999936e-01,4.993853466177342743e-03
1.822102985000000064e-01,4.993782725764371773e-03
1.822902165999999990e-01,4.993535144587547131e-03
1.823244565000000095e-01,4.993429043362977021e-03
1.823815087000000001e-01,4.993252219513614858e-03
1.824613518000000045e-01,4.993004685802813515e-03
1.824841577000000103e-01,4.992933966367390369e-03
1.825183612000000066e-01,4.992827887445137371e-03
1.825639559999999995e-01,4.992686458027243389e-03
1.825753528999999875e-01,4.992651100930796566e-03
1.826551111999999977e-01,4.992403618517139707e-03
1.826892827000000108e-01,4.992297560427082920e-03
1.827006717999999919e-01,4.992262210105591694e-03
1.827576066000000110e-01,4.992085456742712500e-03
1.828372853999999936e-01,4.991838023980375155e-03
1.828714228999999969e-01,4.991731986363901266e-03
1.829396786999999969e-01,4.991519927892991426e-03
1.829737969999999936e-01,4.991413901748763433e-03
1.830647481999999882e-01,4.991131190087092981e-03
1.832010903000000079e-01,4.990707172725256449e-03
1.832124475999999946e-01,4.990671840533798288e-03
1.832351600000000080e-01,4.990601179544886662e-03
1.832465151999999875e-01,4.990565846647537426e-03
1.832805764000000059e-01,4.990459859603864692e-03
1.833373309999999923e-01,4.990283218332745852e-03
1.833713754000000085e-01,4.990177240745015223e-03
1.833827221000000063e-01,4.990141915391659196e-03
1.833940681000000017e-01,4.990106590695673160e-03
1.834734705999999937e-01,4.989859328114475828e-03
1.834848109999999977e-01,4.989824008466308726e-03
1.835188279999999950e-01,4.989718046668600165e-03
1.835755089999999978e-01,4.989541454135153209e-03
1.835981764999999877e-01,4.989470818792744733e-03
1.836095091999999929e-01,4.989435504031244223e-03
1.836435030999999940e-01,4.989329557185879713e-03
1.836548329999999896e-01,4.989294240832794700e-03
1.837001456000000033e-01,4.989152986833961072e-03
1.837567706999999884e-01,4.988976428124360617e-03
1.837794158000000122e-01,4.988905809292384051e-03
1.837907373000000066e-01,4.988870499576595653e-03
1.838812844000000113e-01,4.988588038415705909e-03
1.840057139000000064e-01,4.988199703177638965e-03
1.840283283999999964e-01,4.988129099859332609e-03
1.840961552000000001e-01,4.987917309381310199e-03
1.841074572999999992e-01,4.987882011688510309e-03
1.841187585999999876e-01,4.987846715663366882e-03
1.841526585000000105e-01,4.987740826942262118e-03
1.842881956999999904e-01,4.987317315491501639e-03
1.843220644000000130e-01,4.987211448380620034e-03
1.843672131000000103e-01,4.987070296666310139e-03
1.844687570000000110e-01,4.986752732205459136e-03
1.845025925999999872e-01,4.986646885455040847e-03
1.845138698000000077e-01,4.986611605698639850e-03
1.845589715000000020e-01,4.986470483492887011e-03
1.845702452000000104e-01,4.986435204141059958e-03
1.846378728999999996e-01,4.986223536339474266e-03
1.846604099999999971e-01,4.986152985505931841e-03
1.847280048000000119e-01,4.985941340524346378e-03
1.848293504999999892e-01,4.985623901516007470e-03
1.848406076999999925e-01,4.985588633870487348e-03
1.848631201000000002e-01,4.985518098003405285e-03
1.849643917999999887e-01,4.985200708477074277e-03
1.849981367000000099e-01,4.985094916757769334e-03
1.850206299000000110e-01,4.985024393268781481e-03
1.850431204000000107e-01,4.984953873049972894e-03
1.850993345999999984e-01,4.984777573807964816e-03
1.851442936999999900e-01,4.984636544927633153e-03
1.852004771000000105e-01,4.984460265786793201e-03
1.852229458000000106e-01,4.984389759877454022e-03
1.852341791000000071e-01,4.984354505265762257e-03
1.852791054000000048e-01,4.984213495909653110e-03
1.853801499000000130e-01,4.983896250978748013e-03
1.854474822000000134e-01,4.983684772824469728e-03
1.854699209000000015e-01,4.983614284667747633e-03
1.855035738999999961e-01,4.983508556655740808e-03
1.855484350000000116e-01,4.983367589061024616e-03
1.855820736999999887e-01,4.983261866539652647e-03
1.856381246999999901e-01,4.983085675521507600e-03
1.856493328999999914e-01,4.983050439073903257e-03
1.856829533000000088e-01,4.982944729061288339e-03
1.857389738999999929e-01,4.982768556155920195e-03
1.857725781000000020e-01,4.982662856823365412e-03
1.858061762000000061e-01,4.982557163912175804e-03
1.858173741999999962e-01,4.982521933967551907e-03
1.858285715999999921e-01,4.982486702857374244e-03
1.859181260999999974e-01,4.982204877994254183e-03
1.860076375999999976e-01,4.981923078900777485e-03
1.860411932000000101e-01,4.981817413240134315e-03
1.860747429000000064e-01,4.981711748501394324e-03
1.860859246999999883e-01,4.981676528390049583e-03
1.861194663000000082e-01,4.981570870527956413e-03
1.861306454999999971e-01,4.981535652235229844e-03
1.861753555000000004e-01,4.981394782222167347e-03
1.861865313000000133e-01,4.981359567372525138e-03
1.862200548000000067e-01,4.981253920329283859e-03
1.862535721999999949e-01,4.981148278499970827e-03
1.863540881999999899e-01,4.980831376594180120e-03
1.864322298999999961e-01,4.980584921291869756e-03
1.864433903000000115e-01,4.980549715694405563e-03
1.864545501000000050e-01,4.980514508246282855e-03
1.864768676000000125e-01,4.980444100538285700e-03
1.864880254000000070e-01,4.980408894760184751e-03
1.865326496999999972e-01,4.980268080345418187e-03
1.865438040999999880e-01,4.980232880702927488e-03
1.866218664000000027e-01,4.979986476970911166e-03
1.867110404000000001e-01,4.979704897715760831e-03
1.867556113999999934e-01,4.979564120511575237e-03
1.868335852000000130e-01,4.979317774444463017e-03
1.868447216000000133e-01,4.979282586016791322e-03
1.868781270000000050e-01,4.979177015052013017e-03
1.869894350999999899e-01,4.978825150521565789e-03
1.870228146000000036e-01,4.978719597256511115e-03
1.870784339000000074e-01,4.978543686813436189e-03
1.871896228999999912e-01,4.978191898866726577e-03
1.872340799999999972e-01,4.978051196331859454e-03
1.872451927000000071e-01,4.978016020722479326e-03
1.872896366000000035e-01,4.977875325098150318e-03
1.873340699999999914e-01,4.977734637285706129e-03
1.873451765999999963e-01,4.977699466687100782e-03
1.875227942999999897e-01,4.977136794895548749e-03
1.875449847000000003e-01,4.977066466980666418e-03
1.876115401000000016e-01,4.976855498609534384e-03
1.876448089999999957e-01,4.976750022847348416e-03
1.876780718999999931e-01,4.976644548971529379e-03
1.876891582000000114e-01,4.976609390295228322e-03
1.877224133000000017e-01,4.976503921062518966e-03
1.877334971000000075e-01,4.976468765911186420e-03
1.877778253999999869e-01,4.976328148913852084e-03
1.878221432999999940e-01,4.976187538431675952e-03
1.878553748000000023e-01,4.976082083925603174e-03
1.878775259000000086e-01,4.976011782136549773e-03
1.879107476999999915e-01,4.975906336322871888e-03
1.879439635000000053e-01,4.975800893255604741e-03
1.879550342000000096e-01,4.975765747531596568e-03
1.880435759999999901e-01,4.975484588416140101e-03
1.880767684000000106e-01,4.975379161267136190e-03
1.880878311999999997e-01,4.975344018226869267e-03
1.881431356999999915e-01,4.975168319486884295e-03
1.882205345999999890e-01,4.974922356299428007e-03
1.882536958000000094e-01,4.974816947702802479e-03
1.883089514999999881e-01,4.974641279856855704e-03
1.883200006999999898e-01,4.974606146060618801e-03
1.883862823000000131e-01,4.974395363207873878e-03
1.884083709000000106e-01,4.974325103567347334e-03
1.884856608999999905e-01,4.974079214904495415e-03
1.885298123999999964e-01,4.973938714446431500e-03
1.885739535000000022e-01,4.973798222712664044e-03
1.885849871999999983e-01,4.973763101202753611e-03
1.886070525999999914e-01,4.973692856488688176e-03
1.886511757000000067e-01,4.973552378043969401e-03
1.887834830000000019e-01,4.973130981291703362e-03
1.888496018999999970e-01,4.972920304730800954e-03
1.888826526000000061e-01,4.972814971924345573e-03
1.889267112999999942e-01,4.972674535800010107e-03
1.889377244000000067e-01,4.972639426667006465e-03
1.889707596999999906e-01,4.972534105048686572e-03
1.890037893000000024e-01,4.972428789034593830e-03
1.890147979000000034e-01,4.972393683901595376e-03
1.890258058000000019e-01,4.972358578901970270e-03
1.891028433999999980e-01,4.972112859399726616e-03
1.891138461999999909e-01,4.972077758885569930e-03
1.891468507999999882e-01,4.971972459114443361e-03
1.892348349000000096e-01,4.971691675945498663e-03
1.892678184000000097e-01,4.971586391338109548e-03
1.892788116000000131e-01,4.971551294621404798e-03
1.893117874999999950e-01,4.971446013145891518e-03
1.894106805000000116e-01,4.971130194355759604e-03
1.894985421000000003e-01,4.970849497178942387e-03
1.895424575999999917e-01,4.970709157480655491e-03
1.896302582000000125e-01,4.970428498871234946e-03
1.896412303999999993e-01,4.970393420255454602e-03
1.896631729000000099e-01,4.970323261562930618e-03
1.897180179999999883e-01,4.970147872767490503e-03
1.897289852000000054e-01,4.970112794787749123e-03
1.897618828000000035e-01,4.970007567578773287e-03
1.897947747000000018e-01,4.969902343146195486e-03
1.898166994000000107e-01,4.969832197494366763e-03
1.898386216999999876e-01,4.969762051833975444e-03
1.898934161999999981e-01,4.969586696339977662e-03
1.899372404000000125e-01,4.969446419779601463e-03
1.899920063999999964e-01,4.969271085874501018e-03
1.900139083999999867e-01,4.969200953908012482e-03
1.900248585000000046e-01,4.969165887391641286e-03
1.900686524000000099e-01,4.969025633711920791e-03
1.901124362000000123e-01,4.968885384387877573e-03
1.901562099000000117e-01,4.968745143866575877e-03
1.901890336000000015e-01,4.968639965338617591e-03
1.901999735999999885e-01,4.968604906538645095e-03
1.902546639999999900e-01,4.968429626012657412e-03
1.903202717999999960e-01,4.968219297733985317e-03
1.903312041999999926e-01,4.968184246286928840e-03
1.904077136000000003e-01,4.967938886873525875e-03
1.904186409999999996e-01,4.967903840679515660e-03
1.904295678000000047e-01,4.967868788682547505e-03
1.904951152999999897e-01,4.967658505953021462e-03
1.905169594999999994e-01,4.967588415877829781e-03
1.905497210000000052e-01,4.967483281103962992e-03
1.906043111000000068e-01,4.967308067232548661e-03
1.906807108999999945e-01,4.967062785525467976e-03
1.906916227000000075e-01,4.967027746588446174e-03
1.907243542000000014e-01,4.966922633668037664e-03
1.907570802000000121e-01,4.966817524261294206e-03
1.907788943000000015e-01,4.966747455186236448e-03
1.908116109000000116e-01,4.966642353472223992e-03
1.908552242999999871e-01,4.966502223895863030e-03
1.909424211000000093e-01,4.966221981384139582e-03
1.909533179000000025e-01,4.966186954178445495e-03
1.909860046000000089e-01,4.966081873617745647e-03
1.910186856999999960e-01,4.965976795862157844e-03
1.910404699999999900e-01,4.965906746319183503e-03
1.911058079000000076e-01,4.965696608410701506e-03
1.911928904999999901e-01,4.965416446083105624e-03
1.912364169000000114e-01,4.965276377978458666e-03
1.912908110000000050e-01,4.965101302103674952e-03
1.913016879999999975e-01,4.965066286591097826e-03
1.913778093999999874e-01,4.964821198435824534e-03
1.914756353000000022e-01,4.964506118709180980e-03
1.915625497000000010e-01,4.964226078273733384e-03
1.915842721000000082e-01,4.964156070222584642e-03
1.915951324000000067e-01,4.964121068673448163e-03
1.916385674999999955e-01,4.963981062849715138e-03
1.916819926999999979e-01,4.963841064908229919e-03
1.917254080000000138e-01,4.963701072899194544e-03
1.917579631000000118e-01,4.963596085188130662e-03
1.917688136000000043e-01,4.963561089675209981e-03
1.918013613000000006e-01,4.963456103912417504e-03
1.918230566999999942e-01,4.963386115880029717e-03
1.918555952000000064e-01,4.963281139557922453e-03
1.918989712999999986e-01,4.963141174046825470e-03
1.919314968999999982e-01,4.963036208988420850e-03
1.919856940000000123e-01,4.962861268410178467e-03
1.920290406999999866e-01,4.962721327377077503e-03
1.920615442999999978e-01,4.962616374109391458e-03
1.920723776000000105e-01,4.962581389199629753e-03
1.921157048000000089e-01,4.962441458841371743e-03
1.921481936999999973e-01,4.962336519732568965e-03
1.921698498999999949e-01,4.962266558688797381e-03
1.922564505000000090e-01,4.961986738870082132e-03
1.922780946000000046e-01,4.961916788354126147e-03
1.922889157000000071e-01,4.961881813039769641e-03
1.923754625999999912e-01,4.961602029700525746e-03
1.924511593000000076e-01,4.961357244520567429e-03
1.925052100999999904e-01,4.961182409739436569e-03
1.925160184999999968e-01,4.961147444271535312e-03
1.925808558000000059e-01,4.960937658040816614e-03
1.926024634000000069e-01,4.960867733993370304e-03
1.926348702000000024e-01,4.960762851458883939e-03
1.927644430999999881e-01,4.960343352680425533e-03
1.928076146999999907e-01,4.960203535074781192e-03
1.928399870999999988e-01,4.960098678220420387e-03
1.928615656000000067e-01,4.960028773310932657e-03
1.928939289000000112e-01,4.959923920529547316e-03
1.929370715000000014e-01,4.959784122007318378e-03
1.929694221999999904e-01,4.959679279790484008e-03
1.930341071999999991e-01,4.959469601878822159e-03
1.930664415999999994e-01,4.959364771504154792e-03
1.931203202000000008e-01,4.959190059029515256e-03
1.931957250000000126e-01,4.958945482477661315e-03
1.932388002000000049e-01,4.958805734484836823e-03
1.932926308000000037e-01,4.958631054898034705e-03
1.933141587999999966e-01,4.958561188847443978e-03
1.933787285000000133e-01,4.958351594722276365e-03
1.934110052999999940e-01,4.958246805008639964e-03
1.934432766999999997e-01,4.958142018831226093e-03
1.934540325999999921e-01,4.958107092392981079e-03
1.934862968000000127e-01,4.958002309107246292e-03
1.935293073000000086e-01,4.957862607263346759e-03
1.935400585000000007e-01,4.957827682043798763e-03
1.935830571000000111e-01,4.957687989715292912e-03
1.936367920000000020e-01,4.957513381981575908e-03
1.936690256999999971e-01,4.957408622420960212e-03
1.937979070999999998e-01,4.956989623802314678e-03
1.938086434000000080e-01,4.956954712183259809e-03
1.938301141000000061e-01,4.956884883062502405e-03
1.938408484999999959e-01,4.956849973608640041e-03
1.938730483999999976e-01,4.956745238642242500e-03
1.938945119000000106e-01,4.956675417958681350e-03
1.939588884000000013e-01,4.956465964204912270e-03
1.939696156999999865e-01,4.956431058193012766e-03
1.940554130999999904e-01,4.956151815262214294e-03
1.940661351000000090e-01,4.956116910385464924e-03
1.941840380000000033e-01,4.955733002997108998e-03
1.942268940999999915e-01,4.955593411910980475e-03
1.943232856000000064e-01,4.955279360409746252e-03
1.943446994999999955e-01,4.955209573574544980e-03
1.943554054999999947e-01,4.955174683377643226e-03
1.943982237999999918e-01,4.955035120330614391e-03
1.944838319999999954e-01,4.954756018035348653e-03
1.944945304000000041e-01,4.954721131158685947e-03
1.945159254000000115e-01,4.954651361194448503e-03
1.945800963000000050e-01,4.954442056765703990e-03
1.946442459999999930e-01,4.954232769696937516e-03
1.946656244999999952e-01,4.954163012109199203e-03
1.946976878999999994e-01,4.954058375780441385e-03
1.947404309000000111e-01,4.953918869018420455e-03
1.947831644999999945e-01,4.953779367853581965e-03
1.948365683999999931e-01,4.953605004475792814e-03
1.948579257999999981e-01,4.953535260996943905e-03
1.948686037000000038e-01,4.953500389717494824e-03
1.949540053000000106e-01,4.953221438386857037e-03
1.949966921000000075e-01,4.953081969819012227e-03
1.950287011000000070e-01,4.952977376345106021e-03
1.950927033000000033e-01,4.952768199537310040e-03
1.951673459999999916e-01,4.952524175600031726e-03
1.952099861999999908e-01,4.952384744687952575e-03
1.952419602000000087e-01,4.952280177448609502e-03
1.952526169999999894e-01,4.952245320981105495e-03
1.952632733000000120e-01,4.952210465440113826e-03
1.953378507999999902e-01,4.951966494068502610e-03
1.953698038999999997e-01,4.951861939253008812e-03
1.953804537000000119e-01,4.951827088038669895e-03
1.954336943999999965e-01,4.951652844519907962e-03
1.954656318000000115e-01,4.951548303467466494e-03
1.955401321000000137e-01,4.951304387057888466e-03
1.955507726999999862e-01,4.951269544064912376e-03
1.955933293000000073e-01,4.951130174451596165e-03
1.956039669000000092e-01,4.951095334807443897e-03
1.956358766000000082e-01,4.950990811973032812e-03
1.957634629999999987e-01,4.950572765241815533e-03
1.958378500000000078e-01,4.950328936908163398e-03
1.958484744000000000e-01,4.950294104722278640e-03
1.958803442000000006e-01,4.950189612588451124e-03
1.958909662999999968e-01,4.950154784288552517e-03
1.959228292000000093e-01,4.950050295545756381e-03
1.959334490000000095e-01,4.950015469065857654e-03
1.960077715000000109e-01,4.949771687345391052e-03
1.960502288000000037e-01,4.949632391618860421e-03
1.961032876000000091e-01,4.949458282909302217e-03
1.961138976000000034e-01,4.949423461055895389e-03
1.961457242999999906e-01,4.949319001000394846e-03
1.961775457999999916e-01,4.949214546130753858e-03
1.961987571999999902e-01,4.949144911276071902e-03
1.962199664000000010e-01,4.949075280400106608e-03
1.962623777999999986e-01,4.948936017168572253e-03
1.962729793000000111e-01,4.948901202270314555e-03
1.963577700999999953e-01,4.948622706391151913e-03
1.963683663999999940e-01,4.948587894706609099e-03
1.964531160000000110e-01,4.948309430809252549e-03
1.964848876999999994e-01,4.948205013279473666e-03
1.965166543000000099e-01,4.948100598197685378e-03
1.965272419999999909e-01,4.948065795858972230e-03
1.966225058000000137e-01,4.947752579332948507e-03
1.966542501000000109e-01,4.947648181156923466e-03
1.966965679000000078e-01,4.947508994210890465e-03
1.967071458999999911e-01,4.947474194339566457e-03
1.967811761999999909e-01,4.947230633371857075e-03
1.968763171000000034e-01,4.946917512519771742e-03
1.968974531999999888e-01,4.946847933446143174e-03
1.969397187999999965e-01,4.946708782378685457e-03
1.969925378999999865e-01,4.946534854080587330e-03
1.970664609999999983e-01,4.946291371611851763e-03
1.970770192000000087e-01,4.946256589824732028e-03
1.971192461999999868e-01,4.946117471047865519e-03
1.971614641999999973e-01,4.945978354205762990e-03
1.971931218000000097e-01,4.945874023344681500e-03
1.972142239999999935e-01,4.945804469838860351e-03
1.972458730999999965e-01,4.945700147945129160e-03
1.973618762999999887e-01,4.945317655429033385e-03
1.974040424000000071e-01,4.945178580683890456e-03
1.974145824999999910e-01,4.945143812949594729e-03
1.974672747000000006e-01,4.944969980143236118e-03
1.975304867000000075e-01,4.944761394907700933e-03
1.975410200999999921e-01,4.944726632605526973e-03
1.975515529000000103e-01,4.944691872740997717e-03
1.976252668000000046e-01,4.944448549318856620e-03
1.976357951000000113e-01,4.944413792100120671e-03
1.976673767000000081e-01,4.944309516030555990e-03
1.977410474999999890e-01,4.944066228110857025e-03
1.977515696000000101e-01,4.944031472284407536e-03
1.978777918000000080e-01,4.943614460005844001e-03
1.978883066999999885e-01,4.943579712383869805e-03
1.979093348000000030e-01,4.943510218148042951e-03
1.979198480000000093e-01,4.943475471669386834e-03
1.979724056000000121e-01,4.943301741708277033e-03
1.980039335000000067e-01,4.943197508260725043e-03
1.980459629000000110e-01,4.943058538762221642e-03
1.980774791000000090e-01,4.942954314457113398e-03
1.981299948999999949e-01,4.942780619752599851e-03
1.981404964000000046e-01,4.942745881500214961e-03
1.981719976000000105e-01,4.942641669730112736e-03
1.982139913000000031e-01,4.942502728286737868e-03
1.982244884000000096e-01,4.942467992026133849e-03
1.982559761999999892e-01,4.942363790968397515e-03
1.982874589999999992e-01,4.942259592034192565e-03
1.983818773999999896e-01,4.941947023694957808e-03
1.983923656000000091e-01,4.941912298701911857e-03
1.984238268000000083e-01,4.941808117226292700e-03
1.984762509000000119e-01,4.941634491672664692e-03
1.985076987999999931e-01,4.941530319274691288e-03
1.985391417000000047e-01,4.941426155124238606e-03
1.985496216000000036e-01,4.941391434114678072e-03
1.985915353999999911e-01,4.941252550113037732e-03
1.987067530000000137e-01,4.940870664703556937e-03
1.987276944999999961e-01,4.940801235769700511e-03
1.988009722999999895e-01,4.940558248036758075e-03
1.988846853000000026e-01,4.940280577513321038e-03
1.988951469999999944e-01,4.940245870113217815e-03
1.989160685999999956e-01,4.940176456508109208e-03
1.989265286000000132e-01,4.940141752470121259e-03
1.989579052999999875e-01,4.940037636083830994e-03
1.990520057000000065e-01,4.939725313825756026e-03
1.990624585000000113e-01,4.939690611869044200e-03
1.990833626000000078e-01,4.939621212564227447e-03
1.991356132000000057e-01,4.939447722405168259e-03
1.991460616000000072e-01,4.939413026718427954e-03
1.991774037000000053e-01,4.939308937521186445e-03
1.992087408999999865e-01,4.939204853147047790e-03
1.992505160999999969e-01,4.939066081451400081e-03
1.992922826000000092e-01,4.938927315580193128e-03
1.993444783999999970e-01,4.938753868303029024e-03
1.993862251999999891e-01,4.938615118086076006e-03
1.993966604999999892e-01,4.938580430110957840e-03
1.994175294999999959e-01,4.938511057558058609e-03
1.995114131000000068e-01,4.938198905889829710e-03
1.995844031000000018e-01,4.937956143313468153e-03
1.996365224999999965e-01,4.937782757895812016e-03
1.996469448000000035e-01,4.937748082488237211e-03
1.997303031999999867e-01,4.937470684387722936e-03
1.998032133000000043e-01,4.937227986733567879e-03
1.998136268000000049e-01,4.937193316881776338e-03
1.998865065000000052e-01,4.936950644896402618e-03
1.998969157000000108e-01,4.936915977512576145e-03
1.999177325000000005e-01,4.936846648929569745e-03
1.999281401000000125e-01,4.936811982551089252e-03
1.999593595999999973e-01,4.936707992475479652e-03
1.999801699000000044e-01,4.936638665447135900e-03
2.000113813000000129e-01,4.936534681535571269e-03
2.000425878000000046e-01,4.936430699513904598e-03
2.000841888999999874e-01,4.936292062595923347e-03
2.000945879000000094e-01,4.936257404264923938e-03
2.001465743999999991e-01,4.936084120309128416e-03
2.001777597999999936e-01,4.935980158404488713e-03
2.002297248000000085e-01,4.935806892081302105e-03
2.002920649000000108e-01,4.935598985678739392e-03
2.003855387000000043e-01,4.935287155104009504e-03
2.003959220000000041e-01,4.935252510888697014e-03
2.004270686999999884e-01,4.935148579019045696e-03
2.004685900000000021e-01,4.935010004629552041e-03
2.005101026999999980e-01,4.934871436852209317e-03
2.005516069000000123e-01,4.934732879656959954e-03
2.005827293000000122e-01,4.934628966976157931e-03
2.006345894000000074e-01,4.934455781786685653e-03
2.006760676999999882e-01,4.934317244804752554e-03
2.007071709000000093e-01,4.934213344232442691e-03
2.007486343000000062e-01,4.934074816644662582e-03
2.007589988000000047e-01,4.934040187493826668e-03
2.008004515000000045e-01,4.933901670114500433e-03
2.008833311999999871e-01,4.933624653142624356e-03
2.008936887999999976e-01,4.933590029733896619e-03
2.009144022999999890e-01,4.933520780965745464e-03
2.009247581999999976e-01,4.933486156741651724e-03
2.009558228999999974e-01,4.933382290447589635e-03
2.011317653999999955e-01,4.932793770943365123e-03
2.011421102000000016e-01,4.932759156425665058e-03
2.011731412999999968e-01,4.932655316656235286e-03
2.012558674999999908e-01,4.932378425612059768e-03
2.012868810000000008e-01,4.932274597249905294e-03
2.013075541000000079e-01,4.932205380775052384e-03
2.013798931000000125e-01,4.931963136669935931e-03
2.014108874999999965e-01,4.931859326558121932e-03
2.014212180000000130e-01,4.931824720218429617e-03
2.014728621999999914e-01,4.931651712864079835e-03
2.015348177000000074e-01,4.931444114000162714e-03
2.015761108999999940e-01,4.931305723149845104e-03
2.016277153999999905e-01,4.931132746499321089e-03
2.016380346999999962e-01,4.931098153356554964e-03
2.016689895000000066e-01,4.930994372661506864e-03
2.017205703000000128e-01,4.930821413502680176e-03
2.017515123999999993e-01,4.930717644087578670e-03
2.018649262999999972e-01,4.930337188576472927e-03
2.019164569999999936e-01,4.930164269403287773e-03
2.019473690999999960e-01,4.930060524430756631e-03
2.019576721000000130e-01,4.930025944941989445e-03
2.019679745000000082e-01,4.929991362336863525e-03
2.019988788000000035e-01,4.929887622960787974e-03
2.020297782000000097e-01,4.929783885806912277e-03
2.020400770000000124e-01,4.929749311263802690e-03
2.020503753000000013e-01,4.929714733213207134e-03
2.021224483999999877e-01,4.929472706643119734e-03
2.021327424999999900e-01,4.929438128954216625e-03
2.022150761000000019e-01,4.929161556543479317e-03
2.022459424999999977e-01,4.929057849246877392e-03
2.022768043000000016e-01,4.928954140994920748e-03
2.022870904999999886e-01,4.928919575646604524e-03
2.023282301000000061e-01,4.928781312275318585e-03
2.023693612999999947e-01,4.928643051601430507e-03
2.024618760000000128e-01,4.928331995893570072e-03
2.025338026999999874e-01,4.928090085978639560e-03
2.025646205999999949e-01,4.927986417617176602e-03
2.026057038000000088e-01,4.927848198084474468e-03
2.026159733000000018e-01,4.927813645020754328e-03
2.026262423000000090e-01,4.927779092147260495e-03
2.026878453000000024e-01,4.927571778600121390e-03
2.026981106000000088e-01,4.927537229299787554e-03
2.027083755000000098e-01,4.927502680528547847e-03
2.027802146999999888e-01,4.927260841979843632e-03
2.027904752999999949e-01,4.927226298284557472e-03
2.028930535000000035e-01,4.926880855900621012e-03
2.029033084000000098e-01,4.926846314516733320e-03
2.029340702000000107e-01,4.926742689210865042e-03
2.029545755000000118e-01,4.926673608600560909e-03
2.029853295000000057e-01,4.926569995838976819e-03
2.030570707000000086e-01,4.926328237113171762e-03
2.031185430000000125e-01,4.926121032121527979e-03
2.032004772000000070e-01,4.925844787767285834e-03
2.032311940000000039e-01,4.925741199955211216e-03
2.032619061000000005e-01,4.925637617967245155e-03
2.032721425000000026e-01,4.925603090453234932e-03
2.033642465000000121e-01,4.925292373687923005e-03
2.033949385000000110e-01,4.925188805048733021e-03
2.034358541000000076e-01,4.925050726068553632e-03
2.034460817000000032e-01,4.925016205995449807e-03
2.034767614000000113e-01,4.924912650989277281e-03
2.035176605000000027e-01,4.924774582401147960e-03
2.036096534000000069e-01,4.924463955527498722e-03
2.036403083999999974e-01,4.924360421514951437e-03
2.036913899999999999e-01,4.924187872764276656e-03
2.037118189999999884e-01,4.924118854218031277e-03
2.037220326999999997e-01,4.924084346250339611e-03
2.038037242999999887e-01,4.923808299055348198e-03
2.038445577000000120e-01,4.923670288406481639e-03
2.038547648000000045e-01,4.923635786254145982e-03
2.039159966999999907e-01,4.923428781549036085e-03
2.039670091000000129e-01,4.923256289471462412e-03
2.039976105000000095e-01,4.923152799111813263e-03
2.040078099000000034e-01,4.923118303242539351e-03
2.040384051999999948e-01,4.923014819922038113e-03
2.040893870999999915e-01,4.922842353715361011e-03
2.041607403000000043e-01,4.922600918440765347e-03
2.041811223999999980e-01,4.922531938843720603e-03
2.042524434999999916e-01,4.922290529774515228e-03
2.042626302999999977e-01,4.922256046711231091e-03
2.043441055999999922e-01,4.921980178404970763e-03
2.043644693999999984e-01,4.921911216856137382e-03
2.043746505000000047e-01,4.921876734868030519e-03
2.044255486000000066e-01,4.921704337477674981e-03
2.044560813000000088e-01,4.921600906942417801e-03
2.044866094999999995e-01,4.921497476645726732e-03
2.044967845000000006e-01,4.921463003320249510e-03
2.045374795999999884e-01,4.921325102582150071e-03
2.045781665999999999e-01,4.921187214925563068e-03
2.046188455000000073e-01,4.921049330008923223e-03
2.046493494000000135e-01,4.920945922094062917e-03
2.047001790999999904e-01,4.920773581100590204e-03
2.048221189999999969e-01,4.920360011972831939e-03
2.048322773000000041e-01,4.920325548180199716e-03
2.048525925999999941e-01,4.920256626572634510e-03
2.048627494999999965e-01,4.920222168081880149e-03
2.048932169999999886e-01,4.920118790377879699e-03
2.049135262000000013e-01,4.920049873785860631e-03
2.049439862000000112e-01,4.919946502460945809e-03
2.050150420000000084e-01,4.919705316457959575e-03
2.051570798000000029e-01,4.919223007461878683e-03
2.051773628000000127e-01,4.919154114530266582e-03
2.052280618000000001e-01,4.918981885147910051e-03
2.052686119000000087e-01,4.918844110277819336e-03
2.053192883000000135e-01,4.918671899593989039e-03
2.053395553000000040e-01,4.918603018411901902e-03
2.053496881000000107e-01,4.918568580779456544e-03
2.054003444999999983e-01,4.918396386584315133e-03
2.054307323000000018e-01,4.918293075038676458e-03
2.054611157000000021e-01,4.918189771580865066e-03
2.054712424000000037e-01,4.918155334419677290e-03
2.055623609999999990e-01,4.917845439705090596e-03
2.056332030999999949e-01,4.917604435563286726e-03
2.056433213999999954e-01,4.917570011350064565e-03
2.057141355999999865e-01,4.917329031018818387e-03
2.057242499999999974e-01,4.917294604498835542e-03
2.057950363000000116e-01,4.917053648842916250e-03
2.058253659000000013e-01,4.916950386918692191e-03
2.058354746999999929e-01,4.916915968256589491e-03
2.059466395000000005e-01,4.916537380406330905e-03
2.059567424000000035e-01,4.916502968458718280e-03
2.059870480999999864e-01,4.916399728805134414e-03
2.060375477999999982e-01,4.916227669606961469e-03
2.060476461999999898e-01,4.916193259485526941e-03
2.060779386000000102e-01,4.916090028085375735e-03
2.061284160000000087e-01,4.915917988329765800e-03
2.061889725999999923e-01,4.915711553509729929e-03
2.061990636000000099e-01,4.915677150795562909e-03
2.062797741000000074e-01,4.915401931287456672e-03
2.062898606999999940e-01,4.915367533406244868e-03
2.063100324000000096e-01,4.915298731517251524e-03
2.063201175000000109e-01,4.915264332223246227e-03
2.064007806000000000e-01,4.914989155054038002e-03
2.064310212000000089e-01,4.914885971046838338e-03
2.064511790999999929e-01,4.914817184249514227e-03
2.064713350000000058e-01,4.914748395424752871e-03
2.065217162999999911e-01,4.914576438321875684e-03
2.065317911000000006e-01,4.914542049671448420e-03
2.065620123999999946e-01,4.914438879460201852e-03
2.065922293999999937e-01,4.914335718524675232e-03
2.066828537000000021e-01,4.914026246721029181e-03
2.067633754000000046e-01,4.913751189841144597e-03
2.068338060999999894e-01,4.913510540084166031e-03
2.068539246999999970e-01,4.913441785824547957e-03
2.068840989999999880e-01,4.913338657906848525e-03
2.069243245999999870e-01,4.913201162543438631e-03
2.070449544000000086e-01,4.912788711302302179e-03
2.070851486999999991e-01,4.912651238467537901e-03
2.070951960999999897e-01,4.912616871899992167e-03
2.071253352999999908e-01,4.912513774780503939e-03
2.071554700000000082e-01,4.912410680875920616e-03
2.071655139999999951e-01,4.912376318281258536e-03
2.072458480999999908e-01,4.912101425670682177e-03
2.072558875999999939e-01,4.912067066172613392e-03
2.072759653000000035e-01,4.911998347346562856e-03
2.073361867000000081e-01,4.911792203405720980e-03
2.073662907999999916e-01,4.911689137294593561e-03
2.074064228999999981e-01,4.911551718083896276e-03
2.074866636999999903e-01,4.911276908412241272e-03
2.076069667000000063e-01,4.910864740587996338e-03
2.076470522999999957e-01,4.910727365030313415e-03
2.077171832999999967e-01,4.910486971747276760e-03
2.077272001000000090e-01,4.910452632099590597e-03
2.077372164000000077e-01,4.910418294263490906e-03
2.077572476000000001e-01,4.910349617374533925e-03
2.077973040999999965e-01,4.910212264483781834e-03
2.078073169999999914e-01,4.910177931427169712e-03
2.078173295000000087e-01,4.910143592798545988e-03
2.078974117000000066e-01,4.909868918426487164e-03
2.079174273999999933e-01,4.909800257417207096e-03
2.079774630000000013e-01,4.909594274335741387e-03
2.080074742999999948e-01,4.909491289312038070e-03
2.080374812999999934e-01,4.909388306700366265e-03
2.080774838999999987e-01,4.909251004282623627e-03
2.080874832999999868e-01,4.909216679572966577e-03
2.081174788000000053e-01,4.909113710109406711e-03
2.081674615999999922e-01,4.908942098127907182e-03
2.082174324000000132e-01,4.908770494862132842e-03
2.082374174000000133e-01,4.908701860130271384e-03
2.082474091000000027e-01,4.908667540717703490e-03
2.082973607999999976e-01,4.908495960166985549e-03
2.083273260000000071e-01,4.908393015896870236e-03
2.083672729000000112e-01,4.908255760397483951e-03
2.083972280999999982e-01,4.908152823616253151e-03
2.084371616000000038e-01,4.908015581573551417e-03
2.084471438000000121e-01,4.907981272998455935e-03
2.084870678000000088e-01,4.907844037867787647e-03
2.085170057999999882e-01,4.907741116297699956e-03
2.085668927999999867e-01,4.907569593298649439e-03
2.086067939000000038e-01,4.907432379494938712e-03
2.086965433000000092e-01,4.907123670024264583e-03
2.087164823999999863e-01,4.907055077596100129e-03
2.087264513000000044e-01,4.907020777916019580e-03
2.087762883000000014e-01,4.906849294195107965e-03
2.088061847999999887e-01,4.906746412780335111e-03
2.088759266000000114e-01,4.906506364808241490e-03
2.088858878000000030e-01,4.906472072811153204e-03
2.089257278999999967e-01,4.906334911794877490e-03
2.089356867999999923e-01,4.906300624662894919e-03
2.089954299000000015e-01,4.906094898103980674e-03
2.090153405000000075e-01,4.906026328928954350e-03
2.090452027999999962e-01,4.905923474109911454e-03
2.090750607999999899e-01,4.905820626485210903e-03
2.091546613999999971e-01,4.905546377222560692e-03
2.091646092999999984e-01,4.905512095559529800e-03
2.092043963999999923e-01,4.905374984346433029e-03
2.092541195000000021e-01,4.905203603616579804e-03
2.092839478000000086e-01,4.905100781781276779e-03
2.093237121000000034e-01,4.904963690638627916e-03
2.093336520000000089e-01,4.904929416852107232e-03
2.093535303999999875e-01,4.904860873140991402e-03
2.094032181999999909e-01,4.904689523455426844e-03
2.094926263999999927e-01,4.904381123390220976e-03
2.095124896999999986e-01,4.904312596216932676e-03
2.095621397999999913e-01,4.904141276950829340e-03
2.096514802999999982e-01,4.903832938940473445e-03
2.096812520000000124e-01,4.903730165021651100e-03
2.097110194000000039e-01,4.903627393365079037e-03
2.097606224999999935e-01,4.903456121796639228e-03
2.097903787000000020e-01,4.903353364230682992e-03
2.098300471000000000e-01,4.903216356171111005e-03
2.098796219999999879e-01,4.903045108661026330e-03
2.099192735000000032e-01,4.902908116062964887e-03
2.099688274000000021e-01,4.902736887097488769e-03
2.099985541000000122e-01,4.902634153937443853e-03
2.100282766000000079e-01,4.902531427620300183e-03
2.100381832000000060e-01,4.902497186954535638e-03
2.101174188000000109e-01,4.902223266363563842e-03
2.101273211999999946e-01,4.902189026023765980e-03
2.101570255000000109e-01,4.902086315831236107e-03
2.102065233000000033e-01,4.901915137133934161e-03
2.102758006999999874e-01,4.901675502412677736e-03
2.103054839999999870e-01,4.901572809737080212e-03
2.103153775000000114e-01,4.901538580682580568e-03
2.103648379999999984e-01,4.901367435077534987e-03
2.104439506999999931e-01,4.901093624828036996e-03
2.104736103000000025e-01,4.900990952009073170e-03
2.105823263999999917e-01,4.900614518718263840e-03
2.105922068999999952e-01,4.900580299989171391e-03
2.106020869000000129e-01,4.900546084679630911e-03
2.106218455999999961e-01,4.900477648680207077e-03
2.106811104999999906e-01,4.900272352253737251e-03
2.107502319000000013e-01,4.900032864099953395e-03
2.107601044999999895e-01,4.899998651490683477e-03
2.107798483999999972e-01,4.899930230062732144e-03
2.108390689000000096e-01,4.899724975495384389e-03
2.108686728999999982e-01,4.899622355571569762e-03
2.109180036999999952e-01,4.899451327647752659e-03
2.109475966000000091e-01,4.899348716503225225e-03
2.110264907999999939e-01,4.899075104523294664e-03
2.110659267999999977e-01,4.898938308256129207e-03
2.110757846999999909e-01,4.898904110007099716e-03
2.110954989999999920e-01,4.898835714190549404e-03
2.111053555000000082e-01,4.898801521932405652e-03
2.112925411999999892e-01,4.898151865335899184e-03
2.113023884999999935e-01,4.898117676470523270e-03
2.113122353000000120e-01,4.898083487536029033e-03
2.113417730999999911e-01,4.897980924641480265e-03
2.113811502999999870e-01,4.897844184645582834e-03
2.115385858000000119e-01,4.897297285812589850e-03
2.115680920000000131e-01,4.897194749615167361e-03
2.116074270999999951e-01,4.897058047831560033e-03
2.116270919000000084e-01,4.896989700044193650e-03
2.116565857000000106e-01,4.896887179175778322e-03
2.116860752999999984e-01,4.896784660977332275e-03
2.116959042999999874e-01,4.896750488906516895e-03
2.117253885000000002e-01,4.896647978132490434e-03
2.117745196999999968e-01,4.896477133704555881e-03
2.117843446000000074e-01,4.896442967453002240e-03
2.118138165000000017e-01,4.896340464833811093e-03
2.118432842999999899e-01,4.896237970223535525e-03
2.118629271999999952e-01,4.896169637990319991e-03
2.118923880999999954e-01,4.896067149502590470e-03
2.120396314999999920e-01,4.895554754651735944e-03
2.120494441000000119e-01,4.895520597901039002e-03
2.120886898999999881e-01,4.895383974587412187e-03
2.121573525999999876e-01,4.895144906871849895e-03
2.121671598000000047e-01,4.895110754810400207e-03
2.121769665000000082e-01,4.895076602314724946e-03
2.121965785000000104e-01,4.895008303555873318e-03
2.122456006000000006e-01,4.894837559926251171e-03
2.122554037000000116e-01,4.894803413316493532e-03
2.122848102000000070e-01,4.894700970998257586e-03
2.123142125999999963e-01,4.894598537976990217e-03
2.123338119000000024e-01,4.894530248861385727e-03
2.123632075000000119e-01,4.894427815530356593e-03
2.124023953999999992e-01,4.894291251098076626e-03
2.124415759999999931e-01,4.894154688346754115e-03
2.125101246999999971e-01,4.893915725817775224e-03
2.125199154999999895e-01,4.893881587487057365e-03
2.125688631000000051e-01,4.893710911198684982e-03
2.125982261999999900e-01,4.893608512245028325e-03
2.126373706999999946e-01,4.893471985799919058e-03
2.127254195999999931e-01,4.893164823501956057e-03
2.127547610999999950e-01,4.893062443862657672e-03
2.127840984999999907e-01,4.892960068551925439e-03
2.128036546000000029e-01,4.892891818571521237e-03
2.128623119999999980e-01,4.892687085711675335e-03
2.128720866999999906e-01,4.892652960778211269e-03
2.128818608999999973e-01,4.892618842983419668e-03
2.129502678000000093e-01,4.892380010205445856e-03
2.129600385000000040e-01,4.892345893679086663e-03
2.129795784000000081e-01,4.892277658123509246e-03
2.130674858000000116e-01,4.891970627301843975e-03
2.131358331000000050e-01,4.891731853309295476e-03
2.131455952999999903e-01,4.891697739492887470e-03
2.132724621000000043e-01,4.891254358324288037e-03
2.133017284000000013e-01,4.891152048887632831e-03
2.133407438000000100e-01,4.891015643926086356e-03
2.134285025000000058e-01,4.890708749696610902e-03
2.134577473000000003e-01,4.890606459965483703e-03
2.134869882000000052e-01,4.890504175436923180e-03
2.134967342000000101e-01,4.890470081519204641e-03
2.135064798999999902e-01,4.890435985998263339e-03
2.135357139999999876e-01,4.890333709786490179e-03
2.135649441999999953e-01,4.890231433633887570e-03
2.135746866999999882e-01,4.890197343011524339e-03
2.136039116000000015e-01,4.890095071365910262e-03
2.136623492999999985e-01,4.889890542509759373e-03
2.136915621000000098e-01,4.889788283979757191e-03
2.137597099000000112e-01,4.889549694317687524e-03
2.137986417999999944e-01,4.889413363383201573e-03
2.138083735999999901e-01,4.889379284806591626e-03
2.138862125000000058e-01,4.889106650746152978e-03
2.139153947999999916e-01,4.889004420243612224e-03
2.139737473999999973e-01,4.888799970503192663e-03
2.140418054000000070e-01,4.888561468628861879e-03
2.140709664000000068e-01,4.888459259638703279e-03
2.141098416999999976e-01,4.888322981776476589e-03
2.141875709999999933e-01,4.888050453611144860e-03
2.141972852000000038e-01,4.888016389597135171e-03
2.142069989000000008e-01,4.887982327832376614e-03
2.142361375000000068e-01,4.887880139390392287e-03
2.142846929999999983e-01,4.887709833456457126e-03
2.143526521999999934e-01,4.887471421793720613e-03
2.143623588999999940e-01,4.887437363517188257e-03
2.143914764000000028e-01,4.887335192940172116e-03
2.144205899000000137e-01,4.887233028784010273e-03
2.144399966999999962e-01,4.887164920388117548e-03
2.145079067000000006e-01,4.886926554397885876e-03
2.145467027999999887e-01,4.886790359121446353e-03
2.145854918000000000e-01,4.886654163542613304e-03
2.146242738999999955e-01,4.886517976392063499e-03
2.146533558000000008e-01,4.886415845412947837e-03
2.146727415999999944e-01,4.886347757867180557e-03
2.147308883999999862e-01,4.886143501356974075e-03
2.148180791000000034e-01,4.885837150993923607e-03
2.148277647000000068e-01,4.885803111730706479e-03
2.148568191000000127e-01,4.885701005358098620e-03
2.148955522000000062e-01,4.885564865083780878e-03
2.149342783000000034e-01,4.885428731533372759e-03
2.149729974000000043e-01,4.885292606315966464e-03
2.149826760999999919e-01,4.885258578505380714e-03
2.150020321999999984e-01,4.885190514963826981e-03
2.150504146999999977e-01,4.885020372735589256e-03
2.150600899000000010e-01,4.884986345953026658e-03
2.150891128999999902e-01,4.884884267580257358e-03
2.151664885000000027e-01,4.884612077839407644e-03
2.152438362000000105e-01,4.884339914856167947e-03
2.152921644000000134e-01,4.884169825852553715e-03
2.153114925999999874e-01,4.884101792033838756e-03
2.153211560999999941e-01,4.884067774190536081e-03
2.153694670000000089e-01,4.883897705318700905e-03
2.153984482999999894e-01,4.883795663498506807e-03
2.154274257000000081e-01,4.883693628398342625e-03
2.154660562000000057e-01,4.883557589699670347e-03
2.155143344999999877e-01,4.883387545323204446e-03
2.155239888999999909e-01,4.883353541609407496e-03
2.155819060999999981e-01,4.883149506158175092e-03
2.155915575000000028e-01,4.883115503412088429e-03
2.156012083999999940e-01,4.883081498903730014e-03
2.156301585000000021e-01,4.882979490831253211e-03
2.156687526999999938e-01,4.882843487299303765e-03
2.157459203000000048e-01,4.882571493897971612e-03
2.157748510999999980e-01,4.882469505718456219e-03
2.158327009000000074e-01,4.882265536257816146e-03
2.158616201000000123e-01,4.882163556304122687e-03
2.159290829000000134e-01,4.881925622378218040e-03
2.160157899000000048e-01,4.881619733162625464e-03
2.160446845000000005e-01,4.881517782510245984e-03
2.160928336000000061e-01,4.881347866550347393e-03
2.161313451999999913e-01,4.881211938706483955e-03
2.162179710999999893e-01,4.880906131119050473e-03
2.162372166000000040e-01,4.880838177760306665e-03
2.162468386999999992e-01,4.880804203006340776e-03
2.162757023999999917e-01,4.880702277636969622e-03
2.162853228000000128e-01,4.880668302833332528e-03
2.163238000999999910e-01,4.880532411472322286e-03
2.163718870000000127e-01,4.880362555071744712e-03
2.163911188000000041e-01,4.880294615688257620e-03
2.164391907999999864e-01,4.880124776127694672e-03
2.164488039999999947e-01,4.880090805961469561e-03
2.164776408000000096e-01,4.879988911268326457e-03
2.165449117000000090e-01,4.879751157551575833e-03
2.165833429000000032e-01,4.879615315260141251e-03
2.165929496000000010e-01,4.879581350757862014e-03
2.166697880000000020e-01,4.879309680739440588e-03
2.166793908999999907e-01,4.879275721296067771e-03
2.167081969999999913e-01,4.879173855712270677e-03
2.167561987000000134e-01,4.879004081938836945e-03
2.168137867000000107e-01,4.878800369548315537e-03
2.168521701999999995e-01,4.878664568983108463e-03
2.168905469000000086e-01,4.878528775481586095e-03
2.169097326999999964e-01,4.878460878481521296e-03
2.169864589999999926e-01,4.878189320607806585e-03
2.170152243000000036e-01,4.878087492324310361e-03
2.170535721999999890e-01,4.877951722048699638e-03
2.170631580999999866e-01,4.877917782701425217e-03
2.171302475999999926e-01,4.877680212004352131e-03
2.171589939999999941e-01,4.877578402279753381e-03
2.171973164000000067e-01,4.877442662784399474e-03
2.172164752000000087e-01,4.877374795519914992e-03
2.172739411000000065e-01,4.877171198645662877e-03
2.172835173000000064e-01,4.877137270356967855e-03
2.173122433999999936e-01,4.877035477338890687e-03
2.173218178999999917e-01,4.877001550750716466e-03
2.173601115999999889e-01,4.876865836925281007e-03
2.173983986999999951e-01,4.876730133771977130e-03
2.174749525000000128e-01,4.876458739977470973e-03
2.175036532999999883e-01,4.876356975379828214e-03
2.175132193000000047e-01,4.876323055050687215e-03
2.175992951000000064e-01,4.876017783389545793e-03
2.176184184000000132e-01,4.875949953251501254e-03
2.176757782000000030e-01,4.875746465782197780e-03
2.177331230000000006e-01,4.875542991452672635e-03
2.177426789999999945e-01,4.875509080246028665e-03
2.178191117999999926e-01,4.875237805695620610e-03
2.178286640000000052e-01,4.875203898004903773e-03
2.178573182000000108e-01,4.875102180741294408e-03
2.179241631999999929e-01,4.874864848984746674e-03
2.179337108000000134e-01,4.874830946413589994e-03
2.179718971000000061e-01,4.874695341057545990e-03
2.180482495000000132e-01,4.874424149855039433e-03
2.180577917000000032e-01,4.874390252996740891e-03
2.180768747999999868e-01,4.874322460925024220e-03
2.181150360000000121e-01,4.874186881063016785e-03
2.181341140999999983e-01,4.874119090273190506e-03
2.181627281999999890e-01,4.874017410594930905e-03
2.182008742999999862e-01,4.873881844885909545e-03
2.182294795999999981e-01,4.873780175354769199e-03
2.182771467000000076e-01,4.873610735388301043e-03
2.182866789000000030e-01,4.873576846091713308e-03
2.183152728999999959e-01,4.873475187636114488e-03
2.183629213000000124e-01,4.873305763527442311e-03
2.183915053000000106e-01,4.873204113539788586e-03
2.184200856000000079e-01,4.873102466529222188e-03
2.184296115999999899e-01,4.873068587571701728e-03
2.184391371000000137e-01,4.873034708534665881e-03
2.185153263000000068e-01,4.872763679657352541e-03
2.185914888999999917e-01,4.872492674034101939e-03
2.186200430999999944e-01,4.872391054775603546e-03
2.186581095000000030e-01,4.872255566691496495e-03
2.186866548999999993e-01,4.872153958023225581e-03
2.186961692999999929e-01,4.872120088999556606e-03
2.187342224000000113e-01,4.871984615377525189e-03
2.187437346999999976e-01,4.871950750092837561e-03
2.188483421999999901e-01,4.871578236138045422e-03
2.188863688999999890e-01,4.871442787950017866e-03
2.189528997000000088e-01,4.871205771256353900e-03
2.189624024000000058e-01,4.871171913398979376e-03
2.190004093000000041e-01,4.871036487564684402e-03
2.190479086000000075e-01,4.870867213494889381e-03
2.191238862000000065e-01,4.870596393643352763e-03
2.191428763999999918e-01,4.870528694858730287e-03
2.191903449000000004e-01,4.870359451894177780e-03
2.192283121999999973e-01,4.870224067749095651e-03
2.192567834999999965e-01,4.870122526669605663e-03
2.192757622000000017e-01,4.870054840274778973e-03
2.193326885999999920e-01,4.869851785003338068e-03
2.193801159999999861e-01,4.869682582457934492e-03
2.194275330999999885e-01,4.869513392087260022e-03
2.195318148000000025e-01,4.869141205039052150e-03
2.195602466000000086e-01,4.869039708301632977e-03
2.195981499999999920e-01,4.868904386361960074e-03
2.196455200999999913e-01,4.868735247031521010e-03
2.196834088000000074e-01,4.868599939076400339e-03
2.197118210000000016e-01,4.868498460692680802e-03
2.197212909000000047e-01,4.868464637763396212e-03
2.197307604000000025e-01,4.868430809330403022e-03
2.198727543000000006e-01,4.867923497701578429e-03
2.198822172999999880e-01,4.867889681826076745e-03
2.199106037999999930e-01,4.867788228423449923e-03
2.199389867000000054e-01,4.867686781623993368e-03
2.199579066000000027e-01,4.867619154171692886e-03
2.199862834000000100e-01,4.867517715015581489e-03
2.200241133999999987e-01,4.867382467871917383e-03
2.200524815999999884e-01,4.867281037245277386e-03
2.201092071000000094e-01,4.867078181197234676e-03
2.201375644000000131e-01,4.866976762641505791e-03
2.201848184000000097e-01,4.866807736515819591e-03
2.202509568999999889e-01,4.866571119332742563e-03
2.203170755999999952e-01,4.866334522245454285e-03
2.203265195999999926e-01,4.866300721659265818e-03
2.203548489000000110e-01,4.866199332179250124e-03
2.204020563000000099e-01,4.866030353900609694e-03
2.204114964999999982e-01,4.865996557232694052e-03
2.204398149000000029e-01,4.865895177961472237e-03
2.204681296999999873e-01,4.865793799114035562e-03
2.204775670999999937e-01,4.865760007531205918e-03
2.205530521000000077e-01,4.865489692871924517e-03
2.206379417999999870e-01,4.865185615788672827e-03
2.206568017999999964e-01,4.865118047603275361e-03
2.206662310999999987e-01,4.865084265441656924e-03
2.207039446000000071e-01,4.864949134809838129e-03
2.207416516000000051e-01,4.864814010080271110e-03
2.207793520999999926e-01,4.864678896658194626e-03
2.207887762999999892e-01,4.864645116835252317e-03
2.208076233000000055e-01,4.864577564850083510e-03
2.208170462999999861e-01,4.864543785402194488e-03
2.208453126000000100e-01,4.864442461324895023e-03
2.208641548999999982e-01,4.864374911348561155e-03
2.209206720000000124e-01,4.864172274914376794e-03
2.209300901000000039e-01,4.864138498732959934e-03
2.210054204999999938e-01,4.863868341774136260e-03
2.210148349999999928e-01,4.863834576282507864e-03
2.210807251999999945e-01,4.863598209864449830e-03
2.211465958000000120e-01,4.863361864103477213e-03
2.211654124000000110e-01,4.863294344284460960e-03
2.212406625999999987e-01,4.863024265023744783e-03
2.212594712000000019e-01,4.862956753220762547e-03
2.212688748999999955e-01,4.862922994635076115e-03
2.213440899999999933e-01,4.862652956825680613e-03
2.213816879000000126e-01,4.862517946685440337e-03
2.214568647000000057e-01,4.862247946055099808e-03
2.214944434999999989e-01,4.862112952879111584e-03
2.215414081000000035e-01,4.861944224815244533e-03
2.216071417000000099e-01,4.861708024932611706e-03
2.216728558999999932e-01,4.861471845107828357e-03
2.216822421000000098e-01,4.861438105356536907e-03
2.216916278000000129e-01,4.861404366371434652e-03
2.217103981000000112e-01,4.861336892211286578e-03
2.217197827000000065e-01,4.861303152884825438e-03
2.217573169000000011e-01,4.861168207802353362e-03
2.217948448000000017e-01,4.861033270298358196e-03
2.218417457999999898e-01,4.860864609587704430e-03
2.218605033999999920e-01,4.860797146183737892e-03
2.219073904999999958e-01,4.860628502460503410e-03
2.219167666999999899e-01,4.860594771409722757e-03
2.219730156999999982e-01,4.860392409667368442e-03
2.220479922999999967e-01,4.860122618572963391e-03
2.220573626000000023e-01,4.860088895817623461e-03
2.221416773999999872e-01,4.859785412389397083e-03
2.221604097000000055e-01,4.859717979320359559e-03
2.221697752000000026e-01,4.859684262399759438e-03
2.222165969999999879e-01,4.859515681698172752e-03
2.223102110999999881e-01,4.859178550857311610e-03
2.223570032999999946e-01,4.859010004289142370e-03
2.223663606000000070e-01,4.858976297510938722e-03
2.223944300000000041e-01,4.858875173053989020e-03
2.224318503999999919e-01,4.858740350101921693e-03
2.224412045999999976e-01,4.858706642443252205e-03
2.225066723999999940e-01,4.858470719953864904e-03
2.225160234000000126e-01,4.858437013603320899e-03
2.225814691999999928e-01,4.858201113812296752e-03
2.225908169999999964e-01,4.858167417105048458e-03
2.226095114999999958e-01,4.858100016574989390e-03
2.226188581000000111e-01,4.858066319924922785e-03
2.226468957000000137e-01,4.857965232605975826e-03
2.226936171999999992e-01,4.857796757336394280e-03
2.227216454000000012e-01,4.857695676868923305e-03
2.227683511999999921e-01,4.857527217658866997e-03
2.228150472000000049e-01,4.857358769927575676e-03
2.228430601999999983e-01,4.857257707952138126e-03
2.228710694999999908e-01,4.857156645608079644e-03
2.229177441000000093e-01,4.856988219127821374e-03
2.229457441000000095e-01,4.856887168078379176e-03
2.229550765999999962e-01,4.856853487987438170e-03
2.230297230000000130e-01,4.856584043789030289e-03
2.230577089999999929e-01,4.856483003415333101e-03
2.231136703000000110e-01,4.856280948855695549e-03
2.231416458000000103e-01,4.856179922588860741e-03
2.231789409000000113e-01,4.856045226119205631e-03
2.232069080999999899e-01,4.855944212377500194e-03
2.232628321000000027e-01,4.855742193584777246e-03
2.232907888000000007e-01,4.855641190400485259e-03
2.233373755999999988e-01,4.855472854264026271e-03
2.233560075999999894e-01,4.855405526963187633e-03
2.234863880000000080e-01,4.854934259431185721e-03
2.235050075999999997e-01,4.854866942273673366e-03
2.235143168000000014e-01,4.854833283346852296e-03
2.235608570000000017e-01,4.854664999909571663e-03
2.235887763999999944e-01,4.854564033288669145e-03
2.236259969999999930e-01,4.854429418614502820e-03
2.236539083000000094e-01,4.854328464119048517e-03
2.237004194999999973e-01,4.854160212417669117e-03
2.238120067999999907e-01,4.853756444950925800e-03
2.238491901999999922e-01,4.853621873555229692e-03
2.239235384999999912e-01,4.853352743689920423e-03
2.239328302999999964e-01,4.853319103520786597e-03
2.239607033999999885e-01,4.853218186228348136e-03
2.240071507999999989e-01,4.853050000128486009e-03
2.240628751000000030e-01,4.852848194517059462e-03
2.241093013000000078e-01,4.852680030046643833e-03
2.241464354000000103e-01,4.852545507133764445e-03
2.241557180000000038e-01,4.852511882043567849e-03
2.241835634000000077e-01,4.852410996020905219e-03
2.242578007999999901e-01,4.852141981476426093e-03
2.243691109000000017e-01,4.851738511031902963e-03
2.243969298000000057e-01,4.851637655194975321e-03
2.244062019999999991e-01,4.851604040238678521e-03
2.244340163000000110e-01,4.851503185401101655e-03
2.244432869000000108e-01,4.851469568282857150e-03
2.244525572000000135e-01,4.851435953612973605e-03
2.244803657999999980e-01,4.851335107215401510e-03
2.245081708999999981e-01,4.851234261935343482e-03
2.245174384999999995e-01,4.851200646601141510e-03
2.245267056999999955e-01,4.851167035566505449e-03
2.245452390000000076e-01,4.851099810733013051e-03
2.246286198999999928e-01,4.850797317091022284e-03
2.246749292999999925e-01,4.850629279467629125e-03
2.246934503000000138e-01,4.850562066973295935e-03
2.247304878999999977e-01,4.850427651460184446e-03
2.247397462999999873e-01,4.850394046806217815e-03
2.248230551000000021e-01,4.850091628549548298e-03
2.248415639000000132e-01,4.850024434121209121e-03
2.248508177999999913e-01,4.849990836137851868e-03
2.249248349999999896e-01,4.849722055310712494e-03
2.249618344000000048e-01,4.849587678527590706e-03
2.249895799999999946e-01,4.849486903738682922e-03
2.250265689000000013e-01,4.849352533641874095e-03
2.250450609999999907e-01,4.849285353593924160e-03
2.251005282000000107e-01,4.849083818635063943e-03
2.251190143000000032e-01,4.849016648939031247e-03
2.251467404999999977e-01,4.848915890995834921e-03
2.251837034999999987e-01,4.848781549959288971e-03
2.251929433000000036e-01,4.848747964213080512e-03
2.252576112999999935e-01,4.848512893055441364e-03
2.252853204999999970e-01,4.848412151364553564e-03
2.252945560999999874e-01,4.848378575770464702e-03
2.253222606999999988e-01,4.848277839124591655e-03
2.253407286000000120e-01,4.848210684489422106e-03
2.253684274999999959e-01,4.848109957255802155e-03
2.254053541999999910e-01,4.847975657319531298e-03
2.254884169999999965e-01,4.847673506357076320e-03
2.255160978000000094e-01,4.847572802070537236e-03
2.255622248999999968e-01,4.847404958962935571e-03
2.256267871000000036e-01,4.847169999825195856e-03
2.256913308000000062e-01,4.846935060985889214e-03
2.257005498000000110e-01,4.846901498956490521e-03
2.257097684000000104e-01,4.846867941987714756e-03
2.257282046000000097e-01,4.846800822317755622e-03
2.257742883999999950e-01,4.846633024733887178e-03
2.257835039999999960e-01,4.846599468602453761e-03
2.258111486000000112e-01,4.846498799562237898e-03
2.258756396000000111e-01,4.846263918917075204e-03
2.259309029000000080e-01,4.846062604298692622e-03
2.259585295000000049e-01,4.845961959657797864e-03
2.260045663999999954e-01,4.845794213596020701e-03
2.260321838999999888e-01,4.845693572615269312e-03
2.260690022000000077e-01,4.845559396085837890e-03
2.261426206000000105e-01,4.845291053007075993e-03
2.261518211999999917e-01,4.845257511010085325e-03
2.262070170999999907e-01,4.845056272776498800e-03
2.262530033000000051e-01,4.844888585417573244e-03
2.262805905999999978e-01,4.844787978626661183e-03
2.263173683999999963e-01,4.844653840696429119e-03
2.264000965999999893e-01,4.844352056946737810e-03
2.264368549000000119e-01,4.844217943851453212e-03
2.264460436000000076e-01,4.844184417026712285e-03
2.264736073999999988e-01,4.844083833218795071e-03
2.265103538000000083e-01,4.843949727690060290e-03
2.265195395000000056e-01,4.843916206156938936e-03
2.265838287999999978e-01,4.843681545207777217e-03
2.266113757999999867e-01,4.843580983020417778e-03
2.266664597999999975e-01,4.843379870522955891e-03
2.266939967000000111e-01,4.843279315032301274e-03
2.267215303000000015e-01,4.843178766165460135e-03
2.267582365999999960e-01,4.843044711751832293e-03
2.267674121999999903e-01,4.843011198579751098e-03
2.268408040000000070e-01,4.842743101307336699e-03
2.268683197999999956e-01,4.842642570629432895e-03
2.268866618000000002e-01,4.842575556699547576e-03
2.269141719999999973e-01,4.842475033980480487e-03
2.269508470999999916e-01,4.842341007527992992e-03
2.270241795000000062e-01,4.842072981258640531e-03
2.270608369000000071e-01,4.841938977139945838e-03
2.270883260000000070e-01,4.841838478689615075e-03
2.270974883000000111e-01,4.841804980516509899e-03
2.271066502000000098e-01,4.841771481030462780e-03
2.271707733999999979e-01,4.841537001853576244e-03
2.271799324000000064e-01,4.841503508333405356e-03
2.272440349000000026e-01,4.841269049659771562e-03
2.272531909000000128e-01,4.841235560626288605e-03
2.272806568000000083e-01,4.841135086039427202e-03
2.273081193000000000e-01,4.841034617894764136e-03
2.273538827999999901e-01,4.840867179148425695e-03
2.273813365000000031e-01,4.840766718886109314e-03
2.274270852999999981e-01,4.840599291316502288e-03
2.274636777000000054e-01,4.840465356797115683e-03
2.274728249000000091e-01,4.840431875471278879e-03
2.274911181000000004e-01,4.840364911931019191e-03
2.275002641999999964e-01,4.840331430183484121e-03
2.275459891000000123e-01,4.840164037376543799e-03
2.276008468000000062e-01,4.839963171624346756e-03
2.276739698999999950e-01,4.839695371010371491e-03
2.276831085999999893e-01,4.839661902691471361e-03
2.276922469999999865e-01,4.839628428384755952e-03
2.277196599000000099e-01,4.839528015497379480e-03
2.277562052000000059e-01,4.839394134124474015e-03
2.277927448000000021e-01,4.839260258684291612e-03
2.278292784000000015e-01,4.839126393718296698e-03
2.279114577999999947e-01,4.838825212034165123e-03
2.279297157999999879e-01,4.838758288199782910e-03
2.279844812000000054e-01,4.838557529343579661e-03
2.280118590000000112e-01,4.838457152014604898e-03
2.280483574999999929e-01,4.838323326260204026e-03
2.280757276000000000e-01,4.838222958745158446e-03
2.281213370999999879e-01,4.838055688730334876e-03
2.281304578999999999e-01,4.838022235922588739e-03
2.282034112999999920e-01,4.837754626495329238e-03
2.282307627999999866e-01,4.837654286142323637e-03
2.282581110000000135e-01,4.837553940325976451e-03
2.283674710999999968e-01,4.837152607517977709e-03
2.284221314999999863e-01,4.836951965441631078e-03
2.284494568000000059e-01,4.836851649916603692e-03
2.284767789000000104e-01,4.836751337781978848e-03
2.284858855000000133e-01,4.836717897586935259e-03
2.284949917000000108e-01,4.836684462999057445e-03
2.285132031000000064e-01,4.836617592865282561e-03
2.285587253999999957e-01,4.836450420890109174e-03
2.285678287000000031e-01,4.836416981775032431e-03
2.285951365999999985e-01,4.836316687503471913e-03
2.286224411999999984e-01,4.836216394572560341e-03
2.286588422999999981e-01,4.836082676819919782e-03
2.287043354999999945e-01,4.835915539030800556e-03
2.287771058999999996e-01,4.835648136792165819e-03
2.288043888000000081e-01,4.835547864889065683e-03
2.288407608999999954e-01,4.835414181187043352e-03
2.288862180000000024e-01,4.835247077839666986e-03
2.289225770999999965e-01,4.835113411799402995e-03
2.289952781000000048e-01,4.834846084277921729e-03
2.290043640999999963e-01,4.834812670896078239e-03
2.290316199000000108e-01,4.834712434064680590e-03
2.290588725000000103e-01,4.834612201411555253e-03
2.290770390999999906e-01,4.834545377398153515e-03
2.291042862999999874e-01,4.834445148221723672e-03
2.291496909999999887e-01,4.834278106885999196e-03
2.292132426000000056e-01,4.834044271467394585e-03
2.292495498999999881e-01,4.833910658197430009e-03
2.292949259000000017e-01,4.833743650600390122e-03
2.293221471999999928e-01,4.833643449019878885e-03
2.293584371999999871e-01,4.833509855018412564e-03
2.293856509999999960e-01,4.833409667382447365e-03
2.293947215000000095e-01,4.833376270905845838e-03
2.294672728999999911e-01,4.833109113885614844e-03
2.295126057999999913e-01,4.832942157137165920e-03
2.295760568999999918e-01,4.832708434760080163e-03
2.296576112000000003e-01,4.832407961845051024e-03
2.296757304000000000e-01,4.832341195525041884e-03
2.297119646000000126e-01,4.832207662788189605e-03
2.297210222000000135e-01,4.832174279066952551e-03
2.297300794999999896e-01,4.832140900879101746e-03
2.297844156999999943e-01,4.831940625244786347e-03
2.297934705000000133e-01,4.831907242571317936e-03
2.298658959999999862e-01,4.831640232060917250e-03
2.299021001999999869e-01,4.831506736209844992e-03
2.299292495999999963e-01,4.831406619490306170e-03
2.299473475000000100e-01,4.831339877790909003e-03
2.299654439000000106e-01,4.831273135565655567e-03
2.300106785999999903e-01,4.831106292584771457e-03
2.300468599999999919e-01,4.830972818737541523e-03
2.300830356999999937e-01,4.830839359123678678e-03
2.300920787999999884e-01,4.830805993543216964e-03
2.301101637999999894e-01,4.830739260927537082e-03
2.301192058000000040e-01,4.830705899554907368e-03
2.302547927999999966e-01,4.830205495669434058e-03
2.302999706999999951e-01,4.830038712973804167e-03
2.303090051999999999e-01,4.830005356623486013e-03
2.303632049000000070e-01,4.829805236817455785e-03
2.303722368999999992e-01,4.829771883837972492e-03
2.304083616000000001e-01,4.829638480452358267e-03
2.304535094000000062e-01,4.829471735444291515e-03
2.305167015000000041e-01,4.829238307522801081e-03
2.305257274999999995e-01,4.829204959648212593e-03
2.305528034999999865e-01,4.829104926608185008e-03
2.305798762000000057e-01,4.829004897981950539e-03
2.305979230000000102e-01,4.828938214715911351e-03
2.306249904999999878e-01,4.828838189368982528e-03
2.306610755000000068e-01,4.828704828721291746e-03
2.306971549000000066e-01,4.828571475971258319e-03
2.307422462000000007e-01,4.828404797080025797e-03
2.307963440999999949e-01,4.828204789888033456e-03
2.308143739999999888e-01,4.828138122102711670e-03
2.308414161000000020e-01,4.828038130249024014e-03
2.308684550000000002e-01,4.827938135672571636e-03
2.308774673000000000e-01,4.827904808178614358e-03
2.309405432999999952e-01,4.827671512486786908e-03
2.309585618999999979e-01,4.827604862456565463e-03
2.309765790999999957e-01,4.827538211269198458e-03
2.309855871000000005e-01,4.827504884572612030e-03
2.310306220999999993e-01,4.827338269079545566e-03
2.310576389000000008e-01,4.827238307010602025e-03
2.310846525999999956e-01,4.827138340474951099e-03
2.310936564000000137e-01,4.827105026673984139e-03
2.311206658000000136e-01,4.827005067495368333e-03
2.311656745000000013e-01,4.826838480413679286e-03
2.311746752000000127e-01,4.826805165947723429e-03
2.312466680999999968e-01,4.826538651204155712e-03
2.312736595999999867e-01,4.826438712806880096e-03
2.313456217000000037e-01,4.826172233334201020e-03
2.314085700999999884e-01,4.825939091376975874e-03
2.314175613999999992e-01,4.825905784107378978e-03
2.314445330000000078e-01,4.825805867689417564e-03
2.314625123000000062e-01,4.825739262928676991e-03
2.315523879999999979e-01,4.825406257112717368e-03
2.315973128000000103e-01,4.825239767208527007e-03
2.316062966999999917e-01,4.825206470151632322e-03
2.316332463000000119e-01,4.825106582825862238e-03
2.316691743000000026e-01,4.824973406721826119e-03
2.316781554000000021e-01,4.824940108240427690e-03
2.317320348999999946e-01,4.824740358699223207e-03
2.317410135999999898e-01,4.824707068984896915e-03
2.318128305000000111e-01,4.824440760412198638e-03
2.318397561999999967e-01,4.824340898490579559e-03
2.318487307000000053e-01,4.824307614390835851e-03
2.319474273999999892e-01,4.823941495415005019e-03
2.319833067000000026e-01,4.823808376208164189e-03
2.320281480999999979e-01,4.823641983820607486e-03
2.320371153000000131e-01,4.823608711308271027e-03
2.320640149000000041e-01,4.823508880993352711e-03
2.320909113999999884e-01,4.823409056345148022e-03
2.321088406000000048e-01,4.823342507664690228e-03
2.321715820999999957e-01,4.823109596830975170e-03
2.322343067000000039e-01,4.822876713993730705e-03
2.322432658999999955e-01,4.822843443595895528e-03
2.322522248999999983e-01,4.822810174874661918e-03
2.322790995000000025e-01,4.822710377655554416e-03
2.323059711000000083e-01,4.822610579820186399e-03
2.323238837999999917e-01,4.822544053611315697e-03
2.323507502000000113e-01,4.822444259292154971e-03
2.324581846999999868e-01,4.822045137635543217e-03
2.325387281000000084e-01,4.821745833201424199e-03
2.325566228000000013e-01,4.821679328373040287e-03
2.325655695999999939e-01,4.821646074443666254e-03
2.325924081000000088e-01,4.821546314941064885e-03
2.326013536000000048e-01,4.821513059573190492e-03
2.326371319999999965e-01,4.821380060014258430e-03
2.326729050000000132e-01,4.821247061967535129e-03
2.326818474000000025e-01,4.821213814979873058e-03
2.326997311000000013e-01,4.821147324245873660e-03
2.327801908000000086e-01,4.820848114267373315e-03
2.328159418000000092e-01,4.820715144262916439e-03
2.328427513999999920e-01,4.820615422796807430e-03
2.328784928000000032e-01,4.820482464692967331e-03
2.328874271999999968e-01,4.820449223589440453e-03
2.329231616999999921e-01,4.820316273056214629e-03
2.329678222000000076e-01,4.820150089625527962e-03
2.329946143000000136e-01,4.820050389593094099e-03
2.330303324000000120e-01,4.819917458540291626e-03
2.330392609999999975e-01,4.819884226265063951e-03
2.331106779999999878e-01,4.819618388618263777e-03
2.331285288000000122e-01,4.819551930374140619e-03
2.331374536999999969e-01,4.819518701991301959e-03
2.332445258999999993e-01,4.819120004663380447e-03
2.332802056000000124e-01,4.818987121960717837e-03
2.333515489000000109e-01,4.818721364957715726e-03
2.333782970000000123e-01,4.818621712401446357e-03
2.334228703000000016e-01,4.818455641307062276e-03
2.334496101999999906e-01,4.818356000719712685e-03
2.335298114999999897e-01,4.818057095787701277e-03
2.335387211000000129e-01,4.818023888209008350e-03
2.335565391999999962e-01,4.817957469745789457e-03
2.335654477999999923e-01,4.817924261109670682e-03
2.336367038999999923e-01,4.817658613151904086e-03
2.336634193000000081e-01,4.817559001144178406e-03
2.336723237999999980e-01,4.817525794777129111e-03
2.336812279000000103e-01,4.817492591077696812e-03
2.336990351000000077e-01,4.817426189091972635e-03
2.337524487000000040e-01,4.817226986137057403e-03
2.338058500999999900e-01,4.817027796470908091e-03
2.338236478000000063e-01,4.816961402304425696e-03
2.338414441999999982e-01,4.816895013402242715e-03
2.338503419000000083e-01,4.816861816823218845e-03
2.339659810999999978e-01,4.816430315603710717e-03
2.340371152000000066e-01,4.816164816258289641e-03
2.340637848999999882e-01,4.816065257698974589e-03
2.340993398000000003e-01,4.815932521767710833e-03
2.341260025000000133e-01,4.815832968850762563e-03
2.341704334999999970e-01,4.815667064515146735e-03
2.342059722000000010e-01,4.815534342408380949e-03
2.342415055000000024e-01,4.815401632645753896e-03
2.342770335000000093e-01,4.815268929422358672e-03
2.343036759000000080e-01,4.815169403518816671e-03
2.343214358000000053e-01,4.815103052314358839e-03
2.344102153000000022e-01,4.814771338534674060e-03
2.344634667999999922e-01,4.814572331627527992e-03
2.344900880999999937e-01,4.814472831011975575e-03
2.345255783000000094e-01,4.814340170622872020e-03
2.345521925000000063e-01,4.814240679788092149e-03
2.345610633000000111e-01,4.814207519767168576e-03
2.345965428000000019e-01,4.814074869441333816e-03
2.346054117999999966e-01,4.814041710366874505e-03
2.346320169999999983e-01,4.813942232679778964e-03
2.346763521999999935e-01,4.813776438829118522e-03
2.347384073000000071e-01,4.813544348796632531e-03
2.348093075000000085e-01,4.813279120209218616e-03
2.348181685000000074e-01,4.813245970321716055e-03
2.348358895000000057e-01,4.813179672425010533e-03
2.348447495000000051e-01,4.813146519768897978e-03
2.348713275000000045e-01,4.813047073470544737e-03
2.349156175000000069e-01,4.812881336233495663e-03
2.349421875000000104e-01,4.812781897434672933e-03
2.350218795000000027e-01,4.812483605110068167e-03
2.350307325000000058e-01,4.812450467275030536e-03
2.351015444000000010e-01,4.812185346548901628e-03
2.351192441000000133e-01,4.812119068350041891e-03
2.351280933999999878e-01,4.812085934050617901e-03
2.351634874000000097e-01,4.811953390107890326e-03
2.352342594000000064e-01,4.811688317818489137e-03
2.352431044000000138e-01,4.811655190581858206e-03
2.353138523999999954e-01,4.811390152522177638e-03
2.353403775000000031e-01,4.811290762630310650e-03
2.353668995000000042e-01,4.811191383831451250e-03
2.353757394999999863e-01,4.811158259434028354e-03
2.354022575999999978e-01,4.811058884770855540e-03
2.354376103999999970e-01,4.810926392005778623e-03
2.354552846999999893e-01,4.810860143572379816e-03
2.354817938000000055e-01,4.810760782006713587e-03
2.355083000000000037e-01,4.810661423951716545e-03
2.355171346999999915e-01,4.810628302246562800e-03
2.355878003999999915e-01,4.810363361029934906e-03
2.356584449999999942e-01,4.810098448261474445e-03
2.356672740000000099e-01,4.810065338685974752e-03
2.357202415999999912e-01,4.809866668773569824e-03
2.357643721000000081e-01,4.809701127284246071e-03
2.358261409000000086e-01,4.809469377034722264e-03
2.358702515999999971e-01,4.809303859027306768e-03
2.359496301000000018e-01,4.809005945670903441e-03
2.359760837000000055e-01,4.808906648896962149e-03
2.360113504999999945e-01,4.808774262712226140e-03
2.360906815000000103e-01,4.808476411175011470e-03
2.361083069999999895e-01,4.808410225176576978e-03
2.361171193000000113e-01,4.808377128183822895e-03
2.361523650000000030e-01,4.808244765466258668e-03
2.361611755999999951e-01,4.808211678097935177e-03
2.362316486999999909e-01,4.807946971309648605e-03
2.362932953999999919e-01,4.807715375065413355e-03
2.363021006999999896e-01,4.807682291259640292e-03
2.363285148000000002e-01,4.807583047142446886e-03
2.363725318000000075e-01,4.807417637809093328e-03
2.363901362999999978e-01,4.807351479232193497e-03
2.363989380000000029e-01,4.807318397558190889e-03
2.364693401999999889e-01,4.807053783745946114e-03
2.365045335000000026e-01,4.806921479045905832e-03
2.365309250000000030e-01,4.806822262710278536e-03
2.365397214999999942e-01,4.806789189178891850e-03
2.365661089999999966e-01,4.806689969986278205e-03
2.365836990999999889e-01,4.806623830094906326e-03
2.366364615000000060e-01,4.806425413880454668e-03
2.366452541000000076e-01,4.806392350555935451e-03
2.366716299000000134e-01,4.806293146201428244e-03
2.367155830000000072e-01,4.806127818645004532e-03
2.367243726999999909e-01,4.806094750797746361e-03
2.367507396000000097e-01,4.805995564708027273e-03
2.367771036999999912e-01,4.805896380385098893e-03
2.367946780999999890e-01,4.805830254376045052e-03
2.368210373000000091e-01,4.805731074951234173e-03
2.368473935000000030e-01,4.805631896055557323e-03
2.368561781999999893e-01,4.805598839508640023e-03
2.369527889999999970e-01,4.805235227318968919e-03
2.370054692999999935e-01,4.805036908683721526e-03
2.370669146999999921e-01,4.804805560450127813e-03
2.371371186000000020e-01,4.804541186205687868e-03
2.371458925999999912e-01,4.804508141103116907e-03
2.371985299000000103e-01,4.804309879037183852e-03
2.372160731000000078e-01,4.804243793286211602e-03
2.372423854000000054e-01,4.804144672507704682e-03
2.373476056000000112e-01,4.803748219732285364e-03
2.373739032999999943e-01,4.803649110514374675e-03
2.374089624999999870e-01,4.803516977972669723e-03
2.374264900999999983e-01,4.803450911346314293e-03
2.374527791000000110e-01,4.803351818200260123e-03
2.374878266000000071e-01,4.803219700324151166e-03
2.375141088000000122e-01,4.803120615925544207e-03
2.375666644999999966e-01,4.802922452511755765e-03
2.375929380000000035e-01,4.802823376218626900e-03
2.376192085999999926e-01,4.802724307424114346e-03
2.376542315999999877e-01,4.802592216337174362e-03
2.376629865000000064e-01,4.802559192818952293e-03
2.376892493999999967e-01,4.802460130215474403e-03
2.376980029999999910e-01,4.802427116924891382e-03
2.377767712999999949e-01,4.802129956712891667e-03
2.378730081000000052e-01,4.801766799916041238e-03
2.378992477999999910e-01,4.801667770413523689e-03
2.379866925000000133e-01,4.801337685979518988e-03
2.380129196000000114e-01,4.801238665934969702e-03
2.380478846000000093e-01,4.801106650916376652e-03
2.380828445000000015e-01,4.800974642709465029e-03
2.381177992000000077e-01,4.800842637034259154e-03
2.381265371000000075e-01,4.800809635758074290e-03
2.381876933000000029e-01,4.800578648370875876e-03
2.381964286000000097e-01,4.800545648088006684e-03
2.382226326999999921e-01,4.800446659631017222e-03
2.382924959999999925e-01,4.800182709381229165e-03
2.383186895000000138e-01,4.800083732033577980e-03
2.383274200000000120e-01,4.800050741441634801e-03
2.383536096999999965e-01,4.799951776997463115e-03
2.383623388999999981e-01,4.799918782053303433e-03
2.384059802999999866e-01,4.799753843691435644e-03
2.384757899000000125e-01,4.799489962524191092e-03
2.385019633000000083e-01,4.799391011733754667e-03
2.385281337000000057e-01,4.799292065806812398e-03
2.385368566000000135e-01,4.799259078893039834e-03
2.386066279000000068e-01,4.798995249274912687e-03
2.386153478999999966e-01,4.798962266663926550e-03
2.386763789000000135e-01,4.798731436870725016e-03
2.386850963000000103e-01,4.798698461694284913e-03
2.387112466999999905e-01,4.798599543594686372e-03
2.387461093999999895e-01,4.798467647460017728e-03
2.387548243000000014e-01,4.798434683030140986e-03
2.387722530999999981e-01,4.798368737947287382e-03
2.388158196000000066e-01,4.798203891934737890e-03
2.388506670999999970e-01,4.798072024058086700e-03
2.388767992999999978e-01,4.797973126166984494e-03
2.388942192000000075e-01,4.797907196409449161e-03
2.389551789999999898e-01,4.797676447659065049e-03
2.389900061000000131e-01,4.797544606019673620e-03
2.390248282000000113e-01,4.797412766254996117e-03
2.390335329000000120e-01,4.797379809651516891e-03
2.390509413999999944e-01,4.797313891645742581e-03
2.390857546000000056e-01,4.797182064150813663e-03
2.391031593000000066e-01,4.797116158391044778e-03
2.391640657000000114e-01,4.796885479654619706e-03
2.392336540999999983e-01,4.796621874620332800e-03
2.392423512999999891e-01,4.796588926694843324e-03
2.392684407000000013e-01,4.796490076543456944e-03
2.393379988000000069e-01,4.796226511525341837e-03
2.393640777999999913e-01,4.796127679489406437e-03
2.393727702000000013e-01,4.796094739513841534e-03
2.393814622999999864e-01,4.796061796283656101e-03
2.394509874999999899e-01,4.795798266275803044e-03
2.394683656999999910e-01,4.795732392683328162e-03
2.394770542999999918e-01,4.795699454745105776e-03
2.395204924999999874e-01,4.795534766305744288e-03
2.395465516999999989e-01,4.795435966872180211e-03
2.395812928999999925e-01,4.795304226921346530e-03
2.396073454000000047e-01,4.795205426534538892e-03
2.396507600999999987e-01,4.795040775570539628e-03
2.397288867000000046e-01,4.794744421830842915e-03
2.397896341999999903e-01,4.794513948681576251e-03
2.398850634999999953e-01,4.794151808630607754e-03
2.398937369999999958e-01,4.794118890639029532e-03
2.399284278999999909e-01,4.793987221313508740e-03
2.399370997999999977e-01,4.793954303196921139e-03
2.399631137000000081e-01,4.793855556290838558e-03
2.399891248999999893e-01,4.793756809932206084e-03
2.399977946000000084e-01,4.793723895252756211e-03
2.400064640000000027e-01,4.793690983566654094e-03
2.400238020000000083e-01,4.793625154229004710e-03
2.400758081999999904e-01,4.793427686306599503e-03
2.401278031999999896e-01,4.793230234447196786e-03
2.401451323999999887e-01,4.793164417510729913e-03
2.401971123999999957e-01,4.792966980795810086e-03
2.402750613000000091e-01,4.792670852984026904e-03
2.403010385999999887e-01,4.792572147956436317e-03
2.403096970999999971e-01,4.792539248467429965e-03
2.403789537999999892e-01,4.792276067982742527e-03
2.404741491999999869e-01,4.791914232463737912e-03
2.404828015000000097e-01,4.791881338909175468e-03
2.404914533999999993e-01,4.791848444574145320e-03
2.405174073999999940e-01,4.791749777604133523e-03
2.405606577999999940e-01,4.791585328336959299e-03
2.406211953000000070e-01,4.791355124369384329e-03
2.406298423000000075e-01,4.791322241408106815e-03
2.406903622999999881e-01,4.791092054538649038e-03
2.406990068000000038e-01,4.791059169913663290e-03
2.407162948999999885e-01,4.790993413027778980e-03
2.407249384000000048e-01,4.790960529384934684e-03
2.407508671999999961e-01,4.790861892639600682e-03
2.407940756999999987e-01,4.790697501119329203e-03
2.408545545000000121e-01,4.790467366627725217e-03
2.408631931000000115e-01,4.790434490617829881e-03
2.408977444000000023e-01,4.790302998242804144e-03
2.409322906999999958e-01,4.790171511488523597e-03
2.409581972000000016e-01,4.790072899144103176e-03
2.409754665999999934e-01,4.790007164105393976e-03
2.410013685000000072e-01,4.789908555947054725e-03
2.410272675000000031e-01,4.789809955900624187e-03
2.410963181000000122e-01,4.789547035377102191e-03
2.411049480000000134e-01,4.789514169633946571e-03
2.411394645999999919e-01,4.789382724827036947e-03
2.411739763000000092e-01,4.789251278662523190e-03
2.411826035000000090e-01,4.789218421904155309e-03
2.412429849000000126e-01,4.788988415562153364e-03
2.412688580000000027e-01,4.788889850289609722e-03
2.413205958999999901e-01,4.788692724112500639e-03
2.413464606999999873e-01,4.788594165434474463e-03
2.413895624999999878e-01,4.788429911964754010e-03
2.414068011000000125e-01,4.788364210590287211e-03
2.414154199000000112e-01,4.788331363669319322e-03
2.414498921999999881e-01,4.788199974441233360e-03
2.414843594999999954e-01,4.788068590327819972e-03
2.415446655000000054e-01,4.787838678132720974e-03
2.415791193000000059e-01,4.787707314852492589e-03
2.415963442999999877e-01,4.787641627502181758e-03
2.416221795999999866e-01,4.787543107454332765e-03
2.416480121000000036e-01,4.787444598003273710e-03
2.416566223000000124e-01,4.787411754955415988e-03
2.416824512000000091e-01,4.787313247255554211e-03
2.417599210999999970e-01,4.787017736508361425e-03
2.418029492000000058e-01,4.786853578069103637e-03
2.418631757999999965e-01,4.786623768888759352e-03
2.419319876999999896e-01,4.786361161438203345e-03
2.419405877999999954e-01,4.786328336322783275e-03
2.419577871999999963e-01,4.786262692298761182e-03
2.420695529000000124e-01,4.785836018375170219e-03
2.421039319999999939e-01,4.785704746474393582e-03
2.421383061999999864e-01,4.785573481072015987e-03
2.421468989999999988e-01,4.785540665282345292e-03
2.421726755999999980e-01,4.785442223882575667e-03
2.421984493000000072e-01,4.785343782011877191e-03
2.423358633000000095e-01,4.784818832302168735e-03
2.423530345000000086e-01,4.784753220906074779e-03
2.423702045999999999e-01,4.784687611786212977e-03
2.424045410000000011e-01,4.784556399760928058e-03
2.424474547999999896e-01,4.784392389476863246e-03
2.424903609000000071e-01,4.784228390190779605e-03
2.425075211999999925e-01,4.784162795890328258e-03
2.425589948999999912e-01,4.783966012868446499e-03
2.426104575999999957e-01,4.783769242805190232e-03
2.426533348999999895e-01,4.783605285555738579e-03
2.426790577000000060e-01,4.783506910034708050e-03
2.426876313000000118e-01,4.783474118966801053e-03
2.427219227999999895e-01,4.783342961130860986e-03
2.427562094999999864e-01,4.783211814328052792e-03
2.427647804999999992e-01,4.783179027637173182e-03
2.427819213999999892e-01,4.783113455283826559e-03
2.427904914000000025e-01,4.783080670867046261e-03
2.428333369000000019e-01,4.782916750049479027e-03
2.428590405999999924e-01,4.782818405678722698e-03
2.428933078999999939e-01,4.782687282299098036e-03
2.429190052000000100e-01,4.782588940270006764e-03
2.429532641000000104e-01,4.782457822676814199e-03
2.429618280999999991e-01,4.782425049939288686e-03
2.429703917000000102e-01,4.782392274820333918e-03
2.430645720999999870e-01,4.782031755813769165e-03
2.431672726999999923e-01,4.781638509858116177e-03
2.431758290999999905e-01,4.781605745083226423e-03
2.432014966000000111e-01,4.781507447308840954e-03
2.432271614000000026e-01,4.781409148925629994e-03
2.432442696999999876e-01,4.781343622816666694e-03
2.432699298999999871e-01,4.781245331230103181e-03
2.433041394000000079e-01,4.781114282238600917e-03
2.433297933000000135e-01,4.781015996846605699e-03
2.434323820000000027e-01,4.780622906851040438e-03
2.434494759999999980e-01,4.780557401292083279e-03
2.435007505000000017e-01,4.780360878219993247e-03
2.435092952000000033e-01,4.780328127582585476e-03
2.435776420999999914e-01,4.780066123158914840e-03
2.435861840999999917e-01,4.780033375237493359e-03
2.436118083000000101e-01,4.779935134665246749e-03
2.436459698000000007e-01,4.779804149704133982e-03
2.437228154999999952e-01,4.779509453751637320e-03
2.437825677000000080e-01,4.779280269351190123e-03
2.437911024999999954e-01,4.779247535828256253e-03
2.438167052000000112e-01,4.779149319715681778e-03
2.438593703999999973e-01,4.778985636754584307e-03
2.438764344000000084e-01,4.778920168775500389e-03
2.438849659000000003e-01,4.778887429209324224e-03
2.439190891000000139e-01,4.778756498236023942e-03
2.439873211999999958e-01,4.778494649726378919e-03
2.440129033000000003e-01,4.778396463494520401e-03
2.440214300000000114e-01,4.778363733204797972e-03
2.440470086000000038e-01,4.778265549306309062e-03
2.440640594000000052e-01,4.778200102026989964e-03
2.441237280999999926e-01,4.777971023986328329e-03
2.441492959000000074e-01,4.777872862827363225e-03
2.442004234000000051e-01,4.777676535498385016e-03
2.442941295999999929e-01,4.777316638857141869e-03
2.443367113999999896e-01,4.777153071109422298e-03
2.444048268000000024e-01,4.776891373765899430e-03
2.444218526999999974e-01,4.776825957255456494e-03
2.444303651999999993e-01,4.776793251811095077e-03
2.444984545999999981e-01,4.776531589108558469e-03
2.445239831999999891e-01,4.776433472820732287e-03
2.445324922000000067e-01,4.776400770051363910e-03
2.445580172000000052e-01,4.776302656969267681e-03
2.445665250000000068e-01,4.776269953233262811e-03
2.446345763999999978e-01,4.776008347568787976e-03
2.446770990000000090e-01,4.775844858003936572e-03
2.447026089999999876e-01,4.775746762259230546e-03
2.447366182000000057e-01,4.775615980237579022e-03
2.447961227999999878e-01,4.775387127536615678e-03
2.448046222999999966e-01,4.775354440496277358e-03
2.448301190000000127e-01,4.775256365505860245e-03
2.448641105000000096e-01,4.775125608219648113e-03
2.448726075999999863e-01,4.775092920598715193e-03
2.449320792999999941e-01,4.774864108571733393e-03
2.449405739999999942e-01,4.774831424809401412e-03
2.449490685000000056e-01,4.774798739513328415e-03
2.450085216000000010e-01,4.774569952025751844e-03
2.450170137000000081e-01,4.774537268479933302e-03
2.451019187000000044e-01,4.774210477708801421e-03
2.451104075999999965e-01,4.774177796385422126e-03
2.451358724999999905e-01,4.774079767233801314e-03
2.452122512999999893e-01,4.773785700541907477e-03
2.452207362999999918e-01,4.773753024450319744e-03
2.452377055999999944e-01,4.773687676900565530e-03
2.452461897999999862e-01,4.773655009853078335e-03
2.452886062999999894e-01,4.773491655549882973e-03
2.453140527000000071e-01,4.773393650565427825e-03
2.453394963999999956e-01,4.773295656001305676e-03
2.453734173000000074e-01,4.773164984897408300e-03
2.454158117999999944e-01,4.773001668867623420e-03
2.454242898000000006e-01,4.772969004039321131e-03
2.454751518000000132e-01,4.772773037124677584e-03
2.454836277999999927e-01,4.772740379615066086e-03
2.454921035000000029e-01,4.772707713890488555e-03
2.455175287999999956e-01,4.772609740070939133e-03
2.455514250999999981e-01,4.772479106109591210e-03
2.456446157999999935e-01,4.772119907997990178e-03
2.456530859000000122e-01,4.772087253775466296e-03
2.456784945000000109e-01,4.771989298206135918e-03
2.456954322000000079e-01,4.771923998523983947e-03
2.457885682000000016e-01,4.771564874175769806e-03
2.458224271999999988e-01,4.771434295868884692e-03
2.458308912000000124e-01,4.771401649091874635e-03
2.458985927000000016e-01,4.771140512854574016e-03
2.459239759000000081e-01,4.771042592306807412e-03
2.459578162000000123e-01,4.770912035101795151e-03
2.460170254999999861e-01,4.770683585413076043e-03
2.460254828000000005e-01,4.770650946106209413e-03
2.460508530000000138e-01,4.770553040877236785e-03
2.460593091000000121e-01,4.770520413884049744e-03
2.461269477999999955e-01,4.770259356232165078e-03
2.461607601999999950e-01,4.770128845244305318e-03
2.461692125000000120e-01,4.770096210989513766e-03
2.462283710000000014e-01,4.769867829512016918e-03
2.463044108999999926e-01,4.769574213504336122e-03
2.463213055000000040e-01,4.769508972789597567e-03
2.463635369000000130e-01,4.769345873215976445e-03
2.463973167999999880e-01,4.769215403857622951e-03
2.464310920999999988e-01,4.769084932215105280e-03
2.464395352000000039e-01,4.769052321166831164e-03
2.464564204999999952e-01,4.768987092121265182e-03
2.464901877000000019e-01,4.768856634829608289e-03
2.465070695000000089e-01,4.768791412473999923e-03
2.465914613999999894e-01,4.768465305889368899e-03
2.466420826999999871e-01,4.768269664678071590e-03
2.466673893999999922e-01,4.768171844272740129e-03
2.466926936000000126e-01,4.768074032878670022e-03
2.467011276999999947e-01,4.768041431737109377e-03
2.467348614000000051e-01,4.767911020333158445e-03
2.467685904999999957e-01,4.767780615731283776e-03
2.468360347999999926e-01,4.767519836076586880e-03
2.468444640000000134e-01,4.767487239405566492e-03
2.468697499999999989e-01,4.767389447758960466e-03
2.469118875999999907e-01,4.767226477084340192e-03
2.469371666999999881e-01,4.767128700543774716e-03
2.469624431999999925e-01,4.767030926847990076e-03
2.469708680999999906e-01,4.766998336594791691e-03
2.469961411000000107e-01,4.766900561680902440e-03
2.470045649000000010e-01,4.766867969678848654e-03
2.470466795000000049e-01,4.766705037430379530e-03
2.470719447999999985e-01,4.766607275372644788e-03
2.471393063000000001e-01,4.766346602403589115e-03
2.471729802000000031e-01,4.766216271309718817e-03
2.472403140999999971e-01,4.765955637170878230e-03
2.472487295999999946e-01,4.765923059085100562e-03
2.472655596999999983e-01,4.765857900500673240e-03
2.473160429000000049e-01,4.765662448801838945e-03
2.473412806999999991e-01,4.765564726910518668e-03
2.473749271000000027e-01,4.765434438429554630e-03
2.474001589000000001e-01,4.765336728058570254e-03
2.474422061000000062e-01,4.765173880045746498e-03
2.474758387999999865e-01,4.765043605385101480e-03
2.475178731000000076e-01,4.764880779024342414e-03
2.475346848999999960e-01,4.764815651413839906e-03
2.476103236999999957e-01,4.764522582467863206e-03
2.476439334999999964e-01,4.764392349512183190e-03
2.476523351999999900e-01,4.764359784438363353e-03
2.476775387000000050e-01,4.764262117285856385e-03
2.477195389000000081e-01,4.764099330333492269e-03
2.477699295999999940e-01,4.763904006038107743e-03
2.477783271000000009e-01,4.763871451531138251e-03
2.478371014000000094e-01,4.763643590625827456e-03
2.478454965999999926e-01,4.763611041910727553e-03
2.478538915000000065e-01,4.763578496077440494e-03
2.478790744999999907e-01,4.763480845607010253e-03
2.479881714000000126e-01,4.763057756267433454e-03
2.480468959999999889e-01,4.762829963959450130e-03
2.480552839999999870e-01,4.762797425942535620e-03
2.480720593999999890e-01,4.762732341047762503e-03
2.481056066000000004e-01,4.762602187290109097e-03
2.481223785999999987e-01,4.762537115251476612e-03
2.481475343000000000e-01,4.762439507784065919e-03
2.481726874999999888e-01,4.762341903365575717e-03
2.481810714000000084e-01,4.762309366320435083e-03
2.482062211999999934e-01,4.762211769128047410e-03
2.482565132000000008e-01,4.762016580257796665e-03
2.482816552999999871e-01,4.761918989347156683e-03
2.483486886999999865e-01,4.761658769248115070e-03
2.483738215000000082e-01,4.761561192368757300e-03
2.483821985999999926e-01,4.761528668332859655e-03
2.484575793000000088e-01,4.761235961281680071e-03
2.484743275000000085e-01,4.761170920750640995e-03
2.484827011000000085e-01,4.761138405780377877e-03
2.485161928999999881e-01,4.761008326353947072e-03
2.485245651999999916e-01,4.760975804973891987e-03
2.485496802000000116e-01,4.760878257914419494e-03
2.485747927999999995e-01,4.760780708378412399e-03
2.487086833999999913e-01,4.760260507158675831e-03
2.487254145999999999e-01,4.760195497001407962e-03
2.487505094000000139e-01,4.760097967768751881e-03
2.488759453000000121e-01,4.759610408792937057e-03
2.488843054000000055e-01,4.759577904939407342e-03
2.489093842000000001e-01,4.759480407168567052e-03
2.489261020000000102e-01,4.759415403665185826e-03
2.489511765000000099e-01,4.759317909695050947e-03
2.489846052999999948e-01,4.759187924403007058e-03
2.490096739000000059e-01,4.759090434579780690e-03
2.490598036999999987e-01,4.758895470228483721e-03
2.490848647999999999e-01,4.758797995546655037e-03
2.491099233000000079e-01,4.758700518670480085e-03
2.491182755999999943e-01,4.758668029427740379e-03
2.491266276000000113e-01,4.758635542735559394e-03
2.491767337999999943e-01,4.758440610706429069e-03
2.491934336000000139e-01,4.758375636288476353e-03
2.492518742000000009e-01,4.758148244268968138e-03
2.492602217999999870e-01,4.758115758636812485e-03
2.492769159999999873e-01,4.758050792319877889e-03
2.492852627000000099e-01,4.758018309861449142e-03
2.493854013000000036e-01,4.757628553109736688e-03
2.494104296000000109e-01,4.757531124448571846e-03
2.494604787999999962e-01,4.757336267170406488e-03
2.494854995999999936e-01,4.757238848897372974e-03
2.495271954000000125e-01,4.757076489098242648e-03
2.495522095999999912e-01,4.756979081667372239e-03
2.495855579000000046e-01,4.756849202137734128e-03
2.496439065999999929e-01,4.756621942429865857e-03
2.496522411000000052e-01,4.756589472951662512e-03
2.496605752000000122e-01,4.756557009700521435e-03
2.497105742999999878e-01,4.756362233569956001e-03
2.497189065000000041e-01,4.756329766800623977e-03
2.497522325000000043e-01,4.756199922063645072e-03
2.497772241000000004e-01,4.756102541203053626e-03
2.497938838000000050e-01,4.756037625307373874e-03
2.498605114000000127e-01,4.755777976984738864e-03
2.498854920999999951e-01,4.755680610446206581e-03
2.499520953000000101e-01,4.755420993415411350e-03
2.499770668999999890e-01,4.755323639799191593e-03
2.499853901999999906e-01,4.755291190068815753e-03
