q,I
2.039995199999999811e-03,4.687875239149553661e-03
2.884988900000000096e-03,4.687843815782364101e-03
4.079990399999999622e-03,4.687780970044780511e-03
4.561568000000000220e-03,4.687749547674379541e-03
5.769977800000000191e-03,4.687655282556668808e-03
6.119985599999999866e-03,4.687623861515249901e-03
6.451031299999999968e-03,4.687592440806067837e-03
7.355307299999999833e-03,4.687498180671875909e-03
8.159980799999999243e-03,4.687403923527635151e-03
8.411115699999999196e-03,4.687372505143967000e-03
8.654966599999999385e-03,4.687341087092494057e-03
9.123135799999999504e-03,4.687278251986125126e-03
1.019997589999999989e-02,4.687121170033362212e-03
1.040197520000000000e-02,4.687089754639311295e-03
1.098571020000000016e-02,4.686995510450086937e-03
1.153995529999999985e-02,4.686901269250152817e-03
1.189511369999999950e-02,4.686838443444195021e-03
1.223997100000000053e-02,4.686775618966713616e-03
1.240880609999999926e-02,4.686744207226138659e-03
1.290206219999999980e-02,4.686649973997051612e-03
1.306234239999999949e-02,4.686618563584880187e-03
1.368470339999999959e-02,4.686492925257038089e-03
1.427996599999999984e-02,4.686367292242345217e-03
1.442494390000000071e-02,4.686335884818802235e-03
1.471061409999999993e-02,4.686273070967879491e-03
1.485138870000000076e-02,4.686241664540471974e-03
1.553614000000000037e-02,4.686084637383883603e-03
1.593287120000000043e-02,4.685990425074101039e-03
1.631996089999999955e-02,4.685896215752302467e-03
1.644696630000000090e-02,4.685864813308995326e-03
1.682223050000000025e-02,4.685770607970978809e-03
1.730993239999999850e-02,4.685645005501136440e-03
1.742972569999999902e-02,4.685613605713548693e-03
1.754870130000000042e-02,4.685582206257908958e-03
1.824627070000000087e-02,4.685393816494630090e-03
1.835995569999999966e-02,4.685362419362465967e-03
1.847294110000000100e-02,4.685331022562207355e-03
1.880782519999999944e-02,4.685236834152826414e-03
1.924527490000000132e-02,4.685111254253413078e-03
1.935309240000000069e-02,4.685079860108249360e-03
2.009162109999999835e-02,4.684860110384075037e-03
2.019492059999999922e-02,4.684828718893713044e-03
2.039995039999999843e-02,4.684765936908466197e-03
2.050169640000000168e-02,4.684734546413574403e-03
2.080394890000000080e-02,4.684640376919768298e-03
2.100303430000000082e-02,4.684577598916265205e-03
2.129817330000000064e-02,4.684483434399434529e-03
2.168544450000000137e-02,4.684357886355228033e-03
2.197141860000000058e-02,4.684263728805560315e-03
2.206591980000000008e-02,4.684232343619188638e-03
2.243994499999999934e-02,4.684106806191047460e-03
2.253248119999999924e-02,4.684075422663329033e-03
2.280783739999999934e-02,4.683981274070505262e-03
2.307990860000000075e-02,4.683887128463026968e-03
2.325952140000000015e-02,4.683824366383176896e-03
2.379022509999999951e-02,4.683636088103940512e-03
2.387752890000000017e-02,4.683604709551547791e-03
2.447993949999999891e-02,4.683385068970887140e-03
2.456479220000000116e-02,4.683353693071592647e-03
2.464935279999999965e-02,4.683322317503913097e-03
2.481760959999999849e-02,4.683259567363373677e-03
2.490131170000000130e-02,4.683228192790516407e-03
2.523334379999999863e-02,4.683102697815030337e-03
2.556106320000000112e-02,4.682977208144807439e-03
2.580412149999999905e-02,4.682883094373552040e-03
2.596489630000000173e-02,4.682820353517117354e-03
2.612468180000000056e-02,4.682757613986860551e-03
2.651993379999999928e-02,4.682600770962869370e-03
2.659827940000000085e-02,4.682569403352611868e-03
2.683194360000000153e-02,4.682475302510816922e-03
2.721692649999999866e-02,4.682318474404231594e-03
2.736940339999999888e-02,4.682255745481883440e-03
2.744532419999999931e-02,4.682224381517901060e-03
2.774693010000000085e-02,4.682098928976436564e-03
2.834051430000000121e-02,4.681848039802068498e-03
2.841384049999999897e-02,4.681816680146624887e-03
2.855992799999999832e-02,4.681753961829886006e-03
2.863269220000000045e-02,4.681722603168582929e-03
2.884988380000000005e-02,4.681628529172966909e-03
2.899377430000000047e-02,4.681565814832718171e-03
2.920828110000000047e-02,4.681471745807545479e-03
2.942122390000000143e-02,4.681377679764437034e-03
2.970277299999999829e-02,4.681252263012221707e-03
3.012016249999999867e-02,4.681064147823168174e-03
3.032670299999999999e-02,4.680970094701014834e-03
3.059992200000000162e-02,4.680844695175955840e-03
3.066784640000000048e-02,4.680813346122827262e-03
3.087072290000000135e-02,4.680719300950915950e-03
3.107227489999999856e-02,4.680625258760134737e-03
3.113916889999999993e-02,4.680593912025631485e-03
3.120591959999999970e-02,4.680562565622369345e-03
3.166923519999999964e-02,4.680343150073174377e-03
3.173487090000000344e-02,4.680311806319454281e-03
3.186573689999999681e-02,4.680249119805589102e-03
3.193096869999999948e-02,4.680217777045386773e-03
3.225514909999999819e-02,4.680061068211767081e-03
3.263991580000000226e-02,4.679873028538976062e-03
3.270360349999999749e-02,4.679841689752438014e-03
3.289392669999999935e-02,4.679747675379430927e-03
3.295712349999999763e-02,4.679716337917282261e-03
3.320870809999999784e-02,4.679590991379540925e-03
3.345840099999999873e-02,4.679465650138937317e-03
3.364445469999999966e-02,4.679371647684583795e-03
3.376792089999999802e-02,4.679308981036859466e-03
3.395227840000000080e-02,4.679214983547994901e-03
3.419654240000000178e-02,4.679089658197061082e-03
3.461985769999999935e-02,4.678870351576215961e-03
3.467990950000000155e-02,4.678839023382850085e-03
3.473985749999999872e-02,4.678807695520453835e-03
3.485944419999999905e-02,4.678745040788516441e-03
3.491908400000000301e-02,4.678713713918983101e-03
3.509739530000000052e-02,4.678619735296016963e-03
3.521576790000000012e-02,4.678557084535358603e-03
3.562697489999999689e-02,4.678337817296852885e-03
3.568533189999999883e-02,4.678306494729217793e-03
3.609118929999999975e-02,4.678087246020414154e-03
3.614879690000000201e-02,4.678055926099734634e-03
3.632107169999999885e-02,4.677961968322832953e-03
3.649253310000000194e-02,4.677868013523408912e-03
3.671990299999999818e-02,4.677742745089026426e-03
3.677652580000000115e-02,4.677711428807441139e-03
3.694587359999999820e-02,4.677617481947484758e-03
3.722640800000000250e-02,4.677460910463203565e-03
3.744932249999999990e-02,4.677335659229547166e-03
3.750484409999999685e-02,4.677304347248004840e-03
3.761564139999999667e-02,4.677241724277117832e-03
3.794609239999999911e-02,4.677053863301906117e-03
3.811024350000000172e-02,4.676959937278888681e-03
3.832801789999999709e-02,4.676834707211127706e-03
3.849054019999999937e-02,4.676740788132407838e-03
3.870617500000000238e-02,4.676615567323290194e-03
3.875989619999999775e-02,4.676584262947603918e-03
3.881354310000000030e-02,4.676552958902573283e-03
3.897404079999999826e-02,4.676459048751270380e-03
3.918701509999999999e-02,4.676333839844794803e-03
3.924007809999999902e-02,4.676302538444697919e-03
3.939883820000000120e-02,4.676208636227930857e-03
3.960952859999999909e-02,4.676083437900393179e-03
4.007953250000000078e-02,4.675801761000901446e-03
4.018323120000000248e-02,4.675739169770198704e-03
4.023498040000000192e-02,4.675707874650642144e-03
4.038983000000000156e-02,4.675613991274956555e-03
4.049273419999999818e-02,4.675551404010355565e-03
4.064660190000000256e-02,4.675457525592049100e-03
4.079988930000000291e-02,4.675363650147991955e-03
4.085085730000000137e-02,4.675332358994238775e-03
4.100338109999999980e-02,4.675238487515664954e-03
4.105409649999999799e-02,4.675207197683714684e-03
4.125633449999999841e-02,4.675082041660173250e-03
4.130673929999999910e-02,4.675050753480353670e-03
4.160788569999999964e-02,4.674863031339918963e-03
4.185718599999999762e-02,4.674706605308574792e-03
4.200605599999999995e-02,4.674612753654180594e-03
4.205556230000000173e-02,4.674581470430114703e-03
4.244953370000000004e-02,4.674331216529492572e-03
4.259633349999999985e-02,4.674237376766978216e-03
4.283988209999999713e-02,4.674080983768701646e-03
4.288842589999999899e-02,4.674049706159903554e-03
4.303372860000000133e-02,4.673955875315052681e-03
4.322670569999999962e-02,4.673830772145453824e-03
4.327481560000000227e-02,4.673799497178689893e-03
4.337087509999999757e-02,4.673736948235786282e-03
4.361009829999999698e-02,4.673580581657425445e-03
4.365778569999999997e-02,4.673549309332397303e-03
4.380053619999999676e-02,4.673455494338413056e-03
4.394282299999999891e-02,4.673361682316089921e-03
4.403742540000000344e-02,4.673299142618710794e-03
4.413182499999999953e-02,4.673236604241970578e-03
4.455414840000000015e-02,4.672955197888743924e-03
4.474056810000000273e-02,4.672830136981505345e-03
4.478705179999999814e-02,4.672798872579948110e-03
4.487987470000000256e-02,4.672736344767068443e-03
4.492621420000000171e-02,4.672705081355737339e-03
4.506494700000000103e-02,4.672611293102255266e-03
4.515719859999999669e-02,4.672548769250192517e-03
4.529522390000000065e-02,4.672454985947552264e-03
4.561565869999999884e-02,4.672236169792502725e-03
4.584316940000000146e-02,4.672079882439194622e-03
4.602436819999999873e-02,4.671954858496292148e-03
4.615980060000000190e-02,4.671861094003814524e-03
4.624986849999999927e-02,4.671798585991916025e-03
4.651902589999999671e-02,4.671611069874737933e-03
4.656373419999999819e-02,4.671579818343274577e-03
4.660839960000000282e-02,4.671548567141719198e-03
4.691986699999999705e-02,4.671329817968048435e-03
4.696419369999999677e-02,4.671298569405629361e-03
4.709692359999999994e-02,4.671204825697631777e-03
4.731731260000000133e-02,4.671048592781354078e-03
4.744905459999999853e-02,4.670954856989633502e-03
4.758043189999999756e-02,4.670861124166339647e-03
4.762414379999999753e-02,4.670829880551532337e-03
4.775503939999999753e-02,4.670736151685905141e-03
4.779859160000000246e-02,4.670704909390278707e-03
4.801576009999999894e-02,4.670548702858868390e-03
4.814559110000000280e-02,4.670454982897259341e-03
4.836120139999999790e-02,4.670298789556113876e-03
4.849010740000000291e-02,4.670205077508187558e-03
4.866145090000000006e-02,4.670080132726933675e-03
4.895985910000000274e-02,4.669861492052830750e-03
4.900234049999999814e-02,4.669830258989509340e-03
4.904478510000000180e-02,4.669799026255844372e-03
4.912956429999999763e-02,4.669736561777482024e-03
4.929868529999999888e-02,4.669611636776464618e-03
4.934087499999999932e-02,4.669580406350302797e-03
4.938302859999999656e-02,4.669549176253739303e-03
4.963519859999999950e-02,4.669361802596288386e-03
4.967710250000000050e-02,4.669330574806985178e-03
4.980260260000000244e-02,4.669236893416556233e-03
5.001106959999999935e-02,4.669080764357270985e-03
5.017721960000000314e-02,4.668955867041790601e-03
5.038413659999999711e-02,4.668799752811899142e-03
5.046666589999999897e-02,4.668737309426567762e-03
5.050787989999999672e-02,4.668706088228122622e-03
5.067240099999999886e-02,4.668581206729401599e-03
5.099985089999999749e-02,4.668331459546615561e-03
5.104063439999999979e-02,4.668300242631297226e-03
5.112210379999999887e-02,4.668237809788973285e-03
5.116278989999999832e-02,4.668206593861976353e-03
5.136573690000000025e-02,4.668050519168248300e-03
5.148712109999999814e-02,4.667956878304864617e-03
5.160821980000000059e-02,4.667863240405983709e-03
5.164852290000000040e-02,4.667832028431764986e-03
5.192976900000000062e-02,4.667613553834461075e-03
5.200984570000000140e-02,4.667551135485074366e-03
5.212973010000000046e-02,4.667457510430951702e-03
5.224933949999999855e-02,4.667363888340713383e-03
5.228914839999999897e-02,4.667332681635869007e-03
5.244808220000000271e-02,4.667207858109594272e-03
5.264607470000000344e-02,4.667051836110523017e-03
5.292201970000000311e-02,4.666833419140508331e-03
5.296132299999999765e-02,4.666802218033143032e-03
5.303984240000000211e-02,4.666739816806151839e-03
5.307905849999999814e-02,4.666708616686459157e-03
5.319653330000000124e-02,4.666615018302595376e-03
5.339175040000000011e-02,4.666459027580071445e-03
5.354741159999999722e-02,4.666334240927160447e-03
5.366386120000000287e-02,4.666240654393622941e-03
5.385738429999999827e-02,4.666084683420466950e-03
5.389600549999999657e-02,4.666053490213194557e-03
5.401170360000000226e-02,4.665959912566134543e-03
5.420398480000000047e-02,4.665803956402903539e-03
5.431902689999999756e-02,4.665710386653979663e-03
5.443382580000000193e-02,4.665616819866605196e-03
5.473877910000000263e-02,4.665367322911493676e-03
5.481475239999999971e-02,4.665304951962988798e-03
5.489062050000000081e-02,4.665242582330481579e-03
5.492851530000000121e-02,4.665211398007748991e-03
5.507983360000000272e-02,4.665086664006609825e-03
5.511759819999999949e-02,4.665055481328742905e-03
5.523073729999999903e-02,4.664961935269051028e-03
5.541878909999999742e-02,4.664806031748597315e-03
5.549383139999999881e-02,4.664743672642988025e-03
5.568099469999999995e-02,4.664587780635089977e-03
5.571835189999999743e-02,4.664556603220226631e-03
5.601631270000000107e-02,4.664307195741320203e-03
5.612764020000000215e-02,4.664213673363077489e-03
5.627573429999999793e-02,4.664088981462619771e-03
5.642343970000000125e-02,4.663964294823451720e-03
5.657075939999999664e-02,4.663839613445261954e-03
5.668099790000000193e-02,4.663746105863981507e-03
5.671769649999999774e-02,4.663714937327811082e-03
5.682764989999999905e-02,4.663621433691847798e-03
5.690083420000000003e-02,4.663559099578395289e-03
5.711982439999999800e-02,4.663372105127945241e-03
5.715624119999999919e-02,4.663340940536777127e-03
5.726535270000000094e-02,4.663247448735616946e-03
5.744674450000000071e-02,4.663091635641061772e-03
5.748295419999999850e-02,4.663060474008239899e-03
5.759144669999999994e-02,4.662966991081852162e-03
5.769973510000000333e-02,4.662873511113435100e-03
5.773578619999999995e-02,4.662842351781326666e-03
5.777181470000000013e-02,4.662811192777819094e-03
5.798751569999999883e-02,4.662624245658231366e-03
5.802338790000000079e-02,4.662593088955155340e-03
5.805923799999999912e-02,4.662561932580725280e-03
5.834524540000000231e-02,4.662312693414686834e-03
5.841652840000000069e-02,4.662250386908983746e-03
5.845213739999999963e-02,4.662219234149028724e-03
5.873623160000000093e-02,4.661970023896898872e-03
5.884241330000000020e-02,4.661876575473131515e-03
5.887776470000000151e-02,4.661845426655595800e-03
5.915981499999999754e-02,4.661596247940980736e-03
5.919497680000000012e-02,4.661565102079822352e-03
5.930033710000000291e-02,4.661471666467124041e-03
5.940551060000000272e-02,4.661378233810534177e-03
5.947552290000000103e-02,4.661315947014993410e-03
5.958038699999999854e-02,4.661222519284851686e-03
5.971991950000000299e-02,4.661097953575876578e-03
5.999801099999999693e-02,4.660848837920786129e-03
6.003268190000000254e-02,4.660817699941602332e-03
6.024028800000000294e-02,4.660630878961735668e-03
6.027481950000000005e-02,4.660599743280947720e-03
6.041274809999999662e-02,4.660475203841007302e-03
6.055036250000000314e-02,4.660350669654008196e-03
6.058471719999999894e-02,4.660319536927968673e-03
6.065336839999999757e-02,4.660257272460832656e-03
6.085885719999999804e-02,4.660070486937870765e-03
6.113176780000000032e-02,4.659821457955796303e-03
6.119980530000000002e-02,4.659759203992521089e-03
6.123379560000000166e-02,4.659728077503142926e-03
6.133565380000000067e-02,4.659634700004361071e-03
6.136956899999999882e-02,4.659603574827832911e-03
6.150504259999999696e-02,4.659479077403418969e-03
6.167396609999999807e-02,4.659323463006575725e-03
6.174140610000000001e-02,4.659261219544876681e-03
6.194328550000000044e-02,4.659074497034827386e-03
6.204397889999999777e-02,4.658981140209321990e-03
6.214450920000000322e-02,4.658887786336691518e-03
6.217798310000000050e-02,4.658856669035274511e-03
6.227829700000000329e-02,4.658763319099529579e-03
6.241179809999999883e-02,4.658638857111415364e-03
6.244512879999999933e-02,4.658607742434519618e-03
6.257827400000000317e-02,4.658483287007251020e-03
6.284371810000000114e-02,4.658234391897463945e-03
6.297602060000000168e-02,4.658109952214387756e-03
6.300905280000000663e-02,4.658078843113541180e-03
6.323979509999999582e-02,4.657861088590341779e-03
6.327268960000000109e-02,4.657829982113082315e-03
6.333842739999999416e-02,4.657767770142366703e-03
6.337127069999999585e-02,4.657736664648873259e-03
6.346969869999999347e-02,4.657643350135905885e-03
6.353523260000000505e-02,4.657581142100074810e-03
6.373143000000000558e-02,4.657394525861857995e-03
6.376407089999999722e-02,4.657363424303056533e-03
6.386189339999999437e-02,4.657270121593741832e-03
6.389446769999999887e-02,4.657239021346378308e-03
6.402459889999999321e-02,4.657114623635169939e-03
6.405709029999999415e-02,4.657083525026891116e-03
6.441341509999999604e-02,4.656741461971541582e-03
6.451025289999999524e-02,4.656648178930735890e-03
6.479989830000000561e-02,4.656368347506893192e-03
6.483200120000000288e-02,4.656337256765088334e-03
6.492821479999999479e-02,4.656243986506003636e-03
6.505627819999999784e-02,4.656119630748294970e-03
6.508825470000000057e-02,4.656088542628092700e-03
6.518409000000000009e-02,4.655995280233484433e-03
6.527978469999999589e-02,4.655902020787898270e-03
6.531165170000000075e-02,4.655870934961299674e-03
6.540715969999999491e-02,4.655777679447445187e-03
6.556603060000000538e-02,4.655622260143636552e-03
6.569285060000000509e-02,4.655497930597539760e-03
6.578780519999999354e-02,4.655404686877714568e-03
6.585103220000000646e-02,4.655342526035730413e-03
6.591419860000000130e-02,4.655280366504048820e-03
6.607185029999999848e-02,4.655124973407021721e-03
6.619770129999999475e-02,4.655000664825088494e-03
6.635467940000000509e-02,4.654845286466843639e-03
6.641736669999999398e-02,4.654783137416032557e-03
6.644868819999999454e-02,4.654752063381874250e-03
6.660507479999999703e-02,4.654596698123287038e-03
6.669873070000000015e-02,4.654503482897681850e-03
6.682340109999999889e-02,4.654379200514493185e-03
6.691675140000000188e-02,4.654285992165095066e-03
6.710306259999999912e-02,4.654099584306547674e-03
6.728885780000000427e-02,4.653913188233970051e-03
6.731977379999999622e-02,4.653882123367663985e-03
6.735067570000000114e-02,4.653851058828767026e-03
6.744329620000000247e-02,4.653757867176049404e-03
6.753578970000000126e-02,4.653664678469411793e-03
6.756659280000000545e-02,4.653633616221899798e-03
6.759738179999999486e-02,4.653602554301677213e-03
6.781251330000000188e-02,4.653385130024727430e-03
6.790450389999999614e-02,4.653291953101164335e-03
6.793513980000000230e-02,4.653260894781224150e-03
6.808811230000000325e-02,4.653105608090339629e-03
6.817973099999999342e-02,4.653012440002778777e-03
6.839303080000000423e-02,4.652795059251505112e-03
6.842344790000000343e-02,4.652764006167298648e-03
6.854498139999999629e-02,4.652639797102453567e-03
6.857533120000000593e-02,4.652608745654250068e-03
6.881764710000000396e-02,4.652360345846181036e-03
6.902897569999999483e-02,4.652143013189005520e-03
6.923965930000000601e-02,4.651925696560138893e-03
6.926970470000000379e-02,4.651894652635817085e-03
6.929973700000000014e-02,4.651863609038526214e-03
6.935976259999999949e-02,4.651801522825152642e-03
6.938975599999999688e-02,4.651770480209096829e-03
6.947965829999999676e-02,4.651677354323120218e-03
6.962923760000000462e-02,4.651522151053974832e-03
6.971883119999999767e-02,4.651429033016784946e-03
6.977849630000000636e-02,4.651366955960327051e-03
6.983811040000000026e-02,4.651304880211839382e-03
7.010574679999999337e-02,4.651025555529182155e-03
7.019473210000000407e-02,4.650932453186804039e-03
7.025399309999999509e-02,4.650870386593278748e-03
7.034279089999999346e-02,4.650777289154865018e-03
7.043147669999999527e-02,4.650684194658629908e-03
7.046101389999999409e-02,4.650653163813729327e-03
7.069686679999999390e-02,4.650404928822073417e-03
7.072629310000000391e-02,4.650373900919019254e-03
7.081449859999999763e-02,4.650280819170939106e-03
7.096126429999999319e-02,4.650125689460989781e-03
7.104917809999999889e-02,4.650032615556813111e-03
7.116622760000000658e-02,4.649908521593174374e-03
7.125388859999999547e-02,4.649815454551754594e-03
7.137060239999999667e-02,4.649691369737977281e-03
7.139975099999999741e-02,4.649660349351407082e-03
7.142888779999999327e-02,4.649629329291644908e-03
7.151622679999999899e-02,4.649536271072717344e-03
7.163251310000000316e-02,4.649412198021693129e-03
7.166155520000000445e-02,4.649381180575742033e-03
7.174861100000000380e-02,4.649288130198153159e-03
7.186452140000000599e-02,4.649164067601806866e-03
7.209578290000000222e-02,4.648915958089295392e-03
7.212463850000000454e-02,4.648884945870207508e-03
7.218231499999999690e-02,4.648822922411885092e-03
7.229752999999999874e-02,4.648698879414794177e-03
7.235506869999999702e-02,4.648636859875939810e-03
7.244129109999999927e-02,4.648543833017202732e-03
7.264207849999999855e-02,4.648326781777136450e-03
7.281374140000000661e-02,4.648140750592999471e-03
7.289942130000000298e-02,4.648047739409201171e-03
7.298500049999999406e-02,4.647954731163999285e-03
7.304199769999999980e-02,4.647892727299796599e-03
7.312741009999999819e-02,4.647799723952143226e-03
7.324113840000000264e-02,4.647675724059374507e-03
7.343973900000000388e-02,4.647458736815688468e-03
7.346806670000000095e-02,4.647427739943797188e-03
7.355298439999999327e-02,4.647334751286722430e-03
7.358126850000000496e-02,4.647303755720523684e-03
7.369429630000000342e-02,4.647179776719771380e-03
7.372252619999999923e-02,4.647148782785592673e-03
7.389167900000000178e-02,4.646962826034490082e-03
7.391983359999999836e-02,4.646931834384997705e-03
7.394797729999999514e-02,4.646900843061750434e-03
7.414468470000000477e-02,4.646683912937063163e-03
7.417274320000000198e-02,4.646652924224594673e-03
7.425685499999999661e-02,4.646559960045027610e-03
7.445274629999999727e-02,4.646343055046474151e-03
7.470385179999999847e-02,4.646064200682704926e-03
7.481518369999999585e-02,4.645940273892172276e-03
7.484299079999999493e-02,4.645909293010090299e-03
7.489857399999999554e-02,4.645847332224537635e-03
7.500961690000000626e-02,4.645723414567863585e-03
7.506507669999999688e-02,4.645661457696620769e-03
7.523121089999999789e-02,4.645475594911027163e-03
7.525886430000000571e-02,4.645444618921657290e-03
7.547972660000000500e-02,4.645196822747400464e-03
7.550728900000000521e-02,4.645165849693178375e-03
7.558991580000000432e-02,4.645072932487053809e-03
7.569994450000000485e-02,4.644949047444096174e-03
7.572742679999999726e-02,4.644918076998615433e-03
7.580981359999999780e-02,4.644825167618365364e-03
7.589211099999999821e-02,4.644732261172637711e-03
7.591952370000000505e-02,4.644701293009519637e-03
7.616579349999999526e-02,4.644422594212289229e-03
7.622041209999999567e-02,4.644360664732346579e-03
7.638403350000000369e-02,4.644174884116057320e-03
7.646571289999999632e-02,4.644081998208453819e-03
7.657448329999999581e-02,4.643958154894942472e-03
7.665595969999999815e-02,4.643865275832022646e-03
7.668309930000000163e-02,4.643834316796248418e-03
7.679156169999999670e-02,4.643710483912178236e-03
7.681865340000000597e-02,4.643679526505928648e-03
7.689987119999999732e-02,4.643586656242479523e-03
7.698100330000000324e-02,4.643493788911919572e-03
7.711603370000000290e-02,4.643339016544813930e-03
7.722388809999999881e-02,4.643215204516355256e-03
7.741227159999999885e-02,4.642998546010524731e-03
7.751971380000000078e-02,4.642874748317602288e-03
7.754655109999999962e-02,4.642843799708825867e-03
7.762700729999999494e-02,4.642750955837083270e-03
7.768059839999999494e-02,4.642689061551334533e-03
7.776091590000000497e-02,4.642596222565877756e-03
7.789459440000000290e-02,4.642441497438109556e-03
7.794800159999999700e-02,4.642379609667015086e-03
7.808135970000000536e-02,4.642224895938965729e-03
7.810800410000000304e-02,4.642193954170484131e-03
7.818788249999999995e-02,4.642101130818876605e-03
7.837394890000000391e-02,4.641884554396522380e-03
7.848007460000000490e-02,4.641760803604973347e-03
7.850658350000000452e-02,4.641729866721063663e-03
7.871833409999999531e-02,4.641482383371883444e-03
7.874476290000000100e-02,4.641451449418377076e-03
7.879759379999999591e-02,4.641389582487999779e-03
7.882399599999999340e-02,4.641358649511172219e-03
7.921897310000000636e-02,4.640894693923145083e-03
7.935019529999999544e-02,4.640740058335766742e-03
7.937641369999999530e-02,4.640709132194709846e-03
7.945501689999999451e-02,4.640616355724236711e-03
7.955970049999999683e-02,4.640492658319977926e-03
7.958584990000000525e-02,4.640461734782514586e-03
7.966424649999999386e-02,4.640368966122613952e-03
7.979473639999999646e-02,4.640214358197719893e-03
7.997706450000000022e-02,4.639997920769178656e-03
8.000307750000000551e-02,4.639967002438044608e-03
8.015897800000000573e-02,4.639781499283426175e-03
8.021087740000000521e-02,4.639719667501179812e-03
8.028866380000000691e-02,4.639626922267844553e-03
8.036637480000000111e-02,4.639534179962209043e-03
8.039226180000000332e-02,4.639503266510942338e-03
8.046987279999999465e-02,4.639410528108849248e-03
8.049572650000000329e-02,4.639379615958706682e-03
8.070225790000000454e-02,4.639132330466996454e-03
8.077957099999999446e-02,4.639039603774111620e-03
8.083107209999999820e-02,4.638977787605060021e-03
8.090826210000000296e-02,4.638885065790459596e-03
8.098537860000000477e-02,4.638792346902721915e-03
8.121628870000000000e-02,4.638514207799153584e-03
8.124190489999999487e-02,4.638483305080137037e-03
8.129311300000000018e-02,4.638421500617473034e-03
8.144654410000000400e-02,4.638236095032563858e-03
8.152315139999999349e-02,4.638143396629156555e-03
8.159968680000000141e-02,4.638050701151618001e-03
8.162518259999999859e-02,4.638019803309237875e-03
8.165067049999999438e-02,4.637988905791980490e-03
8.170162240000000686e-02,4.637927111732642257e-03
8.182886339999999314e-02,4.637772632272872154e-03
8.193051390000000156e-02,4.637649054555821430e-03
8.200666909999999865e-02,4.637556374680810826e-03
8.205739989999999429e-02,4.637494589722483337e-03
8.210809939999999529e-02,4.637432806064193183e-03
8.213343739999999504e-02,4.637401914722531424e-03
8.223471150000000174e-02,4.637278352605838511e-03
8.233586090000000191e-02,4.637154795688588037e-03
8.251257400000000519e-02,4.636938583593933766e-03
8.253778790000000642e-02,4.636907697451599954e-03
8.261338329999999563e-02,4.636815040974006166e-03
8.266374179999999572e-02,4.636753271613452618e-03
8.283975550000000077e-02,4.636537089085506803e-03
8.304045720000000075e-02,4.636290042831069796e-03
8.306551080000000586e-02,4.636259163511030450e-03
8.321567409999999776e-02,4.636073894412021112e-03
8.324067490000000569e-02,4.636043017365617039e-03
8.326566829999999808e-02,4.636012140644078100e-03
8.334060340000000455e-02,4.635919512428090909e-03
8.363967260000000625e-02,4.635549028792872693e-03
8.366454680000000310e-02,4.635518157267422105e-03
8.371427300000000571e-02,4.635456415190651429e-03
8.373912499999999759e-02,4.635425544639313993e-03
8.386327459999999567e-02,4.635271196753155271e-03
8.393767620000000540e-02,4.635178591917674812e-03
8.401201190000000263e-02,4.635085990004210281e-03
8.403677589999999920e-02,4.635055123349069578e-03
8.411102400000000645e-02,4.634962525331440091e-03
8.425932399999999656e-02,4.634777338061345925e-03
8.433337620000000423e-02,4.634684748808611497e-03
8.445665230000000412e-02,4.634530439879339971e-03
8.453053160000000010e-02,4.634437858416680552e-03
8.462893709999999570e-02,4.634314421010393703e-03
8.484993209999999730e-02,4.634036705831645099e-03
8.489896399999999343e-02,4.633974994917167654e-03
8.492346929999999849e-02,4.633944139946650706e-03
8.502141990000000593e-02,4.633820723309488125e-03
8.511925789999999492e-02,4.633697311863994688e-03
8.519256259999999359e-02,4.633604756686640798e-03
8.521698349999999589e-02,4.633573905609758396e-03
8.524139740000000187e-02,4.633543054857312653e-03
8.541209930000000228e-02,4.633327108674105757e-03
8.543645739999999877e-02,4.633296260516980673e-03
8.563107309999999639e-02,4.633049486938213904e-03
8.567965800000000576e-02,4.632987796787280121e-03
8.570394000000000623e-02,4.632956952198261785e-03
8.577674509999999586e-02,4.632864420377536159e-03
8.580099970000000520e-02,4.632833577085947001e-03
8.589794970000000363e-02,4.632710207162936064e-03
8.599479040000000685e-02,4.632586842428968767e-03
8.606734940000000667e-02,4.632494322283615615e-03
8.609152209999999805e-02,4.632463482883709439e-03
8.628466029999999620e-02,4.632216779358423048e-03
8.645330230000000671e-02,4.632000930796712976e-03
8.654952159999999839e-02,4.631877595894224112e-03
8.657355969999999679e-02,4.631846762979089857e-03
8.659759109999999593e-02,4.631815930388127715e-03
8.666964550000000322e-02,4.631723434560474327e-03
8.674163999999999486e-02,4.631630941650350004e-03
8.678960310000000122e-02,4.631569281331034300e-03
8.686149819999999799e-02,4.631476793283263553e-03
8.698119120000000204e-02,4.631322653019602151e-03
8.714848529999999482e-02,4.631106870263284464e-03
8.722008450000000301e-02,4.631014396800480631e-03
8.731545890000000365e-02,4.630891103387153700e-03
8.760095880000000335e-02,4.630521254255034851e-03
8.762470840000000094e-02,4.630490435600086510e-03
8.771964279999999725e-02,4.630367164220434810e-03
8.774336039999999781e-02,4.630336347185516968e-03
8.781447459999999761e-02,4.630243898024469923e-03
8.788553120000000551e-02,4.630151451779033339e-03
8.793287040000000165e-02,4.630089822568512863e-03
8.800383150000000432e-02,4.629997381182302148e-03
8.807473540000000656e-02,4.629904942711401787e-03
8.809835729999999920e-02,4.629874130535562363e-03
8.826353389999999632e-02,4.629658454374097412e-03
8.828710539999999607e-02,4.629627644789483833e-03
8.831067049999999363e-02,4.629596835528662462e-03
8.838132819999999779e-02,4.629504409689468546e-03
8.849896570000000129e-02,4.629350373101207873e-03
8.856947319999999846e-02,4.629257955034286366e-03
8.866339600000000543e-02,4.629134735478526198e-03
8.887435929999999706e-02,4.628857510420002382e-03
8.894456929999999817e-02,4.628765107895113813e-03
8.906146280000000470e-02,4.628611110161766351e-03
8.910817729999999381e-02,4.628549513334578001e-03
8.922485650000000490e-02,4.628395526931556106e-03
8.941122649999999616e-02,4.628149165518689705e-03
8.943449539999999420e-02,4.628118371798569004e-03
8.948101510000000536e-02,4.628056785329334732e-03
8.957398210000000471e-02,4.627933616274661384e-03
8.962042940000000679e-02,4.627872033689096540e-03
8.969005530000000170e-02,4.627779662237934896e-03
8.975962719999999728e-02,4.627687293699246467e-03
8.978280580000000399e-02,4.627656504833508287e-03
8.985230589999999851e-02,4.627564140177946317e-03
8.996801999999999577e-02,4.627410205556753246e-03
9.006048429999999327e-02,4.627287063683866233e-03
9.012977020000000061e-02,4.627194710676301934e-03
9.017593120000000351e-02,4.627133143622201225e-03
9.031427279999999780e-02,4.626948450224249026e-03
9.033730919999999331e-02,4.626917669123541653e-03
9.036033960000000587e-02,4.626886888346224032e-03
9.054437240000000331e-02,4.626640653772946810e-03
9.059032220000000357e-02,4.626579098364174032e-03
9.061328829999999723e-02,4.626548321144896558e-03
9.088842950000000642e-02,4.626179019740454292e-03
9.097995829999999673e-02,4.626055929620774033e-03
9.107139520000000210e-02,4.625932844674938635e-03
9.109424000000000687e-02,4.625902074246784380e-03
9.116274030000000306e-02,4.625809764902529160e-03
9.123118909999999859e-02,4.625717458468147671e-03
9.134515649999999654e-02,4.625563620877078119e-03
9.143622810000000267e-02,4.625440556623439808e-03
9.161809969999999692e-02,4.625194443632964572e-03
9.164080830000000122e-02,4.625163680963791275e-03
9.168620859999999928e-02,4.625102156595119543e-03
9.179961109999999758e-02,4.624948351329774554e-03
9.182227469999999780e-02,4.624917591246257773e-03
9.189023229999999931e-02,4.624825312935137815e-03
9.200338330000000509e-02,4.624671522213478526e-03
9.204860469999999462e-02,4.624610008186940194e-03
9.216156120000000562e-02,4.624456228775770776e-03
9.218413590000000546e-02,4.624425473862956402e-03
9.225182690000000019e-02,4.624333211063294015e-03
9.231946820000000442e-02,4.624240951171606703e-03
9.236453490000000321e-02,4.624179446192675652e-03
9.243209369999999536e-02,4.624087191147418022e-03
9.249960320000000236e-02,4.623994939009903014e-03
9.252209549999999838e-02,4.623964188943598119e-03
9.261200969999999755e-02,4.623841191908652226e-03
9.272427989999999787e-02,4.623687452883464694e-03
9.279157679999999742e-02,4.623595213344633068e-03
9.290363000000000093e-02,4.623441487240043286e-03
9.303791570000000122e-02,4.623257026573034979e-03
9.306027779999999361e-02,4.623226284258910926e-03
9.312733189999999883e-02,4.623134059254268256e-03
9.321666239999999715e-02,4.623011097102632146e-03
9.323898160000000657e-02,4.622980357372006611e-03
9.341734349999999965e-02,4.622734451151962014e-03
9.343961480000000097e-02,4.622703714327488361e-03
9.359536559999999394e-02,4.622488565596642555e-03
9.361759449999999816e-02,4.622457831355050728e-03
9.377304960000000522e-02,4.622242700703604011e-03
9.383959440000000374e-02,4.622150506695308324e-03
9.386176549999999952e-02,4.622119776004806474e-03
9.392824739999999784e-02,4.622027585870063307e-03
9.397254260000000026e-02,4.621966127394210554e-03
9.403894620000000093e-02,4.621873942101173416e-03
9.412741149999999390e-02,4.621751032895795794e-03
9.419370589999999377e-02,4.621658854380553995e-03
9.430409309999999989e-02,4.621505229976455124e-03
9.432615499999999487e-02,4.621474506063751216e-03
9.439230989999999877e-02,4.621382336261955180e-03
9.450246499999999383e-02,4.621228726379280304e-03
9.463448200000000587e-02,4.621044405168218787e-03
9.465646689999999974e-02,4.621013686095624094e-03
9.483216279999999443e-02,4.620767945129650341e-03
9.489796490000000639e-02,4.620675797590488749e-03
9.491988880000000461e-02,4.620645082389292918e-03
9.500753380000000192e-02,4.620522224810307693e-03
9.509509800000000290e-02,4.620399372392402365e-03
9.516071830000000231e-02,4.620307236465790238e-03
9.520444000000000129e-02,4.620245814127380349e-03
9.524814160000000252e-02,4.620184393079061758e-03
9.537912649999999437e-02,4.620000137674635556e-03
9.550993169999999477e-02,4.619815893879926014e-03
9.555349359999999737e-02,4.619754481861440727e-03
9.559703569999999928e-02,4.619693071132828163e-03
9.561879930000000138e-02,4.619662366252189241e-03
9.579273010000000088e-02,4.619416738814730201e-03
9.587957719999999628e-02,4.619293932833996690e-03
9.590127669999999604e-02,4.619263232144817447e-03
9.596634569999999698e-02,4.619171132011541496e-03
9.603137069999999331e-02,4.619079034779711990e-03
9.607469620000000377e-02,4.619017638236935092e-03
9.613964780000000543e-02,4.618925545840370586e-03
9.622618180000000465e-02,4.618802760491078074e-03
9.629103129999999622e-02,4.618710674863532942e-03
9.642059930000000667e-02,4.618526512310543349e-03
9.648531809999999487e-02,4.618434435384961845e-03
9.665768969999999349e-02,4.618188911096273580e-03
9.672224980000000694e-02,4.618096844804961583e-03
9.674376029999999516e-02,4.618066156685671914e-03
9.676526600000000256e-02,4.618035468888583711e-03
9.691567219999999705e-02,4.617820663330605632e-03
9.693713980000000230e-02,4.617789978111125695e-03
9.698006060000000095e-02,4.617728608638577668e-03
9.717296979999999473e-02,4.617452461959107440e-03
9.725858440000000049e-02,4.617329738477109202e-03
9.732274600000000164e-02,4.617237699247855529e-03
9.742958790000000313e-02,4.617084306974177446e-03
9.751497720000000535e-02,4.616961598952684480e-03
9.762160879999999541e-02,4.616808221172116235e-03
9.768553189999999720e-02,4.616716198368261796e-03
9.777069770000000604e-02,4.616593505804774365e-03
9.791955950000000297e-02,4.616378806215648035e-03
9.794080700000000472e-02,4.616348136133709493e-03
9.796204990000000057e-02,4.616317466373749505e-03
9.800452190000000230e-02,4.616256127819729632e-03
9.802575099999999431e-02,4.616225459025662808e-03
9.808941070000000428e-02,4.616133454575132439e-03
9.811062140000000042e-02,4.616102787068826312e-03
9.813182759999999893e-02,4.616072119884523893e-03
9.825896829999999915e-02,4.615888123538803602e-03
9.844937149999999360e-02,4.615612150748539359e-03
9.847050470000000277e-02,4.615581488714576297e-03
9.853387700000000582e-02,4.615489504543753528e-03
9.859720869999999415e-02,4.615397523269670899e-03
9.868158759999999530e-02,4.615274886076449999e-03
9.870267110000000010e-02,4.615244227582735760e-03
9.876589439999999831e-02,4.615152254032298638e-03
9.887117689999999626e-02,4.614998971217652672e-03
9.895532220000000101e-02,4.614876350757926571e-03
9.903939609999999616e-02,4.614753735446445147e-03
9.914438809999999436e-02,4.614600473546177917e-03
9.927023199999999992e-02,4.614416569882671959e-03
9.935403930000000217e-02,4.614293973874222798e-03
9.945869920000000031e-02,4.614140736101435096e-03
9.947961800000000576e-02,4.614110089511886878e-03
9.954234789999999444e-02,4.614018151673034487e-03
9.960503830000000391e-02,4.613926216728925569e-03
9.962592630000000060e-02,4.613895572390784745e-03
9.964681000000000233e-02,4.613864928374327573e-03
9.970943470000000197e-02,4.613772998254508061e-03
9.979287320000000683e-02,4.613650429263858356e-03
9.995954120000000165e-02,4.613405306718326195e-03
9.998035519999999565e-02,4.613374667847185487e-03
1.000219702000000044e-01,4.613313391069533489e-03
1.000427710999999970e-01,4.613282753162925055e-03
1.001467112000000020e-01,4.613129568453123650e-03
1.002920464000000011e-01,4.612915123362755325e-03
1.003542684999999962e-01,4.612823223146331544e-03
1.003750006000000000e-01,4.612792590383774094e-03
1.004578862999999933e-01,4.612670062548192458e-03
1.004785970000000028e-01,4.612639431392884931e-03
1.006441294999999986e-01,4.612394393722209045e-03
1.007061340000000027e-01,4.612302509898984562e-03
1.007681004000000047e-01,4.612210628968337750e-03
1.007887474000000033e-01,4.612180002634222280e-03
1.009331579999999950e-01,4.611965627293534813e-03
1.009743802999999995e-01,4.611904380088416473e-03
1.010155856999999935e-01,4.611843134168573839e-03
1.011391013000000061e-01,4.611659404120856294e-03
1.012830123999999971e-01,4.611445067017585532e-03
1.013035545000000037e-01,4.611414448716569421e-03
1.013446261000000015e-01,4.611353213078239408e-03
1.014472322999999954e-01,4.611200129604289301e-03
1.014677410999999946e-01,4.611169513873230458e-03
1.015292426999999942e-01,4.611077668607471355e-03
1.016316624999999974e-01,4.610924599588690949e-03
1.018566236999999958e-01,4.610587876011953273e-03
1.019587146000000000e-01,4.610434832686867435e-03
1.019995224000000006e-01,4.610373617604789434e-03
1.020199202000000027e-01,4.610343010545442377e-03
1.020810889999999999e-01,4.610251191293944333e-03
1.021829558000000027e-01,4.610098165630189225e-03
1.022440270999999956e-01,4.610006354084845472e-03
1.023253987999999948e-01,4.609883943185938589e-03
1.024270225000000062e-01,4.609730936785810633e-03
1.024473352000000032e-01,4.609700336468926067e-03
1.025082489999999957e-01,4.609608537444251711e-03
1.025894110999999997e-01,4.609486143238742360e-03
1.026705091000000014e-01,4.609363754169122987e-03
1.027312905999999970e-01,4.609271965737147224e-03
1.029134196000000001e-01,4.608996617772473554e-03
1.029740576000000019e-01,4.608904840894233190e-03
1.029942623999999946e-01,4.608874249243361844e-03
1.030952267999999949e-01,4.608721295802292901e-03
1.031557580000000002e-01,4.608629527588250369e-03
1.032162536999999963e-01,4.608537762262017619e-03
1.032364110999999945e-01,4.608507174461691155e-03
1.032968595999999989e-01,4.608415412985717927e-03
1.034176504999999996e-01,4.608231898696169525e-03
1.035784859999999974e-01,4.607987230942097931e-03
1.036387349999999957e-01,4.607895485827275851e-03
1.038593488000000009e-01,4.607559111770630732e-03
1.038793813000000038e-01,4.607528534235256351e-03
1.038994099999999976e-01,4.607497957020642750e-03
1.039594729999999967e-01,4.607406227301072583e-03
1.040195012999999974e-01,4.607314500467720592e-03
1.040395030000000054e-01,4.607283925497938047e-03
1.040595009000000043e-01,4.607253350848871179e-03
1.041194715000000048e-01,4.607161628825628963e-03
1.041993786000000033e-01,4.607039337283825274e-03
1.042193458000000017e-01,4.607008765199985950e-03
1.042592687999999990e-01,4.606947621994272185e-03
1.043590092999999996e-01,4.606794769590735750e-03
1.044387331999999946e-01,4.606672493438911282e-03
1.044984860999999959e-01,4.606580789691137011e-03
1.045383024999999994e-01,4.606519655462265952e-03
1.045781035999999997e-01,4.606458522515537689e-03
1.046775404000000048e-01,4.606305695758627569e-03
1.047570218000000025e-01,4.606183440122701978e-03
1.048562888999999970e-01,4.606030627789489337e-03
1.048959693999999970e-01,4.605969505099680519e-03
1.049158040000000014e-01,4.605938944235491404e-03
1.050149209999999972e-01,4.605786144721876578e-03
1.051535277999999934e-01,4.605572238862050416e-03
1.052919521000000025e-01,4.605358348703323529e-03
1.053117120999999962e-01,4.605327794247958406e-03
1.053907153000000069e-01,4.605205579630637994e-03
1.055485441999999968e-01,4.604961165773815111e-03
1.056470674999999970e-01,4.604808417524598393e-03
1.057848460000000018e-01,4.604594583429140117e-03
1.058045140000000023e-01,4.604564036982420824e-03
1.058438389999999951e-01,4.604502945049810010e-03
1.058634960999999958e-01,4.604472399563993949e-03
1.059224453000000010e-01,4.604380765027986204e-03
1.060206211000000037e-01,4.604228047206444623e-03
1.060794830000000022e-01,4.604136420356455366e-03
1.060990963999999953e-01,4.604105878713603446e-03
1.061579148000000028e-01,4.604014255706315520e-03
1.062558730999999951e-01,4.603861557098277123e-03
1.063928632000000069e-01,4.603647792494759694e-03
1.064319707999999975e-01,4.603586719775192362e-03
1.064906052999999991e-01,4.603495113096964068e-03
1.065687344999999980e-01,4.603372975341235400e-03
1.067443161000000001e-01,4.603098184117272555e-03
1.067832950000000003e-01,4.603037122921782923e-03
1.068027790999999949e-01,4.603006592804131068e-03
1.068806801000000001e-01,4.602884475534237650e-03
1.069001465000000012e-01,4.602853947016913305e-03
1.069585242999999963e-01,4.602762363385052777e-03
1.070363119999999946e-01,4.602640256356451548e-03
1.070557500000000051e-01,4.602609730399260732e-03
1.070946155999999982e-01,4.602548679445065891e-03
1.072111278000000001e-01,4.602365534262273065e-03
1.073275134000000047e-01,4.602182400598427495e-03
1.073662806000000025e-01,4.602121358603470519e-03
1.075018556999999958e-01,4.601907721698960708e-03
1.076565896000000050e-01,4.601663584431064068e-03
1.077145573999999939e-01,4.601572038233538685e-03
1.077338731000000022e-01,4.601541523474119745e-03
1.077917994999999934e-01,4.601449981115040416e-03
1.078882741999999950e-01,4.601297416913206935e-03
1.079653919999999934e-01,4.601175371308647774e-03
1.080231942000000056e-01,4.601083840463165812e-03
1.081194624000000049e-01,4.600931295449670749e-03
1.081387057999999984e-01,4.600900787406336095e-03
1.081964153999999956e-01,4.600809265194842623e-03
1.082733136999999984e-01,4.600687240056036686e-03
1.082925297000000009e-01,4.600656734570642004e-03
1.084077544000000004e-01,4.600473708372657296e-03
1.084269466000000043e-01,4.600443205125304830e-03
1.084461354000000044e-01,4.600412702197648890e-03
1.085803620999999941e-01,4.600199190655318918e-03
1.085995238000000002e-01,4.600168690285107685e-03
1.086378370999999954e-01,4.600107690503696736e-03
1.086569886000000040e-01,4.600077191092398141e-03
1.087526959000000015e-01,4.599924698830865598e-03
1.088100798000000008e-01,4.599833207309421586e-03
1.088674334999999993e-01,4.599741718664530736e-03
1.089629559000000053e-01,4.599589243981630320e-03
1.090393136000000068e-01,4.599467269987762494e-03
1.090583945999999971e-01,4.599436777288141986e-03
1.091156177999999949e-01,4.599345301106799559e-03
1.092109230999999958e-01,4.599192847195295898e-03
1.093442109999999967e-01,4.598979425138990419e-03
1.094773366000000026e-01,4.598766018737705623e-03
1.095723272999999942e-01,4.598613595177837229e-03
1.096292821999999972e-01,4.598522144875202833e-03
1.096672357000000042e-01,4.598461179603913207e-03
1.097810174999999944e-01,4.598278291455935689e-03
1.097999696000000053e-01,4.598247811215769656e-03
1.098568065000000010e-01,4.598156372411768035e-03
1.099703920999999945e-01,4.597973503426659725e-03
1.100271409999999950e-01,4.597882073245418595e-03
1.101594412999999939e-01,4.597668747332250838e-03
1.101783283000000030e-01,4.597638273478981893e-03
1.102349700999999960e-01,4.597546853835150250e-03
1.103293085000000007e-01,4.597394494147785497e-03
1.104047211000000056e-01,4.597272612144612247e-03
1.104235662999999978e-01,4.597242142442038715e-03
1.104612467999999958e-01,4.597181203994379212e-03
1.105742115999999997e-01,4.596998396313205053e-03
1.106306506999999995e-01,4.596906996781946475e-03
1.108373482000000049e-01,4.596571889744494911e-03
1.108561197000000054e-01,4.596541427383271129e-03
1.109311741999999962e-01,4.596419581130000917e-03
1.109874317999999943e-01,4.596328199790914934e-03
1.110249209999999986e-01,4.596267280493736979e-03
1.110811310999999940e-01,4.596175903941258738e-03
1.111560337000000037e-01,4.596054073005227322e-03
1.113056877000000028e-01,4.595810426448437847e-03
1.113243802999999976e-01,4.595779972064557677e-03
1.113617560000000062e-01,4.595719064253813053e-03
1.114364699999999958e-01,4.595597252460794334e-03
1.114738081999999963e-01,4.595536348478334622e-03
1.115297920000000026e-01,4.595444994897077660e-03
1.116043934999999959e-01,4.595323194587974322e-03
1.116789450999999961e-01,4.595201399382322499e-03
1.117534470000000058e-01,4.595079609279939178e-03
1.118278993000000054e-01,4.594957824280546804e-03
1.120323877999999940e-01,4.594622941841892266e-03
1.121994194000000000e-01,4.594348975817935839e-03
1.122179632000000066e-01,4.594318536742891465e-03
1.122550414000000052e-01,4.594257659549088116e-03
1.122735759000000055e-01,4.594227221430408938e-03
1.123476835000000035e-01,4.594105472143942236e-03
1.123662027999999952e-01,4.594075035619361175e-03
1.124217421999999938e-01,4.593983727958168839e-03
1.124957521999999932e-01,4.593861988872909204e-03
1.125142469999999978e-01,4.593831554898419357e-03
1.125512277000000061e-01,4.593770687905915015e-03
1.126436261999999994e-01,4.593618526002546908e-03
1.126620968000000000e-01,4.593588094578064142e-03
1.128466364999999999e-01,4.593283797862245110e-03
1.128650739000000014e-01,4.593253369943493640e-03
1.129387933000000066e-01,4.593131661455096722e-03
1.131044863999999955e-01,4.592857835997364753e-03
1.131412740999999944e-01,4.592796989400528204e-03
1.131596634999999934e-01,4.592766566580059641e-03
1.133066709999999977e-01,4.592523195485496978e-03
1.133617497000000002e-01,4.592431936581608393e-03
1.133801033000000069e-01,4.592401517584079190e-03
1.134351462999999977e-01,4.592310262502816848e-03
1.135451522999999935e-01,4.592127760940813500e-03
1.136550518000000037e-01,4.591945270845308041e-03
1.136916614000000048e-01,4.591884443361466533e-03
1.137465535999999944e-01,4.591793204524188647e-03
1.138014194000000062e-01,4.591701968553188289e-03
1.138379818999999959e-01,4.591641146164788211e-03
1.139658583000000003e-01,4.591428277836208730e-03
1.140388660999999970e-01,4.591306645796482122e-03
1.141300601999999942e-01,4.591154612910763010e-03
1.141847416999999948e-01,4.591063396999876811e-03
1.142393970000000064e-01,4.590972183954235113e-03
1.142576096000000041e-01,4.590941780242370138e-03
1.143122300999999952e-01,4.590850571016937345e-03
1.143304311000000045e-01,4.590820168578431393e-03
1.144032063000000043e-01,4.590698562007797766e-03
1.144213927999999936e-01,4.590668161160863306e-03
1.145304515000000051e-01,4.590485762763876418e-03
1.146938450999999970e-01,4.590212186652040810e-03
1.148388887000000025e-01,4.589969029526517683e-03
1.148570062999999947e-01,4.589938636317831763e-03
1.148932327999999947e-01,4.589877850854941210e-03
1.149656517000000044e-01,4.589756283747597858e-03
1.149837492999999933e-01,4.589725892766217952e-03
1.150561112000000052e-01,4.589604332022342512e-03
1.151284276999999939e-01,4.589482776369030459e-03
1.151826351999999942e-01,4.589391612969436450e-03
1.152909738000000017e-01,4.589209294759563455e-03
1.153992105999999962e-01,4.589026988001172584e-03
1.154352669999999942e-01,4.588966221626357769e-03
1.154713121999999953e-01,4.588905456523857673e-03
1.154893305000000009e-01,4.588875074449614948e-03
1.155433686999999959e-01,4.588783930135336732e-03
1.155613758999999990e-01,4.588753549333401786e-03
1.157053318999999997e-01,4.588510514366131790e-03
1.157233138000000050e-01,4.588480136426257260e-03
1.157772427999999992e-01,4.588389004514645611e-03
1.158670687000000060e-01,4.588237124354895523e-03
1.159209308000000022e-01,4.588146000074578776e-03
1.159747678999999976e-01,4.588054878655809833e-03
1.159927079999999999e-01,4.588024505485382293e-03
1.160465118000000018e-01,4.587933387881802834e-03
1.161182114000000043e-01,4.587811902194503799e-03
1.161540446000000060e-01,4.587751161258270781e-03
1.162793738999999965e-01,4.587538577994869360e-03
1.162972671000000041e-01,4.587508210228757703e-03
1.163509300000000052e-01,4.587417108837369556e-03
1.164224420999999954e-01,4.587295644765355604e-03
1.164403133000000007e-01,4.587265279541966924e-03
1.165653348000000034e-01,4.587052731876852842e-03
1.166902222999999933e-01,4.586840199783507460e-03
1.167258798999999958e-01,4.586779479188190026e-03
1.167793458999999978e-01,4.586688400678364842e-03
1.168327873999999988e-01,4.586597325028172328e-03
1.168505957999999983e-01,4.586566967113567435e-03
1.169040048000000026e-01,4.586475895276149670e-03
1.169218023000000023e-01,4.586445538632358092e-03
1.170640854000000036e-01,4.586202696919584702e-03
1.171529245999999996e-01,4.586050931173571779e-03
1.172061957999999959e-01,4.585959875537800809e-03
1.172771863999999969e-01,4.585838472470306001e-03
1.174190388000000002e-01,4.585595681580742836e-03
1.174367582999999993e-01,4.585565334148723228e-03
1.174721893000000017e-01,4.585504640237440116e-03
1.175607201000000018e-01,4.585352911016682236e-03
1.176845512999999954e-01,4.585140503444591273e-03
1.177022308000000017e-01,4.585110160775801406e-03
1.177199077000000010e-01,4.585079818424581295e-03
1.177552535000000039e-01,4.585019134674632631e-03
1.178612272999999960e-01,4.584837091044722569e-03
1.179141783999999998e-01,4.584746073515685513e-03
1.180552655000000062e-01,4.584503374073301170e-03
1.181961841000000041e-01,4.584260694946332843e-03
1.182665804000000015e-01,4.584139363000436229e-03
1.182841728999999981e-01,4.584109030807389899e-03
1.183193502000000064e-01,4.584048367373558079e-03
1.183369348999999959e-01,4.584018036132664169e-03
1.183896732999999979e-01,4.583927044314099059e-03
1.184248192000000033e-01,4.583866384688483134e-03
1.184775183999999953e-01,4.583775397629992303e-03
1.186003924000000043e-01,4.583563105599991125e-03
1.186880815999999950e-01,4.583411477954611561e-03
1.187056117000000049e-01,4.583381153377407216e-03
1.187581862999999988e-01,4.583290181549231658e-03
1.188107377000000020e-01,4.583199212576436095e-03
1.188282496999999993e-01,4.583168890220029081e-03
1.188457591000000035e-01,4.583138568180843142e-03
1.189507612999999991e-01,4.582956642607447298e-03
1.191604881999999976e-01,4.582592825718469209e-03
1.191779488000000026e-01,4.582562509706035285e-03
1.192652134000000003e-01,4.582410934401033413e-03
1.193872765999999946e-01,4.582198742293383878e-03
1.194395511999999937e-01,4.582107807575282882e-03
1.195266247000000004e-01,4.581956256053478643e-03
1.195440318000000057e-01,4.581925946700348036e-03
1.196831975000000048e-01,4.581683483289267569e-03
1.197353428999999997e-01,4.581592564741172012e-03
1.198048347999999957e-01,4.581471344448587862e-03
1.199436978999999931e-01,4.581228919079164026e-03
1.199957301000000032e-01,4.581138014795626753e-03
1.200130692000000027e-01,4.581107714001735401e-03
1.200650713000000064e-01,4.581016813521551594e-03
1.200997268999999951e-01,4.580956214786151282e-03
1.201516915000000046e-01,4.580865319059921649e-03
1.202382493999999968e-01,4.580713832521208367e-03
1.203593257999999999e-01,4.580501764676231900e-03
1.203766123999999993e-01,4.580471470537200371e-03
1.204284575999999968e-01,4.580380590021509296e-03
1.204802804999999949e-01,4.580289712357422591e-03
1.205148166999999992e-01,4.580229128832174861e-03
1.205493428999999950e-01,4.580168546574107935e-03
1.206356155000000013e-01,4.580017096473439075e-03
1.207045890999999954e-01,4.579895942095104679e-03
1.207735233000000047e-01,4.579774792785160434e-03
1.207907507000000047e-01,4.579744506249575423e-03
1.208251981000000030e-01,4.579683934128632276e-03
1.208424181999999958e-01,4.579653648543360878e-03
1.209800902000000011e-01,4.579411375262935555e-03
1.211004249000000033e-01,4.579199402769797492e-03
1.211691339000000034e-01,4.579078282597797041e-03
1.211863051000000024e-01,4.579048003346490245e-03
1.212034738000000028e-01,4.579017724411772218e-03
1.212549653999999977e-01,4.578926889507586168e-03
1.213064352000000068e-01,4.578836057453194303e-03
1.213407361999999934e-01,4.578775504333322706e-03
1.213921696000000022e-01,4.578684677028197793e-03
1.214607136000000059e-01,4.578563578387128893e-03
1.214778435000000018e-01,4.578533304518280465e-03
1.216147962999999943e-01,4.578291124964520460e-03
1.216661138000000031e-01,4.578200312854948696e-03
1.217174097000000010e-01,4.578109503594221356e-03
1.217515948999999958e-01,4.578048965669620149e-03
1.219394424999999949e-01,4.577716029714361083e-03
1.220076789999999939e-01,4.577594971588515305e-03
1.220247321999999995e-01,4.577564707848221989e-03
1.220758774000000046e-01,4.577473918525882396e-03
1.222121599000000058e-01,4.577231827588896032e-03
1.222632267000000050e-01,4.577141048708216128e-03
1.222802442999999933e-01,4.577110789714167877e-03
1.223993007000000049e-01,4.576898985613661250e-03
1.224162993000000033e-01,4.576868729150443578e-03
1.224332954999999973e-01,4.576838473003531915e-03
1.224672809999999973e-01,4.576777961658902438e-03
1.225522032999999955e-01,4.576626688832848705e-03
1.225691807000000022e-01,4.576596435216588946e-03
1.226200987999999936e-01,4.576505676265630110e-03
1.226709956999999934e-01,4.576414920161244945e-03
1.226879567000000032e-01,4.576384668759076943e-03
1.227388254999999956e-01,4.576293916450075924e-03
1.228235601000000066e-01,4.576142668927035348e-03
1.228405000000000052e-01,4.576112420371166931e-03
1.230097705999999985e-01,4.575809952204721448e-03
1.230266849000000023e-01,4.575779707127269370e-03
1.231619152999999939e-01,4.575537757889762414e-03
1.232294748999999967e-01,4.575416790858943990e-03
1.232463589999999998e-01,4.575386549891583519e-03
1.232969973999999969e-01,4.575295828886266104e-03
1.233476151000000021e-01,4.575205110726133714e-03
1.234824939999999982e-01,4.574963209540726383e-03
1.234993434999999973e-01,4.574932973314927223e-03
1.236340570000000055e-01,4.574691094886863645e-03
1.237013586999999998e-01,4.574570163257795329e-03
1.237686238000000050e-01,4.574449236685024407e-03
1.238862498000000006e-01,4.574237627348529990e-03
1.239198366999999940e-01,4.574177170381888737e-03
1.240373193999999984e-01,4.573965580951431208e-03
1.240540935000000039e-01,4.573935355153642066e-03
1.240876350000000017e-01,4.573874904505949648e-03
1.241044023999999940e-01,4.573844679656035965e-03
1.241882051999999986e-01,4.573693560144872529e-03
1.242384596999999979e-01,4.573602892228895329e-03
1.242886938999999968e-01,4.573512227155869699e-03
1.243556412999999999e-01,4.573391344814011113e-03
1.244392748999999937e-01,4.573240248993314799e-03
1.244559949000000054e-01,4.573210030776707867e-03
1.245061412999999978e-01,4.573119378021694298e-03
1.245562676000000063e-01,4.573028728109086727e-03
1.245896739000000031e-01,4.572968296412991546e-03
1.246397665999999932e-01,4.572877651237314441e-03
1.247065254999999984e-01,4.572756795423890686e-03
1.248232677000000040e-01,4.572545309907092084e-03
1.248566024999999968e-01,4.572484888315302316e-03
1.248899284999999970e-01,4.572424467986501394e-03
1.249898531000000063e-01,4.572243214577026427e-03
1.250397853999999920e-01,4.572152592134084287e-03
1.251063309000000068e-01,4.572031766629708338e-03
1.251562167999999975e-01,4.571941150815849765e-03
1.252393156999999924e-01,4.571790130772169190e-03
1.252559289000000076e-01,4.571759927710358079e-03
1.253887550999999989e-01,4.571518314577682589e-03
1.255048625999999889e-01,4.571306919654806108e-03
1.255711616000000086e-01,4.571186129498403840e-03
1.256374255999999912e-01,4.571065344390606335e-03
1.256871006999999985e-01,4.570974758872775601e-03
1.257036547000000004e-01,4.570944564331184609e-03
1.257863919999999969e-01,4.570793596355687133e-03
1.258360081999999880e-01,4.570703019356150108e-03
1.259021328999999911e-01,4.570582254440182582e-03
1.259517035000000118e-01,4.570491684065333335e-03
1.260177674000000081e-01,4.570370927981778908e-03
1.261002985999999937e-01,4.570219989974319899e-03
1.261662846999999921e-01,4.570099245245620896e-03
1.261827758000000077e-01,4.570069059851884254e-03
1.262981534000000017e-01,4.569857770926332406e-03
1.264463413999999952e-01,4.569586136441424612e-03
1.264792483999999939e-01,4.569525776691004543e-03
1.264956988000000004e-01,4.569495597288864008e-03
1.265450368999999908e-01,4.569405060973946719e-03
1.266272243999999880e-01,4.569254173421472519e-03
1.266765113999999970e-01,4.569163644673297602e-03
1.267421974000000062e-01,4.569042944089044510e-03
1.268242572000000123e-01,4.568892075451629065e-03
1.268406628000000036e-01,4.568861902669815213e-03
1.268898668000000007e-01,4.568771386215531895e-03
1.269390516999999996e-01,4.568680872597987233e-03
1.269718310999999877e-01,4.568620531762270301e-03
1.270209843000000005e-01,4.568530022872453397e-03
1.270701184999999955e-01,4.568439516819110605e-03
1.270864922999999924e-01,4.568409348764920427e-03
1.272174071999999934e-01,4.568168015676641464e-03
1.272337621000000085e-01,4.568137850458659985e-03
1.272828141000000024e-01,4.568047356695238877e-03
1.273481874999999874e-01,4.567926702755434505e-03
1.273645256000000003e-01,4.567896540058178842e-03
1.274625101000000094e-01,4.567715570490884537e-03
1.275277914000000068e-01,4.567594930413808839e-03
1.276745521000000050e-01,4.567323508669013030e-03
1.277234348000000075e-01,4.567233040424011764e-03
1.277560128999999933e-01,4.567172729835602962e-03
1.277885826999999863e-01,4.567112420507078718e-03
1.278048645000000039e-01,4.567082266315275474e-03
1.278699709999999989e-01,4.566961652697615164e-03
1.280488429999999955e-01,4.566629991230571582e-03
1.281138253999999921e-01,4.566509396507776111e-03
1.281463043000000135e-01,4.566449101035711250e-03
1.283896338999999942e-01,4.565996925138154569e-03
1.284544438999999927e-01,4.565876356861873347e-03
1.285192213000000139e-01,4.565755793622255053e-03
1.285354105000000025e-01,4.565725653599232541e-03
1.285839659999999940e-01,4.565635235418872943e-03
1.286486780999999968e-01,4.565514682251502372e-03
1.286648511000000050e-01,4.565484544746572365e-03
1.287780048000000122e-01,4.565273591023821798e-03
1.287941615000000040e-01,4.565243456036552350e-03
1.288264688999999907e-01,4.565183187006181809e-03
1.288426195000000052e-01,4.565153052962967091e-03
1.289233422999999934e-01,4.565002387467208787e-03
1.290201430000000038e-01,4.564821599256115373e-03
1.290362693999999866e-01,4.564791468988862837e-03
1.291007547999999949e-01,4.564670951066078161e-03
1.291813162999999876e-01,4.564520310741429845e-03
1.292296290999999930e-01,4.564429930321810963e-03
1.293101103000000029e-01,4.564279302580652453e-03
1.293583749999999977e-01,4.564188929710727080e-03
1.295512538999999963e-01,4.563827466539013486e-03
1.295673142000000055e-01,4.563797346652384394e-03
1.295994287999999994e-01,4.563737107822561645e-03
1.296636341000000081e-01,4.563616633936637933e-03
1.296796805000000052e-01,4.563586516251377269e-03
1.297438461000000043e-01,4.563466048654746428e-03
1.298079799999999895e-01,4.563345586089249950e-03
1.298240085000000044e-01,4.563315471233927827e-03
1.298560595999999900e-01,4.563255242466593246e-03
1.299361528000000099e-01,4.563104676050474401e-03
1.299521654999999942e-01,4.563074563710429327e-03
1.301121842999999889e-01,4.562773457600900751e-03
1.301281753000000097e-01,4.562743348718863862e-03
1.301761367000000003e-01,4.562653023958987419e-03
1.301921198999999862e-01,4.562622916334350964e-03
1.303358805000000009e-01,4.562351961856767057e-03
1.303678057000000057e-01,4.562291753207826407e-03
1.304635345999999863e-01,4.562111134803739122e-03
1.305113727999999973e-01,4.562020829844252306e-03
1.305591932999999871e-01,4.561930527712742926e-03
1.305751296999999866e-01,4.561900427630835066e-03
1.306229268999999915e-01,4.561810129270070686e-03
1.307025501999999895e-01,4.561659638286432415e-03
1.307184690000000038e-01,4.561629541032246118e-03
1.308139412999999862e-01,4.561448964105048465e-03
1.308298465000000133e-01,4.561418869050015354e-03
1.308457499000000024e-01,4.561388774309281177e-03
1.309570191999999966e-01,4.561178119919656604e-03
1.309729071000000078e-01,4.561148027691946071e-03
1.310840685000000116e-01,4.560937390893007350e-03
1.311316801999999893e-01,4.560847122690503408e-03
1.311475470000000032e-01,4.560817033917904072e-03
1.312268518999999967e-01,4.560666594765513428e-03
1.312744117999999904e-01,4.560576335042646617e-03
1.313377983000000027e-01,4.560455993142066566e-03
1.313853181000000092e-01,4.560365740013836051e-03
1.314011542000000088e-01,4.560335656265758313e-03
1.314644795999999893e-01,4.560215324413512822e-03
1.315277744999999998e-01,4.560094997585005701e-03
1.315752256000000120e-01,4.560004755760197794e-03
1.316068501999999862e-01,4.559944596113481297e-03
1.316542729000000078e-01,4.559854358998041701e-03
1.317016785000000023e-01,4.559764124707972252e-03
1.318280101000000037e-01,4.559523513746669560e-03
1.318437929999999869e-01,4.559493438788995989e-03
1.318595740999999877e-01,4.559463364145305633e-03
1.319069059000000099e-01,4.559373142097296848e-03
1.321118145000000077e-01,4.558982212529870924e-03
1.321433106999999885e-01,4.558922074226884162e-03
1.322220182999999938e-01,4.558771733960787637e-03
1.322849506999999869e-01,4.558651467396020694e-03
1.323635740999999921e-01,4.558501141249679880e-03
1.323950104000000128e-01,4.558441012987381018e-03
1.324735684999999996e-01,4.558290697821882308e-03
1.325991646999999940e-01,4.558050209869947064e-03
1.326148558999999949e-01,4.558020150287593435e-03
1.326619182000000063e-01,4.557929973422379655e-03
1.327089637999999960e-01,4.557839799380107408e-03
1.327403182999999931e-01,4.557779684920206138e-03
1.328343374000000021e-01,4.557599349067733771e-03
1.328500008000000066e-01,4.557569294190016995e-03
1.328969798999999896e-01,4.557479131438487395e-03
1.329908881999999903e-01,4.557298814402318578e-03
1.330378174999999885e-01,4.557208660117520634e-03
1.331159962000000030e-01,4.557058409247278542e-03
1.331628814999999966e-01,4.556968262487744864e-03
1.332097502000000044e-01,4.556878118549829992e-03
1.332253693999999877e-01,4.556848071197516260e-03
1.333502575000000134e-01,4.556607703665335046e-03
1.333658601999999915e-01,4.556577659134393790e-03
1.333970603000000088e-01,4.556517571013107837e-03
1.334906168999999976e-01,4.556337314172240020e-03
1.335373705000000022e-01,4.556247189983118895e-03
1.335996832999999939e-01,4.556127028785655377e-03
1.336463988000000103e-01,4.556036911178304102e-03
1.336619671000000009e-01,4.556006872602748337e-03
1.337242217999999871e-01,4.555886721433966696e-03
1.338330979000000032e-01,4.555676468953330852e-03
1.338641891000000028e-01,4.555616399636159414e-03
1.340971431999999908e-01,4.555165919704981352e-03
1.341126591000000035e-01,4.555135890215905418e-03
1.341591960000000083e-01,4.555045803628221882e-03
1.342057167000000051e-01,4.554955719859746753e-03
1.342212201000000105e-01,4.554925692563500939e-03
1.342367215999999974e-01,4.554895665580370109e-03
1.343451823000000045e-01,4.554685485469029717e-03
1.343606696000000100e-01,4.554655460991747715e-03
1.344845033000000023e-01,4.554415276447736256e-03
1.345309115999999972e-01,4.554325212411111830e-03
1.345773037999999922e-01,4.554235151192745183e-03
1.346391352999999902e-01,4.554115073952286208e-03
1.346545888000000024e-01,4.554085055425052819e-03
1.347009383999999976e-01,4.553995001721757203e-03
1.347163848000000053e-01,4.553964984446957735e-03
1.347781523999999898e-01,4.553844918478396238e-03
1.348398918000000002e-01,4.553724857519274652e-03
1.348861778000000067e-01,4.553634815087141859e-03
1.349016029000000005e-01,4.553604801569168838e-03
1.350249404999999958e-01,4.553364704695085988e-03
1.350711631000000024e-01,4.553274673532219097e-03
1.350865670999999990e-01,4.553244663770587668e-03
1.351327686000000083e-01,4.553154636363708485e-03
1.351943459999999930e-01,4.553034604202943827e-03
1.352251241999999909e-01,4.552974590000408335e-03
1.352712784000000001e-01,4.552884571043834712e-03
1.353942793000000033e-01,4.552644534262308661e-03
1.354557378000000034e-01,4.552524523381543467e-03
1.354710980999999925e-01,4.552494521443638080e-03
1.355939177000000107e-01,4.552254517204016963e-03
1.356246051999999980e-01,4.552194519272758332e-03
1.356399463000000083e-01,4.552164520776356103e-03
1.357166260999999874e-01,4.552014532987295851e-03
1.358085847000000124e-01,4.551834557963587921e-03
1.358698557999999945e-01,4.551714580870432590e-03
1.358851692999999972e-01,4.551684587379156016e-03
1.359464059000000113e-01,4.551564616541626043e-03
1.359617106999999880e-01,4.551534624614111610e-03
1.360840875000000061e-01,4.551294700453309937e-03
1.361299504000000049e-01,4.551204734053015087e-03
1.361757979000000063e-01,4.551114770467168565e-03
1.361910769999999937e-01,4.551084783230651722e-03
1.363590336999999930e-01,4.550754944265377432e-03
1.363742921999999969e-01,4.550724960780828943e-03
1.364505592999999961e-01,4.550575048047846363e-03
1.364962990999999959e-01,4.550485104159542916e-03
1.365572616000000072e-01,4.550365183351567228e-03
1.366791052000000117e-01,4.550125356739947828e-03
1.366943280000000038e-01,4.550095379820036194e-03
1.367399861999999966e-01,4.550005450935569462e-03
1.367856292000000085e-01,4.549915524864018429e-03
1.368160494000000005e-01,4.549855575712290559e-03
1.368464628999999932e-01,4.549795627810713713e-03
1.369224669999999922e-01,4.549645763525539399e-03
1.370439857999999900e-01,4.549405996918439582e-03
1.370591680999999895e-01,4.549376027498680357e-03
1.370895276000000107e-01,4.549316089596448613e-03
1.371047048000000046e-01,4.549286121113968288e-03
1.371502263999999915e-01,4.549196217541234301e-03
1.372260621999999985e-01,4.549046384501847194e-03
1.374078974000000064e-01,4.548686817071738095e-03
1.374230395000000104e-01,4.548656855149666237e-03
1.375289872999999885e-01,4.548447130440501016e-03
1.375441161000000023e-01,4.548417171017152608e-03
1.375894923000000047e-01,4.548327294620738842e-03
1.376348535999999956e-01,4.548237421035129617e-03
1.376499707000000128e-01,4.548207463797834631e-03
1.377708478000000125e-01,4.547967817141481198e-03
1.377859499999999904e-01,4.547937862714641205e-03
1.379067079000000084e-01,4.547698238540361267e-03
1.379519649000000014e-01,4.547608384626720957e-03
1.380575068000000072e-01,4.547398736421703370e-03
1.380725775999999960e-01,4.547368787926823162e-03
1.381479070999999947e-01,4.547219050135050539e-03
1.381930851000000016e-01,4.547129211205804163e-03
1.382683489000000043e-01,4.546979485899630899e-03
1.383134874999999986e-01,4.546889654461302131e-03
1.384788700000000039e-01,4.546560296551886184e-03
1.385089183000000057e-01,4.546500417352469618e-03
1.385389600999999971e-01,4.546440539401258585e-03
1.385990242000000039e-01,4.546320787243294387e-03
1.386290464000000111e-01,4.546260913036352137e-03
1.386740676999999866e-01,4.546171104066231219e-03
1.387190742999999948e-01,4.546081297904008313e-03
1.387340732000000021e-01,4.546051363140516527e-03
1.387490705999999963e-01,4.546021428689146597e-03
1.387790603999999872e-01,4.545961560722179898e-03
1.388540065999999962e-01,4.545811896264212448e-03
1.389139343999999943e-01,4.545692170312892744e-03
1.389588633000000129e-01,4.545602379124717880e-03
1.390337125999999979e-01,4.545452733382829465e-03
1.390935630000000034e-01,4.545333022403469196e-03
1.392131866000000107e-01,4.545093615414779950e-03
1.392281324000000098e-01,4.545063690944641140e-03
1.392580190000000107e-01,4.545003842939673508e-03
1.393476405000000085e-01,4.544824306408855145e-03
1.394372043000000061e-01,4.544644781103075910e-03
1.394521260000000096e-01,4.544614861310041290e-03
1.395565333999999880e-01,4.544405431488597082e-03
1.395863497000000009e-01,4.544345597202524394e-03
1.396310622999999973e-01,4.544255848111574542e-03
1.396757604999999958e-01,4.544166101826091486e-03
1.396906566999999988e-01,4.544136187021012227e-03
1.397502257999999886e-01,4.544016530917977664e-03
1.398246513999999996e-01,4.543866967802207002e-03
1.399287808000000133e-01,4.543657592530415783e-03
1.399436501000000110e-01,4.543627683023912338e-03
1.399882484999999954e-01,4.543537956374204059e-03
1.400625477000000119e-01,4.543388418190634666e-03
1.401071081999999968e-01,4.543298699019689656e-03
1.401665002999999965e-01,4.543179077820887375e-03
1.402110277999999988e-01,4.543089365193288959e-03
1.402852089999999941e-01,4.542939850378660029e-03
1.403445257000000002e-01,4.542820244134736229e-03
1.403889966999999905e-01,4.542730542722752188e-03
1.405075174000000038e-01,4.542491352663984884e-03
1.405223254999999893e-01,4.542461455308392793e-03
1.406407338000000007e-01,4.542222287676029105e-03
1.406555278999999936e-01,4.542192393123600964e-03
1.406851112999999986e-01,4.542132604952901949e-03
1.407590425999999950e-01,4.541983139976111736e-03
1.407738242000000084e-01,4.541953247914996307e-03
1.408181597000000007e-01,4.541863573600073839e-03
1.408624812000000004e-01,4.541773902087624902e-03
1.408920210999999867e-01,4.541714122636205525e-03
1.409215548999999956e-01,4.541654344430377452e-03
1.409953622000000018e-01,4.541504904364420184e-03
1.410101189999999893e-01,4.541475017285241493e-03
1.411281181000000051e-01,4.541235931859890704e-03
1.411723423000000033e-01,4.541146279961968783e-03
1.412312863999999890e-01,4.541026748456172130e-03
1.412902058999999932e-01,4.540907221930750096e-03
1.413491007999999882e-01,4.540787700385394768e-03
1.413638207000000035e-01,4.540757820777180029e-03
1.413932558999999867e-01,4.540698062494447247e-03
1.414079712000000100e-01,4.540668183819919664e-03
1.414521079000000126e-01,4.540578549663650508e-03
1.414815248000000081e-01,4.540518795115629051e-03
1.415256386000000033e-01,4.540429165627501637e-03
1.415844356000000026e-01,4.540309663999950694e-03
1.416285173000000064e-01,4.540220041046581258e-03
1.417019563999999954e-01,4.540070675680865642e-03
1.418340509000000083e-01,4.539801837623934182e-03
1.419220455000000103e-01,4.539622626252286242e-03
1.419513649999999960e-01,4.539562891617157300e-03
1.420539353999999976e-01,4.539353830192398645e-03
1.420685821999999876e-01,4.539323965518680254e-03
1.420978713999999921e-01,4.539264237104495212e-03
1.422295982000000014e-01,4.538995474635984691e-03
1.423319681000000114e-01,4.538786454575956253e-03
1.423465864000000025e-01,4.538756595811290623e-03
1.424196550999999866e-01,4.538607306651853274e-03
1.424634784000000098e-01,4.538517736887499529e-03
1.425072881999999985e-01,4.538428169921401335e-03
1.425364872999999866e-01,4.538368460165270561e-03
1.425802747000000092e-01,4.538278897862764796e-03
1.426386369000000043e-01,4.538159485811712850e-03
1.427407133999999966e-01,4.537950526690777593e-03
1.427990101000000123e-01,4.537831128317436520e-03
1.428135805000000091e-01,4.537801279501104713e-03
1.428572830000000016e-01,4.537711734917259689e-03
1.428718475000000099e-01,4.537681887344231085e-03
1.429300907000000120e-01,4.537562500160141794e-03
1.429883100999999879e-01,4.537443117948538468e-03
1.430319592000000029e-01,4.537353584553040567e-03
1.431628265000000066e-01,4.537085001146765571e-03
1.432354788000000101e-01,4.536935799018514300e-03
1.432645294999999874e-01,4.536876120342238361e-03
1.432790526000000120e-01,4.536846281470088317e-03
1.433226130999999959e-01,4.536756766717764226e-03
1.433371303000000041e-01,4.536726929088310233e-03
1.433951844999999947e-01,4.536607581677247827e-03
1.434677192000000101e-01,4.536458404403023378e-03
1.434967228000000039e-01,4.536398735667756393e-03
1.435112223999999992e-01,4.536368901766056616e-03
1.435836984999999955e-01,4.536219736916810748e-03
1.436271665999999947e-01,4.536130241734447760e-03
1.436851036000000026e-01,4.536010919172778731e-03
1.437285409999999874e-01,4.535921430512465137e-03
1.438009075999999997e-01,4.535772288956422572e-03
1.438587745999999890e-01,4.535652981301135228e-03
1.439744389000000013e-01,4.535414380895184082e-03
1.440322361999999967e-01,4.535295088143916596e-03
1.440466819000000009e-01,4.535265265732274856e-03
1.441477613000000102e-01,4.535056517543523645e-03
1.441910593999999879e-01,4.534967058690692054e-03
1.442487698999999901e-01,4.534847784566013555e-03
1.442776165000000110e-01,4.534788149366120701e-03
1.443641216999999866e-01,4.534609251215763678e-03
1.443785341999999916e-01,4.534579435943694725e-03
1.444361698000000138e-01,4.534460177959018755e-03
1.444937823999999926e-01,4.534340924939907203e-03
1.445081820000000128e-01,4.534311112461017132e-03
1.445513720000000113e-01,4.534221676886064298e-03
1.445945492000000054e-01,4.534132244104069169e-03
1.447096254000000137e-01,4.533893770338400485e-03
1.448389767999999911e-01,4.533625511087448733e-03
1.448533421000000043e-01,4.533595706055282455e-03
1.448820682999999998e-01,4.533536096921479859e-03
1.448964292000000098e-01,4.533506292819832265e-03
1.449682127999999959e-01,4.533357276965249358e-03
1.450686501000000017e-01,4.533148667796763065e-03
1.450829925999999881e-01,4.533118867727657132e-03
1.451833503999999941e-01,4.532910275928130409e-03
1.451976815999999892e-01,4.532880478340222015e-03
1.452406666000000124e-01,4.532791087437103121e-03
1.452836389999999922e-01,4.532701699325148229e-03
1.453552312999999985e-01,4.532552725340362881e-03
1.454124797000000135e-01,4.532433551733931754e-03
1.454697057000000071e-01,4.532314383088670122e-03
1.455412064000000116e-01,4.532165429257923803e-03
1.456269609999999992e-01,4.531986694891947803e-03
1.456555347000000056e-01,4.531927119250068851e-03
1.456983846000000082e-01,4.531837758112011033e-03
1.457554983000000082e-01,4.531718614267740523e-03
1.457983189000000013e-01,4.531629259639171833e-03
1.458696586000000073e-01,4.531480341457133458e-03
1.458839222999999963e-01,4.531450558750465402e-03
1.459694756000000093e-01,4.531271869019186382e-03
1.459837296000000006e-01,4.531242088481970444e-03
1.459979821999999872e-01,4.531212308254638568e-03
1.460407317000000094e-01,4.531122969432035789e-03
1.460834685999999882e-01,4.531033633398235186e-03
1.462542916000000026e-01,4.530676317150216653e-03
1.462685177999999975e-01,4.530646542810066145e-03
1.464391248999999950e-01,4.530289274892996230e-03
1.464817456999999989e-01,4.530199964883735789e-03
1.465527527000000108e-01,4.530051121063083386e-03
1.465669498999999931e-01,4.530021353228068717e-03
1.466095335000000000e-01,4.529932051581648210e-03
1.468789426999999870e-01,4.529366539212389964e-03
1.468931083999999998e-01,4.529336778499999834e-03
1.469072727999999883e-01,4.529307018097315958e-03
1.469355974999999870e-01,4.529247498220807626e-03
1.469497577999999971e-01,4.529217738746975364e-03
1.470063852999999865e-01,4.529098703947641996e-03
1.470205387000000086e-01,4.529068946021725175e-03
1.470629908999999957e-01,4.528979674101703094e-03
1.471054309000000004e-01,4.528890404967937482e-03
1.471337174000000025e-01,4.528830893759888329e-03
1.471619985000000019e-01,4.528771383790109947e-03
1.472326774000000116e-01,4.528622614282577438e-03
1.472468090999999868e-01,4.528592861309661301e-03
1.472891960999999916e-01,4.528503604248068810e-03
1.473598140000000056e-01,4.528354848668898237e-03
1.473880516999999946e-01,4.528295348603702218e-03
1.474445108999999920e-01,4.528176352187079923e-03
1.475714650000000128e-01,4.527908628352794902e-03
1.475855641999999912e-01,4.527878882807204013e-03
1.476278540000000028e-01,4.527789648027280220e-03
1.476983098999999910e-01,4.527640929581992421e-03
1.477405673999999947e-01,4.527551702227627060e-03
1.477828127999999963e-01,4.527462477657631656e-03
1.477968919000000048e-01,4.527432736753013269e-03
1.478391212000000066e-01,4.527343515895356461e-03
1.478954080999999865e-01,4.527224559082563063e-03
1.479657366999999890e-01,4.527075870026583959e-03
1.480219755000000137e-01,4.526956924349373468e-03
1.480360319000000036e-01,4.526927188703360264e-03
1.481343890000000052e-01,4.526719047840692574e-03
1.481484346999999979e-01,4.526689314668830462e-03
1.482467172999999971e-01,4.526481191124669644e-03
1.482888185000000025e-01,4.526391999958537249e-03
1.483449347999999945e-01,4.526273082732607152e-03
1.483729850000000128e-01,4.526213625974848630e-03
1.484711190000000125e-01,4.526005537061956151e-03
1.485131564999999931e-01,4.525916360736666720e-03
1.485831927000000052e-01,4.525767739710883676e-03
1.486391978999999919e-01,4.525648848454548977e-03
1.487091747000000019e-01,4.525500241339000876e-03
1.487511448999999930e-01,4.525411080778671095e-03
1.488070868999999963e-01,4.525292204358779234e-03
1.489049347999999995e-01,4.525084182522543484e-03
1.489189077999999999e-01,4.525054466353492857e-03
1.489328795000000039e-01,4.525024750493478881e-03
1.489747867000000003e-01,4.524935604767503332e-03
1.490306446999999923e-01,4.524816748125719441e-03
1.490446059999999961e-01,4.524787034737850350e-03
1.490864818000000036e-01,4.524697896427841946e-03
1.491422980000000065e-01,4.524579049673580280e-03
1.492538676999999869e-01,4.524341370994704875e-03
1.492678081000000101e-01,4.524311662550115076e-03
1.494071399999999938e-01,4.524014595093509873e-03
1.494210660999999996e-01,4.523984890046823561e-03
1.496019868000000030e-01,4.523598752545244205e-03
1.496298013000000038e-01,4.523539351408268835e-03
1.496437066000000093e-01,4.523509651302987447e-03
1.496854149000000078e-01,4.523420552840163623e-03
1.497132139000000028e-01,4.523361155408838624e-03
1.497549028000000060e-01,4.523272061577837504e-03
1.497965800999999930e-01,4.523182970525817422e-03
1.498104698999999929e-01,4.523153274125935736e-03
1.499354206000000078e-01,4.522886020421142475e-03
1.500186632999999936e-01,4.522707865177298669e-03
1.500325325999999904e-01,4.522678173717124481e-03
1.500464005999999906e-01,4.522648482565622650e-03
1.500879968999999925e-01,4.522559410963205954e-03
1.501295816999999866e-01,4.522470342138895129e-03
1.501434407999999998e-01,4.522440653148195218e-03
1.502681146000000023e-01,4.522173466120299468e-03
1.503096496000000115e-01,4.522084409333045757e-03
1.504203534000000120e-01,4.521846938145336094e-03
1.504618463000000073e-01,4.521757891541512871e-03
1.504756747999999866e-01,4.521728209957460304e-03
1.505171525000000010e-01,4.521639167056422555e-03
1.505309757999999942e-01,4.521609486706432320e-03
1.505862565999999958e-01,4.521490768392199232e-03
1.506000735999999951e-01,4.521461089584927207e-03
1.507105640999999996e-01,4.521223670233272957e-03
1.508071769000000062e-01,4.521015944496250931e-03
1.509175157000000045e-01,4.520778562161224291e-03
1.509588719999999940e-01,4.520689548874766428e-03
1.509726549000000029e-01,4.520659878396089161e-03
1.510139960999999920e-01,4.520570868810553679e-03
1.510415505999999908e-01,4.520511530628828697e-03
1.510828728999999981e-01,4.520422525669106836e-03
1.511517183999999958e-01,4.520274190237133678e-03
1.511792477999999995e-01,4.520214858222825101e-03
1.512618058999999904e-01,4.520036869580012009e-03
1.513030680999999933e-01,4.519947879421044520e-03
1.513718133999999993e-01,4.519799568655490443e-03
1.513993026999999880e-01,4.519740246507207397e-03
1.514542664999999899e-01,4.519621605910168101e-03
1.514680043999999948e-01,4.519591946531658494e-03
1.515229432000000098e-01,4.519473312099724083e-03
1.515778621999999964e-01,4.519354682599795864e-03
1.516190383000000086e-01,4.519265713711104714e-03
1.516327611999999936e-01,4.519236058031327399e-03
1.517836311999999910e-01,4.518909865894579769e-03
1.517973393000000004e-01,4.518880213913125353e-03
1.518384559000000023e-01,4.518791259817350227e-03
1.519069588999999998e-01,4.518643009153996276e-03
1.520164995000000130e-01,4.518405824114925251e-03
1.520301864999999975e-01,4.518376177371464034e-03
1.520712402000000130e-01,4.518287238989706668e-03
1.522353442000000112e-01,4.517931513188185727e-03
1.522490115000000033e-01,4.517901871373592587e-03
1.522900061999999943e-01,4.517812947778122867e-03
1.523309898000000107e-01,4.517724026954644118e-03
1.523583061999999877e-01,4.517664747945798406e-03
1.523992714000000082e-01,4.517575831742154553e-03
1.524402256999999872e-01,4.517486918310423608e-03
1.524538746999999916e-01,4.517457281115791132e-03
1.525766605999999970e-01,4.517190560221539218e-03
1.526175671999999983e-01,4.517101658799414256e-03
1.526857206999999994e-01,4.516953495920892660e-03
1.527674646000000136e-01,4.516775710626712639e-03
1.528899987000000016e-01,4.516509053466143987e-03
1.529036075000000106e-01,4.516479426431881453e-03
1.529308215000000082e-01,4.516420173286858110e-03
1.529988354000000050e-01,4.516272045811051995e-03
1.530124344999999886e-01,4.516242421239218159e-03
1.530532246999999901e-01,4.516153549370616020e-03
1.531211842000000101e-01,4.516005435745042498e-03
1.531483596000000058e-01,4.515946192449181440e-03
1.532162769000000035e-01,4.515798089594873742e-03
1.532705890999999931e-01,4.515679612850552298e-03
1.533113106000000003e-01,4.515590758523240628e-03
1.533384523000000110e-01,4.515531523843573265e-03
1.533655891000000049e-01,4.515472290394540421e-03
1.533791557999999999e-01,4.515442674131670345e-03
1.534334102999999894e-01,4.515324212156528703e-03
1.534876456000000000e-01,4.515205755103904317e-03
1.535554128999999934e-01,4.515057690710192438e-03
1.535825114000000102e-01,4.514998467106030172e-03
1.535960588999999987e-01,4.514968855765424081e-03
1.536366940999999986e-01,4.514880023589080103e-03
1.536637782999999979e-01,4.514820803676221177e-03
1.537991277000000101e-01,4.514524722566505555e-03
1.538667576999999953e-01,4.514376693544854859e-03
1.538802801999999970e-01,4.514347088663204534e-03
1.539208404000000086e-01,4.514258275863151058e-03
1.539613898999999952e-01,4.514169465830666743e-03
1.540289487000000013e-01,4.514021455259775197e-03
1.540964779000000007e-01,4.513873452375817205e-03
1.541909690000000110e-01,4.513666261251181658e-03
1.542044630999999943e-01,4.513636663748953927e-03
1.542314475000000074e-01,4.513577469666435471e-03
1.542449379999999981e-01,4.513547873086387607e-03
1.543123727000000056e-01,4.513399894797082319e-03
1.543528192999999993e-01,4.513311111512105858e-03
1.544067316999999939e-01,4.513192738102157590e-03
1.544471535999999978e-01,4.513103961271931926e-03
1.544606252999999874e-01,4.513074369609996854e-03
1.545144999999999991e-01,4.512956006035204713e-03
1.545683559999999901e-01,4.512837647377742137e-03
1.546356496000000080e-01,4.512689705970338028e-03
1.546760118000000128e-01,4.512600944813521114e-03
1.548239160999999864e-01,4.512275510897504477e-03
1.548910987000000072e-01,4.512127598679898516e-03
1.549448237999999922e-01,4.512009274435623517e-03
1.549582522000000073e-01,4.511979694142596864e-03
1.550387978999999972e-01,4.511802218834928130e-03
1.550522180999999999e-01,4.511772640692068674e-03
1.550924717999999924e-01,4.511683908106518641e-03
1.551595380999999940e-01,4.511536026606863432e-03
1.552533822999999924e-01,4.511329005406666121e-03
1.552801845000000014e-01,4.511269859256260804e-03
1.553605633000000041e-01,4.511092428175019278e-03
1.553739557000000104e-01,4.511062857402868033e-03
1.554810536000000021e-01,4.510826302279826935e-03
1.555211962999999975e-01,4.510737599174769602e-03
1.555345749000000000e-01,4.510708032087125050e-03
1.556014505999999964e-01,4.510560201253939992e-03
1.556415623000000081e-01,4.510471506438043683e-03
1.556950283999999907e-01,4.510353250981087407e-03
1.557885499999999979e-01,4.510146315749392378e-03
1.558152600999999915e-01,4.510087194159878576e-03
1.558553166999999962e-01,4.509998514077578555e-03
1.558953630000000090e-01,4.509909836757477856e-03
1.560154403000000023e-01,4.509643821369428013e-03
1.560287764999999938e-01,4.509614265638434323e-03
1.561220982000000035e-01,4.509407384113539585e-03
1.561354252999999914e-01,4.509377830837314055e-03
1.561620760999999913e-01,4.509318725205344568e-03
1.561753998000000032e-01,4.509289172849594539e-03
1.562153639999999954e-01,4.509200517623106370e-03
1.562819484000000092e-01,4.509052765048384391e-03
1.563751188999999986e-01,4.508845924328377767e-03
1.563884245000000117e-01,4.508816376881203021e-03
1.564416352999999926e-01,4.508698190159571469e-03
1.564549352000000060e-01,4.508668644246034522e-03
1.566542979999999974e-01,4.508225492347535390e-03
1.567472471999999950e-01,4.508018711742217167e-03
1.567605212000000026e-01,4.507989172882367716e-03
1.567737939999999941e-01,4.507959634329052577e-03
1.568666723999999901e-01,4.507752873041484011e-03
1.568799361999999864e-01,4.507723336941042713e-03
1.569197210000000120e-01,4.507634730479429495e-03
1.569594957999999874e-01,4.507546126777152440e-03
1.570125131000000007e-01,4.507427992799274696e-03
1.570787596000000064e-01,4.507280332224373673e-03
1.570920054999999926e-01,4.507250801028946270e-03
1.571317365999999882e-01,4.507162209281930648e-03
1.571979329000000036e-01,4.507014562500632170e-03
1.572376372000000022e-01,4.506925978109686294e-03
1.572905608000000066e-01,4.506807869879311639e-03
1.573434665000000010e-01,4.506689766552256921e-03
1.573963545000000019e-01,4.506571668128490915e-03
1.574095736999999995e-01,4.506542144288608505e-03
1.574360087999999991e-01,4.506483097528167329e-03
1.574888657000000081e-01,4.506365007684302870e-03
1.575549119000000109e-01,4.506217402273529453e-03
1.575945263000000096e-01,4.506128842703650654e-03
1.576473301000000105e-01,4.506010767566417073e-03
1.577265025000000043e-01,4.505833664050895755e-03
1.577660738999999979e-01,4.505745116428761833e-03
1.578320039999999980e-01,4.505597543184572049e-03
1.578715488999999916e-01,4.505509002913715699e-03
1.579242600000000107e-01,4.505390953507151450e-03
1.579374350999999954e-01,4.505361441921281081e-03
1.580296294999999906e-01,4.505154869394628267e-03
1.580427957999999966e-01,4.505125360258726078e-03
1.580822879000000070e-01,4.505036834688096875e-03
1.581480862999999903e-01,4.504889298194867005e-03
1.583453172000000020e-01,4.504446734642299742e-03
1.583978706999999986e-01,4.504328729328732975e-03
1.584372742999999861e-01,4.504240228557707983e-03
1.585029253000000138e-01,4.504092733394853866e-03
1.586734907000000028e-01,4.503709281782020298e-03
1.586997152000000078e-01,4.503650293816822102e-03
1.587128258999999930e-01,4.503620800293357471e-03
1.587521514000000133e-01,4.503532321558926382e-03
1.587652576999999954e-01,4.503502829259422788e-03
1.587783628999999974e-01,4.503473337265898394e-03
1.588700692999999997e-01,4.503266901879302703e-03
1.588831659000000118e-01,4.503237412333709923e-03
1.589093558999999933e-01,4.503178434160464566e-03
1.589748119000000126e-01,4.503030994081370919e-03
1.589878999000000070e-01,4.503001506983423524e-03
1.590925649000000108e-01,4.502765621212748495e-03
1.591187202999999883e-01,4.502706652829035171e-03
1.591317965000000056e-01,4.502677169096164222e-03
1.591710184000000028e-01,4.502588719732524523e-03
1.591840902999999974e-01,4.502559237223172257e-03
1.592363669000000093e-01,4.502441310244073742e-03
1.593016885000000105e-01,4.502293908401854700e-03
1.593278096999999893e-01,4.502234949805906591e-03
1.593408685999999908e-01,4.502205470966550924e-03
1.594453019000000027e-01,4.501969651261694509e-03
1.594974929000000097e-01,4.501851748748301497e-03
1.595887860999999908e-01,4.501645431121937060e-03
1.596018237000000062e-01,4.501615958398289159e-03
1.596148602000000138e-01,4.501586485980334229e-03
1.596539634999999957e-01,4.501498070561099109e-03
1.597191142999999924e-01,4.501350717643307943e-03
1.597581921000000016e-01,4.501262309561178572e-03
1.598102808999999902e-01,4.501144436397878229e-03
1.599144076000000025e-01,4.500908704743299821e-03
1.599534375999999980e-01,4.500820310415955088e-03
1.600054629000000062e-01,4.500702455591730662e-03
1.600314690999999900e-01,4.500643530013160448e-03
1.601224578000000065e-01,4.500437300114768467e-03
1.601744281999999964e-01,4.500319461181337931e-03
1.602393673999999990e-01,4.500172169389434103e-03
1.602783183000000000e-01,4.500083797980773681e-03
1.603172596999999922e-01,4.499995429321784410e-03
1.603432153999999887e-01,4.499936518410054855e-03
1.604210574000000111e-01,4.499759793006939505e-03
1.604340273000000039e-01,4.499730339842164355e-03
1.605766279999999990e-01,4.499406375191293897e-03
1.605895854000000122e-01,4.499376925692029350e-03
1.606414046000000095e-01,4.499259130749246743e-03
1.606932071000000128e-01,4.499141340693020574e-03
1.607320479999999885e-01,4.499053001357463007e-03
1.607838212999999905e-01,4.498935219852058347e-03
1.608485145000000116e-01,4.498787999840964114e-03
1.608614499999999892e-01,4.498758556754768427e-03
1.609002502999999917e-01,4.498670229328247984e-03
1.609390411999999937e-01,4.498581904649605855e-03
1.609907479999999891e-01,4.498464142685980847e-03
1.610036719999999866e-01,4.498434702958190728e-03
1.611586801999999874e-01,4.498081450037803158e-03
1.611715907999999864e-01,4.498052014278596314e-03
1.612103165000000060e-01,4.497963708832534990e-03
1.612748385999999978e-01,4.497816539193509253e-03
1.613135394000000111e-01,4.497728241072519034e-03
1.613651261000000059e-01,4.497610514517332361e-03
1.614038053999999889e-01,4.497522222805458436e-03
1.614811359999999973e-01,4.497345647620805756e-03
1.615197874000000033e-01,4.497257364147922050e-03
1.615584295999999975e-01,4.497169083421263466e-03
1.615713082999999939e-01,4.497139657122642582e-03
1.615841859000000102e-01,4.497110231129037260e-03
1.616228127000000070e-01,4.497021954979060591e-03
1.616614302999999919e-01,4.496933681574988989e-03
1.616871702000000077e-01,4.496874834164311940e-03
1.617900888999999898e-01,4.496639456724357310e-03
1.618158083000000025e-01,4.496580615414818086e-03
1.619314953000000057e-01,4.496315844620939889e-03
1.619700393000000072e-01,4.496227593179786750e-03
1.619828852000000097e-01,4.496198176642631807e-03
1.620342587999999973e-01,4.496080513544013259e-03
1.621369571999999870e-01,4.495845201984859443e-03
1.622011106000000036e-01,4.495698142170695584e-03
1.622908828999999886e-01,4.495492271237202207e-03
1.623934189000000028e-01,4.495257008463020981e-03
1.624062313999999896e-01,4.495227601988180735e-03
1.624318533000000120e-01,4.495168789952944978e-03
1.624446626999999921e-01,4.495139384392539059e-03
1.624830848999999910e-01,4.495051169540380774e-03
1.625854998000000051e-01,4.494815943346553745e-03
1.625982971000000110e-01,4.494786541443879062e-03
1.626110933999999897e-01,4.494757139845997028e-03
1.627006394000000133e-01,4.494551337194522579e-03
1.627134276999999962e-01,4.494521938034825616e-03
1.628156977000000116e-01,4.494286755727472035e-03
1.628540323000000067e-01,4.494198567389983551e-03
1.628923579999999871e-01,4.494110381794969716e-03
1.629562139999999881e-01,4.493963411896834473e-03
1.630072808999999956e-01,4.493845841462527912e-03
1.630455704999999866e-01,4.493757666835559994e-03
1.630583317000000032e-01,4.493728275902521101e-03
1.631603855000000047e-01,4.493493159404920133e-03
1.631986391999999952e-01,4.493404995744350143e-03
1.632113883999999904e-01,4.493375608466627751e-03
1.632496301999999955e-01,4.493287448461191248e-03
1.633006053000000124e-01,4.493169906051247900e-03
1.633133465000000117e-01,4.493140521210051315e-03
1.633260867999999921e-01,4.493111136673530286e-03
1.633643016999999920e-01,4.493022984891200874e-03
1.634025077000000048e-01,4.492934835849754505e-03
1.634279734000000095e-01,4.492876071344751969e-03
1.634661645000000108e-01,4.492787926871096189e-03
1.635170720000000133e-01,4.492670405169144586e-03
1.636315560999999918e-01,4.492405999152080179e-03
1.636569861999999931e-01,4.492347245608551559e-03
1.636696997000000042e-01,4.492317869293364734e-03
1.637332525999999899e-01,4.492170992284202913e-03
1.637713725000000120e-01,4.492082869731755038e-03
1.638221851999999978e-01,4.491965377256775839e-03
1.638602844000000003e-01,4.491877261096668614e-03
1.639364561999999970e-01,4.491701036994478514e-03
1.640125926999999872e-01,4.491524823849087251e-03
1.640379637000000113e-01,4.491466088568651926e-03
1.640760126999999957e-01,4.491377987930195506e-03
1.641140530000000097e-01,4.491289890030669696e-03
1.641267311000000062e-01,4.491260524672700642e-03
1.642154506999999874e-01,4.491054975687262286e-03
1.642281210000000047e-01,4.491025612763544818e-03
1.642661260000000123e-01,4.490937525817885294e-03
1.642787924000000122e-01,4.490908164111189968e-03
1.644307130000000061e-01,4.490555847360422521e-03
1.644433667000000099e-01,4.490526489608522021e-03
1.644686711999999995e-01,4.490467775017312202e-03
1.645319154999999867e-01,4.490320993862476594e-03
1.645445614000000112e-01,4.490291638543949908e-03
1.646456939000000008e-01,4.490056806945350032e-03
1.646709672999999985e-01,4.489998102086987554e-03
1.647341338999999960e-01,4.489851345263101527e-03
1.647846497000000077e-01,4.489733945277658324e-03
1.648351500999999941e-01,4.489616550157569767e-03
1.648477727999999864e-01,4.489587202137735981e-03
1.650243888000000048e-01,4.489176361783673436e-03
1.650748157999999965e-01,4.489058989769862187e-03
1.651378279000000060e-01,4.488912281592204699e-03
1.651504273999999939e-01,4.488882940868535454e-03
1.652260043999999872e-01,4.488706902909744660e-03
1.652385972000000036e-01,4.488677564313733707e-03
1.652511891000000011e-01,4.488648226021733044e-03
1.652889589000000048e-01,4.488560212969082419e-03
1.653267200000000103e-01,4.488472202651561625e-03
1.653393052000000085e-01,4.488442866486976393e-03
1.653518894000000072e-01,4.488413530626230580e-03
1.654399518000000124e-01,4.488208188109550981e-03
1.654902521999999931e-01,4.488090856213808322e-03
1.655531061999999942e-01,4.487944198180678253e-03
1.656787426000000119e-01,4.487650904900945120e-03
1.656913010000000130e-01,4.487621577243867087e-03
1.657540787000000015e-01,4.487474943515119309e-03
1.657917338999999879e-01,4.487386966923041093e-03
1.658544735999999964e-01,4.487240345344576699e-03
1.658921060999999919e-01,4.487152376042385059e-03
1.659422694000000087e-01,4.487035087891370726e-03
1.660425504999999968e-01,4.486800526166698742e-03
1.660550813999999986e-01,4.486771207317695638e-03
1.660801403000000120e-01,4.486712570530592727e-03
1.661302469000000004e-01,4.486595300600416426e-03
1.661928588000000095e-01,4.486448720019427412e-03
1.662429313000000075e-01,4.486331461019755010e-03
1.662554471000000089e-01,4.486302147028897909e-03
1.663430311999999911e-01,4.486096957593268750e-03
1.663930586000000045e-01,4.485979713165892842e-03
1.664305691999999892e-01,4.485891783032583749e-03
1.664555715999999908e-01,4.485833164461465981e-03
1.664805702999999915e-01,4.485774547104560105e-03
1.664930682000000106e-01,4.485745238881339372e-03
1.665305562999999933e-01,4.485657316032829779e-03
1.666429701000000096e-01,4.485393563876489617e-03
1.666804245000000073e-01,4.485305651953667462e-03
1.667553079999999910e-01,4.485129836301253968e-03
1.668426296999999947e-01,4.484924731846496974e-03
1.669423700000000066e-01,4.484690344959687928e-03
1.669548332999999940e-01,4.484661047963998254e-03
1.669922178000000090e-01,4.484573158797383607e-03
1.670420506999999999e-01,4.484455977488774857e-03
1.670918687999999874e-01,4.484338801033716827e-03
1.671416719999999911e-01,4.484221629431794920e-03
1.671541205000000030e-01,4.484192337289623874e-03
1.672536749999999905e-01,4.483958011070682259e-03
1.672785544000000013e-01,4.483899432548794917e-03
1.672909925999999936e-01,4.483870143742597729e-03
1.673283020000000121e-01,4.483782279144018189e-03
1.673531702999999926e-01,4.483723704261195590e-03
1.673904657999999990e-01,4.483635844211216262e-03
1.674277529000000042e-01,4.483547986890159924e-03
1.674401801000000023e-01,4.483518701722924264e-03
1.674774562999999938e-01,4.483430848040650778e-03
1.675519836000000096e-01,4.483255148862061792e-03
1.675892347999999865e-01,4.483167303365644812e-03
1.676885310000000018e-01,4.482933062047530018e-03
1.677257518999999975e-01,4.482845226554956278e-03
1.677381571000000071e-01,4.482815948663765836e-03
1.678497620000000135e-01,4.482552461281768749e-03
1.678745530000000097e-01,4.482493911864139473e-03
1.678869471999999974e-01,4.482464637610028384e-03
1.679489041999999988e-01,4.482318270884972332e-03
1.679860673999999943e-01,4.482230454486452187e-03
1.680232224000000052e-01,4.482142640815240005e-03
1.680479877999999927e-01,4.482084099882821526e-03
1.680727495999999876e-01,4.482025560162511586e-03
1.681346381000000112e-01,4.481879216164156264e-03
1.682212436999999949e-01,4.481674347291540739e-03
1.682830775999999973e-01,4.481528021471290271e-03
1.683819645999999892e-01,4.481293915911209631e-03
1.684313863999999938e-01,4.481176870401016796e-03
1.685178394999999885e-01,4.480972052418845039e-03
1.685425322000000115e-01,4.480913535721080775e-03
1.685795646000000092e-01,4.480825762945956324e-03
1.686289283999999888e-01,4.480708736818692778e-03
1.686659417999999966e-01,4.480620970402905863e-03
1.687276127000000014e-01,4.480474699099270576e-03
1.687769332000000067e-01,4.480357687506555942e-03
1.688262392999999861e-01,4.480240680758180646e-03
1.688385635999999912e-01,4.480211429828015630e-03
1.689124902999999955e-01,4.480035930604341250e-03
1.689248083000000067e-01,4.480006681793331780e-03
1.690233197999999881e-01,4.479772702202636236e-03
1.690356296999999952e-01,4.479743456115940596e-03
1.690602468999999886e-01,4.479684964850720423e-03
1.690725540999999943e-01,4.479655719672054510e-03
1.691709795999999932e-01,4.479421769138761285e-03
1.692570549000000091e-01,4.479217078310722237e-03
1.692693477999999974e-01,4.479187837974340017e-03
1.693185104999999913e-01,4.479070879654880981e-03
1.693307990000000041e-01,4.479041640831580955e-03
1.693676590000000037e-01,4.478953926176976186e-03
1.694290743999999904e-01,4.478807741137259650e-03
1.695150186999999919e-01,4.478603094788998103e-03
1.696254544999999947e-01,4.478339999837157095e-03
1.696622505000000003e-01,4.478252306964889545e-03
1.696990385000000101e-01,4.478164616814883647e-03
1.697112993999999875e-01,4.478135387369826595e-03
1.697235594000000014e-01,4.478106158227209907e-03
1.697603340999999932e-01,4.478018472614098307e-03
1.697971007999999893e-01,4.477930789722940445e-03
1.698093545999999898e-01,4.477901562697428860e-03
1.698461106999999970e-01,4.477813883435453023e-03
1.699195991000000128e-01,4.477638533076692962e-03
1.700420092000000105e-01,4.477346306669679338e-03
1.700542452999999898e-01,4.477317085691888236e-03
1.701031812000000087e-01,4.477200204804565424e-03
1.701521028999999907e-01,4.477083328754360297e-03
1.702010106000000078e-01,4.476966457541270254e-03
1.702132353999999959e-01,4.476937240493850806e-03
1.702376821999999901e-01,4.476878807305659930e-03
1.703110016000000115e-01,4.476703514995894299e-03
1.703842895000000079e-01,4.476528233567612751e-03
1.703965010999999863e-01,4.476499021054106478e-03
1.704331305000000019e-01,4.476411385326761402e-03
1.704819576000000114e-01,4.476294541921567970e-03
1.705429717999999983e-01,4.476148494464628202e-03
1.706039642000000134e-01,4.476002454562320702e-03
1.706405491000000108e-01,4.475914834246832313e-03
1.706893168999999988e-01,4.475798011389796674e-03
1.707015065999999970e-01,4.475768806430787360e-03
1.707989933999999876e-01,4.475535177635808076e-03
1.708233563000000066e-01,4.475476773457985093e-03
1.708355364999999959e-01,4.475447571822281818e-03
1.708720719000000055e-01,4.475359968727699554e-03
1.708964245000000048e-01,4.475301568175028832e-03
1.709816312000000116e-01,4.475097175755444849e-03
1.710789583000000003e-01,4.474863602540935480e-03
1.710911203000000103e-01,4.474834407248196554e-03
1.712248452000000032e-01,4.474513278959138182e-03
1.712612974999999926e-01,4.474425704857976430e-03
1.713584657999999983e-01,4.474192187206906327e-03
1.713706078999999993e-01,4.474162998859080795e-03
1.713827491999999897e-01,4.474133810813248069e-03
1.714070292000000051e-01,4.474075435627258325e-03
1.714677142000000098e-01,4.473929502945447195e-03
1.714798486000000122e-01,4.473900317314696493e-03
1.715162467999999940e-01,4.473812762233862587e-03
1.715526370999999883e-01,4.473725209869513705e-03
1.716011457000000129e-01,4.473608477609836674e-03
1.716617619999999955e-01,4.473462569076160425e-03
1.716738827000000023e-01,4.473433388274885084e-03
1.717102396999999891e-01,4.473345847681925620e-03
1.717708175999999864e-01,4.473199952729487935e-03
1.717950427000000113e-01,4.473141596860849729e-03
1.718071539999999897e-01,4.473112419379224498e-03
1.719524231000000014e-01,4.472762313136012698e-03
1.719887211999999999e-01,4.472674793364021448e-03
1.720008188999999910e-01,4.472645620710147263e-03
1.720612944000000089e-01,4.472499761965811199e-03
1.721338370999999923e-01,4.472324741428089674e-03
1.721459244999999916e-01,4.472295572394167050e-03
1.721821818000000004e-01,4.472208067102536287e-03
1.722425937000000018e-01,4.472062230982519308e-03
1.723392086999999961e-01,4.471828908874302816e-03
1.723874958000000124e-01,4.471712255058188194e-03
1.724357695000000024e-01,4.471595606067313607e-03
1.724478358000000044e-01,4.471566444573462848e-03
1.725443358000000038e-01,4.471333163477961281e-03
1.725684523999999886e-01,4.471274846219352311e-03
1.725805093999999984e-01,4.471245688042259012e-03
1.726407819000000121e-01,4.471099901679422180e-03
1.726769353000000007e-01,4.471012433479530819e-03
1.727733073000000119e-01,4.470779198210737132e-03
1.728214731999999920e-01,4.470662587811033602e-03
1.728335125999999888e-01,4.470633435964701738e-03
1.729057311999999957e-01,4.470458531216048650e-03
1.729297972999999933e-01,4.470400232044257315e-03
1.730140025999999942e-01,4.470196194436820009e-03
1.730981668000000084e-01,4.469992171595636894e-03
1.731222062999999978e-01,4.469933882067450917e-03
1.731462423000000028e-01,4.469875593744316623e-03
1.731943045000000070e-01,4.469759020714040090e-03
1.732063179999999980e-01,4.469729878209765736e-03
1.732543633999999999e-01,4.469613311205166556e-03
1.733144016000000009e-01,4.469467609228327046e-03
1.733384109999999978e-01,4.469409330546320926e-03
1.733984199999999976e-01,4.469263639113115957e-03
1.734104193000000071e-01,4.469234501730159036e-03
1.734464122999999913e-01,4.469147091388718344e-03
1.734823977999999933e-01,4.469059683758126560e-03
1.735063840000000135e-01,4.469001413510411899e-03
1.735423570000000082e-01,4.468914010397638525e-03
1.735783226000000012e-01,4.468826609995543188e-03
1.735903095000000118e-01,4.468797477130543455e-03
1.736981541000000018e-01,4.468535294896968865e-03
1.737221104999999988e-01,4.468477035490913372e-03
1.737340874999999951e-01,4.468447906239615859e-03
1.738298734000000012e-01,4.468214883068422939e-03
1.738777465999999938e-01,4.468098378708942886e-03
1.739614929999999948e-01,4.467894507670676363e-03
1.739854131000000137e-01,4.467836261511929502e-03
1.740691075999999948e-01,4.467632409438542992e-03
1.741647092999999979e-01,4.467399453700406607e-03
1.741766557999999965e-01,4.467370335587503120e-03
1.742602584999999871e-01,4.467166517224105404e-03
1.742721985000000029e-01,4.467137401518864528e-03
1.742960759999999942e-01,4.467079171011105118e-03
1.743080134999999975e-01,4.467050056208581379e-03
1.743676888000000036e-01,4.466904486709730518e-03
1.744034841999999863e-01,4.466817148621266866e-03
1.744392723000000034e-01,4.466729813240839266e-03
1.745465922999999975e-01,4.466467823345955657e-03
1.745942689999999964e-01,4.466351391214765792e-03
1.746300178999999897e-01,4.466264070274899786e-03
1.746538464999999873e-01,4.466205857819133436e-03
1.746895831999999982e-01,4.466118541391338702e-03
1.748324572000000132e-01,4.465769302750445015e-03
1.748443581000000135e-01,4.465740201485286082e-03
1.748800558999999977e-01,4.465652899494158487e-03
1.749395360999999871e-01,4.465507402190122856e-03
1.750227742999999891e-01,4.465303718593775957e-03
1.750346623000000046e-01,4.465274622139977535e-03
1.751178553999999943e-01,4.465070955381538441e-03
1.751653764999999974e-01,4.464954580990863203e-03
1.752010089000000104e-01,4.464867303354509882e-03
1.752485075000000114e-01,4.464750937381305358e-03
1.752603801000000017e-01,4.464721846639458681e-03
1.753553322999999997e-01,4.464489131526246796e-03
1.754027891000000117e-01,4.464372781183245133e-03
1.754146513000000018e-01,4.464343694348880433e-03
1.754383733000000056e-01,4.464285521581784835e-03
1.754502330999999915e-01,4.464256435649044397e-03
1.754858076999999961e-01,4.464169179654003082e-03
1.755095200000000022e-01,4.464111010493110494e-03
1.755450826000000131e-01,4.464023759005807113e-03
1.756280337999999996e-01,4.463820182719072799e-03
1.756872607999999947e-01,4.463674780100046133e-03
1.756991036999999978e-01,4.463645700477458615e-03
1.757346278999999956e-01,4.463558463412764174e-03
1.757701449000000082e-01,4.463471229051945051e-03
1.758648217999999874e-01,4.463238617307960406e-03
1.758766529000000134e-01,4.463209542191858351e-03
1.759830964000000109e-01,4.462947879662920725e-03
1.760067416999999967e-01,4.462889735738111326e-03
1.760185632000000056e-01,4.462860664226277196e-03
1.760776588000000087e-01,4.462715311172088875e-03
1.761131066000000134e-01,4.462628102943348024e-03
1.761485473000000135e-01,4.462540897417394820e-03
1.761603593000000134e-01,4.462511829509361108e-03
1.761957903999999964e-01,4.462424627586756426e-03
1.762075992000000091e-01,4.462395560879804483e-03
1.762548265999999975e-01,4.462279297054829938e-03
1.762666314000000123e-01,4.462250231849134580e-03
1.763610418000000069e-01,4.462017721012929462e-03
1.763964326999999943e-01,4.461930534403126154e-03
1.764436094000000066e-01,4.461814289792769353e-03
1.765261384000000044e-01,4.461610873282023486e-03
1.765379252000000010e-01,4.461581814981303851e-03
1.765732805999999933e-01,4.461494641879691636e-03
1.766204101000000137e-01,4.461378415279545345e-03
1.766321905000000081e-01,4.461349359379833054e-03
1.766793043000000063e-01,4.461233138782288825e-03
1.767617233000000065e-01,4.461029764290790414e-03
1.768323376000000002e-01,4.460855455001375668e-03
1.768676341000000041e-01,4.460768304407403302e-03
1.769264459999999872e-01,4.460623059418386376e-03
1.769969946000000127e-01,4.460448775332549569e-03
1.770087499000000120e-01,4.460419729034845703e-03
1.771027646999999983e-01,4.460187369453503387e-03
1.771145130000000012e-01,4.460158325855664158e-03
1.771380073000000110e-01,4.460100239559920340e-03
1.771497532999999902e-01,4.460071196862008813e-03
1.772436933000000048e-01,4.459838866076583537e-03
1.773258498999999988e-01,4.459635592384961385e-03
1.773845098999999870e-01,4.459490405887712311e-03
1.774314240000000042e-01,4.459374262087668732e-03
1.774783255999999865e-01,4.459258123085132162e-03
1.774900490999999914e-01,4.459229089084151831e-03
1.775252149000000057e-01,4.459141988880110409e-03
1.775720916999999899e-01,4.459025859472054432e-03
1.775838090000000091e-01,4.458996827869607729e-03
1.776658084000000137e-01,4.458793615046585668e-03
1.776775194999999918e-01,4.458764585842404579e-03
1.777126481000000091e-01,4.458677500028351490e-03
1.777477698999999911e-01,4.458590416912306884e-03
1.777711804999999867e-01,4.458532363000224791e-03
1.778881874999999890e-01,4.458242111423644898e-03
1.778998838999999998e-01,4.458213087914284292e-03
1.779583546999999877e-01,4.458067974863248739e-03
1.780518680000000020e-01,4.457835809564248374e-03
1.780869227999999915e-01,4.457748752521243328e-03
1.781219708000000013e-01,4.457661698175026388e-03
1.781336518999999952e-01,4.457632680658808397e-03
1.782153982000000136e-01,4.457429566434220440e-03
1.782270732000000024e-01,4.457400551314813497e-03
1.783321136999999890e-01,4.457139428720564844e-03
1.784137691000000081e-01,4.456936350144016096e-03
1.784254311000000037e-01,4.456907340116874304e-03
1.784487527999999990e-01,4.456849320961102021e-03
1.786119197000000103e-01,4.456443220413571112e-03
1.786468646000000104e-01,4.456356206503860745e-03
1.786934471999999940e-01,4.456240192149684386e-03
1.787400177000000034e-01,4.456124182586254819e-03
1.787865760000000026e-01,4.456008177813156577e-03
1.788214868000000124e-01,4.455921177376945437e-03
1.788331221999999998e-01,4.455892177830267364e-03
1.788680239000000061e-01,4.455805180986496805e-03
1.788912879000000011e-01,4.455747184587420355e-03
1.789261782999999884e-01,4.455660192234020545e-03
1.789610618999999958e-01,4.455573202574664507e-03
1.790772912999999966e-01,4.455283256498760586e-03
1.791121454000000057e-01,4.455196278512220907e-03
1.791469927999999878e-01,4.455109303219257494e-03
1.791586071000000058e-01,4.455080312053473490e-03
1.792050565999999956e-01,4.454964350382622715e-03
1.792398859000000066e-01,4.454877382271637404e-03
1.793559346999999971e-01,4.454587508017616992e-03
1.793791354000000005e-01,4.454529536757134874e-03
1.794487197000000089e-01,4.454355630156192972e-03
1.794835016999999922e-01,4.454268680894345189e-03
1.795182768999999956e-01,4.454181734324710179e-03
1.795298671999999984e-01,4.454152752733195504e-03
1.795646334000000066e-01,4.454065809753102352e-03
1.796225623000000104e-01,4.453920910768826777e-03
1.796341458000000058e-01,4.453891931869223032e-03
1.796688918999999884e-01,4.453804996965068236e-03
1.797036312999999996e-01,4.453718064752663040e-03
1.797267871000000072e-01,4.453660111439642147e-03
1.797615153000000077e-01,4.453573183713187625e-03
1.798078092000000017e-01,4.453457284264670038e-03
1.799119267000000022e-01,4.453196527998186383e-03
1.799350557000000128e-01,4.453138585450193247e-03
1.799928654000000072e-01,4.452993734312724917e-03
1.800044251000000040e-01,4.452964764982134289e-03
1.800390997000000104e-01,4.452877858784061275e-03
1.800853221000000004e-01,4.452761988038588838e-03
1.800968759000000086e-01,4.452733021099647588e-03
1.801199812000000011e-01,4.452675088118447123e-03
1.801777314999999935e-01,4.452530260896562717e-03
1.802585508000000003e-01,4.452327515339722132e-03
1.803162567000000105e-01,4.452182706051201720e-03
1.803508714000000013e-01,4.452095824064421399e-03
1.803624081000000101e-01,4.452066863999770349e-03
1.804546756000000030e-01,4.451835194241114853e-03
1.805007915999999879e-01,4.451719366533208114e-03
1.805584201000000055e-01,4.451574588621193262e-03
1.805929883000000069e-01,4.451487725459167197e-03
1.806275499999999978e-01,4.451400864986144665e-03
1.806390690000000132e-01,4.451371912092496989e-03
1.806736218999999977e-01,4.451285055204440982e-03
1.807196819999999926e-01,4.451169250202360178e-03
1.807427077000000049e-01,4.451111349493700256e-03
1.807772407000000081e-01,4.451024500670935739e-03
1.808232744999999919e-01,4.450908706422379742e-03
1.808347811000000083e-01,4.450879758606921671e-03
1.809153068000000086e-01,4.450677132261385109e-03
1.810072923999999917e-01,4.450445577213940629e-03
1.810532676999999924e-01,4.450329806857147331e-03
1.810877415000000101e-01,4.450242982224833672e-03
1.811796394999999893e-01,4.450011463009434856e-03
1.812255711000000102e-01,4.449895710567293959e-03
1.812370520999999901e-01,4.449866773202995791e-03
1.812829690999999965e-01,4.449751026731517227e-03
1.813288744999999869e-01,4.449635285036375974e-03
1.814665209000000112e-01,4.449288088606024455e-03
1.815582272000000053e-01,4.449056648195945547e-03
1.815696871999999962e-01,4.449027719487585325e-03
1.816040630000000100e-01,4.448940935153202457e-03
1.816498871999999987e-01,4.448825226884917973e-03
1.816613414000000093e-01,4.448796300563768839e-03
1.816956999000000073e-01,4.448709523390967195e-03
1.817415009999999997e-01,4.448593824670933790e-03
1.817529494000000023e-01,4.448564900736728597e-03
1.817758442000000085e-01,4.448507053763615070e-03
1.818445113000000113e-01,4.448333520004455789e-03
1.818788350999999970e-01,4.448246757152244865e-03
1.819360270000000002e-01,4.448102158364654508e-03
1.819588987999999907e-01,4.448044320937788454e-03
1.819703336000000060e-01,4.448015402671748851e-03
1.821074950999999886e-01,4.447668406743715205e-03
1.821189206000000116e-01,4.447639492355028035e-03
1.821417693999999865e-01,4.447581664472256661e-03
1.821874582999999936e-01,4.447466012285153543e-03
1.822102985000000064e-01,4.447408187980900728e-03
1.822902165999999990e-01,4.447205812308837464e-03
1.823244565000000095e-01,4.447119084350547626e-03
1.823815087000000001e-01,4.446974543716406339e-03
1.824613518000000045e-01,4.446772199350130031e-03
1.824841577000000103e-01,4.446714389357070939e-03
1.825183612000000066e-01,4.446627676603204758e-03
1.825639559999999995e-01,4.446512063771389765e-03
1.825753528999999875e-01,4.446483161308590823e-03
1.826551111999999977e-01,4.446280852414509141e-03
1.826892827000000108e-01,4.446194153073461559e-03
1.827006717999999919e-01,4.446165253889198914e-03
1.827576066000000110e-01,4.446020762438072926e-03
1.828372853999999936e-01,4.445818486922290501e-03
1.828714228999999969e-01,4.445731801885326011e-03
1.829396786999999969e-01,4.445558439856145058e-03
1.829737969999999936e-01,4.445471762863705684e-03
1.830647481999999882e-01,4.445240637325891322e-03
1.832010903000000079e-01,4.444893984765821079e-03
1.832124475999999946e-01,4.444865098988634231e-03
1.832351600000000080e-01,4.444807328327658735e-03
1.832465151999999875e-01,4.444778443444007132e-03
1.832805764000000059e-01,4.444691790579753318e-03
1.833373309999999923e-01,4.444547375095646465e-03
1.833713754000000085e-01,4.444460729378900063e-03
1.833827221000000063e-01,4.444431848068854281e-03
1.833940681000000017e-01,4.444402967056595467e-03
1.834734705999999937e-01,4.444200808308569096e-03
1.834848109999999977e-01,4.444171929678442101e-03
1.835188279999999950e-01,4.444085295574536597e-03
1.835755089999999978e-01,4.443940911356011880e-03
1.835981764999999877e-01,4.443883159752632164e-03
1.836095091999999929e-01,4.443854284397502630e-03
1.836435030999999940e-01,4.443767660118311952e-03
1.836548329999999896e-01,4.443738785953965133e-03
1.837001456000000033e-01,4.443623292273392832e-03
1.837567706999999884e-01,4.443478931870329003e-03
1.837794158000000122e-01,4.443421189792606460e-03
1.837907373000000066e-01,4.443392319200205332e-03
1.838812844000000113e-01,4.443161365175953004e-03
1.840057139000000064e-01,4.442843834492093621e-03
1.840283283999999964e-01,4.442786105508947717e-03
1.840961552000000001e-01,4.442612925700656183e-03
1.841074572999999992e-01,4.442584063440747737e-03
1.841187585999999876e-01,4.442555201478209058e-03
1.841526585000000105e-01,4.442468617375958280e-03
1.842881956999999904e-01,4.442122307741812673e-03
1.843220644000000130e-01,4.442035737026428163e-03
1.843672131000000103e-01,4.441920313570377372e-03
1.844687570000000110e-01,4.441660628193434823e-03
1.845025925999999872e-01,4.441574071754529618e-03
1.845138698000000077e-01,4.441545220203074393e-03
1.845589715000000020e-01,4.441429816970743003e-03
1.845702452000000104e-01,4.441400966906083707e-03
1.846378728999999996e-01,4.441227872762560855e-03
1.846604099999999971e-01,4.441170177093531173e-03
1.847280048000000119e-01,4.440997097222271379e-03
1.848293504999999892e-01,4.440737497483158991e-03
1.848406076999999925e-01,4.440708654554110374e-03
1.848631201000000002e-01,4.440650969587893460e-03
1.849643917999999887e-01,4.440391401953529618e-03
1.849981367000000099e-01,4.440304884758897175e-03
1.850206299000000110e-01,4.440247208115235579e-03
1.850431204000000107e-01,4.440189532660439829e-03
1.850993345999999984e-01,4.440045349224173987e-03
1.851442936999999900e-01,4.439930007824396431e-03
1.852004771000000105e-01,4.439785837760560488e-03
1.852229458000000106e-01,4.439728171815197910e-03
1.852341791000000071e-01,4.439699339288178358e-03
1.852791054000000048e-01,4.439584012151203546e-03
1.853801499000000130e-01,4.439324543473890591e-03
1.854474822000000134e-01,4.439151577724135579e-03
1.854699209000000015e-01,4.439093924850725376e-03
1.855035738999999961e-01,4.439007447768494180e-03
1.855484350000000116e-01,4.438892149150517295e-03
1.855820736999999887e-01,4.438805678305713341e-03
1.856381246999999901e-01,4.438661566171144685e-03
1.856493328999999914e-01,4.438632744635247207e-03
1.856829533000000088e-01,4.438546281809217266e-03
1.857389738999999929e-01,4.438402183038672906e-03
1.857725781000000020e-01,4.438315727339689314e-03
1.858061762000000061e-01,4.438229274313105349e-03
1.858173741999999962e-01,4.438200457231407901e-03
1.858285715999999921e-01,4.438171640446743685e-03
1.859181260999999974e-01,4.437941116857480224e-03
1.860076375999999976e-01,4.437710612269050656e-03
1.860411932000000101e-01,4.437624177946416539e-03
1.860747429000000064e-01,4.437537746295581835e-03
1.860859246999999883e-01,4.437508936338836057e-03
1.861194663000000082e-01,4.437422508249876975e-03
1.861306454999999971e-01,4.437393699480537274e-03
1.861753555000000004e-01,4.437278467371109057e-03
1.861865313000000133e-01,4.437249660085713400e-03
1.862200548000000067e-01,4.437163240010431713e-03
1.862535721999999949e-01,4.437076822606050852e-03
1.863540881999999899e-01,4.436817586417796284e-03
1.864322298999999961e-01,4.436615974888490771e-03
1.864433903000000115e-01,4.436587174428250138e-03
1.864545501000000050e-01,4.436558374264807682e-03
1.864768676000000125e-01,4.436500774827855861e-03
1.864880254000000070e-01,4.436471975554489612e-03
1.865326496999999972e-01,4.436356781427469413e-03
1.865438040999999880e-01,4.436327983637379339e-03
1.866218664000000027e-01,4.436126407413327338e-03
1.867110404000000001e-01,4.435896052383698010e-03
1.867556113999999934e-01,4.435780881987430417e-03
1.868335852000000130e-01,4.435579345212603553e-03
1.868447216000000133e-01,4.435550555430951142e-03
1.868781270000000050e-01,4.435464187865585141e-03
1.869894350999999899e-01,4.435176315255531625e-03
1.870228146000000036e-01,4.435089959254497581e-03
1.870784339000000074e-01,4.434946038515932137e-03
1.871896228999999912e-01,4.434658219273641955e-03
1.872340799999999972e-01,4.434543099877023310e-03
1.872451927000000071e-01,4.434514320769027303e-03
1.872896366000000035e-01,4.434399207300676951e-03
1.873340699999999914e-01,4.434284098574725781e-03
1.873451765999999963e-01,4.434255322134044927e-03
1.875227942999999897e-01,4.433794939389947357e-03
1.875449847000000003e-01,4.433737396880920584e-03
1.876115401000000016e-01,4.433564776464945373e-03
1.876448089999999957e-01,4.433478470256882291e-03
1.876780718999999931e-01,4.433392166715085722e-03
1.876891582000000114e-01,4.433363399460306907e-03
1.877224133000000017e-01,4.433277099473660436e-03
1.877334971000000075e-01,4.433248333404046435e-03
1.877778253999999869e-01,4.433133272087383565e-03
1.878221432999999940e-01,4.433018215510356463e-03
1.878553748000000023e-01,4.432931926187663220e-03
1.878775259000000086e-01,4.432874401453556872e-03
1.879107476999999915e-01,4.432788116573845201e-03
1.879439635000000053e-01,4.432701834359508396e-03
1.879550342000000096e-01,4.432673074213831950e-03
1.880435759999999901e-01,4.432443003709259782e-03
1.880767684000000106e-01,4.432356732156191720e-03
1.880878311999999997e-01,4.432327975564022589e-03
1.881431356999999915e-01,4.432184197045132418e-03
1.882205345999999890e-01,4.431982919554220204e-03
1.882536958000000094e-01,4.431896662213396371e-03
1.883089514999999881e-01,4.431752905899664918e-03
1.883200006999999898e-01,4.431724155525037893e-03
1.883862823000000131e-01,4.431551659493697219e-03
1.884083709000000106e-01,4.431494163184524285e-03
1.884856608999999905e-01,4.431292935426482671e-03
1.885298123999999964e-01,4.431177954647563810e-03
1.885739535000000022e-01,4.431062978603771303e-03
1.885849871999999983e-01,4.431034235332731094e-03
1.886070525999999914e-01,4.430976749678349445e-03
1.886511757000000067e-01,4.430861781920697809e-03
1.887834830000000019e-01,4.430516907053702776e-03
1.888496018999999970e-01,4.430344485597104316e-03
1.888826526000000061e-01,4.430258278862546188e-03
1.889267112999999942e-01,4.430143340691469929e-03
1.889377244000000067e-01,4.430114606888278968e-03
1.889707596999999906e-01,4.430028407253292638e-03
1.890037893000000024e-01,4.429942210280552600e-03
1.890147979000000034e-01,4.429913478547898090e-03
1.890258058000000019e-01,4.429884747110933267e-03
1.891028433999999980e-01,4.429683635333956683e-03
1.891138461999999909e-01,4.429654906263100038e-03
1.891468507999999882e-01,4.429568720825028186e-03
1.892348349000000096e-01,4.429338906001942418e-03
1.892678184000000097e-01,4.429252730322418702e-03
1.892788116000000131e-01,4.429224005687253454e-03
1.893117874999999950e-01,4.429137833556032015e-03
1.894106805000000116e-01,4.428879333127735615e-03
1.894985421000000003e-01,4.428649575072537113e-03
1.895424575999999917e-01,4.428534703139491539e-03
1.896302582000000125e-01,4.428304973461482524e-03
1.896412303999999993e-01,4.428276258581745513e-03
1.896631729000000099e-01,4.428218829708930292e-03
1.897180179999999883e-01,4.428075262698754309e-03
1.897289852000000054e-01,4.428046550183432385e-03
1.897618828000000035e-01,4.427960414410267269e-03
1.897947747000000018e-01,4.427874281296674368e-03
1.898166994000000107e-01,4.427816860698328798e-03
1.898386216999999876e-01,4.427759441282136561e-03
1.898934161999999981e-01,4.427615897912217865e-03
1.899372404000000125e-01,4.427501068534561192e-03
1.899920063999999964e-01,4.427357538459905824e-03
1.900139083999999867e-01,4.427300128498072758e-03
1.900248585000000046e-01,4.427271423960355522e-03
1.900686524000000099e-01,4.427156608763278302e-03
1.901124362000000123e-01,4.427041798292535857e-03
1.901562099000000117e-01,4.426926992547860172e-03
1.901890336000000015e-01,4.426840891340759476e-03
1.901999735999999885e-01,4.426812191529144562e-03
1.902546639999999900e-01,4.426668696900971749e-03
1.903202717999999960e-01,4.426496513093102977e-03
1.903312041999999926e-01,4.426467816825332101e-03
1.904077136000000003e-01,4.426266951219437300e-03
1.904186409999999996e-01,4.426238257313999842e-03
1.904295678000000047e-01,4.426209563703879107e-03
1.904951152999999897e-01,4.426037408243380794e-03
1.905169594999999994e-01,4.425980025451930859e-03
1.905497210000000052e-01,4.425893953478851617e-03
1.906043111000000068e-01,4.425750506094960207e-03
1.906807108999999945e-01,4.425549692155803135e-03
1.906916227000000075e-01,4.425521005631006914e-03
1.907243542000000014e-01,4.425434947827392752e-03
1.907570802000000121e-01,4.425348892680392235e-03
1.907788943000000015e-01,4.425291524057962424e-03
1.908116109000000116e-01,4.425205473338047341e-03
1.908552242999999871e-01,4.425090743176584955e-03
1.909424211000000093e-01,4.424861297018623657e-03
1.909533179000000025e-01,4.424832617576781452e-03
1.909860046000000089e-01,4.424746581021743973e-03
1.910186856999999960e-01,4.424660547122279304e-03
1.910404699999999900e-01,4.424603192664582248e-03
1.911058079000000076e-01,4.424431136372290567e-03
1.911928904999999901e-01,4.424201744503819707e-03
1.912364169000000114e-01,4.424087055649414922e-03
1.912908110000000050e-01,4.423943701218331290e-03
1.913016879999999975e-01,4.423915031217049397e-03
1.913778093999999874e-01,4.423714349466006078e-03
1.914756353000000022e-01,4.423456351306028628e-03
1.915625497000000010e-01,4.423227039660649826e-03
1.915842721000000082e-01,4.423169714697879236e-03
1.915951324000000067e-01,4.423141052658802891e-03
1.916385674999999955e-01,4.423026407450974043e-03
1.916819926999999979e-01,4.422911766960301548e-03
1.917254080000000138e-01,4.422797131186521728e-03
1.917579631000000118e-01,4.422711157451673404e-03
1.917688136000000043e-01,4.422682500129677084e-03
1.918013613000000006e-01,4.422596529932169319e-03
1.918230566999999942e-01,4.422539217941016433e-03
1.918555952000000064e-01,4.422453252164979670e-03
1.918989712999999986e-01,4.422338635256756537e-03
1.919314968999999982e-01,4.422252675670230483e-03
1.919856940000000123e-01,4.422109415587081697e-03
1.920290406999999866e-01,4.421994812825263098e-03
1.920615442999999978e-01,4.421908863848101993e-03
1.920723776000000105e-01,4.421880214778386477e-03
1.921157048000000089e-01,4.421765621446345149e-03
1.921481936999999973e-01,4.421679679541056646e-03
1.921698498999999949e-01,4.421622386410729855e-03
1.922564505000000090e-01,4.421393225674768827e-03
1.922780946000000046e-01,4.421335938436952474e-03
1.922889157000000071e-01,4.421307295259883571e-03
1.923754625999999912e-01,4.421078160448295435e-03
1.924511593000000076e-01,4.420877682952727497e-03
1.925052100999999904e-01,4.420734493577570257e-03
1.925160184999999968e-01,4.420705856586183528e-03
1.925808558000000059e-01,4.420534040821849642e-03
1.926024634000000069e-01,4.420476771256346554e-03
1.926348702000000024e-01,4.420390869116572717e-03
1.927644430999999881e-01,4.420047287058527855e-03
1.928076146999999907e-01,4.419932769127517432e-03
1.928399870999999988e-01,4.419846883770552244e-03
1.928615656000000067e-01,4.419789628337745906e-03
1.928939289000000112e-01,4.419703747396503714e-03
1.929370715000000014e-01,4.419589243595977400e-03
1.929694221999999904e-01,4.419503368836441397e-03
1.930341071999999991e-01,4.419331627264305902e-03
1.930664415999999994e-01,4.419245760451637889e-03
1.931203202000000008e-01,4.419102654983227650e-03
1.931957250000000126e-01,4.418902319687421226e-03
1.932388002000000049e-01,4.418787848849262991e-03
1.932926308000000037e-01,4.418644766922184830e-03
1.933141587999999966e-01,4.418587536210884584e-03
1.933787285000000133e-01,4.418415851138181825e-03
1.934110052999999940e-01,4.418330012573536657e-03
1.934432766999999997e-01,4.418244176656503652e-03
1.934540325999999921e-01,4.418215565272443079e-03
1.934862968000000127e-01,4.418129732885381529e-03
1.935293073000000086e-01,4.418015293820659606e-03
1.935400585000000007e-01,4.417986684789938778e-03
1.935830571000000111e-01,4.417872251608002433e-03
1.936367920000000020e-01,4.417729216748329801e-03
1.936690256999999971e-01,4.417643399361610365e-03
1.937979070999999998e-01,4.417300156281796404e-03
1.938086434000000080e-01,4.417271554603238726e-03
1.938301141000000061e-01,4.417214352128054182e-03
1.938408484999999959e-01,4.417185751331414306e-03
1.938730483999999976e-01,4.417099950706032847e-03
1.938945119000000106e-01,4.417042751758979216e-03
1.939588884000000013e-01,4.416871161974174689e-03
1.939696156999999865e-01,4.416842564705599807e-03
1.940554130999999904e-01,4.416613797140368260e-03
1.940661351000000090e-01,4.416585202517495611e-03
1.941840380000000033e-01,4.416270681065096598e-03
1.942268940999999915e-01,4.416156318445168746e-03
1.943232856000000064e-01,4.415899019741781166e-03
1.943446994999999955e-01,4.415841845484648649e-03
1.943554054999999947e-01,4.415813258796738583e-03
1.943982237999999918e-01,4.415698914983717284e-03
1.944838319999999954e-01,4.415470241460555008e-03
1.944945304000000041e-01,4.415441658592283124e-03
1.945159254000000115e-01,4.415384493737033525e-03
1.945800963000000050e-01,4.415213006221805486e-03
1.946442459999999930e-01,4.415041529281590535e-03
1.946656244999999952e-01,4.414984372651331937e-03
1.946976878999999994e-01,4.414898639908925761e-03
1.947404309000000111e-01,4.414784333697644760e-03
1.947831644999999945e-01,4.414670032185425211e-03
1.948365683999999931e-01,4.414527161902988966e-03
1.948579257999999981e-01,4.414470015845552500e-03
1.948686037000000038e-01,4.414441443257434081e-03
1.949540053000000106e-01,4.414212873122555850e-03
1.949966921000000075e-01,4.414098595102040543e-03
1.950287011000000070e-01,4.414012889669503142e-03
1.950927033000000033e-01,4.413841486731111957e-03
1.951673459999999916e-01,4.413641529993402729e-03
1.952099861999999908e-01,4.413527275458373547e-03
1.952419602000000087e-01,4.413441587639021363e-03
1.952526169999999894e-01,4.413413025619536585e-03
1.952632733000000120e-01,4.413384463893684113e-03
1.953378507999999902e-01,4.413184540030013446e-03
1.953698038999999997e-01,4.413098862776379701e-03
1.953804537000000119e-01,4.413070304278652461e-03
1.954336943999999965e-01,4.412927516192426992e-03
1.954656318000000115e-01,4.412841846861886852e-03
1.955401321000000137e-01,4.412641962027009403e-03
1.955507726999999862e-01,4.412613408224250536e-03
1.955933293000000073e-01,4.412499195947110382e-03
1.956039669000000092e-01,4.412470643611121797e-03
1.956358766000000082e-01,4.412384988363970625e-03
1.957634629999999987e-01,4.412042393776411352e-03
1.958378500000000078e-01,4.411842566439617454e-03
1.958484744000000000e-01,4.411814020850394341e-03
1.958803442000000006e-01,4.411728385842505692e-03
1.958909662999999968e-01,4.411699841426404943e-03
1.959228292000000093e-01,4.411614209937793178e-03
1.959334490000000095e-01,4.411585666694749740e-03
1.960077715000000109e-01,4.411385872204355921e-03
1.960502288000000037e-01,4.411271710375115965e-03
1.961032876000000091e-01,4.411129014685927566e-03
1.961138976000000034e-01,4.411100476427623311e-03
1.961457242999999906e-01,4.411014863412028933e-03
1.961775457999999916e-01,4.410929253034955901e-03
1.961987571999999902e-01,4.410872180915963343e-03
1.962199664000000010e-01,4.410815109969734062e-03
1.962623777999999986e-01,4.410700971594828934e-03
1.962729793000000111e-01,4.410672437734068640e-03
1.963577700999999953e-01,4.410444177399349894e-03
1.963683663999999940e-01,4.410415646176526344e-03
1.964531160000000110e-01,4.410187406944583374e-03
1.964848876999999994e-01,4.410101822068265495e-03
1.965166543000000099e-01,4.410016239829452414e-03
1.965272419999999909e-01,4.409987713002555196e-03
1.966225058000000137e-01,4.409730984746792516e-03
1.966542501000000109e-01,4.409645413935587427e-03
1.966965679000000078e-01,4.409531323622497244e-03
1.967071458999999911e-01,4.409502801776623432e-03
1.967811761999999909e-01,4.409303157058702682e-03
1.968763171000000034e-01,4.409046492084279373e-03
1.968974531999999888e-01,4.408989458645226275e-03
1.969397187999999965e-01,4.408875395282171178e-03
1.969925378999999865e-01,4.408732822667919306e-03
1.970664609999999983e-01,4.408533233308268608e-03
1.970770192000000087e-01,4.408504721714006855e-03
1.971192461999999868e-01,4.408390678264988323e-03
1.971614641999999973e-01,4.408276639501076261e-03
1.971931218000000097e-01,4.408191113502594148e-03
1.972142239999999935e-01,4.408134097634148346e-03
1.972458730999999965e-01,4.408048576027364177e-03
1.973618762999999887e-01,4.407735019344678935e-03
1.974040424000000071e-01,4.407621007514835564e-03
1.974145824999999910e-01,4.407592505289130956e-03
1.974672747000000006e-01,4.407449998551316202e-03
1.975304867000000075e-01,4.407279000124377129e-03
1.975410200999999921e-01,4.407250501410947194e-03
1.975515529000000103e-01,4.407222002990113935e-03
1.976252668000000046e-01,4.407022522238407923e-03
1.976357951000000113e-01,4.406994026158682007e-03
1.976673767000000081e-01,4.406908539675330645e-03
1.977410474999999890e-01,4.406709081455404027e-03
1.977515696000000101e-01,4.406680588594261497e-03
1.978777918000000080e-01,4.406338697081632963e-03
1.978883066999999885e-01,4.406310208023831755e-03
1.979093348000000030e-01,4.406253230785774772e-03
1.979198480000000093e-01,4.406224742605510322e-03
1.979724056000000121e-01,4.406082306091831102e-03
1.980039335000000067e-01,4.405996847693684909e-03
1.980459629000000110e-01,4.405882907257619580e-03
1.980774791000000090e-01,4.405797455001529001e-03
1.981299948999999949e-01,4.405655040423729976e-03
1.981404964000000046e-01,4.405626558385522008e-03
1.981719976000000105e-01,4.405541114025547482e-03
1.982139913000000031e-01,4.405427192305980122e-03
1.982244884000000096e-01,4.405398712607221101e-03
1.982559761999999892e-01,4.405313275265088611e-03
1.982874589999999992e-01,4.405227840554485665e-03
1.983818773999999896e-01,4.404971552210762073e-03
1.983923656000000091e-01,4.404943077189965930e-03
1.984238268000000083e-01,4.404857653881499163e-03
1.984762509000000119e-01,4.404715287547024405e-03
1.985076987999999931e-01,4.404629871254228668e-03
1.985391417000000047e-01,4.404544457592084704e-03
1.985496216000000036e-01,4.404515986956010314e-03
1.985915353999999911e-01,4.404402107334083431e-03
1.987067530000000137e-01,4.404088962485431212e-03
1.987276944999999961e-01,4.404032030857505352e-03
1.988009722999999895e-01,4.403832779364248370e-03
1.988846853000000026e-01,4.403605080903216090e-03
1.988951469999999944e-01,4.403576619910421798e-03
1.989160685999999956e-01,4.403519698801052450e-03
1.989265286000000132e-01,4.403491238684626580e-03
1.989579052999999875e-01,4.403405860088191633e-03
1.990520057000000065e-01,4.403149740073464616e-03
1.990624585000000113e-01,4.403121283754495019e-03
1.990833626000000078e-01,4.403064371993052617e-03
1.991356132000000057e-01,4.402922097700764231e-03
1.991460616000000072e-01,4.402893643718396033e-03
1.991774037000000053e-01,4.402808283523935474e-03
1.992087408999999865e-01,4.402722925957956550e-03
1.992505160999999969e-01,4.402609119958375734e-03
1.992922826000000092e-01,4.402495318631224029e-03
1.993444783999999970e-01,4.402353073542343564e-03
1.993862251999999891e-01,4.402239282727009838e-03
1.993966604999999892e-01,4.402210835753058056e-03
1.994175294999999959e-01,4.402153942681110051e-03
1.995114131000000068e-01,4.401897938309019993e-03
1.995844031000000018e-01,4.401698840145185088e-03
1.996365224999999965e-01,4.401556635928018622e-03
1.996469448000000035e-01,4.401528195960314853e-03
1.997303031999999867e-01,4.401300686725112890e-03
1.998032133000000043e-01,4.401101631466106112e-03
1.998136268000000049e-01,4.401073196167732370e-03
1.998865065000000052e-01,4.400874157250204109e-03
1.998969157000000108e-01,4.400845724286266830e-03
1.999177325000000005e-01,4.400788859233764096e-03
1.999281401000000125e-01,4.400760427145193436e-03
1.999593595999999973e-01,4.400675132629990050e-03
1.999801699000000044e-01,4.400618271078653686e-03
2.000113813000000129e-01,4.400532980939762112e-03
2.000425878000000046e-01,4.400447693426450847e-03
2.000841888999999874e-01,4.400333980826168744e-03
2.000945879000000094e-01,4.400305553405503035e-03
2.001465743999999991e-01,4.400163420677040416e-03
2.001777597999999936e-01,4.400078144540187954e-03
2.002297248000000085e-01,4.399936023479067773e-03
2.002920649000000108e-01,4.399765487830113037e-03
2.003855387000000043e-01,4.399509704041537975e-03
2.003959220000000041e-01,4.399481285078638004e-03
2.004270686999999884e-01,4.399396029939521210e-03
2.004685900000000021e-01,4.399282360502638177e-03
2.005101026999999980e-01,4.399168695730793464e-03
2.005516069000000123e-01,4.399055035623881255e-03
2.005827293000000122e-01,4.398969793604630765e-03
2.006345894000000074e-01,4.398827729403198550e-03
2.006760676999999882e-01,4.398714083288912842e-03
2.007071709000000093e-01,4.398628851763985645e-03
2.007486343000000062e-01,4.398515213811325826e-03
2.007589988000000047e-01,4.398486805051796990e-03
2.008004515000000045e-01,4.398373172928294640e-03
2.008833311999999871e-01,4.398145922670110460e-03
2.008936887999999976e-01,4.398117517699283614e-03
2.009144022999999890e-01,4.398060708631688562e-03
2.009247581999999976e-01,4.398032304534910814e-03
2.009558228999999974e-01,4.397947093993243885e-03
2.011317653999999955e-01,4.397464283788685493e-03
2.011421102000000016e-01,4.397435885810498622e-03
2.011731412999999968e-01,4.397350693623619869e-03
2.012558674999999908e-01,4.397123527275518563e-03
2.012868810000000008e-01,4.397038344700931675e-03
2.013075541000000079e-01,4.396981557774307103e-03
2.013798931000000125e-01,4.396782812705056151e-03
2.014108874999999965e-01,4.396697640615095451e-03
2.014212180000000130e-01,4.396669250501018984e-03
2.014728621999999914e-01,4.396527304298086629e-03
2.015348177000000074e-01,4.396356978463591102e-03
2.015761108999999940e-01,4.396243433730771116e-03
2.016277153999999905e-01,4.396101509365384422e-03
2.016380346999999962e-01,4.396073125365685189e-03
2.016689895000000066e-01,4.395987975113429744e-03
2.017205703000000128e-01,4.395846063848590606e-03
2.017515123999999993e-01,4.395760920582767427e-03
2.018649262999999972e-01,4.395448751020788677e-03
2.019164569999999936e-01,4.395306867407216232e-03
2.019473690999999960e-01,4.395221740731329943e-03
2.019576721000000130e-01,4.395193365754748900e-03
2.019679745000000082e-01,4.395164991069058433e-03
2.019988788000000035e-01,4.395079868758374787e-03
2.020297782000000097e-01,4.394994749066316077e-03
2.020400770000000124e-01,4.394966376417668887e-03
2.020503753000000013e-01,4.394938004060035437e-03
2.021224483999999877e-01,4.394739405703038809e-03
2.021327424999999900e-01,4.394711035673050381e-03
2.022150761000000019e-01,4.394484085906045015e-03
2.022459424999999977e-01,4.394398984543403282e-03
2.022768043000000016e-01,4.394313885799002242e-03
2.022870904999999886e-01,4.394285520132606634e-03
2.023282301000000061e-01,4.394172060375839753e-03
2.023693612999999947e-01,4.394058605272850235e-03
2.024618760000000128e-01,4.393803348305500706e-03
2.025338026999999874e-01,4.393604831394472103e-03
2.025646205999999949e-01,4.393519757080183510e-03
2.026057038000000088e-01,4.393406328731903551e-03
2.026159733000000018e-01,4.393377972371741678e-03
2.026262423000000090e-01,4.393349616302371502e-03
2.026878453000000024e-01,4.393179485991692730e-03
2.026981106000000088e-01,4.393151131957409063e-03
2.027083755000000098e-01,4.393122778214043726e-03
2.027802146999999888e-01,4.392924310149579070e-03
2.027904752999999949e-01,4.392895958731640911e-03
2.028930535000000035e-01,4.392612460540764978e-03
2.029033084000000098e-01,4.392584112320214486e-03
2.029340702000000107e-01,4.392499069402765882e-03
2.029545755000000118e-01,4.392442375577688615e-03
2.029853295000000057e-01,4.392357337019663424e-03
2.030570707000000086e-01,4.392158923888962903e-03
2.031185430000000125e-01,4.391988866824258521e-03
2.032004772000000070e-01,4.391762140342952113e-03
2.032311940000000039e-01,4.391677122706378993e-03
2.032619061000000005e-01,4.391592107684419259e-03
2.032721425000000026e-01,4.391563769924896644e-03
2.033642465000000121e-01,4.391308743160913033e-03
2.033949385000000110e-01,4.391223739468129612e-03
2.034358541000000076e-01,4.391110405277734267e-03
2.034460817000000032e-01,4.391082072456238203e-03
2.034767614000000113e-01,4.390997075734354334e-03
2.035176605000000027e-01,4.390883750837890065e-03
2.036096534000000069e-01,4.390628786809651005e-03
2.036403083999999974e-01,4.390543804027104667e-03
2.036913899999999999e-01,4.390402171863801682e-03
2.037118189999999884e-01,4.390345521030863778e-03
2.037220326999999997e-01,4.390317196049855521e-03
2.038037242999999887e-01,4.390090606654283370e-03
2.038445577000000120e-01,4.389977318923763035e-03
2.038547648000000045e-01,4.389948997716914582e-03
2.039159966999999907e-01,4.389779076571754049e-03
2.039670091000000129e-01,4.389637483599500775e-03
2.039976105000000095e-01,4.389552531299243006e-03
2.040078099000000034e-01,4.389524214446217411e-03
2.040384051999999948e-01,4.389439265628751821e-03
2.040893870999999915e-01,4.389297690070476793e-03
2.041607403000000043e-01,4.389099496476960710e-03
2.041811223999999980e-01,4.389042872347633482e-03
2.042524434999999916e-01,4.388844697034517163e-03
2.042626302999999977e-01,4.388816387436242188e-03
2.043441055999999922e-01,4.388589921093132354e-03
2.043644693999999984e-01,4.388533307408518797e-03
2.043746505000000047e-01,4.388505001001293676e-03
2.044255486000000066e-01,4.388363473316743597e-03
2.044560813000000088e-01,4.388278560186750950e-03
2.044866094999999995e-01,4.388193649667380090e-03
2.044967845000000006e-01,4.388165346740932268e-03
2.045374795999999884e-01,4.388052137935798992e-03
2.045781665999999999e-01,4.387938933771083107e-03
2.046188455000000073e-01,4.387825734246541751e-03
2.046493494000000135e-01,4.387740837648158518e-03
2.047001790999999904e-01,4.387599349117107458e-03
2.048221189999999969e-01,4.387259806218243331e-03
2.048322773000000041e-01,4.387231512861104396e-03
2.048525925999999941e-01,4.387174927016907443e-03
2.048627494999999965e-01,4.387146634529678554e-03
2.048932169999999886e-01,4.387061758807110287e-03
2.049135262000000013e-01,4.387005176441608097e-03
2.049439862000000112e-01,4.386920305067435605e-03
2.050150420000000084e-01,4.386722282006485889e-03
2.051570798000000029e-01,4.386326278490557291e-03
2.051773628000000127e-01,4.386269711196472305e-03
2.052280618000000001e-01,4.386128298032840149e-03
2.052686119000000087e-01,4.386015172717571201e-03
2.053192883000000135e-01,4.385873772592860549e-03
2.053395553000000040e-01,4.385817214571013055e-03
2.053496881000000107e-01,4.385788935994752030e-03
2.054003444999999983e-01,4.385647547458982123e-03
2.054307323000000018e-01,4.385562717813859535e-03
2.054611157000000021e-01,4.385477890776064494e-03
2.054712424000000037e-01,4.385449615675993291e-03
2.055623609999999990e-01,4.385195152811289382e-03
2.056332030999999949e-01,4.384997253469623615e-03
2.056433213999999954e-01,4.384968983293553724e-03
2.057141355999999865e-01,4.384771100169871511e-03
2.057242499999999974e-01,4.384742832310671405e-03
2.057950363000000116e-01,4.384544965403189450e-03
2.058253659000000013e-01,4.384460169643382421e-03
2.058354746999999929e-01,4.384431904969070433e-03
2.059466395000000005e-01,4.384121012661128594e-03
2.059567424000000035e-01,4.384092751461030578e-03
2.059870480999999864e-01,4.384007969597595450e-03
2.060375477999999982e-01,4.383866672281476300e-03
2.060476461999999898e-01,4.383838413686542632e-03
2.060779386000000102e-01,4.383753639638709836e-03
2.061284160000000087e-01,4.383612355347657821e-03
2.061889725999999923e-01,4.383442823749267997e-03
2.061990636000000099e-01,4.383414569495717485e-03
2.062797741000000074e-01,4.383188545885602014e-03
2.062898606999999940e-01,4.383160294236518491e-03
2.063100324000000096e-01,4.383103791806394929e-03
2.063201175000000109e-01,4.383075541025343615e-03
2.064007806000000000e-01,4.382849545193151335e-03
2.064310212000000089e-01,4.382764801530000288e-03
2.064511790999999929e-01,4.382708307201029288e-03
2.064713350000000058e-01,4.382651814029196041e-03
2.065217162999999911e-01,4.382510586162347010e-03
2.065317911000000006e-01,4.382482341456825532e-03
2.065620123999999946e-01,4.382397609075595196e-03
2.065922293999999937e-01,4.382312879297843924e-03
2.066828537000000021e-01,4.382058705582963024e-03
2.067633754000000046e-01,4.381832793058362471e-03
2.068338060999999894e-01,4.381635134781071764e-03
2.068539246999999970e-01,4.381578663589881517e-03
2.068840989999999880e-01,4.381493958971766772e-03
2.069243245999999870e-01,4.381381023528829223e-03
2.070449544000000086e-01,4.381042244953917315e-03
2.070851486999999991e-01,4.380929328012787491e-03
2.070951960999999897e-01,4.380901099500220108e-03
2.071253352999999908e-01,4.380816415696676784e-03
2.071554700000000082e-01,4.380731734494288862e-03
2.071655139999999951e-01,4.380703508005005797e-03
2.072458480999999908e-01,4.380477706494616957e-03
2.072558875999999939e-01,4.380449482606202198e-03
2.072759653000000035e-01,4.380393035696593038e-03
2.073361867000000081e-01,4.380223701903114553e-03
2.073662907999999916e-01,4.380139038907280950e-03
2.074064228999999981e-01,4.380026158958216786e-03
2.074866636999999903e-01,4.379800412928304930e-03
2.076069667000000063e-01,4.379461828550663266e-03
2.076470522999999957e-01,4.379348976335224394e-03
2.077171832999999967e-01,4.379151496078008930e-03
2.077272001000000090e-01,4.379123285767995595e-03
2.077372164000000077e-01,4.379095075746760810e-03
2.077572476000000001e-01,4.379038656570778676e-03
2.077973040999999965e-01,4.378925821684155270e-03
2.078073169999999914e-01,4.378897613684424976e-03
2.078173295000000087e-01,4.378869405973611142e-03
2.078974117000000066e-01,4.378643754681838494e-03
2.079174273999999933e-01,4.378587344746334535e-03
2.079774630000000013e-01,4.378418121869414106e-03
2.080074742999999948e-01,4.378333514328594349e-03
2.080374812999999934e-01,4.378248909386113670e-03
2.080774838999999987e-01,4.378136106837747336e-03
2.080874832999999868e-01,4.378107906922266458e-03
2.081174788000000053e-01,4.378023308908115217e-03
2.081674615999999922e-01,4.377882317990793894e-03
2.082174324000000132e-01,4.377741334289411354e-03
2.082374174000000133e-01,4.377684942829270995e-03
2.082474091000000027e-01,4.377656747531988302e-03
2.082973607999999976e-01,4.377515775375231261e-03
2.083273260000000071e-01,4.377431195544140112e-03
2.083672729000000112e-01,4.377318426476073908e-03
2.083972280999999982e-01,4.377233852705005035e-03
2.084371616000000038e-01,4.377121091716465462e-03
2.084471438000000121e-01,4.377092902190706653e-03
2.084870678000000088e-01,4.376980146972903399e-03
2.085170057999999882e-01,4.376895583588990071e-03
2.085668927999999867e-01,4.376754650385613482e-03
2.086067939000000038e-01,4.376641909015791150e-03
2.086965433000000092e-01,4.376388257808406720e-03
2.087164823999999863e-01,4.376331894046345435e-03
2.087264513000000044e-01,4.376303712598067150e-03
2.087762883000000014e-01,4.376162809682318001e-03
2.088061847999999887e-01,4.376078271393748879e-03
2.088759266000000114e-01,4.375881025480512533e-03
2.088858878000000030e-01,4.375852848646373180e-03
2.089257278999999967e-01,4.375740144193465686e-03
2.089356867999999923e-01,4.375711968801212007e-03
2.089954299000000015e-01,4.375542922502181908e-03
2.090153405000000075e-01,4.375486576042468545e-03
2.090452027999999962e-01,4.375402058515151515e-03
2.090750607999999899e-01,4.375317543582465593e-03
2.091546613999999971e-01,4.375092183113184902e-03
2.091646092999999984e-01,4.375064014351648031e-03
2.092043963999999923e-01,4.374951342188364636e-03
2.092541195000000021e-01,4.374810508469352370e-03
2.092839478000000086e-01,4.374726011696775281e-03
2.093237121000000034e-01,4.374613353367967118e-03
2.093336520000000089e-01,4.374585189506263391e-03
2.093535303999999875e-01,4.374528862647436914e-03
2.094032181999999909e-01,4.374388050543547533e-03
2.094926263999999927e-01,4.374134606910112452e-03
2.095124896999999986e-01,4.374078289272155702e-03
2.095621397999999913e-01,4.373937500219421924e-03
2.096514802999999982e-01,4.373684098074342996e-03
2.096812520000000124e-01,4.373599635877942898e-03
2.097110194000000039e-01,4.373515176273901420e-03
2.097606224999999935e-01,4.373374416028198187e-03
2.097903787000000020e-01,4.373289963337028026e-03
2.098300471000000000e-01,4.373177363780987766e-03
2.098796219999999879e-01,4.373036620815715959e-03
2.099192735000000032e-01,4.372924031627113510e-03
2.099688274000000021e-01,4.372783301620548728e-03
2.099985541000000122e-01,4.372698867071898171e-03
2.100282766000000079e-01,4.372614435114629584e-03
2.100381832000000060e-01,4.372586291704774406e-03
2.101174188000000109e-01,4.372361154789916084e-03
2.101273211999999946e-01,4.372333013971165319e-03
2.101570255000000109e-01,4.372248593242005453e-03
2.102065233000000033e-01,4.372107897784005201e-03
2.102758006999999874e-01,4.371910936232483585e-03
2.103054839999999870e-01,4.371826528456345187e-03
2.103153775000000114e-01,4.371798393106591206e-03
2.103648379999999984e-01,4.371657720674824651e-03
2.104439506999999931e-01,4.371432659748924511e-03
2.104736103000000025e-01,4.371348266649826078e-03
2.105823263999999917e-01,4.371038847442104171e-03
2.105922068999999952e-01,4.371010720149525776e-03
2.106020869000000129e-01,4.370982593144580146e-03
2.106218455999999961e-01,4.370926339997934125e-03
2.106811104999999906e-01,4.370757587462268355e-03
2.107502319000000013e-01,4.370560722592852637e-03
2.107601044999999895e-01,4.370532600190609775e-03
2.107798483999999972e-01,4.370476356249162857e-03
2.108390689000000096e-01,4.370307631327590391e-03
2.108686728999999982e-01,4.370223272749490864e-03
2.109180036999999952e-01,4.370082680871191852e-03
2.109475966000000091e-01,4.369998329195057436e-03
2.110264907999999939e-01,4.369773404044638432e-03
2.110659267999999977e-01,4.369660948370241750e-03
2.110757846999999909e-01,4.369632835170529118e-03
2.110954989999999920e-01,4.369576609633439232e-03
2.111053555000000082e-01,4.369548497296217235e-03
2.112925411999999892e-01,4.369014417509135828e-03
2.113023884999999935e-01,4.368986310921194223e-03
2.113122353000000120e-01,4.368958204620608694e-03
2.113417730999999911e-01,4.368873887443614802e-03
2.113811502999999870e-01,4.368761468564473331e-03
2.115385858000000119e-01,4.368311839028460146e-03
2.115680920000000131e-01,4.368227541680052943e-03
2.116074270999999951e-01,4.368115149237814486e-03
2.116270919000000084e-01,4.368058954740531609e-03
2.116565857000000106e-01,4.367974665149377579e-03
2.116860752999999984e-01,4.367890378143650214e-03
2.116959042999999874e-01,4.367862283049707937e-03
2.117253885000000002e-01,4.367777999491385260e-03
2.117745196999999968e-01,4.367637532639306527e-03
2.117843446000000074e-01,4.367609440130672954e-03
2.118138165000000017e-01,4.367525164328075159e-03
2.118432842999999899e-01,4.367440891110500704e-03
2.118629271999999952e-01,4.367384710401493036e-03
2.118923880999999954e-01,4.367300441491952546e-03
2.120396314999999920e-01,4.366879135713984048e-03
2.120494441000000119e-01,4.366851050959375327e-03
2.120886898999999881e-01,4.366738714812139384e-03
2.121573525999999876e-01,4.366542137608408342e-03
2.121671598000000047e-01,4.366514056299224990e-03
2.121769665000000082e-01,4.366485975277051637e-03
2.121965785000000104e-01,4.366429814093881513e-03
2.122456006000000006e-01,4.366289416159770467e-03
2.122554037000000116e-01,4.366261337434199259e-03
2.122848102000000070e-01,4.366177102979651448e-03
2.123142125999999963e-01,4.366092871108431285e-03
2.123338119000000024e-01,4.366036717962712942e-03
2.123632075000000119e-01,4.365952490396869147e-03
2.124023953999999992e-01,4.365840190994035863e-03
2.124415759999999931e-01,4.365727896183019090e-03
2.125101246999999971e-01,4.365531391312395433e-03
2.125199154999999895e-01,4.365503320335756797e-03
2.125688631000000051e-01,4.365362969757343239e-03
2.125982261999999900e-01,4.365278762853409128e-03
2.126373706999999946e-01,4.365166490998365414e-03
2.127254195999999931e-01,4.364913896108225597e-03
2.127547610999999950e-01,4.364829702975245480e-03
2.127840984999999907e-01,4.364745512423899056e-03
2.128036546000000029e-01,4.364689386824043005e-03
2.128623119999999980e-01,4.364521016908293020e-03
2.128720866999999906e-01,4.364492956259615961e-03
2.128818608999999973e-01,4.364464895897656599e-03
2.129502678000000093e-01,4.364268481394502526e-03
2.129600385000000040e-01,4.364240423327057569e-03
2.129795784000000081e-01,4.364184308052239218e-03
2.130674858000000116e-01,4.363931803510291002e-03
2.131358331000000050e-01,4.363735427146043892e-03
2.131455952999999903e-01,4.363707374526742608e-03
2.132724621000000043e-01,4.363342716562704227e-03
2.133017284000000013e-01,4.363258571605000379e-03
2.133407438000000100e-01,4.363146382340918512e-03
2.134285025000000058e-01,4.362893973264389720e-03
2.134577473000000003e-01,4.362809842064252139e-03
2.134869882000000052e-01,4.362725713443543415e-03
2.134967342000000101e-01,4.362697671142993193e-03
2.135064798999999902e-01,4.362669629129255211e-03
2.135357139999999876e-01,4.362585504806853857e-03
2.135649441999999953e-01,4.362501383063602071e-03
2.135746866999999882e-01,4.362473343055586934e-03
2.136039116000000015e-01,4.362389224750864991e-03
2.136623492999999985e-01,4.362220995877341516e-03
2.136915621000000098e-01,4.362136885308328348e-03
2.137597099000000112e-01,4.361940637341215309e-03
2.137986417999999944e-01,4.361828501948128781e-03
2.138083735999999901e-01,4.361800468815875756e-03
2.138862125000000058e-01,4.361576214070348075e-03
2.139153947999999916e-01,4.361492123266761181e-03
2.139737473999999973e-01,4.361323949392295098e-03
2.140418054000000070e-01,4.361127759569159539e-03
2.140709664000000068e-01,4.361043682511629022e-03
2.141098416999999976e-01,4.360931583777289712e-03
2.141875709999999933e-01,4.360707400051874565e-03
2.141972852000000038e-01,4.360679378374610407e-03
2.142069989000000008e-01,4.360651356983540061e-03
2.142361375000000068e-01,4.360567294528293336e-03
2.142846929999999983e-01,4.360427196161682437e-03
2.143526521999999934e-01,4.360231070471172303e-03
2.143623588999999940e-01,4.360203053660349597e-03
2.143914764000000028e-01,4.360119004945301954e-03
2.144205899000000137e-01,4.360034958806128721e-03
2.144399966999999962e-01,4.359978929477710541e-03
2.145079067000000006e-01,4.359782835843336798e-03
2.145467027999999887e-01,4.359670788633899889e-03
2.145854918000000000e-01,4.359558746002824108e-03
2.146242738999999955e-01,4.359446707950191853e-03
2.146533558000000008e-01,4.359362682414922620e-03
2.146727415999999944e-01,4.359306666822082219e-03
2.147308883999999862e-01,4.359138626909841996e-03
2.148180791000000034e-01,4.358886586351909051e-03
2.148277647000000068e-01,4.358858583275653648e-03
2.148568191000000127e-01,4.358774575763511676e-03
2.148955522000000062e-01,4.358662569751810094e-03
2.149342783000000034e-01,4.358550568316381033e-03
2.149729974000000043e-01,4.358438571456979896e-03
2.149826760999999919e-01,4.358410572957133189e-03
2.150020321999999984e-01,4.358354576815410587e-03
2.150504146999999977e-01,4.358214591465419188e-03
2.150600899000000010e-01,4.358186595253322332e-03
2.150891128999999902e-01,4.358102608332761752e-03
2.151664885000000027e-01,4.357878655792610245e-03
2.152438362000000105e-01,4.357654721550729623e-03
2.152921644000000134e-01,4.357514771940850483e-03
2.153114925999999874e-01,4.357458794097899234e-03
2.153211560999999941e-01,4.357430805605294090e-03
2.153694670000000089e-01,4.357290867429801373e-03
2.153984482999999894e-01,4.357206907954469174e-03
2.154274257000000081e-01,4.357122951051524591e-03
2.154660562000000057e-01,4.357011012515636141e-03
2.155143344999999877e-01,4.356871095775986108e-03
2.155239888999999909e-01,4.356843113285459139e-03
2.155819060999999981e-01,4.356675224343190683e-03
2.155915575000000028e-01,4.356647243853034070e-03
2.156012083999999940e-01,4.356619263648508350e-03
2.156301585000000021e-01,4.356535324749350596e-03
2.156687526999999938e-01,4.356423410217532578e-03
2.157459203000000048e-01,4.356199594867826708e-03
2.157748510999999980e-01,4.356115668825696896e-03
2.158327009000000074e-01,4.355947824454226014e-03
2.158616201000000123e-01,4.355863906125015915e-03
2.159290829000000134e-01,4.355668106686913683e-03
2.160157899000000048e-01,4.355416385116240956e-03
2.160446845000000005e-01,4.355332483066555460e-03
2.160928336000000061e-01,4.355192652028402542e-03
2.161313451999999913e-01,4.355080792337835856e-03
2.162179710999999893e-01,4.354829124737134849e-03
2.162372166000000040e-01,4.354773201744249062e-03
2.162468386999999992e-01,4.354745240676029597e-03
2.162757023999999917e-01,4.354661359184225020e-03
2.162853228000000128e-01,4.354633399257952335e-03
2.163238000999999910e-01,4.354521562407499997e-03
2.163718870000000127e-01,4.354381772767007552e-03
2.163911188000000041e-01,4.354325858908951810e-03
2.164391907999999864e-01,4.354186079258735333e-03
2.164488039999999947e-01,4.354158124185080088e-03
2.164776408000000096e-01,4.354074260676126830e-03
2.165449117000000090e-01,4.353878589143868501e-03
2.165833429000000032e-01,4.353766783118035062e-03
2.165929496000000010e-01,4.353738832324916680e-03
2.166697880000000020e-01,4.353515236252461680e-03
2.166793908999999907e-01,4.353487288027411452e-03
2.167081969999999913e-01,4.353403445064060739e-03
2.167561987000000134e-01,4.353263712497923953e-03
2.168137867000000107e-01,4.353096042832924582e-03
2.168521701999999995e-01,4.352984268761559729e-03
2.168905469000000086e-01,4.352872499254149125e-03
2.169097326999999964e-01,4.352816616211848712e-03
2.169864589999999926e-01,4.352593095451448048e-03
2.170152243000000036e-01,4.352509279871996303e-03
2.170535721999999890e-01,4.352397529758777681e-03
2.170631580999999866e-01,4.352369592943371515e-03
2.171302475999999926e-01,4.352174043220017295e-03
2.171589939999999941e-01,4.352090240473038482e-03
2.171973164000000067e-01,4.351978507468450344e-03
2.172164752000000087e-01,4.351922642677068069e-03
2.172739411000000065e-01,4.351755055144675838e-03
2.172835173000000064e-01,4.351727124887127228e-03
2.173122433999999936e-01,4.351643335824990737e-03
2.173218178999999917e-01,4.351615406707706225e-03
2.173601115999999889e-01,4.351503693089016356e-03
2.173983986999999951e-01,4.351391984031321297e-03
2.174749525000000128e-01,4.351168579596903334e-03
2.175036532999999883e-01,4.351084807636741193e-03
2.175132193000000047e-01,4.351056884219849964e-03
2.175992951000000064e-01,4.350805586292981302e-03
2.176184184000000132e-01,4.350749745443741566e-03
2.176757782000000030e-01,4.350582229734545163e-03
2.177331230000000006e-01,4.350414724282720969e-03
2.177426789999999945e-01,4.350386807704587598e-03
2.178191117999999926e-01,4.350163485335244856e-03
2.178286640000000052e-01,4.350135571320984211e-03
2.178573182000000108e-01,4.350051830987544145e-03
2.179241631999999929e-01,4.349856446845497271e-03
2.179337108000000134e-01,4.349828535964508046e-03
2.179718971000000061e-01,4.349716895288842193e-03
2.180482495000000132e-01,4.349493627607634548e-03
2.180577917000000032e-01,4.349465720429056964e-03
2.180768747999999868e-01,4.349409906926127341e-03
2.181150360000000121e-01,4.349298283337402725e-03
2.181341140999999983e-01,4.349242473251547884e-03
2.181627281999999890e-01,4.349158760258437471e-03
2.182008742999999862e-01,4.349047146920134894e-03
2.182294795999999981e-01,4.348963439906081141e-03
2.182771467000000076e-01,4.348823933909864298e-03
2.182866789000000030e-01,4.348796033564734584e-03
2.183152728999999959e-01,4.348712334237231879e-03
2.183629213000000124e-01,4.348572841051461316e-03
2.183915053000000106e-01,4.348489148555730738e-03
2.184200856000000079e-01,4.348405458621809432e-03
2.184296115999999899e-01,4.348377562546534153e-03
2.184391371000000137e-01,4.348349666755737912e-03
2.185153263000000068e-01,4.348126510675581584e-03
2.185914888999999917e-01,4.347903372809014746e-03
2.186200430999999944e-01,4.347819700804476245e-03
2.186581095000000030e-01,4.347708142115282691e-03
2.186866548999999993e-01,4.347624476085893384e-03
2.186961692999999929e-01,4.347596587978638447e-03
2.187342224000000113e-01,4.347485038394128046e-03
2.187437346999999976e-01,4.347457151709362838e-03
2.188483421999999901e-01,4.347150416952101463e-03
2.188863688999999890e-01,4.347038885574324926e-03
2.189528997000000088e-01,4.346843716613981237e-03
2.189624024000000058e-01,4.346815836471535667e-03
2.190004093000000041e-01,4.346704318746200287e-03
2.190479086000000075e-01,4.346564927988315341e-03
2.191238862000000065e-01,4.346341917563322291e-03
2.191428763999999918e-01,4.346286167800466650e-03
2.191903449000000004e-01,4.346146798369536664e-03
2.192283121999999973e-01,4.346035307942399707e-03
2.192567834999999965e-01,4.345951693107505225e-03
2.192757622000000017e-01,4.345895951305516793e-03
2.193326885999999920e-01,4.345728732722562403e-03
2.193801159999999861e-01,4.345589391720736105e-03
2.194275330999999885e-01,4.345450057824932176e-03
2.195318148000000025e-01,4.345143548265567590e-03
2.195602466000000086e-01,4.345059960717333886e-03
2.195981499999999920e-01,4.344948514631522679e-03
2.196455200999999913e-01,4.344809213417851791e-03
2.196834088000000074e-01,4.344697777561386601e-03
2.197118210000000016e-01,4.344614203652287857e-03
2.197212909000000047e-01,4.344586346250785963e-03
2.197307604000000025e-01,4.344558489133410958e-03
2.198727543000000006e-01,4.344140666463755518e-03
2.198822172999999880e-01,4.344112813891636178e-03
2.199106037999999930e-01,4.344029257879434072e-03
2.199389867000000054e-01,4.343945704423635840e-03
2.199579066000000027e-01,4.343890003539883221e-03
2.199862834000000100e-01,4.343806454344354209e-03
2.200241133999999987e-01,4.343695059392933128e-03
2.200524815999999884e-01,4.343611516161192607e-03
2.201092071000000094e-01,4.343444437365091317e-03
2.201375644000000131e-01,4.343360901800513707e-03
2.201848184000000097e-01,4.343221681538264600e-03
2.202509568999999889e-01,4.343026785095669730e-03
2.203170755999999952e-01,4.342831902564119918e-03
2.203265195999999926e-01,4.342804063338141611e-03
2.203548489000000110e-01,4.342720547362917578e-03
2.204020563000000099e-01,4.342581359747922296e-03
2.204114964999999982e-01,4.342553523076336450e-03
2.204398149000000029e-01,4.342470014764937720e-03
2.204681296999999873e-01,4.342386509008000842e-03
2.204775670999999937e-01,4.342358674323212007e-03
2.205530521000000077e-01,4.342136007062197961e-03
2.206379417999999870e-01,4.341885528102253089e-03
2.206568017999999964e-01,4.341829869232515134e-03
2.206662310999999987e-01,4.341802040223084053e-03
2.207039446000000071e-01,4.341690727023205139e-03
2.207416516000000051e-01,4.341579418362682095e-03
2.207793520999999926e-01,4.341468114241265122e-03
2.207887762999999892e-01,4.341440288920277689e-03
2.208076233000000055e-01,4.341384639129003409e-03
2.208170462999999861e-01,4.341356814659061772e-03
2.208453126000000100e-01,4.341273342950739515e-03
2.208641548999999982e-01,4.341217696563683982e-03
2.209206720000000124e-01,4.341050764209771796e-03
2.209300901000000039e-01,4.341022943143494663e-03
2.210054204999999938e-01,4.340800384823535578e-03
2.210148349999999928e-01,4.340772566309766128e-03
2.210807251999999945e-01,4.340577844653621328e-03
2.211465958000000120e-01,4.340383136892222125e-03
2.211654124000000110e-01,4.340327508655210560e-03
2.212406625999999987e-01,4.340105007047780246e-03
2.212594712000000019e-01,4.340049384481090532e-03
2.212688748999999955e-01,4.340021573622987981e-03
2.213440899999999933e-01,4.339799096963282976e-03
2.213816879000000126e-01,4.339687865436467340e-03
2.214568647000000057e-01,4.339465415988195962e-03
2.214944434999999989e-01,4.339354198066078423e-03
2.215414081000000035e-01,4.339215182039994623e-03
2.216071417000000099e-01,4.339020571505149484e-03
2.216728558999999932e-01,4.338825974854825483e-03
2.216822421000000098e-01,4.338798176466775701e-03
2.216916278000000129e-01,4.338770378361870086e-03
2.217103981000000112e-01,4.338714783002178312e-03
2.217197827000000065e-01,4.338686985747385212e-03
2.217573169000000011e-01,4.338575799560859259e-03
2.217948448000000017e-01,4.338464617907129318e-03
2.218417457999999898e-01,4.338325647213804766e-03
2.218605033999999920e-01,4.338270060919280011e-03
2.219073904999999958e-01,4.338131100139889715e-03
2.219167666999999899e-01,4.338103308833675918e-03
2.219730156999999982e-01,4.337936566944285491e-03
2.220479922999999967e-01,4.337714260284748075e-03
2.220573626000000023e-01,4.337686473226652628e-03
2.221416773999999872e-01,4.337436402445959439e-03
2.221604097000000055e-01,4.337380834276032861e-03
2.221697752000000026e-01,4.337353050615669163e-03
2.222165969999999879e-01,4.337214136561096459e-03
2.223102110999999881e-01,4.336936329684851037e-03
2.223570032999999946e-01,4.336797436862040341e-03
2.223663606000000070e-01,4.336769659146725783e-03
2.223944300000000041e-01,4.336686327698827462e-03
2.224318503999999919e-01,4.336575223064219504e-03
2.224412045999999976e-01,4.336547447613282001e-03
2.225066723999999940e-01,4.336353027380017780e-03
2.225160234000000126e-01,4.336325254193037528e-03
2.225814691999999928e-01,4.336130849807297988e-03
2.225908169999999964e-01,4.336103078884021716e-03
2.226095114999999958e-01,4.336047537886487079e-03
2.226188581000000111e-01,4.336019767812038760e-03
2.226468957000000137e-01,4.335936459286639406e-03
2.226936171999999992e-01,4.335797617403015607e-03
2.227216454000000012e-01,4.335714315667894662e-03
2.227683511999999921e-01,4.335575485100723846e-03
2.228150472000000049e-01,4.335436661605737013e-03
2.228430601999999983e-01,4.335353370903370640e-03
2.228710694999999908e-01,4.335270082746416932e-03
2.229177441000000093e-01,4.335131274808817076e-03
2.229457441000000095e-01,4.335047993440099140e-03
2.229550765999999962e-01,4.335020233549406569e-03
2.230297230000000130e-01,4.334798164605616413e-03
2.230577089999999929e-01,4.334714893417788463e-03
2.231136703000000110e-01,4.334548358676555170e-03
2.231416458000000103e-01,4.334465095123301616e-03
2.231789409000000113e-01,4.334354081010411384e-03
2.232069080999999899e-01,4.334270823394279284e-03
2.232628321000000027e-01,4.334104315795318796e-03
2.232907888000000007e-01,4.334021065812105299e-03
2.233373755999999988e-01,4.333882321493724710e-03
2.233560075999999894e-01,4.333826825745007785e-03
2.234863880000000080e-01,4.333438387159097537e-03
2.235050075999999997e-01,4.333382900454424771e-03
2.235143168000000014e-01,4.333355157525945953e-03
2.235608570000000017e-01,4.333216447122313110e-03
2.235887763999999944e-01,4.333133224270867799e-03
2.236259969999999930e-01,4.333022264424999867e-03
2.236539083000000094e-01,4.332939047507157991e-03
2.237004194999999973e-01,4.332800358294850752e-03
2.238120067999999907e-01,4.332467533000452370e-03
2.238491901999999922e-01,4.332356600274921664e-03
2.239235384999999912e-01,4.332134748381386014e-03
2.239328302999999964e-01,4.332107018165633032e-03
2.239607033999999885e-01,4.332023829212891877e-03
2.240071507999999989e-01,4.331885186606317800e-03
2.240628751000000030e-01,4.331718824797443045e-03
2.241093013000000078e-01,4.331580197721592376e-03
2.241464354000000103e-01,4.331469301143299651e-03
2.241557180000000038e-01,4.331441577704629037e-03
2.241835634000000077e-01,4.331358409082415074e-03
2.242578007999999901e-01,4.331136638511376771e-03
2.243691109000000017e-01,4.330804016528828383e-03
2.243969298000000057e-01,4.330720867383904861e-03
2.244062019999999991e-01,4.330693151566727961e-03
2.244340163000000110e-01,4.330610005808558857e-03
2.244432869000000108e-01,4.330582291120153512e-03
2.244525572000000135e-01,4.330554576714106506e-03
2.244803657999999980e-01,4.330471435189201315e-03
2.245081708999999981e-01,4.330388296203978998e-03
2.245174384999999995e-01,4.330360583773281563e-03
2.245267056999999955e-01,4.330332871624730830e-03
2.245452390000000076e-01,4.330277448174253349e-03
2.246286198999999928e-01,4.330028056614108022e-03
2.246749292999999925e-01,4.329889515622442273e-03
2.246934503000000138e-01,4.329834101200481442e-03
2.247304878999999977e-01,4.329723275742179689e-03
2.247397462999999873e-01,4.329695570082776716e-03
2.248230551000000021e-01,4.329446231842485997e-03
2.248415639000000132e-01,4.329390826447254183e-03
2.248508177999999913e-01,4.329363124172844017e-03
2.249248349999999896e-01,4.329141516130466383e-03
2.249618344000000048e-01,4.329030718877706699e-03
2.249895799999999946e-01,4.328947623899254832e-03
2.250265689000000013e-01,4.328836834542678855e-03
2.250450609999999907e-01,4.328781441556141772e-03
2.251005282000000107e-01,4.328615269363703284e-03
2.251190143000000032e-01,4.328559880888622514e-03
2.251467404999999977e-01,4.328476800290363864e-03
2.251837034999999987e-01,4.328366030106404506e-03
2.251929433000000036e-01,4.328338338265204192e-03
2.252576112999999935e-01,4.328144503270067028e-03
2.252853204999999970e-01,4.328061435357664216e-03
2.252945560999999874e-01,4.328033746617200583e-03
2.253222606999999988e-01,4.327950682087139053e-03
2.253407286000000120e-01,4.327895307143159870e-03
2.253684274999999959e-01,4.327812246840854506e-03
2.254053541999999910e-01,4.327701503717058286e-03
2.254884169999999965e-01,4.327452348174531602e-03
2.255160978000000094e-01,4.327369301399366583e-03
2.255622248999999968e-01,4.327230895742921295e-03
2.256267871000000036e-01,4.327037139657880470e-03
2.256913308000000062e-01,4.326843397377732638e-03
2.257005498000000110e-01,4.326815721035964790e-03
2.257097684000000104e-01,4.326788044975852718e-03
2.257282046000000097e-01,4.326732693700959323e-03
2.257742883999999950e-01,4.326594320443083105e-03
2.257835039999999960e-01,4.326566646636487851e-03
2.258111486000000112e-01,4.326483626906809342e-03
2.258756396000000111e-01,4.326289924062273404e-03
2.259309029000000080e-01,4.326123904036313118e-03
2.259585295000000049e-01,4.326040897825149042e-03
2.260045663999999954e-01,4.325902559771942733e-03
2.260321838999999888e-01,4.325819560318767791e-03
2.260690022000000077e-01,4.325708898323527701e-03
2.261426206000000105e-01,4.325487587847035194e-03
2.261518211999999917e-01,4.325459925304346413e-03
2.262070170999999907e-01,4.325293955960294451e-03
2.262530033000000051e-01,4.325155655914649649e-03
2.262805905999999978e-01,4.325072679265161597e-03
2.263173683999999963e-01,4.324962047672988724e-03
2.264000965999999893e-01,4.324713143055249065e-03
2.264368549000000119e-01,4.324602526097618901e-03
2.264460436000000076e-01,4.324574872561832116e-03
2.264736073999999988e-01,4.324491913642762760e-03
2.265103538000000083e-01,4.324381305689905218e-03
2.265195395000000056e-01,4.324353654405191025e-03
2.265838287999999978e-01,4.324160103290082720e-03
2.266113757999999867e-01,4.324077157032477255e-03
2.266664597999999975e-01,4.323911272113258736e-03
2.266939967000000111e-01,4.323828333451268380e-03
2.267215303000000015e-01,4.323745397321054028e-03
2.267582365999999960e-01,4.323634819752193020e-03
2.267674121999999903e-01,4.323607176063088732e-03
2.268408040000000070e-01,4.323386036676335822e-03
2.268683197999999956e-01,4.323303114046871468e-03
2.268866618000000002e-01,4.323247833700021893e-03
2.269141719999999973e-01,4.323164915288873339e-03
2.269508470999999916e-01,4.323054361344311029e-03
2.270241795000000062e-01,4.322833266952303029e-03
2.270608369000000071e-01,4.322722726504549424e-03
2.270883260000000070e-01,4.322639824120713160e-03
2.270974883000000111e-01,4.322612190555064765e-03
2.271066502000000098e-01,4.322584557270497951e-03
2.271707733999999979e-01,4.322391132150472069e-03
2.271799324000000064e-01,4.322363501114956895e-03
2.272440349000000026e-01,4.322170091736748584e-03
2.272531909000000128e-01,4.322142462949866981e-03
2.272806568000000083e-01,4.322059578275852174e-03
2.273081193000000000e-01,4.321976696131244605e-03
2.273538827999999901e-01,4.321838564844595297e-03
2.273813365000000031e-01,4.321755689445056642e-03
2.274270852999999981e-01,4.321617569399519541e-03
2.274636777000000054e-01,4.321507078421120765e-03
2.274728249000000091e-01,4.321479456379033988e-03
2.274911181000000004e-01,4.321424213137633336e-03
2.275002641999999964e-01,4.321396591938490329e-03
2.275459891000000123e-01,4.321258490157128124e-03
2.276008468000000062e-01,4.321092777290831861e-03
2.276739698999999950e-01,4.320871842534554710e-03
2.276831085999999893e-01,4.320844226954049204e-03
2.276922469999999865e-01,4.320816611654561094e-03
2.277196599000000099e-01,4.320733767441270468e-03
2.277562052000000059e-01,4.320623312422377897e-03
2.277927448000000021e-01,4.320512861897662926e-03
2.278292784000000015e-01,4.320402415866343195e-03
2.279114577999999947e-01,4.320153928724927879e-03
2.279297157999999879e-01,4.320098712448997014e-03
2.279844812000000054e-01,4.319933070360526192e-03
2.280118590000000112e-01,4.319850253106859335e-03
2.280483574999999929e-01,4.319739834032429449e-03
2.280757276000000000e-01,4.319657022674583749e-03
2.281213370999999879e-01,4.319519009359481035e-03
2.281304578999999999e-01,4.319491407538622596e-03
2.282034112999999920e-01,4.319270603077406644e-03
2.282307627999999866e-01,4.319187806035832203e-03
2.282581110000000135e-01,4.319105011520295301e-03
2.283674710999999968e-01,4.318773858716904585e-03
2.284221314999999863e-01,4.318608297468979826e-03
2.284494568000000059e-01,4.318525520633120958e-03
2.284767789000000104e-01,4.318442746322650842e-03
2.284858855000000133e-01,4.318415155446910479e-03
2.284949917000000108e-01,4.318387564851669698e-03
2.285132031000000064e-01,4.318332384503044234e-03
2.285587253999999957e-01,4.318194438541460983e-03
2.285678287000000031e-01,4.318166850190656610e-03
2.285951365999999985e-01,4.318084086821744917e-03
2.286224411999999984e-01,4.318001325977496863e-03
2.286588422999999981e-01,4.317890982112417009e-03
2.287043354999999945e-01,4.317753058592227119e-03
2.287771058999999996e-01,4.317532395544906518e-03
2.288043888000000081e-01,4.317449651529650656e-03
2.288407608999999954e-01,4.317339330102040219e-03
2.288862180000000024e-01,4.317201434627253136e-03
2.289225770999999965e-01,4.317091123294610963e-03
2.289952781000000048e-01,4.316870514088109317e-03
2.290043640999999963e-01,4.316842939198958611e-03
2.290316199000000108e-01,4.316760216213575904e-03
2.290588725000000103e-01,4.316677495751395331e-03
2.290770390999999906e-01,4.316622350178296076e-03
2.291042862999999874e-01,4.316539633921104291e-03
2.291496909999999887e-01,4.316401779098564401e-03
2.292132426000000056e-01,4.316208794119680801e-03
2.292495498999999881e-01,4.316098523154990665e-03
2.292949259000000017e-01,4.315960690754827231e-03
2.293221471999999928e-01,4.315877994677649356e-03
2.293584371999999871e-01,4.315767737164514194e-03
2.293856509999999960e-01,4.315685046972030960e-03
2.293947215000000095e-01,4.315657484134860326e-03
2.294672728999999911e-01,4.315436991524866303e-03
2.295126057999999913e-01,4.315299192749081324e-03
2.295760568999999918e-01,4.315106286229321471e-03
2.296576112000000003e-01,4.314858283729952268e-03
2.296757304000000000e-01,4.314803175144439618e-03
2.297119646000000126e-01,4.314692961334538196e-03
2.297210222000000135e-01,4.314665408582143459e-03
2.297300794999999896e-01,4.314637856109911768e-03
2.297844156999999943e-01,4.314472547157497881e-03
2.297934705000000133e-01,4.314444996645618209e-03
2.298658959999999862e-01,4.314224602631393755e-03
2.299021001999999869e-01,4.314114412344539559e-03
2.299292495999999963e-01,4.314031772569296153e-03
2.299473475000000100e-01,4.313976680785846715e-03
2.299654439000000106e-01,4.313921590122152608e-03
2.300106785999999903e-01,4.313783868362097360e-03
2.300468599999999919e-01,4.313673695993188069e-03
2.300830356999999937e-01,4.313563528103150913e-03
2.300920787999999884e-01,4.313535986830557660e-03
2.301101637999999894e-01,4.313480905124867162e-03
2.301192058000000040e-01,4.313453364691937318e-03
2.302547927999999966e-01,4.313040291783407088e-03
2.302999706999999951e-01,4.312902614806758857e-03
2.303090051999999999e-01,4.312875080250896942e-03
2.303632049000000070e-01,4.312709878792135056e-03
2.303722368999999992e-01,4.312682346194923397e-03
2.304083616000000001e-01,4.312572218604445069e-03
2.304535094000000062e-01,4.312434565411232996e-03
2.305167015000000041e-01,4.312241862690792578e-03
2.305257274999999995e-01,4.312214334849662732e-03
2.305528034999999865e-01,4.312131753004875764e-03
2.305798762000000057e-01,4.312049173677384196e-03
2.305979230000000102e-01,4.311994122191134364e-03
2.306249904999999878e-01,4.311911547059446223e-03
2.306610755000000068e-01,4.311801450799454712e-03
2.306971549000000066e-01,4.311691359014402716e-03
2.307422462000000007e-01,4.311553750575474256e-03
2.307963440999999949e-01,4.311388629676973956e-03
2.308143739999999888e-01,4.311333591614652759e-03
2.308414161000000020e-01,4.311251036618081282e-03
2.308684550000000002e-01,4.311168484137897945e-03
2.308774673000000000e-01,4.311140967203760423e-03
2.309405432999999952e-01,4.310948356492672398e-03
2.309585618999999979e-01,4.310893327377153701e-03
2.309765790999999957e-01,4.310838299379873319e-03
2.309855871000000005e-01,4.310810785800429056e-03
2.310306220999999993e-01,4.310673222096795057e-03
2.310576389000000008e-01,4.310590687228988555e-03
2.310846525999999956e-01,4.310508154876939620e-03
2.310936564000000137e-01,4.310480644651815650e-03
2.311206658000000136e-01,4.310398115653638583e-03
2.311656745000000013e-01,4.310260572913176755e-03
2.311746752000000127e-01,4.310233065203533664e-03
2.312466680999999968e-01,4.310013013586771156e-03
2.312736595999999867e-01,4.309930498841211405e-03
2.313456217000000037e-01,4.309710471814529736e-03
2.314085700999999884e-01,4.309517962834472429e-03
2.314175613999999992e-01,4.309490462669249289e-03
2.314445330000000078e-01,4.309407963849404277e-03
2.314625123000000062e-01,4.309352966032922727e-03
2.315523879999999979e-01,4.309077993711152993e-03
2.315973128000000103e-01,4.308940518024767866e-03
2.316062966999999917e-01,4.308913023725362106e-03
2.316332463000000119e-01,4.308830542502852141e-03
2.316691743000000026e-01,4.308720571449535519e-03
2.316781554000000021e-01,4.308693079384326961e-03
2.317320348999999946e-01,4.308528132857771496e-03
2.317410135999999898e-01,4.308500642747372517e-03
2.318128305000000111e-01,4.308280731915981217e-03
2.318397561999999967e-01,4.308198269961375365e-03
2.318487307000000053e-01,4.308170783201495900e-03
2.319474273999999892e-01,4.307868447268790868e-03
2.319833067000000026e-01,4.307758515304377367e-03
2.320281480999999979e-01,4.307621106629504898e-03
2.320371153000000131e-01,4.307593625731818976e-03
2.320640149000000041e-01,4.307511184713577745e-03
2.320909113999999884e-01,4.307428746207277691e-03
2.321088406000000048e-01,4.307373788598417227e-03
2.321715820999999957e-01,4.307181445758689713e-03
2.322343067000000039e-01,4.306989116592852343e-03
2.322432658999999955e-01,4.306961642113756907e-03
2.322522248999999983e-01,4.306934167913950215e-03
2.322790995000000025e-01,4.306851746988065582e-03
2.323059711000000083e-01,4.306769328573496758e-03
2.323238837999999917e-01,4.306714384358845647e-03
2.323507502000000113e-01,4.306631970129213074e-03
2.324581846999999868e-01,4.306302338318085052e-03
2.325387281000000084e-01,4.306055140820001965e-03
2.325566228000000013e-01,4.306000211110626308e-03
2.325655695999999939e-01,4.305972746674226713e-03
2.325924081000000088e-01,4.305890355038683934e-03
2.326013536000000048e-01,4.305862891717983018e-03
2.326371319999999965e-01,4.305753041223637188e-03
2.326729050000000132e-01,4.305643195191321063e-03
2.326818474000000025e-01,4.305615734380393786e-03
2.326997311000000013e-01,4.305560813594948300e-03
2.327801908000000086e-01,4.305313683862669466e-03
2.328159418000000092e-01,4.305203855675324501e-03
2.328427513999999920e-01,4.305121487462051054e-03
2.328784928000000032e-01,4.305011667080713665e-03
2.328874271999999968e-01,4.304984212682137074e-03
2.329231616999999921e-01,4.304874397875991902e-03
2.329678222000000076e-01,4.304737135640245016e-03
2.329946143000000136e-01,4.304654781643398216e-03
2.330303324000000120e-01,4.304544980216469183e-03
2.330392609999999975e-01,4.304517530556375635e-03
2.331106779999999878e-01,4.304297943309414419e-03
2.331285288000000122e-01,4.304243049284385732e-03
2.331374536999999969e-01,4.304215602689892041e-03
2.332445258999999993e-01,4.303886265290304304e-03
2.332802056000000124e-01,4.303776495072871196e-03
2.333515489000000109e-01,4.303556968011029889e-03
2.333782970000000123e-01,4.303474649959317111e-03
2.334228703000000016e-01,4.303337458777486448e-03
2.334496101999999906e-01,4.303255147410909622e-03
2.335298114999999897e-01,4.303008228351326223e-03
2.335387211000000129e-01,4.302980794292869844e-03
2.335565391999999962e-01,4.302925927011289758e-03
2.335654477999999923e-01,4.302898493788336921e-03
2.336367038999999923e-01,4.302679038028878883e-03
2.336634193000000081e-01,4.302596746713577801e-03
2.336723237999999980e-01,4.302569316832112641e-03
2.336812279000000103e-01,4.302541887228976056e-03
2.336990351000000077e-01,4.302487028858027751e-03
2.337524487000000040e-01,4.302322460427546701e-03
2.338058500999999900e-01,4.302157902019614413e-03
2.338236478000000063e-01,4.302103051443963502e-03
2.338414441999999982e-01,4.302048201981905316e-03
2.338503419000000083e-01,4.302020777668445414e-03
2.339659810999999978e-01,4.301664286922995961e-03
2.340371152000000066e-01,4.301444931381581856e-03
2.340637848999999882e-01,4.301362677645351705e-03
2.340993398000000003e-01,4.301253009892922960e-03
2.341260025000000133e-01,4.301170762000473130e-03
2.341704334999999970e-01,4.301033687744497749e-03
2.342059722000000010e-01,4.300924033347841222e-03
2.342415055000000024e-01,4.300814383402623044e-03
2.342770335000000093e-01,4.300704737908790307e-03
2.343036759000000080e-01,4.300622506709272236e-03
2.343214358000000053e-01,4.300567687300449124e-03
2.344102153000000022e-01,4.300293606946155832e-03
2.344634667999999922e-01,4.300129172084007391e-03
2.344900880999999937e-01,4.300046958407613765e-03
2.345255783000000094e-01,4.299937344065478569e-03
2.345521925000000063e-01,4.299855136228904022e-03
2.345610633000000111e-01,4.299827734172987151e-03
2.345965428000000019e-01,4.299718128729363223e-03
2.346054117999999966e-01,4.299690728063531447e-03
2.346320169999999983e-01,4.299608527734716072e-03
2.346763521999999935e-01,4.299471532747253452e-03
2.347384073000000071e-01,4.299279751441379208e-03
2.348093075000000085e-01,4.299060589486046295e-03
2.348181685000000074e-01,4.299033195492477089e-03
2.348358895000000057e-01,4.298978408339225454e-03
2.348447495000000051e-01,4.298951015179540425e-03
2.348713275000000045e-01,4.298868837368179097e-03
2.349156175000000069e-01,4.298731879908024127e-03
2.349421875000000104e-01,4.298649708767035386e-03
2.350218795000000027e-01,4.298403210350890472e-03
2.350307325000000058e-01,4.298375823027421501e-03
2.351015444000000010e-01,4.298156734442665564e-03
2.351192441000000133e-01,4.298101965075101782e-03
2.351280933999999878e-01,4.298074580807982256e-03
2.351634874000000097e-01,4.297965046518044570e-03
2.352342594000000064e-01,4.297745991273196724e-03
2.352431044000000138e-01,4.297718610617673463e-03
2.353138523999999954e-01,4.297499575373418812e-03
2.353403775000000031e-01,4.297417441740060753e-03
2.353668995000000042e-01,4.297335310606201567e-03
2.353757394999999863e-01,4.297307934117046944e-03
2.354022575999999978e-01,4.297225806316131921e-03
2.354376103999999970e-01,4.297116306469592022e-03
2.354552846999999893e-01,4.297061558212369146e-03
2.354817938000000055e-01,4.296979437909503180e-03
2.355083000000000037e-01,4.296897320105965215e-03
2.355171346999999915e-01,4.296869948060077528e-03
2.355878003999999915e-01,4.296650981688878573e-03
2.356584449999999942e-01,4.296432033086952651e-03
2.356672740000000099e-01,4.296404665760849423e-03
2.357202415999999912e-01,4.296240467634908008e-03
2.357643721000000081e-01,4.296103643496828640e-03
2.358261409000000086e-01,4.295912101361268158e-03
2.358702515999999971e-01,4.295775293876574058e-03
2.359496301000000018e-01,4.295529057887924676e-03
2.359760837000000055e-01,4.295446984220087881e-03
2.360113504999999945e-01,4.295337556547582092e-03
2.360906815000000103e-01,4.295091360515787375e-03
2.361083069999999895e-01,4.295036653338373325e-03
2.361171193000000113e-01,4.295009300165890213e-03
2.361523650000000030e-01,4.294899890249734634e-03
2.361611755999999951e-01,4.294872538464217585e-03
2.362316486999999909e-01,4.294653734166549441e-03
2.362932953999999919e-01,4.294462294968268319e-03
2.363021006999999896e-01,4.294434947620689134e-03
2.363285148000000002e-01,4.294352907242308601e-03
2.363725318000000075e-01,4.294216178825084086e-03
2.363901362999999978e-01,4.294161489399421494e-03
2.363989380000000029e-01,4.294134145102446350e-03
2.364693401999999889e-01,4.293915400710025636e-03
2.365045335000000026e-01,4.293806035168652550e-03
2.365309250000000030e-01,4.293724013923795775e-03
2.365397214999999942e-01,4.293696674063327348e-03
2.365661089999999966e-01,4.293614656145312847e-03
2.365836990999999889e-01,4.293559978919607445e-03
2.366364615000000060e-01,4.293395953895734300e-03
2.366452541000000076e-01,4.293368617362013605e-03
2.366716299000000134e-01,4.293286609423985559e-03
2.367155830000000072e-01,4.293149935070969883e-03
2.367243726999999909e-01,4.293122601032010530e-03
2.367507396000000097e-01,4.293040600577677571e-03
2.367771036999999912e-01,4.292958602618015748e-03
2.367946780999999890e-01,4.292903938697254299e-03
2.368210373000000091e-01,4.292821944894728917e-03
2.368473935000000030e-01,4.292739953586239762e-03
2.368561781999999893e-01,4.292712623704228632e-03
2.369527889999999970e-01,4.292412013291905561e-03
2.370054692999999935e-01,4.292248058107346435e-03
2.370669146999999921e-01,4.292056789664201906e-03
2.371371186000000020e-01,4.291838213779388365e-03
2.371458925999999912e-01,4.291810893040262469e-03
2.371985299000000103e-01,4.291646974422444298e-03
2.372160731000000078e-01,4.291592337099034773e-03
2.372423854000000054e-01,4.291510383191009421e-03
2.373476056000000112e-01,4.291182592483983906e-03
2.373739032999999943e-01,4.291100651037813886e-03
2.374089624999999870e-01,4.290991399653039905e-03
2.374264900999999983e-01,4.290936775621858809e-03
2.374527791000000110e-01,4.290854841651696450e-03
2.374878266000000071e-01,4.290745600234284474e-03
2.375141088000000122e-01,4.290663672078107692e-03
2.375666644999999966e-01,4.290499823240363601e-03
2.375929380000000035e-01,4.290417902558591595e-03
2.376192085999999926e-01,4.290335984368081126e-03
2.376542315999999877e-01,4.290226763989284445e-03
2.376629865000000064e-01,4.290199459586466722e-03
2.376892493999999967e-01,4.290117548038906332e-03
2.376980029999999910e-01,4.290090244743150101e-03
2.377767712999999949e-01,4.289844527535993310e-03
2.378730081000000052e-01,4.289544236944730499e-03
2.378992477999999910e-01,4.289462345321528279e-03
2.379866925000000133e-01,4.289189391227596002e-03
2.380129196000000114e-01,4.289107510394013847e-03
2.380478846000000093e-01,4.288998339822097140e-03
2.380828445000000015e-01,4.288889173676101001e-03
2.381177992000000077e-01,4.288780011955606493e-03
2.381265371000000075e-01,4.288752722217008262e-03
2.381876933000000029e-01,4.288561701790712978e-03
2.381964286000000097e-01,4.288534414264612293e-03
2.382226326999999921e-01,4.288452553345839524e-03
2.382924959999999925e-01,4.288234269729674503e-03
2.383186895000000138e-01,4.288152417936267995e-03
2.383274200000000120e-01,4.288125134558094104e-03
2.383536096999999965e-01,4.288043286082764312e-03
2.383623388999999981e-01,4.288016003810527811e-03
2.384059802999999866e-01,4.287879596596880921e-03
2.384757899000000125e-01,4.287661359431044726e-03
2.385019633000000083e-01,4.287579525055290608e-03
2.385281337000000057e-01,4.287497693167136893e-03
2.385368566000000135e-01,4.287470416424054784e-03
2.386066279000000068e-01,4.287252212429095224e-03
2.386153478999999966e-01,4.287224938173527650e-03
2.386763789000000135e-01,4.287034026122774413e-03
2.386850963000000103e-01,4.287006754078033846e-03
2.387112466999999905e-01,4.286924939602091561e-03
2.387461093999999895e-01,4.286815857502813791e-03
2.387548243000000014e-01,4.286788587668843853e-03
2.387722530999999981e-01,4.286734048829791283e-03
2.388158196000000066e-01,4.286597706567675525e-03
2.388506670999999970e-01,4.286488637731344052e-03
2.388767992999999978e-01,4.286406839004881612e-03
2.388942192000000075e-01,4.286352307901964559e-03
2.389551789999999898e-01,4.286161457744085829e-03
2.389900061000000131e-01,4.286052406588113269e-03
2.390248282000000113e-01,4.285943359851824945e-03
2.390335329000000120e-01,4.285916098858217477e-03
2.390509413999999944e-01,4.285861577699707700e-03
2.390857546000000056e-01,4.285752538697010922e-03
2.391031593000000066e-01,4.285698020852761470e-03
2.391640657000000114e-01,4.285507217097053040e-03
2.392336540999999983e-01,4.285289172230921650e-03
2.392423512999999891e-01,4.285261917865364721e-03
2.392684407000000013e-01,4.285180156424818823e-03
2.393379988000000069e-01,4.284962138065518886e-03
2.393640777999999913e-01,4.284880385735985280e-03
2.393727702000000013e-01,4.284853135511665183e-03
2.393814622999999864e-01,4.284825885563435868e-03
2.394509874999999899e-01,4.284607895914910140e-03
2.394683656999999910e-01,4.284553401263226612e-03
2.394770542999999918e-01,4.284526154351371401e-03
2.395204924999999874e-01,4.284389923932139556e-03
2.395465516999999989e-01,4.284308188992719604e-03
2.395812928999999925e-01,4.284199212937335119e-03
2.396073454000000047e-01,4.284117483793354816e-03
2.396507600999999987e-01,4.283981274072875579e-03
2.397288867000000046e-01,4.283736113960105903e-03
2.397896341999999903e-01,4.283545449323498261e-03
2.398850634999999953e-01,4.283245860778235777e-03
2.398937369999999958e-01,4.283218627111068030e-03
2.399284278999999909e-01,4.283109695200852836e-03
2.399370997999999977e-01,4.283082462912800661e-03
2.399631137000000081e-01,4.283000767703720388e-03
2.399891248999999893e-01,4.282919074977181197e-03
2.399977946000000084e-01,4.282891844619807729e-03
2.400064640000000027e-01,4.282864614538252693e-03
2.400238020000000083e-01,4.282810155202790466e-03
2.400758081999999904e-01,4.282646783814642727e-03
2.401278031999999896e-01,4.282483422354169990e-03
2.401451323999999887e-01,4.282428970740066038e-03
2.401971123999999957e-01,4.282265622515130099e-03
2.402750613000000091e-01,4.282020618788177913e-03
2.403010385999999887e-01,4.281938955841509131e-03
2.403096970999999971e-01,4.281911735410676156e-03
2.403789537999999892e-01,4.281693981887589942e-03
2.404741491999999869e-01,4.281394599597154911e-03
2.404828015000000097e-01,4.281367384679035486e-03
2.404914533999999993e-01,4.281340170036346780e-03
2.405174073999999940e-01,4.281258527762110515e-03
2.405606577999999940e-01,4.281122462816525608e-03
2.406211953000000070e-01,4.280931983466183463e-03
2.406298423000000075e-01,4.280904773232647488e-03
2.406903622999999881e-01,4.280714309312043560e-03
2.406990068000000038e-01,4.280687101282641162e-03
2.407162948999999885e-01,4.280632686050387867e-03
2.407249384000000048e-01,4.280605478847353956e-03
2.407508671999999961e-01,4.280523858891490535e-03
2.407940756999999987e-01,4.280387831141366749e-03
2.408545545000000121e-01,4.280197403860411601e-03
2.408631931000000115e-01,4.280170201064934475e-03
2.408977444000000023e-01,4.280061392637320161e-03
2.409322906999999958e-01,4.279952588616337157e-03
2.409581972000000016e-01,4.279870988492412778e-03
2.409754665999999934e-01,4.279816589786672280e-03
2.410013685000000072e-01,4.279734993793685681e-03
2.410272675000000031e-01,4.279653400278861722e-03
2.410963181000000122e-01,4.279435829688840037e-03
2.411049480000000134e-01,4.279408634604074321e-03
2.411394645999999919e-01,4.279299857018454764e-03
2.411739763000000092e-01,4.279191083837999808e-03
2.411826035000000090e-01,4.279163891231237138e-03
2.412429849000000126e-01,4.278973550691425771e-03
2.412688580000000027e-01,4.278891980303516258e-03
2.413205958999999901e-01,4.278728846959749602e-03
2.413464606999999873e-01,4.278647284003692965e-03
2.413895624999999878e-01,4.278511351248081435e-03
2.414068011000000125e-01,4.278456980072417246e-03
2.414154199000000112e-01,4.278429794897319234e-03
2.414498921999999881e-01,4.278321056949239455e-03
2.414843594999999954e-01,4.278212323404005819e-03
2.415446655000000054e-01,4.278022050293957615e-03
2.415791193000000059e-01,4.277913328855784125e-03
2.415963442999999877e-01,4.277858969787408198e-03
2.416221795999999866e-01,4.277777433248455309e-03
2.416480121000000036e-01,4.277695899185454155e-03
2.416566223000000124e-01,4.277668721714636066e-03
2.416824512000000091e-01,4.277587190953006241e-03
2.417599210999999970e-01,4.277342613522077709e-03
2.418029492000000058e-01,4.277206746798678863e-03
2.418631757999999965e-01,4.277016544937639088e-03
2.419319876999999896e-01,4.276799187882574481e-03
2.419405877999999954e-01,4.276772019488133195e-03
2.419577871999999963e-01,4.276717683524404803e-03
2.420695529000000124e-01,4.276364526567567707e-03
2.421039319999999939e-01,4.276255872236439833e-03
2.421383061999999864e-01,4.276147222303847313e-03
2.421468989999999988e-01,4.276120060507974073e-03
2.421726755999999980e-01,4.276038576769745914e-03
2.421984493000000072e-01,4.275957095505162307e-03
2.423358633000000095e-01,4.275522570539757282e-03
2.423530345000000086e-01,4.275468259865883303e-03
2.423702045999999999e-01,4.275413950291448439e-03
2.424045410000000011e-01,4.275305334439848289e-03
2.424474547999999896e-01,4.275169570808218071e-03
2.424903609000000071e-01,4.275033814045531635e-03
2.425075211999999925e-01,4.274979513263688427e-03
2.425589948999999912e-01,4.274816617511968501e-03
2.426104575999999957e-01,4.274653731649969562e-03
2.426533348999999895e-01,4.274518000985928941e-03
2.426790577000000060e-01,4.274436565883784657e-03
2.426876313000000118e-01,4.274409421398965916e-03
2.427219227999999895e-01,4.274300846206527567e-03
2.427562094999999864e-01,4.274192275408560983e-03
2.427647804999999992e-01,4.274165133395819473e-03
2.427819213999999892e-01,4.274110850193867800e-03
2.427904914000000025e-01,4.274083709004837181e-03
2.428333369000000019e-01,4.273948007178990545e-03
2.428590405999999924e-01,4.273866589378793462e-03
2.428933078999999939e-01,4.273758036156000834e-03
2.429190052000000100e-01,4.273676624121976880e-03
2.429532641000000104e-01,4.273568078587304357e-03
2.429618280999999991e-01,4.273540942890076064e-03
2.429703917000000102e-01,4.273513807467213370e-03
2.430645720999999870e-01,4.273215335936226232e-03
2.431672726999999923e-01,4.272889768511074424e-03
2.431758290999999905e-01,4.272862639676345414e-03
2.432014966000000111e-01,4.272781254819094446e-03
2.432271614000000026e-01,4.272699872431879806e-03
2.432442696999999876e-01,4.272645618879138303e-03
2.432699298999999871e-01,4.272564240608242928e-03
2.433041394000000079e-01,4.272455740089086025e-03
2.433297933000000135e-01,4.272374367580838821e-03
2.434323820000000027e-01,4.272048902242418442e-03
2.434494759999999980e-01,4.271994661860561461e-03
2.435007505000000017e-01,4.271831947298521982e-03
2.435092952000000033e-01,4.271804829164986377e-03
2.435776420999999914e-01,4.271587893971974005e-03
2.435861840999999917e-01,4.271560778307152001e-03
2.436118083000000101e-01,4.271479432958366108e-03
2.436459698000000007e-01,4.271370976333296356e-03
2.437228154999999952e-01,4.271126964970338100e-03
2.437825677000000080e-01,4.270937193711610812e-03
2.437911024999999954e-01,4.270910084628557792e-03
2.438167052000000112e-01,4.270828759024751856e-03
2.438593703999999973e-01,4.270693221835424047e-03
2.438764344000000084e-01,4.270639008878910313e-03
2.438849659000000003e-01,4.270611902811803293e-03
2.439190891000000139e-01,4.270503481285235770e-03
2.439873211999999958e-01,4.270286651390745036e-03
2.440129033000000003e-01,4.270205344703252928e-03
2.440214300000000114e-01,4.270178243022166968e-03
2.440470086000000038e-01,4.270096939624028025e-03
2.440640594000000052e-01,4.270042738728836718e-03
2.441237280999999926e-01,4.269853044229571931e-03
2.441492959000000074e-01,4.269771750697863577e-03
2.442004234000000051e-01,4.269609171033445817e-03
2.442941295999999929e-01,4.269311133936406696e-03
2.443367113999999896e-01,4.269175673488194954e-03
2.444048268000000024e-01,4.268958951016984561e-03
2.444218526999999974e-01,4.268904773138644700e-03
2.444303651999999993e-01,4.268877684610358769e-03
2.444984545999999981e-01,4.268660986245249173e-03
2.445239831999999891e-01,4.268579728877657659e-03
2.445324922000000067e-01,4.268552643636347455e-03
2.445580172000000052e-01,4.268471389555276302e-03
2.445665250000000068e-01,4.268444305409444840e-03
2.446345763999999978e-01,4.268227642101061863e-03
2.446770990000000090e-01,4.268092236433365314e-03
2.447026089999999876e-01,4.268010996318606642e-03
2.447366182000000057e-01,4.267902679998917051e-03
2.447961227999999878e-01,4.267713136980202590e-03
2.448046222999999966e-01,4.267686060501250413e-03
2.448301190000000127e-01,4.267604832706939355e-03
2.448641105000000096e-01,4.267496532813806927e-03
2.448726075999999863e-01,4.267469458524815636e-03
2.449320792999999941e-01,4.267279946166809522e-03
2.449405739999999942e-01,4.267252874067537123e-03
2.449490685000000056e-01,4.267225802242153275e-03
2.450085216000000010e-01,4.267036307127728724e-03
2.450170137000000081e-01,4.267009237491803560e-03
2.451019187000000044e-01,4.266738556184484707e-03
2.451104075999999965e-01,4.266711489558871161e-03
2.451358724999999905e-01,4.266630291323754605e-03
2.452122512999999893e-01,4.266386711393749080e-03
2.452207362999999918e-01,4.266359648324977855e-03
2.452377055999999944e-01,4.266305523008538138e-03
2.452461897999999862e-01,4.266278460760670153e-03
2.452886062999999894e-01,4.266143153624778715e-03
2.453140527000000071e-01,4.266061972626038548e-03
2.453394963999999956e-01,4.265980794089128600e-03
2.453734173000000074e-01,4.265872559869592941e-03
2.454158117999999944e-01,4.265737273249383538e-03
2.454242898000000006e-01,4.265710216745838106e-03
2.454751518000000132e-01,4.265547883468276576e-03
2.454836277999999927e-01,4.265520828879267382e-03
2.454921035000000029e-01,4.265493774563728670e-03
2.455175287999999956e-01,4.265412613257841754e-03
2.455514250999999981e-01,4.265304402011795525e-03
2.456446157999999935e-01,4.265006843643990610e-03
2.456530859000000122e-01,4.264979794523756154e-03
2.456784945000000109e-01,4.264898648803568636e-03
2.456954322000000079e-01,4.264844553023929875e-03
2.457885682000000016e-01,4.264547045781457227e-03
2.458224271999999988e-01,4.264438869530552331e-03
2.458308912000000124e-01,4.264411826151131950e-03
2.458985927000000016e-01,4.264195488955302600e-03
2.459239759000000081e-01,4.264114367016326457e-03
2.459578162000000123e-01,4.264006208257279350e-03
2.460170254999999861e-01,4.263816940949879779e-03
2.460254828000000005e-01,4.263789903856127564e-03
2.460508530000000138e-01,4.263708794214416190e-03
2.460593091000000121e-01,4.263681758213552775e-03
2.461269477999999955e-01,4.263465480043440031e-03
2.461607601999999950e-01,4.263357347515422426e-03
2.461692125000000120e-01,4.263330315066264815e-03
2.462283710000000014e-01,4.263141095572123805e-03
2.463044108999999926e-01,4.262897833032488343e-03
2.463213055000000040e-01,4.262843777694908139e-03
2.463635369000000130e-01,4.262708644130457775e-03
2.463973167999999880e-01,4.262600542194753574e-03
2.464310920999999988e-01,4.262492444628531579e-03
2.464395352000000039e-01,4.262465420919662844e-03
2.464564204999999952e-01,4.262411374321079145e-03
2.464901877000000019e-01,4.262303284400777506e-03
2.465070695000000089e-01,4.262249241078808031e-03
2.465914613999999894e-01,4.261979040851353491e-03
2.466420826999999871e-01,4.261816933819423565e-03
2.466673893999999922e-01,4.261735883988693879e-03
2.466926936000000126e-01,4.261654836614905094e-03
2.467011276999999947e-01,4.261627821369462499e-03
2.467348614000000051e-01,4.261519763117603034e-03
2.467685904999999957e-01,4.261411709232877827e-03
2.468360347999999926e-01,4.261195614563700884e-03
2.468444640000000134e-01,4.261168603958068526e-03
2.468697499999999989e-01,4.261087573778790313e-03
2.469118875999999907e-01,4.260952528937718420e-03
2.469371666999999881e-01,4.260871505307514857e-03
2.469624431999999925e-01,4.260790484133012736e-03
2.469708680999999906e-01,4.260763477620498584e-03
2.469961411000000107e-01,4.260682459720050233e-03
2.470045649000000010e-01,4.260655454298985061e-03
2.470466795000000049e-01,4.260520431285837184e-03
2.470719447999999985e-01,4.260439420751691714e-03
2.471393063000000001e-01,4.260223404663590445e-03
2.471729802000000031e-01,4.260115403166247865e-03
2.472403140999999971e-01,4.259899413263420163e-03
2.472487295999999946e-01,4.259872415752982006e-03
2.472655596999999983e-01,4.259818421550206485e-03
2.473160429000000049e-01,4.259656445486544041e-03
2.473412806999999991e-01,4.259575461136284359e-03
2.473749271000000027e-01,4.259467485820195992e-03
2.474001589000000001e-01,4.259386507196196055e-03
2.474422061000000062e-01,4.259251548275869506e-03
2.474758387999999865e-01,4.259143586047356433e-03
2.475178731000000076e-01,4.259008639395530336e-03
2.475346848999999960e-01,4.258954662643247256e-03
2.476103236999999957e-01,4.258711780751074996e-03
2.476439334999999964e-01,4.258603840330373556e-03
2.476523351999999900e-01,4.258576855906532309e-03
2.476775387000000050e-01,4.258495904270500655e-03
2.477195389000000081e-01,4.258360990328041891e-03
2.477699295999999940e-01,4.258199102590063019e-03
2.477783271000000009e-01,4.258172122254267646e-03
2.478371014000000094e-01,4.257983267533019950e-03
2.478454965999999926e-01,4.257956289377067688e-03
2.478538915000000065e-01,4.257929311493552013e-03
2.478790744999999907e-01,4.257848379477817066e-03
2.479881714000000126e-01,4.257497702410644250e-03
2.480468959999999889e-01,4.257308895366665805e-03
2.480552839999999870e-01,4.257281924021195409e-03
2.480720593999999890e-01,4.257227982147879231e-03
2.481056066000000004e-01,4.257120101669308043e-03
2.481223785999999987e-01,4.257066163064380897e-03
2.481475343000000000e-01,4.256985257199284028e-03
2.481726874999999888e-01,4.256904353785351432e-03
2.481810714000000084e-01,4.256877386525500032e-03
2.482062211999999934e-01,4.256796486379501102e-03
2.482565132000000008e-01,4.256634693440015937e-03
2.482816552999999871e-01,4.256553800646141125e-03
2.483486886999999865e-01,4.256338098509807218e-03
2.483738215000000082e-01,4.256257214700866730e-03
2.483821985999999926e-01,4.256230253975836625e-03
2.484575793000000088e-01,4.255987619700015399e-03
2.484743275000000085e-01,4.255933703966508289e-03
2.484827011000000085e-01,4.255906746507910447e-03
2.485161928999999881e-01,4.255798919395884818e-03
2.485245651999999916e-01,4.255771963298452497e-03
2.485496802000000116e-01,4.255691096638809616e-03
2.485747927999999995e-01,4.255610232428950167e-03
2.487086833999999913e-01,4.255178998007807557e-03
2.487254145999999999e-01,4.255125098603157983e-03
2.487505094000000139e-01,4.255044251537097935e-03
2.488759453000000121e-01,4.254640052935691058e-03
2.488843054000000055e-01,4.254613108538542708e-03
2.489093842000000001e-01,4.254532276979579135e-03
2.489261020000000102e-01,4.254478390633693700e-03
2.489511765000000099e-01,4.254397563154721680e-03
2.489846052999999948e-01,4.254289796990809794e-03
2.490096739000000059e-01,4.254208975223599566e-03
2.490598036999999987e-01,4.254047339032629611e-03
2.490848647999999999e-01,4.253966524608484776e-03
2.491099233000000079e-01,4.253885712631642717e-03
2.491182755999999943e-01,4.253858775849941702e-03
2.491266276000000113e-01,4.253831839340123898e-03
2.491767337999999943e-01,4.253670225991603229e-03
2.491934336000000139e-01,4.253616357050613896e-03
2.492518742000000009e-01,4.253427824321784172e-03
2.492602217999999870e-01,4.253400892162426464e-03
2.492769159999999873e-01,4.253347028658986846e-03
2.492852627000000099e-01,4.253320097315091419e-03
2.493854013000000036e-01,4.252996942391840118e-03
2.494104296000000109e-01,4.252916159776866899e-03
2.494604787999999962e-01,4.252754601885672461e-03
2.494854995999999936e-01,4.252673826609053992e-03
2.495271954000000125e-01,4.252539206583404521e-03
2.495522095999999912e-01,4.252458437829154635e-03
2.495855579000000046e-01,4.252350749961023198e-03
2.496439065999999929e-01,4.252162306652826698e-03
2.496522411000000052e-01,4.252135387267217195e-03
2.496605752000000122e-01,4.252108468153067630e-03
2.497105742999999878e-01,4.251946959174230864e-03
2.497189065000000041e-01,4.251920041961945382e-03
2.497522325000000043e-01,4.251812375829379549e-03
2.497772241000000004e-01,4.251731629082356433e-03
2.497938838000000050e-01,4.251677799275932479e-03
2.498605114000000127e-01,4.251462490915160208e-03
2.498854920999999951e-01,4.251381754761338755e-03
2.499520953000000101e-01,4.251166470301477249e-03
2.499770668999999890e-01,4.251085743109933764e-03
2.499853901999999906e-01,4.251058834589177549e-03
