q,I
2.039995199999999811e-03,6.005905746126483915e-04
2.884988900000000096e-03,6.005872340078201484e-04
4.079990399999999622e-03,6.005805528544847123e-04
4.561568000000000220e-03,6.005772123059780615e-04
5.769977800000000191e-03,6.005671907730976075e-04
6.119985599999999866e-03,6.005638502996838834e-04
6.451031299999999968e-03,6.005605098450437704e-04
7.355307299999999833e-03,6.005504885937597856e-04
8.159980799999999243e-03,6.005404675114303864e-04
8.411115699999999196e-03,6.005371271881988294e-04
8.654966599999999385e-03,6.005337868837390403e-04
9.123135799999999504e-03,6.005271063311360671e-04
1.019997589999999989e-02,6.005104052781371762e-04
1.040197520000000000e-02,6.005070651238516395e-04
1.098571020000000016e-02,6.004970447736233605e-04
1.153995529999999985e-02,6.004870245923335124e-04
1.189511369999999950e-02,6.004803445653282253e-04
1.223997100000000053e-02,6.004736646134037218e-04
1.240880609999999926e-02,6.004703246655964657e-04
1.290206219999999980e-02,6.004603049347964150e-04
1.306234239999999949e-02,6.004569650620692920e-04
1.368470339999999959e-02,6.004436057588565792e-04
1.427996599999999984e-02,6.004302467559542071e-04
1.442494390000000071e-02,6.004269070521494689e-04
1.471061409999999993e-02,6.004202277008492249e-04
1.485138870000000076e-02,6.004168880533512255e-04
1.553614000000000037e-02,6.004001900973878749e-04
1.593287120000000043e-02,6.003901715490245683e-04
1.631996089999999955e-02,6.003801531695702022e-04
1.644696630000000090e-02,6.003768137472847381e-04
1.682223050000000025e-02,6.003667955930361852e-04
1.730993239999999850e-02,6.003534383167747788e-04
1.742972569999999902e-02,6.003500990446245357e-04
1.754870130000000042e-02,6.003467597912409649e-04
1.824627070000000087e-02,6.003267246650280560e-04
1.835995569999999966e-02,6.003233855430058783e-04
1.847294110000000100e-02,6.003200464397490718e-04
1.880782519999999944e-02,6.003100292425694699e-04
1.924527490000000132e-02,6.002966732423741219e-04
1.935309240000000069e-02,6.002933342892372492e-04
2.009162109999999835e-02,6.002699621426759238e-04
2.019492059999999922e-02,6.002666233396522629e-04
2.039995039999999843e-02,6.002599457898944411e-04
2.050169640000000168e-02,6.002566070431606055e-04
2.080394890000000080e-02,6.002465909155375564e-04
2.100303430000000082e-02,6.002399135909392523e-04
2.129817330000000064e-02,6.002298977447602336e-04
2.168544450000000137e-02,6.002165435458636875e-04
2.197141860000000058e-02,6.002065280936897014e-04
2.206591980000000008e-02,6.002031896471574611e-04
2.243994499999999934e-02,6.001898360486377596e-04
2.253248119999999924e-02,6.001864976959101492e-04
2.280783739999999934e-02,6.001764827502969937e-04
2.307990860000000075e-02,6.001664679735288109e-04
2.325952140000000015e-02,6.001597915494847691e-04
2.379022509999999951e-02,6.001397627276003387e-04
2.387752890000000017e-02,6.001364246562771853e-04
2.447993949999999891e-02,6.001130586822847179e-04
2.456479220000000116e-02,6.001097207610355281e-04
2.464935279999999965e-02,6.001063828585444454e-04
2.481760959999999849e-02,6.000997071098370349e-04
2.490131170000000130e-02,6.000963692636214659e-04
2.523334379999999863e-02,6.000830180663423207e-04
2.556106320000000112e-02,6.000696671691862745e-04
2.580412149999999905e-02,6.000596541932717203e-04
2.596489630000000173e-02,6.000529789697794892e-04
2.612468180000000056e-02,6.000463038213171927e-04
2.651993379999999928e-02,6.000296162783957986e-04
2.659827940000000085e-02,6.000262788260804199e-04
2.683194360000000153e-02,6.000162665816670968e-04
2.721692649999999866e-02,5.999995798827597975e-04
2.736940339999999888e-02,5.999929053344825501e-04
2.744532419999999931e-02,5.999895680884767503e-04
2.774693010000000085e-02,5.999762192919988425e-04
2.834051430000000121e-02,5.999495225992470919e-04
2.841384049999999897e-02,5.999461855970469187e-04
2.855992799999999832e-02,5.999395116489030042e-04
2.863269220000000045e-02,5.999361747029595881e-04
2.884988380000000005e-02,5.999261639776512023e-04
2.899377430000000047e-02,5.999194902545416886e-04
2.920828110000000047e-02,5.999094798105255449e-04
2.942122390000000143e-02,5.998994695352765283e-04
2.970277299999999829e-02,5.998861227641371762e-04
3.012016249999999867e-02,5.998661031699724627e-04
3.032670299999999999e-02,5.998560936260247502e-04
3.059992200000000162e-02,5.998427478299400706e-04
3.066784640000000048e-02,5.998394114277936498e-04
3.087072290000000135e-02,5.998294023338541321e-04
3.107227489999999856e-02,5.998193934086646110e-04
3.113916889999999993e-02,5.998160571377638989e-04
3.120591959999999970e-02,5.998127208856154392e-04
3.166923519999999964e-02,5.997893676455433353e-04
3.173487090000000344e-02,5.997860315433819946e-04
3.186573689999999681e-02,5.997793593953110831e-04
3.193096869999999948e-02,5.997760233493948986e-04
3.225514909999999819e-02,5.997593434010391059e-04
3.263991580000000226e-02,5.997393280816784274e-04
3.270360349999999749e-02,5.997359922607335431e-04
3.289392669999999935e-02,5.997259849103772763e-04
3.295712349999999763e-02,5.997226491644172238e-04
3.320870809999999784e-02,5.997093063680393639e-04
3.345840099999999873e-02,5.996959638715950846e-04
3.364445469999999966e-02,5.996859571960928706e-04
3.376792089999999802e-02,5.996792861728136251e-04
3.395227840000000080e-02,5.996692797784820058e-04
3.419654240000000178e-02,5.996559381817974854e-04
3.461985769999999935e-02,5.996325911092471699e-04
3.467990950000000155e-02,5.996292558881426669e-04
3.473985749999999872e-02,5.996259206857818512e-04
3.485944419999999905e-02,5.996192503372884623e-04
3.491908400000000301e-02,5.996159151911574069e-04
3.509739530000000052e-02,5.996059098652197503e-04
3.521576790000000012e-02,5.995992397416398736e-04
3.562697489999999689e-02,5.995758948994896675e-04
3.568533189999999883e-02,5.995725599970049696e-04
3.609118929999999975e-02,5.995492162043812231e-04
3.614879690000000201e-02,5.995458814518255311e-04
3.632107169999999885e-02,5.995358773066096275e-04
3.649253310000000194e-02,5.995258733300511296e-04
3.671990299999999818e-02,5.995125349570037867e-04
3.677652580000000115e-02,5.995092004105897305e-04
3.694587359999999820e-02,5.994991968837871336e-04
3.722640800000000250e-02,5.994825247138972548e-04
3.744932249999999990e-02,5.994691873152820354e-04
3.750484409999999685e-02,5.994658530124738960e-04
3.761564139999999667e-02,5.994591844630693797e-04
3.794609239999999911e-02,5.994391792645668458e-04
3.811024350000000172e-02,5.994291769182727393e-04
3.832801789999999709e-02,5.994158407188572221e-04
3.849054019999999937e-02,5.994058387660325523e-04
3.870617500000000238e-02,5.993925030912354698e-04
3.875989619999999775e-02,5.993891692193734078e-04
3.881354310000000030e-02,5.993858353662493950e-04
3.897404079999999826e-02,5.993758339192924254e-04
3.918701509999999999e-02,5.993624989189713344e-04
3.924007809999999902e-02,5.993591652157295984e-04
3.939883820000000120e-02,5.993491642184084001e-04
3.960952859999999909e-02,5.993358298175977678e-04
4.007953250000000078e-02,5.993058285116909575e-04
4.018323120000000248e-02,5.992991617608860134e-04
4.023498040000000192e-02,5.992958284135856822e-04
4.038983000000000156e-02,5.992858284840730859e-04
4.049273419999999818e-02,5.992791619580646687e-04
4.064660190000000256e-02,5.992691623095369432e-04
4.079988930000000291e-02,5.992591628295946323e-04
4.085085730000000137e-02,5.992558297070778176e-04
4.100338109999999980e-02,5.992458304519124096e-04
4.105409649999999799e-02,5.992424974043216628e-04
4.125633449999999841e-02,5.992291654012603472e-04
4.130673929999999910e-02,5.992258324473223336e-04
4.160788569999999964e-02,5.992058351170228506e-04
4.185718599999999762e-02,5.991891711901768062e-04
4.200605599999999995e-02,5.991791730588213192e-04
4.205556230000000173e-02,5.991758403858305545e-04
4.244953370000000004e-02,5.991491796761101371e-04
4.259633349999999985e-02,5.991391822189767215e-04
4.283988209999999713e-02,5.991225201649785824e-04
4.288842589999999899e-02,5.991191878103625931e-04
4.303372860000000133e-02,5.991091908588700625e-04
4.322670569999999962e-02,5.990958618523831982e-04
4.327481560000000227e-02,5.990925296475815062e-04
4.337087509999999757e-02,5.990858652941470587e-04
4.361009829999999698e-02,5.990692047382700997e-04
4.365778569999999997e-02,5.990658726832741397e-04
4.380053619999999676e-02,5.990558766306292287e-04
4.394282299999999891e-02,5.990458807465107519e-04
4.403742540000000344e-02,5.990392169173858498e-04
4.413182499999999953e-02,5.990325531631583928e-04
4.455414840000000015e-02,5.990025671959864221e-04
4.474056810000000273e-02,5.989892405862760200e-04
4.478705179999999814e-02,5.989859089806568154e-04
4.487987470000000256e-02,5.989792458255831144e-04
4.492621420000000171e-02,5.989759142761286181e-04
4.506494700000000103e-02,5.989659197401091826e-04
4.515719859999999669e-02,5.989592568096998443e-04
4.529522390000000065e-02,5.989492625545091544e-04
4.561565869999999884e-02,5.989259432809773513e-04
4.584316940000000146e-02,5.989092872186520819e-04
4.602436819999999873e-02,5.988959627057577817e-04
4.615980060000000190e-02,5.988859695176505793e-04
4.624986849999999927e-02,5.988793074858413373e-04
4.651902589999999671e-02,5.988593218396755496e-04
4.656373419999999819e-02,5.988559909641639426e-04
4.660839960000000282e-02,5.988526601073701104e-04
4.691986699999999705e-02,5.988293446339328779e-04
4.696419369999999677e-02,5.988260139268841709e-04
4.709692359999999994e-02,5.988160219180499021e-04
4.731731260000000133e-02,5.987993689443318023e-04
4.744905459999999853e-02,5.987893773847011419e-04
4.758043189999999756e-02,5.987793859935227562e-04
4.762414379999999753e-02,5.987760555672293943e-04
4.775503939999999753e-02,5.987660644006430550e-04
4.779859160000000246e-02,5.987627340492124436e-04
4.801576009999999894e-02,5.987460825727930480e-04
4.814559110000000280e-02,5.987360919115288383e-04
4.836120139999999790e-02,5.987194411837077831e-04
4.849010740000000291e-02,5.987094509715869001e-04
4.866145090000000006e-02,5.986961309507550294e-04
4.895985910000000274e-02,5.986728216347635525e-04
4.900234049999999814e-02,5.986694918073312121e-04
4.904478510000000180e-02,5.986661619986110086e-04
4.912956429999999763e-02,5.986595024373091807e-04
4.929868529999999888e-02,5.986461835392516010e-04
4.934087499999999932e-02,5.986428538615185240e-04
4.938302859999999656e-02,5.986395242024945482e-04
4.963519859999999950e-02,5.986195466413025317e-04
4.967710250000000050e-02,5.986162171132606950e-04
4.980260260000000244e-02,5.986062286413981401e-04
5.001106959999999935e-02,5.985895815625066592e-04
5.017721960000000314e-02,5.985762642361759861e-04
5.038413659999999711e-02,5.985596179992295086e-04
5.046666589999999897e-02,5.985529596354181381e-04
5.050787989999999672e-02,5.985496304815715509e-04
5.067240099999999886e-02,5.985363140532896573e-04
5.099985089999999749e-02,5.985096820947164277e-04
5.104063439999999979e-02,5.985063531840787224e-04
5.112210379999999887e-02,5.984996954189251940e-04
5.116278989999999832e-02,5.984963665644120814e-04
5.136573690000000025e-02,5.984797225724464978e-04
5.148712109999999814e-02,5.984697364017462417e-04
5.160821980000000059e-02,5.984597503994025253e-04
5.164852290000000040e-02,5.984564217693649074e-04
5.192976900000000062e-02,5.984331218828713031e-04
5.200984570000000140e-02,5.984264649407931066e-04
5.212973010000000046e-02,5.984164796679614356e-04
5.224933949999999855e-02,5.984064945634753538e-04
5.228914839999999897e-02,5.984031662327164583e-04
5.244808220000000271e-02,5.983898530967413131e-04
5.264607470000000344e-02,5.983732120976046958e-04
5.292201970000000311e-02,5.983499154843414112e-04
5.296132299999999765e-02,5.983465874715403069e-04
5.303984240000000211e-02,5.983399315020554270e-04
5.307905849999999814e-02,5.983366035453636282e-04
5.319653330000000124e-02,5.983266197874982780e-04
5.339175040000000011e-02,5.983099805650979710e-04
5.354741159999999722e-02,5.982966695237966525e-04
5.366386120000000287e-02,5.982866864391797601e-04
5.385738429999999827e-02,5.982700483388237508e-04
5.389600549999999657e-02,5.982667207748504704e-04
5.401170360000000226e-02,5.982567381951416508e-04
5.420398480000000047e-02,5.982401009362717020e-04
5.431902689999999756e-02,5.982301188053435435e-04
5.443382580000000193e-02,5.982201368426991748e-04
5.473877910000000263e-02,5.981935190983628291e-04
5.481475239999999971e-02,5.981868648492599241e-04
5.489062050000000081e-02,5.981802106749428997e-04
5.492851530000000121e-02,5.981768836158326977e-04
5.507983360000000272e-02,5.981635755663497608e-04
5.511759819999999949e-02,5.981602486007167596e-04
5.523073729999999903e-02,5.981502678160098042e-04
5.541878909999999742e-02,5.981336335487471428e-04
5.549383139999999881e-02,5.981269799727122844e-04
5.568099469999999995e-02,5.981103463597941487e-04
5.571835189999999743e-02,5.981070196932942616e-04
5.601631270000000107e-02,5.980804070343023878e-04
5.612764020000000215e-02,5.980704275956324296e-04
5.627573429999999793e-02,5.980571219391160685e-04
5.642343970000000125e-02,5.980438165816899954e-04
5.657075939999999664e-02,5.980305115233446695e-04
5.668099790000000193e-02,5.980205329258551352e-04
5.671769649999999774e-02,5.980172067640788982e-04
5.682764989999999905e-02,5.980072283908890009e-04
5.690083420000000003e-02,5.980005762355577580e-04
5.711982439999999800e-02,5.979806202181470404e-04
5.715624119999999919e-02,5.979772942806637183e-04
5.726535270000000094e-02,5.979673165803599385e-04
5.744674450000000071e-02,5.979506874536479142e-04
5.748295419999999850e-02,5.979473616843767160e-04
5.759144669999999994e-02,5.979373844887006344e-04
5.769973510000000333e-02,5.979274074612222567e-04
5.773578619999999995e-02,5.979240818227804337e-04
5.777181470000000013e-02,5.979207562030212572e-04
5.798751569999999883e-02,5.979008028769317723e-04
5.802338790000000079e-02,5.978974773879919963e-04
5.805923799999999912e-02,5.978941519177446247e-04
5.834524540000000231e-02,5.978675488284962945e-04
5.841652840000000069e-02,5.978608982430540187e-04
5.845213739999999963e-02,5.978575729783692106e-04
5.873623160000000093e-02,5.978309715335669615e-04
5.884241330000000020e-02,5.978209963000866937e-04
5.887776470000000151e-02,5.978176712596343020e-04
5.915981499999999754e-02,5.977910716086601598e-04
5.919497680000000012e-02,5.977877467363707778e-04
5.930033710000000291e-02,5.977777722316088109e-04
5.940551060000000272e-02,5.977677978950090946e-04
5.947552290000000103e-02,5.977611484306932310e-04
5.958038699999999854e-02,5.977511743743409113e-04
5.971991950000000299e-02,5.977378758941125428e-04
5.999801099999999693e-02,5.977112798304305393e-04
6.003268190000000254e-02,5.977079554065436486e-04
6.024028800000000294e-02,5.976880092555230794e-04
6.027481950000000005e-02,5.976846849624052821e-04
6.041274809999999662e-02,5.976713879767442958e-04
6.055036250000000314e-02,5.976580912899755139e-04
6.058471719999999894e-02,5.976547671649809360e-04
6.065336839999999757e-02,5.976481189710438399e-04
6.085885719999999804e-02,5.976281748375414761e-04
6.113176780000000032e-02,5.976015837055835556e-04
6.119980530000000002e-02,5.975949361093826212e-04
6.123379560000000166e-02,5.975916123392933845e-04
6.133565380000000067e-02,5.975816411411153739e-04
6.136956899999999882e-02,5.975783174457477247e-04
6.150504259999999696e-02,5.975650228510427696e-04
6.167396609999999807e-02,5.975484050279011297e-04
6.174140610000000001e-02,5.975417580293844238e-04
6.194328550000000044e-02,5.975218174820676621e-04
6.204397889999999777e-02,5.975118474605391411e-04
6.214450920000000322e-02,5.975018776070962177e-04
6.217798310000000050e-02,5.974985543599608401e-04
6.227829700000000329e-02,5.974885847306162174e-04
6.241179809999999883e-02,5.974752921529426610e-04
6.244512879999999933e-02,5.974719690552121858e-04
6.257827400000000317e-02,5.974586768510297980e-04
6.284371810000000114e-02,5.974320933390099781e-04
6.297602060000000168e-02,5.974188020311612703e-04
6.300905280000000663e-02,5.974154792508799871e-04
6.323979509999999582e-02,5.973922203117405056e-04
6.327268960000000109e-02,5.973888976808382125e-04
6.333842739999999416e-02,5.973822524750521841e-04
6.337127069999999585e-02,5.973789299001647625e-04
6.346969869999999347e-02,5.973689622875362525e-04
6.353523260000000505e-02,5.973623173058027714e-04
6.373143000000000558e-02,5.973423828087040619e-04
6.376407089999999722e-02,5.973390604578695130e-04
6.386189339999999437e-02,5.973290935173796714e-04
6.389446769999999887e-02,5.973257712412287628e-04
6.402459889999999321e-02,5.973124823233031669e-04
6.405709029999999415e-02,5.973091601404892717e-04
6.441341509999999604e-02,5.972726173617581066e-04
6.451025289999999524e-02,5.972626515414055596e-04
6.479989830000000561e-02,5.972327550884178483e-04
6.483200120000000288e-02,5.972294333536407431e-04
6.492821479999999479e-02,5.972194682613188961e-04
6.505627819999999784e-02,5.972061817328814300e-04
6.508825470000000057e-02,5.972028601474388626e-04
6.518409000000000009e-02,5.971928955031000292e-04
6.527978469999999589e-02,5.971829310267577802e-04
6.531165170000000075e-02,5.971796095719692724e-04
6.540715969999999491e-02,5.971696453196044356e-04
6.556603060000000538e-02,5.971530386056295506e-04
6.569285060000000509e-02,5.971397535704013951e-04
6.578780519999999354e-02,5.971297899899538327e-04
6.585103220000000646e-02,5.971231476963065419e-04
6.591419860000000130e-02,5.971165054773164369e-04
6.607185029999999848e-02,5.970999002564368044e-04
6.619770129999999475e-02,5.970866164156581361e-04
6.635467940000000509e-02,5.970700120345838339e-04
6.641736669999999398e-02,5.970633704127824770e-04
6.644868819999999454e-02,5.970600496298758986e-04
6.660507479999999703e-02,5.970434459952636249e-04
6.669873070000000015e-02,5.970334840384229104e-04
6.682340109999999889e-02,5.970202016905518192e-04
6.691675140000000188e-02,5.970102401255741875e-04
6.710306259999999912e-02,5.969903174994431200e-04
6.728885780000000427e-02,5.969703955450296170e-04
6.731977379999999622e-02,5.969670752845984392e-04
6.735067570000000114e-02,5.969637550428322356e-04
6.744329620000000247e-02,5.969537944294645970e-04
6.753578970000000126e-02,5.969438339840200339e-04
6.756659280000000545e-02,5.969405138728589924e-04
6.759738179999999486e-02,5.969371937803511071e-04
6.781251330000000188e-02,5.969139536551896705e-04
6.790450389999999614e-02,5.969039938814032576e-04
6.793513980000000230e-02,5.969006739941241100e-04
6.808811230000000325e-02,5.968840748375531463e-04
6.817973099999999342e-02,5.968741155674760039e-04
6.839303080000000423e-02,5.968508779235723880e-04
6.842344790000000343e-02,5.968475583347752911e-04
6.854498139999999629e-02,5.968342801661381987e-04
6.857533120000000593e-02,5.968309606706206525e-04
6.881764710000000396e-02,5.968044053779657200e-04
6.902897569999999483e-02,5.967811704761830875e-04
6.923965930000000601e-02,5.967579364883694422e-04
6.926970470000000379e-02,5.967546174218647326e-04
6.929973700000000014e-02,5.967512983740062404e-04
6.935976259999999949e-02,5.967446603342440627e-04
6.938975599999999688e-02,5.967413413423453645e-04
6.947965829999999676e-02,5.967313844785401269e-04
6.962923760000000462e-02,5.967147900785528536e-04
6.971883119999999767e-02,5.967048336623698070e-04
6.977849630000000636e-02,5.966981961448268330e-04
6.983811040000000026e-02,5.966915587018807631e-04
7.010574679999999337e-02,5.966616911317870666e-04
7.019473210000000407e-02,5.966517356107628586e-04
7.025399309999999509e-02,5.966450986899945758e-04
7.034279089999999346e-02,5.966351434486960462e-04
7.043147669999999527e-02,5.966251883752237729e-04
7.046101389999999409e-02,5.966218700547003565e-04
7.069686679999999390e-02,5.965953241617744660e-04
7.072629310000000391e-02,5.965920060090681987e-04
7.081449859999999763e-02,5.965820516628252915e-04
7.096126429999999319e-02,5.965654614586874153e-04
7.104917809999999889e-02,5.965555075599442928e-04
7.116622760000000658e-02,5.965422359559893750e-04
7.125388859999999547e-02,5.965322824487986030e-04
7.137060239999999667e-02,5.965190113668966806e-04
7.139975099999999741e-02,5.965156936430284764e-04
7.142888779999999327e-02,5.965123759378114770e-04
7.151622679999999899e-02,5.965024229340101358e-04
7.163251310000000316e-02,5.964891525232803157e-04
7.166155520000000445e-02,5.964858349672064923e-04
7.174861100000000380e-02,5.964758824108455215e-04
7.186452140000000599e-02,5.964626125966983805e-04
7.209578290000000222e-02,5.964360738632074272e-04
7.212463850000000454e-02,5.964327566054125835e-04
7.218231499999999690e-02,5.964261221457393220e-04
7.229752999999999874e-02,5.964128534500879935e-04
7.235506869999999702e-02,5.964062192141067822e-04
7.244129109999999927e-02,5.963962679999415886e-04
7.264207849999999855e-02,5.963730491526068747e-04
7.281374140000000661e-02,5.963531480104088209e-04
7.289942130000000298e-02,5.963431976909378852e-04
7.298500049999999406e-02,5.963332475392038676e-04
7.304199769999999980e-02,5.963266141979134448e-04
7.312741009999999819e-02,5.963166643257544015e-04
7.324113840000000264e-02,5.963033980904712452e-04
7.343973900000000388e-02,5.962801828962432113e-04
7.346806670000000095e-02,5.962768665144723389e-04
7.355298439999999327e-02,5.962669174809821651e-04
7.358126850000000496e-02,5.962636011737559383e-04
7.369429630000000342e-02,5.962503361312058688e-04
7.372252619999999923e-02,5.962470199171591208e-04
7.389167900000000178e-02,5.962271230242109990e-04
7.391983359999999836e-02,5.962238069406165407e-04
7.394797729999999514e-02,5.962204908756423873e-04
7.414468470000000477e-02,5.961972789426329055e-04
7.417274320000000198e-02,5.961939630267416466e-04
7.425685499999999661e-02,5.961840153908619074e-04
7.445274629999999727e-02,5.961608048926365748e-04
7.470385179999999847e-02,5.961309641650384440e-04
7.481518369999999585e-02,5.961177021038665397e-04
7.484299079999999493e-02,5.961143866351519731e-04
7.489857399999999554e-02,5.961077557536142209e-04
7.500961690000000626e-02,5.960944942141143234e-04
7.506507669999999688e-02,5.960878635561439381e-04
7.523121089999999789e-02,5.960679720293653476e-04
7.525886430000000571e-02,5.960646568401085530e-04
7.547972660000000500e-02,5.960381359966962327e-04
7.550728900000000521e-02,5.960348209751030642e-04
7.558991580000000432e-02,5.960248760220866965e-04
7.569994450000000485e-02,5.960116163455213018e-04
7.572742679999999726e-02,5.960083014729584440e-04
7.580981359999999780e-02,5.959983569670096980e-04
7.589211099999999821e-02,5.959884126287113507e-04
7.591952370000000505e-02,5.959850978865374651e-04
7.616579349999999526e-02,5.959552660451351500e-04
7.622041209999999567e-02,5.959486369519384659e-04
7.638403350000000369e-02,5.959287501193601989e-04
7.646571289999999632e-02,5.959188069545127281e-04
7.657448329999999581e-02,5.959055496621359915e-04
7.665595969999999815e-02,5.958956068884016608e-04
7.668309930000000163e-02,5.958922926677419222e-04
7.679156169999999670e-02,5.958790359713355073e-04
7.681865340000000597e-02,5.958757218437958332e-04
7.689987119999999732e-02,5.958657795729140364e-04
7.698100330000000324e-02,5.958558374696407882e-04
7.711603370000000290e-02,5.958392676699680304e-04
7.722388809999999881e-02,5.958260121654401342e-04
7.741227159999999885e-02,5.958028157494481194e-04
7.751971380000000078e-02,5.957895610642668753e-04
7.754655109999999962e-02,5.957862474395246577e-04
7.762700729999999494e-02,5.957763066770190756e-04
7.768059839999999494e-02,5.957696795951115303e-04
7.776091590000000497e-02,5.957597391119096551e-04
7.789459440000000290e-02,5.957431720123051479e-04
7.794800159999999700e-02,5.957365453027983889e-04
7.808135970000000536e-02,5.957199788548579343e-04
7.810800410000000304e-02,5.957166656211345312e-04
7.818788249999999995e-02,5.957067260316479878e-04
7.837394890000000391e-02,5.956835343078156113e-04
7.848007460000000490e-02,5.956702823037914214e-04
7.850658350000000452e-02,5.956669693493190330e-04
7.871833409999999531e-02,5.956404663838037921e-04
7.874476290000000100e-02,5.956371535968885611e-04
7.879759379999999591e-02,5.956305280788970046e-04
7.882399599999999340e-02,5.956272153478271844e-04
7.921897310000000636e-02,5.955775266155983712e-04
7.935019529999999544e-02,5.955609646355804762e-04
7.937641369999999530e-02,5.955576522954173641e-04
7.945501689999999451e-02,5.955477153865996586e-04
7.955970049999999683e-02,5.955344664354369263e-04
7.958584990000000525e-02,5.955311542441794415e-04
7.966424649999999386e-02,5.955212177820734141e-04
7.979473639999999646e-02,5.955046573841453385e-04
7.997706450000000022e-02,5.954814736087284338e-04
8.000307750000000551e-02,5.954781617152609535e-04
8.015897800000000573e-02,5.954582907452595636e-04
8.021087740000000521e-02,5.954516672374671974e-04
8.028866380000000691e-02,5.954417321153709789e-04
8.036637480000000111e-02,5.954317971607526625e-04
8.039226180000000332e-02,5.954284855464341735e-04
8.046987279999999465e-02,5.954185508151319060e-04
8.049572650000000329e-02,5.954152392752485581e-04
8.070225790000000454e-02,5.953887476260909988e-04
8.077957099999999446e-02,5.953788135646885223e-04
8.083107209999999820e-02,5.953721909501357400e-04
8.090826210000000296e-02,5.953622571678465845e-04
8.098537860000000477e-02,5.953523235530280670e-04
8.121628870000000000e-02,5.953225237133263036e-04
8.124190489999999487e-02,5.953192127130600263e-04
8.129311300000000018e-02,5.953125907683375377e-04
8.144654410000000400e-02,5.952927253806984112e-04
8.152315139999999349e-02,5.952827929380506526e-04
8.159968680000000141e-02,5.952728606628461018e-04
8.162518259999999859e-02,5.952695499416485849e-04
8.165067049999999438e-02,5.952662392390609646e-04
8.170162240000000686e-02,5.952596178896937297e-04
8.182886339999999314e-02,5.952430648418462677e-04
8.193051390000000156e-02,5.952298227384276953e-04
8.200666909999999865e-02,5.952198913561960146e-04
8.205739989999999429e-02,5.952132705277157158e-04
8.210809939999999529e-02,5.952066497736488741e-04
8.213343739999999504e-02,5.952033394245174504e-04
8.223471150000000174e-02,5.951900982140272958e-04
8.233586090000000191e-02,5.951768573011524807e-04
8.251257400000000519e-02,5.951536864197670132e-04
8.253778790000000642e-02,5.951503763682625299e-04
8.261338329999999563e-02,5.951404463253403719e-04
8.266374179999999572e-02,5.951338263897236556e-04
8.283975550000000077e-02,5.951106572009591663e-04
8.304045720000000075e-02,5.950841792440334172e-04
8.306551080000000586e-02,5.950808695831097308e-04
8.321567409999999776e-02,5.950610120081351821e-04
8.324067490000000569e-02,5.950577024773910000e-04
8.326566829999999808e-02,5.950543929652537872e-04
8.334060340000000455e-02,5.950444645404143586e-04
8.363967260000000625e-02,5.950047525147756419e-04
8.366454680000000310e-02,5.950014433001828617e-04
8.371427300000000571e-02,5.949948249267815632e-04
8.373912499999999759e-02,5.949915157679718522e-04
8.386327459999999567e-02,5.949749702528569660e-04
8.393767620000000540e-02,5.949650431669251463e-04
8.401201190000000263e-02,5.949551162483426425e-04
8.403677589999999920e-02,5.949518073126744237e-04
8.411102400000000645e-02,5.949418806172201849e-04
8.425932399999999656e-02,5.949220277283472948e-04
8.433337620000000423e-02,5.949121015349186688e-04
8.445665230000000412e-02,5.948955582510645317e-04
8.453053160000000010e-02,5.948856325038542718e-04
8.462893709999999570e-02,5.948723984345361026e-04
8.484993209999999730e-02,5.948426228661561621e-04
8.489896399999999343e-02,5.948360062776841643e-04
8.492346929999999849e-02,5.948326980113305927e-04
8.502141990000000593e-02,5.948194651318210917e-04
8.511925789999999492e-02,5.948062325497595294e-04
8.519256259999999359e-02,5.947963083083971248e-04
8.521698349999999589e-02,5.947930002651225954e-04
8.524139740000000187e-02,5.947896922404364954e-04
8.541209930000000228e-02,5.947665365881181672e-04
8.543645739999999877e-02,5.947632287121363583e-04
8.563107309999999639e-02,5.947367663734745612e-04
8.567965800000000576e-02,5.947301509746879579e-04
8.570394000000000623e-02,5.947268433031638020e-04
8.577674509999999586e-02,5.947169204001441370e-04
8.580099970000000520e-02,5.947136128029740241e-04
8.589794970000000363e-02,5.947003826001655063e-04
8.599479040000000685e-02,5.946871526947340204e-04
8.606734940000000667e-02,5.946772304608079337e-04
8.609152209999999805e-02,5.946739230866662307e-04
8.628466029999999620e-02,5.946474647626259682e-04
8.645330230000000671e-02,5.946243147047739364e-04
8.654952159999999839e-02,5.946110865091269997e-04
8.657355969999999679e-02,5.946077795066720276e-04
8.659759109999999593e-02,5.946044725227977870e-04
8.666964550000000322e-02,5.945945516826890535e-04
8.674163999999999486e-02,5.945846310098202398e-04
8.678960310000000122e-02,5.945780173208146079e-04
8.686149819999999799e-02,5.945680969266818128e-04
8.698119120000000204e-02,5.945515633080859612e-04
8.714848529999999482e-02,5.945284170224710094e-04
8.722008450000000301e-02,5.945184974644854466e-04
8.731545890000000365e-02,5.945052716473068089e-04
8.760095880000000335e-02,5.944655959793814816e-04
8.762470840000000094e-02,5.944622897944776144e-04
8.771964279999999725e-02,5.944490652406743403e-04
8.774336039999999781e-02,5.944457591486736973e-04
8.781447459999999761e-02,5.944358409841230895e-04
8.788553120000000551e-02,5.944259229867653472e-04
8.793287040000000165e-02,5.944193110814169215e-04
8.800383150000000432e-02,5.944093933627264594e-04
8.807473540000000656e-02,5.943994758112240923e-04
8.809835729999999920e-02,5.943961699978716475e-04
8.826353389999999632e-02,5.943730298245651633e-04
8.828710539999999607e-02,5.943697241598314661e-04
8.831067049999999363e-02,5.943664185136626711e-04
8.838132819999999779e-02,5.943565016866182325e-04
8.849896570000000129e-02,5.943399740130470184e-04
8.856947319999999846e-02,5.943300576317997333e-04
8.866339600000000543e-02,5.943168360501773374e-04
8.887435929999999706e-02,5.942870885780771485e-04
8.894456929999999817e-02,5.942771730883681172e-04
8.906146280000000470e-02,5.942606476436199320e-04
8.910817729999999381e-02,5.942540375957292703e-04
8.922485650000000490e-02,5.942375128010025714e-04
8.941122649999999616e-02,5.942110740951403762e-04
8.943449539999999420e-02,5.942077693404713458e-04
8.948101510000000536e-02,5.942011598868500010e-04
8.957398210000000471e-02,5.941879412024554186e-04
8.962042940000000679e-02,5.941813319716733989e-04
8.969005530000000170e-02,5.941714182647764384e-04
8.975962719999999728e-02,5.941615047250021955e-04
8.978280580000000399e-02,5.941582002488771715e-04
8.985230589999999851e-02,5.941482869319308696e-04
8.996801999999999577e-02,5.941317651083783671e-04
9.006048429999999327e-02,5.941185479837661444e-04
9.012977020000000061e-02,5.941086353352588879e-04
9.017593120000000351e-02,5.941020269957544798e-04
9.031427279999999780e-02,5.940822024228604916e-04
9.033730919999999331e-02,5.940788983923671720e-04
9.036033960000000587e-02,5.940755943804279125e-04
9.054437240000000331e-02,5.940491629533310898e-04
9.059032220000000357e-02,5.940425552822132518e-04
9.061328829999999723e-02,5.940392514744961567e-04
9.088842950000000642e-02,5.939996072299896009e-04
9.097995829999999673e-02,5.939863930758654915e-04
9.107139520000000210e-02,5.939731792187625788e-04
9.109424000000000687e-02,5.939698758008862042e-04
9.116274030000000306e-02,5.939599656586573356e-04
9.123118909999999859e-02,5.939500556834830967e-04
9.134515649999999654e-02,5.939335394294393156e-04
9.143622810000000267e-02,5.939203267603091916e-04
9.161809969999999692e-02,5.938939023129773337e-04
9.164080830000000122e-02,5.938905993405862961e-04
9.168620859999999928e-02,5.938839934514819055e-04
9.179961109999999758e-02,5.938674790535183011e-04
9.182227469999999780e-02,5.938641762295950900e-04
9.189023229999999931e-02,5.938542678692150870e-04
9.200338330000000509e-02,5.938377543064167529e-04
9.204860469999999462e-02,5.938311490112022084e-04
9.216156120000000562e-02,5.938146360979433243e-04
9.218413590000000546e-02,5.938113335709662832e-04
9.225182690000000019e-02,5.938014261013852164e-04
9.231946820000000442e-02,5.937915187988140019e-04
9.236453490000000321e-02,5.937849140232204790e-04
9.243209369999999536e-02,5.937750069990014755e-04
9.249960320000000236e-02,5.937651001417955767e-04
9.252209549999999838e-02,5.937617978931808297e-04
9.261200969999999755e-02,5.937485890842445543e-04
9.272427989999999787e-02,5.937320784905827670e-04
9.279157679999999742e-02,5.937221723570465818e-04
9.290363000000000093e-02,5.937056625055851496e-04
9.303791570000000122e-02,5.936858512961228334e-04
9.306027779999999361e-02,5.936825494928164816e-04
9.312733189999999883e-02,5.936726441942207031e-04
9.321666239999999715e-02,5.936594373891782234e-04
9.323898160000000657e-02,5.936561357342949206e-04
9.341734349999999965e-02,5.936297231631437656e-04
9.343961480000000097e-02,5.936264216752348616e-04
9.359536559999999394e-02,5.936033117793247443e-04
9.361759449999999816e-02,5.936000104398224094e-04
9.377304960000000522e-02,5.935769015827596857e-04
9.383959440000000374e-02,5.935669980651333763e-04
9.386176549999999952e-02,5.935636969296895996e-04
9.392824739999999784e-02,5.935537936346566099e-04
9.397254260000000026e-02,5.935471915307215544e-04
9.403894620000000093e-02,5.935372885139308377e-04
9.412741149999999390e-02,5.935240847512316450e-04
9.419370589999999377e-02,5.935141821239623512e-04
9.430409309999999989e-02,5.934976781161527618e-04
9.432615499999999487e-02,5.934943773702305164e-04
9.439230989999999877e-02,5.934844752437627713e-04
9.450246499999999383e-02,5.934679720705783026e-04
9.463448200000000587e-02,5.934481688748119215e-04
9.465646689999999974e-02,5.934448684070927011e-04
9.483216279999999443e-02,5.934184653330066813e-04
9.489796490000000639e-02,5.934085644862223266e-04
9.491988880000000461e-02,5.934052642410513230e-04
9.500753380000000192e-02,5.933920634458122838e-04
9.509509800000000290e-02,5.933788629472800226e-04
9.516071830000000231e-02,5.933689627680948904e-04
9.520444000000000129e-02,5.933623627413522027e-04
9.524814160000000252e-02,5.933557627887800024e-04
9.537912649999999437e-02,5.933359633761205870e-04
9.550993169999999477e-02,5.933161646309859094e-04
9.555349359999999737e-02,5.933095651976062540e-04
9.559703569999999928e-02,5.933029658383987123e-04
9.561879930000000138e-02,5.932996661866057030e-04
9.579273010000000088e-02,5.932732696397431064e-04
9.587957719999999628e-02,5.932600718112895216e-04
9.590127669999999604e-02,5.932567724005284246e-04
9.596634569999999698e-02,5.932468742794777712e-04
9.603137069999999331e-02,5.932369763252935300e-04
9.607469620000000377e-02,5.932303777818626880e-04
9.613964780000000543e-02,5.932204801057554874e-04
9.622618180000000465e-02,5.932072834638296667e-04
9.629103129999999622e-02,5.931973861770423358e-04
9.642059930000000667e-02,5.931775921039786565e-04
9.648531809999999487e-02,5.931676953177088133e-04
9.665768969999999349e-02,5.931413047032829417e-04
9.672224980000000694e-02,5.931314085287197474e-04
9.674376029999999516e-02,5.931281098409418471e-04
9.676526600000000256e-02,5.931248111716979493e-04
9.691567219999999705e-02,5.931017210059784037e-04
9.693713980000000230e-02,5.930984224850220296e-04
9.698006060000000095e-02,5.930918254986988205e-04
9.717296979999999473e-02,5.930621399777238510e-04
9.725858440000000049e-02,5.930489468947291749e-04
9.732274600000000164e-02,5.930390522770915759e-04
9.742958790000000313e-02,5.930225616183349693e-04
9.751497720000000535e-02,5.930093694249221042e-04
9.762160879999999541e-02,5.929928796001289297e-04
9.768553189999999720e-02,5.929829859276341663e-04
9.777069770000000604e-02,5.929697946237461915e-04
9.791955950000000297e-02,5.929467105553642330e-04
9.794080700000000472e-02,5.929434129054311645e-04
9.796204990000000057e-02,5.929401152740287374e-04
9.800452190000000230e-02,5.929335200668147234e-04
9.802575099999999431e-02,5.929302224910024859e-04
9.808941070000000428e-02,5.929203298747393221e-04
9.811062140000000042e-02,5.929170323730415188e-04
9.813182759999999893e-02,5.929137348898816211e-04
9.825896829999999915e-02,5.928939503799886181e-04
9.844937149999999360e-02,5.928642748658122068e-04
9.847050470000000277e-02,5.928609776790997460e-04
9.853387700000000582e-02,5.928510862301152040e-04
9.859720869999999415e-02,5.928411949478882203e-04
9.868158759999999530e-02,5.928280068309446605e-04
9.870267110000000010e-02,5.928247098480297905e-04
9.876589439999999831e-02,5.928148190104209989e-04
9.887117689999999626e-02,5.927983346516086825e-04
9.895532220000000101e-02,5.927851474980106285e-04
9.903939609999999616e-02,5.927719606408220644e-04
9.914438809999999436e-02,5.927554774861251144e-04
9.927023199999999992e-02,5.927356983117887607e-04
9.935403930000000217e-02,5.927225125660248424e-04
9.945869920000000031e-02,5.927060308005947407e-04
9.947961800000000576e-02,5.927027345030800665e-04
9.954234789999999444e-02,5.926928457216565750e-04
9.960503830000000391e-02,5.926829571069315529e-04
9.962592630000000060e-02,5.926796609390633892e-04
9.964681000000000233e-02,5.926763647897249996e-04
9.970943470000000197e-02,5.926664764528220136e-04
9.979287320000000683e-02,5.926532922629172695e-04
9.995954120000000165e-02,5.926269247720919800e-04
9.998035519999999565e-02,5.926236289190830661e-04
1.000219702000000044e-01,5.926170372686245282e-04
1.000427710999999970e-01,5.926137414711631947e-04
1.001467112000000020e-01,5.925972627616894056e-04
1.002920464000000011e-01,5.925741933462236972e-04
1.003542684999999962e-01,5.925643067316586953e-04
1.003750006000000000e-01,5.925610112305034188e-04
1.004578862999999933e-01,5.925478294110681637e-04
1.004785970000000028e-01,5.925445340024985486e-04
1.006441294999999986e-01,5.925181714005909803e-04
1.007061340000000027e-01,5.925082857303955609e-04
1.007681004000000047e-01,5.924984002268510143e-04
1.007887474000000033e-01,5.924951050960349137e-04
1.009331579999999950e-01,5.924720396987385746e-04
1.009743802999999995e-01,5.924654497518686957e-04
1.010155856999999935e-01,5.924588598790493914e-04
1.011391013000000061e-01,5.924390907049510886e-04
1.012830123999999971e-01,5.924160275108788978e-04
1.013035545000000037e-01,5.924127328429286540e-04
1.013446261000000015e-01,5.924061435625556891e-04
1.014472322999999954e-01,5.923896706855911803e-04
1.014677410999999946e-01,5.923863761657366649e-04
1.015292426999999942e-01,5.923764927172533177e-04
1.016316624999999974e-01,5.923600206733334881e-04
1.018566236999999958e-01,5.923237838057112672e-04
1.019587146000000000e-01,5.923073132426533117e-04
1.019995224000000006e-01,5.923007251470048659e-04
1.020199202000000027e-01,5.922974311269468438e-04
1.020810889999999999e-01,5.922875491778138365e-04
1.021829558000000027e-01,5.922710796327910381e-04
1.022440270999999956e-01,5.922611981278739840e-04
1.023253987999999948e-01,5.922480230470998988e-04
1.024270225000000062e-01,5.922315546125551293e-04
1.024473352000000032e-01,5.922282609811746956e-04
1.025082489999999957e-01,5.922183801980601420e-04
1.025894110999999997e-01,5.922052060796657554e-04
1.026705091000000014e-01,5.921920322573811851e-04
1.027312905999999970e-01,5.921821520849828617e-04
1.029134196000000001e-01,5.921525125670746995e-04
1.029740576000000019e-01,5.921426330608528001e-04
1.029942623999999946e-01,5.921393399291285638e-04
1.030952267999999949e-01,5.921228745480483936e-04
1.031557580000000002e-01,5.921129955414466961e-04
1.032162536999999963e-01,5.921031167013762839e-04
1.032364110999999945e-01,5.920998237916974116e-04
1.032968595999999989e-01,5.920899451736690022e-04
1.034176504999999996e-01,5.920701884371730797e-04
1.035784859999999974e-01,5.920438471579715905e-04
1.036387349999999957e-01,5.920339694835497022e-04
1.038593488000000009e-01,5.919977527685394824e-04
1.038793813000000038e-01,5.919944604508959284e-04
1.038994099999999976e-01,5.919911681517590549e-04
1.039594729999999967e-01,5.919812913653515465e-04
1.040195012999999974e-01,5.919714147454356416e-04
1.040395030000000054e-01,5.919681225757912136e-04
1.040595009000000043e-01,5.919648304246506471e-04
1.041194715000000048e-01,5.919549540822152548e-04
1.041993786000000033e-01,5.919417858846118524e-04
1.042193458000000017e-01,5.919384938814562088e-04
1.042592687999999990e-01,5.919319099306466405e-04
1.043590092999999996e-01,5.919154503773112240e-04
1.044387331999999946e-01,5.919022830676027224e-04
1.044984860999999959e-01,5.918924077795257536e-04
1.045383024999999994e-01,5.918858243466363104e-04
1.045781035999999997e-01,5.918792409877156931e-04
1.046775404000000048e-01,5.918627829141228204e-04
1.047570218000000025e-01,5.918496167881599117e-04
1.048562888999999970e-01,5.918331595468536441e-04
1.048959693999999970e-01,5.918265767797899939e-04
1.049158040000000014e-01,5.918232854239976982e-04
1.050149209999999972e-01,5.918068289224682685e-04
1.051535277999999934e-01,5.917837905970572444e-04
1.052919521000000025e-01,5.917607531778003868e-04
1.053117120999999962e-01,5.917574621918711940e-04
1.053907153000000069e-01,5.917442984331033754e-04
1.055485441999999968e-01,5.917179718031544003e-04
1.056470674999999970e-01,5.917015182603917742e-04
1.057848460000000018e-01,5.916784840771222411e-04
1.058045140000000023e-01,5.916751935534720263e-04
1.058438389999999951e-01,5.916686125616363442e-04
1.058634960999999958e-01,5.916653220934616104e-04
1.059224453000000010e-01,5.916554507998478219e-04
1.060206211000000037e-01,5.916389990135990755e-04
1.060794830000000022e-01,5.916291281637150838e-04
1.060990963999999953e-01,5.916258379173993396e-04
1.061579148000000028e-01,5.916159672893732532e-04
1.062558730999999951e-01,5.915995166124139249e-04
1.063928632000000069e-01,5.915764864411280624e-04
1.064319707999999975e-01,5.915699065585639091e-04
1.064906052999999991e-01,5.915600368733670792e-04
1.065687344999999980e-01,5.915468775519119740e-04
1.067443161000000001e-01,5.915172701600258150e-04
1.067832950000000003e-01,5.915106909429359563e-04
1.068027790999999949e-01,5.915074013621158654e-04
1.068806801000000001e-01,5.914942432236899124e-04
1.069001465000000012e-01,5.914909537352956714e-04
1.069585242999999963e-01,5.914810853809980996e-04
1.070363119999999946e-01,5.914679278340527870e-04
1.070557500000000051e-01,5.914646384935132563e-04
1.070946155999999982e-01,5.914580598679041465e-04
1.072111278000000001e-01,5.914383244346487541e-04
1.073275134000000047e-01,5.914185896667323479e-04
1.073662806000000025e-01,5.914120115586162961e-04
1.075018556999999958e-01,5.913889887623614665e-04
1.076565896000000050e-01,5.913626781040351704e-04
1.077145573999999939e-01,5.913528119120668334e-04
1.077338731000000022e-01,5.913495232183731609e-04
1.077917994999999934e-01,5.913396572481741499e-04
1.078882741999999950e-01,5.913232143340633453e-04
1.079653919999999934e-01,5.913100603353978668e-04
1.080231942000000056e-01,5.913001950304151103e-04
1.081194624000000049e-01,5.912837532249790896e-04
1.081387057999999984e-01,5.912804649193287472e-04
1.081964153999999956e-01,5.912706001132312121e-04
1.082733136999999984e-01,5.912574472971090546e-04
1.082925297000000009e-01,5.912541591392645249e-04
1.084077544000000004e-01,5.912344305802180169e-04
1.084269466000000043e-01,5.912311425517070970e-04
1.084461354000000044e-01,5.912278545416713074e-04
1.085803620999999941e-01,5.912048389887284393e-04
1.085995238000000002e-01,5.912015511264926077e-04
1.086378370999999954e-01,5.911949754574492627e-04
1.086569886000000040e-01,5.911916876506291725e-04
1.087526959000000015e-01,5.911752488936842988e-04
1.088100798000000008e-01,5.911653858611928738e-04
1.088674334999999993e-01,5.911555229949668876e-04
1.089629559000000053e-01,5.911390852540467349e-04
1.090393136000000068e-01,5.911259353938192211e-04
1.090583945999999971e-01,5.911226479749342577e-04
1.091156177999999949e-01,5.911127858291365458e-04
1.092109230999999958e-01,5.910963492888965734e-04
1.093442109999999967e-01,5.910733389083479023e-04
1.094773366000000026e-01,5.910503294328441504e-04
1.095723272999999942e-01,5.910338946472909602e-04
1.096292821999999972e-01,5.910240339975877293e-04
1.096672357000000042e-01,5.910174603234630460e-04
1.097810174999999944e-01,5.909977397443344797e-04
1.097999696000000053e-01,5.909944530457767430e-04
1.098568065000000010e-01,5.909845930609353409e-04
1.099703920999999945e-01,5.909648735898646475e-04
1.100271409999999950e-01,5.909550141036422951e-04
1.101594412999999939e-01,5.909320092821029316e-04
1.101783283000000030e-01,5.909287229528814838e-04
1.102349700999999960e-01,5.909188640760365888e-04
1.103293085000000007e-01,5.909024329839377950e-04
1.104047211000000056e-01,5.908892884426183555e-04
1.104235662999999978e-01,5.908860023534616033e-04
1.104612467999999958e-01,5.908794302305108229e-04
1.105742115999999997e-01,5.908597143048359857e-04
1.106306506999999995e-01,5.908498565912527435e-04
1.108373482000000049e-01,5.908137130630962365e-04
1.108561197000000054e-01,5.908104273985753966e-04
1.109311741999999962e-01,5.907972849251424009e-04
1.109874317999999943e-01,5.907874282639184217e-04
1.110249209999999986e-01,5.907808572487385258e-04
1.110811310999999940e-01,5.907710008644287804e-04
1.111560337000000037e-01,5.907578592771346032e-04
1.113056877000000028e-01,5.907315769886353025e-04
1.113243802999999976e-01,5.907282917856408961e-04
1.113617560000000062e-01,5.907217214350199029e-04
1.114364699999999958e-01,5.907085809553117538e-04
1.114738081999999963e-01,5.907020108262080096e-04
1.115297920000000026e-01,5.906921557709835435e-04
1.116043934999999959e-01,5.906790159557792196e-04
1.116789450999999961e-01,5.906658764358918351e-04
1.117534470000000058e-01,5.906527372113258350e-04
1.118278993000000054e-01,5.906395982820757985e-04
1.120323877999999940e-01,5.906034677492567365e-04
1.121994194000000000e-01,5.905739080652172568e-04
1.122179632000000066e-01,5.905706237481626094e-04
1.122550414000000052e-01,5.905640551693912103e-04
1.122735759000000055e-01,5.905607709076859512e-04
1.123476835000000035e-01,5.905476340454245306e-04
1.123662027999999952e-01,5.905443498759977783e-04
1.124217421999999938e-01,5.905344974784148887e-04
1.124957521999999932e-01,5.905213612066628802e-04
1.125142469999999978e-01,5.905180771848454833e-04
1.125512277000000061e-01,5.905115091965954226e-04
1.126436261999999994e-01,5.904950895488696389e-04
1.126620968000000000e-01,5.904918056746798118e-04
1.128466364999999999e-01,5.904589679476122304e-04
1.128650739000000014e-01,5.904556842763894952e-04
1.129387933000000066e-01,5.904425497759918174e-04
1.131044863999999955e-01,5.904129982294420431e-04
1.131412740999999944e-01,5.904064314220380935e-04
1.131596634999999934e-01,5.904031480460144449e-04
1.133066709999999977e-01,5.903768817019464663e-04
1.133617497000000002e-01,5.903670321273227824e-04
1.133801033000000069e-01,5.903637489726747860e-04
1.134351462999999977e-01,5.903538996194192734e-04
1.135451522999999935e-01,5.903342014109911598e-04
1.136550518000000037e-01,5.903145038666445747e-04
1.136916614000000048e-01,5.903079381661044660e-04
1.137465535999999944e-01,5.902980897536252731e-04
1.138014194000000062e-01,5.902882415071665978e-04
1.138379818999999959e-01,5.902816761017533678e-04
1.139658583000000003e-01,5.902586977638242310e-04
1.140388660999999970e-01,5.902455676907805444e-04
1.141300601999999942e-01,5.902291555144674635e-04
1.141847416999999948e-01,5.902193084300015992e-04
1.142393970000000064e-01,5.902094615115210160e-04
1.142576096000000041e-01,5.902061792422435725e-04
1.143122300999999952e-01,5.901963325450805282e-04
1.143304311000000045e-01,5.901930503495738268e-04
1.144032063000000043e-01,5.901799217519869412e-04
1.144213927999999936e-01,5.901766396486868640e-04
1.145304515000000051e-01,5.901569474162024487e-04
1.146938450999999970e-01,5.901274103122438946e-04
1.148388887000000025e-01,5.901011563626621780e-04
1.148570062999999947e-01,5.900978747019461129e-04
1.148932327999999947e-01,5.900913114358158828e-04
1.149656517000000044e-01,5.900781851248409777e-04
1.149837492999999933e-01,5.900749035931945191e-04
1.150561112000000052e-01,5.900617776509877810e-04
1.151284276999999939e-01,5.900486520038006940e-04
1.151826351999999942e-01,5.900388079619967637e-04
1.152909738000000017e-01,5.900191203762026075e-04
1.153992105999999962e-01,5.899994334541199415e-04
1.154352669999999942e-01,5.899928712942514950e-04
1.154713121999999953e-01,5.899863092081338413e-04
1.154893305000000009e-01,5.899830281927187546e-04
1.155433686999999959e-01,5.899731852571059179e-04
1.155613758999999990e-01,5.899699043154487798e-04
1.157053318999999997e-01,5.899436574457637365e-04
1.157233138000000050e-01,5.899403766700074200e-04
1.157772427999999992e-01,5.899305344533511616e-04
1.158670687000000060e-01,5.899141311276023510e-04
1.159209308000000022e-01,5.899042893533508860e-04
1.159747678999999976e-01,5.898944477449989416e-04
1.159927079999999999e-01,5.898911672457415011e-04
1.160465118000000018e-01,5.898813258585821956e-04
1.161182114000000043e-01,5.898682042670862213e-04
1.161540446000000060e-01,5.898616435819298374e-04
1.162793738999999965e-01,5.898386817644837073e-04
1.162972671000000041e-01,5.898354015785782587e-04
1.163509300000000052e-01,5.898255611314233210e-04
1.164224420999999954e-01,5.898124407932492288e-04
1.164403133000000007e-01,5.898091607547861683e-04
1.165653348000000034e-01,5.897862010015565660e-04
1.166902222999999933e-01,5.897632421513566764e-04
1.167258798999999958e-01,5.897566826457295314e-04
1.167793458999999978e-01,5.897468435255035033e-04
1.168327873999999988e-01,5.897370045711257131e-04
1.168505957999999983e-01,5.897337249565221678e-04
1.169040048000000026e-01,5.897238862232857337e-04
1.169218023000000023e-01,5.897206066823850595e-04
1.170640854000000036e-01,5.896943710186157688e-04
1.171529245999999996e-01,5.896779743276225286e-04
1.172061957999999959e-01,5.896681365341381684e-04
1.172771863999999969e-01,5.896550197341126915e-04
1.174190388000000002e-01,5.896287870184564002e-04
1.174367582999999993e-01,5.896255080119094287e-04
1.174721893000000017e-01,5.896189500540903895e-04
1.175607201000000018e-01,5.896025554819625623e-04
1.176845512999999954e-01,5.895796038547618896e-04
1.177022308000000017e-01,5.895763251245631983e-04
1.177199077000000010e-01,5.895730464127941009e-04
1.177552535000000039e-01,5.895664890445182328e-04
1.178612272999999960e-01,5.895468173818228536e-04
1.179141783999999998e-01,5.895369817991587789e-04
1.180552655000000062e-01,5.895107543892884631e-04
1.181961841000000041e-01,5.894845281583205006e-04
1.182665804000000015e-01,5.894714154849081374e-04
1.182841728999999981e-01,5.894681373625998118e-04
1.183193502000000064e-01,5.894615811732591484e-04
1.183369348999999959e-01,5.894583031062139086e-04
1.183896732999999979e-01,5.894484690155866883e-04
1.184248192000000033e-01,5.894419130472632398e-04
1.184775183999999953e-01,5.894320792329025508e-04
1.186003924000000043e-01,5.894091343107201461e-04
1.186880815999999950e-01,5.893927456331027846e-04
1.187056117000000049e-01,5.893894679528343099e-04
1.187581862999999988e-01,5.893796350225059431e-04
1.188107377000000020e-01,5.893698022579331149e-04
1.188282496999999993e-01,5.893665247065782301e-04
1.188457591000000035e-01,5.893632471736368929e-04
1.189507612999999991e-01,5.893435823627078468e-04
1.191604881999999976e-01,5.893042547296781274e-04
1.191779488000000026e-01,5.893009775466209743e-04
1.192652134000000003e-01,5.892845919075338692e-04
1.193872765999999946e-01,5.892616527861575890e-04
1.194395511999999937e-01,5.892518220103284575e-04
1.195266247000000004e-01,5.892354377521868405e-04
1.195440318000000057e-01,5.892321609557955387e-04
1.196831975000000048e-01,5.892059472474809548e-04
1.197353428999999997e-01,5.891961174106393178e-04
1.198048347999999957e-01,5.891830112192646260e-04
1.199436978999999931e-01,5.891567997202023545e-04
1.199957301000000032e-01,5.891469707118052353e-04
1.200130692000000027e-01,5.891436944124965602e-04
1.200650713000000064e-01,5.891338656250010800e-04
1.200997268999999951e-01,5.891273131920525324e-04
1.201516915000000046e-01,5.891174846806837215e-04
1.202382493999999968e-01,5.891011041965789601e-04
1.203593257999999999e-01,5.890781722919320642e-04
1.203766123999999993e-01,5.890748963791706287e-04
1.204284575999999968e-01,5.890650687513620783e-04
1.204802804999999949e-01,5.890552412892118136e-04
1.205148166999999992e-01,5.890486897398060709e-04
1.205493428999999950e-01,5.890421382640099578e-04
1.206356155000000013e-01,5.890257598966574994e-04
1.207045890999999954e-01,5.890126575340566941e-04
1.207735233000000047e-01,5.889995554659289935e-04
1.207907507000000047e-01,5.889962799949074101e-04
1.208251981000000030e-01,5.889897291080725770e-04
1.208424181999999958e-01,5.889864536922717955e-04
1.209800902000000011e-01,5.889602510283207691e-04
1.211004249000000033e-01,5.889373246635327009e-04
1.211691339000000034e-01,5.889242242885015096e-04
1.211863051000000024e-01,5.889209492407531049e-04
1.212034738000000028e-01,5.889176742113977564e-04
1.212549653999999977e-01,5.889078492337524980e-04
1.213064352000000068e-01,5.888980244217263856e-04
1.213407361999999934e-01,5.888914746390380575e-04
1.213921696000000022e-01,5.888816501030204363e-04
1.214607136000000059e-01,5.888685509792716344e-04
1.214778435000000018e-01,5.888652762443275911e-04
1.216147962999999943e-01,5.888390790272225554e-04
1.216661138000000031e-01,5.888292553743890850e-04
1.217174097000000010e-01,5.888194318871498240e-04
1.217515948999999958e-01,5.888128829876413100e-04
1.219394424999999949e-01,5.887768653558395592e-04
1.220076789999999939e-01,5.887637685871037517e-04
1.220247321999999995e-01,5.887604944409168331e-04
1.220758774000000046e-01,5.887506721127205942e-04
1.222121599000000058e-01,5.887244800469528146e-04
1.222632267000000050e-01,5.887146583258209961e-04
1.222802442999999933e-01,5.887113844555769745e-04
1.223993007000000049e-01,5.886884678788518446e-04
1.224162993000000033e-01,5.886851941557543324e-04
1.224332954999999973e-01,5.886819204510456479e-04
1.224672809999999973e-01,5.886753730968334684e-04
1.225522032999999955e-01,5.886590050331659985e-04
1.225691807000000022e-01,5.886557314756133644e-04
1.226200987999999936e-01,5.886459109133141245e-04
1.226709956999999934e-01,5.886360905165430660e-04
1.226879567000000032e-01,5.886328170877456198e-04
1.227388254999999956e-01,5.886229969116906933e-04
1.228235601000000066e-01,5.886066303194527555e-04
1.228405000000000052e-01,5.886033570561799129e-04
1.230097705999999985e-01,5.885706254349588797e-04
1.230266849000000023e-01,5.885673523739930668e-04
1.231619152999999939e-01,5.885411685482633878e-04
1.232294748999999967e-01,5.885280770767589839e-04
1.232463589999999998e-01,5.885248042548542205e-04
1.232969973999999969e-01,5.885149858994707288e-04
1.233476151000000021e-01,5.885051677095977461e-04
1.234824939999999982e-01,5.884789866789956947e-04
1.234993434999999973e-01,5.884757141329152166e-04
1.236340570000000055e-01,5.884495344262348233e-04
1.237013586999999998e-01,5.884364450141736386e-04
1.237686238000000050e-01,5.884233558962924989e-04
1.238862498000000006e-01,5.884004506478456367e-04
1.239198366999999940e-01,5.883939064566113663e-04
1.240373193999999984e-01,5.883710023664326470e-04
1.240540935000000039e-01,5.883677304270797277e-04
1.240876350000000017e-01,5.883611866035392884e-04
1.241044023999999940e-01,5.883579147193512262e-04
1.241882051999999986e-01,5.883415555741343698e-04
1.242384596999999979e-01,5.883317403075976563e-04
1.242886938999999968e-01,5.883219252065097606e-04
1.243556412999999999e-01,5.883088386624198444e-04
1.244392748999999937e-01,5.882924808959059124e-04
1.244559949000000054e-01,5.882892093977518284e-04
1.245061412999999978e-01,5.882793950135613943e-04
1.245562676000000063e-01,5.882695807948141401e-04
1.245896739000000031e-01,5.882630380742168499e-04
1.246397665999999932e-01,5.882532241311811240e-04
1.247065254999999984e-01,5.882401391311169658e-04
1.248232677000000040e-01,5.882172410886359623e-04
1.248566024999999968e-01,5.882106989561907036e-04
1.248899284999999970e-01,5.882041568972741930e-04
1.249898531000000063e-01,5.881845311616038007e-04
1.250397853999999920e-01,5.881747185418685934e-04
1.251063309000000068e-01,5.881616353061920079e-04
1.251562167999999975e-01,5.881518230723978627e-04
1.252393156999999924e-01,5.881354697169359665e-04
1.252559289000000076e-01,5.881321991009786504e-04
1.253887550999999989e-01,5.881060348348469448e-04
1.255048625999999889e-01,5.880831420666942245e-04
1.255711616000000086e-01,5.880700608891527683e-04
1.256374255999999912e-01,5.880569800056027058e-04
1.256871006999999985e-01,5.880471695358726074e-04
1.257036547000000004e-01,5.880438994160430612e-04
1.257863919999999969e-01,5.880275490924973545e-04
1.258360081999999880e-01,5.880177391188402738e-04
1.259021328999999911e-01,5.880046594112088403e-04
1.259517035000000118e-01,5.879948498233777878e-04
1.260177674000000081e-01,5.879817706301594107e-04
1.261002985999999937e-01,5.879654220519998746e-04
1.261662846999999921e-01,5.879523435201569658e-04
1.261827758000000077e-01,5.879490739331191124e-04
1.262981534000000017e-01,5.879261873382536424e-04
1.264463413999999952e-01,5.878967630389270432e-04
1.264792483999999939e-01,5.878902245077938498e-04
1.264956988000000004e-01,5.878869552697951533e-04
1.265450368999999908e-01,5.878771476659754719e-04
1.266272243999999880e-01,5.878608020269837251e-04
1.266765113999999970e-01,5.878509948640170185e-04
1.267421974000000062e-01,5.878379189038488621e-04
1.268242572000000123e-01,5.878215743669186998e-04
1.268406628000000036e-01,5.878183055146344671e-04
1.268898668000000007e-01,5.878084990679707540e-04
1.269390516999999996e-01,5.877986927865994082e-04
1.269718310999999877e-01,5.877921553575218361e-04
1.270209843000000005e-01,5.877823493516427930e-04
1.270701184999999955e-01,5.877725435110542742e-04
1.270864922999999924e-01,5.877692749342492253e-04
1.272174071999999934e-01,5.877431269809875198e-04
1.272337621000000085e-01,5.877398585694707184e-04
1.272828141000000024e-01,5.877300534450919517e-04
1.273481874999999874e-01,5.877169802030289417e-04
1.273645256000000003e-01,5.877137119384208842e-04
1.274625101000000094e-01,5.876941027363793415e-04
1.275277914000000068e-01,5.876810303022884019e-04
1.276745521000000050e-01,5.876516183997358396e-04
1.277234348000000075e-01,5.876418147627162454e-04
1.277560128999999933e-01,5.876352790965111818e-04
1.277885826999999863e-01,5.876287435037499734e-04
1.278048645000000039e-01,5.876254757349117907e-04
1.278699709999999989e-01,5.876124048431664209e-04
1.280488429999999955e-01,5.875764614055200468e-04
1.281138253999999921e-01,5.875633916153240842e-04
1.281463043000000135e-01,5.875568568303850010e-04
1.283896338999999942e-01,5.875078482839195867e-04
1.284544438999999927e-01,5.874947800357565100e-04
1.285192213000000139e-01,5.874817120813041272e-04
1.285354105000000025e-01,5.874784451385743319e-04
1.285839659999999940e-01,5.874686444205359835e-04
1.286486780999999968e-01,5.874555770534517539e-04
1.286648511000000050e-01,5.874523102575769260e-04
1.287780048000000122e-01,5.874294432003239778e-04
1.287941615000000040e-01,5.874261765512767955e-04
1.288264688999999907e-01,5.874196433082552390e-04
1.288426195000000052e-01,5.874163767142668788e-04
1.289233422999999934e-01,5.874000440196488950e-04
1.290201430000000038e-01,5.873804453917631611e-04
1.290362693999999866e-01,5.873771790180180039e-04
1.291007547999999949e-01,5.873641137065546388e-04
1.291813162999999876e-01,5.873477824801481666e-04
1.292296290999999930e-01,5.873379839645248264e-04
1.293101103000000029e-01,5.873216534721723394e-04
1.293583749999999977e-01,5.873118553969723047e-04
1.295512538999999963e-01,5.872726647476679464e-04
1.295673142000000055e-01,5.872693989795005516e-04
1.295994287999999994e-01,5.872628674982086463e-04
1.296636341000000081e-01,5.872498047558047211e-04
1.296796805000000052e-01,5.872465391160808061e-04
1.297438461000000043e-01,5.872334767406460314e-04
1.298079799999999895e-01,5.872204146587802452e-04
1.298240085000000044e-01,5.872171491841793453e-04
1.298560595999999900e-01,5.872106182900246581e-04
1.299361528000000099e-01,5.871942913757164989e-04
1.299521654999999942e-01,5.871910260478928291e-04
1.301121842999999889e-01,5.871583737787262371e-04
1.301281753000000097e-01,5.871551086527037082e-04
1.301761367000000003e-01,5.871453133847334910e-04
1.301921198999999862e-01,5.871420483320991977e-04
1.303358805000000009e-01,5.871126636839050193e-04
1.303678057000000057e-01,5.871061339638612708e-04
1.304635345999999863e-01,5.870865452440033857e-04
1.305113727999999973e-01,5.870767511317203681e-04
1.305591932999999871e-01,5.870669571844997587e-04
1.305751296999999866e-01,5.870636925721288511e-04
1.306229268999999915e-01,5.870538988450244846e-04
1.307025501999999895e-01,5.870375763333786964e-04
1.307184690000000038e-01,5.870343118860694379e-04
1.308139412999999862e-01,5.870147255874073921e-04
1.308298465000000133e-01,5.870114612684804644e-04
1.308457499000000024e-01,5.870081969679126575e-04
1.309570191999999966e-01,5.869853473774133386e-04
1.309729071000000078e-01,5.869820832235604201e-04
1.310840685000000116e-01,5.869592346601027258e-04
1.311316801999999893e-01,5.869494426937030057e-04
1.311475470000000032e-01,5.869461787415910549e-04
1.312268518999999967e-01,5.869298592560661786e-04
1.312744117999999904e-01,5.869200677848046771e-04
1.313377983000000027e-01,5.869070127465318134e-04
1.313853181000000092e-01,5.868972216603703584e-04
1.314011542000000088e-01,5.868939580016554417e-04
1.314644795999999893e-01,5.868809035501772967e-04
1.315277744999999998e-01,5.868678493920837175e-04
1.315752256000000120e-01,5.868580589660313826e-04
1.316068501999999862e-01,5.868515321070151298e-04
1.316542729000000078e-01,5.868417419560144777e-04
1.317016785000000023e-01,5.868319519700286374e-04
1.318280101000000037e-01,5.868058461474716728e-04
1.318437929999999869e-01,5.868025830021516382e-04
1.318595740999999877e-01,5.867993198751784729e-04
1.319069059000000099e-01,5.867895306042388189e-04
1.321118145000000077e-01,5.867471123368524786e-04
1.321433106999999885e-01,5.867405867245539071e-04
1.322220182999999938e-01,5.867242730146085897e-04
1.322849506999999869e-01,5.867112223766281394e-04
1.323635740999999921e-01,5.866949094916017312e-04
1.323950104000000128e-01,5.866883844659086852e-04
1.324735684999999996e-01,5.866720722224568526e-04
1.325991646999999940e-01,5.866459735860942359e-04
1.326148558999999949e-01,5.866427113390366771e-04
1.326619182000000063e-01,5.866329247078150028e-04
1.327089637999999960e-01,5.866231382415503523e-04
1.327403182999999931e-01,5.866166140223539943e-04
1.328343374000000021e-01,5.865970418046396193e-04
1.328500008000000066e-01,5.865937798325039643e-04
1.328969798999999896e-01,5.865839940260575425e-04
1.329908881999999903e-01,5.865644229079803674e-04
1.330378174999999885e-01,5.865546375963528666e-04
1.331159962000000030e-01,5.865383291101591021e-04
1.331628814999999966e-01,5.865285442383680282e-04
1.332097502000000044e-01,5.865187595314921279e-04
1.332253693999999877e-01,5.865154979991786966e-04
1.333502575000000134e-01,5.864894064004137980e-04
1.333658601999999915e-01,5.864861450330155403e-04
1.333970603000000088e-01,5.864796223532156138e-04
1.334906168999999976e-01,5.864600547535923046e-04
1.335373705000000022e-01,5.864502712011290158e-04
1.335996832999999939e-01,5.864372267210480596e-04
1.336463988000000103e-01,5.864274435533695312e-04
1.336619671000000009e-01,5.864241825341347204e-04
1.337242217999999871e-01,5.864111386403613509e-04
1.338330979000000032e-01,5.863883125316471248e-04
1.338641891000000028e-01,5.863817909511914468e-04
1.340971431999999908e-01,5.863328814335924113e-04
1.341126591000000035e-01,5.863296209456450711e-04
1.341591960000000083e-01,5.863198395917124193e-04
1.342057167000000051e-01,5.863100584026397551e-04
1.342212201000000105e-01,5.863067980429310889e-04
1.342367215999999974e-01,5.863035377015251648e-04
1.343451823000000045e-01,5.862807158246288513e-04
1.343606696000000100e-01,5.862774556297802812e-04
1.344845033000000023e-01,5.862513747303409227e-04
1.345309115999999972e-01,5.862415946952845942e-04
1.345773037999999922e-01,5.862318148250611483e-04
1.346391352999999902e-01,5.862187752545335332e-04
1.346545888000000024e-01,5.862155154076990069e-04
1.347009383999999976e-01,5.862057359770517792e-04
1.347163848000000053e-01,5.862024762034773358e-04
1.347781523999999898e-01,5.861894372922863469e-04
1.348398918000000002e-01,5.861763986741421947e-04
1.348861778000000067e-01,5.861666199028328942e-04
1.349016029000000005e-01,5.861633603490187501e-04
1.350249404999999958e-01,5.861372845778286709e-04
1.350711631000000024e-01,5.861275064658036296e-04
1.350865670999999990e-01,5.861242471317515195e-04
1.351327686000000083e-01,5.861144692394744176e-04
1.351943459999999930e-01,5.861014323061370735e-04
1.352251241999999909e-01,5.860949139493413411e-04
1.352712784000000001e-01,5.860851365514894865e-04
1.353942793000000033e-01,5.860590642962321779e-04
1.354557378000000034e-01,5.860460286080484450e-04
1.354710980999999925e-01,5.860427697317820541e-04
1.355939177000000107e-01,5.860166993807791689e-04
1.356246051999999980e-01,5.860101819761182919e-04
1.356399463000000083e-01,5.860069233012446229e-04
1.357166260999999874e-01,5.859906302015504415e-04
1.358085847000000124e-01,5.859710790860878484e-04
1.358698557999999945e-01,5.859580453752585936e-04
1.358851692999999972e-01,5.859547869933257264e-04
1.359464059000000113e-01,5.859417536486426041e-04
1.359617106999999880e-01,5.859384953582327717e-04
1.360840875000000061e-01,5.859124296940377945e-04
1.361299504000000049e-01,5.859026553720070047e-04
1.361757979000000063e-01,5.858928812147325528e-04
1.361910769999999937e-01,5.858896231989221826e-04
1.363590336999999930e-01,5.858537862330619487e-04
1.363742921999999969e-01,5.858505284368954345e-04
1.364505592999999961e-01,5.858342397306447614e-04
1.364962990999999959e-01,5.858244667265334864e-04
1.365572616000000072e-01,5.858114363106170768e-04
1.366791052000000117e-01,5.857853763573243368e-04
1.366943280000000038e-01,5.857821189455195273e-04
1.367399861999999966e-01,5.857723468199100593e-04
1.367856292000000085e-01,5.857625748590182231e-04
1.368160494000000005e-01,5.857560603099275101e-04
1.368464628999999932e-01,5.857495458340491751e-04
1.369224669999999922e-01,5.857332599645977654e-04
1.370439857999999900e-01,5.857072035250607180e-04
1.370591680999999895e-01,5.857039465524701118e-04
1.370895276000000107e-01,5.856974326621773932e-04
1.371047048000000046e-01,5.856941757444754978e-04
1.371502263999999915e-01,5.856844051011732537e-04
1.372260621999999985e-01,5.856681210616411981e-04
1.374078974000000064e-01,5.856290412331402202e-04
1.374230395000000104e-01,5.856257846997001745e-04
1.375289872999999885e-01,5.856029894778890096e-04
1.375441161000000023e-01,5.855997330908237382e-04
1.375894923000000047e-01,5.855899640393704341e-04
1.376348535999999956e-01,5.855801951525851055e-04
1.376499707000000128e-01,5.855769388935787474e-04
1.377708478000000125e-01,5.855508894801443815e-04
1.377859499999999904e-01,5.855476333857930968e-04
1.379067079000000084e-01,5.855215852895387114e-04
1.379519649000000014e-01,5.855118175552917340e-04
1.380575068000000072e-01,5.854890268156214645e-04
1.380725775999999960e-01,5.854857710688342797e-04
1.381479070999999947e-01,5.854694926093023362e-04
1.381930851000000016e-01,5.854597257530852125e-04
1.382683489000000043e-01,5.854434480252062884e-04
1.383134874999999986e-01,5.854336816079663613e-04
1.384788700000000039e-01,5.853978728197937412e-04
1.385089183000000057e-01,5.853913623687964207e-04
1.385389600999999971e-01,5.853848519909584606e-04
1.385990242000000039e-01,5.853718314547536831e-04
1.386290464000000111e-01,5.853653212963699521e-04
1.386740676999999866e-01,5.853555561959834438e-04
1.387190742999999948e-01,5.853457912601762233e-04
1.387340732000000021e-01,5.853425363181411368e-04
1.387490705999999963e-01,5.853392813944113945e-04
1.387790603999999872e-01,5.853327716017944337e-04
1.388540065999999962e-01,5.853164974402830885e-04
1.389139343999999943e-01,5.853034784402294001e-04
1.389588633000000129e-01,5.852937143821981131e-04
1.390337125999999979e-01,5.852774413178741045e-04
1.390935630000000034e-01,5.852644231955491869e-04
1.392131866000000107e-01,5.852383878285767312e-04
1.392281324000000098e-01,5.852351334899969729e-04
1.392580190000000107e-01,5.852286248676618740e-04
1.393476405000000085e-01,5.852090994394918517e-04
1.394372043000000061e-01,5.851895746695081170e-04
1.394521260000000096e-01,5.851863206051664563e-04
1.395565333999999880e-01,5.851635426667079918e-04
1.395863497000000009e-01,5.851570348488235830e-04
1.396310622999999973e-01,5.851472732591224152e-04
1.396757604999999958e-01,5.851375118339406873e-04
1.396906566999999988e-01,5.851342580621061475e-04
1.397502257999999886e-01,5.851212431576016627e-04
1.398246513999999996e-01,5.851049749382693579e-04
1.399287808000000133e-01,5.850822001989719901e-04
1.399436501000000110e-01,5.850789467379042706e-04
1.399882484999999954e-01,5.850691864643719564e-04
1.400625477000000119e-01,5.850529197074076388e-04
1.401071081999999968e-01,5.850431598725544741e-04
1.401665002999999965e-01,5.850301470153292192e-04
1.402110277999999988e-01,5.850203875643158243e-04
1.402852089999999941e-01,5.850041221781887612e-04
1.403445257000000002e-01,5.849911101982656434e-04
1.403889966999999905e-01,5.849813514052142147e-04
1.405075174000000038e-01,5.849553287612433393e-04
1.405223254999999893e-01,5.849520760129930117e-04
1.406407338000000007e-01,5.849260546848303842e-04
1.406555278999999936e-01,5.849228021010563451e-04
1.406851112999999986e-01,5.849162969883104583e-04
1.407590425999999950e-01,5.849000345262400083e-04
1.407738242000000084e-01,5.848967820886467796e-04
1.408181597000000007e-01,5.848870248855080143e-04
1.408624812000000004e-01,5.848772678468200587e-04
1.408920210999999867e-01,5.848707632457222959e-04
1.409215548999999956e-01,5.848642587177285994e-04
1.409953622000000018e-01,5.848479977174884806e-04
1.410101189999999893e-01,5.848447455722525362e-04
1.411281181000000051e-01,5.848187290681768936e-04
1.411723423000000033e-01,5.848089731806160917e-04
1.412312863999999890e-01,5.847959655863286003e-04
1.412902058999999932e-01,5.847829582843627229e-04
1.413491007999999882e-01,5.847699512747065332e-04
1.413638207000000035e-01,5.847666995679674838e-04
1.413932558999999867e-01,5.847601962092965639e-04
1.414079712000000100e-01,5.847569445573642596e-04
1.414521079000000126e-01,5.847471897111785602e-04
1.414815248000000081e-01,5.847406865717436194e-04
1.415256386000000033e-01,5.847309319995912117e-04
1.415844356000000026e-01,5.847179261591379943e-04
1.416285173000000064e-01,5.847081719706046128e-04
1.417019563999999954e-01,5.846919153550720434e-04
1.418340509000000083e-01,5.846626545979084376e-04
1.419220455000000103e-01,5.846431482484229026e-04
1.419513649999999960e-01,5.846366462780640825e-04
1.420539353999999976e-01,5.846138899571248077e-04
1.420685821999999876e-01,5.846106391271812478e-04
1.420978713999999921e-01,5.846041375221062942e-04
1.422295982000000014e-01,5.845748812033341830e-04
1.423319681000000114e-01,5.845521273114733310e-04
1.423465864000000025e-01,5.845488768285492763e-04
1.424196550999999866e-01,5.845326246878175536e-04
1.424634784000000098e-01,5.845228736225308421e-04
1.425072881999999985e-01,5.845131227215938927e-04
1.425364872999999866e-01,5.845066222122823930e-04
1.425802747000000092e-01,5.844968715852658699e-04
1.426386369000000043e-01,5.844838710048789066e-04
1.427407133999999966e-01,5.844611206922260566e-04
1.427990101000000123e-01,5.844481209152834270e-04
1.428135805000000091e-01,5.844448710166870974e-04
1.428572830000000016e-01,5.844351214304840600e-04
1.428718475000000099e-01,5.844318716049297802e-04
1.429300907000000120e-01,5.844188724853021733e-04
1.429883100999999879e-01,5.844058736577935429e-04
1.430319592000000029e-01,5.843961247288836274e-04
1.431628265000000066e-01,5.843668789280213015e-04
1.432354788000000101e-01,5.843506318998437305e-04
1.432645294999999874e-01,5.843441332163794300e-04
1.432790526000000120e-01,5.843408839020249566e-04
1.433226130999999959e-01,5.843311360684993495e-04
1.433371303000000041e-01,5.843278868271646999e-04
1.433951844999999947e-01,5.843148900443915442e-04
1.434677192000000101e-01,5.842986444766556584e-04
1.434967228000000039e-01,5.842921463773401896e-04
1.435112223999999992e-01,5.842888973550633847e-04
1.435836984999999955e-01,5.842726525174964623e-04
1.436271665999999947e-01,5.842629058339981942e-04
1.436851036000000026e-01,5.842499105115429078e-04
1.437285409999999874e-01,5.842401642113518494e-04
1.438009075999999997e-01,5.842239207427616906e-04
1.438587745999999890e-01,5.842109262964145094e-04
1.439744389000000013e-01,5.841849382797970275e-04
1.440322361999999967e-01,5.841719447095053679e-04
1.440466819000000009e-01,5.841686963625581470e-04
1.441477613000000102e-01,5.841459584449316001e-04
1.441910593999999879e-01,5.841362138968424775e-04
1.442487698999999901e-01,5.841232214215319116e-04
1.442776165000000110e-01,5.841167252933704770e-04
1.443641216999999866e-01,5.840972373468443285e-04
1.443785341999999916e-01,5.840939894196254872e-04
1.444361698000000138e-01,5.840809978932251425e-04
1.444937823999999926e-01,5.840680066587809272e-04
1.445081820000000128e-01,5.840647588957934531e-04
1.445513720000000113e-01,5.840550157162822161e-04
1.445945492000000054e-01,5.840452727010051652e-04
1.447096254000000137e-01,5.840192921297570911e-04
1.448389767999999911e-01,5.839900653828678997e-04
1.448533421000000043e-01,5.839868180577782990e-04
1.448820682999999998e-01,5.839803234623133603e-04
1.448964292000000098e-01,5.839770761919372633e-04
1.449682127999999959e-01,5.839608401137830239e-04
1.450686501000000017e-01,5.839381103705827821e-04
1.450829925999999881e-01,5.839348633373816566e-04
1.451833503999999941e-01,5.839121346157612625e-04
1.451976815999999892e-01,5.839088877285037241e-04
1.452406666000000124e-01,5.838991471761642961e-04
1.452836389999999922e-01,5.838894067880169873e-04
1.453552312999999985e-01,5.838731731725749653e-04
1.454124797000000135e-01,5.838601866085456294e-04
1.454697057000000071e-01,5.838472003363815669e-04
1.455412064000000116e-01,5.838309679065494234e-04
1.456269609999999992e-01,5.838114895926650727e-04
1.456555347000000056e-01,5.838049969672896985e-04
1.456983846000000082e-01,5.837952581659939166e-04
1.457554983000000082e-01,5.837822733529490294e-04
1.457983189000000013e-01,5.837725349346643616e-04
1.458696586000000073e-01,5.837563046022675077e-04
1.458839222999999963e-01,5.837530585904912974e-04
1.459694756000000093e-01,5.837335829028626050e-04
1.459837296000000006e-01,5.837303370187506583e-04
1.459979821999999872e-01,5.837270911528739080e-04
1.460407317000000094e-01,5.837173536646661108e-04
1.460834685999999882e-01,5.837076163405666238e-04
1.462542916000000026e-01,5.836686686853755947e-04
1.462685177999999975e-01,5.836654231659608527e-04
1.464391248999999950e-01,5.836264783552945696e-04
1.464817456999999989e-01,5.836167425628859809e-04
1.465527527000000108e-01,5.836005166068357428e-04
1.465669498999999931e-01,5.835972714703113349e-04
1.466095335000000000e-01,5.835875361701672870e-04
1.468789426999999870e-01,5.835258830795155395e-04
1.468931083999999998e-01,5.835226383623036113e-04
1.469072727999999883e-01,5.835193936633315415e-04
1.469355974999999870e-01,5.835129043200748848e-04
1.469497577999999971e-01,5.835096596757901894e-04
1.470063852999999865e-01,5.834966812809320308e-04
1.470205387000000086e-01,5.834934367277792985e-04
1.470629908999999957e-01,5.834837031777191608e-04
1.471054309000000004e-01,5.834739697917214717e-04
1.471337174000000025e-01,5.834674809588585170e-04
1.471619985000000019e-01,5.834609921989126037e-04
1.472326774000000116e-01,5.834447706180156002e-04
1.472468090999999868e-01,5.834415263565165049e-04
1.472891960999999916e-01,5.834317936813859448e-04
1.473598140000000056e-01,5.834155729206995942e-04
1.473880516999999946e-01,5.834090847440111900e-04
1.474445108999999920e-01,5.833961086093479922e-04
1.475714650000000128e-01,5.833669133725206133e-04
1.475855641999999912e-01,5.833636695484312835e-04
1.476278540000000028e-01,5.833539381855524630e-04
1.476983098999999910e-01,5.833377196118740655e-04
1.477405673999999947e-01,5.833279886863653287e-04
1.477828127999999963e-01,5.833182579248642882e-04
1.477968919000000048e-01,5.833150143741409237e-04
1.478391212000000066e-01,5.833052838313151130e-04
1.478954080999999865e-01,5.832923100293184188e-04
1.479657366999999890e-01,5.832760931868353951e-04
1.480219755000000137e-01,5.832631200408365264e-04
1.480360319000000036e-01,5.832598767998961771e-04
1.481343890000000052e-01,5.832371746234472258e-04
1.481484346999999979e-01,5.832339315282679924e-04
1.482467172999999971e-01,5.832112303721736319e-04
1.482888185000000025e-01,5.832015015785768381e-04
1.483449347999999945e-01,5.831885301088437579e-04
1.483729850000000128e-01,5.831820444832922813e-04
1.484711190000000125e-01,5.831593453677516277e-04
1.485131564999999931e-01,5.831496174486367444e-04
1.485831927000000052e-01,5.831334046144841720e-04
1.486391978999999919e-01,5.831204346750717754e-04
1.487091747000000019e-01,5.831042226606753583e-04
1.487511448999999930e-01,5.830944956706209060e-04
1.488070868999999963e-01,5.830815266055934922e-04
1.489049347999999995e-01,5.830588314430838835e-04
1.489189077999999999e-01,5.830555893498674857e-04
1.489328795000000039e-01,5.830523472748673107e-04
1.489747867000000003e-01,5.830426211591478594e-04
1.490306446999999923e-01,5.830296532598649214e-04
1.490446059999999961e-01,5.830264113305901920e-04
1.490864818000000036e-01,5.830166856520076126e-04
1.491422980000000065e-01,5.830037183355663922e-04
1.492538676999999869e-01,5.829777845768890649e-04
1.492678081000000101e-01,5.829745429390183892e-04
1.494071399999999938e-01,5.829421275618710358e-04
1.494210660999999996e-01,5.829388861243275282e-04
1.496019868000000030e-01,5.828967490933221595e-04
1.496298013000000038e-01,5.828902667463112079e-04
1.496437066000000093e-01,5.828870256001181943e-04
1.496854149000000078e-01,5.828773022708182757e-04
1.497132139000000028e-01,5.828708201423177552e-04
1.497549028000000060e-01,5.828610970861441932e-04
1.497965800999999930e-01,5.828513741938476812e-04
1.498104698999999929e-01,5.828481332661560998e-04
1.499354206000000078e-01,5.828189657363474748e-04
1.500186632999999936e-01,5.827995215358084107e-04
1.500325325999999904e-01,5.827962808994428204e-04
1.500464005999999906e-01,5.827930402812810931e-04
1.500879968999999925e-01,5.827833185360312314e-04
1.501295816999999866e-01,5.827735969546390124e-04
1.501434407999999998e-01,5.827703564639293704e-04
1.502681146000000023e-01,5.827411928666880164e-04
1.503096496000000115e-01,5.827314719953023952e-04
1.504203534000000120e-01,5.827055504725700726e-04
1.504618463000000073e-01,5.826958302019022776e-04
1.504756747999999866e-01,5.826925901480980302e-04
1.505171525000000010e-01,5.826828700958760479e-04
1.505309757999999942e-01,5.826796301148648091e-04
1.505862565999999958e-01,5.826666703728914428e-04
1.506000735999999951e-01,5.826634304828993017e-04
1.507105640999999996e-01,5.826375120182489785e-04
1.508071769000000062e-01,5.826148343172548932e-04
1.509175157000000045e-01,5.825889180367098972e-04
1.509588719999999940e-01,5.825791997318116632e-04
1.509726549000000029e-01,5.825759603332421798e-04
1.510139960999999920e-01,5.825662422467371747e-04
1.510415505999999908e-01,5.825597636133938344e-04
1.510828728999999981e-01,5.825500457998658912e-04
1.511517183999999958e-01,5.825338498079718095e-04
1.511792477999999995e-01,5.825273715385978490e-04
1.512618058999999904e-01,5.825079371672140698e-04
1.513030680999999933e-01,5.824982202271930141e-04
1.513718133999999993e-01,5.824820256910883060e-04
1.513993026999999880e-01,5.824755480040089747e-04
1.514542664999999899e-01,5.824625928482303136e-04
1.514680043999999948e-01,5.824593541047860899e-04
1.515229432000000098e-01,5.824463993129091544e-04
1.515778621999999964e-01,5.824334448121743293e-04
1.516190383000000086e-01,5.824237291276541852e-04
1.516327611999999936e-01,5.824204906025394392e-04
1.517836311999999910e-01,5.823848680270844822e-04
1.517973393000000004e-01,5.823816297203089718e-04
1.518384559000000023e-01,5.823719149090966557e-04
1.519069588999999998e-01,5.823557239209421841e-04
1.520164995000000130e-01,5.823298192858942547e-04
1.520301864999999975e-01,5.823265812883720183e-04
1.520712402000000130e-01,5.823168674049685302e-04
1.522353442000000112e-01,5.822780135085122181e-04
1.522490115000000033e-01,5.822747758020362487e-04
1.522900061999999943e-01,5.822650627917725372e-04
1.523309898000000107e-01,5.822553499452031876e-04
1.523583061999999877e-01,5.822488748051227094e-04
1.523992714000000082e-01,5.822391622313838376e-04
1.524402256999999872e-01,5.822294498213602528e-04
1.524538746999999916e-01,5.822262123877309159e-04
1.525766605999999970e-01,5.821970763035004201e-04
1.526175671999999983e-01,5.821873646027855322e-04
1.526857206999999994e-01,5.821711787986961519e-04
1.527674646000000136e-01,5.821517564339148991e-04
1.528899987000000016e-01,5.821226241143124440e-04
1.529036075000000106e-01,5.821193872808318355e-04
1.529308215000000082e-01,5.821129136684307075e-04
1.529988354000000050e-01,5.820967299556691977e-04
1.530124344999999886e-01,5.820934932676610904e-04
1.530532246999999901e-01,5.820837833127646445e-04
1.531211842000000101e-01,5.820676004182732824e-04
1.531483596000000058e-01,5.820611273877666046e-04
1.532162769000000035e-01,5.820449451296822937e-04
1.532705890999999931e-01,5.820319996505038656e-04
1.533113106000000003e-01,5.820222907320279351e-04
1.533384523000000110e-01,5.820158182106261683e-04
1.533655891000000049e-01,5.820093457619351191e-04
1.533791557999999999e-01,5.820061095648776080e-04
1.534334102999999894e-01,5.819931649584100461e-04
1.534876456000000000e-01,5.819802206428314334e-04
1.535554128999999934e-01,5.819640406574344777e-04
1.535825114000000102e-01,5.819575687905278322e-04
1.535960588999999987e-01,5.819543328843510303e-04
1.536366940999999986e-01,5.819446252748758592e-04
1.536637782999999979e-01,5.819381536261281464e-04
1.537991277000000101e-01,5.819057964731062923e-04
1.538667576999999953e-01,5.818896185782687245e-04
1.538802801999999970e-01,5.818863830538450370e-04
1.539208404000000086e-01,5.818766765896095849e-04
1.539613898999999952e-01,5.818669702889654955e-04
1.540289487000000013e-01,5.818507934847634306e-04
1.540964779000000007e-01,5.818346171349707708e-04
1.541909690000000110e-01,5.818119710086238792e-04
1.542044630999999943e-01,5.818087359204340316e-04
1.542314475000000074e-01,5.818022657985370133e-04
1.542449379999999981e-01,5.817990307648619351e-04
1.543123727000000056e-01,5.817828558690863036e-04
1.543528192999999993e-01,5.817731511496983905e-04
1.544067316999999939e-01,5.817602117782927785e-04
1.544471535999999978e-01,5.817505074405514027e-04
1.544606252999999874e-01,5.817472726976641176e-04
1.545144999999999991e-01,5.817343339077862786e-04
1.545683559999999901e-01,5.817213954086818128e-04
1.546356496000000080e-01,5.817052226936694553e-04
1.546760118000000128e-01,5.816955192827371647e-04
1.548239160999999864e-01,5.816599415084225443e-04
1.548910987000000072e-01,5.816437705196499976e-04
1.549448237999999922e-01,5.816308340556852752e-04
1.549582522000000073e-01,5.816275999851232498e-04
1.550387978999999972e-01,5.816081959432545202e-04
1.550522180999999999e-01,5.816049619998644223e-04
1.550924717999999924e-01,5.815952602787148856e-04
1.551595380999999940e-01,5.815790911068276312e-04
1.552533822999999924e-01,5.815564550292301156e-04
1.552801845000000014e-01,5.815499877419893267e-04
1.553605633000000041e-01,5.815305863162547944e-04
1.553739557000000104e-01,5.815273528088767086e-04
1.554810536000000021e-01,5.815014854038560001e-04
1.555211962999999975e-01,5.814917854267007353e-04
1.555345749000000000e-01,5.814885521373123383e-04
1.556014505999999964e-01,5.814723859628323109e-04
1.556415623000000081e-01,5.814626864761268492e-04
1.556950283999999907e-01,5.814497540814658316e-04
1.557885499999999979e-01,5.814271230901110494e-04
1.558152600999999915e-01,5.814206572560396595e-04
1.558553166999999962e-01,5.814109586411566688e-04
1.558953630000000090e-01,5.814012601897325513e-04
1.560154403000000023e-01,5.813721658162056315e-04
1.560287764999999938e-01,5.813689331988392429e-04
1.561220982000000035e-01,5.813463053858070832e-04
1.561354252999999914e-01,5.813430729137268214e-04
1.561620760999999913e-01,5.813366080240481076e-04
1.561753998000000032e-01,5.813333756064492219e-04
1.562153639999999954e-01,5.813236784625986199e-04
1.562819484000000092e-01,5.813075169193857505e-04
1.563751188999999986e-01,5.812848915215561773e-04
1.563884245000000117e-01,5.812816593945095960e-04
1.564416352999999926e-01,5.812687310678568784e-04
1.564549352000000060e-01,5.812654990315928218e-04
1.566542979999999974e-01,5.812170206664522484e-04
1.567472471999999950e-01,5.811943988274240408e-04
1.567605212000000026e-01,5.811911672087633277e-04
1.567737939999999941e-01,5.811879356082451115e-04
1.568666723999999901e-01,5.811653149129970700e-04
1.568799361999999864e-01,5.811620834577140233e-04
1.569197210000000120e-01,5.811523892008111552e-04
1.569594957999999874e-01,5.811426951073079628e-04
1.570125131000000007e-01,5.811297699034391777e-04
1.570787596000000064e-01,5.811136138070576622e-04
1.570920054999999926e-01,5.811103826422323775e-04
1.571317365999999882e-01,5.811006892566878334e-04
1.571979329000000036e-01,5.810845339771778450e-04
1.572376372000000022e-01,5.810748410272777685e-04
1.572905608000000066e-01,5.810619173482186673e-04
1.573434665000000010e-01,5.810489939595608411e-04
1.573963545000000019e-01,5.810360708613278172e-04
1.574095736999999995e-01,5.810328401321415790e-04
1.574360087999999991e-01,5.810263787282248914e-04
1.574888657000000081e-01,5.810134561381917950e-04
1.575549119000000109e-01,5.809973033090163382e-04
1.575945263000000096e-01,5.809876118292950581e-04
1.576473301000000105e-01,5.809746901104292493e-04
1.577265025000000043e-01,5.809553080765521944e-04
1.577660738999999979e-01,5.809456173046256312e-04
1.578320039999999980e-01,5.809294663809968584e-04
1.578715488999999916e-01,5.809197760445924648e-04
1.579242600000000107e-01,5.809068558500998401e-04
1.579374350999999954e-01,5.809036258468543937e-04
1.580296294999999906e-01,5.808810163321308489e-04
1.580427957999999966e-01,5.808777864740483641e-04
1.580822879000000070e-01,5.808680970086356173e-04
1.581480862999999903e-01,5.808519482625361602e-04
1.583453172000000020e-01,5.808035047458062023e-04
1.583978706999999986e-01,5.807905871641329352e-04
1.584372742999999861e-01,5.807808991683602448e-04
1.585029253000000138e-01,5.807647528715968776e-04
1.586734907000000028e-01,5.807227746225381926e-04
1.586997152000000078e-01,5.807163167024754439e-04
1.587128258999999930e-01,5.807130877696667056e-04
1.587521514000000133e-01,5.807034010800626216e-04
1.587652576999999954e-01,5.807001722198016453e-04
1.587783628999999974e-01,5.806969433776768778e-04
1.588700692999999997e-01,5.806743419907494036e-04
1.588831659000000118e-01,5.806711132937453137e-04
1.589093558999999933e-01,5.806646559541593124e-04
1.589748119000000126e-01,5.806485129225941698e-04
1.589878999000000070e-01,5.806452843707009997e-04
1.590925649000000108e-01,5.806194566084686920e-04
1.591187202999999883e-01,5.806129998492669557e-04
1.591317965000000056e-01,5.806097714968902956e-04
1.591710184000000028e-01,5.806000865485369099e-04
1.591840902999999974e-01,5.805968582687056267e-04
1.592363669000000093e-01,5.805839453306969357e-04
1.593016885000000105e-01,5.805678045662380007e-04
1.593278096999999893e-01,5.805613483874125062e-04
1.593408685999999908e-01,5.805581203251866705e-04
1.594453019000000027e-01,5.805322964803343467e-04
1.594974929000000097e-01,5.805193849931312771e-04
1.595887860999999908e-01,5.804967905886769964e-04
1.596018237000000062e-01,5.804935628891416156e-04
1.596148602000000138e-01,5.804903352077331194e-04
1.596539634999999957e-01,5.804806522723360502e-04
1.597191142999999924e-01,5.804645144093088143e-04
1.597581921000000016e-01,5.804548319090902225e-04
1.598102808999999902e-01,5.804419221626312035e-04
1.599144076000000025e-01,5.804161035400104895e-04
1.599534375999999980e-01,5.804064218556779934e-04
1.600054629000000062e-01,5.803935131970754504e-04
1.600314690999999900e-01,5.803870589765351608e-04
1.601224578000000065e-01,5.803644697757649349e-04
1.601744281999999964e-01,5.803515620598872398e-04
1.602393673999999990e-01,5.803354278229133460e-04
1.602783183000000000e-01,5.803257474982664345e-04
1.603172596999999922e-01,5.803160673367622428e-04
1.603432153999999887e-01,5.803096139864001232e-04
1.604210574000000111e-01,5.802902543703764493e-04
1.604340273000000039e-01,5.802870278311332000e-04
1.605766279999999990e-01,5.802515370959364632e-04
1.605895854000000122e-01,5.802483107742140937e-04
1.606414046000000095e-01,5.802354056685840285e-04
1.606932071000000128e-01,5.802225008529518068e-04
1.607320479999999885e-01,5.802128224315304108e-04
1.607838212999999905e-01,5.801999181233763632e-04
1.608485145000000116e-01,5.801837881459654409e-04
1.608614499999999892e-01,5.801805622048502925e-04
1.609002502999999917e-01,5.801708844902481567e-04
1.609390411999999937e-01,5.801612069387426622e-04
1.609907479999999891e-01,5.801483037904721102e-04
1.610036719999999866e-01,5.801450780486918681e-04
1.611586801999999874e-01,5.801063705609810347e-04
1.611715907999999864e-01,5.801031450547882752e-04
1.612103165000000060e-01,5.800934686449501620e-04
1.612748385999999978e-01,5.800773416576116221e-04
1.613135394000000111e-01,5.800676656826336645e-04
1.613651261000000059e-01,5.800547646363461967e-04
1.614038053999999889e-01,5.800450890418966388e-04
1.614811359999999973e-01,5.800257383421639559e-04
1.615197874000000033e-01,5.800160632368901552e-04
1.615584295999999975e-01,5.800063882946842643e-04
1.615713082999999939e-01,5.800031633501877022e-04
1.615841859000000102e-01,5.799999384237955816e-04
1.616228127000000070e-01,5.799902637533494104e-04
1.616614302999999919e-01,5.799805892459606324e-04
1.616871702000000077e-01,5.799741396649442425e-04
1.617900888999999898e-01,5.799483420655354542e-04
1.618158083000000025e-01,5.799418928468337347e-04
1.619314953000000057e-01,5.799128722594170662e-04
1.619700393000000072e-01,5.799031990563470289e-04
1.619828852000000097e-01,5.798999746915420349e-04
1.620342587999999973e-01,5.798870774134914832e-04
1.621369571999999870e-01,5.798612837268446278e-04
1.622011106000000036e-01,5.798451632613470979e-04
1.622908828999999886e-01,5.798225953703887514e-04
1.623934189000000028e-01,5.797968045816766095e-04
1.624062313999999896e-01,5.797935808145959595e-04
1.624318533000000120e-01,5.797871333347548147e-04
1.624446626999999921e-01,5.797839096219941030e-04
1.624830848999999910e-01,5.797742385923840454e-04
1.625854998000000051e-01,5.797484499769399793e-04
1.625982971000000110e-01,5.797452264814976185e-04
1.626110933999999897e-01,5.797420030041655539e-04
1.627006394000000133e-01,5.797194391699010988e-04
1.627134276999999962e-01,5.797162158374464169e-04
1.628156977000000116e-01,5.796904298296555935e-04
1.628540323000000067e-01,5.796807603754927738e-04
1.628923579999999871e-01,5.796710910843143804e-04
1.629562139999999881e-01,5.796549759611276456e-04
1.630072808999999956e-01,5.796420841885099005e-04
1.630455704999999866e-01,5.796324155491453965e-04
1.630583317000000032e-01,5.796291927055679909e-04
1.631603855000000047e-01,5.796034106087576479e-04
1.631986391999999952e-01,5.795937426211784102e-04
1.632113883999999904e-01,5.795905199948540865e-04
1.632496301999999955e-01,5.795808522245346527e-04
1.633006053000000124e-01,5.795679621175566475e-04
1.633133465000000117e-01,5.795647396360561468e-04
1.633260867999999921e-01,5.795615171726746159e-04
1.633643016999999920e-01,5.795518498911435539e-04
1.634025077000000048e-01,5.795421827725448765e-04
1.634279734000000095e-01,5.795357381173255615e-04
1.634661645000000108e-01,5.795260712702622824e-04
1.635170720000000133e-01,5.795131823942584757e-04
1.636315560999999918e-01,5.794841834822132658e-04
1.636569861999999931e-01,5.794777394786589791e-04
1.636696997000000042e-01,5.794745175040213678e-04
1.637332525999999899e-01,5.794584079023730461e-04
1.637713725000000120e-01,5.794487423585843126e-04
1.638221851999999978e-01,5.794358552202548548e-04
1.638602844000000003e-01,5.794261900565530338e-04
1.639364561999999970e-01,5.794068602178117791e-04
1.640125926999999872e-01,5.793875310306236632e-04
1.640379637000000113e-01,5.793810881130139704e-04
1.640760126999999957e-01,5.793714238723056019e-04
1.641140530000000097e-01,5.793617597944930803e-04
1.641267311000000062e-01,5.793585384714090413e-04
1.642154506999999874e-01,5.793359897165784901e-04
1.642281210000000047e-01,5.793327685382708946e-04
1.642661260000000123e-01,5.793231051119170777e-04
1.642787924000000122e-01,5.793198840059941802e-04
1.644307130000000061e-01,5.792812321463269680e-04
1.644433667000000099e-01,5.792780112756344170e-04
1.644686711999999995e-01,5.792715695885354262e-04
1.645319154999999867e-01,5.792554656874448604e-04
1.645445614000000112e-01,5.792522449615001299e-04
1.646456939000000008e-01,5.792264798053433110e-04
1.646709672999999985e-01,5.792200386972286633e-04
1.647341338999999960e-01,5.792039362435675133e-04
1.647846497000000077e-01,5.791910546062848308e-04
1.648351500999999941e-01,5.791781732584793578e-04
1.648477727999999864e-01,5.791749529667588985e-04
1.650243888000000048e-01,5.791298707821013235e-04
1.650748157999999965e-01,5.791169908091469299e-04
1.651378279000000060e-01,5.791008912499582021e-04
1.651504273999999939e-01,5.790976713923808071e-04
1.652260043999999872e-01,5.790783526267999533e-04
1.652385972000000036e-01,5.790751328958434942e-04
1.652511891000000011e-01,5.790719131829852968e-04
1.652889589000000048e-01,5.790622541529111527e-04
1.653267200000000103e-01,5.790525952856105576e-04
1.653393052000000085e-01,5.790493756993654898e-04
1.653518894000000072e-01,5.790461561312002523e-04
1.654399518000000124e-01,5.790236196604348507e-04
1.654902521999999931e-01,5.790107420750492239e-04
1.655531061999999942e-01,5.789946455002429855e-04
1.656787426000000119e-01,5.789624537069960495e-04
1.656913010000000130e-01,5.789592346271359548e-04
1.657540787000000015e-01,5.789431394990896375e-04
1.657917338999999879e-01,5.789334826392631989e-04
1.658544735999999964e-01,5.789173882345550462e-04
1.658921060999999919e-01,5.789077318087358214e-04
1.659422694000000087e-01,5.788948568274477962e-04
1.660425504999999968e-01,5.788691077327954258e-04
1.660550813999999986e-01,5.788658891773339980e-04
1.660801403000000120e-01,5.788594521206431517e-04
1.661302469000000004e-01,5.788465782242554168e-04
1.661928588000000095e-01,5.788304862605623191e-04
1.662429313000000075e-01,5.788176130150402303e-04
1.662554471000000089e-01,5.788143947488645418e-04
1.663430311999999911e-01,5.787918673918289849e-04
1.663930586000000045e-01,5.787789950141216137e-04
1.664305691999999892e-01,5.787693409206494865e-04
1.664555715999999908e-01,5.787629049487300189e-04
1.664805702999999915e-01,5.787564690491316067e-04
1.664930682000000106e-01,5.787532511264414665e-04
1.665305562999999933e-01,5.787435974668403774e-04
1.666429701000000096e-01,5.787146374642112212e-04
1.666804245000000073e-01,5.787049844553747305e-04
1.667553079999999910e-01,5.786856789257390941e-04
1.668426296999999947e-01,5.786631566302739491e-04
1.669423700000000066e-01,5.786374179485037237e-04
1.669548332999999940e-01,5.786342006946070546e-04
1.669922178000000090e-01,5.786245490413912578e-04
1.670420506999999999e-01,5.786116804234488469e-04
1.670918687999999874e-01,5.785988120946848395e-04
1.671416719999999911e-01,5.785859440550732147e-04
1.671541205000000030e-01,5.785827270903544069e-04
1.672536749999999905e-01,5.785569920231624363e-04
1.672785544000000013e-01,5.785505584370848184e-04
1.672909925999999936e-01,5.785473416711327949e-04
1.673283020000000121e-01,5.785376914817628611e-04
1.673531702999999926e-01,5.785312581125340260e-04
1.673904657999999990e-01,5.785216081942148522e-04
1.674277529000000042e-01,5.785119584385106086e-04
1.674401801000000023e-01,5.785087418894173427e-04
1.674774562999999938e-01,5.784990923505795545e-04
1.675519836000000096e-01,5.784797937607360835e-04
1.675892347999999865e-01,5.784701447097403753e-04
1.676885310000000018e-01,5.784444147021120669e-04
1.677257518999999975e-01,5.784347662473670552e-04
1.677381571000000071e-01,5.784315501319324320e-04
1.678497620000000135e-01,5.784026059059202678e-04
1.678745530000000097e-01,5.783961740544248543e-04
1.678869471999999974e-01,5.783929581557894660e-04
1.679489041999999988e-01,5.783768789335508526e-04
1.679860673999999943e-01,5.783672316169887048e-04
1.680232224000000052e-01,5.783575844630167674e-04
1.680479877999999927e-01,5.783511531173539258e-04
1.680727495999999876e-01,5.783447218439582548e-04
1.681346381000000112e-01,5.783286439765876821e-04
1.682212436999999949e-01,5.783061357209439259e-04
1.682830775999999973e-01,5.782900589373912844e-04
1.683819645999999892e-01,5.782643370229623722e-04
1.684313863999999938e-01,5.782514764992493497e-04
1.685178394999999885e-01,5.782289712780851621e-04
1.685425322000000115e-01,5.782225413774370014e-04
1.685795646000000092e-01,5.782128966619414596e-04
1.686289283999999888e-01,5.782000372941099257e-04
1.686659417999999966e-01,5.781903929578706891e-04
1.687276127000000014e-01,5.781743194253181027e-04
1.687769332000000067e-01,5.781614609243402496e-04
1.688262392999999861e-01,5.781486027123020587e-04
1.688385635999999912e-01,5.781453882044427280e-04
1.689124902999999955e-01,5.781261015364653122e-04
1.689248083000000067e-01,5.781228871550093181e-04
1.690233197999999881e-01,5.780971727533869720e-04
1.690356296999999952e-01,5.780939585344396564e-04
1.690602468999999886e-01,5.780875301507300886e-04
1.690725540999999943e-01,5.780843159859501640e-04
1.691709795999999932e-01,5.780586033177456977e-04
1.692570549000000091e-01,5.780361056809643931e-04
1.692693477999999974e-01,5.780328918050723058e-04
1.693185104999999913e-01,5.780200364820530000e-04
1.693307990000000041e-01,5.780168226964435118e-04
1.693676590000000037e-01,5.780071814479120990e-04
1.694290743999999904e-01,5.779911130614125842e-04
1.695150186999999919e-01,5.779686180785661856e-04
1.696254544999999947e-01,5.779396972575323891e-04
1.696622505000000003e-01,5.779300573087936066e-04
1.696990385000000101e-01,5.779204175225122198e-04
1.697112993999999875e-01,5.779172042965213807e-04
1.697235594000000014e-01,5.779139910885791468e-04
1.697603340999999932e-01,5.779043515730576284e-04
1.697971007999999893e-01,5.778947122199839647e-04
1.698093545999999898e-01,5.778914991383936762e-04
1.698461106999999970e-01,5.778818600019231151e-04
1.699195991000000128e-01,5.778625822163307611e-04
1.700420092000000105e-01,5.778304540175959684e-04
1.700542452999999898e-01,5.778272412969773491e-04
1.701031812000000087e-01,5.778143905950351104e-04
1.701521028999999907e-01,5.778015401818311974e-04
1.702010106000000078e-01,5.777886900573932574e-04
1.702132353999999959e-01,5.777854775714133355e-04
1.702376821999999901e-01,5.777790526535638536e-04
1.703110016000000115e-01,5.777597783331363951e-04
1.703842895000000079e-01,5.777405046623679740e-04
1.703965010999999863e-01,5.777372924470680149e-04
1.704331305000000019e-01,5.777276559094115214e-04
1.704819576000000114e-01,5.777148074451880820e-04
1.705429717999999983e-01,5.776987472709043054e-04
1.706039642000000134e-01,5.776826875477208403e-04
1.706405491000000108e-01,5.776730519303186710e-04
1.706893168999999988e-01,5.776602046930745787e-04
1.707015065999999970e-01,5.776569929288576924e-04
1.707989933999999876e-01,5.776312994647362113e-04
1.708233563000000066e-01,5.776248762791062405e-04
1.708355364999999959e-01,5.776216647133626449e-04
1.708720719000000055e-01,5.776120301243829400e-04
1.708964245000000048e-01,5.776056071552695525e-04
1.709816312000000116e-01,5.775831273316414357e-04
1.710789583000000003e-01,5.775574371870434301e-04
1.710911203000000103e-01,5.775542260001477208e-04
1.712248452000000032e-01,5.775189041348511437e-04
1.712612974999999926e-01,5.775092712776671352e-04
1.713584657999999983e-01,5.774835844521802831e-04
1.713706078999999993e-01,5.774803736801507404e-04
1.713827491999999897e-01,5.774771629261690438e-04
1.714070292000000051e-01,5.774707414723121096e-04
1.714677142000000098e-01,5.774546881533159379e-04
1.714798486000000122e-01,5.774514775436212759e-04
1.715162467999999940e-01,5.774418458227801318e-04
1.715526370999999883e-01,5.774322142642282236e-04
1.716011457000000129e-01,5.774193724386904791e-04
1.716617619999999955e-01,5.774033205625235619e-04
1.716738827000000023e-01,5.774001102413954881e-04
1.717102396999999891e-01,5.773904793862228834e-04
1.717708175999999864e-01,5.773744283216150110e-04
1.717950427000000113e-01,5.773680080219934212e-04
1.718071539999999897e-01,5.773647978992379158e-04
1.719524231000000014e-01,5.773262778327437582e-04
1.719887211999999999e-01,5.773166482218467779e-04
1.720008188999999910e-01,5.773134383876175283e-04
1.720612944000000089e-01,5.772973894869007925e-04
1.721338370999999923e-01,5.772781314010912591e-04
1.721459244999999916e-01,5.772749217832162877e-04
1.721821818000000004e-01,5.772652930378073272e-04
1.722425937000000018e-01,5.772492454893973128e-04
1.723392086999999961e-01,5.772235703494740019e-04
1.723874958000000124e-01,5.772107332121881058e-04
1.724357695000000024e-01,5.771978963633775080e-04
1.724478358000000044e-01,5.771946871962422426e-04
1.725443358000000038e-01,5.771690145081497707e-04
1.725684523999999886e-01,5.771625965164046187e-04
1.725805093999999984e-01,5.771593875475652686e-04
1.726407819000000121e-01,5.771433429737919587e-04
1.726769353000000007e-01,5.771337164458427210e-04
1.727733073000000119e-01,5.771080464977605077e-04
1.728214731999999920e-01,5.770952119563329272e-04
1.728335125999999888e-01,5.770920033660420067e-04
1.729057311999999957e-01,5.770727522027729222e-04
1.729297972999999933e-01,5.770663352925306045e-04
1.730140025999999942e-01,5.770438766744806882e-04
1.730981668000000084e-01,5.770214189395332822e-04
1.731222062999999978e-01,5.770150026060543195e-04
1.731462423000000028e-01,5.770085863446344689e-04
1.731943045000000070e-01,5.769957540380937517e-04
1.732063179999999980e-01,5.769925460065184484e-04
1.732543633999999999e-01,5.769797140603817121e-04
1.733144016000000009e-01,5.769636745332143305e-04
1.733384109999999978e-01,5.769572588484806397e-04
1.733984199999999976e-01,5.769412199520071059e-04
1.734104193000000071e-01,5.769380122267705243e-04
1.734464122999999913e-01,5.769283891591925990e-04
1.734823977999999933e-01,5.769187662537830210e-04
1.735063840000000135e-01,5.769123510736076394e-04
1.735423570000000082e-01,5.769027284384698221e-04
1.735783226000000012e-01,5.768931059655084837e-04
1.735903095000000118e-01,5.768898985105620943e-04
1.736981541000000018e-01,5.768610322267961202e-04
1.737221104999999988e-01,5.768546176952664807e-04
1.737340874999999951e-01,5.768514104565339654e-04
1.738298734000000012e-01,5.768257531952031411e-04
1.738777465999999938e-01,5.768129249969327884e-04
1.739614929999999948e-01,5.767904763435578990e-04
1.739854131000000137e-01,5.767840626047225118e-04
1.740691075999999948e-01,5.767616150862635684e-04
1.741647092999999979e-01,5.767359618603076429e-04
1.741766557999999965e-01,5.767327552881194213e-04
1.742602584999999871e-01,5.767103097871862727e-04
1.742721985000000029e-01,5.767071033591091196e-04
1.742960759999999942e-01,5.767006905569826676e-04
1.743080134999999975e-01,5.766974841829333688e-04
1.743676888000000036e-01,5.766814525828747179e-04
1.744034841999999863e-01,5.766718338389817573e-04
1.744392723000000034e-01,5.766622152571969709e-04
1.745465922999999975e-01,5.766333604843679487e-04
1.745942689999999964e-01,5.766205366091679265e-04
1.746300178999999897e-01,5.766109188918530941e-04
1.746538464999999873e-01,5.766045071703678609e-04
1.746895831999999982e-01,5.765948897231881797e-04
1.748324572000000132e-01,5.765564215552686526e-04
1.748443581000000135e-01,5.765532159916602608e-04
1.748800558999999977e-01,5.765435994088712783e-04
1.749395360999999871e-01,5.765275721310391234e-04
1.750227742999999891e-01,5.765051346983243773e-04
1.750346623000000046e-01,5.765019294228288351e-04
1.751178553999999943e-01,5.764794929984584301e-04
1.751653764999999974e-01,5.764666725806314677e-04
1.752010089000000104e-01,5.764570574563161265e-04
1.752485075000000114e-01,5.764442375426225744e-04
1.752603801000000017e-01,5.764410326092021418e-04
1.753553322999999997e-01,5.764153937900275398e-04
1.754027891000000117e-01,5.764025748125103628e-04
1.754146513000000018e-01,5.763993701131388215e-04
1.754383733000000056e-01,5.763929607684042944e-04
1.754502330999999915e-01,5.763897561230409833e-04
1.754858076999999961e-01,5.763801422949645830e-04
1.755095200000000022e-01,5.763737331662397746e-04
1.755450826000000131e-01,5.763641196081923821e-04
1.756280337999999996e-01,5.763416886027544241e-04
1.756872607999999947e-01,5.763256669960561875e-04
1.756991036999999978e-01,5.763224627286981207e-04
1.757346278999999956e-01,5.763128500346764846e-04
1.757701449000000082e-01,5.763032375026486392e-04
1.758648217999999874e-01,5.762776048758666645e-04
1.758766529000000134e-01,5.762744008785266551e-04
1.759830964000000109e-01,5.762455657122738696e-04
1.760067416999999967e-01,5.762391580955138768e-04
1.760185632000000056e-01,5.762359543141376160e-04
1.760776588000000087e-01,5.762199356772137624e-04
1.761131066000000134e-01,5.762103247110134628e-04
1.761485473000000135e-01,5.762007139067872215e-04
1.761603593000000134e-01,5.761975103413740588e-04
1.761957903999999964e-01,5.761878997530831600e-04
1.762075992000000091e-01,5.761846962596474690e-04
1.762548265999999975e-01,5.761718824658800973e-04
1.762666314000000123e-01,5.761686790624132373e-04
1.763610418000000069e-01,5.761430524825746991e-04
1.763964326999999943e-01,5.761334428120485794e-04
1.764436094000000066e-01,5.761206301699064438e-04
1.765261384000000044e-01,5.760982087389270078e-04
1.765379252000000010e-01,5.760950057493476051e-04
1.765732805999999933e-01,5.760853968885144014e-04
1.766204101000000137e-01,5.760725853259597486e-04
1.766321905000000081e-01,5.760693824802994023e-04
1.766793043000000063e-01,5.760565712775872222e-04
1.767617233000000065e-01,5.760341523655224420e-04
1.768323376000000002e-01,5.760149368568274857e-04
1.768676341000000041e-01,5.760053293453351684e-04
1.769264459999999872e-01,5.759893171859858680e-04
1.769969946000000127e-01,5.759701031884368293e-04
1.770087499000000120e-01,5.759669009184609483e-04
1.771027646999999983e-01,5.759412834063287398e-04
1.771145130000000012e-01,5.759380812982509146e-04
1.771380073000000110e-01,5.759316771360655472e-04
1.771497532999999902e-01,5.759284750819576798e-04
1.772436933000000048e-01,5.759028592966380661e-04
1.773258498999999988e-01,5.758804464287690288e-04
1.773845098999999870e-01,5.758644377770154180e-04
1.774314240000000042e-01,5.758516311793617599e-04
1.774783255999999865e-01,5.758388248694501542e-04
1.774900490999999914e-01,5.758356233369407847e-04
1.775252149000000057e-01,5.758260188473086818e-04
1.775720916999999899e-01,5.758132131128923482e-04
1.775838090000000091e-01,5.758100117242540049e-04
1.776658084000000137e-01,5.757876025073114254e-04
1.776775194999999918e-01,5.757844012625359768e-04
1.777126481000000091e-01,5.757747976360936019e-04
1.777477698999999911e-01,5.757651941715205514e-04
1.777711804999999867e-01,5.757587919517018074e-04
1.778881874999999890e-01,5.757267819315542651e-04
1.778998838999999998e-01,5.757235810284245820e-04
1.779583546999999877e-01,5.757075767825476764e-04
1.780518680000000020e-01,5.756819709241128976e-04
1.780869227999999915e-01,5.756723690238604602e-04
1.781219708000000013e-01,5.756627672854401591e-04
1.781336518999999952e-01,5.756595667419184357e-04
1.782153982000000136e-01,5.756371634406757523e-04
1.782270732000000024e-01,5.756339630409865659e-04
1.783321136999999890e-01,5.756051602527636167e-04
1.784137691000000081e-01,5.755827590908670337e-04
1.784254311000000037e-01,5.755795589967870095e-04
1.784487527999999990e-01,5.755731588625535508e-04
1.786119197000000103e-01,5.755283599362474292e-04
1.786468646000000104e-01,5.755187606246801174e-04
1.786934471999999940e-01,5.755059617942370536e-04
1.787400177000000034e-01,5.754931632513846877e-04
1.787865760000000026e-01,5.754803649960966733e-04
1.788214868000000124e-01,5.754707664933548074e-04
1.788331221999999998e-01,5.754675670283832022e-04
1.788680239000000061e-01,5.754579687413121335e-04
1.788912879000000011e-01,5.754515699731240809e-04
1.789261782999999884e-01,5.754419719556466044e-04
1.789610618999999958e-01,5.754323740999171301e-04
1.790772912999999966e-01,5.754003824155904051e-04
1.791121454000000057e-01,5.753907852607215243e-04
1.791469927999999878e-01,5.753811882676005372e-04
1.791586071000000058e-01,5.753779893058346990e-04
1.792050565999999956e-01,5.753651936384378491e-04
1.792398859000000066e-01,5.753555970765837548e-04
1.793559346999999971e-01,5.753236097050485817e-04
1.793791354000000005e-01,5.753172124463532553e-04
1.794487197000000089e-01,5.752980211015320004e-04
1.794835016999999922e-01,5.752884256716757220e-04
1.795182768999999956e-01,5.752788304035110671e-04
1.795298671999999984e-01,5.752756320167352628e-04
1.795646334000000066e-01,5.752660369641673542e-04
1.796225623000000104e-01,5.752500455692472923e-04
1.796341458000000058e-01,5.752468473441538959e-04
1.796688918999999884e-01,5.752372527766830843e-04
1.797036312999999996e-01,5.752276583709044384e-04
1.797267871000000072e-01,5.752212621901979387e-04
1.797615153000000077e-01,5.752116680538921049e-04
1.798078092000000017e-01,5.751988761236671768e-04
1.799119267000000022e-01,5.751700953315148825e-04
1.799350557000000128e-01,5.751636997975165472e-04
1.799928654000000072e-01,5.751477112769103365e-04
1.800044251000000040e-01,5.751445136266748097e-04
1.800390997000000104e-01,5.751349207837338053e-04
1.800853221000000004e-01,5.751221305779468523e-04
1.800968759000000086e-01,5.751189330714144088e-04
1.801199812000000011e-01,5.751125381122202751e-04
1.801777314999999935e-01,5.750965510285609801e-04
1.802585508000000003e-01,5.750741698657871976e-04
1.803162567000000105e-01,5.750581838597584004e-04
1.803508714000000013e-01,5.750485924716623211e-04
1.803624081000000101e-01,5.750453953782051590e-04
1.804546756000000030e-01,5.750198192771594245e-04
1.805007915999999879e-01,5.750070316576315864e-04
1.805584201000000055e-01,5.749910475372892746e-04
1.805929883000000069e-01,5.749814572805617401e-04
1.806275499999999978e-01,5.749718671854712939e-04
1.806390690000000132e-01,5.749686705230034689e-04
1.806736218999999977e-01,5.749590806433987466e-04
1.807196819999999926e-01,5.749462943886205846e-04
1.807427077000000049e-01,5.749399013689781603e-04
1.807772407000000081e-01,5.749303119741746562e-04
1.808232744999999919e-01,5.749175263658258019e-04
1.808347811000000083e-01,5.749143300086235553e-04
1.809153068000000086e-01,5.748919560109420771e-04
1.810072923999999917e-01,5.748663868051575058e-04
1.810532676999999924e-01,5.748536026331594728e-04
1.810877415000000101e-01,5.748440146926668158e-04
1.811796394999999893e-01,5.748184476412596155e-04
1.812255711000000102e-01,5.748056645464229460e-04
1.812370520999999901e-01,5.748024688175777663e-04
1.812829690999999965e-01,5.747896860817632621e-04
1.813288744999999869e-01,5.747769036331719112e-04
1.814665209000000112e-01,5.747385580106191419e-04
1.815582272000000053e-01,5.747129956982241841e-04
1.815696871999999962e-01,5.747098004899393788e-04
1.816040630000000100e-01,5.747002149728017498e-04
1.816498871999999987e-01,5.746874345345454396e-04
1.816613414000000093e-01,5.746842394698430459e-04
1.816956999000000073e-01,5.746746543834660957e-04
1.817415009999999997e-01,5.746618745195365046e-04
1.817529494000000023e-01,5.746586795984083909e-04
1.817758442000000085e-01,5.746522898100242180e-04
1.818445113000000113e-01,5.746331208755891184e-04
1.818788350999999970e-01,5.746235366506409351e-04
1.819360270000000002e-01,5.746075633013008775e-04
1.819588987999999907e-01,5.746011740871966944e-04
1.819703336000000060e-01,5.745979795070584040e-04
1.821074950999999886e-01,5.745596459450625065e-04
1.821189206000000116e-01,5.745564515982071185e-04
1.821417693999999865e-01,5.745500629583181985e-04
1.821874582999999936e-01,5.745372858938418764e-04
1.822102985000000064e-01,5.745308974692714963e-04
1.822902165999999990e-01,5.745085385484584826e-04
1.823244565000000095e-01,5.744989564229611208e-04
1.823815087000000001e-01,5.744829865726317148e-04
1.824613518000000045e-01,5.744606295357032426e-04
1.824841577000000103e-01,5.744542419723342721e-04
1.825183612000000066e-01,5.744446607618328539e-04
1.825639559999999995e-01,5.744318860656782164e-04
1.825753528999999875e-01,5.744286924364854115e-04
1.826551111999999977e-01,5.744063375344217069e-04
1.826892827000000108e-01,5.743967571312003128e-04
1.827006717999999919e-01,5.743935636993409768e-04
1.827576066000000110e-01,5.743775968091100999e-04
1.828372853999999936e-01,5.743552439161553119e-04
1.828714228999999969e-01,5.743456643739636982e-04
1.829396786999999969e-01,5.743265057738593206e-04
1.829737969999999936e-01,5.743169267159398345e-04
1.830647481999999882e-01,5.742913833506968838e-04
1.832010903000000079e-01,5.742530704550397437e-04
1.832124475999999946e-01,5.742498778303156909e-04
1.832351600000000080e-01,5.742434926346530119e-04
1.832465151999999875e-01,5.742403000637328172e-04
1.832805764000000059e-01,5.742307224585400504e-04
1.833373309999999923e-01,5.742147601418826812e-04
1.833713754000000085e-01,5.742051829670963845e-04
1.833827221000000063e-01,5.742019906113605054e-04
1.833940681000000017e-01,5.741987982735577640e-04
1.834734705999999937e-01,5.741764524110638248e-04
1.834848109999999977e-01,5.741732602167184864e-04
1.835188279999999950e-01,5.741636837412727318e-04
1.835755089999999978e-01,5.741477233074866087e-04
1.835981764999999877e-01,5.741413392594873826e-04
1.836095091999999929e-01,5.741381472623834645e-04
1.836435030999999940e-01,5.741285713786529717e-04
1.836548329999999896e-01,5.741253794532692441e-04
1.837001456000000033e-01,5.741126119310314491e-04
1.837567706999999884e-01,5.740966529316601959e-04
1.837794158000000122e-01,5.740902694574054723e-04
1.837907373000000066e-01,5.740870777471706069e-04
1.838812844000000113e-01,5.740615447107556184e-04
1.840057139000000064e-01,5.740264386591415044e-04
1.840283283999999964e-01,5.740200559737172617e-04
1.840961552000000001e-01,5.740009083476747126e-04
1.841074572999999992e-01,5.739977171394212247e-04
1.841187585999999876e-01,5.739945259490730105e-04
1.841526585000000105e-01,5.739849524856143999e-04
1.842881956999999904e-01,5.739466602450385294e-04
1.843220644000000130e-01,5.739370875881923996e-04
1.843672131000000103e-01,5.739243242966871224e-04
1.844687570000000110e-01,5.738956079392662502e-04
1.845025925999999872e-01,5.738860361427471210e-04
1.845138698000000077e-01,5.738828455797607845e-04
1.845589715000000020e-01,5.738700835069974115e-04
1.845702452000000104e-01,5.738668930336107352e-04
1.846378728999999996e-01,5.738477505696354657e-04
1.846604099999999971e-01,5.738413698916874396e-04
1.847280048000000119e-01,5.738222282879414842e-04
1.848293504999999892e-01,5.737935170919078801e-04
1.848406076999999925e-01,5.737903270486131467e-04
1.848631201000000002e-01,5.737839470157916509e-04
1.849643917999999887e-01,5.737552377550415774e-04
1.849981367000000099e-01,5.737456683239865012e-04
1.850206299000000110e-01,5.737392887928758744e-04
1.850431204000000107e-01,5.737329093334428290e-04
1.850993345999999984e-01,5.737169609983954919e-04
1.851442936999999900e-01,5.737042026528689541e-04
1.852004771000000105e-01,5.736882551240576628e-04
1.852229458000000106e-01,5.736818762379675314e-04
1.852341791000000071e-01,5.736786868217908387e-04
1.852791054000000048e-01,5.736659293362235401e-04
1.853801499000000130e-01,5.736372260417586582e-04
1.854474822000000134e-01,5.736180913182470408e-04
1.854699209000000015e-01,5.736117132203938981e-04
1.855035738999999961e-01,5.736021462079735588e-04
1.855484350000000116e-01,5.735893904421847682e-04
1.855820736999999887e-01,5.735798238059272884e-04
1.856381246999999901e-01,5.735638797704233115e-04
1.856493328999999914e-01,5.735606910170651601e-04
1.856829533000000088e-01,5.735511248644350329e-04
1.857389738999999929e-01,5.735351816349734634e-04
1.857725781000000020e-01,5.735256159122212576e-04
1.858061762000000061e-01,5.735160503506623762e-04
1.858173741999999962e-01,5.735128618659608496e-04
1.858285715999999921e-01,5.735096733991841122e-04
1.859181260999999974e-01,5.734841663096525459e-04
1.860076375999999976e-01,5.734586603663532857e-04
1.860411932000000101e-01,5.734490959330915127e-04
1.860747429000000064e-01,5.734395316610345567e-04
1.860859246999999883e-01,5.734363436061481762e-04
1.861194663000000082e-01,5.734267795489806328e-04
1.861306454999999971e-01,5.734235915657424519e-04
1.861753555000000004e-01,5.734108398118472347e-04
1.861865313000000133e-01,5.734076519181375902e-04
1.862200548000000067e-01,5.733980883444735836e-04
1.862535721999999949e-01,5.733885249319583405e-04
1.863540881999999899e-01,5.733598356613455252e-04
1.864322298999999961e-01,5.733375227869282661e-04
1.864433903000000115e-01,5.733343353050555273e-04
1.864545501000000050e-01,5.733311478411002053e-04
1.864768676000000125e-01,5.733247729668852159e-04
1.864880254000000070e-01,5.733215855566440883e-04
1.865326496999999972e-01,5.733088360946795138e-04
1.865438040999999880e-01,5.733056487739470819e-04
1.866218664000000027e-01,5.732833380301541673e-04
1.867110404000000001e-01,5.732578411114155198e-04
1.867556113999999934e-01,5.732450930816989287e-04
1.868335852000000130e-01,5.732227847189400776e-04
1.868447216000000133e-01,5.732195978815690434e-04
1.868781270000000050e-01,5.732100374768967985e-04
1.869894350999999899e-01,5.731781706248333065e-04
1.870228146000000036e-01,5.731686109182622521e-04
1.870784339000000074e-01,5.731526784319719006e-04
1.871896228999999912e-01,5.731208148017961175e-04
1.872340799999999972e-01,5.731080698508718473e-04
1.872451927000000071e-01,5.731048836578987596e-04
1.872896366000000035e-01,5.730921390649225356e-04
1.873340699999999914e-01,5.730793947583069821e-04
1.873451765999999963e-01,5.730762087263748883e-04
1.875227942999999897e-01,5.730252346496234181e-04
1.875449847000000003e-01,5.730188632121490126e-04
1.876115401000000016e-01,5.729997493291854324e-04
1.876448089999999957e-01,5.729901926292854620e-04
1.876780718999999931e-01,5.729806360904095720e-04
1.876891582000000114e-01,5.729774506132334806e-04
1.877224133000000017e-01,5.729678942890901192e-04
1.877334971000000075e-01,5.729647088835098604e-04
1.877778253999999869e-01,5.729519674400483566e-04
1.878221432999999940e-01,5.729392262828798691e-04
1.878553748000000023e-01,5.729296706028591752e-04
1.878775259000000086e-01,5.729233002389776987e-04
1.879107476999999915e-01,5.729137448273515778e-04
1.879439635000000053e-01,5.729041895767226491e-04
1.879550342000000096e-01,5.729010045289758364e-04
1.880435759999999901e-01,5.728755247910005113e-04
1.880767684000000106e-01,5.728659701844440516e-04
1.880878311999999997e-01,5.728627853513656911e-04
1.881431356999999915e-01,5.728468614543669440e-04
1.882205345999999890e-01,5.728245687498931997e-04
1.882536958000000094e-01,5.728150150020168375e-04
1.883089514999999881e-01,5.727990924466540941e-04
1.883200006999999898e-01,5.727959079892462569e-04
1.883862823000000131e-01,5.727768016204358220e-04
1.884083709000000106e-01,5.727704329739125889e-04
1.884856608999999905e-01,5.727481432745658079e-04
1.885298123999999964e-01,5.727354066970082079e-04
1.885739535000000022e-01,5.727226704056090746e-04
1.885849871999999983e-01,5.727194863774802457e-04
1.886070525999999914e-01,5.727131183748659839e-04
1.886511757000000067e-01,5.727003825842639541e-04
1.887834830000000019e-01,5.726621769293240970e-04
1.888496018999999970e-01,5.726430750675665961e-04
1.888826526000000061e-01,5.726335243780921814e-04
1.889267112999999942e-01,5.726207903758314365e-04
1.889377244000000067e-01,5.726176069199772570e-04
1.889707596999999906e-01,5.726080566596771166e-04
1.890037893000000024e-01,5.725985065603259212e-04
1.890147979000000034e-01,5.725953232296412563e-04
1.890258058000000019e-01,5.725921399168267369e-04
1.891028433999999980e-01,5.725698572278346008e-04
1.891138461999999909e-01,5.725666740580702581e-04
1.891468507999999882e-01,5.725571246560672749e-04
1.892348349000000096e-01,5.725316603707659210e-04
1.892678184000000097e-01,5.725221115587883621e-04
1.892788116000000131e-01,5.725189286572157383e-04
1.893117874999999950e-01,5.725093800597961516e-04
1.894106805000000116e-01,5.724807352329127404e-04
1.894985421000000003e-01,5.724552743802545536e-04
1.895424575999999917e-01,5.724425443829649681e-04
1.896302582000000125e-01,5.724170852464645961e-04
1.896412303999999993e-01,5.724139029348397677e-04
1.896631729000000099e-01,5.724075383652169188e-04
1.897180179999999883e-01,5.723916272539644832e-04
1.897289852000000054e-01,5.723884450853549202e-04
1.897618828000000035e-01,5.723788986867344190e-04
1.897947747000000018e-01,5.723693524489827404e-04
1.898166994000000107e-01,5.723629883798389984e-04
1.898386216999999876e-01,5.723566243822160622e-04
1.898934161999999981e-01,5.723407147009098488e-04
1.899372404000000125e-01,5.723279872775773698e-04
1.899920063999999964e-01,5.723120784005392668e-04
1.900139083999999867e-01,5.723057149748336271e-04
1.900248585000000046e-01,5.723025332887980059e-04
1.900686524000000099e-01,5.722898067233359422e-04
1.901124362000000123e-01,5.722770804438147459e-04
1.901562099000000117e-01,5.722643544502267190e-04
1.901890336000000015e-01,5.722548101426846133e-04
1.901999735999999885e-01,5.722516287425833542e-04
1.902546639999999900e-01,5.722357220100956305e-04
1.903202717999999960e-01,5.722166345208229941e-04
1.903312041999999926e-01,5.722134533351467840e-04
1.904077136000000003e-01,5.721911855357734826e-04
1.904186409999999996e-01,5.721880044930506299e-04
1.904295678000000047e-01,5.721848234682011753e-04
1.904951152999999897e-01,5.721657376943041018e-04
1.905169594999999994e-01,5.721593759126213791e-04
1.905497210000000052e-01,5.721498333740815357e-04
1.906043111000000068e-01,5.721339295005426753e-04
1.906807108999999945e-01,5.721116648279613850e-04
1.906916227000000075e-01,5.721084842319220211e-04
1.907243542000000014e-01,5.720989425509666890e-04
1.907570802000000121e-01,5.720894010308228252e-04
1.907788943000000015e-01,5.720830401066965328e-04
1.908116109000000116e-01,5.720734988545181149e-04
1.908552242999999871e-01,5.720607774350484074e-04
1.909424211000000093e-01,5.720353354535597130e-04
1.909533179000000025e-01,5.720321552862596415e-04
1.909860046000000089e-01,5.720226148915446293e-04
1.910186856999999960e-01,5.720130746575947901e-04
1.910404699999999900e-01,5.720067145909425287e-04
1.911058079000000076e-01,5.719876348196613943e-04
1.911928904999999901e-01,5.719621961249050229e-04
1.912364169000000114e-01,5.719494772061886091e-04
1.912908110000000050e-01,5.719335789596613007e-04
1.913016879999999975e-01,5.719303993639435072e-04
1.913778093999999874e-01,5.719081426939373819e-04
1.914756353000000022e-01,5.718795282612207549e-04
1.915625497000000010e-01,5.718540944242864275e-04
1.915842721000000082e-01,5.718477361436228408e-04
1.915951324000000067e-01,5.718445570300817373e-04
1.916385674999999955e-01,5.718318407544998412e-04
1.916819926999999979e-01,5.718191247646164932e-04
1.917254080000000138e-01,5.718064090604236703e-04
1.917579631000000118e-01,5.717968724697826844e-04
1.917688136000000043e-01,5.717936936419530311e-04
1.918013613000000006e-01,5.717841572655741385e-04
1.918230566999999942e-01,5.717777997705986897e-04
1.918555952000000064e-01,5.717682636620488503e-04
1.918989712999999986e-01,5.717555491006194287e-04
1.919314968999999982e-01,5.717460133670106614e-04
1.919856940000000123e-01,5.717301208347466170e-04
1.920290406999999866e-01,5.717174071303076721e-04
1.920615442999999978e-01,5.717078720394363957e-04
1.920723776000000105e-01,5.717046937115166432e-04
1.921157048000000089e-01,5.716919805783855649e-04
1.921481936999999973e-01,5.716824459159700620e-04
1.921698498999999949e-01,5.716760895636177186e-04
1.922564505000000090e-01,5.716506648683138776e-04
1.922780946000000046e-01,5.716443088730094758e-04
1.922889157000000071e-01,5.716411309021264976e-04
1.923754625999999912e-01,5.716157077776846951e-04
1.924511593000000076e-01,5.715934634809410322e-04
1.925052100999999904e-01,5.715775752330235198e-04
1.925160184999999968e-01,5.715743976369986722e-04
1.925808558000000059e-01,5.715553324355968036e-04
1.926024634000000069e-01,5.715489775112515868e-04
1.926348702000000024e-01,5.715394452585812303e-04
1.927644430999999881e-01,5.715013178541876069e-04
1.928076146999999907e-01,5.714886092904777589e-04
1.928399870999999988e-01,5.714790780550861116e-04
1.928615656000000067e-01,5.714727239873705492e-04
1.928939289000000112e-01,5.714631930196528058e-04
1.929370715000000014e-01,5.714504853125221967e-04
1.929694221999999904e-01,5.714409547195600184e-04
1.930341071999999991e-01,5.714218940154048004e-04
1.930664415999999994e-01,5.714123639042252047e-04
1.931203202000000008e-01,5.713964807424536064e-04
1.931957250000000126e-01,5.713742450653767728e-04
1.932388002000000049e-01,5.713615393567130938e-04
1.932926308000000037e-01,5.713456576223445047e-04
1.933141587999999966e-01,5.713393050534788147e-04
1.933787285000000133e-01,5.713202477750820799e-04
1.934110052999999940e-01,5.713107193767392794e-04
1.934432766999999997e-01,5.713011911389560870e-04
1.934540325999999921e-01,5.712980150953673704e-04
1.934862968000000127e-01,5.712884870716580538e-04
1.935293073000000086e-01,5.712757832897856752e-04
1.935400585000000007e-01,5.712726073889291389e-04
1.935830571000000111e-01,5.712599039638475290e-04
1.936367920000000020e-01,5.712440250838789245e-04
1.936690256999999971e-01,5.712344979699394802e-04
1.937979070999999998e-01,5.711963911196009510e-04
1.938086434000000080e-01,5.711932156646899955e-04
1.938301141000000061e-01,5.711868648083544883e-04
1.938408484999999959e-01,5.711836894069298280e-04
1.938730483999999976e-01,5.711741633097252571e-04
1.938945119000000106e-01,5.711678126674095239e-04
1.939588884000000013e-01,5.711487611685657322e-04
1.939696156999999865e-01,5.711455859811738565e-04
1.940554130999999904e-01,5.711201851241604066e-04
1.940661351000000090e-01,5.711170100972869394e-04
1.941840380000000033e-01,5.710820859787007131e-04
1.942268940999999915e-01,5.710693868342235115e-04
1.943232856000000064e-01,5.710408148023107811e-04
1.943446994999999955e-01,5.710344656580484653e-04
1.943554054999999947e-01,5.710312911126512935e-04
1.943982237999999918e-01,5.710185931094148397e-04
1.944838319999999954e-01,5.709931979587963818e-04
1.944945304000000041e-01,5.709900236452105250e-04
1.945159254000000115e-01,5.709836750715221792e-04
1.945800963000000050e-01,5.709646297783724407e-04
1.946442459999999930e-01,5.709455851270656178e-04
1.946656244999999952e-01,5.709392370525860193e-04
1.946976878999999994e-01,5.709297150745901118e-04
1.947404309000000111e-01,5.709170193535244211e-04
1.947831644999999945e-01,5.709043239176975768e-04
1.948365683999999931e-01,5.708884550240436988e-04
1.948579257999999981e-01,5.708821075913580101e-04
1.948686037000000038e-01,5.708789339017708358e-04
1.949540053000000106e-01,5.708535450267078655e-04
1.949966921000000075e-01,5.708408510170012023e-04
1.950287011000000070e-01,5.708313306968933144e-04
1.950927033000000033e-01,5.708122905379398124e-04
1.951673459999999916e-01,5.707900778301667382e-04
1.952099861999999908e-01,5.707773852464277089e-04
1.952419602000000087e-01,5.707678659957601472e-04
1.952526169999999894e-01,5.707646929478428499e-04
1.952632733000000120e-01,5.707615199177650152e-04
1.953378507999999902e-01,5.707393092061860580e-04
1.953698038999999997e-01,5.707297905971332958e-04
1.953804537000000119e-01,5.707266177630784549e-04
1.954336943999999965e-01,5.707107538602069954e-04
1.954656318000000115e-01,5.707012357323266267e-04
1.955401321000000137e-01,5.706790273909934878e-04
1.955507726999999862e-01,5.706758548420877214e-04
1.955933293000000073e-01,5.706631648246618480e-04
1.956039669000000092e-01,5.706599923648338069e-04
1.956358766000000082e-01,5.706504750923410306e-04
1.957634629999999987e-01,5.706124076059929757e-04
1.958378500000000078e-01,5.705902027571948740e-04
1.958484744000000000e-01,5.705870307072064213e-04
1.958803442000000006e-01,5.705775146641552152e-04
1.958909662999999968e-01,5.705743426854358166e-04
1.959228292000000093e-01,5.705648268561890621e-04
1.959334490000000095e-01,5.705616549487366575e-04
1.960077715000000109e-01,5.705394520954259899e-04
1.960502288000000037e-01,5.705267651426140004e-04
1.961032876000000091e-01,5.705109068524618146e-04
1.961138976000000034e-01,5.705077352478688186e-04
1.961457242999999906e-01,5.704982205410053919e-04
1.961775457999999916e-01,5.704887059944640246e-04
1.961987571999999902e-01,5.704823630524937525e-04
1.962199664000000010e-01,5.704760201817973050e-04
1.962623777999999986e-01,5.704633346541426167e-04
1.962729793000000111e-01,5.704601633167784595e-04
1.963577700999999953e-01,5.704347932590127105e-04
1.963683663999999940e-01,5.704316220819535908e-04
1.964531160000000110e-01,5.704062533066659802e-04
1.964848876999999994e-01,5.703967403098292050e-04
1.965166543000000099e-01,5.703872274733000694e-04
1.965272419999999909e-01,5.703840565634067964e-04
1.966225058000000137e-01,5.703555191758703010e-04
1.966542501000000109e-01,5.703460070339291072e-04
1.966965679000000078e-01,5.703333244273471993e-04
1.967071458999999911e-01,5.703301538202193346e-04
1.967811761999999909e-01,5.703079600690144548e-04
1.968763171000000034e-01,5.702794265282267253e-04
1.968974531999999888e-01,5.702730859372528039e-04
1.969397187999999965e-01,5.702604049690316755e-04
1.969925378999999865e-01,5.702445541593772647e-04
1.970664609999999983e-01,5.702223637737502751e-04
1.970770192000000087e-01,5.702191937898880639e-04
1.971192461999999868e-01,5.702065140324631557e-04
1.971614641999999973e-01,5.701938345599280892e-04
1.971931218000000097e-01,5.701843251424823294e-04
1.972142239999999935e-01,5.701779856198649658e-04
1.972458730999999965e-01,5.701684764694765241e-04
1.973618762999999887e-01,5.701336109555782405e-04
1.974040424000000071e-01,5.701209331209810063e-04
1.974145824999999910e-01,5.701177637068341854e-04
1.974672747000000006e-01,5.701019169031596757e-04
1.975304867000000075e-01,5.700829013261880232e-04
1.975410200999999921e-01,5.700797321256709889e-04
1.975515529000000103e-01,5.700765629429470132e-04
1.976252668000000046e-01,5.700543791623021014e-04
1.976357951000000113e-01,5.700512101219804917e-04
1.976673767000000081e-01,5.700417031078287670e-04
1.977410474999999890e-01,5.700195206978001493e-04
1.977515696000000101e-01,5.700163518532670205e-04
1.978777918000000080e-01,5.699783271072904290e-04
1.978883066999999885e-01,5.699751584941506553e-04
1.979093348000000030e-01,5.699688213212592827e-04
1.979198480000000093e-01,5.699656527615072502e-04
1.979724056000000121e-01,5.699498102297007561e-04
1.980039335000000067e-01,5.699403049241877958e-04
1.980459629000000110e-01,5.699276314326567243e-04
1.980774791000000090e-01,5.699181265008691202e-04
1.981299948999999949e-01,5.699022853037933461e-04
1.981404964000000046e-01,5.698991171177669951e-04
1.981719976000000105e-01,5.698896126664663520e-04
1.982139913000000031e-01,5.698769403138383800e-04
1.982244884000000096e-01,5.698737722701812183e-04
1.982559761999999892e-01,5.698642682459424983e-04
1.982874589999999992e-01,5.698547643818511728e-04
1.983818773999999896e-01,5.698262537504294708e-04
1.983923656000000091e-01,5.698230859914679702e-04
1.984238268000000083e-01,5.698135828213252325e-04
1.984762509000000119e-01,5.697977445602390176e-04
1.985076987999999931e-01,5.697882418171099561e-04
1.985391417000000047e-01,5.697787392341028103e-04
1.985496216000000036e-01,5.697755717420245050e-04
1.985915353999999911e-01,5.697629019515696629e-04
1.987067530000000137e-01,5.697280614955983584e-04
1.987276944999999961e-01,5.697217270985160823e-04
1.988009722999999895e-01,5.696995572690788726e-04
1.988846853000000026e-01,5.696742213884832236e-04
1.988951469999999944e-01,5.696710544834670013e-04
1.989160685999999956e-01,5.696647207267679794e-04
1.989265286000000132e-01,5.696615538751051292e-04
1.989579052999999875e-01,5.696520534268425130e-04
1.990520057000000065e-01,5.696235530425578257e-04
1.990624585000000113e-01,5.696203864221156170e-04
1.990833626000000078e-01,5.696140532346199168e-04
1.991356132000000057e-01,5.695982205771270290e-04
1.991460616000000072e-01,5.695950540989706346e-04
1.991774037000000053e-01,5.695855547712527561e-04
1.992087408999999865e-01,5.695760556036085463e-04
1.992505160999999969e-01,5.695633902957252448e-04
1.992922826000000092e-01,5.695507252724064159e-04
1.993444783999999970e-01,5.695348943933965964e-04
1.993862251999999891e-01,5.695222300102949220e-04
1.993966604999999892e-01,5.695190639589705998e-04
1.994175294999999959e-01,5.695127319096797728e-04
1.995114131000000068e-01,5.694842385681373430e-04
1.995844031000000018e-01,5.694620780760594695e-04
1.996365224999999965e-01,5.694462496865935943e-04
1.996469448000000035e-01,5.694430840620543985e-04
1.997303031999999867e-01,5.694177597057499280e-04
1.998032133000000043e-01,5.693956018274368364e-04
1.998136268000000049e-01,5.693924364873554278e-04
1.998865065000000052e-01,5.693702796046737563e-04
1.998969157000000108e-01,5.693671144068302402e-04
1.999177325000000005e-01,5.693607840644834611e-04
1.999281401000000125e-01,5.693576189199797645e-04
1.999593595999999973e-01,5.693481235931265212e-04
1.999801699000000044e-01,5.693417934641145173e-04
2.000113813000000129e-01,5.693322984039294720e-04
2.000425878000000046e-01,5.693228035037328771e-04
2.000841888999999874e-01,5.693101438856812109e-04
2.000945879000000094e-01,5.693069790256254353e-04
2.001465743999999991e-01,5.692911549919092620e-04
2.001777597999999936e-01,5.692816607849867728e-04
2.002297248000000085e-01,5.692658374623193324e-04
2.002920649000000108e-01,5.692468500616734272e-04
2.003855387000000043e-01,5.692183701604772725e-04
2.003959220000000041e-01,5.692152058158829768e-04
2.004270686999999884e-01,5.692057128887463352e-04
2.004685900000000021e-01,5.691930559013658490e-04
2.005101026999999980e-01,5.691803991983493665e-04
2.005516069000000123e-01,5.691677427797095729e-04
2.005827293000000122e-01,5.691582506523118956e-04
2.006345894000000074e-01,5.691424307954476205e-04
2.006760676999999882e-01,5.691297752298107165e-04
2.007071709000000093e-01,5.691202837421966212e-04
2.007486343000000062e-01,5.691076286741559307e-04
2.007589988000000047e-01,5.691044649515683129e-04
2.008004515000000045e-01,5.690918102389279018e-04
2.008833311999999871e-01,5.690665016665696300e-04
2.008936887999999976e-01,5.690633381749937280e-04
2.009144022999999890e-01,5.690570112451275335e-04
2.009247581999999976e-01,5.690538478068368072e-04
2.009558228999999974e-01,5.690443575986164036e-04
2.011317653999999955e-01,5.689905827724808926e-04
2.011421102000000016e-01,5.689874197073225724e-04
2.011731412999999968e-01,5.689779306184224086e-04
2.012558674999999908e-01,5.689526271630456281e-04
2.012868810000000008e-01,5.689431386603938535e-04
2.013075541000000079e-01,5.689368130808016098e-04
2.013798931000000125e-01,5.689146741117797517e-04
2.014108874999999965e-01,5.689051862486437612e-04
2.014212180000000130e-01,5.689020236631449389e-04
2.014728621999999914e-01,5.688862110020280255e-04
2.015348177000000074e-01,5.688672363948497944e-04
2.015761108999999940e-01,5.688545870120032813e-04
2.016277153999999905e-01,5.688387756830663939e-04
2.016380346999999962e-01,5.688356134705607661e-04
2.016689895000000066e-01,5.688261269396254014e-04
2.017205703000000128e-01,5.688103164099579103e-04
2.017515123999999993e-01,5.688008303052745698e-04
2.018649262999999972e-01,5.687660492889775850e-04
2.019164569999999936e-01,5.687502404464866426e-04
2.019473690999999960e-01,5.687407553540948981e-04
2.019576721000000130e-01,5.687375936921511450e-04
2.019679745000000082e-01,5.687344320479506858e-04
2.019988788000000035e-01,5.687249472219499087e-04
2.020297782000000097e-01,5.687154625557337521e-04
2.020400770000000124e-01,5.687123010358539855e-04
2.020503753000000013e-01,5.687091395337368115e-04
2.021224483999999877e-01,5.686870095160523461e-04
2.021327424999999900e-01,5.686838481559903765e-04
2.022150761000000019e-01,5.686585579146515327e-04
2.022459424999999977e-01,5.686490743671096483e-04
2.022768043000000016e-01,5.686395909793892471e-04
2.022870904999999886e-01,5.686364298856550360e-04
2.023282301000000061e-01,5.686237856882744033e-04
2.023693612999999947e-01,5.686111417749597271e-04
2.024618760000000128e-01,5.685826940086245338e-04
2.025338026999999874e-01,5.685605689623381446e-04
2.025646205999999949e-01,5.685510870659330612e-04
2.026057038000000088e-01,5.685384447859160488e-04
2.026159733000000018e-01,5.685352842602917414e-04
2.026262423000000090e-01,5.685321237524237382e-04
2.026878453000000024e-01,5.685131610779829659e-04
2.026981106000000088e-01,5.685100006943624718e-04
2.027083755000000098e-01,5.685068403285177974e-04
2.027802146999999888e-01,5.684847182645108707e-04
2.027904752999999949e-01,5.684815580406407361e-04
2.028930535000000035e-01,5.684499567783302338e-04
2.029033084000000098e-01,5.684467967497068043e-04
2.029340702000000107e-01,5.684373167703730403e-04
2.029545755000000118e-01,5.684309968728988756e-04
2.029853295000000057e-01,5.684215171597874856e-04
2.030570707000000086e-01,5.683993984503710357e-04
2.031185430000000125e-01,5.683804402487400813e-04
2.032004772000000070e-01,5.683551636403985294e-04
2.032311940000000039e-01,5.683456852050813076e-04
2.032619061000000005e-01,5.683362069294639217e-04
2.032721425000000026e-01,5.683330475397622419e-04
2.033642465000000121e-01,5.683046138308924184e-04
2.033949385000000110e-01,5.682951362473258328e-04
2.034358541000000076e-01,5.682824997176827387e-04
2.034460817000000032e-01,5.682793406296287632e-04
2.034767614000000113e-01,5.682698634719246479e-04
2.035176605000000027e-01,5.682572275100643538e-04
2.036096534000000069e-01,5.682287976338226470e-04
2.036403083999999974e-01,5.682193213277552182e-04
2.036913899999999999e-01,5.682035278391815237e-04
2.037118189999999884e-01,5.681972105679301659e-04
2.037220326999999997e-01,5.681940519589094530e-04
2.038037242999999887e-01,5.681687837254971235e-04
2.038445577000000120e-01,5.681561500345310226e-04
2.038547648000000045e-01,5.681529916561449400e-04
2.039159966999999907e-01,5.681340417583629135e-04
2.039670091000000129e-01,5.681182506646716883e-04
2.039976105000000095e-01,5.681087762213373176e-04
2.040078099000000034e-01,5.681056181090260492e-04
2.040384051999999948e-01,5.680961438785533078e-04
2.040893870999999915e-01,5.680803538491713137e-04
2.041607403000000043e-01,5.680582485529852427e-04
2.041811223999999980e-01,5.680519329137165199e-04
2.042524434999999916e-01,5.680298287349179898e-04
2.042626302999999977e-01,5.680266710660551678e-04
2.043441055999999922e-01,5.680014103534524426e-04
2.043644693999999984e-01,5.679950953526620308e-04
2.043746505000000047e-01,5.679919378788609490e-04
2.044255486000000066e-01,5.679761507759120307e-04
2.044560813000000088e-01,5.679666787269347251e-04
2.044866094999999995e-01,5.679572068375730127e-04
2.044967845000000006e-01,5.679540495765747965e-04
2.045374795999999884e-01,5.679414207099471069e-04
2.045781665999999999e-01,5.679287921270441755e-04
2.046188455000000073e-01,5.679161638278586296e-04
2.046493494000000135e-01,5.679066927896632769e-04
2.047001790999999904e-01,5.678909080806314544e-04
2.048221189999999969e-01,5.678530265875369673e-04
2.048322773000000041e-01,5.678498699116763752e-04
2.048525925999999941e-01,5.678435566131893007e-04
2.048627494999999965e-01,5.678403999905416765e-04
2.048932169999999886e-01,5.678309302289383286e-04
2.049135262000000013e-01,5.678246171431935128e-04
2.049439862000000112e-01,5.678151476475391032e-04
2.050150420000000084e-01,5.677930527781973160e-04
2.051570798000000029e-01,5.677488656455227916e-04
2.051773628000000127e-01,5.677425534816137173e-04
2.052280618000000001e-01,5.677267733821098235e-04
2.052686119000000087e-01,5.677141496215582861e-04
2.053192883000000135e-01,5.676983703197025811e-04
2.053395553000000040e-01,5.676920587230244479e-04
2.053496881000000107e-01,5.676889029512834084e-04
2.054003444999999983e-01,5.676731243584270774e-04
2.054307323000000018e-01,5.676636574153966870e-04
2.054611157000000021e-01,5.676541906319020926e-04
2.054712424000000037e-01,5.676510350728301282e-04
2.055623609999999990e-01,5.676226358388904852e-04
2.056332030999999949e-01,5.676005485383002046e-04
2.056433213999999954e-01,5.675973932805317103e-04
2.057141355999999865e-01,5.675753069723666472e-04
2.057242499999999974e-01,5.675721518563872940e-04
2.057950363000000116e-01,5.675500665405956236e-04
2.058253659000000013e-01,5.675406016710783609e-04
2.058354746999999929e-01,5.675374467499974670e-04
2.059466395000000005e-01,5.675027437877623940e-04
2.059567424000000035e-01,5.674995890793256385e-04
2.059870480999999864e-01,5.674901250603225878e-04
2.060375477999999982e-01,5.674743520497079570e-04
2.060476461999999898e-01,5.674711975007278508e-04
2.060779386000000102e-01,5.674617339601298761e-04
2.061284160000000087e-01,5.674459617468086831e-04
2.061889725999999923e-01,5.674270356754923051e-04
2.061990636000000099e-01,5.674238813922729196e-04
2.062797741000000074e-01,5.673986477643586362e-04
2.062898606999999940e-01,5.673954936405921053e-04
2.063100324000000096e-01,5.673891854462009962e-04
2.063201175000000109e-01,5.673860313755760927e-04
2.064007806000000000e-01,5.673607994483237729e-04
2.064310212000000089e-01,5.673513377679074033e-04
2.064511790999999929e-01,5.673450300695251271e-04
2.064713350000000058e-01,5.673387224419917767e-04
2.065217162999999911e-01,5.673229536831785307e-04
2.065317911000000006e-01,5.673197999845590051e-04
2.065620123999999946e-01,5.673103389949460612e-04
2.065922293999999937e-01,5.673008781647733952e-04
2.066828537000000021e-01,5.672724966306761036e-04
2.067633754000000046e-01,5.672472698047789945e-04
2.068338060999999894e-01,5.672251972619194501e-04
2.068539246999999970e-01,5.672188909804831616e-04
2.068840989999999880e-01,5.672094316911670221e-04
2.069243245999999870e-01,5.671968195533544973e-04
2.070449544000000086e-01,5.671589848399453872e-04
2.070851486999999991e-01,5.671463738354677164e-04
2.070951960999999897e-01,5.671432211286265733e-04
2.071253352999999908e-01,5.671337631143315381e-04
2.071554700000000082e-01,5.671243052593762752e-04
2.071655139999999951e-01,5.671211526764874129e-04
2.072458480999999908e-01,5.670959326507300736e-04
2.072558875999999939e-01,5.670927802271726352e-04
2.072759653000000035e-01,5.670864754332086014e-04
2.073361867000000081e-01,5.670675614762414607e-04
2.073662907999999916e-01,5.670581047367680367e-04
2.074064228999999981e-01,5.670454959986896736e-04
2.074866636999999903e-01,5.670202793723100104e-04
2.076069667000000063e-01,5.669824565571349260e-04
2.076470522999999957e-01,5.669698495185778375e-04
2.077171832999999967e-01,5.669477878825831142e-04
2.077272001000000090e-01,5.669446362911075834e-04
2.077372164000000077e-01,5.669414847173297016e-04
2.077572476000000001e-01,5.669351816228870508e-04
2.077973040999999965e-01,5.669225756463877391e-04
2.078073169999999914e-01,5.669194241965104216e-04
2.078173295000000087e-01,5.669162727643505938e-04
2.078974117000000066e-01,5.668910619441781167e-04
2.079174273999999933e-01,5.668847594161245240e-04
2.079774630000000013e-01,5.668658522567535064e-04
2.080074742999999948e-01,5.668563989159996477e-04
2.080374812999999934e-01,5.668469457345366638e-04
2.080774838999999987e-01,5.668343417403572592e-04
2.080874832999999868e-01,5.668311907860463118e-04
2.081174788000000053e-01,5.668217380293368761e-04
2.081674615999999922e-01,5.668059837887429392e-04
2.082174324000000132e-01,5.667902299905661556e-04
2.082374174000000133e-01,5.667839285951772714e-04
2.082474091000000027e-01,5.667807779240097328e-04
2.082973607999999976e-01,5.667650248336908751e-04
2.083273260000000071e-01,5.667555731918297790e-04
2.083672729000000112e-01,5.667429712504128483e-04
2.083972280999999982e-01,5.667335199801556500e-04
2.084371616000000038e-01,5.667209185341847430e-04
2.084471438000000121e-01,5.667177682169314765e-04
2.084870678000000088e-01,5.667051671248522901e-04
2.085170057999999882e-01,5.666957164915779627e-04
2.085668927999999867e-01,5.666799657899578273e-04
2.086067939000000038e-01,5.666673655471497068e-04
2.086965433000000092e-01,5.666390160357800921e-04
2.087164823999999863e-01,5.666327163389783339e-04
2.087264513000000044e-01,5.666295665171283734e-04
2.087762883000000014e-01,5.666138176731638689e-04
2.088061847999999887e-01,5.666043685790749873e-04
2.088759266000000114e-01,5.665823213120093791e-04
2.088858878000000030e-01,5.665791717731845411e-04
2.089257278999999967e-01,5.665665737947900120e-04
2.089356867999999923e-01,5.665634243444272891e-04
2.089954299000000015e-01,5.665445280136452736e-04
2.090153405000000075e-01,5.665382293782314721e-04
2.090452027999999962e-01,5.665287815577627973e-04
2.090750607999999899e-01,5.665193338964772275e-04
2.091546613999999971e-01,5.664941409113161044e-04
2.091646092999999984e-01,5.664909918677528671e-04
2.092043963999999923e-01,5.664783958704142823e-04
2.092541195000000021e-01,5.664626512716514073e-04
2.092839478000000086e-01,5.664532047246467056e-04
2.093237121000000034e-01,5.664406095762037274e-04
2.093336520000000089e-01,5.664374608333069914e-04
2.093535303999999875e-01,5.664311634005712295e-04
2.094032181999999909e-01,5.664154201282255207e-04
2.094926263999999927e-01,5.663870833520709153e-04
2.095124896999999986e-01,5.663807864852210333e-04
2.095621397999999913e-01,5.663650446275679063e-04
2.096514802999999982e-01,5.663367103977788716e-04
2.096812520000000124e-01,5.663272659727889733e-04
2.097110194000000039e-01,5.663178217069162607e-04
2.097606224999999935e-01,5.663020816174491002e-04
2.097903787000000020e-01,5.662926377759308410e-04
2.098300471000000000e-01,5.662800462347700875e-04
2.098796219999999879e-01,5.662643072061046556e-04
2.099192735000000032e-01,5.662517163014045129e-04
2.099688274000000021e-01,5.662359780683185037e-04
2.099985541000000122e-01,5.662265353406039552e-04
2.100282766000000079e-01,5.662170927719948829e-04
2.100381832000000060e-01,5.662139452844887951e-04
2.101174188000000109e-01,5.661887660207491320e-04
2.101273211999999946e-01,5.661856186923402805e-04
2.101570255000000109e-01,5.661761768131529267e-04
2.102065233000000033e-01,5.661604407013633286e-04
2.102758006999999874e-01,5.661384108872636592e-04
2.103054839999999870e-01,5.661289698034907125e-04
2.103153775000000114e-01,5.661258228109164112e-04
2.103648379999999984e-01,5.661100881131631273e-04
2.104439506999999931e-01,5.660849135158437092e-04
2.104736103000000025e-01,5.660754733334685341e-04
2.105823263999999917e-01,5.660408606922527879e-04
2.105922068999999952e-01,5.660377141945422937e-04
2.106020869000000129e-01,5.660345677144955128e-04
2.106218455999999961e-01,5.660282748074383025e-04
2.106811104999999906e-01,5.660093965103713248e-04
2.107502319000000013e-01,5.659873726345195956e-04
2.107601044999999895e-01,5.659842264372164783e-04
2.107798483999999972e-01,5.659779340956400898e-04
2.108390689000000096e-01,5.659590574949724265e-04
2.108686728999999982e-01,5.659496194331778722e-04
2.109180036999999952e-01,5.659338896835808394e-04
2.109475966000000091e-01,5.659244520458410650e-04
2.110264907999999939e-01,5.658992857892977419e-04
2.110659267999999977e-01,5.658867030850473585e-04
2.110757846999999909e-01,5.658835574531645646e-04
2.110954989999999920e-01,5.658772662423751550e-04
2.111053555000000082e-01,5.658741206634896811e-04
2.112925411999999892e-01,5.658143580211857102e-04
2.113023884999999935e-01,5.658112127956191730e-04
2.113122353000000120e-01,5.658080675877087597e-04
2.113417730999999911e-01,5.657986320699993736e-04
2.113811502999999870e-01,5.657860516269993135e-04
2.115385858000000119e-01,5.657357326812041632e-04
2.115680920000000131e-01,5.657262983822820010e-04
2.116074270999999951e-01,5.657137195643021548e-04
2.116270919000000084e-01,5.657074302612822604e-04
2.116565857000000106e-01,5.656979964392202945e-04
2.116860752999999984e-01,5.656885627760909830e-04
2.116959042999999874e-01,5.656854182570468514e-04
2.117253885000000002e-01,5.656759848058661626e-04
2.117745196999999968e-01,5.656602627404416555e-04
2.117843446000000074e-01,5.656571183803436225e-04
2.118138165000000017e-01,5.656476854059954828e-04
2.118432842999999899e-01,5.656382525905852016e-04
2.118629271999999952e-01,5.656319641352711104e-04
2.118923880999999954e-01,5.656225315847361905e-04
2.120396314999999920e-01,5.655753712160341675e-04
2.120494441000000119e-01,5.655722273327191355e-04
2.120886898999999881e-01,5.655596519760198136e-04
2.121573525999999876e-01,5.655376457815891903e-04
2.121671598000000047e-01,5.655345021101657521e-04
2.121769665000000082e-01,5.655313584563885715e-04
2.121965785000000104e-01,5.655250712017932582e-04
2.122456006000000006e-01,5.655093533742871440e-04
2.122554037000000116e-01,5.655062098617607983e-04
2.122848102000000070e-01,5.654967794300946524e-04
2.123142125999999963e-01,5.654873491573173590e-04
2.123338119000000024e-01,5.654810623970643515e-04
2.123632075000000119e-01,5.654716323891023546e-04
2.124023953999999992e-01,5.654590592923311714e-04
2.124415759999999931e-01,5.654464864780046288e-04
2.125101246999999971e-01,5.654244847325907899e-04
2.125199154999999895e-01,5.654213416966999937e-04
2.125688631000000051e-01,5.654056267821122670e-04
2.125982261999999900e-01,5.653961980451739210e-04
2.126373706999999946e-01,5.653836266430485721e-04
2.127254195999999931e-01,5.653553420208858125e-04
2.127547610999999950e-01,5.653459141312021331e-04
2.127840984999999907e-01,5.653364864003583004e-04
2.128036546000000029e-01,5.653302013347290093e-04
2.128623119999999980e-01,5.653113465614042306e-04
2.128720866999999906e-01,5.653082041609642193e-04
2.128818608999999973e-01,5.653050617781614669e-04
2.129502678000000093e-01,5.652830655927202491e-04
2.129600385000000040e-01,5.652799233511249634e-04
2.129795784000000081e-01,5.652736389208448675e-04
2.130674858000000116e-01,5.652453598581469972e-04
2.131358331000000050e-01,5.652233660198250232e-04
2.131455952999999903e-01,5.652202241135271740e-04
2.132724621000000043e-01,5.651793809371696842e-04
2.133017284000000013e-01,5.651699560122771778e-04
2.133407438000000100e-01,5.651573896927581482e-04
2.134285025000000058e-01,5.651291165060409695e-04
2.134577473000000003e-01,5.651196924280326578e-04
2.134869882000000052e-01,5.651102685088340519e-04
2.134967342000000101e-01,5.651071272377031435e-04
2.135064798999999902e-01,5.651039859842462484e-04
2.135357139999999876e-01,5.650945623296583500e-04
2.135649441999999953e-01,5.650851388338717007e-04
2.135746866999999882e-01,5.650819977038909047e-04
2.136039116000000015e-01,5.650725744198130526e-04
2.136623492999999985e-01,5.650537283279502901e-04
2.136915621000000098e-01,5.650443055201590913e-04
2.137597099000000112e-01,5.650223195860881557e-04
2.137986417999999944e-01,5.650097565832808318e-04
2.138083735999999901e-01,5.650066158766632032e-04
2.138862125000000058e-01,5.649814908588259065e-04
2.139153947999999916e-01,5.649720692681787148e-04
2.139737473999999973e-01,5.649532265631013791e-04
2.140418054000000070e-01,5.649312442097048290e-04
2.140709664000000068e-01,5.649218234656424838e-04
2.141098416999999976e-01,5.649092627205038212e-04
2.141875709999999933e-01,5.648841420767306779e-04
2.141972852000000038e-01,5.648810020756238944e-04
2.142069989000000008e-01,5.648778620921398414e-04
2.142361375000000068e-01,5.648684422475293418e-04
2.142846929999999983e-01,5.648527428592032065e-04
2.143526521999999934e-01,5.648307644561852007e-04
2.143623588999999940e-01,5.648276247548616189e-04
2.143914764000000028e-01,5.648182057567004404e-04
2.144205899000000137e-01,5.648087869172292719e-04
2.144399966999999962e-01,5.648025077790795167e-04
2.145079067000000006e-01,5.647805313509907370e-04
2.145467027999999887e-01,5.647679737800000849e-04
2.145854918000000000e-01,5.647554164910984550e-04
2.146242738999999955e-01,5.647428594843223850e-04
2.146533558000000008e-01,5.647334419143489612e-04
2.146727415999999944e-01,5.647271636225319755e-04
2.147308883999999862e-01,5.647083291701870131e-04
2.148180791000000034e-01,5.646800786816790320e-04
2.148277647000000068e-01,5.646769398266419243e-04
2.148568191000000127e-01,5.646675233673514437e-04
2.148955522000000062e-01,5.646549683350987831e-04
2.149342783000000034e-01,5.646424135848916682e-04
2.149729974000000043e-01,5.646298591167235939e-04
2.149826760999999919e-01,5.646267205437532823e-04
2.150020321999999984e-01,5.646204434506959212e-04
2.150504146999999977e-01,5.646047510264958933e-04
2.150600899000000010e-01,5.646016125945372416e-04
2.150891128999999902e-01,5.645921974044219556e-04
2.151664885000000027e-01,5.645670910063400275e-04
2.152438362000000105e-01,5.645419857362608471e-04
2.152921644000000134e-01,5.645262955152618740e-04
2.153114925999999874e-01,5.645200195502220056e-04
2.153211560999999941e-01,5.645168815941488524e-04
2.153694670000000089e-01,5.645011920781163465e-04
2.153984482999999894e-01,5.644917785799681564e-04
2.154274257000000081e-01,5.644823652404259507e-04
2.154660562000000057e-01,5.644698143677592686e-04
2.155143344999999877e-01,5.644541261734062907e-04
2.155239888999999909e-01,5.644509885874096113e-04
2.155819060999999981e-01,5.644321634414538585e-04
2.155915575000000028e-01,5.644290259788120644e-04
2.156012083999999940e-01,5.644258885337765210e-04
2.156301585000000021e-01,5.644164763043925045e-04
2.156687526999999938e-01,5.644039269119252491e-04
2.157459203000000048e-01,5.643788289727316417e-04
2.157748510999999980e-01,5.643694175362704273e-04
2.158327009000000074e-01,5.643505951390222946e-04
2.158616201000000123e-01,5.643411841782736485e-04
2.159290829000000134e-01,5.643192258864305208e-04
2.160157899000000048e-01,5.642909950653849684e-04
2.160446845000000005e-01,5.642815851088040999e-04
2.160928336000000061e-01,5.642659022001642868e-04
2.161313451999999913e-01,5.642533561903455763e-04
2.162179710999999893e-01,5.642251286987148926e-04
2.162372166000000040e-01,5.642188561165613347e-04
2.162468386999999992e-01,5.642157198519041775e-04
2.162757023999999917e-01,5.642063111636102168e-04
2.162853228000000128e-01,5.642031749694117809e-04
2.163238000999999910e-01,5.641906303687493907e-04
2.163718870000000127e-01,5.641749500141984624e-04
2.163911188000000041e-01,5.641686779956754270e-04
2.164391907999999864e-01,5.641529982575829889e-04
2.164488039999999947e-01,5.641498623628191838e-04
2.164776408000000096e-01,5.641404547841467323e-04
2.165449117000000090e-01,5.641185043836440720e-04
2.165833429000000032e-01,5.641059616851023953e-04
2.165929496000000010e-01,5.641028260544865601e-04
2.166697880000000020e-01,5.640777416435579410e-04
2.166793908999999907e-01,5.640746061714401035e-04
2.167081969999999913e-01,5.640651998607342866e-04
2.167561987000000134e-01,5.640495230284191383e-04
2.168137867000000107e-01,5.640307114107289159e-04
2.168521701999999995e-01,5.640181706844341492e-04
2.168905469000000086e-01,5.640056302398635708e-04
2.169097326999999964e-01,5.639993601232225076e-04
2.169864589999999926e-01,5.639742803609539262e-04
2.170152243000000036e-01,5.639648757405973586e-04
2.170535721999999890e-01,5.639523364932953016e-04
2.170631580999999866e-01,5.639492017254807248e-04
2.171302475999999926e-01,5.639272588437428636e-04
2.171589939999999941e-01,5.639178550156681178e-04
2.171973164000000067e-01,5.639053168246524125e-04
2.172164752000000087e-01,5.638990478348001158e-04
2.172739411000000065e-01,5.638802412876578246e-04
2.172835173000000064e-01,5.638771069247528606e-04
2.173122433999999936e-01,5.638677039416647389e-04
2.173218178999999917e-01,5.638645696491698155e-04
2.173601115999999889e-01,5.638520326552004785e-04
2.173983986999999951e-01,5.638394959429040470e-04
2.174749525000000128e-01,5.638144233631692216e-04
2.175036532999999883e-01,5.638050214362091582e-04
2.175132193000000047e-01,5.638018874957380919e-04
2.175992951000000064e-01,5.637736828236876181e-04
2.176184184000000132e-01,5.637674153123832911e-04
2.176757782000000030e-01,5.637486132008602980e-04
2.177331230000000006e-01,5.637298117229350798e-04
2.177426789999999945e-01,5.637266782048772030e-04
2.178191117999999926e-01,5.637016106939292392e-04
2.178286640000000052e-01,5.636984773342485801e-04
2.178573182000000108e-01,5.636890773608171099e-04
2.179241631999999929e-01,5.636671447053473233e-04
2.179337108000000134e-01,5.636640115392364337e-04
2.179718971000000061e-01,5.636514790507755846e-04
2.180482495000000132e-01,5.636264149184325254e-04
2.180577917000000032e-01,5.636232819810765848e-04
2.180768747999999868e-01,5.636170161591396539e-04
2.181150360000000121e-01,5.636044847264075515e-04
2.181341140999999983e-01,5.635982191156106453e-04
2.181627281999999890e-01,5.635888208313909881e-04
2.182008742999999862e-01,5.635762900320391696e-04
2.182294795999999981e-01,5.635668921172823278e-04
2.182771467000000076e-01,5.635512292778738393e-04
2.182866789000000030e-01,5.635480967627777820e-04
2.183152728999999959e-01,5.635386993230237897e-04
2.183629213000000124e-01,5.635230372752962581e-04
2.183915053000000106e-01,5.635136402577540105e-04
2.184200856000000079e-01,5.635042433985469135e-04
2.184296115999999899e-01,5.635011111473417619e-04
2.184391371000000137e-01,5.634979789137094675e-04
2.185153263000000068e-01,5.634729216779600560e-04
2.185914888999999917e-01,5.634478655679915366e-04
2.186200430999999944e-01,5.634384698170002807e-04
2.186581095000000030e-01,5.634259423952478777e-04
2.186866548999999993e-01,5.634165470136066802e-04
2.186961692999999929e-01,5.634134152549247600e-04
2.187342224000000113e-01,5.634008883960018709e-04
2.187437346999999976e-01,5.633977567252548184e-04
2.188483421999999901e-01,5.633633095077163243e-04
2.188863688999999890e-01,5.633507837744107212e-04
2.189528997000000088e-01,5.633288644181975958e-04
2.189624024000000058e-01,5.633257331519289689e-04
2.190004093000000041e-01,5.633132082627611680e-04
2.190479086000000075e-01,5.632975525469601560e-04
2.191238862000000065e-01,5.632725043161178075e-04
2.191428763999999918e-01,5.632662424342313109e-04
2.191903449000000004e-01,5.632505880372757224e-04
2.192283121999999973e-01,5.632380648361906463e-04
2.192567834999999965e-01,5.632286726200294797e-04
2.192757622000000017e-01,5.632224112304770212e-04
2.193326885999999920e-01,5.632036274838312468e-04
2.193801159999999861e-01,5.631879748451329350e-04
2.194275330999999885e-01,5.631723226459583662e-04
2.195318148000000025e-01,5.631378893549052710e-04
2.195602466000000086e-01,5.631284988265115431e-04
2.195981499999999920e-01,5.631159783681124282e-04
2.196455200999999913e-01,5.631003281906533367e-04
2.196834088000000074e-01,5.630878083650952236e-04
2.197118210000000016e-01,5.630784186804902933e-04
2.197212909000000047e-01,5.630752888207740583e-04
2.197307604000000025e-01,5.630721589786375110e-04
2.198727543000000006e-01,5.630252134559330345e-04
2.198822172999999880e-01,5.630220838950327844e-04
2.199106037999999930e-01,5.630126953177757914e-04
2.199389867000000054e-01,5.630033068987153879e-04
2.199579066000000027e-01,5.629970480405528492e-04
2.199862834000000100e-01,5.629876598851242270e-04
2.200241133999999987e-01,5.629751425905934765e-04
2.200524815999999884e-01,5.629657548042218528e-04
2.201092071000000094e-01,5.629469797059976841e-04
2.201375644000000131e-01,5.629375923941391758e-04
2.201848184000000097e-01,5.629219472258306222e-04
2.202509568999999889e-01,5.629000447282429950e-04
2.203170755999999952e-01,5.628781430917062902e-04
2.203265195999999926e-01,5.628750143567940812e-04
2.203548489000000110e-01,5.628656282574248833e-04
2.204020563000000099e-01,5.628499851098951647e-04
2.204114964999999982e-01,5.628468565330867375e-04
2.204398149000000029e-01,5.628374709081341611e-04
2.204681296999999873e-01,5.628280854413220124e-04
2.204775670999999937e-01,5.628249569875114428e-04
2.205530521000000077e-01,5.627999299896082209e-04
2.206379417999999870e-01,5.627717759609831812e-04
2.206568017999999964e-01,5.627655197034424003e-04
2.206662310999999987e-01,5.627623916010025644e-04
2.207039446000000071e-01,5.627498793669941275e-04
2.207416516000000051e-01,5.627373674140518766e-04
2.207793520999999926e-01,5.627248557421687643e-04
2.207887762999999892e-01,5.627217278681331380e-04
2.208076233000000055e-01,5.627154721727175733e-04
2.208170462999999861e-01,5.627123443513827377e-04
2.208453126000000100e-01,5.627029609927102069e-04
2.208641548999999982e-01,5.626967055081162367e-04
2.209206720000000124e-01,5.626779394758739741e-04
2.209300901000000039e-01,5.626748118653096672e-04
2.210054204999999938e-01,5.626497916131393238e-04
2.210148349999999928e-01,5.626466641606591747e-04
2.210807251999999945e-01,5.626247724850733708e-04
2.211465958000000120e-01,5.626028816701035074e-04
2.211654124000000110e-01,5.625966273096141444e-04
2.212406625999999987e-01,5.625716105701067263e-04
2.212594712000000019e-01,5.625653565608602696e-04
2.212688748999999955e-01,5.625622295825791425e-04
2.213440899999999933e-01,5.625372143885094389e-04
2.213816879000000126e-01,5.625247072129184456e-04
2.214568647000000057e-01,5.624996937046560517e-04
2.214944434999999989e-01,5.624871873719483302e-04
2.215414081000000035e-01,5.624715548511560574e-04
2.216071417000000099e-01,5.624496700594765674e-04
2.216728558999999932e-01,5.624277861281540020e-04
2.216822421000000098e-01,5.624246599224908471e-04
2.216916278000000129e-01,5.624215337343615182e-04
2.217103981000000112e-01,5.624152814107950859e-04
2.217197827000000065e-01,5.624121552753572235e-04
2.217573169000000011e-01,5.623996509091199998e-04
2.217948448000000017e-01,5.623871468237951138e-04
2.218417457999999898e-01,5.623715171121571174e-04
2.218605033999999920e-01,5.623652653503846775e-04
2.219073904999999958e-01,5.623496362531765205e-04
2.219167666999999899e-01,5.623465104863922251e-04
2.219730156999999982e-01,5.623277562543557402e-04
2.220479922999999967e-01,5.623027515946822001e-04
2.220573626000000023e-01,5.622996260912142916e-04
2.221416773999999872e-01,5.622714973498565407e-04
2.221604097000000055e-01,5.622652467115253931e-04
2.221697752000000026e-01,5.622621214186749239e-04
2.222165969999999879e-01,5.622464952177490477e-04
2.223102110999999881e-01,5.622152441322581613e-04
2.223570032999999946e-01,5.621996192476427356e-04
2.223663606000000070e-01,5.621964943233792632e-04
2.223944300000000041e-01,5.621871196558560950e-04
2.224318503999999919e-01,5.621746203448605783e-04
2.224412045999999976e-01,5.621714955610035641e-04
2.225066723999999940e-01,5.621496225652381461e-04
2.225160234000000126e-01,5.621464979217583166e-04
2.225814691999999928e-01,5.621246259086970509e-04
2.225908169999999964e-01,5.621215014055867083e-04
2.226095114999999958e-01,5.621152524520260478e-04
2.226188581000000111e-01,5.621121280015526364e-04
2.226468957000000137e-01,5.621027547554496330e-04
2.226936171999999992e-01,5.620871330295488166e-04
2.227216454000000012e-01,5.620777602045658747e-04
2.227683511999999921e-01,5.620621391805066380e-04
2.228150472000000049e-01,5.620465185950833994e-04
2.228430601999999983e-01,5.620371464543920566e-04
2.228710694999999908e-01,5.620277744715631522e-04
2.229177441000000093e-01,5.620121548511260341e-04
2.229457441000000095e-01,5.620027832893759916e-04
2.229550765999999962e-01,5.619996594705349135e-04
2.230297230000000130e-01,5.619746695514691963e-04
2.230577089999999929e-01,5.619652986212863265e-04
2.231136703000000110e-01,5.619465572345255745e-04
2.231416458000000103e-01,5.619371867779870489e-04
2.231789409000000113e-01,5.619246930814913912e-04
2.232069080999999899e-01,5.619153229932937485e-04
2.232628321000000027e-01,5.618965832905239424e-04
2.232907888000000007e-01,5.618872136759228307e-04
2.233373755999999988e-01,5.618715980024027246e-04
2.233560075999999894e-01,5.618653518557715576e-04
2.234863880000000080e-01,5.618216307936816116e-04
2.235050075999999997e-01,5.618153852082892171e-04
2.235143168000000014e-01,5.618122624418954393e-04
2.235608570000000017e-01,5.617966488729911854e-04
2.235887763999999944e-01,5.617872809420784187e-04
2.236259969999999930e-01,5.617747906130774122e-04
2.236539083000000094e-01,5.617654230504395005e-04
2.237004194999999973e-01,5.617498107967869737e-04
2.238120067999999907e-01,5.617123431765928473e-04
2.238491901999999922e-01,5.616998545309686945e-04
2.239235384999999912e-01,5.616748780813503230e-04
2.239328302999999964e-01,5.616717561040482105e-04
2.239607033999999885e-01,5.616623902773422265e-04
2.240071507999999989e-01,5.616467809168061102e-04
2.240628751000000030e-01,5.616280502627569527e-04
2.241093013000000078e-01,5.616124418664750120e-04
2.241464354000000103e-01,5.615999554650256487e-04
2.241557180000000038e-01,5.615968339084989299e-04
2.241835634000000077e-01,5.615874693440808547e-04
2.242578007999999901e-01,5.615624979436075045e-04
2.243691109000000017e-01,5.615250429464464224e-04
2.243969298000000057e-01,5.615156795915524730e-04
2.244062019999999991e-01,5.615125585083107938e-04
2.244340163000000110e-01,5.615031953637532585e-04
2.244432869000000108e-01,5.615000743506074182e-04
2.244525572000000135e-01,5.614969533550083058e-04
2.244803657999999980e-01,5.614875904733747846e-04
2.245081708999999981e-01,5.614782277494734892e-04
2.245174384999999995e-01,5.614751068765599842e-04
2.245267056999999955e-01,5.614719860211692462e-04
2.245452390000000076e-01,5.614657443629789482e-04
2.246286198999999928e-01,5.614376577686671418e-04
2.246749292999999925e-01,5.614220547185731032e-04
2.246934503000000138e-01,5.614158136211920168e-04
2.247304878999999977e-01,5.614033316367692938e-04
2.247397462999999873e-01,5.614002111844647574e-04
2.248230551000000021e-01,5.613721279023916721e-04
2.248415639000000132e-01,5.613658873657862954e-04
2.248508177999999913e-01,5.613627671237851049e-04
2.249248349999999896e-01,5.613378058185361074e-04
2.249618344000000048e-01,5.613253255864380153e-04
2.249895799999999946e-01,5.613159655963561841e-04
2.250265689000000013e-01,5.613034858549042442e-04
2.250450609999999907e-01,5.612972460892907533e-04
2.251005282000000107e-01,5.612785272129584184e-04
2.251190143000000032e-01,5.612722877276955400e-04
2.251467404999999977e-01,5.612629286311805049e-04
2.251837034999999987e-01,5.612504500811170242e-04
2.251929433000000036e-01,5.612473304874001029e-04
2.252576112999999935e-01,5.612254938219265413e-04
2.252853204999999970e-01,5.612161355138001748e-04
2.252945560999999874e-01,5.612130161127854445e-04
2.253222606999999988e-01,5.612036580148683151e-04
2.253407286000000120e-01,5.611974193705279289e-04
2.253684274999999959e-01,5.611880615353763034e-04
2.254053541999999910e-01,5.611755846671168243e-04
2.254884169999999965e-01,5.611475127382464052e-04
2.255160978000000094e-01,5.611381557439211031e-04
2.255622248999999968e-01,5.611225611036951355e-04
2.256267871000000036e-01,5.611007293430537567e-04
2.256913308000000062e-01,5.610788984406348337e-04
2.257005498000000110e-01,5.610757798103420228e-04
2.257097684000000104e-01,5.610726611975576676e-04
2.257282046000000097e-01,5.610664240245606194e-04
2.257742883999999950e-01,5.610508313985318376e-04
2.257835039999999960e-01,5.610477129258592544e-04
2.258111486000000112e-01,5.610383576129332212e-04
2.258756396000000111e-01,5.610165291624066115e-04
2.259309029000000080e-01,5.609978197449217189e-04
2.259585295000000049e-01,5.609884652725915079e-04
2.260045663999999954e-01,5.609728748356154846e-04
2.260321838999999888e-01,5.609635207835286493e-04
2.260690022000000077e-01,5.609510489592756154e-04
2.261426206000000105e-01,5.609261061511991615e-04
2.261518211999999917e-01,5.609229883789791865e-04
2.262070170999999907e-01,5.609042821133859106e-04
2.262530033000000051e-01,5.608886940401909332e-04
2.262805905999999978e-01,5.608793414063872320e-04
2.263173683999999963e-01,5.608668714730835093e-04
2.264000965999999893e-01,5.608388151473241243e-04
2.264368549000000119e-01,5.608263461243633832e-04
2.264460436000000076e-01,5.608232289124017366e-04
2.264736073999999988e-01,5.608138773815389078e-04
2.265103538000000083e-01,5.608014089187752377e-04
2.265195395000000056e-01,5.607982918468552153e-04
2.265838287999999978e-01,5.607764728335161821e-04
2.266113757999999867e-01,5.607671220903757796e-04
2.266664597999999975e-01,5.607484210767175667e-04
2.266939967000000111e-01,5.607390708061706997e-04
2.267215303000000015e-01,5.607297206931641546e-04
2.267582365999999960e-01,5.607172541208726383e-04
2.267674121999999903e-01,5.607141375215459345e-04
2.268408040000000070e-01,5.606892053570997720e-04
2.268683197999999956e-01,5.606798560842137348e-04
2.268866618000000002e-01,5.606736233231274106e-04
2.269141719999999973e-01,5.606642743127530654e-04
2.269508470999999916e-01,5.606518092106051090e-04
2.270241795000000062e-01,5.606268798463249700e-04
2.270608369000000071e-01,5.606144155842018948e-04
2.270883260000000070e-01,5.606050675713380007e-04
2.270974883000000111e-01,5.606019516020499614e-04
2.271066502000000098e-01,5.605988356502537894e-04
2.271707733999999979e-01,5.605770244777007194e-04
2.271799324000000064e-01,5.605739086659058392e-04
2.272440349000000026e-01,5.605520984732447181e-04
2.272531909000000128e-01,5.605489828014207721e-04
2.272806568000000083e-01,5.605396358909587934e-04
2.273081193000000000e-01,5.605302891379511593e-04
2.273538827999999901e-01,5.605147115662136329e-04
2.273813365000000031e-01,5.605053652331312697e-04
2.274270852999999981e-01,5.604897883612439688e-04
2.274636777000000054e-01,5.604773271786489541e-04
2.274728249000000091e-01,5.604742119267426895e-04
2.274911181000000004e-01,5.604679814753923180e-04
2.275002641999999964e-01,5.604648662759710879e-04
2.275459891000000123e-01,5.604492905412628966e-04
2.276008468000000062e-01,5.604306002369062933e-04
2.276739698999999950e-01,5.604056808107457091e-04
2.276831085999999893e-01,5.604025659611857864e-04
2.276922469999999865e-01,5.603994511291336689e-04
2.277196599000000099e-01,5.603901067379096551e-04
2.277562052000000059e-01,5.603776477944785728e-04
2.277927448000000021e-01,5.603651891309545559e-04
2.278292784000000015e-01,5.603527307472617102e-04
2.279114577999999947e-01,5.603247004072190503e-04
2.279297157999999879e-01,5.603184716351444295e-04
2.279844812000000054e-01,5.602997857387164923e-04
2.280118590000000112e-01,5.602904430266177419e-04
2.280483574999999929e-01,5.602779863219718801e-04
2.280757276000000000e-01,5.602686439771319788e-04
2.281213370999999879e-01,5.602530737521571906e-04
2.281304578999999999e-01,5.602499597596250413e-04
2.282034112999999920e-01,5.602250484489472437e-04
2.282307627999999866e-01,5.602157069959780127e-04
2.282581110000000135e-01,5.602063657003837627e-04
2.283674710999999968e-01,5.601690020917677411e-04
2.284221314999999863e-01,5.601503212316678209e-04
2.284494568000000059e-01,5.601409810376623347e-04
2.284767789000000104e-01,5.601316410010315043e-04
2.284858855000000133e-01,5.601285276904465838e-04
2.284949917000000108e-01,5.601254143973370507e-04
2.285132031000000064e-01,5.601191878635899003e-04
2.285587253999999957e-01,5.601036218352174875e-04
2.285678287000000031e-01,5.601005086819763230e-04
2.285951365999999985e-01,5.600911693271904811e-04
2.286224411999999984e-01,5.600818301297404806e-04
2.286588422999999981e-01,5.600693781112360678e-04
2.287043354999999945e-01,5.600538134814441252e-04
2.287771058999999996e-01,5.600289109828340481e-04
2.288043888000000081e-01,5.600195728342825374e-04
2.288407608999999954e-01,5.600071222142635101e-04
2.288862180000000024e-01,5.599915593325639068e-04
2.289225770999999965e-01,5.599791093418179889e-04
2.289952781000000048e-01,5.599542101993468463e-04
2.290043640999999963e-01,5.599510978851909935e-04
2.290316199000000108e-01,5.599417610475842166e-04
2.290588725000000103e-01,5.599324243672893203e-04
2.290770390999999906e-01,5.599262000011479999e-04
2.291042862999999874e-01,5.599168635830172004e-04
2.291496909999999887e-01,5.599013032356511257e-04
2.292132426000000056e-01,5.598795194833863179e-04
2.292495498999999881e-01,5.598670720094255744e-04
2.292949259000000017e-01,5.598515130601647641e-04
2.293221471999999928e-01,5.598421779003127105e-04
2.293584371999999871e-01,5.598297312651466040e-04
2.293856509999999960e-01,5.598203964722693387e-04
2.293947215000000095e-01,5.598172849095807337e-04
2.294672728999999911e-01,5.597923930371964674e-04
2.295126057999999913e-01,5.597768361848208226e-04
2.295760568999999918e-01,5.597550573253637449e-04
2.296576112000000003e-01,5.597270571926309373e-04
2.296757304000000000e-01,5.597208351330872382e-04
2.297119646000000126e-01,5.597083912236696865e-04
2.297210222000000135e-01,5.597052802899786950e-04
2.297300794999999896e-01,5.597021693737715478e-04
2.297844156999999943e-01,5.596835042433772516e-04
2.297934705000000133e-01,5.596803934494599779e-04
2.298658959999999862e-01,5.596555077270054523e-04
2.299021001999999869e-01,5.596430652850351581e-04
2.299292495999999963e-01,5.596337336369744397e-04
2.299473475000000100e-01,5.596275126256268842e-04
2.299654439000000106e-01,5.596212916841337157e-04
2.300106785999999903e-01,5.596057396360679071e-04
2.300468599999999919e-01,5.595932983120367960e-04
2.300830356999999937e-01,5.595808572674727810e-04
2.300920787999999884e-01,5.595777470500131173e-04
2.301101637999999894e-01,5.595715266674616221e-04
2.301192058000000040e-01,5.595684165023927757e-04
2.302547927999999966e-01,5.595217661221423954e-04
2.302999706999999951e-01,5.595062168686316473e-04
2.303090051999999999e-01,5.595031070703182551e-04
2.303632049000000070e-01,5.594844486472109199e-04
2.303722368999999992e-01,5.594813389711387206e-04
2.304083616000000001e-01,5.594689004415376614e-04
2.304535094000000062e-01,5.594533526724250212e-04
2.305167015000000041e-01,5.594315865290935136e-04
2.305257274999999995e-01,5.594284771498870363e-04
2.305528034999999865e-01,5.594191491170648518e-04
2.305798762000000057e-01,5.594098212413667641e-04
2.305979230000000102e-01,5.594036027448961871e-04
2.306249904999999878e-01,5.593942751311339716e-04
2.306610755000000068e-01,5.593818385572178753e-04
2.306971549000000066e-01,5.593694022626736822e-04
2.307422462000000007e-01,5.593538572873330917e-04
2.307963440999999949e-01,5.593352038930703932e-04
2.308143739999999888e-01,5.593289862346728083e-04
2.308414161000000020e-01,5.593196598779886933e-04
2.308684550000000002e-01,5.593103336784202182e-04
2.308774673000000000e-01,5.593072249801551554e-04
2.309405432999999952e-01,5.592854645810527419e-04
2.309585618999999979e-01,5.592792474812930369e-04
2.309765790999999957e-01,5.592730304513619148e-04
2.309855871000000005e-01,5.592699219625643864e-04
2.310306220999999993e-01,5.592543797804858368e-04
2.310576389000000008e-01,5.592450546807150235e-04
2.310846525999999956e-01,5.592357297380600670e-04
2.310936564000000137e-01,5.592326214587377709e-04
2.311206658000000136e-01,5.592232967255268217e-04
2.311656745000000013e-01,5.592077558526193596e-04
2.311746752000000127e-01,5.592046477304047887e-04
2.312466680999999968e-01,5.591797833810200269e-04
2.312736595999999867e-01,5.591704595379754904e-04
2.313456217000000037e-01,5.591455967245025343e-04
2.314085700999999884e-01,5.591238426789587506e-04
2.314175613999999992e-01,5.591207350279911361e-04
2.314445330000000078e-01,5.591114121797516410e-04
2.314625123000000062e-01,5.591051970348446653e-04
2.315523879999999979e-01,5.590741223574062242e-04
2.315973128000000103e-01,5.590585856730869319e-04
2.316062966999999917e-01,5.590554783885697855e-04
2.316332463000000119e-01,5.590461566397135701e-04
2.316691743000000026e-01,5.590337278855481802e-04
2.316781554000000021e-01,5.590306207406230393e-04
2.317320348999999946e-01,5.590119782375434785e-04
2.317410135999999898e-01,5.590088712147672648e-04
2.318128305000000111e-01,5.589840156606416203e-04
2.318397561999999967e-01,5.589746951157533198e-04
2.318487307000000053e-01,5.589715883023424004e-04
2.319474273999999892e-01,5.589374145063360664e-04
2.319833067000000026e-01,5.589249881948108421e-04
2.320281480999999979e-01,5.589094556979468369e-04
2.320371153000000131e-01,5.589063492509004083e-04
2.320640149000000041e-01,5.588970300144488652e-04
2.320909113999999884e-01,5.588877109350033493e-04
2.321088406000000048e-01,5.588814983025792169e-04
2.321715820999999957e-01,5.588597546386288046e-04
2.322343067000000039e-01,5.588380118294208844e-04
2.322432658999999955e-01,5.588349057835745792e-04
2.322522248999999983e-01,5.588317997552048541e-04
2.322790995000000025e-01,5.588224817746745678e-04
2.323059711000000083e-01,5.588131639511505254e-04
2.323238837999999917e-01,5.588069521560176754e-04
2.323507502000000113e-01,5.587976345941173635e-04
2.324581846999999868e-01,5.587603659162139382e-04
2.325387281000000084e-01,5.587324160559297695e-04
2.325566228000000013e-01,5.587262051676923549e-04
2.325655695999999939e-01,5.587230997497244413e-04
2.325924081000000088e-01,5.587137836004944574e-04
2.326013536000000048e-01,5.587106782523009168e-04
2.326371319999999965e-01,5.586982570338743783e-04
2.326729050000000132e-01,5.586858360944852667e-04
2.326818474000000025e-01,5.586827309032356284e-04
2.326997311000000013e-01,5.586765205730328436e-04
2.327801908000000086e-01,5.586485749502857539e-04
2.328159418000000092e-01,5.586361551268832857e-04
2.328427513999999920e-01,5.586268404424026305e-04
2.328784928000000032e-01,5.586144211072152079e-04
2.328874271999999968e-01,5.586113163169860408e-04
2.329231616999999921e-01,5.585988973305008052e-04
2.329678222000000076e-01,5.585833739897045225e-04
2.329946143000000136e-01,5.585740601944223045e-04
2.330303324000000120e-01,5.585616420448154869e-04
2.330392609999999975e-01,5.585585375509824740e-04
2.331106779999999878e-01,5.585337022280519124e-04
2.331285288000000122e-01,5.585274935716446698e-04
2.331374536999999969e-01,5.585243892695936855e-04
2.332445258999999993e-01,5.584871390047187406e-04
2.332802056000000124e-01,5.584747228075545794e-04
2.333515489000000109e-01,5.584498912499808593e-04
2.333782970000000123e-01,5.584405797034922405e-04
2.334228703000000016e-01,5.584250608079331050e-04
2.334496101999999906e-01,5.584157496797548378e-04
2.335298114999999897e-01,5.583878172363885119e-04
2.335387211000000129e-01,5.583847137187240807e-04
2.335565391999999962e-01,5.583785067356613523e-04
2.335654477999999923e-01,5.583754032702861487e-04
2.336367038999999923e-01,5.583505761745767917e-04
2.336634193000000081e-01,5.583412663012302666e-04
2.336723237999999980e-01,5.583381630449793390e-04
2.336812279000000103e-01,5.583350598061412404e-04
2.336990351000000077e-01,5.583288533807492836e-04
2.337524487000000040e-01,5.583102345228408304e-04
2.338058500999999900e-01,5.582916162922683424e-04
2.338236478000000063e-01,5.582854103548019493e-04
2.338414441999999982e-01,5.582792044870488885e-04
2.338503419000000083e-01,5.582761015793117135e-04
2.339659810999999978e-01,5.582357653643342174e-04
2.340371152000000066e-01,5.582109445417716845e-04
2.340637848999999882e-01,5.582016370207866290e-04
2.340993398000000003e-01,5.581892272367277577e-04
2.341260025000000133e-01,5.581799200816322040e-04
2.341704334999999970e-01,5.581644085048882188e-04
2.342059722000000010e-01,5.581519995570701463e-04
2.342415055000000024e-01,5.581395908879853819e-04
2.342770335000000093e-01,5.581271824976506224e-04
2.343036759000000080e-01,5.581178763877961109e-04
2.343214358000000053e-01,5.581116724016553206e-04
2.344102153000000022e-01,5.580806535161577167e-04
2.344634667999999922e-01,5.580620430209468422e-04
2.344900880999999937e-01,5.580527380085065908e-04
2.345255783000000094e-01,5.580403315690622354e-04
2.345521925000000063e-01,5.580310269223797554e-04
2.345610633000000111e-01,5.580279254083364429e-04
2.345965428000000019e-01,5.580155195262512594e-04
2.346054117999999966e-01,5.580124180992628762e-04
2.346320169999999983e-01,5.580031139228465832e-04
2.346763521999999935e-01,5.579876073104527096e-04
2.347384073000000071e-01,5.579658987845315023e-04
2.348093075000000085e-01,5.579410900855600545e-04
2.348181685000000074e-01,5.579379890765490645e-04
2.348358895000000057e-01,5.579317871107696914e-04
2.348447495000000051e-01,5.579286861540015251e-04
2.348713275000000045e-01,5.579193833881805056e-04
2.349156175000000069e-01,5.579038791267518661e-04
2.349421875000000104e-01,5.578945767788538127e-04
2.350218795000000027e-01,5.578666706754424436e-04
2.350307325000000058e-01,5.578635700843463966e-04
2.351015444000000010e-01,5.578387659823705845e-04
2.351192441000000133e-01,5.578325651310017501e-04
2.351280933999999878e-01,5.578294647314217770e-04
2.351634874000000097e-01,5.578170633072376556e-04
2.352342594000000064e-01,5.577922612945509801e-04
2.352431044000000138e-01,5.577891611213082936e-04
2.353138523999999954e-01,5.577643603620879159e-04
2.353403775000000031e-01,5.577550603646445459e-04
2.353668995000000042e-01,5.577457605238496331e-04
2.353757394999999863e-01,5.577426606117332451e-04
2.354022575999999978e-01,5.577333609798540079e-04
2.354376103999999970e-01,5.577209617143821145e-04
2.354552846999999893e-01,5.577147621860642154e-04
2.354817938000000055e-01,5.577054630241720917e-04
2.355083000000000037e-01,5.576961640189600838e-04
2.355171346999999915e-01,5.576930643853603804e-04
2.355878003999999915e-01,5.576682679431881322e-04
2.356584449999999942e-01,5.576434726149913325e-04
2.356672740000000099e-01,5.576403732772687756e-04
2.357202415999999912e-01,5.576217776165562226e-04
2.357643721000000081e-01,5.576062817112234548e-04
2.358261409000000086e-01,5.575845881746981482e-04
2.358702515999999971e-01,5.575690933135612516e-04
2.359496301000000018e-01,5.575412036598610503e-04
2.359760837000000055e-01,5.575319074218661620e-04
2.360113504999999945e-01,5.575195126814759669e-04
2.360906815000000103e-01,5.574916255335260386e-04
2.361083069999999895e-01,5.574854285809407355e-04
2.361171193000000113e-01,5.574823301307580033e-04
2.361523650000000030e-01,5.574699365039718088e-04
2.361611755999999951e-01,5.574668381407726653e-04
2.362316486999999909e-01,5.574420518615715763e-04
2.362932953999999919e-01,5.574203647806797151e-04
2.363021006999999896e-01,5.574172666958439500e-04
2.363285148000000002e-01,5.574079725457615868e-04
2.363725318000000075e-01,5.573924826435817633e-04
2.363901362999999978e-01,5.573862868044869448e-04
2.363989380000000029e-01,5.573831889110200189e-04
2.364693401999999889e-01,5.573584063896452282e-04
2.365045335000000026e-01,5.573460155464709164e-04
2.365309250000000030e-01,5.573367225967315467e-04
2.365397214999999942e-01,5.573336249816055561e-04
2.365661089999999966e-01,5.573243322405876813e-04
2.365836990999999889e-01,5.573181371668985053e-04
2.366364615000000060e-01,5.572995523632791716e-04
2.366452541000000076e-01,5.572964549568906138e-04
2.366716299000000134e-01,5.572871628420774477e-04
2.367155830000000072e-01,5.572716763319131338e-04
2.367243726999999909e-01,5.572685790820735034e-04
2.367507396000000097e-01,5.572592874368533433e-04
2.367771036999999912e-01,5.572499959481979400e-04
2.367946780999999890e-01,5.572438017093805408e-04
2.368210373000000091e-01,5.572345104816048885e-04
2.368473935000000030e-01,5.572252194103389155e-04
2.368561781999999893e-01,5.572221224213551836e-04
2.369527889999999970e-01,5.571880566904799121e-04
2.370054692999999935e-01,5.571694762696638350e-04
2.370669146999999921e-01,5.571477999032354699e-04
2.371371186000000020e-01,5.571230279563862010e-04
2.371458925999999912e-01,5.571199315412716548e-04
2.371985299000000103e-01,5.571013534157574386e-04
2.372160731000000078e-01,5.570951608463605006e-04
2.372423854000000054e-01,5.570858721226530901e-04
2.373476056000000112e-01,5.570487187926656709e-04
2.373739032999999943e-01,5.570394308513412079e-04
2.374089624999999870e-01,5.570270471730028950e-04
2.374264900999999983e-01,5.570208554381306807e-04
2.374527791000000110e-01,5.570115679662153430e-04
2.374878266000000071e-01,5.569991849137187478e-04
2.375141088000000122e-01,5.569898978068731467e-04
2.375666644999999966e-01,5.569713240625514964e-04
2.375929380000000035e-01,5.569620374250690504e-04
2.376192085999999926e-01,5.569527509440350263e-04
2.376542315999999877e-01,5.569403692126934221e-04
2.376629865000000064e-01,5.569372738233036284e-04
2.376892493999999967e-01,5.569279877594597583e-04
2.376980029999999910e-01,5.569248924395959468e-04
2.377767712999999949e-01,5.568970353430892318e-04
2.378730081000000052e-01,5.568629896925561887e-04
2.378992477999999910e-01,5.568537048801346784e-04
2.379866925000000133e-01,5.568227566350370710e-04
2.380129196000000114e-01,5.568134725003841658e-04
2.380478846000000093e-01,5.568010938974826685e-04
2.380828445000000015e-01,5.567887155726359855e-04
2.381177992000000077e-01,5.567763375258136509e-04
2.381265371000000075e-01,5.567732430575574694e-04
2.381876933000000029e-01,5.567515822662855033e-04
2.381964286000000097e-01,5.567484879370341233e-04
2.382226326999999921e-01,5.567392050535660292e-04
2.382924959999999925e-01,5.567144514621347488e-04
2.383186895000000138e-01,5.567051691520507684e-04
2.383274200000000120e-01,5.567020750834330255e-04
2.383536096999999965e-01,5.566927929818557596e-04
2.383623388999999981e-01,5.566896989827311475e-04
2.384059802999999866e-01,5.566742292477685041e-04
2.384757899000000125e-01,5.566494785752575374e-04
2.385019633000000083e-01,5.566401973597405939e-04
2.385281337000000057e-01,5.566309163005481479e-04
2.385368566000000135e-01,5.566278226489127174e-04
2.386066279000000068e-01,5.566030740611276973e-04
2.386153478999999966e-01,5.565999805658330274e-04
2.386763789000000135e-01,5.565783265851478780e-04
2.386850963000000103e-01,5.565752332288100880e-04
2.387112466999999905e-01,5.565659532640467684e-04
2.387461093999999895e-01,5.565535802208706941e-04
2.387548243000000014e-01,5.565504870035068059e-04
2.387722530999999981e-01,5.565443006208780881e-04
2.388158196000000066e-01,5.565288349682896403e-04
2.388506670999999970e-01,5.565164627588709998e-04
2.388767992999999978e-01,5.565071837841587118e-04
2.388942192000000075e-01,5.565009978878652499e-04
2.389551789999999898e-01,5.564793477979725197e-04
2.389900061000000131e-01,5.564669767001024494e-04
2.390248282000000113e-01,5.564546058801268400e-04
2.390335329000000120e-01,5.564515132185425495e-04
2.390509413999999944e-01,5.564453279474864712e-04
2.390857546000000056e-01,5.564329576137730425e-04
2.391031593000000066e-01,5.564267725511139575e-04
2.391640657000000114e-01,5.564051253788124176e-04
2.392336540999999983e-01,5.563803867952580228e-04
2.392423512999999891e-01,5.563772945504725977e-04
2.392684407000000013e-01,5.563680179202298718e-04
2.393379988000000069e-01,5.563432810036606033e-04
2.393640777999999913e-01,5.563340049464262065e-04
2.393727702000000013e-01,5.563309129620819726e-04
2.393814622999999864e-01,5.563278209951042722e-04
2.394509874999999899e-01,5.563030858842787094e-04
2.394683656999999910e-01,5.562969022802075406e-04
2.394770542999999918e-01,5.562938105042085834e-04
2.395204924999999874e-01,5.562783518846195355e-04
2.395465516999999989e-01,5.562690769212164359e-04
2.395812928999999925e-01,5.562567105464009953e-04
2.396073454000000047e-01,5.562474359475530700e-04
2.396507600999999987e-01,5.562319786300491979e-04
2.397288867000000046e-01,5.562041565521885604e-04
2.397896341999999903e-01,5.561825181303903807e-04
2.398850634999999953e-01,5.561485166145907488e-04
2.398937369999999958e-01,5.561454256718424694e-04
2.399284278999999909e-01,5.561330620744273003e-04
2.399370997999999977e-01,5.561299712184554185e-04
2.399631137000000081e-01,5.561206987546976665e-04
2.399891248999999893e-01,5.561114264471749653e-04
2.399977946000000084e-01,5.561083357126952011e-04
2.400064640000000027e-01,5.561052449955740558e-04
2.400238020000000083e-01,5.560990636134329921e-04
2.400758081999999904e-01,5.560805198834705039e-04
2.401278031999999896e-01,5.560619767783015269e-04
2.401451323999999887e-01,5.560557958820894686e-04
2.401971123999999957e-01,5.560372536099267900e-04
2.402750613000000091e-01,5.560094413730385906e-04
2.403010385999999887e-01,5.560001709397496220e-04
2.403096970999999971e-01,5.559970808300307345e-04
2.403789537999999892e-01,5.559723605769361027e-04
2.404741491999999869e-01,5.559383720421548578e-04
2.404828015000000097e-01,5.559352822794710880e-04
2.404914533999999993e-01,5.559321925341162299e-04
2.405174073999999940e-01,5.559229234021928522e-04
2.405606577999999940e-01,5.559074751959742740e-04
2.406211953000000070e-01,5.558858484359418314e-04
2.406298423000000075e-01,5.558827589681973732e-04
2.406903622999999881e-01,5.558611331796684072e-04
2.406990068000000038e-01,5.558580438507067061e-04
2.407162948999999885e-01,5.558518652448337901e-04
2.407249384000000048e-01,5.558487759678986144e-04
2.407508671999999961e-01,5.558395082412172618e-04
2.407940756999999987e-01,5.558240623770348623e-04
2.408545545000000121e-01,5.558024388957233559e-04
2.408631931000000115e-01,5.557993498963521763e-04
2.408977444000000023e-01,5.557869940723269035e-04
2.409322906999999958e-01,5.557746385258201987e-04
2.409581972000000016e-01,5.557653720480714441e-04
2.409754665999999934e-01,5.557591944829507564e-04
2.410013685000000072e-01,5.557499282653840687e-04
2.410272675000000031e-01,5.557406622038891511e-04
2.410963181000000122e-01,5.557159534697523988e-04
2.411049480000000134e-01,5.557128649560231278e-04
2.411394645999999919e-01,5.557005110745583338e-04
2.411739763000000092e-01,5.556881574705890142e-04
2.411826035000000090e-01,5.556850691129641478e-04
2.412429849000000126e-01,5.556634510950842149e-04
2.412688580000000027e-01,5.556541864904016156e-04
2.413205958999999901e-01,5.556356577492557389e-04
2.413464606999999873e-01,5.556263936127869320e-04
2.413895624999999878e-01,5.556109537321375375e-04
2.414068011000000125e-01,5.556047779012670716e-04
2.414154199000000112e-01,5.556016900118319283e-04
2.414498921999999881e-01,5.555893386275309598e-04
2.414843594999999954e-01,5.555769875206399222e-04
2.415446655000000054e-01,5.555553737511395238e-04
2.415791193000000059e-01,5.555430234071504891e-04
2.415963442999999877e-01,5.555368483391698829e-04
2.416221795999999866e-01,5.555275858672554211e-04
2.416480121000000036e-01,5.555183235513677350e-04
2.416566223000000124e-01,5.555152361474079668e-04
2.416824512000000091e-01,5.555059740395839902e-04
2.417599210999999970e-01,5.554781886522217570e-04
2.418029492000000058e-01,5.554627529326637558e-04
2.418631757999999965e-01,5.554411436533905578e-04
2.419319876999999896e-01,5.554164483742601204e-04
2.419405877999999954e-01,5.554133615423690034e-04
2.419577871999999963e-01,5.554071879306165475e-04
2.420695529000000124e-01,5.553670611440583195e-04
2.421039319999999939e-01,5.553547150298160460e-04
2.421383061999999864e-01,5.553423691928782106e-04
2.421468989999999988e-01,5.553392827769758431e-04
2.421726755999999980e-01,5.553300236332630278e-04
2.421984493000000072e-01,5.553207646454915531e-04
2.423358633000000095e-01,5.552713860117234300e-04
2.423530345000000086e-01,5.552652139944184214e-04
2.423702045999999999e-01,5.552590420464575743e-04
2.424045410000000011e-01,5.552466983584441150e-04
2.424474547999999896e-01,5.552312691383489741e-04
2.424903609000000071e-01,5.552158403514254525e-04
2.425075211999999925e-01,5.552096689579452205e-04
2.425589948999999912e-01,5.551911551933747706e-04
2.426104575999999957e-01,5.551726420525435537e-04
2.426533348999999895e-01,5.551572149116640103e-04
2.426790577000000060e-01,5.551479588350573344e-04
2.426876313000000118e-01,5.551448735108244735e-04
2.427219227999999895e-01,5.551325323871742325e-04
2.427562094999999864e-01,5.551201915407305261e-04
2.427647804999999992e-01,5.551171063724504983e-04
2.427819213999999892e-01,5.551109360878168962e-04
2.427904914000000025e-01,5.551078509714868492e-04
2.428333369000000019e-01,5.550924256497042622e-04
2.428590405999999924e-01,5.550831706645241231e-04
2.428933078999999939e-01,5.550708309267910878e-04
2.429190052000000100e-01,5.550615763053804016e-04
2.429532641000000104e-01,5.550492370526954574e-04
2.429618280999999991e-01,5.550461522828368513e-04
2.429703917000000102e-01,5.550430675302765824e-04
2.430645720999999870e-01,5.550091363955105255e-04
2.431672726999999923e-01,5.549721230023859850e-04
2.431758290999999905e-01,5.549690386655326815e-04
2.432014966000000111e-01,5.549597857589159923e-04
2.432271614000000026e-01,5.549505330081741820e-04
2.432442696999999876e-01,5.549443645942598712e-04
2.432699298999999871e-01,5.549351121032801079e-04
2.433041394000000079e-01,5.549227756911249499e-04
2.433297933000000135e-01,5.549135235638321317e-04
2.434323820000000027e-01,5.548765166132668594e-04
2.434494759999999980e-01,5.548703490306307372e-04
2.435007505000000017e-01,5.548518466982398176e-04
2.435092952000000033e-01,5.548487630367803913e-04
2.435776420999999914e-01,5.548240943684856676e-04
2.435861840999999917e-01,5.548210108628637153e-04
2.436118083000000101e-01,5.548117604498853514e-04
2.436459698000000007e-01,5.547994268083397814e-04
2.437228154999999952e-01,5.547716771276893326e-04
2.437825677000000080e-01,5.547500950123020755e-04
2.437911024999999954e-01,5.547470119222040752e-04
2.438167052000000112e-01,5.547377627558071084e-04
2.438593703999999973e-01,5.547223478247228058e-04
2.438764344000000084e-01,5.547161819734739612e-04
2.438849659000000003e-01,5.547130990738042547e-04
2.439190891000000139e-01,5.547007676482827070e-04
2.439873211999999958e-01,5.546761056281653262e-04
2.440129033000000003e-01,5.546668576562383381e-04
2.440214300000000114e-01,5.546637750335319797e-04
2.440470086000000038e-01,5.546545272693418141e-04
2.440640594000000052e-01,5.546483621797356715e-04
2.441237280999999926e-01,5.546267849114212443e-04
2.441492959000000074e-01,5.546175377703377882e-04
2.442004234000000051e-01,5.545990439554771912e-04
2.442941295999999929e-01,5.545651402465523547e-04
2.443367113999999896e-01,5.545497301620317407e-04
2.444048268000000024e-01,5.545250749267041038e-04
2.444218526999999974e-01,5.545189112909319762e-04
2.444303651999999993e-01,5.545158294990024713e-04
2.444984545999999981e-01,5.544911757865599511e-04
2.445239831999999891e-01,5.544819309299090122e-04
2.445324922000000067e-01,5.544788493456479167e-04
2.445580172000000052e-01,5.544696046966332949e-04
2.445665250000000068e-01,5.544665231815836546e-04
2.446345763999999978e-01,5.544418716840193717e-04
2.446770990000000090e-01,5.544264650604054491e-04
2.447026089999999876e-01,5.544172212938621152e-04
2.447366182000000057e-01,5.544048965140318348e-04
2.447961227999999878e-01,5.543833288154040306e-04
2.448046222999999966e-01,5.543802477848100733e-04
2.448301190000000127e-01,5.543710047968258142e-04
2.448641105000000096e-01,5.543586810550602418e-04
2.448726075999999863e-01,5.543556001628603550e-04
2.449320792999999941e-01,5.543340344019167219e-04
2.449405739999999942e-01,5.543309536481035331e-04
2.449490685000000056e-01,5.543278729116127507e-04
2.450085216000000010e-01,5.543063082405102256e-04
2.450170137000000081e-01,5.543032276423988771e-04
2.451019187000000044e-01,5.542724226127229963e-04
2.451104075999999965e-01,5.542693422048968269e-04
2.451358724999999905e-01,5.542601010851927294e-04
2.452122512999999893e-01,5.542323786600972984e-04
2.452207362999999918e-01,5.542292984771082049e-04
2.452377055999999944e-01,5.542231381630618927e-04
2.452461897999999862e-01,5.542200580319801709e-04
2.452886062999999894e-01,5.542046576359808095e-04
2.453140527000000071e-01,5.541954176059291689e-04
2.453394963999999956e-01,5.541861777315170269e-04
2.453734173000000074e-01,5.541738581411087723e-04
2.454158117999999944e-01,5.541584590422098588e-04
2.454242898000000006e-01,5.541553792743064829e-04
2.454751518000000132e-01,5.541369010300853902e-04
2.454836277999999927e-01,5.541338213832473899e-04
2.454921035000000029e-01,5.541307417537007880e-04
2.455175287999999956e-01,5.541215029688059028e-04
2.455514250999999981e-01,5.541091848310406671e-04
2.456446157999999935e-01,5.540753113787681575e-04
2.456530859000000122e-01,5.540722320777574737e-04
2.456784945000000109e-01,5.540629942784837869e-04
2.456954322000000079e-01,5.540568358321109168e-04
2.457885682000000016e-01,5.540229656131910119e-04
2.458224271999999988e-01,5.540106496886641578e-04
2.458308912000000124e-01,5.540075707507500710e-04
2.458985927000000016e-01,5.539829398698269949e-04
2.459239759000000081e-01,5.539737035747236858e-04
2.459578162000000123e-01,5.539613887566419538e-04
2.460170254999999861e-01,5.539398384905558879e-04
2.460254828000000005e-01,5.539367599502608049e-04
2.460508530000000138e-01,5.539275244331062732e-04
2.460593091000000121e-01,5.539244459619480521e-04
2.461269477999999955e-01,5.538998188150689745e-04
2.461607601999999950e-01,5.538875056564892055e-04
2.461692125000000120e-01,5.538844274100390404e-04
2.462283710000000014e-01,5.538628801689904433e-04
2.463044108999999926e-01,5.538351778177859125e-04
2.463213055000000040e-01,5.538290219298684430e-04
2.463635369000000130e-01,5.538136325125226148e-04
2.463973167999999880e-01,5.538013212897334578e-04
2.464310920999999988e-01,5.537890103434697396e-04
2.464395352000000039e-01,5.537859326501086161e-04
2.464564204999999952e-01,5.537797773152237013e-04
2.464901877000000019e-01,5.537674668528502547e-04
2.465070695000000089e-01,5.537613117253354852e-04
2.465914613999999894e-01,5.537305371246689601e-04
2.466420826999999871e-01,5.537120731937249934e-04
2.466673893999999922e-01,5.537028414615143912e-04
2.466926936000000126e-01,5.536936098848405053e-04
2.467011276999999947e-01,5.536905327271597144e-04
2.467348614000000051e-01,5.536782242692696527e-04
2.467685904999999957e-01,5.536659160878371587e-04
2.468360347999999926e-01,5.536413005542936997e-04
2.468444640000000134e-01,5.536382236903391067e-04
2.468697499999999989e-01,5.536289932021693991e-04
2.469118875999999907e-01,5.536136094007608650e-04
2.469371666999999881e-01,5.536043793272309426e-04
2.469624431999999925e-01,5.535951494091825506e-04
2.469708680999999906e-01,5.535920728043787313e-04
2.469961411000000107e-01,5.535828430936266505e-04
2.470045649000000010e-01,5.535797665579371418e-04
2.470466795000000049e-01,5.535643841385940768e-04
2.470719447999999985e-01,5.535551548942830094e-04
2.471393063000000001e-01,5.535305443361906996e-04
2.471729802000000031e-01,5.535182394717255662e-04
2.472403140999999971e-01,5.534936305718741838e-04
2.472487295999999946e-01,5.534905545371329163e-04
2.472655596999999983e-01,5.534844025194583317e-04
2.473160429000000049e-01,5.534659468809078296e-04
2.473412806999999991e-01,5.534567192948171982e-04
2.473749271000000027e-01,5.534444160884967150e-04
2.474001589000000001e-01,5.534351888651027184e-04
2.474422061000000062e-01,5.534198105048381390e-04
2.474758387999999865e-01,5.534075081275114305e-04
2.475178731000000076e-01,5.533921305443861632e-04
2.475346848999999960e-01,5.533859796320414904e-04
2.476103236999999957e-01,5.533583013812574036e-04
2.476439334999999964e-01,5.533460003854358484e-04
2.476523351999999900e-01,5.533429251796410844e-04
2.476775387000000050e-01,5.533336996658902570e-04
2.477195389000000081e-01,5.533183241550028789e-04
2.477699295999999940e-01,5.532998741117114419e-04
2.477783271000000009e-01,5.532967991649406000e-04
2.478371014000000094e-01,5.532752750209373295e-04
2.478454965999999926e-01,5.532722002122880981e-04
2.478538915000000065e-01,5.532691254209002327e-04
2.478790744999999907e-01,5.532599011503308529e-04
2.479881714000000126e-01,5.532199311067624147e-04
2.480468959999999889e-01,5.531984099840898342e-04
2.480552839999999870e-01,5.531953356070239743e-04
2.480720593999999890e-01,5.531891869047434645e-04
2.481056066000000004e-01,5.531768897072868521e-04
2.481223785999999987e-01,5.531707412121586714e-04
2.481475343000000000e-01,5.531615185988898904e-04
2.481726874999999888e-01,5.531522961409914008e-04
2.481810714000000084e-01,5.531492220228983970e-04
2.482062211999999934e-01,5.531399997721391177e-04
2.482565132000000008e-01,5.531215557366835111e-04
2.482816552999999871e-01,5.531123339519566093e-04
2.483486886999999865e-01,5.530877432855295459e-04
2.483738215000000082e-01,5.530785220703907492e-04
2.483821985999999926e-01,5.530754483665460252e-04
2.484575793000000088e-01,5.530477858084764274e-04
2.484743275000000085e-01,5.530416387632038902e-04
2.484827011000000085e-01,5.530385652664359265e-04
2.485161928999999881e-01,5.530262714519982225e-04
2.485245651999999916e-01,5.530231980415469548e-04
2.485496802000000116e-01,5.530139779136866458e-04
2.485747927999999995e-01,5.530047579411760282e-04
2.487086833999999913e-01,5.529555873773384393e-04
2.487254145999999999e-01,5.529494413674500286e-04
2.487505094000000139e-01,5.529402224820590631e-04
2.488759453000000121e-01,5.528941303844295534e-04
2.488843054000000055e-01,5.528910577159408752e-04
2.489093842000000001e-01,5.528818398140406508e-04
2.489261020000000102e-01,5.528756946323736291e-04
2.489511765000000099e-01,5.528664769892454667e-04
2.489846052999999948e-01,5.528541870399591258e-04
2.490096739000000059e-01,5.528449697591288287e-04
2.490598036999999987e-01,5.528265356633090336e-04
2.490848647999999999e-01,5.528173188482890694e-04
2.491099233000000079e-01,5.528081021885084250e-04
2.491182755999999943e-01,5.528050300030899278e-04
2.491266276000000113e-01,5.528019578349167504e-04
2.491767337999999943e-01,5.527835251881558186e-04
2.491934336000000139e-01,5.527773811105625521e-04
2.492518742000000009e-01,5.527558773823752379e-04
2.492602217999999870e-01,5.527528054902178158e-04
2.492769159999999873e-01,5.527466617576096575e-04
2.492852627000000099e-01,5.527435899171836411e-04
2.493854013000000036e-01,5.527067291774356936e-04
2.494104296000000109e-01,5.526975143805568091e-04
2.494604787999999962e-01,5.526790852525042055e-04
2.494854995999999936e-01,5.526698709212995867e-04
2.495271954000000125e-01,5.526545140475607821e-04
2.495522095999999912e-01,5.526453001302840612e-04
2.495855579000000046e-01,5.526330151486688515e-04
2.496439065999999929e-01,5.526115170947499926e-04
2.496522411000000052e-01,5.526084460131897112e-04
2.496605752000000122e-01,5.526053749488436329e-04
2.497105742999999878e-01,5.525869489249778587e-04
2.497189065000000041e-01,5.525838779813511872e-04
2.497522325000000043e-01,5.525715943792741712e-04
2.497772241000000004e-01,5.525623818587745671e-04
2.497938838000000050e-01,5.525562402646618443e-04
2.498605114000000127e-01,5.525316745778875672e-04
2.498854920999999951e-01,5.525224627298239198e-04
2.499520953000000101e-01,5.524978985603299763e-04
2.499770668999999890e-01,5.524886872812400165e-04
2.499853901999999906e-01,5.524856168893548317e-04
