q,I
2.039995199999999811e-03,5.371559984609030301e-03
2.884988900000000096e-03,5.371434969046290711e-03
4.079990399999999622e-03,5.371184948230466570e-03
4.561568000000000220e-03,5.371059942977174720e-03
5.769977800000000191e-03,5.370684947834457323e-03
6.119985599999999866e-03,5.370559956325582536e-03
6.451031299999999968e-03,5.370434968252547035e-03
7.355307299999999833e-03,5.370060024647376438e-03
8.159980799999999243e-03,5.369685111960863233e-03
8.411115699999999196e-03,5.369560147935671310e-03
8.654966599999999385e-03,5.369435187345450444e-03
9.123135799999999504e-03,5.369185276469506420e-03
1.019997589999999989e-02,5.368560559384207877e-03
1.040197520000000000e-02,5.368435626269923468e-03
1.098571020000000016e-02,5.368060847530688878e-03
1.153995529999999985e-02,5.367686099694621467e-03
1.189511369999999950e-02,5.367436284970914656e-03
1.223997100000000053e-02,5.367186483979790625e-03
1.240880609999999926e-02,5.367061588633676751e-03
1.290206219999999980e-02,5.366686923191874362e-03
1.306234239999999949e-02,5.366562041576422061e-03
1.368470339999999959e-02,5.366062549437487263e-03
1.427996599999999984e-02,5.365563112210022800e-03
1.442494390000000071e-02,5.365438261482250934e-03
1.471061409999999993e-02,5.365188570320914528e-03
1.485138870000000076e-02,5.365063729887114066e-03
1.553614000000000037e-02,5.364439579182577258e-03
1.593287120000000043e-02,5.364065129927539539e-03
1.631996089999999955e-02,5.363690711544726736e-03
1.644696630000000090e-02,5.363565912277099175e-03
1.682223050000000025e-02,5.363191535052739753e-03
1.730993239999999850e-02,5.362692413432702636e-03
1.742972569999999902e-02,5.362567641600616761e-03
1.754870130000000042e-02,5.362442873197494596e-03
1.824627070000000087e-02,5.361694334780890692e-03
1.835995569999999966e-02,5.361569590377474395e-03
1.847294110000000100e-02,5.361444849402157049e-03
1.880782519999999944e-02,5.361070647043722319e-03
1.924527490000000132e-02,5.360571758552708233e-03
1.935309240000000069e-02,5.360447044998328803e-03
2.009162109999999835e-02,5.359574146071399529e-03
2.019492059999999922e-02,5.359449459931091113e-03
2.039995039999999843e-02,5.359200097929187057e-03
2.050169640000000168e-02,5.359075422067380648e-03
2.080394890000000080e-02,5.358701415037243725e-03
2.100303430000000082e-02,5.358452094145513094e-03
2.129817330000000064e-02,5.358078138498265433e-03
2.168544450000000137e-02,5.357579578919464784e-03
2.197141860000000058e-02,5.357205695194719799e-03
2.206591980000000008e-02,5.357081074135326866e-03
2.243994499999999934e-02,5.356582624139016868e-03
2.253248119999999924e-02,5.356458020199726146e-03
2.280783739999999934e-02,5.356084228923672225e-03
2.307990860000000075e-02,5.355710468458031552e-03
2.325952140000000015e-02,5.355461311929743916e-03
2.379022509999999951e-02,5.354713924489799479e-03
2.387752890000000017e-02,5.354589371894798687e-03
2.447993949999999891e-02,5.353717599542558853e-03
2.456479220000000116e-02,5.353593074321334050e-03
2.464935279999999965e-02,5.353468552521346499e-03
2.481760959999999849e-02,5.353219519184647737e-03
2.490131170000000130e-02,5.353095007647737033e-03
2.523334379999999863e-02,5.352596995707144603e-03
2.556106320000000112e-02,5.352099038492665571e-03
2.580412149999999905e-02,5.351725606491701363e-03
2.596489630000000173e-02,5.351476668922725347e-03
2.612468180000000056e-02,5.351227745031453265e-03
2.651993379999999928e-02,5.350605495137452337e-03
2.659827940000000085e-02,5.350481055415092467e-03
2.683194360000000153e-02,5.350107756758944351e-03
2.721692649999999866e-02,5.349485660695483744e-03
2.736940339999999888e-02,5.349236846194792457e-03
2.744532419999999931e-02,5.349112444070745070e-03
2.774693010000000085e-02,5.348614869747338185e-03
2.834051430000000121e-02,5.347619885107721127e-03
2.841384049999999897e-02,5.347495527401375029e-03
2.855992799999999832e-02,5.347246822236533144e-03
2.863269220000000045e-02,5.347122474777828323e-03
2.884988380000000005e-02,5.346749452895373581e-03
2.899377430000000047e-02,5.346500788717348067e-03
2.920828110000000047e-02,5.346127818063643733e-03
2.942122390000000143e-02,5.345754878143299700e-03
2.970277299999999829e-02,5.345257672718684537e-03
3.012016249999999867e-02,5.344511967001830746e-03
3.032670299999999999e-02,5.344139160226153012e-03
3.059992200000000162e-02,5.343642132308363060e-03
3.066784640000000048e-02,5.343517883860885408e-03
3.087072290000000135e-02,5.343145158993501190e-03
3.107227489999999856e-02,5.342772464836459227e-03
3.113916889999999993e-02,5.342648240274767285e-03
3.120591959999999970e-02,5.342524019124933812e-03
3.166923519999999964e-02,5.341654566598355407e-03
3.173487090000000344e-02,5.341530372739297476e-03
3.186573689999999681e-02,5.341281995253740339e-03
3.193096869999999948e-02,5.341157811626978322e-03
3.225514909999999819e-02,5.340536944649331742e-03
3.263991580000000226e-02,5.339792016805536452e-03
3.270360349999999749e-02,5.339667874098350323e-03
3.289392669999999935e-02,5.339295466431967681e-03
3.295712349999999763e-02,5.339171337361208608e-03
3.320870809999999784e-02,5.338674855165537192e-03
3.345840099999999873e-02,5.338178427504525550e-03
3.364445469999999966e-02,5.337806142543066387e-03
3.376792089999999802e-02,5.337557969607256182e-03
3.395227840000000080e-02,5.337185735759210001e-03
3.419654240000000178e-02,5.336689471661243411e-03
3.461985769999999935e-02,5.335821140644076387e-03
3.467990950000000155e-02,5.335697106980617430e-03
3.473985749999999872e-02,5.335573076723022605e-03
3.485944419999999905e-02,5.335325026424966519e-03
3.491908400000000301e-02,5.335201006384309233e-03
3.509739530000000052e-02,5.334828966694494211e-03
3.521576790000000012e-02,5.334580957260347603e-03
3.562697489999999689e-02,5.333713031489590792e-03
3.568533189999999883e-02,5.333589055711220051e-03
3.609118929999999975e-02,5.332721320570107254e-03
3.614879690000000201e-02,5.332597372021132334e-03
3.632107169999999885e-02,5.332225546793034794e-03
3.649253310000000194e-02,5.331853752190776792e-03
3.671990299999999818e-02,5.331358073689775219e-03
3.677652580000000115e-02,5.331234162570105614e-03
3.694587359999999820e-02,5.330862449622853286e-03
3.722640800000000250e-02,5.330242996076791154e-03
3.744932249999999990e-02,5.329747494461720830e-03
3.750484409999999685e-02,5.329623627560086709e-03
3.761564139999999667e-02,5.329375903958621409e-03
3.794609239999999911e-02,5.328632814761170670e-03
3.811024350000000172e-02,5.328261316061091296e-03
3.832801789999999709e-02,5.327766032053041917e-03
3.849054019999999937e-02,5.327394604737401701e-03
3.870617500000000238e-02,5.326899415898212094e-03
3.875989619999999775e-02,5.326775627184415253e-03
3.881354310000000030e-02,5.326651841868838486e-03
3.897404079999999826e-02,5.326280506310242073e-03
3.918701509999999999e-02,5.325785439800381424e-03
3.924007809999999902e-02,5.325661681666561502e-03
3.939883820000000120e-02,5.325290427648079160e-03
3.960952859999999909e-02,5.324795469846544706e-03
4.007953250000000078e-02,5.323682013477716926e-03
4.018323120000000248e-02,5.323434616082741398e-03
4.023498040000000192e-02,5.323310922478327600e-03
4.038983000000000156e-02,5.322939862035925770e-03
4.049273419999999818e-02,5.322692505382396050e-03
4.064660190000000256e-02,5.322321495861973527e-03
4.079988930000000291e-02,5.321950516890898777e-03
4.085085730000000137e-02,5.321826864022130739e-03
4.100338109999999980e-02,5.321455925779068966e-03
4.105409649999999799e-02,5.321332286485470561e-03
4.125633449999999841e-02,5.320837763245187674e-03
4.130673929999999910e-02,5.320714140918137228e-03
4.160788569999999964e-02,5.319972478204925380e-03
4.185718599999999762e-02,5.319354519234701338e-03
4.200605599999999995e-02,5.318983784555336713e-03
4.205556230000000173e-02,5.318860213112066096e-03
4.244953370000000004e-02,5.317871763647279149e-03
4.259633349999999985e-02,5.317501151045014689e-03
4.283988209999999713e-02,5.316883531177933782e-03
4.288842589999999899e-02,5.316760017374077239e-03
4.303372860000000133e-02,5.316389496299625886e-03
4.322670569999999962e-02,5.315895515649786060e-03
4.327481560000000227e-02,5.315772028959771939e-03
4.337087509999999757e-02,5.315525065745811337e-03
4.361009829999999698e-02,5.314907717008579037e-03
4.365778569999999997e-02,5.314784257425611558e-03
4.380053619999999676e-02,5.314413899003641965e-03
4.394282299999999891e-02,5.314043571069968289e-03
4.403742540000000344e-02,5.313796702717353895e-03
4.413182499999999953e-02,5.313549847912962809e-03
4.455414840000000015e-02,5.312439168929971103e-03
4.474056810000000273e-02,5.311945621864226121e-03
4.478705179999999814e-02,5.311822243561736649e-03
4.487987470000000256e-02,5.311575497112714511e-03
4.492621420000000171e-02,5.311452128965971076e-03
4.506494700000000103e-02,5.311082044835681998e-03
4.515719859999999669e-02,5.310835339005912613e-03
4.529522390000000065e-02,5.310465305644956717e-03
4.561565869999999884e-02,5.309602012911410727e-03
4.584316940000000146e-02,5.308985476750478945e-03
4.602436819999999873e-02,5.308492308715113961e-03
4.615980060000000190e-02,5.308122468205329729e-03
4.624986849999999927e-02,5.307875924776580927e-03
4.651902589999999671e-02,5.307136375654453349e-03
4.656373419999999819e-02,5.307013129302754449e-03
4.660839960000000282e-02,5.306889886332288343e-03
4.691986699999999705e-02,5.306027280204898833e-03
4.696419369999999677e-02,5.305904064280541135e-03
4.709692359999999994e-02,5.305534436788827100e-03
4.731731260000000133e-02,5.304918458567262768e-03
4.744905459999999853e-02,5.304548912188464596e-03
4.758043189999999756e-02,5.304179396221834000e-03
4.762414379999999753e-02,5.304056230990718442e-03
4.775503939999999753e-02,5.303686755569155149e-03
4.779859160000000246e-02,5.303563603852212011e-03
4.801576009999999894e-02,5.302947895939621667e-03
4.814559110000000280e-02,5.302578511726000615e-03
4.836120139999999790e-02,5.301962938917216019e-03
4.849010740000000291e-02,5.301593635755695762e-03
4.866145090000000006e-02,5.301101278812147752e-03
4.895985910000000274e-02,5.300239784139410514e-03
4.900234049999999814e-02,5.300116726974450805e-03
4.904478510000000180e-02,5.299993673184812820e-03
4.912956429999999763e-02,5.299747575731100432e-03
4.929868529999999888e-02,5.299255421322940189e-03
4.934087499999999932e-02,5.299132391157646872e-03
4.938302859999999656e-02,5.299009364366808784e-03
4.963519859999999950e-02,5.298271274480102072e-03
4.967710250000000050e-02,5.298148271307713195e-03
4.980260260000000244e-02,5.297779282031934121e-03
5.001106959999999935e-02,5.297164367370695535e-03
5.017721960000000314e-02,5.296672496352659160e-03
5.038413659999999711e-02,5.296057733457737102e-03
5.046666589999999897e-02,5.295811851903460196e-03
5.050787989999999672e-02,5.295688916183789209e-03
5.067240099999999886e-02,5.295197207019520201e-03
5.099985089999999749e-02,5.294213950497451450e-03
5.104063439999999979e-02,5.294091058599489745e-03
5.112210379999999887e-02,5.293845284913947617e-03
5.116278989999999832e-02,5.293722403126179844e-03
5.136573690000000025e-02,5.293108044732880088e-03
5.148712109999999814e-02,5.292739470129566651e-03
5.160821980000000059e-02,5.292370925847289694e-03
5.164852290000000040e-02,5.292248084490697689e-03
5.192976900000000062e-02,5.291388289309081200e-03
5.200984570000000140e-02,5.291142663855106718e-03
5.212973010000000046e-02,5.290774250931141141e-03
5.224933949999999855e-02,5.290405868313093930e-03
5.228914839999999897e-02,5.290283080841176426e-03
5.244808220000000271e-02,5.289791964621631988e-03
5.264607470000000344e-02,5.289178145092170331e-03
5.292201970000000311e-02,5.288318939117955461e-03
5.296132299999999765e-02,5.288196208869036866e-03
5.303984240000000211e-02,5.287950758466520088e-03
5.307905849999999814e-02,5.287828038312645217e-03
5.319653330000000124e-02,5.287459898039354247e-03
5.339175040000000011e-02,5.286846398205499384e-03
5.354741159999999722e-02,5.286355658890213617e-03
5.366386120000000287e-02,5.285987639721243664e-03
5.385738429999999827e-02,5.285374341702599177e-03
5.389600549999999657e-02,5.285251692187356402e-03
5.401170360000000226e-02,5.284883763816849815e-03
5.420398480000000047e-02,5.284270617110000019e-03
5.431902689999999756e-02,5.283902769427774142e-03
5.443382580000000193e-02,5.283534951998417918e-03
5.473877910000000263e-02,5.282554253401655631e-03
5.481475239999999971e-02,5.282309112357398348e-03
5.489062050000000081e-02,5.282063984753388244e-03
5.492851530000000121e-02,5.281941425991251889e-03
5.507983360000000272e-02,5.281451224539102964e-03
5.511759819999999949e-02,5.281328682574631429e-03
5.523073729999999903e-02,5.280961076836302760e-03
5.541878909999999742e-02,5.280348467782618009e-03
5.549383139999999881e-02,5.280103447670617990e-03
5.568099469999999995e-02,5.279490956156967368e-03
5.571835189999999743e-02,5.279368467927616354e-03
5.601631270000000107e-02,5.278388682955921160e-03
5.612764020000000215e-02,5.278021318980183341e-03
5.627573429999999793e-02,5.277531547334965781e-03
5.642343970000000125e-02,5.277041829385414190e-03
5.657075939999999664e-02,5.276552165124799576e-03
5.668099790000000193e-02,5.276184952158688435e-03
5.671769649999999774e-02,5.276062554546469274e-03
5.682764989999999905e-02,5.275695381837613128e-03
5.690083420000000003e-02,5.275450616803961310e-03
5.711982439999999800e-02,5.274716402200348153e-03
5.715624119999999919e-02,5.274594044837854420e-03
5.726535270000000094e-02,5.274226992870769022e-03
5.744674450000000071e-02,5.273615306653824455e-03
5.748295419999999850e-02,5.273492979468750314e-03
5.759144669999999994e-02,5.273126018028241602e-03
5.769973510000000333e-02,5.272759086757555259e-03
5.773578619999999995e-02,5.272636783037976289e-03
5.777181470000000013e-02,5.272514482670130273e-03
5.798751569999999883e-02,5.271780750844824032e-03
5.802338790000000079e-02,5.271658473936577730e-03
5.805923799999999912e-02,5.271536200379320185e-03
5.834524540000000231e-02,5.270558132542776074e-03
5.841652840000000069e-02,5.270313649085809835e-03
5.845213739999999963e-02,5.270191412382137577e-03
5.873623160000000093e-02,5.269213639332710926e-03
5.884241330000000020e-02,5.268847029698247447e-03
5.887776470000000151e-02,5.268724833184019844e-03
5.915981499999999754e-02,5.267747381605121341e-03
5.919497680000000012e-02,5.267625215223084752e-03
5.930033710000000291e-02,5.267258736161566091e-03
5.940551060000000272e-02,5.266892287224773928e-03
5.947552290000000103e-02,5.266648004668103220e-03
5.958038699999999854e-02,5.266281605932773835e-03
5.971991950000000299e-02,5.265793121134177725e-03
5.999801099999999693e-02,5.264816312135133999e-03
6.003268190000000254e-02,5.264694226064316890e-03
6.024028800000000294e-02,5.263961779880485005e-03
6.027481950000000005e-02,5.263839717222409259e-03
6.041274809999999662e-02,5.263351500031686510e-03
6.055036250000000314e-02,5.262863336342485550e-03
6.058471719999999894e-02,5.262741303778984206e-03
6.065336839999999757e-02,5.262497248681943622e-03
6.085885719999999804e-02,5.261765163622157335e-03
6.113176780000000032e-02,5.260789237384581700e-03
6.119980530000000002e-02,5.260545289243818284e-03
6.123379560000000166e-02,5.260423320185600438e-03
6.133565380000000067e-02,5.260057433058754929e-03
6.136956899999999882e-02,5.259935477365356750e-03
6.150504259999999696e-02,5.259447687999854563e-03
6.167396609999999807e-02,5.258838026453580700e-03
6.174140610000000001e-02,5.258594185215706603e-03
6.194328550000000044e-02,5.257862741653363155e-03
6.204397889999999777e-02,5.257497064952159835e-03
6.214450920000000322e-02,5.257131418300540864e-03
6.217798310000000050e-02,5.257009542760480644e-03
6.227829700000000329e-02,5.256643936170497973e-03
6.241179809999999883e-02,5.256156507450261174e-03
6.244512879999999933e-02,5.256034658614707616e-03
6.257827400000000317e-02,5.255547296647289368e-03
6.284371810000000114e-02,5.254572732890021997e-03
6.297602060000000168e-02,5.254085531086861473e-03
6.300905280000000663e-02,5.253963738976127201e-03
6.323979509999999582e-02,5.253111287598060362e-03
6.327268960000000109e-02,5.252989522170959692e-03
6.333842739999999416e-02,5.252746001321640691e-03
6.337127069999999585e-02,5.252624245899180366e-03
6.346969869999999347e-02,5.252258999639473729e-03
6.353523260000000505e-02,5.252015518804945687e-03
6.373143000000000558e-02,5.251285156317716217e-03
6.376407089999999722e-02,5.251163440904483594e-03
6.386189339999999437e-02,5.250798314664855901e-03
6.389446769999999887e-02,5.250676612584723527e-03
6.402459889999999321e-02,5.250189837593089229e-03
6.405709029999999415e-02,5.250068152176863220e-03
6.441341509999999604e-02,5.248729832520406501e-03
6.451025289999999524e-02,5.248364906214458663e-03
6.479989830000000561e-02,5.247270307161338958e-03
6.483200120000000288e-02,5.247148701696171744e-03
6.492821479999999479e-02,5.246783905280302633e-03
6.505627819999999784e-02,5.246297556674165558e-03
6.508825470000000057e-02,5.246175977846071967e-03
6.518409000000000009e-02,5.245811261336288944e-03
6.527978469999999589e-02,5.245446574786223788e-03
6.531165170000000075e-02,5.245325019260039211e-03
6.540715969999999491e-02,5.244960372651774790e-03
6.556603060000000538e-02,5.244352694865801051e-03
6.569285060000000509e-02,5.243866612534474336e-03
6.578780519999999354e-02,5.243502085721850337e-03
6.585103220000000646e-02,5.243259084481330032e-03
6.591419860000000130e-02,5.243016096547521362e-03
6.607185029999999848e-02,5.242408684924220255e-03
6.619770129999999475e-02,5.241922815493171676e-03
6.635467940000000509e-02,5.241315553527982861e-03
6.641736669999999398e-02,5.241072672017668341e-03
6.644868819999999454e-02,5.240951236249783395e-03
6.660507479999999703e-02,5.240344107278796168e-03
6.669873070000000015e-02,5.239979869787160342e-03
6.682340109999999889e-02,5.239494266332030137e-03
6.691675140000000188e-02,5.239130098637270055e-03
6.710306259999999912e-02,5.238401852969940507e-03
6.728885780000000427e-02,5.237673726913293429e-03
6.731977379999999622e-02,5.237552384197763367e-03
6.735067570000000114e-02,5.237431044804087381e-03
6.744329620000000247e-02,5.237067046552639979e-03
6.753578970000000126e-02,5.236703078193640469e-03
6.756659280000000545e-02,5.236581762049632299e-03
6.759738179999999486e-02,5.236460449226549262e-03
6.781251330000000188e-02,5.235611352443291823e-03
6.790450389999999614e-02,5.235247503626062025e-03
6.793513980000000230e-02,5.235126227326809822e-03
6.808811230000000325e-02,5.234519895624182434e-03
6.817973099999999342e-02,5.234156136433878309e-03
6.839303080000000423e-02,5.233307481146431267e-03
6.842344790000000343e-02,5.233186257950295586e-03
6.854498139999999629e-02,5.232701398345448833e-03
6.857533120000000593e-02,5.232580191738680185e-03
6.881764710000000396e-02,5.231610658307233631e-03
6.902897569999999483e-02,5.230762490684434836e-03
6.923965930000000601e-02,5.229914485545559058e-03
6.926970470000000379e-02,5.229793355216247851e-03
6.929973700000000014e-02,5.229672228202066932e-03
6.935976259999999949e-02,5.229429984118803658e-03
6.938975599999999688e-02,5.229308867049559974e-03
6.947965829999999676e-02,5.228945535729831624e-03
6.962923760000000462e-02,5.228340049817909070e-03
6.971883119999999767e-02,5.227976798038790930e-03
6.977849630000000636e-02,5.227734646754280713e-03
6.983811040000000026e-02,5.227492508723409134e-03
7.010574679999999337e-02,5.226403051576501875e-03
7.019473210000000407e-02,5.226039958818869818e-03
7.025399309999999509e-02,5.225797913540512242e-03
7.034279089999999346e-02,5.225434870460865001e-03
7.043147669999999527e-02,5.225071857184249331e-03
7.046101389999999409e-02,5.224950859381179841e-03
7.069686679999999390e-02,5.223982996145030457e-03
7.072629310000000391e-02,5.223862028137546236e-03
7.081449859999999763e-02,5.223499143975302537e-03
7.096126429999999319e-02,5.222894403232967477e-03
7.104917809999999889e-02,5.222531598499727083e-03
7.116622760000000658e-02,5.222047905180583760e-03
7.125388859999999547e-02,5.221685169931518725e-03
7.137060239999999667e-02,5.221201569247779957e-03
7.139975099999999741e-02,5.221080677346672146e-03
7.142888779999999327e-02,5.220959788753363681e-03
7.151622679999999899e-02,5.220597142818711282e-03
7.163251310000000316e-02,5.220113661207855145e-03
7.166155520000000445e-02,5.219992799072679240e-03
7.174861100000000380e-02,5.219630232507618470e-03
7.186452140000000599e-02,5.219146856711399766e-03
7.209578290000000222e-02,5.218180263804337096e-03
7.212463850000000454e-02,5.218059454565749343e-03
7.218231499999999690e-02,5.217817846003880260e-03
7.229752999999999874e-02,5.217334668538770905e-03
7.235506869999999702e-02,5.217093099633873972e-03
7.244129109999999927e-02,5.216730771058803763e-03
7.264207849999999855e-02,5.215885453352907264e-03
7.281374140000000661e-02,5.215161024149558497e-03
7.289942130000000298e-02,5.214798854135565750e-03
7.298500049999999406e-02,5.214436713842893027e-03
7.304199769999999980e-02,5.214195303491696645e-03
7.312741009999999819e-02,5.213833212728548501e-03
7.324113840000000264e-02,5.213350471265653513e-03
7.343973900000000388e-02,5.212505800795515926e-03
7.346806670000000095e-02,5.212385146788016572e-03
7.355298439999999327e-02,5.212023204567061731e-03
7.358126850000000496e-02,5.211902563760221693e-03
7.369429630000000342e-02,5.211420033530872117e-03
7.372252619999999923e-02,5.211299409222547308e-03
7.389167900000000178e-02,5.210575732656204211e-03
7.391983359999999836e-02,5.210455131441536596e-03
7.394797729999999514e-02,5.210334533525415313e-03
7.414468470000000477e-02,5.209490440467207627e-03
7.417274320000000198e-02,5.209369868936855781e-03
7.425685499999999661e-02,5.209008174131813350e-03
7.445274629999999727e-02,5.208164334992292956e-03
7.470385179999999847e-02,5.207079636314751632e-03
7.481518369999999585e-02,5.206597633708755050e-03
7.484299079999999493e-02,5.206477141295975941e-03
7.489857399999999554e-02,5.206236166356144508e-03
7.500961690000000626e-02,5.205754256016624504e-03
7.506507669999999688e-02,5.205513320615239373e-03
7.523121089999999789e-02,5.204790593474925391e-03
7.525886430000000571e-02,5.204670150480612996e-03
7.547972660000000500e-02,5.203706725092072972e-03
7.550728900000000521e-02,5.203586311737755030e-03
7.558991580000000432e-02,5.203225091431225996e-03
7.569994450000000485e-02,5.202743510450473681e-03
7.572742679999999726e-02,5.202623123435864798e-03
7.580981359999999780e-02,5.202261982143389744e-03
7.589211099999999821e-02,5.201900870476149248e-03
7.591952370000000505e-02,5.201780506503341471e-03
7.616579349999999526e-02,5.200697378842989750e-03
7.622041209999999567e-02,5.200456720003935815e-03
7.638403350000000369e-02,5.199734822447080185e-03
7.646571289999999632e-02,5.199373918078772916e-03
7.657448329999999581e-02,5.198892758303132189e-03
7.665595969999999815e-02,5.198531923004273865e-03
7.668309930000000163e-02,5.198411651148509248e-03
7.679156169999999670e-02,5.197930596608451789e-03
7.681865340000000597e-02,5.197810341193711062e-03
7.689987119999999732e-02,5.197449594676437253e-03
7.698100330000000324e-02,5.197088877747462268e-03
7.711603370000000290e-02,5.196487748610045983e-03
7.722388809999999881e-02,5.196006904462643211e-03
7.741227159999999885e-02,5.195165553725538364e-03
7.751971380000000078e-02,5.194684854162192993e-03
7.754655109999999962e-02,5.194564687484705921e-03
7.762700729999999494e-02,5.194204207162602185e-03
7.768059839999999494e-02,5.193963903372110849e-03
7.776091590000000497e-02,5.193603472320839319e-03
7.789459440000000290e-02,5.193002819586981129e-03
7.794800159999999700e-02,5.192762581480755112e-03
7.808135970000000536e-02,5.192162043676291916e-03
7.810800410000000304e-02,5.192041945965141826e-03
7.818788249999999995e-02,5.191681672528937995e-03
7.837394890000000391e-02,5.190841149400086778e-03
7.848007460000000490e-02,5.190360922674768819e-03
7.850658350000000452e-02,5.190240874197494386e-03
7.871833409999999531e-02,5.189280604503457815e-03
7.874476290000000100e-02,5.189160585555625642e-03
7.879759379999999591e-02,5.188920557501372835e-03
7.882399599999999340e-02,5.188800548394804750e-03
7.921897310000000636e-02,5.187000805365840628e-03
7.935019529999999544e-02,5.186401054974449677e-03
7.937641369999999530e-02,5.186281114731116151e-03
7.945501689999999451e-02,5.185921313669100696e-03
7.955970049999999683e-02,5.185441624808164243e-03
7.958584990000000525e-02,5.185321710786605469e-03
7.966424649999999386e-02,5.184961988385013675e-03
7.979473639999999646e-02,5.184362516586804234e-03
7.997706450000000022e-02,5.183523393677066417e-03
8.000307750000000551e-02,5.183403532079448699e-03
8.015897800000000573e-02,5.182684431278194483e-03
8.021087740000000521e-02,5.182444757212253429e-03
8.028866380000000691e-02,5.182085270674331376e-03
8.036637480000000111e-02,5.181725813606877923e-03
8.039226180000000332e-02,5.181606001132951431e-03
8.046987279999999465e-02,5.181246583355323711e-03
8.049572650000000329e-02,5.181126783977161275e-03
8.070225790000000454e-02,5.180168506796155141e-03
8.077957099999999446e-02,5.179809206858483964e-03
8.083107209999999820e-02,5.179569689929803579e-03
8.090826210000000296e-02,5.179210439079133359e-03
8.098537860000000477e-02,5.178851217677049069e-03
8.121628870000000000e-02,5.177773730134448658e-03
8.124190489999999487e-02,5.177654025651952201e-03
8.129311300000000018e-02,5.177414626498991548e-03
8.144654410000000400e-02,5.176696507529597938e-03
8.152315139999999349e-02,5.176337492190227416e-03
8.159968680000000141e-02,5.175978506277404030e-03
8.162518259999999859e-02,5.175858850845173158e-03
8.165067049999999438e-02,5.175739198682202148e-03
8.170162240000000686e-02,5.175499904163437769e-03
8.182886339999999314e-02,5.174901725070566935e-03
8.193051390000000156e-02,5.174423240627947299e-03
8.200666909999999865e-02,5.174064411610197235e-03
8.205739989999999429e-02,5.173825208603559725e-03
8.210809939999999529e-02,5.173586018666858841e-03
8.213343739999999504e-02,5.173466428599457836e-03
8.223471150000000174e-02,5.172988101000698148e-03
8.233586090000000191e-02,5.172509825670084001e-03
8.251257400000000519e-02,5.171672969592394642e-03
8.253778790000000642e-02,5.171553431787600207e-03
8.261338329999999563e-02,5.171194837965968800e-03
8.266374179999999572e-02,5.170955791744563657e-03
8.283975550000000077e-02,5.170119232812983232e-03
8.304045720000000075e-02,5.169163361320091091e-03
8.306551080000000586e-02,5.169043892070335905e-03
8.321567409999999776e-02,5.168327145099957561e-03
8.324067490000000569e-02,5.168207698691898791e-03
8.326566829999999808e-02,5.168088255546618090e-03
8.334060340000000455e-02,5.167729945685855392e-03
8.363967260000000625e-02,5.166296999821889252e-03
8.366454680000000310e-02,5.166177608865981166e-03
8.371427300000000571e-02,5.165938836736965432e-03
8.373912499999999759e-02,5.165819455563637475e-03
8.386327459999999567e-02,5.165222598605060181e-03
8.393767620000000540e-02,5.164864523552644728e-03
8.401201190000000263e-02,5.164506477838927412e-03
8.403677589999999920e-02,5.164387135786960119e-03
8.411102400000000645e-02,5.164029129187248240e-03
8.425932399999999656e-02,5.163313203982086534e-03
8.433337620000000423e-02,5.162955285371133296e-03
8.445665230000000412e-02,5.162358819516228887e-03
8.453053160000000010e-02,5.162000979096755850e-03
8.462893709999999570e-02,5.161523904140972487e-03
8.484993209999999730e-02,5.160450676015955473e-03
8.489896399999999343e-02,5.160212216696828842e-03
8.492346929999999849e-02,5.160092991921139648e-03
8.502141990000000593e-02,5.159616125375402450e-03
8.511925789999999492e-02,5.159139310916070753e-03
8.519256259999999359e-02,5.158781734249261522e-03
8.521698349999999589e-02,5.158662548536510975e-03
8.524139740000000187e-02,5.158543366078341061e-03
8.541209930000000228e-02,5.157709179990997705e-03
8.543645739999999877e-02,5.157590023565818659e-03
8.563107309999999639e-02,5.156636889288372140e-03
8.567965800000000576e-02,5.156398638249699157e-03
8.570394000000000623e-02,5.156279517609311039e-03
8.577674509999999586e-02,5.155922175203358181e-03
8.580099970000000520e-02,5.155803067572656273e-03
8.589794970000000363e-02,5.155326669570445101e-03
8.599479040000000685e-02,5.154850323596230424e-03
8.606734940000000667e-02,5.154493098255022616e-03
8.609152209999999805e-02,5.154374029643470599e-03
8.628466029999999620e-02,5.153421597776689303e-03
8.645330230000000671e-02,5.152588390526907300e-03
8.654952159999999839e-02,5.152112343587962259e-03
8.657355969999999679e-02,5.151993339976013164e-03
8.659759109999999593e-02,5.151874339612959146e-03
8.666964550000000322e-02,5.151517358016430292e-03
8.674163999999999486e-02,5.151160405656482477e-03
8.678960310000000122e-02,5.150922453657684821e-03
8.686149819999999799e-02,5.150565550019377443e-03
8.698119120000000204e-02,5.149970775574858051e-03
8.714848529999999482e-02,5.149138227732111099e-03
8.722008450000000301e-02,5.148781470213152113e-03
8.731545890000000365e-02,5.148305838967486350e-03
8.760095880000000335e-02,5.146879256799736027e-03
8.762470840000000094e-02,5.146760396044496901e-03
8.771964279999999725e-02,5.146284985467498505e-03
8.774336039999999781e-02,5.146166140933714980e-03
8.781447459999999761e-02,5.145809626795625272e-03
8.788553120000000551e-02,5.145453141850469224e-03
8.793287040000000165e-02,5.145215501437368048e-03
8.800383150000000432e-02,5.144859065141210892e-03
8.807473540000000656e-02,5.144502658030736253e-03
8.809835729999999920e-02,5.144383862145784220e-03
8.826353389999999632e-02,5.143552381734415799e-03
8.828710539999999607e-02,5.143433611786363095e-03
8.831067049999999363e-02,5.143314845079860649e-03
8.838132819999999779e-02,5.142958564409326992e-03
8.849896570000000129e-02,5.142364828115319336e-03
8.856947319999999846e-02,5.142008625228589383e-03
8.866339600000000543e-02,5.141533733411950309e-03
8.887435929999999706e-02,5.140465416356585805e-03
8.894456929999999817e-02,5.140109368979454106e-03
8.906146280000000470e-02,5.139516021459233051e-03
8.910817729999999381e-02,5.139278705120127813e-03
8.922485650000000490e-02,5.138685470937645258e-03
8.941122649999999616e-02,5.137736464596454576e-03
8.943449539999999420e-02,5.137617853370472949e-03
8.948101510000000536e-02,5.137380640628580117e-03
8.957398210000000471e-02,5.136906253982153996e-03
8.962042940000000679e-02,5.136669080075944964e-03
8.969005530000000170e-02,5.136313343485704279e-03
8.975962719999999728e-02,5.135957636015887548e-03
8.978280580000000399e-02,5.135839073329976322e-03
8.985230589999999851e-02,5.135483404683180778e-03
8.996801999999999577e-02,5.134890688301717299e-03
9.006048429999999327e-02,5.134416573416311982e-03
9.012977020000000061e-02,5.134061021209469604e-03
9.017593120000000351e-02,5.133824002573512957e-03
9.031427279999999780e-02,5.133113024266292880e-03
9.033730919999999331e-02,5.132994539197499248e-03
9.036033960000000587e-02,5.132876057361386232e-03
9.054437240000000331e-02,5.131928319041085228e-03
9.059032220000000357e-02,5.131691416781843269e-03
9.061328829999999723e-02,5.131572970499743980e-03
9.088842950000000642e-02,5.130151867149502706e-03
9.097995829999999673e-02,5.129678269413262028e-03
9.107139520000000210e-02,5.129204723356643736e-03
9.109424000000000687e-02,5.129086344916599337e-03
9.116274030000000306e-02,5.128731228973080168e-03
9.123118909999999859e-02,5.128376142092012230e-03
9.134515649999999654e-02,5.127784395199621106e-03
9.143622810000000267e-02,5.127311055796845290e-03
9.161809969999999692e-02,5.126364531927104368e-03
9.164080830000000122e-02,5.126246230966690319e-03
9.168620859999999928e-02,5.126009638726918526e-03
9.179961109999999758e-02,5.125418214595757471e-03
9.182227469999999780e-02,5.125299939448916056e-03
9.189023229999999931e-02,5.124945133365840615e-03
9.200338330000000509e-02,5.124353854411743507e-03
9.204860469999999462e-02,5.124117365408946238e-03
9.216156120000000562e-02,5.123526199342226528e-03
9.218413590000000546e-02,5.123407975803552505e-03
9.225182690000000019e-02,5.123053324535080041e-03
9.231946820000000442e-02,5.122698702285724548e-03
9.236453490000000321e-02,5.122462303573256312e-03
9.243209369999999536e-02,5.122107729683150583e-03
9.249960320000000236e-02,5.121753184805035580e-03
9.252209549999999838e-02,5.121635009625692854e-03
9.261200969999999755e-02,5.121162341138515289e-03
9.272427989999999787e-02,5.120571578040696015e-03
9.279157679999999742e-02,5.120217158849759559e-03
9.290363000000000093e-02,5.119626524635830823e-03
9.303791570000000122e-02,5.118917869885752578e-03
9.306027779999999361e-02,5.118799772034275317e-03
9.312733189999999883e-02,5.118445497803925798e-03
9.321666239999999715e-02,5.117973177249283447e-03
9.323898160000000657e-02,5.117855105160936530e-03
9.341734349999999965e-02,5.116910644364016693e-03
9.343961480000000097e-02,5.116792601251602540e-03
9.359536559999999394e-02,5.115966389592386566e-03
9.361759449999999816e-02,5.115848372229476505e-03
9.377304960000000522e-02,5.115022340794625477e-03
9.383959440000000374e-02,5.114668375587702598e-03
9.386176549999999952e-02,5.114550393620008809e-03
9.392824739999999784e-02,5.114196467019369897e-03
9.397254260000000026e-02,5.113960532036715759e-03
9.403894620000000093e-02,5.113606653687236860e-03
9.412741149999999390e-02,5.113134860916306208e-03
9.419370589999999377e-02,5.112781050105816467e-03
9.430409309999999989e-02,5.112191429733297862e-03
9.432615499999999487e-02,5.112073515304588894e-03
9.439230989999999877e-02,5.111719791308449133e-03
9.450246499999999383e-02,5.111130315608309639e-03
9.463448200000000587e-02,5.110423050837220940e-03
9.465646689999999974e-02,5.110305184623692085e-03
9.483216279999999443e-02,5.109362370594811020e-03
9.489796490000000639e-02,5.109008868347045262e-03
9.491988880000000461e-02,5.108891040689485588e-03
9.500753380000000192e-02,5.108419762181713036e-03
9.509509800000000290e-02,5.107948535065091368e-03
9.516071830000000231e-02,5.107595148449250652e-03
9.520444000000000129e-02,5.107359573428405138e-03
9.524814160000000252e-02,5.107124011251724591e-03
9.537912649999999437e-02,5.106417401779112832e-03
9.550993169999999477e-02,5.105710907875479071e-03
9.555349359999999737e-02,5.105475435585852054e-03
9.559703569999999928e-02,5.105239976134085152e-03
9.561879930000000138e-02,5.105122251222116159e-03
9.579273010000000088e-02,5.104180567447552316e-03
9.587957719999999628e-02,5.103709802564023595e-03
9.590127669999999604e-02,5.103592119363303641e-03
9.596634569999999698e-02,5.103239089007819210e-03
9.603137069999999331e-02,5.102886087520449275e-03
9.607469620000000377e-02,5.102650769231954417e-03
9.613964780000000543e-02,5.102297815851883876e-03
9.622618180000000465e-02,5.101827256239378425e-03
9.629103129999999622e-02,5.101474370197192285e-03
9.642059930000000667e-02,5.100768684673713874e-03
9.648531809999999487e-02,5.100415885187161921e-03
9.665768969999999349e-02,5.099475227576429938e-03
9.672224980000000694e-02,5.099122533847218371e-03
9.674376029999999516e-02,5.099004975679130233e-03
9.676526600000000256e-02,5.098887420714995691e-03
9.691567219999999705e-02,5.098064625668874590e-03
9.693713980000000230e-02,5.097947096332970489e-03
9.698006060000000095e-02,5.097712047270178994e-03
9.717296979999999473e-02,5.096654485018772482e-03
9.725858440000000049e-02,5.096184540607328999e-03
9.732274600000000164e-02,5.095832115915813199e-03
9.742958790000000313e-02,5.095244805454161342e-03
9.751497720000000535e-02,5.094775014699702564e-03
9.762160879999999541e-02,5.094187848264695485e-03
9.768553189999999720e-02,5.093835586803232424e-03
9.777069770000000604e-02,5.093365949648502936e-03
9.791955950000000297e-02,5.092544207792945241e-03
9.794080700000000472e-02,5.092426828894105854e-03
9.796204990000000057e-02,5.092309453193675887e-03
9.800452190000000230e-02,5.092074711387627010e-03
9.802575099999999431e-02,5.091957345281817281e-03
9.808941070000000428e-02,5.091605266151996191e-03
9.811062140000000042e-02,5.091487912837580274e-03
9.813182759999999893e-02,5.091370562720860804e-03
9.825896829999999915e-02,5.090666529164381351e-03
9.844937149999999360e-02,5.089610694614646672e-03
9.847050470000000277e-02,5.089493395646116185e-03
9.853387700000000582e-02,5.089141517915553477e-03
9.859720869999999415e-02,5.088789668945718075e-03
9.868158759999999530e-02,5.088320581719900024e-03
9.870267110000000010e-02,5.088203317901056517e-03
9.876589439999999831e-02,5.087851545612930709e-03
9.887117689999999626e-02,5.087265322355507408e-03
9.895532220000000101e-02,5.086796401242755367e-03
9.903939609999999616e-02,5.086327531228314672e-03
9.914438809999999436e-02,5.085741515557347207e-03
9.927023199999999992e-02,5.085038402111778828e-03
9.935403930000000217e-02,5.084569723659013510e-03
9.945869920000000031e-02,5.083983947406862415e-03
9.947961800000000576e-02,5.083866801730634391e-03
9.954234789999999444e-02,5.083515383848412512e-03
9.960503830000000391e-02,5.083163994683952309e-03
9.962592630000000060e-02,5.083046871343695899e-03
9.964681000000000233e-02,5.082929751193979336e-03
9.970943470000000197e-02,5.082578409886498796e-03
9.979287320000000683e-02,5.082109999470403594e-03
9.995954120000000165e-02,5.081173331736151162e-03
9.998035519999999565e-02,5.081056262620410255e-03
1.000219702000000044e-01,5.080822133955171203e-03
1.000427710999999970e-01,5.080705074405379891e-03
1.001467112000000020e-01,5.080119824482084295e-03
1.002920464000000011e-01,5.079300608482317618e-03
1.003542684999999962e-01,5.078949563722455138e-03
1.003750006000000000e-01,5.078832555176608816e-03
1.004578862999999933e-01,5.078364552861309826e-03
1.004785970000000028e-01,5.078247560248955877e-03
1.006441294999999986e-01,5.077311734052803067e-03
1.007061340000000027e-01,5.076960851794576866e-03
1.007681004000000047e-01,5.076609998204279807e-03
1.007887474000000033e-01,5.076493053377692521e-03
1.009331579999999950e-01,5.075674528763717344e-03
1.009743802999999995e-01,5.075440693247921381e-03
1.010155856999999935e-01,5.075206870468190225e-03
1.011391013000000061e-01,5.074505478537986135e-03
1.012830123999999971e-01,5.073687332788725732e-03
1.013035545000000037e-01,5.073570467555597006e-03
1.013446261000000015e-01,5.073336746636498626e-03
1.014472322999999954e-01,5.072752500026408116e-03
1.014677410999999946e-01,5.072635660250082723e-03
1.015292426999999942e-01,5.072285160010718379e-03
1.016316624999999974e-01,5.071701056570955025e-03
1.018566236999999958e-01,5.070416308902936549e-03
1.019587146000000000e-01,5.069832459889414555e-03
1.019995224000000006e-01,5.069598942539791687e-03
1.020199202000000027e-01,5.069482188633685216e-03
1.020810889999999999e-01,5.069131945988827360e-03
1.021829558000000027e-01,5.068548271820243374e-03
1.022440270999999956e-01,5.068198105458301267e-03
1.023253987999999948e-01,5.067731261465994487e-03
1.024270225000000062e-01,5.067147777968974108e-03
1.024473352000000032e-01,5.067031090801080682e-03
1.025082489999999957e-01,5.066681048358426601e-03
1.025894110999999997e-01,5.066214369573853599e-03
1.026705091000000014e-01,5.065747741609089895e-03
1.027312905999999970e-01,5.065397803982178704e-03
1.029134196000000001e-01,5.064348162570114255e-03
1.029740576000000019e-01,5.063998339246726307e-03
1.029942623999999946e-01,5.063881737821169723e-03
1.030952267999999949e-01,5.063298778305225754e-03
1.031557580000000002e-01,5.062949040681682597e-03
1.032162536999999963e-01,5.062599331619409976e-03
1.032364110999999945e-01,5.062482768278522491e-03
1.032968595999999989e-01,5.062133097293840429e-03
1.034176504999999996e-01,5.061433840986952551e-03
1.035784859999999974e-01,5.060501676883752409e-03
1.036387349999999957e-01,5.060152167676009415e-03
1.038593488000000009e-01,5.058870878069565008e-03
1.038793813000000038e-01,5.058754416218327540e-03
1.038994099999999976e-01,5.058637957537093395e-03
1.039594729999999967e-01,5.058288600512016175e-03
1.040195012999999974e-01,5.057939272012775163e-03
1.040395030000000054e-01,5.057822835518273503e-03
1.040595009000000043e-01,5.057706402192957244e-03
1.041194715000000048e-01,5.057357121230857122e-03
1.041993786000000033e-01,5.056891457643432689e-03
1.042193458000000017e-01,5.056775049667715585e-03
1.042592687999999990e-01,5.056542243221031664e-03
1.043590092999999996e-01,5.055960282543511992e-03
1.044387331999999946e-01,5.055494771018463271e-03
1.044984860999999959e-01,5.055145670630293089e-03
1.045383024999999994e-01,5.054912952872850883e-03
1.045781035999999997e-01,5.054680247782032503e-03
1.046775404000000048e-01,5.054098540467096348e-03
1.047570218000000025e-01,5.053633231603633057e-03
1.048562888999999970e-01,5.053051666749798845e-03
1.048959693999999970e-01,5.052819062964715099e-03
1.049158040000000014e-01,5.052702765819585759e-03
1.050149209999999972e-01,5.052121327564451821e-03
1.051535277999999934e-01,5.051307446906323252e-03
1.052919521000000025e-01,5.050493721266654558e-03
1.053117120999999962e-01,5.050377487399259832e-03
1.053907153000000069e-01,5.049912583557524502e-03
1.055485441999999968e-01,5.048982927666004379e-03
1.056470674999999970e-01,5.048401995491556479e-03
1.057848460000000018e-01,5.047588823214617555e-03
1.058045140000000023e-01,5.047472668389277849e-03
1.058438389999999951e-01,5.047240368219691430e-03
1.058634960999999958e-01,5.047124222875337164e-03
1.059224453000000010e-01,5.046775805802337055e-03
1.060206211000000037e-01,5.046195173875688868e-03
1.060794830000000022e-01,5.045846832632437488e-03
1.060990963999999953e-01,5.045730725202907281e-03
1.061579148000000028e-01,5.045382421867473412e-03
1.062558730999999951e-01,5.044801979479926653e-03
1.063928632000000069e-01,5.043989492776980270e-03
1.064319707999999975e-01,5.043757382137609158e-03
1.064906052999999991e-01,5.043409239857866641e-03
1.065687344999999980e-01,5.042945094348782326e-03
1.067443161000000001e-01,5.041900951603986783e-03
1.067832950000000003e-01,5.041668954598134932e-03
1.068027790999999949e-01,5.041552960828509129e-03
1.068806801000000001e-01,5.041089017303223424e-03
1.069001465000000012e-01,5.040973039309721085e-03
1.069585242999999963e-01,5.040625124258180101e-03
1.070363119999999946e-01,5.040161281687255586e-03
1.070557500000000051e-01,5.040045328930277055e-03
1.070946155999999982e-01,5.039813432878796802e-03
1.072111278000000001e-01,5.039117820415767515e-03
1.073275134000000047e-01,5.038422321473403319e-03
1.073662806000000025e-01,5.038190513715846454e-03
1.075018556999999958e-01,5.037379285865284384e-03
1.076565896000000050e-01,5.036452357433112911e-03
1.077145573999999939e-01,5.036104811266894389e-03
1.077338731000000022e-01,5.035988968846605296e-03
1.077917994999999934e-01,5.035641460489720563e-03
1.078882741999999950e-01,5.035062342901863892e-03
1.079653919999999934e-01,5.034599105531094125e-03
1.080231942000000056e-01,5.034251710573536646e-03
1.081194624000000049e-01,5.033672781961200104e-03
1.081387057999999984e-01,5.033557005685450510e-03
1.081964153999999956e-01,5.033209695749739365e-03
1.082733136999999984e-01,5.032746659912224960e-03
1.082925297000000009e-01,5.032630908822988830e-03
1.084077544000000004e-01,5.031936468390002005e-03
1.084269466000000043e-01,5.031820739333938038e-03
1.084461354000000044e-01,5.031705013425067513e-03
1.085803620999999941e-01,5.030895020176459967e-03
1.085995238000000002e-01,5.030779319441686624e-03
1.086378370999999954e-01,5.030547927411058336e-03
1.086569886000000040e-01,5.030432236114901548e-03
1.087526959000000015e-01,5.029853826822971996e-03
1.088100798000000008e-01,5.029506818995025004e-03
1.088674334999999993e-01,5.029159839474366817e-03
1.089629559000000053e-01,5.028581603171107528e-03
1.090393136000000068e-01,5.028119070729542180e-03
1.090583945999999971e-01,5.028003445479520966e-03
1.091156177999999949e-01,5.027656588593192553e-03
1.092109230999999958e-01,5.027078556655056180e-03
1.093442109999999967e-01,5.026269443953449399e-03
1.094773366000000026e-01,5.025460485235308354e-03
1.095723272999999942e-01,5.024882751836594330e-03
1.096292821999999972e-01,5.024536149494350512e-03
1.096672357000000042e-01,5.024305096971635326e-03
1.097810174999999944e-01,5.023612014781172162e-03
1.097999696000000053e-01,5.023496512074237738e-03
1.098568065000000010e-01,5.023150022794355476e-03
1.099703920999999945e-01,5.022457129008957299e-03
1.100271409999999950e-01,5.022110724498272775e-03
1.101594412999999939e-01,5.021302557167565614e-03
1.101783283000000030e-01,5.021187117245790206e-03
1.102349700999999960e-01,5.020840816309716376e-03
1.103293085000000007e-01,5.020263710840530171e-03
1.104047211000000056e-01,5.019802082939939063e-03
1.104235662999999978e-01,5.019686683807803550e-03
1.104612467999999958e-01,5.019455894954094263e-03
1.105742115999999997e-01,5.018763603672891926e-03
1.106306506999999995e-01,5.018417500372168022e-03
1.108373482000000049e-01,5.017148696380786289e-03
1.108561197000000054e-01,5.017033369374265285e-03
1.109311741999999962e-01,5.016572092694844380e-03
1.109874317999999943e-01,5.016226168096296796e-03
1.110249209999999986e-01,5.015995567367681138e-03
1.110811310999999940e-01,5.015649689778507378e-03
1.111560337000000037e-01,5.015188563529176732e-03
1.113056877000000028e-01,5.014266461417061539e-03
1.113243802999999976e-01,5.014151212749880758e-03
1.113617560000000062e-01,5.013920724812280343e-03
1.114364699999999958e-01,5.013459786521883704e-03
1.114738081999999963e-01,5.013229336167415208e-03
1.115297920000000026e-01,5.012883684121891177e-03
1.116043934999999959e-01,5.012422858564896146e-03
1.116789450999999961e-01,5.011962083101484042e-03
1.117534470000000058e-01,5.011501357725554710e-03
1.118278993000000054e-01,5.011040682430893504e-03
1.120323877999999940e-01,5.009774083551034839e-03
1.121994194000000000e-01,5.008738056958480026e-03
1.122179632000000066e-01,5.008622958532760010e-03
1.122550414000000052e-01,5.008392771063979558e-03
1.122735759000000055e-01,5.008277682020816773e-03
1.123476835000000035e-01,5.007817357121011059e-03
1.123662027999999952e-01,5.007702283713764448e-03
1.124217421999999938e-01,5.007357082252737214e-03
1.124957521999999932e-01,5.006896857409924573e-03
1.125142469999999978e-01,5.006781809014873401e-03
1.125512277000000061e-01,5.006551721603200514e-03
1.126436261999999994e-01,5.005976557775579719e-03
1.126620968000000000e-01,5.005861534386707966e-03
1.128466364999999999e-01,5.004711472375076783e-03
1.128650739000000014e-01,5.004596483359508713e-03
1.129387933000000066e-01,5.004136558538835149e-03
1.131044863999999955e-01,5.003101910429757875e-03
1.131412740999999944e-01,5.002872022983243135e-03
1.131596634999999934e-01,5.002757083944291659e-03
1.133066709999999977e-01,5.001837684041987413e-03
1.133617497000000002e-01,5.001492960593356338e-03
1.133801033000000069e-01,5.001378059020541826e-03
1.134351462999999977e-01,5.001033373031103617e-03
1.135451522999999935e-01,5.000344085323762261e-03
1.136550518000000037e-01,4.999654909961030215e-03
1.136916614000000048e-01,4.999425209802020424e-03
1.137465535999999944e-01,4.999080682962498551e-03
1.138014194000000062e-01,4.998736184199628792e-03
1.138379818999999959e-01,4.998506533954537485e-03
1.139658583000000003e-01,4.997702856344468994e-03
1.140388660999999970e-01,4.997243680604077608e-03
1.141300601999999942e-01,4.996669781084589826e-03
1.141847416999999948e-01,4.996325478784775960e-03
1.142393970000000064e-01,4.995981204540646606e-03
1.142576096000000041e-01,4.995866452693406047e-03
1.143122300999999952e-01,4.995522215852908100e-03
1.143304311000000045e-01,4.995407476472751331e-03
1.144032063000000043e-01,4.994948550116635327e-03
1.144213927999999936e-01,4.994833826318129978e-03
1.145304515000000051e-01,4.994145548961117197e-03
1.146938450999999970e-01,4.993113343213208266e-03
1.148388887000000025e-01,4.992196038787848761e-03
1.148570062999999947e-01,4.992081389747958509e-03
1.148932327999999947e-01,4.991852101009120954e-03
1.149656517000000044e-01,4.991393560893320723e-03
1.149837492999999933e-01,4.991278933647496155e-03
1.150561112000000052e-01,4.990820455793775097e-03
1.151284276999999939e-01,4.990362027742870424e-03
1.151826351999999942e-01,4.990018239383961149e-03
1.152909738000000017e-01,4.989330746687510587e-03
1.153992105999999962e-01,4.988643366002049051e-03
1.154352669999999942e-01,4.988414263994677723e-03
1.154713121999999953e-01,4.988185174429947064e-03
1.154893305000000009e-01,4.988070634313225907e-03
1.155433686999999959e-01,4.987727032625016363e-03
1.155613758999999990e-01,4.987612504949287887e-03
1.157053318999999997e-01,4.986696395493765872e-03
1.157233138000000050e-01,4.986581895804256641e-03
1.157772427999999992e-01,4.986238415389996313e-03
1.158670687000000060e-01,4.985666010208019035e-03
1.159209308000000022e-01,4.985322604399613187e-03
1.159747678999999976e-01,4.984979226563664156e-03
1.159927079999999999e-01,4.984864773500607624e-03
1.160465118000000018e-01,4.984521432957181829e-03
1.161182114000000043e-01,4.984063689068743419e-03
1.161540446000000060e-01,4.983834835766851046e-03
1.162793738999999965e-01,4.983033947069327035e-03
1.162972671000000041e-01,4.982919546823568781e-03
1.163509300000000052e-01,4.982576364721854993e-03
1.164224420999999954e-01,4.982118832066196983e-03
1.164403133000000007e-01,4.982004456665948058e-03
1.165653348000000034e-01,4.981203915805896415e-03
1.166902222999999933e-01,4.980403527070503128e-03
1.167258798999999958e-01,4.980174872511321411e-03
1.167793458999999978e-01,4.979831913950260626e-03
1.168327873999999988e-01,4.979488983320049314e-03
1.168505957999999983e-01,4.979374679316399960e-03
1.169040048000000026e-01,4.979031785923428849e-03
1.169218023000000023e-01,4.978917494331331316e-03
1.170640854000000036e-01,4.978003273282983858e-03
1.171529245999999996e-01,4.977431985942513439e-03
1.172061957999999959e-01,4.977089250756004148e-03
1.172771863999999969e-01,4.976632313922623937e-03
1.174190388000000002e-01,4.975718589085388610e-03
1.174367582999999993e-01,4.975604387431636043e-03
1.174721893000000017e-01,4.975375993423692897e-03
1.175607201000000018e-01,4.974805062646715619e-03
1.176845512999999954e-01,4.974005889722975943e-03
1.177022308000000017e-01,4.973891734557315397e-03
1.177199077000000010e-01,4.973777582490154607e-03
1.177552535000000039e-01,4.973549287650736415e-03
1.178612272999999960e-01,4.972864477485108327e-03
1.179141783999999998e-01,4.972522114220806477e-03
1.180552655000000062e-01,4.971609281790029776e-03
1.181961841000000041e-01,4.970696647536695413e-03
1.182665804000000015e-01,4.970240404711221034e-03
1.182841728999999981e-01,4.970126351743506775e-03
1.183193502000000064e-01,4.969898255093950674e-03
1.183369348999999959e-01,4.969784211411818267e-03
1.183896732999999979e-01,4.969442098934953242e-03
1.184248192000000033e-01,4.969214039424082498e-03
1.184775183999999953e-01,4.968871973366244081e-03
1.186003924000000043e-01,4.968073927524992509e-03
1.186880815999999950e-01,4.967503987589712983e-03
1.187056117000000049e-01,4.967390008882296287e-03
1.187581862999999988e-01,4.967048091317368547e-03
1.188107377000000020e-01,4.966706201586752051e-03
1.188282496999999993e-01,4.966592244528189939e-03
1.188457591000000035e-01,4.966478290561917273e-03
1.189507612999999991e-01,4.965794631697308115e-03
1.191604881999999976e-01,4.964427647844668959e-03
1.191779488000000026e-01,4.964313752614097491e-03
1.192652134000000003e-01,4.963744322815300501e-03
1.193872765999999946e-01,4.962947250870802969e-03
1.194395511999999937e-01,4.962605694949502599e-03
1.195266247000000004e-01,4.962036496858641434e-03
1.195440318000000057e-01,4.961922666506315104e-03
1.196831975000000048e-01,4.961012134861732779e-03
1.197353428999999997e-01,4.960670736443404012e-03
1.198048347999999957e-01,4.960215581774614184e-03
1.199436978999999931e-01,4.959305420604886647e-03
1.199957301000000032e-01,4.958964161090992709e-03
1.200130692000000027e-01,4.958850414091688780e-03
1.200650713000000064e-01,4.958509191608044368e-03
1.200997268999999951e-01,4.958281725380122434e-03
1.201516915000000046e-01,4.957940549177931519e-03
1.202382493999999968e-01,4.957371983874064164e-03
1.203593257999999999e-01,4.956576121997813625e-03
1.203766123999999993e-01,4.956462439780341504e-03
1.204284575999999968e-01,4.956121411630692170e-03
1.204802804999999949e-01,4.955780411232730068e-03
1.205148166999999992e-01,4.955553093050387402e-03
1.205493428999999950e-01,4.955325787200107190e-03
1.206356155000000013e-01,4.954757576523001819e-03
1.207045890999999954e-01,4.954303063464569716e-03
1.207735233000000047e-01,4.953848599718019448e-03
1.207907507000000047e-01,4.953734991485637951e-03
1.208251981000000030e-01,4.953507784265323045e-03
1.208424181999999958e-01,4.953394185277295962e-03
1.209800902000000011e-01,4.952485504288749174e-03
1.211004249000000033e-01,4.951690570150174379e-03
1.211691339000000034e-01,4.951236389828690514e-03
1.211863051000000024e-01,4.951122852447147234e-03
1.212034738000000028e-01,4.951009318144851748e-03
1.212549653999999977e-01,4.950668733713075621e-03
1.213064352000000068e-01,4.950328176991881587e-03
1.213407361999999934e-01,4.950101154571116477e-03
1.213921696000000022e-01,4.949760644028335099e-03
1.214607136000000059e-01,4.949306673065418175e-03
1.214778435000000018e-01,4.949193188019383217e-03
1.216147962999999943e-01,4.948285418440954812e-03
1.216661138000000031e-01,4.947945055621215567e-03
1.217174097000000010e-01,4.947604720491444695e-03
1.217515948999999958e-01,4.947377845786893845e-03
1.219394424999999949e-01,4.946130254838996231e-03
1.220076789999999939e-01,4.945676677664184728e-03
1.220247321999999995e-01,4.945563291057663256e-03
1.220758774000000046e-01,4.945223149685531658e-03
1.222121599000000058e-01,4.944316241292128454e-03
1.222632267000000050e-01,4.943976201361918558e-03
1.222802442999999933e-01,4.943862860865385310e-03
1.223993007000000049e-01,4.943069563434338703e-03
1.224162993000000033e-01,4.942956247520936992e-03
1.224332954999999973e-01,4.942842934679973418e-03
1.224672809999999973e-01,4.942616318215293895e-03
1.225522032999999955e-01,4.942049830815028327e-03
1.225691807000000022e-01,4.941936542550515003e-03
1.226200987999999936e-01,4.941596696186312081e-03
1.226709956999999934e-01,4.941256877464033498e-03
1.226879567000000032e-01,4.941143610698926596e-03
1.227388254999999956e-01,4.940803828828748377e-03
1.228235601000000066e-01,4.940237587124065612e-03
1.228405000000000052e-01,4.940124347994100280e-03
1.230097705999999985e-01,4.938992125534192972e-03
1.230266849000000023e-01,4.938878920170185552e-03
1.231619152999999939e-01,4.937973387735656097e-03
1.232294748999999967e-01,4.937520695160653797e-03
1.232463589999999998e-01,4.937407529686930162e-03
1.232969973999999969e-01,4.937068051672288162e-03
1.233476151000000021e-01,4.936728601265604616e-03
1.234824939999999982e-01,4.935823535133164117e-03
1.234993434999999973e-01,4.935710415666849302e-03
1.236340570000000055e-01,4.934805570318944422e-03
1.237013586999999998e-01,4.934353221223417886e-03
1.237686238000000050e-01,4.933900921172139180e-03
1.238862498000000006e-01,4.933109514076812994e-03
1.239198366999999940e-01,4.932883425343270040e-03
1.240373193999999984e-01,4.932092211288105835e-03
1.240540935000000039e-01,4.931979192962967183e-03
1.240876350000000017e-01,4.931753165502528007e-03
1.241044023999999940e-01,4.931640156367041866e-03
1.241882051999999986e-01,4.931075156632325207e-03
1.242384596999999979e-01,4.930736193542418003e-03
1.242886938999999968e-01,4.930397258012629916e-03
1.243556412999999999e-01,4.929945386839824743e-03
1.244392748999999937e-01,4.929380616758433087e-03
1.244559949000000054e-01,4.929267671925854563e-03
1.245061412999999978e-01,4.928928855793641636e-03
1.245562676000000063e-01,4.928590067208003973e-03
1.245896739000000031e-01,4.928364223453205774e-03
1.246397665999999932e-01,4.928025480772673349e-03
1.247065254999999984e-01,4.927573866704258905e-03
1.248232677000000040e-01,4.926783659874958178e-03
1.248566024999999968e-01,4.926557914026808045e-03
1.248899284999999970e-01,4.926332180413719834e-03
1.249898531000000063e-01,4.925655052976348272e-03
1.250397853999999920e-01,4.925316530541574978e-03
1.251063309000000068e-01,4.924865210102599006e-03
1.251562167999999975e-01,4.924526751875505683e-03
1.252393156999999924e-01,4.923962715969623476e-03
1.252559289000000076e-01,4.923849917958552161e-03
1.253887550999999989e-01,4.922947643894583919e-03
1.255048625999999889e-01,4.922158314514923048e-03
1.255711616000000086e-01,4.921707336368349832e-03
1.256374255999999912e-01,4.921256407096490787e-03
1.256871006999999985e-01,4.920918242213038508e-03
1.257036547000000004e-01,4.920805526693376730e-03
1.257863919999999969e-01,4.920241994901827266e-03
1.258360081999999880e-01,4.919903912468930919e-03
1.259021328999999911e-01,4.919453178635760544e-03
1.259517035000000118e-01,4.919115160315274890e-03
1.260177674000000081e-01,4.918664511955988562e-03
1.261002985999999937e-01,4.918101270178941095e-03
1.261662846999999921e-01,4.917650731687643606e-03
1.261827758000000077e-01,4.917538104693209774e-03
1.262981534000000017e-01,4.916749801160124125e-03
1.264463413999999952e-01,4.915736487679209926e-03
1.264792483999999939e-01,4.915511340454394723e-03
1.264956988000000004e-01,4.915398771416392212e-03
1.265450368999999908e-01,4.915061082598022255e-03
1.266272243999999880e-01,4.914498328881695965e-03
1.266765113999999970e-01,4.914160713236407317e-03
1.267421974000000062e-01,4.913710601718990559e-03
1.268242572000000123e-01,4.913148030901155761e-03
1.268406628000000036e-01,4.913035525880504566e-03
1.268898668000000007e-01,4.912698029102537285e-03
1.269390516999999996e-01,4.912360559748724965e-03
1.269718310999999877e-01,4.912135595413954885e-03
1.270209843000000005e-01,4.911798171761470704e-03
1.270701184999999955e-01,4.911460775526389072e-03
1.270864922999999924e-01,4.911348316206957595e-03
1.272174071999999934e-01,4.910448751300049500e-03
1.272337621000000085e-01,4.910336319391303724e-03
1.272828141000000024e-01,4.909999041935484559e-03
1.273481874999999874e-01,4.909549381288985659e-03
1.273645256000000003e-01,4.909436973738821007e-03
1.274625101000000094e-01,4.908762592366836680e-03
1.275277914000000068e-01,4.908313065663622195e-03
1.276745521000000050e-01,4.907301808614521893e-03
1.277234348000000075e-01,4.906964777701880095e-03
1.277560128999999933e-01,4.906740105638627766e-03
1.277885826999999863e-01,4.906515445743954949e-03
1.278048645000000039e-01,4.906403120359619126e-03
1.278699709999999989e-01,4.905953849240007533e-03
1.280488429999999955e-01,4.904718604565441731e-03
1.281138253999999921e-01,4.904269515903922176e-03
1.281463043000000135e-01,4.904044989814068146e-03
1.283896338999999942e-01,4.902361431674099289e-03
1.284544438999999927e-01,4.901912598312129464e-03
1.285192213000000139e-01,4.901463813559955515e-03
1.285354105000000025e-01,4.901351624966434478e-03
1.285839659999999940e-01,4.901015077411441725e-03
1.286486780999999968e-01,4.900566389860602431e-03
1.286648511000000050e-01,4.900454225565646291e-03
1.287780048000000122e-01,4.899669160528095750e-03
1.287941615000000040e-01,4.899557020525554911e-03
1.288264688999999907e-01,4.899332749628854816e-03
1.288426195000000052e-01,4.899220618734425811e-03
1.289233422999999934e-01,4.898660009798343554e-03
1.290201430000000038e-01,4.897987379241836199e-03
1.290362693999999866e-01,4.897875284771535664e-03
1.291007547999999949e-01,4.897426937236604161e-03
1.291813162999999876e-01,4.896866571090291963e-03
1.292296290999999930e-01,4.896530387809914023e-03
1.293101103000000029e-01,4.895970143013487694e-03
1.293583749999999977e-01,4.895634032534085071e-03
1.295512538999999963e-01,4.894289863548176994e-03
1.295673142000000055e-01,4.894177869174557403e-03
1.295994287999999994e-01,4.893953889522082226e-03
1.296636341000000081e-01,4.893505966593776624e-03
1.296796805000000052e-01,4.893393993439680567e-03
1.297438461000000043e-01,4.892946131132045774e-03
1.298079799999999895e-01,4.892498317314205626e-03
1.298240085000000044e-01,4.892386371435531942e-03
1.298560595999999900e-01,4.892162488768597890e-03
1.299361528000000099e-01,4.891602835123845180e-03
1.299521654999999942e-01,4.891490913483729705e-03
1.301121842999999889e-01,4.890371863683948273e-03
1.301281753000000097e-01,4.890259975361954496e-03
1.301761367000000003e-01,4.889924328566087885e-03
1.301921198999999862e-01,4.889812452357082673e-03
1.303358805000000009e-01,4.888805702724449351e-03
1.303678057000000057e-01,4.888582013884836680e-03
1.304635345999999863e-01,4.887911020010364017e-03
1.305113727999999973e-01,4.887575563930932239e-03
1.305591932999999871e-01,4.887240135086393621e-03
1.305751296999999866e-01,4.887128331523515369e-03
1.306229268999999915e-01,4.886792938988593522e-03
1.307025501999999895e-01,4.886234011938691939e-03
1.307184690000000038e-01,4.886122235604048111e-03
1.308139412999999862e-01,4.885451641116187772e-03
1.308298465000000133e-01,4.885339885953893409e-03
1.308457499000000024e-01,4.885228133816021771e-03
1.309570191999999966e-01,4.884445953521606570e-03
1.309729071000000078e-01,4.884334225574354926e-03
1.310840685000000116e-01,4.883552214593858513e-03
1.311316801999999893e-01,4.883217112374019404e-03
1.311475470000000032e-01,4.883105417679257931e-03
1.312268518999999967e-01,4.882546989539009522e-03
1.312744117999999904e-01,4.882211968918646720e-03
1.313377983000000027e-01,4.881765317060794869e-03
1.313853181000000092e-01,4.881430359891070908e-03
1.314011542000000088e-01,4.881318713543242663e-03
1.314644795999999893e-01,4.880872158360084236e-03
1.315277744999999998e-01,4.880425651505268872e-03
1.315752256000000120e-01,4.880090803075964358e-03
1.316068501999999862e-01,4.879867585889319237e-03
1.316542729000000078e-01,4.879532782756814020e-03
1.317016785000000023e-01,4.879198006798912517e-03
1.318280101000000037e-01,4.878305403745910283e-03
1.318437929999999869e-01,4.878193841947915319e-03
1.318595740999999877e-01,4.878082283168347008e-03
1.319069059000000099e-01,4.877747624938168040e-03
1.321118145000000077e-01,4.876297753104979343e-03
1.321433106999999885e-01,4.876074741155555538e-03
1.322220182999999938e-01,4.875517264069377694e-03
1.322849506999999869e-01,4.875071336689952746e-03
1.323635740999999921e-01,4.874513995317773102e-03
1.323950104000000128e-01,4.874291079876077321e-03
1.324735684999999996e-01,4.873733844033166160e-03
1.325991646999999940e-01,4.872842423437081030e-03
1.326148558999999949e-01,4.872731009425764793e-03
1.326619182000000063e-01,4.872396785473655061e-03
1.327089637999999960e-01,4.872062588642591188e-03
1.327403182999999931e-01,4.871839805821217249e-03
1.328343374000000021e-01,4.871171529665757095e-03
1.328500008000000066e-01,4.871060160850549867e-03
1.328969798999999896e-01,4.870726072478579263e-03
1.329908881999999903e-01,4.870057977057421633e-03
1.330378174999999885e-01,4.869723970003303655e-03
1.331159962000000030e-01,4.869167351802804536e-03
1.331628814999999966e-01,4.868833417012413678e-03
1.332097502000000044e-01,4.868499509316198681e-03
1.332253693999999877e-01,4.868388212771248072e-03
1.333502575000000134e-01,4.867497948768046041e-03
1.333658601999999915e-01,4.867386679310616027e-03
1.333970603000000088e-01,4.867164149423714933e-03
1.334906168999999976e-01,4.866496631978016463e-03
1.335373705000000022e-01,4.866162913871339112e-03
1.335996832999999939e-01,4.865717998510909678e-03
1.336463988000000103e-01,4.865384343573578817e-03
1.336619671000000009e-01,4.865273131276551949e-03
1.337242217999999871e-01,4.864828312162139748e-03
1.338330979000000032e-01,4.864049994483005124e-03
1.338641891000000028e-01,4.863827645062971175e-03
1.340971431999999908e-01,4.862160407664447258e-03
1.341126591000000035e-01,4.862049282547278341e-03
1.341591960000000083e-01,4.861715925224236595e-03
1.342057167000000051e-01,4.861382594941938626e-03
1.342212201000000105e-01,4.861271490856590091e-03
1.342367215999999974e-01,4.861160389775261333e-03
1.343451823000000045e-01,4.860382766315183081e-03
1.343606696000000100e-01,4.860271689263956883e-03
1.344845033000000023e-01,4.859383180965771987e-03
1.345309115999999972e-01,4.859050039899322736e-03
1.345773037999999922e-01,4.858716925853535235e-03
1.346391352999999902e-01,4.858272815820677791e-03
1.346545888000000024e-01,4.858161795816927711e-03
1.347009383999999976e-01,4.857828753814449028e-03
1.347163848000000053e-01,4.857717745816429560e-03
1.347781523999999898e-01,4.857273743835046134e-03
1.348398918000000002e-01,4.856829789867075399e-03
1.348861778000000067e-01,4.856496855896256723e-03
1.349016029000000005e-01,4.856385883906444954e-03
1.350249404999999958e-01,4.855498215983636116e-03
1.350711631000000024e-01,4.855165390004466917e-03
1.350865670999999990e-01,4.855054454009657267e-03
1.351327686000000083e-01,4.854721664018787214e-03
1.351943459999999930e-01,4.854277986012308851e-03
1.352251241999999909e-01,4.854056164999480047e-03
1.352712784000000001e-01,4.853723455966141472e-03
1.353942793000000033e-01,4.852836363776731957e-03
1.354557378000000034e-01,4.852392889616090506e-03
1.354710980999999925e-01,4.852282028568082224e-03
1.355939177000000107e-01,4.851395248056339024e-03
1.356246051999999980e-01,4.851173582889509520e-03
1.356399463000000083e-01,4.851062754799705980e-03
1.357166260999999874e-01,4.850508659284072550e-03
1.358085847000000124e-01,4.849843843505575666e-03
1.358698557999999945e-01,4.849400692880500609e-03
1.358851692999999972e-01,4.849289912710166676e-03
1.359464059000000113e-01,4.848846821969551857e-03
1.359617106999999880e-01,4.848736056769097427e-03
1.360840875000000061e-01,4.847850042931851552e-03
1.361299504000000049e-01,4.847517837129481158e-03
1.361757979000000063e-01,4.847185658261444867e-03
1.361910769999999937e-01,4.847074937957112847e-03
1.363590336999999930e-01,4.845857212082426563e-03
1.363742921999999969e-01,4.845746527679871754e-03
1.364505592999999961e-01,4.845193150533864263e-03
1.364962990999999959e-01,4.844861160136115091e-03
1.365572616000000072e-01,4.844418548138765789e-03
1.366791052000000117e-01,4.843533467663966273e-03
1.366943280000000038e-01,4.843422846057790672e-03
1.367399861999999966e-01,4.843090999174523049e-03
1.367856292000000085e-01,4.842759179192425087e-03
1.368160494000000005e-01,4.842537980814832187e-03
1.368464628999999932e-01,4.842316794391523203e-03
1.369224669999999922e-01,4.841763880627921075e-03
1.370439857999999900e-01,4.840879373972346335e-03
1.370591680999999895e-01,4.840768824083629962e-03
1.370895276000000107e-01,4.840547733267338074e-03
1.371047048000000046e-01,4.840437192339532707e-03
1.371502263999999915e-01,4.840105587476626302e-03
1.372260621999999985e-01,4.839552972434404271e-03
1.374078974000000064e-01,4.838227000889754915e-03
1.374230395000000104e-01,4.838116522665474213e-03
1.375289872999999885e-01,4.837343258666550010e-03
1.375441161000000023e-01,4.837232804318700521e-03
1.375894923000000047e-01,4.836901459179264277e-03
1.376348535999999956e-01,4.836570140894614657e-03
1.376499707000000128e-01,4.836459707433677160e-03
1.377708478000000125e-01,4.835576347143960563e-03
1.377859499999999904e-01,4.835465940531115392e-03
1.379067079000000084e-01,4.834582794996223828e-03
1.379519649000000014e-01,4.834251664624992541e-03
1.380575068000000072e-01,4.833479131445436901e-03
1.380725775999999960e-01,4.833368781487355076e-03
1.381479070999999947e-01,4.832817076409087927e-03
1.381930851000000016e-01,4.832486089128336208e-03
1.382683489000000043e-01,4.831934503262699278e-03
1.383134874999999986e-01,4.831603587500682070e-03
1.384788700000000039e-01,4.830390459105180466e-03
1.385089183000000057e-01,4.830169929029181318e-03
1.385389600999999971e-01,4.829949410866215230e-03
1.385990242000000039e-01,4.829508410276446215e-03
1.386290464000000111e-01,4.829287927848008311e-03
1.386740676999999866e-01,4.828957226536726051e-03
1.387190742999999948e-01,4.828626552020518631e-03
1.387340732000000021e-01,4.828516333135769549e-03
1.387490705999999963e-01,4.828406117228065293e-03
1.387790603999999872e-01,4.828185694342687108e-03
1.388540065999999962e-01,4.827634689218231016e-03
1.389139343999999943e-01,4.827193938689731435e-03
1.389588633000000129e-01,4.826863407039300516e-03
1.390337125999999979e-01,4.826312580464102268e-03
1.390935630000000034e-01,4.825871972755178298e-03
1.392131866000000107e-01,4.824990900115884093e-03
1.392281324000000098e-01,4.824880779419751103e-03
1.392580190000000107e-01,4.824660546948729943e-03
1.393476405000000085e-01,4.823999920900929987e-03
1.394372043000000061e-01,4.823339401885229361e-03
1.394521260000000096e-01,4.823229325787109154e-03
1.395565333999999880e-01,4.822458876324781790e-03
1.395863497000000009e-01,4.822238774654805105e-03
1.396310622999999973e-01,4.821908644437096318e-03
1.396757604999999958e-01,4.821578540961673001e-03
1.396906566999999988e-01,4.821468512412192299e-03
1.397502257999999886e-01,4.821028427923590431e-03
1.398246513999999996e-01,4.820478389151541289e-03
1.399287808000000133e-01,4.819708459616063763e-03
1.399436501000000110e-01,4.819598481561352017e-03
1.399882484999999954e-01,4.819268565213509492e-03
1.400625477000000119e-01,4.818718764016276940e-03
1.401071081999999968e-01,4.818388918923248096e-03
1.401665002999999965e-01,4.817949167023879292e-03
1.402110277999999988e-01,4.817619384264460944e-03
1.402852089999999941e-01,4.817069805687252369e-03
1.403445257000000002e-01,4.816630196238309153e-03
1.403889966999999905e-01,4.816300520305191214e-03
1.405075174000000038e-01,4.815421515012400198e-03
1.405223254999999893e-01,4.815311652698724999e-03
1.406407338000000007e-01,4.814432860953283926e-03
1.406555278999999936e-01,4.814323025329361565e-03
1.406851112999999986e-01,4.814103362976481469e-03
1.407590425999999950e-01,4.813554258978161235e-03
1.407738242000000084e-01,4.813444447072151924e-03
1.408181597000000007e-01,4.813115029139810978e-03
1.408624812000000004e-01,4.812785637883961777e-03
1.408920210999999867e-01,4.812566058532491246e-03
1.409215548999999956e-01,4.812346491035551961e-03
1.409953622000000018e-01,4.811797624151374284e-03
1.410101189999999893e-01,4.811687859663774450e-03
1.411281181000000051e-01,4.810809850419237726e-03
1.411723423000000033e-01,4.810480645830468756e-03
1.412312863999999890e-01,4.810041747844568533e-03
1.412902058999999932e-01,4.809602897242826539e-03
1.413491007999999882e-01,4.809164094019347316e-03
1.413638207000000035e-01,4.809054400615683962e-03
1.413932558999999867e-01,4.808835022690285434e-03
1.414079712000000100e-01,4.808725338168373317e-03
1.414521079000000126e-01,4.808396302364794164e-03
1.414815248000000081e-01,4.808176959963354410e-03
1.415256386000000033e-01,4.807847968560554318e-03
1.415844356000000026e-01,4.807409354792007740e-03
1.416285173000000064e-01,4.807080425538718879e-03
1.417019563999999954e-01,4.806532269296413806e-03
1.418340509000000083e-01,4.805545774443871487e-03
1.419220455000000103e-01,4.804888244312544368e-03
1.419513649999999960e-01,4.804669091260984140e-03
1.420539353999999976e-01,4.803902148722438530e-03
1.420685821999999876e-01,4.803792597328911465e-03
1.420978713999999921e-01,4.803573503410889581e-03
1.422295982000000014e-01,4.802587727097837322e-03
1.423319681000000114e-01,4.801821177688743447e-03
1.423465864000000025e-01,4.801711682449780888e-03
1.424196550999999866e-01,4.801164250571610462e-03
1.424634784000000098e-01,4.800835826895087817e-03
1.425072881999999985e-01,4.800507429803262290e-03
1.425364872999999866e-01,4.800288513176851485e-03
1.425802747000000092e-01,4.799960160387525994e-03
1.426386369000000043e-01,4.799522398011694425e-03
1.427407133999999966e-01,4.798756427532174101e-03
1.427990101000000123e-01,4.798318795064228197e-03
1.428135805000000091e-01,4.798209394326815452e-03
1.428572830000000016e-01,4.797881209824541790e-03
1.428718475000000099e-01,4.797771820893371661e-03
1.429300907000000120e-01,4.797334294680867701e-03
1.429883100999999879e-01,4.796896815683520873e-03
1.430319592000000029e-01,4.796568737417077240e-03
1.431628265000000066e-01,4.795584661924841632e-03
1.432354788000000101e-01,4.795038056554560245e-03
1.432645294999999874e-01,4.794819435050504813e-03
1.432790526000000120e-01,4.794710128721777799e-03
1.433226130999999959e-01,4.794382227427840260e-03
1.433371303000000041e-01,4.794272932893642140e-03
1.433951844999999947e-01,4.793835784240084961e-03
1.434677192000000101e-01,4.793289414753430441e-03
1.434967228000000039e-01,4.793070887592510744e-03
1.435112223999999992e-01,4.792961628433210948e-03
1.435836984999999955e-01,4.792415376844819629e-03
1.436271665999999947e-01,4.792087661254871601e-03
1.436851036000000026e-01,4.791650748386862627e-03
1.437285409999999874e-01,4.791323094671527671e-03
1.438009075999999997e-01,4.790777064064097313e-03
1.438587745999999890e-01,4.790340292597684499e-03
1.439744389000000013e-01,4.789466891026049854e-03
1.440322361999999967e-01,4.789030260909154200e-03
1.440466819000000009e-01,4.788921110740276994e-03
1.441477613000000102e-01,4.788157141984239820e-03
1.441910593999999879e-01,4.787829770954905341e-03
1.442487698999999901e-01,4.787393317451429757e-03
1.442776165000000110e-01,4.787175108356259146e-03
1.443641216999999866e-01,4.786520551688168944e-03
1.443785341999999916e-01,4.786411469207572933e-03
1.444361698000000138e-01,4.785975168703171696e-03
1.444937823999999926e-01,4.785538915263045680e-03
1.445081820000000128e-01,4.785429859256194740e-03
1.445513720000000113e-01,4.785102708881398305e-03
1.445945492000000054e-01,4.784775584973918923e-03
1.447096254000000137e-01,4.783903383930387422e-03
1.448389767999999911e-01,4.782922382648762717e-03
1.448533421000000043e-01,4.782813397202566319e-03
1.448820682999999998e-01,4.782595435126631503e-03
1.448964292000000098e-01,4.782486458496692724e-03
1.449682127999999959e-01,4.781941619425115857e-03
1.450686501000000017e-01,4.781178968125555061e-03
1.450829925999999881e-01,4.781070029690787267e-03
1.451833503999999941e-01,4.780307542890813166e-03
1.451976815999999892e-01,4.780198627953135930e-03
1.452406666000000124e-01,4.779871900759971592e-03
1.452836389999999922e-01,4.779545199995068744e-03
1.453552312999999985e-01,4.779000757442488333e-03
1.454124797000000135e-01,4.778565256244144202e-03
1.454697057000000071e-01,4.778129802011860452e-03
1.455412064000000116e-01,4.777585550258396999e-03
1.456269609999999992e-01,4.776932544993814193e-03
1.456555347000000056e-01,4.776714900045489140e-03
1.456983846000000082e-01,4.776388454626335177e-03
1.457554983000000082e-01,4.775953235137067251e-03
1.457983189000000013e-01,4.775626851319104450e-03
1.458696586000000073e-01,4.775082936946653880e-03
1.458839222999999963e-01,4.774974162869878580e-03
1.459694756000000093e-01,4.774321579986951468e-03
1.459837296000000006e-01,4.774212826435134636e-03
1.459979821999999872e-01,4.774104075815034307e-03
1.460407317000000094e-01,4.773777841544560481e-03
1.460834685999999882e-01,4.773451633656580935e-03
1.462542916000000026e-01,4.772147065882389842e-03
1.462685177999999975e-01,4.772038370948613988e-03
1.464391248999999950e-01,4.770734260255021959e-03
1.464817456999999989e-01,4.770408298487541394e-03
1.465527527000000108e-01,4.769865087445895879e-03
1.465669498999999931e-01,4.769756454022301521e-03
1.466095335000000000e-01,4.769430571319889685e-03
1.468789426999999870e-01,4.767367259346814642e-03
1.468931083999999998e-01,4.767258693246039479e-03
1.469072727999999883e-01,4.767150130071336027e-03
1.469355974999999870e-01,4.766933012499512817e-03
1.469497577999999971e-01,4.766824458102253415e-03
1.470063852999999865e-01,4.766390269768565682e-03
1.470205387000000086e-01,4.766281729998507639e-03
1.470629908999999957e-01,4.765956128239218735e-03
1.471054309000000004e-01,4.765630552804246689e-03
1.471337174000000025e-01,4.765413517137622249e-03
1.471619985000000019e-01,4.765196493168926024e-03
1.472326774000000116e-01,4.764653984420450308e-03
1.472468090999999868e-01,4.764545491442648099e-03
1.472891960999999916e-01,4.764220030051355068e-03
1.473598140000000056e-01,4.763677652867529151e-03
1.473880516999999946e-01,4.763460722455854432e-03
1.474445108999999920e-01,4.763026896705988174e-03
1.475714650000000128e-01,4.762050959725531996e-03
1.475855641999999912e-01,4.761942536892812237e-03
1.476278540000000028e-01,4.761617285924043229e-03
1.476983098999999910e-01,4.761075259401171579e-03
1.477405673999999947e-01,4.760750078538723493e-03
1.477828127999999963e-01,4.760424923961665937e-03
1.477968919000000048e-01,4.760316544943438144e-03
1.478391212000000066e-01,4.759991425409877339e-03
1.478954080999999865e-01,4.759557973577559047e-03
1.479657366999999890e-01,4.759016224477946241e-03
1.480219755000000137e-01,4.758582877743779485e-03
1.480360319000000036e-01,4.758474548357520366e-03
1.481343890000000052e-01,4.757716324372406914e-03
1.481484346999999979e-01,4.757608018333361714e-03
1.482467172999999971e-01,4.756849957758844949e-03
1.482888185000000025e-01,4.756525118417863351e-03
1.483449347999999945e-01,4.756092040135587520e-03
1.483729850000000128e-01,4.755875518495255964e-03
1.484711190000000125e-01,4.755117784621280819e-03
1.485131564999999931e-01,4.754793085273209714e-03
1.485831927000000052e-01,4.754251978005409433e-03
1.486391978999999919e-01,4.753819144665696363e-03
1.487091747000000019e-01,4.753278168574685998e-03
1.487511448999999930e-01,4.752953617893682266e-03
1.488070868999999963e-01,4.752520924450138497e-03
1.489049347999999995e-01,4.751763823101223458e-03
1.489189077999999999e-01,4.751655677419022381e-03
1.489328795000000039e-01,4.751547534649867843e-03
1.489747867000000003e-01,4.751223123819900244e-03
1.490306446999999923e-01,4.750790616824289089e-03
1.490446059999999961e-01,4.750682497356582996e-03
1.490864818000000036e-01,4.750358156426364581e-03
1.491422980000000065e-01,4.749925742620398662e-03
1.492538676999999869e-01,4.749061054761246486e-03
1.492678081000000101e-01,4.748952981878998107e-03
1.494071399999999938e-01,4.747872413136995304e-03
1.494210660999999996e-01,4.747764372268984540e-03
1.496019868000000030e-01,4.746360105747927591e-03
1.496298013000000038e-01,4.746144108379874403e-03
1.496437066000000093e-01,4.746036114058644825e-03
1.496854149000000078e-01,4.745712148545249906e-03
1.497132139000000028e-01,4.745496186077133825e-03
1.497549028000000060e-01,4.745172264184628792e-03
1.497965800999999930e-01,4.744848368461446544e-03
1.498104698999999929e-01,4.744740409035269960e-03
1.499354206000000078e-01,4.743768905020363108e-03
1.500186632999999936e-01,4.743121366475561151e-03
1.500325325999999904e-01,4.743013453556287930e-03
1.500464005999999906e-01,4.742905543542948882e-03
1.500879968999999925e-01,4.742581830937483804e-03
1.501295816999999866e-01,4.742258144482087816e-03
1.501434407999999998e-01,4.742150254807731002e-03
1.502681146000000023e-01,4.741179378461193687e-03
1.503096496000000115e-01,4.740855805294771387e-03
1.504203534000000120e-01,4.739993071292827181e-03
1.504618463000000073e-01,4.739669593950914667e-03
1.504756747999999866e-01,4.739561773976776540e-03
1.505171525000000010e-01,4.739238331472210575e-03
1.505309757999999942e-01,4.739130523109635722e-03
1.505862565999999958e-01,4.738699318685896111e-03
1.506000735999999951e-01,4.738591524835991838e-03
1.507105640999999996e-01,4.737729278510879709e-03
1.508071769000000062e-01,4.736974965309065887e-03
1.509175157000000045e-01,4.736113067131768155e-03
1.509588719999999940e-01,4.735789903171233779e-03
1.509726549000000029e-01,4.735682187651022931e-03
1.510139960999999920e-01,4.735359058489256590e-03
1.510415505999999908e-01,4.735143653546111144e-03
1.510828728999999981e-01,4.734820567876700352e-03
1.511517183999999958e-01,4.734282149742739289e-03
1.511792477999999995e-01,4.734066802780576705e-03
1.512618058999999904e-01,4.733420831455649458e-03
1.513030680999999933e-01,4.733097884917188483e-03
1.513718133999999993e-01,4.732559698639513326e-03
1.513993026999999880e-01,4.732344444409800933e-03
1.514542664999999899e-01,4.731913970715044722e-03
1.514680043999999948e-01,4.731806359533520870e-03
1.515229432000000098e-01,4.731375943772483245e-03
1.515778621999999964e-01,4.730945574352217117e-03
1.516190383000000086e-01,4.730622827694520860e-03
1.516327611999999936e-01,4.730515251266763713e-03
1.517836311999999910e-01,4.729332101650122501e-03
1.517973393000000004e-01,4.729224559963554446e-03
1.518384559000000023e-01,4.728901952270166999e-03
1.519069588999999998e-01,4.728364330665026267e-03
1.520164995000000130e-01,4.727504286569849008e-03
1.520301864999999975e-01,4.727396794077715070e-03
1.520712402000000130e-01,4.727074333959184471e-03
1.522353442000000112e-01,4.725784753807078624e-03
1.522490115000000033e-01,4.725677307592286887e-03
1.522900061999999943e-01,4.725354986297283615e-03
1.523309898000000107e-01,4.725032691023963415e-03
1.523583061999999877e-01,4.724817841963994264e-03
1.523992714000000082e-01,4.724495590055030440e-03
1.524402256999999872e-01,4.724173364161610503e-03
1.524538746999999916e-01,4.724065961311288767e-03
1.525766605999999970e-01,4.723099465708642357e-03
1.526175671999999983e-01,4.722777352520910951e-03
1.526857206999999994e-01,4.722240554990759891e-03
1.527674646000000136e-01,4.721596493281790194e-03
1.528899987000000016e-01,4.720630595666527353e-03
1.529036075000000106e-01,4.720523288147448517e-03
1.529308215000000082e-01,4.720308681771218789e-03
1.529988354000000050e-01,4.719772216354179914e-03
1.530124344999999886e-01,4.719664931931157395e-03
1.530532246999999901e-01,4.719343095981584635e-03
1.531211842000000101e-01,4.718806760457995922e-03
1.531483596000000058e-01,4.718592246450600131e-03
1.532162769000000035e-01,4.718056011930437527e-03
1.532705890999999931e-01,4.717627076249998781e-03
1.533113106000000003e-01,4.717305404781681026e-03
1.533384523000000110e-01,4.717090971559638468e-03
1.533655891000000049e-01,4.716876549875412619e-03
1.533791557999999999e-01,4.716769343359911680e-03
1.534334102999999894e-01,4.716340546138932110e-03
1.534876456000000000e-01,4.715911795059693143e-03
1.535554128999999934e-01,4.715375921089153682e-03
1.535825114000000102e-01,4.715161591682980220e-03
1.535960588999999987e-01,4.715054431304328830e-03
1.536366940999999986e-01,4.714732967464613754e-03
1.536637782999999979e-01,4.714518672651030369e-03
1.537991277000000101e-01,4.713447371510510672e-03
1.538667576999999953e-01,4.712911829000990434e-03
1.538802801999999970e-01,4.712804729142655233e-03
1.539208404000000086e-01,4.712483446852671135e-03
1.539613898999999952e-01,4.712162190488762559e-03
1.540289487000000013e-01,4.711626820822678065e-03
1.540964779000000007e-01,4.711091523155928017e-03
1.541909690000000110e-01,4.710342227360145642e-03
1.542044630999999943e-01,4.710235196620089250e-03
1.542314475000000074e-01,4.710021143776012796e-03
1.542449379999999981e-01,4.709914121672048246e-03
1.543123727000000056e-01,4.709379054328804125e-03
1.543528192999999993e-01,4.709058048460848522e-03
1.544067316999999939e-01,4.708630080926500851e-03
1.544471535999999978e-01,4.708309135489682773e-03
1.544606252999999874e-01,4.708202159432140974e-03
1.545144999999999991e-01,4.707774283971946291e-03
1.545683559999999901e-01,4.707346454540474109e-03
1.546356496000000080e-01,4.706811732470315285e-03
1.546760118000000128e-01,4.706490933741014869e-03
1.548239160999999864e-01,4.705314893146130342e-03
1.548910987000000072e-01,4.704780444236946260e-03
1.549448237999999922e-01,4.704352936847834739e-03
1.549582522000000073e-01,4.704246067185760896e-03
1.550387978999999972e-01,4.703604909561206852e-03
1.550522180999999999e-01,4.703498060014353263e-03
1.550924717999999924e-01,4.703177528613038984e-03
1.551595380999999940e-01,4.702643367069605888e-03
1.552533822999999924e-01,4.701895661553700916e-03
1.552801845000000014e-01,4.701682057255064835e-03
1.553605633000000041e-01,4.701041313278563234e-03
1.553739557000000104e-01,4.700934532665586481e-03
1.554810536000000021e-01,4.700080391116121838e-03
1.555211962999999975e-01,4.699760135399723426e-03
1.555345749000000000e-01,4.699653389234756222e-03
1.556014505999999964e-01,4.699119701459377428e-03
1.556415623000000081e-01,4.698799523230672362e-03
1.556950283999999907e-01,4.698372659096640251e-03
1.557885499999999979e-01,4.697625757316515466e-03
1.558152600999999915e-01,4.697412382624896812e-03
1.558553166999999962e-01,4.697092342099068625e-03
1.558953630000000090e-01,4.696772327385026306e-03
1.560154403000000023e-01,4.695812438089930381e-03
1.560287764999999938e-01,4.695705798059548672e-03
1.561220982000000035e-01,4.694959398113517264e-03
1.561354252999999914e-01,4.694852781015369791e-03
1.561620760999999913e-01,4.694639555417342777e-03
1.561753998000000032e-01,4.694532946917301039e-03
1.562153639999999954e-01,4.694213138611940533e-03
1.562819484000000092e-01,4.693680182080614896e-03
1.563751188999999986e-01,4.692934163270987176e-03
1.563884245000000117e-01,4.692827600614322275e-03
1.564416352999999926e-01,4.692401378630850321e-03
1.564549352000000060e-01,4.692294830295540287e-03
1.566542979999999974e-01,4.690696948898169516e-03
1.567472471999999950e-01,4.689951491358783017e-03
1.567605212000000026e-01,4.689845008873662867e-03
1.567737939999999941e-01,4.689738529250466088e-03
1.568666723999999901e-01,4.688993252016915823e-03
1.568799361999999864e-01,4.688886795286498731e-03
1.569197210000000120e-01,4.688567442262365007e-03
1.569594957999999874e-01,4.688248114986829848e-03
1.570125131000000007e-01,4.687822385335138273e-03
1.570787596000000064e-01,4.687290287627319738e-03
1.570920054999999926e-01,4.687183876665748823e-03
1.571317365999999882e-01,4.686864660939566753e-03
1.571979329000000036e-01,4.686332691919059892e-03
1.572376372000000022e-01,4.686013544816598243e-03
1.572905608000000066e-01,4.685588055370094873e-03
1.573434665000000010e-01,4.685162611659280177e-03
1.573963545000000019e-01,4.684737213678838094e-03
1.574095736999999995e-01,4.684630871328332793e-03
1.574360087999999991e-01,4.684418195200487807e-03
1.574888657000000081e-01,4.683992877234333455e-03
1.575549119000000109e-01,4.683461294062417520e-03
1.575945263000000096e-01,4.683142378440756544e-03
1.576473301000000105e-01,4.682717197602185785e-03
1.577265025000000043e-01,4.682079512026065225e-03
1.577660738999999979e-01,4.681760707789932655e-03
1.578320039999999980e-01,4.681229424501537513e-03
1.578715488999999916e-01,4.680910688788064711e-03
1.579242600000000107e-01,4.680485747801158523e-03
1.579374350999999954e-01,4.680379519690487829e-03
1.580296294999999906e-01,4.679636002827462261e-03
1.580427957999999966e-01,4.679529797547861067e-03
1.580822879000000070e-01,4.679211198829386076e-03
1.581480862999999903e-01,4.678680258028981159e-03
1.583453172000000020e-01,4.677087863503100532e-03
1.583978706999999986e-01,4.676663333331512740e-03
1.584372742999999861e-01,4.676344965639967974e-03
1.585029253000000138e-01,4.675814409837113390e-03
1.586734907000000028e-01,4.674435298223168604e-03
1.586997152000000078e-01,4.674223169949869201e-03
1.587128258999999930e-01,4.674117110087055126e-03
1.587521514000000133e-01,4.673798947592292669e-03
1.587652576999999954e-01,4.673692899124998537e-03
1.587783628999999974e-01,4.673586853506366684e-03
1.588700692999999997e-01,4.672844613932194795e-03
1.588831659000000118e-01,4.672738591099973721e-03
1.589093558999999933e-01,4.672526553979242450e-03
1.589748119000000126e-01,4.671996511010823375e-03
1.589878999000000070e-01,4.671890510959454158e-03
1.590925649000000108e-01,4.671042613039850036e-03
1.591187202999999883e-01,4.670830667026583220e-03
1.591317965000000056e-01,4.670724698289664169e-03
1.591710184000000028e-01,4.670406809155629863e-03
1.591840902999999974e-01,4.670300851803189240e-03
1.592363669000000093e-01,4.669877050850926997e-03
1.593016885000000105e-01,4.669347363684732410e-03
1.593278096999999893e-01,4.669135508734721489e-03
1.593408685999999908e-01,4.669029585527026058e-03
1.594453019000000027e-01,4.668182302273454418e-03
1.594974929000000097e-01,4.667758728909063466e-03
1.595887860999999908e-01,4.667017585004366864e-03
1.596018237000000062e-01,4.666911718677150926e-03
1.596148602000000138e-01,4.666805855192972426e-03
1.596539634999999957e-01,4.666488281798392666e-03
1.597191142999999924e-01,4.665959049661308825e-03
1.597581921000000016e-01,4.665641544487649298e-03
1.598102808999999902e-01,4.665218244044470018e-03
1.599144076000000025e-01,4.664371779554604518e-03
1.599534375999999980e-01,4.664054402249950305e-03
1.600054629000000062e-01,4.663631272280682055e-03
1.600314690999999900e-01,4.663419724338665681e-03
1.601224578000000065e-01,4.662679396004683341e-03
1.601744281999999964e-01,4.662256413716005937e-03
1.602393673999999990e-01,4.661727749738031265e-03
1.602783183000000000e-01,4.661410585418011322e-03
1.603172596999999922e-01,4.661093446645067119e-03
1.603432153999999887e-01,4.660882034988250017e-03
1.604210574000000111e-01,4.660247868130368114e-03
1.604340273000000039e-01,4.660142183586134940e-03
1.605766279999999990e-01,4.658979840858545711e-03
1.605895854000000122e-01,4.658874190359017092e-03
1.606414046000000095e-01,4.658451616725004484e-03
1.606932071000000128e-01,4.658029088469253787e-03
1.607320479999999885e-01,4.657712222053560051e-03
1.607838212999999905e-01,4.657289773196409896e-03
1.608485145000000116e-01,4.656761775915940586e-03
1.608614499999999892e-01,4.656656184964426924e-03
1.609002502999999917e-01,4.656339429117625772e-03
1.609390411999999937e-01,4.656022698780341862e-03
1.609907479999999891e-01,4.655600431341724681e-03
1.610036719999999866e-01,4.655494871566663063e-03
1.611586801999999874e-01,4.654228375271507283e-03
1.611715907999999864e-01,4.654122852327954862e-03
1.612103165000000060e-01,4.653806300492599468e-03
1.612748385999999978e-01,4.653278770745438234e-03
1.613135394000000111e-01,4.652962286880366755e-03
1.613651261000000059e-01,4.652540348036037637e-03
1.614038053999999889e-01,4.652223923631685493e-03
1.614811359999999973e-01,4.651591151257806686e-03
1.615197874000000033e-01,4.651274803283757600e-03
1.615584295999999975e-01,4.650958480781913588e-03
1.615713082999999939e-01,4.650853045608045050e-03
1.615841859000000102e-01,4.650747613263993621e-03
1.616228127000000070e-01,4.650431333210435815e-03
1.616614302999999919e-01,4.650115078622899661e-03
1.616871702000000077e-01,4.649904256377707101e-03
1.617900888999999898e-01,4.649061080554440194e-03
1.618158083000000025e-01,4.648850314884496460e-03
1.619314953000000057e-01,4.647902009358032341e-03
1.619700393000000072e-01,4.647585958413437239e-03
1.619828852000000097e-01,4.647480613752977101e-03
1.620342587999999973e-01,4.647059263381777584e-03
1.621369571999999870e-01,4.646216698318983256e-03
1.622011106000000036e-01,4.645690187004997487e-03
1.622908828999999886e-01,4.644953189840306945e-03
1.623934189000000028e-01,4.644111076866907183e-03
1.624062313999999896e-01,4.644005825455784116e-03
1.624318533000000120e-01,4.643795331106099177e-03
1.624446626999999921e-01,4.643690088167404598e-03
1.624830848999999910e-01,4.643374376295068481e-03
1.625854998000000051e-01,4.642532602207214212e-03
1.625982971000000110e-01,4.642427393150848867e-03
1.626110933999999897e-01,4.642322186917436332e-03
1.627006394000000133e-01,4.641585822319468750e-03
1.627134276999999962e-01,4.641480638666694095e-03
1.628156977000000116e-01,4.640639271035948248e-03
1.628540323000000067e-01,4.640323804731298109e-03
1.628923579999999871e-01,4.640008363817975032e-03
1.629562139999999881e-01,4.639482685380620641e-03
1.630072808999999956e-01,4.639062193401166830e-03
1.630455704999999866e-01,4.638746854028893626e-03
1.630583317000000032e-01,4.638641746544800576e-03
1.631603855000000047e-01,4.637800988179610270e-03
1.631986391999999952e-01,4.637485750311168449e-03
1.632113883999999904e-01,4.637380676659539139e-03
1.632496301999999955e-01,4.637065472617507740e-03
1.633006053000000124e-01,4.636645240020853022e-03
1.633133465000000117e-01,4.636540188917335527e-03
1.633260867999999921e-01,4.636435140632043719e-03
1.633643016999999920e-01,4.636120012684034897e-03
1.634025077000000048e-01,4.635804910096099490e-03
1.634279734000000095e-01,4.635594855791938008e-03
1.634661645000000108e-01,4.635279795465551897e-03
1.635170720000000133e-01,4.634859754469104233e-03
1.636315560999999918e-01,4.633914826998569714e-03
1.636569861999999931e-01,4.633704874094147531e-03
1.636696997000000042e-01,4.633599901865625113e-03
1.637332525999999899e-01,4.633075082957191851e-03
1.637713725000000120e-01,4.632760225396158858e-03
1.638221851999999978e-01,4.632340454724621220e-03
1.638602844000000003e-01,4.632025656275445998e-03
1.639364561999999970e-01,4.631396135363974667e-03
1.640125926999999872e-01,4.630766715753058954e-03
1.640379637000000113e-01,4.630556931724131089e-03
1.640760126999999957e-01,4.630242276779436734e-03
1.641140530000000097e-01,4.629927647151452913e-03
1.641267311000000062e-01,4.629822776234238796e-03
1.642154506999999874e-01,4.629088758562434174e-03
1.642281210000000047e-01,4.628983910143694494e-03
1.642661260000000123e-01,4.628669381758722910e-03
1.642787924000000122e-01,4.628564544587219880e-03
1.644307130000000061e-01,4.627306717807125672e-03
1.644433667000000099e-01,4.627201917179375040e-03
1.644686711999999995e-01,4.626992324355115593e-03
1.645319154999999867e-01,4.626468391473115109e-03
1.645445614000000112e-01,4.626363613326607040e-03
1.646456939000000008e-01,4.625525489299077073e-03
1.646709672999999985e-01,4.625315986384713994e-03
1.647341338999999960e-01,4.624792278253230318e-03
1.647846497000000077e-01,4.624373362301197055e-03
1.648351500999999941e-01,4.623954491279447243e-03
1.648477727999999864e-01,4.623849780543702777e-03
1.650243888000000048e-01,4.622384125012982820e-03
1.650748157999999965e-01,4.621965467334392987e-03
1.651378279000000060e-01,4.621442208374021941e-03
1.651504273999999939e-01,4.621337564999427987e-03
1.652260043999999872e-01,4.620709763667694807e-03
1.652385972000000036e-01,4.620605139930812448e-03
1.652511891000000011e-01,4.620500518999111524e-03
1.652889589000000048e-01,4.620186673033155333e-03
1.653267200000000103e-01,4.619872852309385956e-03
1.653393052000000085e-01,4.619768251010568025e-03
1.653518894000000072e-01,4.619663652516081513e-03
1.654399518000000124e-01,4.618931541568993375e-03
1.654902521999999931e-01,4.618513254139152736e-03
1.655531061999999942e-01,4.617990457925958206e-03
1.656787426000000119e-01,4.616945075706165198e-03
1.656913010000000130e-01,4.616840552896788775e-03
1.657540787000000015e-01,4.616317980877634314e-03
1.657917338999999879e-01,4.616004471285134990e-03
1.658544735999999964e-01,4.615482011321856391e-03
1.658921060999999919e-01,4.615168568954769804e-03
1.659422694000000087e-01,4.614750685006272987e-03
1.660425504999999968e-01,4.613915051515236204e-03
1.660550813999999986e-01,4.613810609927810821e-03
1.660801403000000120e-01,4.613601735151121562e-03
1.661302469000000004e-01,4.613184019188840829e-03
1.661928588000000095e-01,4.612661937211722830e-03
1.662429313000000075e-01,4.612244322003912836e-03
1.662554471000000089e-01,4.612139925197661014e-03
1.663430311999999911e-01,4.611409225895896080e-03
1.663930586000000045e-01,4.610991744984666019e-03
1.664305691999999892e-01,4.610678663671515312e-03
1.664555715999999908e-01,4.610469956780811548e-03
1.664805702999999915e-01,4.610261261077100957e-03
1.664930682000000106e-01,4.610156917420026035e-03
1.665305562999999933e-01,4.609843903227480409e-03
1.666429701000000096e-01,4.608905011636261345e-03
1.666804245000000073e-01,4.608592098093565285e-03
1.667553079999999910e-01,4.607966346475931944e-03
1.668426296999999947e-01,4.607236430078653043e-03
1.669423700000000066e-01,4.606402407553335590e-03
1.669548332999999940e-01,4.606298167308760586e-03
1.669922178000000090e-01,4.605985463334814033e-03
1.670420506999999999e-01,4.605568563805098950e-03
1.670918687999999874e-01,4.605151708958845659e-03
1.671416719999999911e-01,4.604734898790431054e-03
1.671541205000000030e-01,4.604630703228642166e-03
1.672536749999999905e-01,4.603797239236796790e-03
1.672785544000000013e-01,4.603588901153130887e-03
1.672909925999999936e-01,4.603484736297853985e-03
1.673283020000000121e-01,4.603172258478119110e-03
1.673531702999999926e-01,4.602963953885503418e-03
1.673904657999999990e-01,4.602651517925595778e-03
1.674277529000000042e-01,4.602339107078532235e-03
1.674401801000000023e-01,4.602234975709714598e-03
1.674774562999999938e-01,4.601922598343068278e-03
1.675519836000000096e-01,4.601297918929703017e-03
1.675892347999999865e-01,4.600985616878423487e-03
1.676885310000000018e-01,4.600152934116350824e-03
1.677257518999999975e-01,4.599840724089370933e-03
1.677381571000000071e-01,4.599736659656605484e-03
1.678497620000000135e-01,4.598800205207617502e-03
1.678745530000000097e-01,4.598592134879934783e-03
1.678869471999999974e-01,4.598488103896701540e-03
1.679489041999999988e-01,4.597967990782180804e-03
1.679860673999999943e-01,4.597655956351836236e-03
1.680232224000000052e-01,4.597343946997586514e-03
1.680479877999999927e-01,4.597135954691343798e-03
1.680727495999999876e-01,4.596927973528354069e-03
1.681346381000000112e-01,4.596408069367967711e-03
1.682212436999999949e-01,4.595680320519424794e-03
1.682830775999999973e-01,4.595160583453316086e-03
1.683819645999999892e-01,4.594329148920561941e-03
1.684313863999999938e-01,4.593913498461010131e-03
1.685178394999999885e-01,4.593186217304951781e-03
1.685425322000000115e-01,4.592978447733295916e-03
1.685795646000000092e-01,4.592666814243620901e-03
1.686289283999999888e-01,4.592251341873556693e-03
1.686659417999999966e-01,4.591939766805212819e-03
1.687276127000000014e-01,4.591420530654269361e-03
1.687769332000000067e-01,4.591005191794209420e-03
1.688262392999999861e-01,4.590589897426621685e-03
1.688385635999999912e-01,4.590486080786027566e-03
1.689124902999999955e-01,4.589863239326825300e-03
1.689248083000000067e-01,4.589759442146945471e-03
1.690233197999999881e-01,4.588929164771738192e-03
1.690356296999999952e-01,4.588825392606563948e-03
1.690602468999999886e-01,4.588617856613265260e-03
1.690725540999999943e-01,4.588514092784870199e-03
1.691709795999999932e-01,4.587684082184926258e-03
1.692570549000000091e-01,4.586957968759435532e-03
1.692693477999999974e-01,4.586854249380642456e-03
1.693185104999999913e-01,4.586439399638340964e-03
1.693307990000000041e-01,4.586335694145698798e-03
1.693676590000000037e-01,4.586024594328814638e-03
1.694290743999999904e-01,4.585506150166771856e-03
1.695150186999999919e-01,4.584780444941323474e-03
1.696254544999999947e-01,4.583847595210654470e-03
1.696622505000000003e-01,4.583536695252102451e-03
1.696990385000000101e-01,4.583225820265474267e-03
1.697112993999999875e-01,4.583122200818886063e-03
1.697235594000000014e-01,4.583018584146559583e-03
1.697603340999999932e-01,4.582707750774790527e-03
1.697971007999999893e-01,4.582396942368857293e-03
1.698093545999999898e-01,4.582293345114431260e-03
1.698461106999999970e-01,4.581982569992739708e-03
1.699195991000000128e-01,4.581361094628693710e-03
1.700420092000000105e-01,4.580325524177023509e-03
1.700542452999999898e-01,4.580221982379314820e-03
1.701031812000000087e-01,4.579807842907744446e-03
1.701521028999999907e-01,4.579393747781824488e-03
1.702010106000000078e-01,4.578979696996272712e-03
1.702132353999999959e-01,4.578876191227595344e-03
1.702376821999999901e-01,4.578669188002369370e-03
1.703110016000000115e-01,4.578048244820359658e-03
1.703842895000000079e-01,4.577427401364637938e-03
1.703965010999999863e-01,4.577323937149727073e-03
1.704331305000000019e-01,4.577013561121807440e-03
1.704819576000000114e-01,4.576599765188294443e-03
1.705429717999999983e-01,4.576082582572973782e-03
1.706039642000000134e-01,4.575565469171805760e-03
1.706405491000000108e-01,4.575255234349349248e-03
1.706893168999999988e-01,4.574841626669624677e-03
1.707015065999999970e-01,4.574738231668656549e-03
1.707989933999999876e-01,4.573911171283433566e-03
1.708233563000000066e-01,4.573704433856584824e-03
1.708355364999999959e-01,4.573601069293129449e-03
1.708720719000000055e-01,4.573290992201863026e-03
1.708964245000000048e-01,4.573084287972516322e-03
1.709816312000000116e-01,4.572360910297849391e-03
1.710789583000000003e-01,4.571534358884846681e-03
1.710911203000000103e-01,4.571431052400951565e-03
1.712248452000000032e-01,4.570294863533099980e-03
1.712612974999999926e-01,4.569985051887028894e-03
1.713584657999999983e-01,4.569159009088838777e-03
1.713706078999999993e-01,4.569055766172920065e-03
1.713827491999999897e-01,4.568952526019912780e-03
1.714070292000000051e-01,4.568746054001993247e-03
1.714677142000000098e-01,4.568229922300580566e-03
1.714798486000000122e-01,4.568126704247054380e-03
1.715162467999999940e-01,4.567817066658614450e-03
1.715526370999999883e-01,4.567507453926150304e-03
1.716011457000000129e-01,4.567094675611192700e-03
1.716617619999999955e-01,4.566578764843912119e-03
1.716738827000000023e-01,4.566475590973176173e-03
1.717102396999999891e-01,4.566166085924945085e-03
1.717708175999999864e-01,4.565650299385869484e-03
1.717950427000000113e-01,4.565444004090908267e-03
1.718071539999999897e-01,4.565340860583386867e-03
1.719524231000000014e-01,4.564103353731210032e-03
1.719887211999999999e-01,4.563794039096151153e-03
1.720008188999999910e-01,4.563690939735016820e-03
1.720612944000000089e-01,4.563175484303620688e-03
1.721338370999999923e-01,4.562557028799645899e-03
1.721459244999999916e-01,4.562453962533999721e-03
1.721821818000000004e-01,4.562144780281373983e-03
1.722425937000000018e-01,4.561629531669306008e-03
1.723392086999999961e-01,4.560805277236470133e-03
1.723874958000000124e-01,4.560393216168411555e-03
1.724357695000000024e-01,4.559981199192254114e-03
1.724478358000000044e-01,4.559878201836929830e-03
1.725443358000000038e-01,4.559054322178435724e-03
1.725684523999999886e-01,4.558848379811931799e-03
1.725805093999999984e-01,4.558745412760447681e-03
1.726407819000000121e-01,4.558230618817146751e-03
1.726769353000000007e-01,4.557921775499444543e-03
1.727733073000000119e-01,4.557098314476224453e-03
1.728214731999999920e-01,4.556686650040416356e-03
1.728335125999999888e-01,4.556583740813510697e-03
1.729057311999999957e-01,4.555966343253796749e-03
1.729297972999999933e-01,4.555760566084983421e-03
1.730140025999999942e-01,4.555040432676701542e-03
1.730981668000000084e-01,4.554320434084943060e-03
1.731222062999999978e-01,4.554114744959997935e-03
1.731462423000000028e-01,4.553909066837238083e-03
1.731943045000000070e-01,4.553497743596571570e-03
1.732063179999999980e-01,4.553394919661938288e-03
1.732543633999999999e-01,4.552983651422276394e-03
1.733144016000000009e-01,4.552469627990314224e-03
1.733384109999999978e-01,4.552264037862831236e-03
1.733984199999999976e-01,4.551750110651946180e-03
1.734104193000000071e-01,4.551647333456087206e-03
1.734464122999999913e-01,4.551339018359946975e-03
1.734823977999999933e-01,4.551030727998892252e-03
1.735063840000000135e-01,4.550825214832008615e-03
1.735423570000000082e-01,4.550516965690884139e-03
1.735783226000000012e-01,4.550208741278856037e-03
1.735903095000000118e-01,4.550106005303118997e-03
1.736981541000000018e-01,4.549181505141336110e-03
1.737221104999999988e-01,4.548976090875459649e-03
1.737340874999999951e-01,4.548873387862258089e-03
1.738298734000000012e-01,4.548051862616741062e-03
1.738777465999999938e-01,4.547641165892468869e-03
1.739614929999999948e-01,4.546922552316619640e-03
1.739854131000000137e-01,4.546717258855826130e-03
1.740691075999999948e-01,4.545998818192787706e-03
1.741647092999999979e-01,4.545177907786561271e-03
1.741766557999999965e-01,4.545075306331540846e-03
1.742602584999999871e-01,4.544357172952134122e-03
1.742721985000000029e-01,4.544254593440642288e-03
1.742960759999999942e-01,4.544049442645139818e-03
1.743080134999999975e-01,4.543946871361016424e-03
1.743676888000000036e-01,4.543434056073214489e-03
1.744034841999999863e-01,4.543126399803906756e-03
1.744392723000000034e-01,4.542818768209336971e-03
1.745465922999999975e-01,4.541896021451114450e-03
1.745942689999999964e-01,4.541485983040913915e-03
1.746300178999999897e-01,4.541178483006598141e-03
1.746538464999999873e-01,4.540973496684124616e-03
1.746895831999999982e-01,4.540666037749251267e-03
1.748324572000000132e-01,4.539436448553799131e-03
1.748443581000000135e-01,4.539334000590530133e-03
1.748800558999999977e-01,4.539026673131709051e-03
1.749395360999999871e-01,4.538514515465102463e-03
1.750227742999999891e-01,4.537797609719912244e-03
1.750346623000000046e-01,4.537695205563375793e-03
1.751178553999999943e-01,4.536978453104034865e-03
1.751653764999999974e-01,4.536568940477531293e-03
1.752010089000000104e-01,4.536261834738984297e-03
1.752485075000000114e-01,4.535852398724967913e-03
1.752603801000000017e-01,4.535750046560917299e-03
1.753553322999999997e-01,4.534931327723815825e-03
1.754027891000000117e-01,4.534522033946692711e-03
1.754146513000000018e-01,4.534419717339109590e-03
1.754383733000000056e-01,4.534215092327567760e-03
1.754502330999999915e-01,4.534112783923410425e-03
1.754858076999999961e-01,4.533805875116261701e-03
1.755095200000000022e-01,4.533601282914981323e-03
1.755450826000000131e-01,4.533294415117061597e-03
1.756280337999999996e-01,4.532578485927534102e-03
1.756872607999999947e-01,4.532067189927744405e-03
1.756991036999999978e-01,4.531964938925816741e-03
1.757346278999999956e-01,4.531658202315262673e-03
1.757701449000000082e-01,4.531351490295240474e-03
1.758648217999999874e-01,4.530533711778187388e-03
1.758766529000000134e-01,4.530431501755735613e-03
1.759830964000000109e-01,4.529511734449743164e-03
1.760067416999999967e-01,4.529307371752943311e-03
1.760185632000000056e-01,4.529205194500142244e-03
1.760776588000000087e-01,4.528694349188889384e-03
1.761131066000000134e-01,4.528387874761081316e-03
1.761485473000000135e-01,4.528081424899822564e-03
1.761603593000000134e-01,4.527979280404977568e-03
1.761957903999999964e-01,4.527672863295442891e-03
1.762075992000000091e-01,4.527570729717125125e-03
1.762548265999999975e-01,4.527162222692681509e-03
1.762666314000000123e-01,4.527060102758200671e-03
1.763610418000000069e-01,4.526243241503146580e-03
1.763964326999999943e-01,4.525936963544520582e-03
1.764436094000000066e-01,4.525528631119146543e-03
1.765261384000000044e-01,4.524814154372092632e-03
1.765379252000000010e-01,4.524712097172932206e-03
1.765732805999999933e-01,4.524405941934530814e-03
1.766204101000000137e-01,4.523997773118590068e-03
1.766321905000000081e-01,4.523895737729911881e-03
1.766793043000000063e-01,4.523487623433957751e-03
1.767617233000000065e-01,4.522773528349113489e-03
1.768323376000000002e-01,4.522161553125377334e-03
1.768676341000000041e-01,4.521855602295741898e-03
1.769264459999999872e-01,4.521345738731152170e-03
1.769969946000000127e-01,4.520733992340675647e-03
1.770087499000000120e-01,4.520632044141129242e-03
1.771027646999999983e-01,4.519816556576934131e-03
1.771145130000000012e-01,4.519714632884062194e-03
1.771380073000000110e-01,4.519510793665856146e-03
1.771497532999999902e-01,4.519408878140430963e-03
1.772436933000000048e-01,4.518593651932387850e-03
1.773258498999999988e-01,4.517880471887358342e-03
1.773845098999999870e-01,4.517371139202630385e-03
1.774314240000000042e-01,4.516963722026814780e-03
1.774783255999999865e-01,4.516556348375734206e-03
1.774900490999999914e-01,4.516454511763132347e-03
1.775252149000000057e-01,4.516149018244247811e-03
1.775720916999999899e-01,4.515741731626935450e-03
1.775838090000000091e-01,4.515639916771035933e-03
1.776658084000000137e-01,4.514927288913832271e-03
1.776775194999999918e-01,4.514825495809434396e-03
1.777126481000000091e-01,4.514520132807277493e-03
1.777477698999999911e-01,4.514214794270034192e-03
1.777711804999999867e-01,4.514011248835538177e-03
1.778881874999999890e-01,4.512993684724190407e-03
1.778998838999999998e-01,4.512891943258169267e-03
1.779583546999999877e-01,4.512383276681815499e-03
1.780518680000000020e-01,4.511569551416955495e-03
1.780869227999999915e-01,4.511264449257373563e-03
1.781219708000000013e-01,4.510959371538908295e-03
1.781336518999999952e-01,4.510857684396979254e-03
1.782153982000000136e-01,4.510145950427976898e-03
1.782270732000000024e-01,4.510044285006393865e-03
1.783321136999999890e-01,4.509129418361995829e-03
1.784137691000000081e-01,4.508418007399034658e-03
1.784254311000000037e-01,4.508316388115449561e-03
1.784487527999999990e-01,4.508113157688017382e-03
1.786119197000000103e-01,4.506690848526088630e-03
1.786468646000000104e-01,4.506386137153426015e-03
1.786934471999999940e-01,4.505979893286549132e-03
1.787400177000000034e-01,4.505573692801479943e-03
1.787865760000000026e-01,4.505167535692650854e-03
1.788214868000000124e-01,4.504862946323752969e-03
1.788331221999999998e-01,4.504761421955068464e-03
1.788680239000000061e-01,4.504456865111041396e-03
1.788912879000000011e-01,4.504253840765664284e-03
1.789261782999999884e-01,4.503949324572213003e-03
1.789610618999999958e-01,4.503644832766103695e-03
1.790772912999999966e-01,4.502630036180999690e-03
1.791121454000000057e-01,4.502325650027485561e-03
1.791469927999999878e-01,4.502021288249588409e-03
1.791586071000000058e-01,4.501919839739956450e-03
1.792050565999999956e-01,4.501514072781136015e-03
1.792398859000000066e-01,4.501209775993490758e-03
1.793559346999999971e-01,4.500195629341378727e-03
1.793791354000000005e-01,4.499992832493305596e-03
1.794487197000000089e-01,4.499384506902473491e-03
1.794835016999999922e-01,4.499080380639007212e-03
1.795182768999999956e-01,4.498776278727055662e-03
1.795298671999999984e-01,4.498674916834324855e-03
1.795646334000000066e-01,4.498370847387843721e-03
1.796225623000000104e-01,4.497864119079543824e-03
1.796341458000000058e-01,4.497762781532441828e-03
1.796688918999999884e-01,4.497458785118887623e-03
1.797036312999999996e-01,4.497154813045205549e-03
1.797267871000000072e-01,4.496952178516997432e-03
1.797615153000000077e-01,4.496648247004669113e-03
1.798078092000000017e-01,4.496243042840663770e-03
1.799119267000000022e-01,4.495331491614289188e-03
1.799350557000000128e-01,4.495128954406747354e-03
1.799928654000000072e-01,4.494622658681074294e-03
1.800044251000000040e-01,4.494521407642607623e-03
1.800390997000000104e-01,4.494217670738965241e-03
1.800853221000000004e-01,4.493812726025401931e-03
1.800968759000000086e-01,4.493711496600954862e-03
1.801199812000000011e-01,4.493509045855987108e-03
1.801777314999999935e-01,4.493002966263349995e-03
1.802585508000000003e-01,4.492294568264811917e-03
1.803162567000000105e-01,4.491788650702875293e-03
1.803508714000000013e-01,4.491485132564132336e-03
1.803624081000000101e-01,4.491383965250372520e-03
1.804546756000000030e-01,4.490574723915360597e-03
1.805007915999999879e-01,4.490170168022260960e-03
1.805584201000000055e-01,4.489664533871470450e-03
1.805929883000000069e-01,4.489361185758552510e-03
1.806275499999999978e-01,4.489057861926346558e-03
1.806390690000000132e-01,4.488956759377458160e-03
1.806736218999999977e-01,4.488653467915877486e-03
1.807196819999999926e-01,4.488249117061567615e-03
1.807427077000000049e-01,4.488046957816393782e-03
1.807772407000000081e-01,4.487743739174184301e-03
1.808232744999999919e-01,4.487339485402185371e-03
1.808347811000000083e-01,4.487238428699827537e-03
1.809153068000000086e-01,4.486531107270105324e-03
1.810072923999999917e-01,4.485722901652628575e-03
1.810532676999999924e-01,4.485318863523659987e-03
1.810877415000000101e-01,4.485015863219967043e-03
1.811796394999999893e-01,4.484207980953580121e-03
1.812255711000000102e-01,4.483804104470729898e-03
1.812370520999999901e-01,4.483703142083348900e-03
1.812829690999999965e-01,4.483299319466042647e-03
1.813288744999999869e-01,4.482895539935277673e-03
1.814665209000000112e-01,4.481684459809840045e-03
1.815582272000000053e-01,4.480877288396216927e-03
1.815696871999999962e-01,4.480776404079564630e-03
1.816040630000000100e-01,4.480473767274672191e-03
1.816498871999999987e-01,4.480070289202951576e-03
1.816613414000000093e-01,4.479969426410837507e-03
1.816956999000000073e-01,4.479666854175863924e-03
1.817415009999999997e-01,4.479263462188001234e-03
1.817529494000000023e-01,4.479162620915309694e-03
1.817758442000000085e-01,4.478960946438534027e-03
1.818445113000000113e-01,4.478355987550944502e-03
1.818788350999999970e-01,4.478053544408291085e-03
1.819360270000000002e-01,4.477549526275683561e-03
1.819588987999999907e-01,4.477347937841007555e-03
1.819703336000000060e-01,4.477247147655767125e-03
1.821074950999999886e-01,4.476037875073014469e-03
1.821189206000000116e-01,4.475937119825396278e-03
1.821417693999999865e-01,4.475735617390713857e-03
1.821874582999999936e-01,4.475332644761823193e-03
1.822102985000000064e-01,4.475131174566346001e-03
1.822902165999999990e-01,4.474426113495552464e-03
1.823244565000000095e-01,4.474123984752445375e-03
1.823815087000000001e-01,4.473620490555204297e-03
1.824613518000000045e-01,4.472915711448738514e-03
1.824841577000000103e-01,4.472714370151241285e-03
1.825183612000000066e-01,4.472412378337216853e-03
1.825639559999999995e-01,4.472009760161795369e-03
1.825753528999999875e-01,4.471909112327488930e-03
1.826551111999999977e-01,4.471204652624915371e-03
1.826892827000000108e-01,4.470902781571807830e-03
1.827006717999999919e-01,4.470802163253213314e-03
1.827576066000000110e-01,4.470299111900174517e-03
1.828372853999999936e-01,4.469594952662069368e-03
1.828714228999999969e-01,4.469293210359925710e-03
1.829396786999999969e-01,4.468689798154575933e-03
1.829737969999999936e-01,4.468388128247113671e-03
1.830647481999999882e-01,4.467583793109797252e-03
1.832010903000000079e-01,4.466377612008371606e-03
1.832124475999999946e-01,4.466277114333181211e-03
1.832351600000000080e-01,4.466076127019788164e-03
1.832465151999999875e-01,4.465975637381690462e-03
1.832805764000000059e-01,4.465674184539582606e-03
1.833373309999999923e-01,4.465171816707056568e-03
1.833713754000000085e-01,4.464870428146504484e-03
1.833827221000000063e-01,4.464769970648952216e-03
1.833940681000000017e-01,4.464669515829261352e-03
1.834734705999999937e-01,4.463966407064993459e-03
1.834848109999999977e-01,4.463865973665235264e-03
1.835188279999999950e-01,4.463564689528588467e-03
1.835755089999999978e-01,4.463062602837404406e-03
1.835981764999999877e-01,4.462861786896881247e-03
1.836095091999999929e-01,4.462761382941062525e-03
1.836435030999999940e-01,4.462460187130827885e-03
1.836548329999999896e-01,4.462359793879547981e-03
1.837001456000000033e-01,4.461958247632449512e-03
1.837567706999999884e-01,4.461456375023657890e-03
1.837794158000000122e-01,4.461255644706799139e-03
1.837907373000000066e-01,4.461155283560949529e-03
1.838812844000000113e-01,4.460352490685034164e-03
1.840057139000000064e-01,4.459248929934089660e-03
1.840283283999999964e-01,4.459048317282043698e-03
1.840961552000000001e-01,4.458446543480264722e-03
1.841074572999999992e-01,4.458346257201787829e-03
1.841187585999999876e-01,4.458245973595766076e-03
1.841526585000000105e-01,4.457945138813129878e-03
1.842881956999999904e-01,4.456742040169693608e-03
1.843220644000000130e-01,4.456441325619610490e-03
1.843672131000000103e-01,4.456040410281475114e-03
1.844687570000000110e-01,4.455138507002931805e-03
1.845025925999999872e-01,4.454837920640619849e-03
1.845138698000000077e-01,4.454737730526252618e-03
1.845589715000000020e-01,4.454336996765125012e-03
1.845702452000000104e-01,4.454236819998534658e-03
1.846378728999999996e-01,4.453635815451772138e-03
1.846604099999999971e-01,4.453435501954363003e-03
1.847280048000000119e-01,4.452834625507639740e-03
1.848293504999999892e-01,4.451933490934047687e-03
1.848406076999999925e-01,4.451833378208605585e-03
1.848631201000000002e-01,4.451633160759884550e-03
1.849643917999999887e-01,4.450732314257663941e-03
1.849981367000000099e-01,4.450432080089813079e-03
1.850206299000000110e-01,4.450231937309171056e-03
1.850431204000000107e-01,4.450031805192813592e-03
1.850993345999999984e-01,4.449531521553933347e-03
1.851442936999999900e-01,4.449131342622315334e-03
1.852004771000000105e-01,4.448631178923580579e-03
1.852229458000000106e-01,4.448431132098141540e-03
1.852341791000000071e-01,4.448331112682407489e-03
1.852791054000000048e-01,4.447931061663671151e-03
1.853801499000000130e-01,4.447031102719761243e-03
1.854474822000000134e-01,4.446431249950386598e-03
1.854699209000000015e-01,4.446231320332050957e-03
1.855035738999999961e-01,4.445931445875577100e-03
1.855484350000000116e-01,4.445531650542725553e-03
1.855820736999999887e-01,4.445231831997130054e-03
1.856381246999999901e-01,4.444732187660322027e-03
1.856493328999999914e-01,4.444632266778152964e-03
1.856829533000000088e-01,4.444332520100397269e-03
1.857389738999999929e-01,4.443832995528950933e-03
1.857725781000000020e-01,4.443533312717275197e-03
1.858061762000000061e-01,4.443233653851255682e-03
1.858173741999999962e-01,4.443133772883456171e-03
1.858285715999999921e-01,4.443033894576132667e-03
1.859181260999999974e-01,4.442234963878351900e-03
1.860076375999999976e-01,4.441436203394460991e-03
1.860411932000000101e-01,4.441136712087538282e-03
1.860747429000000064e-01,4.440837244709215995e-03
1.860859246999999883e-01,4.440737427566644573e-03
1.861194663000000082e-01,4.440437992089202660e-03
1.861306454999999971e-01,4.440338185579773174e-03
1.861753555000000004e-01,4.439938986121664405e-03
1.861865313000000133e-01,4.439839192901581105e-03
1.862200548000000067e-01,4.439539829187223383e-03
1.862535721999999949e-01,4.439240489389370721e-03
1.863540881999999899e-01,4.438342613473803509e-03
1.864322298999999961e-01,4.437644414302941050e-03
1.864433903000000115e-01,4.437544682188314382e-03
1.864545501000000050e-01,4.437444952729646501e-03
1.864768676000000125e-01,4.437245501779030904e-03
1.864880254000000070e-01,4.437145780287235844e-03
1.865326496999999972e-01,4.436746920873441830e-03
1.865438040999999880e-01,4.436647212657954774e-03
1.866218664000000027e-01,4.435949329487549886e-03
1.867110404000000001e-01,4.435151907989438869e-03
1.867556113999999934e-01,4.434753260935273000e-03
1.868335852000000130e-01,4.434055730748478336e-03
1.868447216000000133e-01,4.433956094191283427e-03
1.868781270000000050e-01,4.433657200437188250e-03
1.869894350999999899e-01,4.432661060332404070e-03
1.870228146000000036e-01,4.432362270015449690e-03
1.870784339000000074e-01,4.431864339184576895e-03
1.871896228999999912e-01,4.430868676351848792e-03
1.872340799999999972e-01,4.430470485433946233e-03
1.872451927000000071e-01,4.430370944329962632e-03
1.872896366000000035e-01,4.429972806412496578e-03
1.873340699999999914e-01,4.429574710889581934e-03
1.873451765999999963e-01,4.429475193632228733e-03
1.875227942999999897e-01,4.427883277760773229e-03
1.875449847000000003e-01,4.427684335947063878e-03
1.876115401000000016e-01,4.427087574050442287e-03
1.876448089999999957e-01,4.426789228842062038e-03
1.876780718999999931e-01,4.426490907457309755e-03
1.876891582000000114e-01,4.426391472289525203e-03
1.877224133000000017e-01,4.426093182666459951e-03
1.877334971000000075e-01,4.425993758085347562e-03
1.877778253999999869e-01,4.425596086223943307e-03
1.878221432999999940e-01,4.425198456700476027e-03
1.878553748000000023e-01,4.424900262338923862e-03
1.878775259000000086e-01,4.424701479325856418e-03
1.879107476999999915e-01,4.424403324646442905e-03
1.879439635000000053e-01,4.424105193773216448e-03
1.879550342000000096e-01,4.424005822105473058e-03
1.880435759999999901e-01,4.423210943970317180e-03
1.880767684000000106e-01,4.422912908300834917e-03
1.880878311999999997e-01,4.422813568365666428e-03
1.881431356999999915e-01,4.422316908346245364e-03
1.882205345999999890e-01,4.421621695342116062e-03
1.882536958000000094e-01,4.421323786556905985e-03
1.883089514999999881e-01,4.420827324766852737e-03
1.883200006999999898e-01,4.420728040335985924e-03
1.883862823000000131e-01,4.420132389233343700e-03
1.884083709000000106e-01,4.419933860000141435e-03
1.884856608999999905e-01,4.419239090888243265e-03
1.885298123999999964e-01,4.418842138070372925e-03
1.885739535000000022e-01,4.418445227502755361e-03
1.885849871999999983e-01,4.418346006461922222e-03
1.886070525999999914e-01,4.418147572300919201e-03
1.886511757000000067e-01,4.417750735659215638e-03
1.887834830000000019e-01,4.416560479131125330e-03
1.888496018999999970e-01,4.415965493371254436e-03
1.888826526000000061e-01,4.415668036109671873e-03
1.889267112999999942e-01,4.415271463360441288e-03
1.889377244000000067e-01,4.415172326767822196e-03
1.889707596999999906e-01,4.414874932815411775e-03
1.890037893000000024e-01,4.414577562600033658e-03
1.890147979000000034e-01,4.414478444469460694e-03
1.890258058000000019e-01,4.414379328975929356e-03
1.891028433999999980e-01,4.413685594354122867e-03
1.891138461999999909e-01,4.413586499954677209e-03
1.891468507999999882e-01,4.413289232574510793e-03
1.892348349000000096e-01,4.412496635545913766e-03
1.892678184000000097e-01,4.412199455148399334e-03
1.892788116000000131e-01,4.412100400286604607e-03
1.893117874999999950e-01,4.411803251512103410e-03
1.894106805000000116e-01,4.410911947467219263e-03
1.894985421000000003e-01,4.410119856335070233e-03
1.895424575999999917e-01,4.409723873977887398e-03
1.896302582000000125e-01,4.408932035655854093e-03
1.896412303999999993e-01,4.408833067713227409e-03
1.896631729000000099e-01,4.408635139725653948e-03
1.897180179999999883e-01,4.408140365822179468e-03
1.897289852000000054e-01,4.408041418937965611e-03
1.897618828000000035e-01,4.407744594076085966e-03
1.897947747000000018e-01,4.407447792899333097e-03
1.898166994000000107e-01,4.407249938605329112e-03
1.898386216999999876e-01,4.407052094836686092e-03
1.898934161999999981e-01,4.406557531457929930e-03
1.899372404000000125e-01,4.406161928108292929e-03
1.899920063999999964e-01,4.405667483104485499e-03
1.900139083999999867e-01,4.405469723513582778e-03
1.900248585000000046e-01,4.405370847663034849e-03
1.900686524000000099e-01,4.404975370557100839e-03
1.901124362000000123e-01,4.404579935522253027e-03
1.901562099000000117e-01,4.404184542553231732e-03
1.901890336000000015e-01,4.403888025429280109e-03
1.901999735999999885e-01,4.403789191645235239e-03
1.902546639999999900e-01,4.403295062150157195e-03
1.903202717999999960e-01,4.402702193482147495e-03
1.903312041999999926e-01,4.402603391234448209e-03
1.904077136000000003e-01,4.401911849067318729e-03
1.904186409999999996e-01,4.401813067837540353e-03
1.904295678000000047e-01,4.401714289234877515e-03
1.904951152999999897e-01,4.401121672778164802e-03
1.905169594999999994e-01,4.400924154970761552e-03
1.905497210000000052e-01,4.400627897955632431e-03
1.906043111000000068e-01,4.400134188781324764e-03
1.906807108999999945e-01,4.399443106207115428e-03
1.906916227000000075e-01,4.399344390625677982e-03
1.907243542000000014e-01,4.399048259630109967e-03
1.907570802000000121e-01,4.398752152256585508e-03
1.907788943000000015e-01,4.398554760462866989e-03
1.908116109000000116e-01,4.398258692454212401e-03
1.908552242999999871e-01,4.397863971845134001e-03
1.909424211000000093e-01,4.397074656559144673e-03
1.909533179000000025e-01,4.396976003952952038e-03
1.909860046000000089e-01,4.396680061872008417e-03
1.910186856999999960e-01,4.396384143395730762e-03
1.910404699999999900e-01,4.396186877524176431e-03
1.911058079000000076e-01,4.395595142842954016e-03
1.911928904999999901e-01,4.394806310089567104e-03
1.912364169000000114e-01,4.394411956624692632e-03
1.912908110000000050e-01,4.393919073763451547e-03
1.913016879999999975e-01,4.393820505053150013e-03
1.913778093999999874e-01,4.393130597447907418e-03
1.914756353000000022e-01,4.392243762010895891e-03
1.915625497000000010e-01,4.391455641949013750e-03
1.915842721000000082e-01,4.391258638120339869e-03
1.915951324000000067e-01,4.391160140133564330e-03
1.916385674999999955e-01,4.390766174368676555e-03
1.916819926999999979e-01,4.390372250491083629e-03
1.917254080000000138e-01,4.389978368495742710e-03
1.917579631000000118e-01,4.389682984481512590e-03
1.917688136000000043e-01,4.389584528377777489e-03
1.918013613000000006e-01,4.389289175768183206e-03
1.918230566999999942e-01,4.389092287112434342e-03
1.918555952000000064e-01,4.388796973753126239e-03
1.918989712999999986e-01,4.388403259236362333e-03
1.919314968999999982e-01,4.388108000817451081e-03
1.919856940000000123e-01,4.387615955768135734e-03
1.920290406999999866e-01,4.387222366806670625e-03
1.920615442999999978e-01,4.386927202544479119e-03
1.920723776000000105e-01,4.386828819686943923e-03
1.921157048000000089e-01,4.386435314403869419e-03
1.921481936999999973e-01,4.386140212893492075e-03
1.921698498999999949e-01,4.385943491624614068e-03
1.922564505000000090e-01,4.385156711105661631e-03
1.922780946000000046e-01,4.384960042111933978e-03
1.922889157000000071e-01,4.384861711534991831e-03
1.923754625999999912e-01,4.384075160987823197e-03
1.924511593000000076e-01,4.383387066420069839e-03
1.925052100999999904e-01,4.382895648662041115e-03
1.925160184999999968e-01,4.382797372945673384e-03
1.925808558000000059e-01,4.382207773486405944e-03
1.926024634000000069e-01,4.382011261222603336e-03
1.926348702000000024e-01,4.381716512408343964e-03
1.927644430999999881e-01,4.380537752089857725e-03
1.928076146999999907e-01,4.380144915501094083e-03
1.928399870999999988e-01,4.379850315458431315e-03
1.928615656000000067e-01,4.379653928475850735e-03
1.928939289000000112e-01,4.379359367569330211e-03
1.929370715000000014e-01,4.378966656216220013e-03
1.929694221999999904e-01,4.378672150090367338e-03
1.930341071999999991e-01,4.378083208258005087e-03
1.930664415999999994e-01,4.377788772547203805e-03
1.931203202000000008e-01,4.377298098511389103e-03
1.931957250000000126e-01,4.376611264357020518e-03
1.932388002000000049e-01,4.376218845042978596e-03
1.932926308000000037e-01,4.375728379540208893e-03
1.933141587999999966e-01,4.375532211580323259e-03
1.933787285000000133e-01,4.374943770234595783e-03
1.934110052999999940e-01,4.374649584732981204e-03
1.934432766999999997e-01,4.374355422676008687e-03
1.934540325999999921e-01,4.374257373866468485e-03
1.934862968000000127e-01,4.373963243065741822e-03
1.935293073000000086e-01,4.373571105125915494e-03
1.935400585000000007e-01,4.373473077151514461e-03
1.935830571000000111e-01,4.373080991292773237e-03
1.936367920000000020e-01,4.372590942552104926e-03
1.936690256999999971e-01,4.372296944547829183e-03
1.937979070999999998e-01,4.371121186785504112e-03
1.938086434000000080e-01,4.371023223887632314e-03
1.938301141000000061e-01,4.370827305897962214e-03
1.938408484999999959e-01,4.370729350805765794e-03
1.938730483999999976e-01,4.370435501140342537e-03
1.938945119000000106e-01,4.370239614371135284e-03
1.939588884000000013e-01,4.369652016495179266e-03
1.939696156999999865e-01,4.369554092619474910e-03
1.940554130999999904e-01,4.368770795238779460e-03
1.940661351000000090e-01,4.368672894768052713e-03
1.941840380000000033e-01,4.367596161181599816e-03
1.942268940999999915e-01,4.367204699679547338e-03
1.943232856000000064e-01,4.366324063331063904e-03
1.943446994999999955e-01,4.366128394947677363e-03
1.943554054999999947e-01,4.366030564652985738e-03
1.943982237999999918e-01,4.365639269454071186e-03
1.944838319999999954e-01,4.364856803740466834e-03
1.944945304000000041e-01,4.364759007213970046e-03
1.945159254000000115e-01,4.364563421951740164e-03
1.945800963000000050e-01,4.363976728486668871e-03
1.946442459999999930e-01,4.363390128490413598e-03
1.946656244999999952e-01,4.363194615926167634e-03
1.946976878999999994e-01,4.362901366547749377e-03
1.947404309000000111e-01,4.362510403713010937e-03
1.947831644999999945e-01,4.362119482401131433e-03
1.948365683999999931e-01,4.361630889145137746e-03
1.948579257999999981e-01,4.361435470004519123e-03
1.948686037000000038e-01,4.361337764325843788e-03
1.949540053000000106e-01,4.360556212281292178e-03
1.949966921000000075e-01,4.360165498508172290e-03
1.950287011000000070e-01,4.359872490408092487e-03
1.950927033000000033e-01,4.359286544218229052e-03
1.951673459999999916e-01,4.358603058291433269e-03
1.952099861999999908e-01,4.358212551931117326e-03
1.952419602000000087e-01,4.357919699374080379e-03
1.952526169999999894e-01,4.357822087038125750e-03
1.952632733000000120e-01,4.357724477293685797e-03
1.953378507999999902e-01,4.357041281634595718e-03
1.953698038999999997e-01,4.356748522358268316e-03
1.953804537000000119e-01,4.356650941113911733e-03
1.954336943999999965e-01,4.356163073747875564e-03
1.954656318000000115e-01,4.355870384409593100e-03
1.955401321000000137e-01,4.355187533260724587e-03
1.955507726999999862e-01,4.355089993454364268e-03
1.955933293000000073e-01,4.354699860120205164e-03
1.956039669000000092e-01,4.354602333258872707e-03
1.956358766000000082e-01,4.354309768208185216e-03
1.957634629999999987e-01,4.353139740955158134e-03
1.958378500000000078e-01,4.352457397143684806e-03
1.958484744000000000e-01,4.352359929805317898e-03
1.958803442000000006e-01,4.352067543311965991e-03
1.958909662999999968e-01,4.351970086321091044e-03
1.959228292000000093e-01,4.351677730868573103e-03
1.959334490000000095e-01,4.351580284223991422e-03
1.960077715000000109e-01,4.350898230126364757e-03
1.960502288000000037e-01,4.350508541817631018e-03
1.961032876000000091e-01,4.350021489605321486e-03
1.961138976000000034e-01,4.349924086918526868e-03
1.961457242999999906e-01,4.349631894368223214e-03
1.961775457999999916e-01,4.349339725081106077e-03
1.961987571999999902e-01,4.349144958479276082e-03
1.962199664000000010e-01,4.348950202215187168e-03
1.962623777999999986e-01,4.348560720697518603e-03
1.962729793000000111e-01,4.348463356778294736e-03
1.963577700999999953e-01,4.347684538436055388e-03
1.963683663999999940e-01,4.347587197768775294e-03
1.964531160000000110e-01,4.346808565417067081e-03
1.964848876999999994e-01,4.346516620899250338e-03
1.965166543000000099e-01,4.346224699622255189e-03
1.965272419999999909e-01,4.346127397694067758e-03
1.966225058000000137e-01,4.345251796521188044e-03
1.966542501000000109e-01,4.344959975929447299e-03
1.966965679000000078e-01,4.344570917941375544e-03
1.967071458999999911e-01,4.344473659896480947e-03
1.967811761999999909e-01,4.343792925835831577e-03
1.968763171000000034e-01,4.342917882093573489e-03
1.968974531999999888e-01,4.342723456304032476e-03
1.969397187999999965e-01,4.342334635675596140e-03
1.969925378999999865e-01,4.341848667915317386e-03
1.970664609999999983e-01,4.341168421347970686e-03
1.970770192000000087e-01,4.341071253579588049e-03
1.971192461999999868e-01,4.340682608284149833e-03
1.971614641999999973e-01,4.340294004230676322e-03
1.971931218000000097e-01,4.340002578252444114e-03
1.972142239999999935e-01,4.339808307152383943e-03
1.972458730999999965e-01,4.339516919828793722e-03
1.973618762999999887e-01,4.338448698030235133e-03
1.974040424000000071e-01,4.338060331019719801e-03
1.974145824999999910e-01,4.337963245706015665e-03
1.974672747000000006e-01,4.337477857767497828e-03
1.975304867000000075e-01,4.336895477216352705e-03
1.975410200999999921e-01,4.336798422802631663e-03
1.975515529000000103e-01,4.336701370963278422e-03
1.976252668000000046e-01,4.336022080167368543e-03
1.976357951000000113e-01,4.335925048921101567e-03
1.976673767000000081e-01,4.335633970625001575e-03
1.977410474999999890e-01,4.334954878004497469e-03
1.977515696000000101e-01,4.334857875065609503e-03
1.978777918000000080e-01,4.333694040465137232e-03
1.978883066999999885e-01,4.333597070968236292e-03
1.979093348000000030e-01,4.333403139690065499e-03
1.979198480000000093e-01,4.333306177908633448e-03
1.979724056000000121e-01,4.332821407575184261e-03
1.980039335000000067e-01,4.332530576231282543e-03
1.980459629000000110e-01,4.332142837100428669e-03
1.980774791000000090e-01,4.331852059745425372e-03
1.981299948999999949e-01,4.331367482229369313e-03
1.981404964000000046e-01,4.331270574436866909e-03
1.981719976000000105e-01,4.330979866479347899e-03
1.982139913000000031e-01,4.330592291846063237e-03
1.982244884000000096e-01,4.330495404611840737e-03
1.982559761999999892e-01,4.330204758324969483e-03
1.982874589999999992e-01,4.329914135160825919e-03
1.983818773999999896e-01,4.329042404383236925e-03
1.983923656000000091e-01,4.328945558250228871e-03
1.984238268000000083e-01,4.328655035260100224e-03
1.984762509000000119e-01,4.328170881634047125e-03
1.985076987999999931e-01,4.327880420269860674e-03
1.985391417000000047e-01,4.327589982011379073e-03
1.985496216000000036e-01,4.327493174392899392e-03
1.985915353999999911e-01,4.327105969587996190e-03
1.987067530000000137e-01,4.326041368112042672e-03
1.987276944999999961e-01,4.325847837566347727e-03
1.988009722999999895e-01,4.325170561471302320e-03
1.988846853000000026e-01,4.324396685555211874e-03
1.988951469999999944e-01,4.324299962606951812e-03
1.989160685999999956e-01,4.324106524403451522e-03
1.989265286000000132e-01,4.324009809148145374e-03
1.989579052999999875e-01,4.323719678767376680e-03
1.990520057000000065e-01,4.322849426071236588e-03
1.990624585000000113e-01,4.322752744144606196e-03
1.990833626000000078e-01,4.322559387980992943e-03
1.991356132000000057e-01,4.322076042423780851e-03
1.991460616000000072e-01,4.321979381000469987e-03
1.991774037000000053e-01,4.321689412106125353e-03
1.992087408999999865e-01,4.321399466272908378e-03
1.992505160999999969e-01,4.321012907697687790e-03
1.992922826000000092e-01,4.320626390111420752e-03
1.993444783999999970e-01,4.320143300761523572e-03
1.993862251999999891e-01,4.319756875381942397e-03
1.993966604999999892e-01,4.319660275439216046e-03
1.994175294999999959e-01,4.319467083235831867e-03
1.995114131000000068e-01,4.318597845059465520e-03
1.995844031000000018e-01,4.317921914277498066e-03
1.996365224999999965e-01,4.317439183357180306e-03
1.996469448000000035e-01,4.317342644850296479e-03
1.997303031999999867e-01,4.316570428907142917e-03
1.998032133000000043e-01,4.315894874265537376e-03
1.998136268000000049e-01,4.315798376690912000e-03
1.998865065000000052e-01,4.315122965277878690e-03
1.998969157000000108e-01,4.315026488162096267e-03
1.999177325000000005e-01,4.314833541601337252e-03
1.999281401000000125e-01,4.314737072156358058e-03
1.999593595999999973e-01,4.314447679161423181e-03
1.999801699000000044e-01,4.314254763281003512e-03
2.000113813000000129e-01,4.313965408632916033e-03
2.000425878000000046e-01,4.313676076990138886e-03
2.000841888999999874e-01,4.313290337248855584e-03
2.000945879000000094e-01,4.313193908702858508e-03
2.001465743999999991e-01,4.312711804303544227e-03
2.001777597999999936e-01,4.312422572326101225e-03
2.002297248000000085e-01,4.311940570127799355e-03
2.002920649000000108e-01,4.311362251787983699e-03
2.003855387000000043e-01,4.310494946671773742e-03
2.003959220000000041e-01,4.310398592204442610e-03
2.004270686999999884e-01,4.310109544121926671e-03
2.004685900000000021e-01,4.309724182420879637e-03
2.005101026999999980e-01,4.309338861563687811e-03
2.005516069000000123e-01,4.308953581545432385e-03
2.005827293000000122e-01,4.308664648329095515e-03
2.006345894000000074e-01,4.308183144005745847e-03
2.006760676999999882e-01,4.307797986474300178e-03
2.007071709000000093e-01,4.307509145113761449e-03
2.007486343000000062e-01,4.307124059012765009e-03
2.007589988000000047e-01,4.307027793864274395e-03
2.008004515000000045e-01,4.306642758775553088e-03
2.008833311999999871e-01,4.305872811006074448e-03
2.008936887999999976e-01,4.305776579009140854e-03
2.009144022999999890e-01,4.305584122663861160e-03
2.009247581999999976e-01,4.305487898315325974e-03
2.009558228999999974e-01,4.305199240565667218e-03
2.011317653999999955e-01,4.303563946605413679e-03
2.011421102000000016e-01,4.303467775776980038e-03
2.011731412999999968e-01,4.303179278577495999e-03
2.012558674999999908e-01,4.302410064796234786e-03
2.012868810000000008e-01,4.302121651653743016e-03
2.013075541000000079e-01,4.301929388958884541e-03
2.013798931000000125e-01,4.301256549736993604e-03
2.014108874999999965e-01,4.300968228261051185e-03
2.014212180000000130e-01,4.300872126194199910e-03
2.014728621999999914e-01,4.300391654041928885e-03
2.015348177000000074e-01,4.299815171451786162e-03
2.015761108999999940e-01,4.299430900622093314e-03
2.016277153999999905e-01,4.298950619335072110e-03
2.016380346999999962e-01,4.298854570710225129e-03
2.016689895000000066e-01,4.298566440099731156e-03
2.017205703000000128e-01,4.298086273290420249e-03
2.017515123999999993e-01,4.297798203726225369e-03
2.018649262999999972e-01,4.296742144466444112e-03
2.019164569999999936e-01,4.296262219229550657e-03
2.019473690999999960e-01,4.295974294591312428e-03
2.019576721000000130e-01,4.295878324795416627e-03
2.019679745000000082e-01,4.295782357541150925e-03
2.019988788000000035e-01,4.295494471027621816e-03
2.020297782000000097e-01,4.295206607385835401e-03
2.020400770000000124e-01,4.295110657920842359e-03
2.020503753000000013e-01,4.295014710997028390e-03
2.021224483999999877e-01,4.294343153671759290e-03
2.021327424999999900e-01,4.294247227073436611e-03
2.022150761000000019e-01,4.293479905730736290e-03
2.022459424999999977e-01,4.293192202134531697e-03
2.022768043000000016e-01,4.292904521393999320e-03
2.022870904999999886e-01,4.292808632892303189e-03
2.023282301000000061e-01,4.292425104276755519e-03
2.023693612999999947e-01,4.292041616283184119e-03
2.024618760000000128e-01,4.291178916795963458e-03
2.025338026999999874e-01,4.290508070429652730e-03
2.025646205999999949e-01,4.290220602905587405e-03
2.026057038000000088e-01,4.289837348392552992e-03
2.026159733000000018e-01,4.289741541106453608e-03
2.026262423000000090e-01,4.289645736357115824e-03
2.026878453000000024e-01,4.289070961127937516e-03
2.026981106000000088e-01,4.288975174133374813e-03
2.027083755000000098e-01,4.288879389675102731e-03
2.027802146999999888e-01,4.288208969471121387e-03
2.027904752999999949e-01,4.288113205298655327e-03
2.028930535000000035e-01,4.287155703011187417e-03
2.029033084000000098e-01,4.287059966724148831e-03
2.029340702000000107e-01,4.286772773070590507e-03
2.029545755000000118e-01,4.286581323306731459e-03
2.029853295000000057e-01,4.286294167666911126e-03
2.030570707000000086e-01,4.285624226525893560e-03
2.031185430000000125e-01,4.285050090066602931e-03
2.032004772000000070e-01,4.284284716630477365e-03
2.032311940000000039e-01,4.283997743377869136e-03
2.032619061000000005e-01,4.283710792914180963e-03
2.032721425000000026e-01,4.283615147823628504e-03
2.033642465000000121e-01,4.282754455930039110e-03
2.033949385000000110e-01,4.282467604195166859e-03
2.034358541000000076e-01,4.282085170647505386e-03
2.034460817000000032e-01,4.281989568587270083e-03
2.034767614000000113e-01,4.281702777589217052e-03
2.035176605000000027e-01,4.281320425015466315e-03
2.036096534000000069e-01,4.280460279720469698e-03
2.036403083999999974e-01,4.280173610151923741e-03
2.036913899999999999e-01,4.279695878118106901e-03
2.037118189999999884e-01,4.279504803005812832e-03
2.037220326999999997e-01,4.279409269242415333e-03
2.038037242999999887e-01,4.278645090153467348e-03
2.038445577000000120e-01,4.278263061279160596e-03
2.038547648000000045e-01,4.278167560379654392e-03
2.039159966999999907e-01,4.277594608056478447e-03
2.039670091000000129e-01,4.277117217279927108e-03
2.039976105000000095e-01,4.276830813134067585e-03
2.040078099000000034e-01,4.276735350138237239e-03
2.040384051999999948e-01,4.276448976308462428e-03
2.040893870999999915e-01,4.275971737112620012e-03
2.041607403000000043e-01,4.275303708315325926e-03
2.041811223999999980e-01,4.275112865672383786e-03
2.042524434999999916e-01,4.274444995955218110e-03
2.042626302999999977e-01,4.274349596094219328e-03
2.043441055999999922e-01,4.273586488077312298e-03
2.043644693999999984e-01,4.273395736312498965e-03
2.043746505000000047e-01,4.273300364215574208e-03
2.044255486000000066e-01,4.272823541582892494e-03
2.044560813000000088e-01,4.272537478281776026e-03
2.044866094999999995e-01,4.272251437687367599e-03
2.044967845000000006e-01,4.272156095867937764e-03
2.045374795999999884e-01,4.271774753816459658e-03
2.045781665999999999e-01,4.271393452122146210e-03
2.046188455000000073e-01,4.271012190780418619e-03
2.046493494000000135e-01,4.270726271252513369e-03
2.047001790999999904e-01,4.270249789134950361e-03
2.048221189999999969e-01,4.269106489188351228e-03
2.048322773000000041e-01,4.269011230575864464e-03
2.048525925999999941e-01,4.268820720911383100e-03
2.048627494999999965e-01,4.268725469859097066e-03
2.048932169999999886e-01,4.268439731821167642e-03
2.049135262000000013e-01,4.268249252394429143e-03
2.049439862000000112e-01,4.267963552150440439e-03
2.050150420000000084e-01,4.267297006419402960e-03
2.051570798000000029e-01,4.265964285187964083e-03
2.051773628000000127e-01,4.265773936728300443e-03
2.052280618000000001e-01,4.265298109635233884e-03
2.052686119000000087e-01,4.264917493269857265e-03
2.053192883000000135e-01,4.264441779441806128e-03
2.053395553000000040e-01,4.264251511526311045e-03
2.053496881000000107e-01,4.264156381343087165e-03
2.054003444999999983e-01,4.263680768169283986e-03
2.054307323000000018e-01,4.263395430455882429e-03
2.054611157000000021e-01,4.263110115383199165e-03
2.054712424000000037e-01,4.263015015389827640e-03
2.055623609999999990e-01,4.262159228630737345e-03
2.056332030999999949e-01,4.261493757529899798e-03
2.056433213999999954e-01,4.261398700286730089e-03
2.057141355999999865e-01,4.260733369974050583e-03
2.057242499999999974e-01,4.260638332841344515e-03
2.057950363000000116e-01,4.259973143282707111e-03
2.058253659000000013e-01,4.259688099738420837e-03
2.058354746999999929e-01,4.259593090248948825e-03
2.059466395000000005e-01,4.258548151680723558e-03
2.059567424000000035e-01,4.258453172337394940e-03
2.059870480999999864e-01,4.258168249377351777e-03
2.060375477999999982e-01,4.257693428005573585e-03
2.060476461999999898e-01,4.257598471264647556e-03
2.060779386000000102e-01,4.257313616107934184e-03
2.061284160000000087e-01,4.256838907727647156e-03
2.061889725999999923e-01,4.256269340513495897e-03
2.061990636000000099e-01,4.256174421429583660e-03
2.062797741000000074e-01,4.255415159107751519e-03
2.062898606999999940e-01,4.255320262609898173e-03
2.063100324000000096e-01,4.255130477141837522e-03
2.063201175000000109e-01,4.255035588171339651e-03
2.064007806000000000e-01,4.254276566723233857e-03
2.064310212000000089e-01,4.253991975070054582e-03
2.064511790999999929e-01,4.253802259841906776e-03
2.064713350000000058e-01,4.253612554645683046e-03
2.065217162999999911e-01,4.253138335540567611e-03
2.065317911000000006e-01,4.253043499242133499e-03
2.065620123999999946e-01,4.252759005390645448e-03
2.065922293999999937e-01,4.252474534103375253e-03
2.066828537000000021e-01,4.251621255606305785e-03
2.067633754000000046e-01,4.250862956256207248e-03
2.068338060999999894e-01,4.250199575870924375e-03
2.068539246999999970e-01,4.250010061164857279e-03
2.068840989999999880e-01,4.249725807892691318e-03
2.069243245999999870e-01,4.249346838595375632e-03
2.070449544000000086e-01,4.248210171107093432e-03
2.070851486999999991e-01,4.247831362062800403e-03
2.070951960999999897e-01,4.247736666059960010e-03
2.071253352999999908e-01,4.247452593069737936e-03
2.071554700000000082e-01,4.247168542605393726e-03
2.071655139999999951e-01,4.247073864122797270e-03
2.072458480999999908e-01,4.246316526348571478e-03
2.072558875999999939e-01,4.246221870386405854e-03
2.072759653000000035e-01,4.246032565968016655e-03
2.073361867000000081e-01,4.245464712752541891e-03
2.073662907999999916e-01,4.245180819913392696e-03
2.074064228999999981e-01,4.244802331142887193e-03
2.074866636999999903e-01,4.244045473633937735e-03
2.076069667000000063e-01,4.242910487379274870e-03
2.076470522999999957e-01,4.242532238610850076e-03
2.077171832999999967e-01,4.241870399473141214e-03
2.077272001000000090e-01,4.241775861019260810e-03
2.077372164000000077e-01,4.241681325063674513e-03
2.077572476000000001e-01,4.241492260647435411e-03
2.077973040999999965e-01,4.241114161791928634e-03
2.078073169999999914e-01,4.241019643322672429e-03
2.078173295000000087e-01,4.240925127351483082e-03
2.078974117000000066e-01,4.240169089490923582e-03
2.079174273999999933e-01,4.239980104997934790e-03
2.079774630000000013e-01,4.239413211443225811e-03
2.080074742999999948e-01,4.239129798369284212e-03
2.080374812999999934e-01,4.238846407761674359e-03
2.080774838999999987e-01,4.238468588562117022e-03
2.080874832999999868e-01,4.238374140001648777e-03
2.081174788000000053e-01,4.238090809294047488e-03
2.081674615999999922e-01,4.237618641355436061e-03
2.082174324000000132e-01,4.237146535792967947e-03
2.082374174000000133e-01,4.236957711031127602e-03
2.082474091000000027e-01,4.236863302391972140e-03
2.082973607999999976e-01,4.236391296611613684e-03
2.083273260000000071e-01,4.236108123072688039e-03
2.083672729000000112e-01,4.235730593267583548e-03
2.083972280999999982e-01,4.235447472096227385e-03
2.084371616000000038e-01,4.235070012106946155e-03
2.084471438000000121e-01,4.234975653342345700e-03
2.084870678000000088e-01,4.234598243212655752e-03
2.085170057999999882e-01,4.234315211788320168e-03
2.085668927999999867e-01,4.233843542594597879e-03
2.086067939000000038e-01,4.233466252096871989e-03
2.086965433000000092e-01,4.232617494235698524e-03
2.087164823999999863e-01,4.232428908781078053e-03
2.087264513000000044e-01,4.232334619790385603e-03
2.087762883000000014e-01,4.231863212197008867e-03
2.088061847999999887e-01,4.231580397526913707e-03
2.088759266000000114e-01,4.230920583784525922e-03
2.088858878000000030e-01,4.230826334637883407e-03
2.089257278999999967e-01,4.230449362946809601e-03
2.089356867999999923e-01,4.230355126247577376e-03
2.089954299000000015e-01,4.229789758323625540e-03
2.090153405000000075e-01,4.229601322260118264e-03
2.090452027999999962e-01,4.229318686829585533e-03
2.090750607999999899e-01,4.229036073794700638e-03
2.091546613999999971e-01,4.228282548510562365e-03
2.091646092999999984e-01,4.228188369045016680e-03
2.092043963999999923e-01,4.227811676057328764e-03
2.092541195000000021e-01,4.227340865784442840e-03
2.092839478000000086e-01,4.227058409463585985e-03
2.093237121000000034e-01,4.226681835847904273e-03
2.093336520000000089e-01,4.226587698660039943e-03
2.093535303999999875e-01,4.226399431742919668e-03
2.094032181999999909e-01,4.225928807955489294e-03
2.094926263999999927e-01,4.225081841731834729e-03
2.095124896999999986e-01,4.224893654352823193e-03
2.095621397999999913e-01,4.224423229390030995e-03
2.096514802999999982e-01,4.223576620975044542e-03
2.096812520000000124e-01,4.223294462882000791e-03
2.097110194000000039e-01,4.223012327141460569e-03
2.097606224999999935e-01,4.222542150574186935e-03
2.097903787000000020e-01,4.222260074430605158e-03
2.098300471000000000e-01,4.221884007664771128e-03
2.098796219999999879e-01,4.221413980062880926e-03
2.099192735000000032e-01,4.221038002660069954e-03
2.099688274000000021e-01,4.220568086746991597e-03
2.099985541000000122e-01,4.220286166977082511e-03
2.100282766000000079e-01,4.220004269538092656e-03
2.100381832000000060e-01,4.219910308687228884e-03
2.101174188000000109e-01,4.219158711186923351e-03
2.101273211999999946e-01,4.219064772661772038e-03
2.101570255000000109e-01,4.218782971967103938e-03
2.102065233000000033e-01,4.218313353742181825e-03
2.102758006999999874e-01,4.217655992370644702e-03
2.103054839999999870e-01,4.217374303256851351e-03
2.103153775000000114e-01,4.217280411843458976e-03
2.103648379999999984e-01,4.216810991957560019e-03
2.104439506999999931e-01,4.216060049015882272e-03
2.104736103000000025e-01,4.215778486299444176e-03
2.105823263999999917e-01,4.214746280434609679e-03
2.105922068999999952e-01,4.214652458400154796e-03
2.106020869000000129e-01,4.214558638842283954e-03
2.106218455999999961e-01,4.214371007156784456e-03
2.106811104999999906e-01,4.213808171533942742e-03
2.107502319000000013e-01,4.213151642633570539e-03
2.107601044999999895e-01,4.213057862693403779e-03
2.107798483999999972e-01,4.212870310239446615e-03
2.108390689000000096e-01,4.212307712282564731e-03
2.108686728999999982e-01,4.212026446715747517e-03
2.109180036999999952e-01,4.211557720263039636e-03
2.109475966000000091e-01,4.211276514083149222e-03
2.110264907999999939e-01,4.210526739789421588e-03
2.110659267999999977e-01,4.210151912007628790e-03
2.110757846999999909e-01,4.210058211245329418e-03
2.110954989999999920e-01,4.209870817139704097e-03
2.111053555000000082e-01,4.209777123796233297e-03
2.112925411999999892e-01,4.207997420028606293e-03
2.113023884999999935e-01,4.207903776128108647e-03
2.113122353000000120e-01,4.207810134698916280e-03
2.113417730999999911e-01,4.207529225238956609e-03
2.113811502999999870e-01,4.207154713886527425e-03
2.115385858000000119e-01,4.205657063751310452e-03
2.115680920000000131e-01,4.205376324743189190e-03
2.116074270999999951e-01,4.205002040635828255e-03
2.116270919000000084e-01,4.204814913396708390e-03
2.116565857000000106e-01,4.204534241054706800e-03
2.116860752999999984e-01,4.204253590930678332e-03
2.116959042999999874e-01,4.204160045826421839e-03
2.117253885000000002e-01,4.203879425323438571e-03
2.117745196999999968e-01,4.203411773847278571e-03
2.117843446000000074e-01,4.203318250955698221e-03
2.118138165000000017e-01,4.203037697086994644e-03
2.118432842999999899e-01,4.202757165425535790e-03
2.118629271999999952e-01,4.202570156654430837e-03
2.118923880999999954e-01,4.202289662000682248e-03
2.120396314999999920e-01,4.200887521722702737e-03
2.120494441000000119e-01,4.200794065433169182e-03
2.120886898999999881e-01,4.200420264931215703e-03
2.121573525999999876e-01,4.199766208967764709e-03
2.121671598000000047e-01,4.199672782261806327e-03
2.121769665000000082e-01,4.199579358020608978e-03
2.121965785000000104e-01,4.199392516932126153e-03
2.122456006000000006e-01,4.198925457340020075e-03
2.122554037000000116e-01,4.198832052814572592e-03
2.122848102000000070e-01,4.198551854022781332e-03
2.123142125999999963e-01,4.198271677406028787e-03
2.123338119000000024e-01,4.198084905313463448e-03
2.123632075000000119e-01,4.197804765651164290e-03
2.124023953999999992e-01,4.197431280587522566e-03
2.124415759999999931e-01,4.197057834932307885e-03
2.125101246999999971e-01,4.196404399847706961e-03
2.125199154999999895e-01,4.196311061827869525e-03
2.125688631000000051e-01,4.195844408659522677e-03
2.125982261999999900e-01,4.195564446300120709e-03
2.126373706999999946e-01,4.195191197615486499e-03
2.127254195999999931e-01,4.194351532050773906e-03
2.127547610999999950e-01,4.194071687822157474e-03
2.127840984999999907e-01,4.193791865736610537e-03
2.128036546000000029e-01,4.193605329980535507e-03
2.128623119999999980e-01,4.193045781749097159e-03
2.128720866999999906e-01,4.192952532319522453e-03
2.128818608999999973e-01,4.192859285349127309e-03
2.129502678000000093e-01,4.192206625415774261e-03
2.129600385000000040e-01,4.192113398118612645e-03
2.129795784000000081e-01,4.191926950900464605e-03
2.130674858000000116e-01,4.191088060113042080e-03
2.131358331000000050e-01,4.190435727150023520e-03
2.131455952999999903e-01,4.190342546557460426e-03
2.132724621000000043e-01,4.189131422445796678e-03
2.133017284000000013e-01,4.188851991226407757e-03
2.133407438000000100e-01,4.188479450653513798e-03
2.134285025000000058e-01,4.187641378028206587e-03
2.134577473000000003e-01,4.187362064683259645e-03
2.134869882000000052e-01,4.187082773433600975e-03
2.134967342000000101e-01,4.186989681259943759e-03
2.135064798999999902e-01,4.186896591541302767e-03
2.135357139999999876e-01,4.186617337112204587e-03
2.135649441999999953e-01,4.186338104773209591e-03
2.135746866999999882e-01,4.186245032235349703e-03
2.136039116000000015e-01,4.185965829346423826e-03
2.136623492999999985e-01,4.185407489821824957e-03
2.136915621000000098e-01,4.185128353182188989e-03
2.137597099000000112e-01,4.184477120216635940e-03
2.137986417999999944e-01,4.184105041055210042e-03
2.138083735999999901e-01,4.184012027395912769e-03
2.138862125000000058e-01,4.183268006401411922e-03
2.139153947999999916e-01,4.182989038984621759e-03
2.139737473999999973e-01,4.182431170340592669e-03
2.140418054000000070e-01,4.181780435113111732e-03
2.140709664000000068e-01,4.181501585347110854e-03
2.141098416999999976e-01,4.181129819964195075e-03
2.141875709999999933e-01,4.180386406796320065e-03
2.141972852000000038e-01,4.180293491173774252e-03
2.142069989000000008e-01,4.180200578000481046e-03
2.142361375000000068e-01,4.179921853176659166e-03
2.142846929999999983e-01,4.179457360784706067e-03
2.143526521999999934e-01,4.178807174280818604e-03
2.143623588999999940e-01,4.178714300288054011e-03
2.143914764000000028e-01,4.178435692998351721e-03
2.144205899000000137e-01,4.178157107739818854e-03
2.144399966999999962e-01,4.177971396472793773e-03
2.145079067000000006e-01,4.177321484132382086e-03
2.145467027999999887e-01,4.176950159488565170e-03
2.145854918000000000e-01,4.176578873992729118e-03
2.146242738999999955e-01,4.176207627640218800e-03
2.146533558000000008e-01,4.175929218560452821e-03
2.146727415999999944e-01,4.175743624737223748e-03
2.147308883999999862e-01,4.175186901964012161e-03
2.148180791000000034e-01,4.174351982859802850e-03
2.148277647000000068e-01,4.174259226294790674e-03
2.148568191000000127e-01,4.173980971267202827e-03
2.148955522000000062e-01,4.173609998784965323e-03
2.149342783000000034e-01,4.173239065408168059e-03
2.149729974000000043e-01,4.172868171132050087e-03
2.149826760999999919e-01,4.172775453671914367e-03
2.150020321999999984e-01,4.172590026082137644e-03
2.150504146999999977e-01,4.172126499863369406e-03
2.150600899000000010e-01,4.172033801948651054e-03
2.150891128999999902e-01,4.171755722861279596e-03
2.151664885000000027e-01,4.171014286098263801e-03
2.152438362000000105e-01,4.170273005625115340e-03
2.152921644000000134e-01,4.169809784678699636e-03
2.153114925999999874e-01,4.169624513388140406e-03
2.153211560999999941e-01,4.169531881404416225e-03
2.153694670000000089e-01,4.169068758096575698e-03
2.153984482999999894e-01,4.168790913398403263e-03
2.154274257000000081e-01,4.168513090662537800e-03
2.154660562000000057e-01,4.168142694508332469e-03
2.155143344999999877e-01,4.167679754209459297e-03
2.155239888999999909e-01,4.167587173468077950e-03
2.155819060999999981e-01,4.167031740243199930e-03
2.155915575000000028e-01,4.166939176575552503e-03
2.156012083999999940e-01,4.166846615346655666e-03
2.156301585000000021e-01,4.166568946291911851e-03
2.156687526999999938e-01,4.166198755024423488e-03
2.157459203000000048e-01,4.165458489518829473e-03
2.157748510999999980e-01,4.165180930177043994e-03
2.158327009000000074e-01,4.164625877301186482e-03
2.158616201000000123e-01,4.164348383763432498e-03
2.159290829000000134e-01,4.163700984123933600e-03
2.160157899000000048e-01,4.162868788563939965e-03
2.160446845000000005e-01,4.162591433886642968e-03
2.160928336000000061e-01,4.162129224797331446e-03
2.161313451999999913e-01,4.161759501356110391e-03
2.162179710999999893e-01,4.160927766035037514e-03
2.162372166000000040e-01,4.160742962739910622e-03
2.162468386999999992e-01,4.160650564743152528e-03
2.162757023999999917e-01,4.160373385355484697e-03
2.162853228000000128e-01,4.160280997093586224e-03
2.163238000999999910e-01,4.159911468380257833e-03
2.163718870000000127e-01,4.159449612235398622e-03
2.163911188000000041e-01,4.159264886807993548e-03
2.164391907999999864e-01,4.158803115810509599e-03
2.164488039999999947e-01,4.158710768908563914e-03
2.164776408000000096e-01,4.158433742795272781e-03
2.165449117000000090e-01,4.157787433649580248e-03
2.165833429000000032e-01,4.157418167633044996e-03
2.165929496000000010e-01,4.157325857207294639e-03
2.166697880000000020e-01,4.156587461316568928e-03
2.166793908999999907e-01,4.156495172768728645e-03
2.167081969999999913e-01,4.156218321707609922e-03
2.167561987000000134e-01,4.155756951877523017e-03
2.168137867000000107e-01,4.155203388268088362e-03
2.168521701999999995e-01,4.154834394452532748e-03
2.168905469000000086e-01,4.154465439504068970e-03
2.169097326999999964e-01,4.154280976603616331e-03
2.169864589999999926e-01,4.153543222145906696e-03
2.170152243000000036e-01,4.153266604291014873e-03
2.170535721999999890e-01,4.152897814475779367e-03
2.170631580999999866e-01,4.152805623091211304e-03
2.171302475999999926e-01,4.152160351367841298e-03
2.171589939999999941e-01,4.151883842751288335e-03
2.171973164000000067e-01,4.151515198571142755e-03
2.172164752000000087e-01,4.151330891040962319e-03
2.172739411000000065e-01,4.150778026681659419e-03
2.172835173000000064e-01,4.150685891113082941e-03
2.173122433999999936e-01,4.150409498962863084e-03
2.173218178999999917e-01,4.150317373097451960e-03
2.173601115999999889e-01,4.149948893891422345e-03
2.173983986999999951e-01,4.149580453490663359e-03
2.174749525000000128e-01,4.148843689085838886e-03
2.175036532999999883e-01,4.148567442439474520e-03
2.175132193000000047e-01,4.148475365072414565e-03
2.175992951000000064e-01,4.147646777848425052e-03
2.176184184000000132e-01,4.147462674014394841e-03
2.176757782000000030e-01,4.146910420670592290e-03
2.177331230000000006e-01,4.146358254551928309e-03
2.177426789999999945e-01,4.146266235344588449e-03
2.178191117999999926e-01,4.145530168886091445e-03
2.178286640000000052e-01,4.145438171477720465e-03
2.178573182000000108e-01,4.145162193782889019e-03
2.179241631999999929e-01,4.144518330578325811e-03
2.179337108000000134e-01,4.144426359805161893e-03
2.179718971000000061e-01,4.144058500921343410e-03
2.180482495000000132e-01,4.143322899340247736e-03
2.180577917000000032e-01,4.143230960033742090e-03
2.180768747999999868e-01,4.143047088680565891e-03
2.181150360000000121e-01,4.142679375011905883e-03
2.181341140999999983e-01,4.142495532695343076e-03
2.181627281999999890e-01,4.142219787365967500e-03
2.182008742999999862e-01,4.141852160794872763e-03
2.182294795999999981e-01,4.141576466265480330e-03
2.182771467000000076e-01,4.141117023755819075e-03
2.182866789000000030e-01,4.141025142509271312e-03
2.183152728999999959e-01,4.140749513278482209e-03
2.183629213000000124e-01,4.140290179587005452e-03
2.183915053000000106e-01,4.140014608384669920e-03
2.184200856000000079e-01,4.139739058939486890e-03
2.184296115999999899e-01,4.139647213959018676e-03
2.184391371000000137e-01,4.139555371395590121e-03
2.185153263000000068e-01,4.138820717897776467e-03
2.185914888999999917e-01,4.138086219056377225e-03
2.186200430999999944e-01,4.137810821855682046e-03
2.186581095000000030e-01,4.137443659407573880e-03
2.186866548999999993e-01,4.137168312933438806e-03
2.186961692999999929e-01,4.137076535606049911e-03
2.187342224000000113e-01,4.136709450446473223e-03
2.187437346999999976e-01,4.136617685193881219e-03
2.188483421999999901e-01,4.135608426773510447e-03
2.188863688999999890e-01,4.135241496135558421e-03
2.189528997000000088e-01,4.134599460442618148e-03
2.189624024000000058e-01,4.134507750711067901e-03
2.190004093000000041e-01,4.134140935915374404e-03
2.190479086000000075e-01,4.133682471708182565e-03
2.191238862000000065e-01,4.132949054419987091e-03
2.191428763999999918e-01,4.132765724217767403e-03
2.191903449000000004e-01,4.132307440916336422e-03
2.192283121999999973e-01,4.131940857679677892e-03
2.192567834999999965e-01,4.131665945569004683e-03
2.192757622000000017e-01,4.131482682882539267e-03
2.193326885999999920e-01,4.130932952677975924e-03
2.193801159999999861e-01,4.130474910457104104e-03
2.194275330999999885e-01,4.130016928483582796e-03
2.195318148000000025e-01,4.129009580168693794e-03
2.195602466000000086e-01,4.128734899397568797e-03
2.195981499999999920e-01,4.128368692088442427e-03
2.196455200999999913e-01,4.127910987136698164e-03
2.196834088000000074e-01,4.127544866517479649e-03
2.197118210000000016e-01,4.127270301332913206e-03
2.197212909000000047e-01,4.127178784419450845e-03
2.197307604000000025e-01,4.127087269913466347e-03
2.198727543000000006e-01,4.125714841148093830e-03
2.198822172999999880e-01,4.125623365148790682e-03
2.199106037999999930e-01,4.125348951587106891e-03
2.199389867000000054e-01,4.125074559678039432e-03
2.199579066000000027e-01,4.124891643766866525e-03
2.199862834000000100e-01,4.124617287941077792e-03
2.200241133999999987e-01,4.124251513846689809e-03
2.200524815999999884e-01,4.123977208528331780e-03
2.201092071000000094e-01,4.123428662818440053e-03
2.201375644000000131e-01,4.123154422422793328e-03
2.201848184000000097e-01,4.122697403177935302e-03
2.202509568999999889e-01,4.122057677190297045e-03
2.203170755999999952e-01,4.121418068961545632e-03
2.203265195999999926e-01,4.121326705969183962e-03
2.203548489000000110e-01,4.121052631407053427e-03
2.204020563000000099e-01,4.120595888518228077e-03
2.204114964999999982e-01,4.120504547146963681e-03
2.204398149000000029e-01,4.120230537445083129e-03
2.204681296999999873e-01,4.119956549359522421e-03
2.204775670999999937e-01,4.119865224800811111e-03
2.205530521000000077e-01,4.119134714779777023e-03
2.206379417999999870e-01,4.118313074675424013e-03
2.206568017999999964e-01,4.118130514390593716e-03
2.206662310999999987e-01,4.118039237848221575e-03
2.207039446000000071e-01,4.117674155679366954e-03
2.207416516000000051e-01,4.117309111906836648e-03
2.207793520999999926e-01,4.116944106525848024e-03
2.207887762999999892e-01,4.116852861178982130e-03
2.208076233000000055e-01,4.116670377682047320e-03
2.208170462999999861e-01,4.116579139532377390e-03
2.208453126000000100e-01,4.116305439475716026e-03
2.208641548999999982e-01,4.116122984765114776e-03
2.209206720000000124e-01,4.115575678195809196e-03
2.209300901000000039e-01,4.115484468828209744e-03
2.210054204999999938e-01,4.114754880209913618e-03
2.210148349999999928e-01,4.114663692421927262e-03
2.210807251999999945e-01,4.114025445029505755e-03
2.211465958000000120e-01,4.113387315084766904e-03
2.211654124000000110e-01,4.113205013811913405e-03
2.212406625999999987e-01,4.112475904564582944e-03
2.212594712000000019e-01,4.112293651210818281e-03
2.212688748999999955e-01,4.112202528127349710e-03
2.213440899999999933e-01,4.111473629689108185e-03
2.213816879000000126e-01,4.111109237949193279e-03
2.214568647000000057e-01,4.110380569405145713e-03
2.214944434999999989e-01,4.110016292591707129e-03
2.215414081000000035e-01,4.109561000433113905e-03
2.216071417000000099e-01,4.108923691930057090e-03
2.216728558999999932e-01,4.108286500677274869e-03
2.216822421000000098e-01,4.108195482925567840e-03
2.216916278000000129e-01,4.108104467565965555e-03
2.217103981000000112e-01,4.107922444023404812e-03
2.217197827000000065e-01,4.107831435840421201e-03
2.217573169000000011e-01,4.107467427027124661e-03
2.217948448000000017e-01,4.107103456481230389e-03
2.218417457999999898e-01,4.106648547105341135e-03
2.218605033999999920e-01,4.106466600092943675e-03
2.219073904999999958e-01,4.106011774401611102e-03
2.219167666999999899e-01,4.105920816435361040e-03
2.219730156999999982e-01,4.105375118835317104e-03
2.220479922999999967e-01,4.104647655875864366e-03
2.220573626000000023e-01,4.104556733759384506e-03
2.221416773999999872e-01,4.103738542225647198e-03
2.221604097000000055e-01,4.103556748163010234e-03
2.221697752000000026e-01,4.103465854714592222e-03
2.222165969999999879e-01,4.103011423299733097e-03
2.223102110999999881e-01,4.102102739575438049e-03
2.223570032999999946e-01,4.101648487247775386e-03
2.223663606000000070e-01,4.101557643943902140e-03
2.223944300000000041e-01,4.101285128354214063e-03
2.224318503999999919e-01,4.100921807649827652e-03
2.224412045999999976e-01,4.100830983440484183e-03
2.225066723999999940e-01,4.100195280790637324e-03
2.225160234000000126e-01,4.100104475671001100e-03
2.225814691999999928e-01,4.099468906633295558e-03
2.225908169999999964e-01,4.099378120598531038e-03
2.226095114999999958e-01,4.099196555685265426e-03
2.226188581000000111e-01,4.099105776806246521e-03
2.226468957000000137e-01,4.098833454479792852e-03
2.226936171999999992e-01,4.098379631632732313e-03
2.227216454000000012e-01,4.098107366539480330e-03
2.227683511999999921e-01,4.097653639069425563e-03
2.228150472000000049e-01,4.097199971198326775e-03
2.228430601999999983e-01,4.096927799079573551e-03
2.228710694999999908e-01,4.096655648411131473e-03
2.229177441000000093e-01,4.096202111626568408e-03
2.229457441000000095e-01,4.095930018150067617e-03
2.229550765999999962e-01,4.095839325089695171e-03
2.230297230000000130e-01,4.095113866373020252e-03
2.230577089999999929e-01,4.094841858658733631e-03
2.231136703000000110e-01,4.094297907534521705e-03
2.231416458000000103e-01,4.094025964121413182e-03
2.231789409000000113e-01,4.093663406238793462e-03
2.232069080999999899e-01,4.093391512825413255e-03
2.232628321000000027e-01,4.092847790273090175e-03
2.232907888000000007e-01,4.092575961130060294e-03
2.233373755999999988e-01,4.092122960156748500e-03
2.233560075999999894e-01,4.091941776424972040e-03
2.234863880000000080e-01,4.090673756769732348e-03
2.235050075999999997e-01,4.090492649164566979e-03
2.235143168000000014e-01,4.090402098929483456e-03
2.235608570000000017e-01,4.089949383426086729e-03
2.235887763999999944e-01,4.089677782659123170e-03
2.236259969999999930e-01,4.089315681590382709e-03
2.236539083000000094e-01,4.089044130751376752e-03
2.237004194999999973e-01,4.088591593562337229e-03
2.238120067999999907e-01,4.087505746726217276e-03
2.238491901999999922e-01,4.087143873817314192e-03
2.239235384999999912e-01,4.086420242027264879e-03
2.239328302999999964e-01,4.086329798742218723e-03
2.239607033999999885e-01,4.086058483136950636e-03
2.240071507999999989e-01,4.085606337956669033e-03
2.240628751000000030e-01,4.085063842096690878e-03
2.241093013000000078e-01,4.084611827499716463e-03
2.241464354000000103e-01,4.084250258548724304e-03
2.241557180000000038e-01,4.084159872244547823e-03
2.241835634000000077e-01,4.083888727571854255e-03
2.242578007999999901e-01,4.083165779522520897e-03
2.243691109000000017e-01,4.082081642140967560e-03
2.243969298000000057e-01,4.081810661163049608e-03
2.244062019999999991e-01,4.081720338913349261e-03
2.244340163000000110e-01,4.081449386392677417e-03
2.244432869000000108e-01,4.081359073628117173e-03
2.244525572000000135e-01,4.081268763234742643e-03
2.244803657999999980e-01,4.080997846280689026e-03
2.245081708999999981e-01,4.080726950664022128e-03
2.245174384999999995e-01,4.080636656866474740e-03
2.245267056999999955e-01,4.080546365439323767e-03
2.245452390000000076e-01,4.080365789696545863e-03
2.246286198999999928e-01,4.079553316176912428e-03
2.246749292999999925e-01,4.079102024941684383e-03
2.246934503000000138e-01,4.078921525033254829e-03
2.247304878999999977e-01,4.078560553646227126e-03
2.247397462999999873e-01,4.078470316721879464e-03
2.248230551000000021e-01,4.077658290992026112e-03
2.248415639000000132e-01,4.077477866881487091e-03
2.248508177999999913e-01,4.077387658378483701e-03
2.249248349999999896e-01,4.076666075595535531e-03
2.249618344000000048e-01,4.076305341023926665e-03
2.249895799999999946e-01,4.076034814950248858e-03
2.250265689000000013e-01,4.075674146655524147e-03
2.250450609999999907e-01,4.075493826708022696e-03
2.251005282000000107e-01,4.074952923659045691e-03
2.251190143000000032e-01,4.074772641571910992e-03
2.251467404999999977e-01,4.074502236185428665e-03
2.251837034999999987e-01,4.074141728789793145e-03
2.251929433000000036e-01,4.074051607854653305e-03
2.252576112999999935e-01,4.073420827533978314e-03
2.252853204999999970e-01,4.073150528585163695e-03
2.252945560999999874e-01,4.073060433664741145e-03
2.253222606999999988e-01,4.072790163091071641e-03
2.253407286000000120e-01,4.072609994530588563e-03
2.253684274999999959e-01,4.072339759421049823e-03
2.254053541999999910e-01,4.071979479037633222e-03
2.254884169999999965e-01,4.071168986445184226e-03
2.255160978000000094e-01,4.070898864785510440e-03
2.255622248999999968e-01,4.070448709276034555e-03
2.256267871000000036e-01,4.069818590786301177e-03
2.256913308000000062e-01,4.069188588035236448e-03
2.257005498000000110e-01,4.069098597088862887e-03
2.257097684000000104e-01,4.069008608503761094e-03
2.257282046000000097e-01,4.068828638418034611e-03
2.257742883999999950e-01,4.068378754524067456e-03
2.257835039999999960e-01,4.068288784828087701e-03
2.258111486000000112e-01,4.068018889904904609e-03
2.258756396000000111e-01,4.067389217701922709e-03
2.259309029000000080e-01,4.066849590715730656e-03
2.259585295000000049e-01,4.066579809079053608e-03
2.260045663999999954e-01,4.066130220206768016e-03
2.260321838999999888e-01,4.065860495193008260e-03
2.260690022000000077e-01,4.065500894865766227e-03
2.261426206000000105e-01,4.064781807420194890e-03
2.261518211999999917e-01,4.064691932101463338e-03
2.262070170999999907e-01,4.064152729704263722e-03
2.262530033000000051e-01,4.063703459206482842e-03
2.262805905999999978e-01,4.063433925194869477e-03
2.263173683999999963e-01,4.063074579510198361e-03
2.264000965999999893e-01,4.062266189579958643e-03
2.264368549000000119e-01,4.061906966427161064e-03
2.264460436000000076e-01,4.061817166528684624e-03
2.264736073999999988e-01,4.061547780967332891e-03
2.265103538000000083e-01,4.061188633195376638e-03
2.265195395000000056e-01,4.061098852140558602e-03
2.265838287999999978e-01,4.060470450697412602e-03
2.266113757999999867e-01,4.060201171114477883e-03
2.266664597999999975e-01,4.059662675516734036e-03
2.266939967000000111e-01,4.059393459498088566e-03
2.267215303000000015e-01,4.059124264663704039e-03
2.267582365999999960e-01,4.058765371167790716e-03
2.267674121999999903e-01,4.058675653677212489e-03
2.268408040000000070e-01,4.057957998464215010e-03
2.268683197999999956e-01,4.057688916580501001e-03
2.268866618000000002e-01,4.057509540420326487e-03
2.269141719999999973e-01,4.057240493822441424e-03
2.269508470999999916e-01,4.056881797954619076e-03
2.270241795000000062e-01,4.056164519102148543e-03
2.270608369000000071e-01,4.055805936108755616e-03
2.270883260000000070e-01,4.055537023549183988e-03
2.270974883000000111e-01,4.055447390730966030e-03
2.271066502000000098e-01,4.055357760263450170e-03
2.271707733999999979e-01,4.054730412804860053e-03
2.271799324000000064e-01,4.054640801140449100e-03
2.272440349000000026e-01,4.054013585287738822e-03
2.272531909000000128e-01,4.053923992421794124e-03
2.272806568000000083e-01,4.053655227921185156e-03
2.273081193000000000e-01,4.053386484564005209e-03
2.273538827999999901e-01,4.052938625949483939e-03
2.273813365000000031e-01,4.052669938966190454e-03
2.274270852999999981e-01,4.052222174296861087e-03
2.274636777000000054e-01,4.051864004828794122e-03
2.274728249000000091e-01,4.051774468331663555e-03
2.274911181000000004e-01,4.051595402380673769e-03
2.275002641999999964e-01,4.051505872926827560e-03
2.275459891000000123e-01,4.051058260869822882e-03
2.276008468000000062e-01,4.050521203860083831e-03
2.276739698999999950e-01,4.049805259267084435e-03
2.276831085999999893e-01,4.049715776751696555e-03
2.276922469999999865e-01,4.049626296582797998e-03
2.277196599000000099e-01,4.049357870152194179e-03
2.277562052000000059e-01,4.049000001087122227e-03
2.277927448000000021e-01,4.048642169552471755e-03
2.278292784000000015e-01,4.048284375543106245e-03
2.279114577999999947e-01,4.047479476202439121e-03
2.279297157999999879e-01,4.047300635472775299e-03
2.279844812000000054e-01,4.046764169544881176e-03
2.280118590000000112e-01,4.046495968224353770e-03
2.280483574999999929e-01,4.046138399274289317e-03
2.280757276000000000e-01,4.045870247167682177e-03
2.281213370999999879e-01,4.045423373852439705e-03
2.281304578999999999e-01,4.045334006218128699e-03
2.282034112999999920e-01,4.044619149477043756e-03
2.282307627999999866e-01,4.044351116846989398e-03
2.282581110000000135e-01,4.044083105294971059e-03
2.283674710999999968e-01,4.043011269826785048e-03
2.284221314999999863e-01,4.042475478510186571e-03
2.284494568000000059e-01,4.042207614449656872e-03
2.284767789000000104e-01,4.041939771451901094e-03
2.284858855000000133e-01,4.041850495132947273e-03
2.284949917000000108e-01,4.041761221153797150e-03
2.285132031000000064e-01,4.041582680215466579e-03
2.285587253999999957e-01,4.041136368815327964e-03
2.285678287000000031e-01,4.041047113553990731e-03
2.285951365999999985e-01,4.040779361805690861e-03
2.286224411999999984e-01,4.040511631109946523e-03
2.286588422999999981e-01,4.040154689594143735e-03
2.287043354999999945e-01,4.039708565319146891e-03
2.287771058999999996e-01,4.038994888068965332e-03
2.288043888000000081e-01,4.038727297675311252e-03
2.288407608999999954e-01,4.038370543209032770e-03
2.288862180000000024e-01,4.037924652714857017e-03
2.289225770999999965e-01,4.037567982384267402e-03
2.289952781000000048e-01,4.036854753878409661e-03
2.290043640999999963e-01,4.036765610828290177e-03
2.290316199000000108e-01,4.036498195693678619e-03
2.290588725000000103e-01,4.036230801581408914e-03
2.290770390999999906e-01,4.036052550518131991e-03
2.291042862999999874e-01,4.035785191438881307e-03
2.291496909999999887e-01,4.035339639677368133e-03
2.292132426000000056e-01,4.034715965275127540e-03
2.292495498999999881e-01,4.034359631261042085e-03
2.292949259000000017e-01,4.033914266260763860e-03
2.293221471999999928e-01,4.033647075266588548e-03
2.293584371999999871e-01,4.033290853277205976e-03
2.293856509999999960e-01,4.033023711284972924e-03
2.293947215000000095e-01,4.032934668620442170e-03
2.294672728999999911e-01,4.032222411287215459e-03
2.295126057999999913e-01,4.031777326260675871e-03
2.295760568999999918e-01,4.031154305169980766e-03
2.296576112000000003e-01,4.030353445926335328e-03
2.296757304000000000e-01,4.030175502848043143e-03
2.297119646000000126e-01,4.029819644661321310e-03
2.297210222000000135e-01,4.029730685941178454e-03
2.297300794999999896e-01,4.029641729551478729e-03
2.297844156999999943e-01,4.029108040150033467e-03
2.297934705000000133e-01,4.029019100072054813e-03
2.298658959999999862e-01,4.028307663318944978e-03
2.299021001999999869e-01,4.027952000849725246e-03
2.299292495999999963e-01,4.027685278453557553e-03
2.299473475000000100e-01,4.027507475167457079e-03
2.299654439000000106e-01,4.027329681196295183e-03
2.300106785999999903e-01,4.026885237017580055e-03
2.300468599999999919e-01,4.026529723584011330e-03
2.300830356999999937e-01,4.026174247397931553e-03
2.300920787999999884e-01,4.026085384171000994e-03
2.301101637999999894e-01,4.025907664699826007e-03
2.301192058000000040e-01,4.025818808455448004e-03
2.302547927999999966e-01,4.024486244041998277e-03
2.302999706999999951e-01,4.024042172234777032e-03
2.303090051999999999e-01,4.023953364851705523e-03
2.303632049000000070e-01,4.023420569395984997e-03
2.303722368999999992e-01,4.023331778293131981e-03
2.304083616000000001e-01,4.022976637136032457e-03
2.304535094000000062e-01,4.022532763005836134e-03
2.305167015000000041e-01,4.021911436865291747e-03
2.305257274999999995e-01,4.021822685286093046e-03
2.305528034999999865e-01,4.021556444493925089e-03
2.305798762000000057e-01,4.021290224618261772e-03
2.305979230000000102e-01,4.021112756320782342e-03
2.306249904999999878e-01,4.020846571302396678e-03
2.306610755000000068e-01,4.020491690473442480e-03
2.306971549000000066e-01,4.020136846816450837e-03
2.307422462000000007e-01,4.019693344511345197e-03
2.307963440999999949e-01,4.019161218391010398e-03
2.308143739999999888e-01,4.018983861596122850e-03
2.308414161000000020e-01,4.018717843818710861e-03
2.308684550000000002e-01,4.018451846938116134e-03
2.308774673000000000e-01,4.018363185954605503e-03
2.309405432999999952e-01,4.017742624070267179e-03
2.309585618999999979e-01,4.017565341565611584e-03
2.309765790999999957e-01,4.017388068344844750e-03
2.309855871000000005e-01,4.017299435215640653e-03
2.310306220999999993e-01,4.016856304379470485e-03
2.310576389000000008e-01,4.016590453723010122e-03
2.310846525999999956e-01,4.016324623948557687e-03
2.310936564000000137e-01,4.016236018663462554e-03
2.311206658000000136e-01,4.015970216728100527e-03
2.311656745000000013e-01,4.015527259895545695e-03
2.311746752000000127e-01,4.015438675487340188e-03
2.312466680999999968e-01,4.014730083710284572e-03
2.312736595999999867e-01,4.014464400054760726e-03
2.313456217000000037e-01,4.013756012316563836e-03
2.314085700999999884e-01,4.013136294739640293e-03
2.314175613999999992e-01,4.013047772927887981e-03
2.314445330000000078e-01,4.012782221396377254e-03
2.314625123000000062e-01,4.012605198628000150e-03
2.315523879999999979e-01,4.011720223799127537e-03
2.315973128000000103e-01,4.011277823252932563e-03
2.316062966999999917e-01,4.011189350092019684e-03
2.316332463000000119e-01,4.010923944504654615e-03
2.316691743000000026e-01,4.010570102808347533e-03
2.316781554000000021e-01,4.010481648173218859e-03
2.317320348999999946e-01,4.009950968982758587e-03
2.317410135999999898e-01,4.009862530553845103e-03
2.318128305000000111e-01,4.009155106453378588e-03
2.318397561999999967e-01,4.008889860604753982e-03
2.318487307000000053e-01,4.008801449950137250e-03
2.319474273999999892e-01,4.007829085464205236e-03
2.319833067000000026e-01,4.007475567782733082e-03
2.320281480999999979e-01,4.007033722724003162e-03
2.320371153000000131e-01,4.006945360650417121e-03
2.320640149000000041e-01,4.006680288305704274e-03
2.320909113999999884e-01,4.006415236772723105e-03
2.321088406000000048e-01,4.006238547311819637e-03
2.321715820999999957e-01,4.005620207025722621e-03
2.322343067000000039e-01,4.005001980007270868e-03
2.322432658999999955e-01,4.004913671106708102e-03
2.322522248999999983e-01,4.004825364517385078e-03
2.322790995000000025e-01,4.004560458614200326e-03
2.323059711000000083e-01,4.004295573508135676e-03
2.323238837999999917e-01,4.004118994990231786e-03
2.323507502000000113e-01,4.003854144541417297e-03
2.324581846999999868e-01,4.002794950645234898e-03
2.325387281000000084e-01,4.002000773465728446e-03
2.325566228000000013e-01,4.001824315045954782e-03
2.325655695999999939e-01,4.001736089299027035e-03
2.325924081000000088e-01,4.001471425909524163e-03
2.326013536000000048e-01,4.001383209396580654e-03
2.326371319999999965e-01,4.001030366426018905e-03
2.326729050000000132e-01,4.000677560383649432e-03
2.326818474000000025e-01,4.000589364642493859e-03
2.326997311000000013e-01,4.000412980082878635e-03
2.327801908000000086e-01,3.999619363779037540e-03
2.328159418000000092e-01,3.999266705403893736e-03
2.328427513999999920e-01,3.999002235842065260e-03
2.328784928000000032e-01,3.998649642049130828e-03
2.328874271999999968e-01,3.998561499366308156e-03
2.329231616999999921e-01,3.998208951695187557e-03
2.329678222000000076e-01,3.997768318986153965e-03
2.329946143000000136e-01,3.997503967026242409e-03
2.330303324000000120e-01,3.997151530019526534e-03
2.330392609999999975e-01,3.997063426530304484e-03
2.331106779999999878e-01,3.996358681587340589e-03
2.331285288000000122e-01,3.996182518396351920e-03
2.331374536999999969e-01,3.996094440257206941e-03
2.332445258999999993e-01,3.995037682289414097e-03
2.332802056000000124e-01,3.994685503344695340e-03
2.333515489000000109e-01,3.993981255996795557e-03
2.333782970000000123e-01,3.993717201234026765e-03
2.334228703000000016e-01,3.993277156006834125e-03
2.334496101999999906e-01,3.993013156494225682e-03
2.335298114999999897e-01,3.992221282241719370e-03
2.335387211000000129e-01,3.992133307720077857e-03
2.335565391999999962e-01,3.991957365579801645e-03
2.335654477999999923e-01,3.991869397961133117e-03
2.336367038999999923e-01,3.991165739834572589e-03
2.336634193000000081e-01,3.990901905993424204e-03
2.336723237999999980e-01,3.990813965980092096e-03
2.336812279000000103e-01,3.990726028266591320e-03
2.336990351000000077e-01,3.990550159739206064e-03
2.337524487000000040e-01,3.990022609350198091e-03
2.338058500999999900e-01,3.989495141738752700e-03
2.338236478000000063e-01,3.989319337593973461e-03
2.338414441999999982e-01,3.989143542644481115e-03
2.338503419000000083e-01,3.989055648617892066e-03
2.339659810999999978e-01,3.987913235420872948e-03
2.340371152000000066e-01,3.987210404933258512e-03
2.340637848999999882e-01,3.986946881405751229e-03
2.340993398000000003e-01,3.986595548859613904e-03
2.341260025000000133e-01,3.986332073565806641e-03
2.341704334999999970e-01,3.985892994004576993e-03
2.342059722000000010e-01,3.985541771686732307e-03
2.342415055000000024e-01,3.985190586102633006e-03
2.342770335000000093e-01,3.984839437248211165e-03
2.343036759000000080e-01,3.984576099708474206e-03
2.343214358000000053e-01,3.984400552824386883e-03
2.344102153000000022e-01,3.983522956091423671e-03
2.344634667999999922e-01,3.982996508181865444e-03
2.344900880999999937e-01,3.982733315195605313e-03
2.345255783000000094e-01,3.982382423324720352e-03
2.345521925000000063e-01,3.982119278502613442e-03
2.345610633000000111e-01,3.982031568148428069e-03
2.345965428000000019e-01,3.981680749662086342e-03
2.346054117999999966e-01,3.981593050772665870e-03
2.346320169999999983e-01,3.981329967861264689e-03
2.346763521999999935e-01,3.980891542192881161e-03
2.347384073000000071e-01,3.980277842528732492e-03
2.348093075000000085e-01,3.979576608988348758e-03
2.348181685000000074e-01,3.979488965106859656e-03
2.348358895000000057e-01,3.979313684217209747e-03
2.348447495000000051e-01,3.979226047209046338e-03
2.348713275000000045e-01,3.978963149929615022e-03
2.349156175000000069e-01,3.978525033610910179e-03
2.349421875000000104e-01,3.978262191304890970e-03
2.350218795000000027e-01,3.977473788049040553e-03
2.350307325000000058e-01,3.977386199135897298e-03
2.351015444000000010e-01,3.976685570247539062e-03
2.351192441000000133e-01,3.976510435916433966e-03
2.351280933999999878e-01,3.976422872183925199e-03
2.351634874000000097e-01,3.976072640141134311e-03
2.352342594000000064e-01,3.975372285897659300e-03
2.352431044000000138e-01,3.975284751913434229e-03
2.353138523999999954e-01,3.974584562397467762e-03
2.353403775000000031e-01,3.974322029071725680e-03
2.353668995000000042e-01,3.974059516329472505e-03
2.353757394999999863e-01,3.973972016655898110e-03
2.354022575999999978e-01,3.973709531356123779e-03
2.354376103999999970e-01,3.973359582968718530e-03
2.354552846999999893e-01,3.973184622493314104e-03
2.354817938000000055e-01,3.972922198926615023e-03
2.355083000000000037e-01,3.972659795934104128e-03
2.355171346999999915e-01,3.972572332841652412e-03
2.355878003999999915e-01,3.971872710382179719e-03
2.356584449999999942e-01,3.971173234174630792e-03
2.356672740000000099e-01,3.971085809930056248e-03
2.357202415999999912e-01,3.970561312437707706e-03
2.357643721000000081e-01,3.970124294008836596e-03
2.358261409000000086e-01,3.969512564127126650e-03
2.358702515999999971e-01,3.969075682713115935e-03
2.359496301000000018e-01,3.968289439991385184e-03
2.359760837000000055e-01,3.968027400169590879e-03
2.360113504999999945e-01,3.967678045690550825e-03
2.360906815000000103e-01,3.966892131597819955e-03
2.361083069999999895e-01,3.966717509117698333e-03
2.361171193000000113e-01,3.966630201299613766e-03
2.361523650000000030e-01,3.966280992836531717e-03
2.361611755999999951e-01,3.966193696422904390e-03
2.362316486999999909e-01,3.965495407215991266e-03
2.362932953999999919e-01,3.964884523871782009e-03
2.363021006999999896e-01,3.964797263941970649e-03
2.363285148000000002e-01,3.964535497830361938e-03
2.363725318000000075e-01,3.964099266566259959e-03
2.363901362999999978e-01,3.963924790014820669e-03
2.363989380000000029e-01,3.963837555157585270e-03
2.364693401999999889e-01,3.963139758334691988e-03
2.365045335000000026e-01,3.962790914606491126e-03
2.365309250000000030e-01,3.962529305730258175e-03
2.365397214999999942e-01,3.962442107327422171e-03
2.365661089999999966e-01,3.962180525785532342e-03
2.365836990999999889e-01,3.962006149479127548e-03
2.366364615000000060e-01,3.961483075217330646e-03
2.366452541000000076e-01,3.961395904143730738e-03
2.366716299000000134e-01,3.961134404585090960e-03
2.367155830000000072e-01,3.960698617522234212e-03
2.367243726999999909e-01,3.960611466939512396e-03
2.367507396000000097e-01,3.960350028848587216e-03
2.367771036999999912e-01,3.960088611243628258e-03
2.367946780999999890e-01,3.959914344220437019e-03
2.368210373000000091e-01,3.959652960754221976e-03
2.368473935000000030e-01,3.959391597768768985e-03
2.368561781999999893e-01,3.959304481324441537e-03
2.369527889999999970e-01,3.958346350597839562e-03
2.370054692999999935e-01,3.957823849849756610e-03
2.370669146999999921e-01,3.957214369119025840e-03
2.371371186000000020e-01,3.956517956135663372e-03
2.371458925999999912e-01,3.956430914742800967e-03
2.371985299000000103e-01,3.955908714119136388e-03
2.372160731000000078e-01,3.955734665427170643e-03
2.372423854000000054e-01,3.955473609433189826e-03
2.373476056000000112e-01,3.954429589953741865e-03
2.373739032999999943e-01,3.954168636198761300e-03
2.374089624999999870e-01,3.953820729657570726e-03
2.374264900999999983e-01,3.953646790013777383e-03
2.374527791000000110e-01,3.953385897580030499e-03
2.374878266000000071e-01,3.953038072791952018e-03
2.375141088000000122e-01,3.952777228041139991e-03
2.375666644999999966e-01,3.952255599835391431e-03
2.375929380000000035e-01,3.951994816376711364e-03
2.376192085999999926e-01,3.951734053344939726e-03
2.376542315999999877e-01,3.951386401074992102e-03
2.376629865000000064e-01,3.951299493680634697e-03
2.376892493999999967e-01,3.951038785112114676e-03
2.376980029999999910e-01,3.950951886793590238e-03
2.377767712999999949e-01,3.950169904019531879e-03
2.378730081000000052e-01,3.949214396797524028e-03
2.378992477999999910e-01,3.948953851540035372e-03
2.379866925000000133e-01,3.948085514712616761e-03
2.380129196000000114e-01,3.947825057866542579e-03
2.380478846000000093e-01,3.947477813801159724e-03
2.380828445000000015e-01,3.947130605994150776e-03
2.381177992000000077e-01,3.946783434441133824e-03
2.381265371000000075e-01,3.946696647217127520e-03
2.381876933000000029e-01,3.946089200079813675e-03
2.381964286000000097e-01,3.946002430978205050e-03
2.382226326999999921e-01,3.945742137263005996e-03
2.382924959999999925e-01,3.945048120334638565e-03
2.383186895000000138e-01,3.944787901348651912e-03
2.383274200000000120e-01,3.944701166214767754e-03
2.383536096999999965e-01,3.944440974396788528e-03
2.383623388999999981e-01,3.944354248318554697e-03
2.384059802999999866e-01,3.943920651881155023e-03
2.384757899000000125e-01,3.943227015273131388e-03
2.385019633000000083e-01,3.942966938883872563e-03
2.385281337000000057e-01,3.942706882858023482e-03
2.385368566000000135e-01,3.942620202041299468e-03
2.386066279000000068e-01,3.941926836944584928e-03
2.386153478999999966e-01,3.941840176486586904e-03
2.386763789000000135e-01,3.941233616604645530e-03
2.386850963000000103e-01,3.941146974238554819e-03
2.387112466999999905e-01,3.940887060707319936e-03
2.387461093999999895e-01,3.940540540986373075e-03
2.387548243000000014e-01,3.940453916707939604e-03
2.387722530999999981e-01,3.940280674933436394e-03
2.388158196000000066e-01,3.939847610055201461e-03
2.388506670999999970e-01,3.939501198836571974e-03
2.388767992999999978e-01,3.939241414151963168e-03
2.388942192000000075e-01,3.939068235660998091e-03
2.389551789999999898e-01,3.938462182116646629e-03
2.389900061000000131e-01,3.938115915507358136e-03
2.390248282000000113e-01,3.937769685039907430e-03
2.390335329000000120e-01,3.937683133069539744e-03
2.390509413999999944e-01,3.937510035904528451e-03
2.390857546000000056e-01,3.937163868674388965e-03
2.391031593000000066e-01,3.936990798608073355e-03
2.391640657000000114e-01,3.936385124499033189e-03
2.392336540999999983e-01,3.935693060965971511e-03
2.392423512999999891e-01,3.935606563181471423e-03
2.392684407000000013e-01,3.935347083368801076e-03
2.393379988000000069e-01,3.934655236491137881e-03
2.393640777999999913e-01,3.934395831140312209e-03
2.393727702000000013e-01,3.934309367201991453e-03
2.393814622999999864e-01,3.934222905519682914e-03
2.394509874999999899e-01,3.933531293264502619e-03
2.394683656999999910e-01,3.933358412754782256e-03
2.394770542999999918e-01,3.933271975882675353e-03
2.395204924999999874e-01,3.932839825346938836e-03
2.395465516999999989e-01,3.932580562082758566e-03
2.395812928999999925e-01,3.932234909294111090e-03
2.396073454000000047e-01,3.931975693372505125e-03
2.396507600999999987e-01,3.931543711916962031e-03
2.397288867000000046e-01,3.930766287276444421e-03
2.397896341999999903e-01,3.930161749844533411e-03
2.398850634999999953e-01,3.929211985455651271e-03
2.398937369999999958e-01,3.929125656751257002e-03
2.399284278999999909e-01,3.928780364451577196e-03
2.399370997999999977e-01,3.928694047005751658e-03
2.399631137000000081e-01,3.928435108177069819e-03
2.399891248999999893e-01,3.928176189610464719e-03
2.399977946000000084e-01,3.928089887923778833e-03
2.400064640000000027e-01,3.928003588488080539e-03
2.400238020000000083e-01,3.927830996369981523e-03
2.400758081999999904e-01,3.927313274032897053e-03
2.401278031999999896e-01,3.926795632711586534e-03
2.401451323999999887e-01,3.926623103605607346e-03
2.401971123999999957e-01,3.926105570282810604e-03
2.402750613000000091e-01,3.925329422135062120e-03
2.403010385999999887e-01,3.925070746568294286e-03
2.403096970999999971e-01,3.924984525876845827e-03
2.403789537999999892e-01,3.924294841289926658e-03
2.404741491999999869e-01,3.923346759901157055e-03
2.404828015000000097e-01,3.923260584169555205e-03
2.404914533999999993e-01,3.923174410685119351e-03
2.405174073999999940e-01,3.922915903714734032e-03
2.405606577999999940e-01,3.922485103703758115e-03
2.406211953000000070e-01,3.921882078046804061e-03
2.406298423000000075e-01,3.921795940509759104e-03
2.406903622999999881e-01,3.921193040638664210e-03
2.406990068000000038e-01,3.921106921068998573e-03
2.407162948999999885e-01,3.920934688666155403e-03
2.407249384000000048e-01,3.920848575832996084e-03
2.407508671999999961e-01,3.920590250805631310e-03
2.407940756999999987e-01,3.920159753996762045e-03
2.408545545000000121e-01,3.919557152746968448e-03
2.408631931000000115e-01,3.919471075832335095e-03
2.408977444000000023e-01,3.919126790616256698e-03
2.409322906999999958e-01,3.918782541305187300e-03
2.409581972000000016e-01,3.918524377882090688e-03
2.409754665999999934e-01,3.918352280151241561e-03
2.410013685000000072e-01,3.918094150381230475e-03
2.410272675000000031e-01,3.917836040800261668e-03
2.410963181000000122e-01,3.917147847274665522e-03
2.411049480000000134e-01,3.917061833176052783e-03
2.411394645999999919e-01,3.916717799205285400e-03
2.411739763000000092e-01,3.916373801109891001e-03
2.411826035000000090e-01,3.916287807190994667e-03
2.412429849000000126e-01,3.915685912526970999e-03
2.412688580000000027e-01,3.915427991293044148e-03
2.413205958999999901e-01,3.914912209335727131e-03
2.413464606999999873e-01,3.914654348608664555e-03
2.413895624999999878e-01,3.914224625540941964e-03
2.414068011000000125e-01,3.914052751996239046e-03
2.414154199000000112e-01,3.913966818583945913e-03
2.414498921999999881e-01,3.913623107335098897e-03
2.414843594999999954e-01,3.913279431922739304e-03
2.415446655000000054e-01,3.912678086170280276e-03
2.415791193000000059e-01,3.912334509286424615e-03
2.415963442999999877e-01,3.912162734277603408e-03
2.416221795999999866e-01,3.911905088554036743e-03
2.416480121000000036e-01,3.911647462976263964e-03
2.416566223000000124e-01,3.911561592260438640e-03
2.416824512000000091e-01,3.911303993541496125e-03
2.417599210999999970e-01,3.910531318228418519e-03
2.418029492000000058e-01,3.910102132477093033e-03
2.418631757999999965e-01,3.909501366379764323e-03
2.419319876999999896e-01,3.908814910747397675e-03
2.419405877999999954e-01,3.908729113856279982e-03
2.419577871999999963e-01,3.908557526781982622e-03
2.420695529000000124e-01,3.907442428770191781e-03
2.421039319999999939e-01,3.907099397685930009e-03
2.421383061999999864e-01,3.906756402357081624e-03
2.421468989999999988e-01,3.906670659111193683e-03
2.421726755999999980e-01,3.906413442779505842e-03
2.421984493000000072e-01,3.906156246555309193e-03
2.423358633000000095e-01,3.904784872881722317e-03
2.423530345000000086e-01,3.904613491370504102e-03
2.423702045999999999e-01,3.904442118790600776e-03
2.424045410000000011e-01,3.904099400421778918e-03
2.424474547999999896e-01,3.903671052689266629e-03
2.424903609000000071e-01,3.903242760757845951e-03
2.425075211999999925e-01,3.903071459607682352e-03
2.425589948999999912e-01,3.902557609713547086e-03
2.426104575999999957e-01,3.902043840142053587e-03
2.426533348999999895e-01,3.901615760179658141e-03
2.426790577000000060e-01,3.901358938968483431e-03
2.426876313000000118e-01,3.901273336358590527e-03
2.427219227999999895e-01,3.900930948220399271e-03
2.427562094999999864e-01,3.900588595760931011e-03
2.427647804999999992e-01,3.900503013220541024e-03
2.427819213999999892e-01,3.900331854828147007e-03
2.427904914000000025e-01,3.900246278976144277e-03
2.428333369000000019e-01,3.899818433155878561e-03
2.428590405999999924e-01,3.899561752412922071e-03
2.428933078999999939e-01,3.899219542626016811e-03
2.429190052000000100e-01,3.898962908686414916e-03
2.429532641000000104e-01,3.898620761297621074e-03
2.429618280999999991e-01,3.898535230020803901e-03
2.429703917000000102e-01,3.898449700971960610e-03
2.430645720999999870e-01,3.897509028469625051e-03
2.431672726999999923e-01,3.896483147645098902e-03
2.431758290999999905e-01,3.896397672049892527e-03
2.432014966000000111e-01,3.896141258622778242e-03
2.432271614000000026e-01,3.895884865231636403e-03
2.432442696999999876e-01,3.895713947434124077e-03
2.432699298999999871e-01,3.895457587431896702e-03
2.433041394000000079e-01,3.895115805254878612e-03
2.433297933000000135e-01,3.894859491989101016e-03
2.434323820000000027e-01,3.893834439176721562e-03
2.434494759999999980e-01,3.893663628186251179e-03
2.435007505000000017e-01,3.893151248595406056e-03
2.435092952000000033e-01,3.893065859780859162e-03
2.435776420999999914e-01,3.892382829316880580e-03
2.435861840999999917e-01,3.892297460514323581e-03
2.436118083000000101e-01,3.892041367445685154e-03
2.436459698000000007e-01,3.891699941143079901e-03
2.437228154999999952e-01,3.890931861986856709e-03
2.437825677000000080e-01,3.890334591531150084e-03
2.437911024999999954e-01,3.890249276067443782e-03
2.438167052000000112e-01,3.889993343006511225e-03
2.438593703999999973e-01,3.889566832332672086e-03
2.438764344000000084e-01,3.889396243611262065e-03
2.438849659000000003e-01,3.889310952582128618e-03
2.439190891000000139e-01,3.888969810673627119e-03
2.439873211999999958e-01,3.888287633443233450e-03
2.440129033000000003e-01,3.888031853615420228e-03
2.440214300000000114e-01,3.887946598112670699e-03
2.440470086000000038e-01,3.887690844923589930e-03
2.440640594000000052e-01,3.887520353895501657e-03
2.441237280999999926e-01,3.886923705209598644e-03
2.441492959000000074e-01,3.886668031916698691e-03
2.442004234000000051e-01,3.886156745238472481e-03
2.442941295999999929e-01,3.885219593744189751e-03
2.443367113999999896e-01,3.884793704506467153e-03
2.444048268000000024e-01,3.884112397027621177e-03
2.444218526999999974e-01,3.883942092327856335e-03
2.444303651999999993e-01,3.883856943303043950e-03
2.444984545999999981e-01,3.883175830900276529e-03
2.445239831999999891e-01,3.882920450317354361e-03
2.445324922000000067e-01,3.882835327888410279e-03
2.445580172000000052e-01,3.882579973896413753e-03
2.445665250000000068e-01,3.882494860330639851e-03
2.446345763999999978e-01,3.881814031560215737e-03
2.446770990000000090e-01,3.881388585571339186e-03
2.447026089999999876e-01,3.881133344555810251e-03
2.447366182000000057e-01,3.880793054205129104e-03
2.447961227999999878e-01,3.880197631339086638e-03
2.448046222999999966e-01,3.880112579785431268e-03
2.448301190000000127e-01,3.879857438407222862e-03
2.448641105000000096e-01,3.879517280892579023e-03
2.448726075999999863e-01,3.879432247047269727e-03
2.449320792999999941e-01,3.878837072097880614e-03
2.449405739999999942e-01,3.878752055956566271e-03
2.449490685000000056e-01,3.878667042028182722e-03
2.450085216000000010e-01,3.878072006479752268e-03
2.450170137000000081e-01,3.877987010250676884e-03
2.451019187000000044e-01,3.877137169615406474e-03
2.451104075999999965e-01,3.877052197716166111e-03
2.451358724999999905e-01,3.876797295286150101e-03
2.452122512999999893e-01,3.876032707393714961e-03
2.452207362999999918e-01,3.875947764237357238e-03
2.452377055999999944e-01,3.875777884556411146e-03
2.452461897999999862e-01,3.875692948031396034e-03
2.452886062999999894e-01,3.875268298560689047e-03
2.453140527000000071e-01,3.875013535398917110e-03
2.453394963999999956e-01,3.874758792125202085e-03
2.453734173000000074e-01,3.874419165361883948e-03
2.454158117999999944e-01,3.873994681617315503e-03
2.454242898000000006e-01,3.873909791495789082e-03
2.454751518000000132e-01,3.873400497152392537e-03
2.454836277999999927e-01,3.873315622492172830e-03
2.454921035000000029e-01,3.873230750040684584e-03
2.455175287999999956e-01,3.872976145935900279e-03
2.455514250999999981e-01,3.872636704711425112e-03
2.456446157999999935e-01,3.871703423489046125e-03
2.456530859000000122e-01,3.871618592986398114e-03
2.456784945000000109e-01,3.871364114721262406e-03
2.456954322000000079e-01,3.871194473579662142e-03
2.457885682000000016e-01,3.870261605076392910e-03
2.458224271999999988e-01,3.869922446354942622e-03
2.458308912000000124e-01,3.869837662189479135e-03
2.458985927000000016e-01,3.869159468268602766e-03
2.459239759000000081e-01,3.868905181937150849e-03
2.459578162000000123e-01,3.868566164366333843e-03
2.460170254999999861e-01,3.867972968500190539e-03
2.460254828000000005e-01,3.867888235051705845e-03
2.460508530000000138e-01,3.867634047931554995e-03
2.460593091000000121e-01,3.867549323299498357e-03
2.461269477999999955e-01,3.866871605584953301e-03
2.461607601999999950e-01,3.866532799613807241e-03
2.461692125000000120e-01,3.866448103629384781e-03
2.462283710000000014e-01,3.865855293423410641e-03
2.463044108999999926e-01,3.865093267465798208e-03
2.463213055000000040e-01,3.864923952589217285e-03
2.463635369000000130e-01,3.864500703931721386e-03
2.463973167999999880e-01,3.864162144636136813e-03
2.464310920999999988e-01,3.863823620563429807e-03
2.464395352000000039e-01,3.863738995048122266e-03
2.464564204999999952e-01,3.863569750620866536e-03
2.464901877000000019e-01,3.863231288177494845e-03
2.465070695000000089e-01,3.863062070159993706e-03
2.465914613999999894e-01,3.862216112096517311e-03
2.466420826999999871e-01,3.861708642857985315e-03
2.466673893999999922e-01,3.861454937933066992e-03
2.466926936000000126e-01,3.861201252802001858e-03
2.467011276999999947e-01,3.861116695489822791e-03
2.467348614000000051e-01,3.860778488231608394e-03
2.467685904999999957e-01,3.860440316154072678e-03
2.468360347999999926e-01,3.859764077523847921e-03
2.468444640000000134e-01,3.859679557586744112e-03
2.468697499999999989e-01,3.859426010963148794e-03
2.469118875999999907e-01,3.859003477211016102e-03
2.469371666999999881e-01,3.858749983329233437e-03
2.469624431999999925e-01,3.858496509222447950e-03
2.469708680999999906e-01,3.858412022247611171e-03
2.469961411000000107e-01,3.858158574504823041e-03
2.470045649000000010e-01,3.858074096317612705e-03
2.470466795000000049e-01,3.857651738329973684e-03
2.470719447999999985e-01,3.857398349894562272e-03
2.471393063000000001e-01,3.856722744026849174e-03
2.471729802000000031e-01,3.856384993790936723e-03
2.472403140999999971e-01,3.855709598693254827e-03
2.472487295999999946e-01,3.855625184183748225e-03
2.472655596999999983e-01,3.855456361749116500e-03
2.473160429000000049e-01,3.854949947114490010e-03
2.473412806999999991e-01,3.854696769421011616e-03
2.473749271000000027e-01,3.854359229879895411e-03
2.474001589000000001e-01,3.854106098259400988e-03
2.474422061000000062e-01,3.853684256096960928e-03
2.474758387999999865e-01,3.853346821847087027e-03
2.475178731000000076e-01,3.852925078377208903e-03
2.475346848999999960e-01,3.852756396338852946e-03
2.476103236999999957e-01,3.851997435691773258e-03
2.476439334999999964e-01,3.851660176843079049e-03
2.476523351999999900e-01,3.851575867610565734e-03
2.476775387000000050e-01,3.851322953062268333e-03
2.477195389000000081e-01,3.850901472644328079e-03
2.477699295999999940e-01,3.850395768449601640e-03
2.477783271000000009e-01,3.850311492085315996e-03
2.478371014000000094e-01,3.849721618870431423e-03
2.478454965999999926e-01,3.849637360029759415e-03
2.478538915000000065e-01,3.849553103379161050e-03
2.478790744999999907e-01,3.849300346568196394e-03
2.479881714000000126e-01,3.848205294781890679e-03
2.480468959999999889e-01,3.847615804756095940e-03
2.480552839999999870e-01,3.847531600650005816e-03
2.480720593999999890e-01,3.847363199004107809e-03
2.481056066000000004e-01,3.847026421972106480e-03
2.481223785999999987e-01,3.846858046585394705e-03
2.481475343000000000e-01,3.846605499915107911e-03
2.481726874999999888e-01,3.846352972935380629e-03
2.481810714000000084e-01,3.846268801651022817e-03
2.482062211999999934e-01,3.846016300922432650e-03
2.482565132000000008e-01,3.845511358522788522e-03
2.482816552999999871e-01,3.845258916848023987e-03
2.483486886999999865e-01,3.844585835262821338e-03
2.483738215000000082e-01,3.844333465743488172e-03
2.483821985999999926e-01,3.844249346942699066e-03
2.484575793000000088e-01,3.843492376097511643e-03
2.484743275000000085e-01,3.843324184395484518e-03
2.484827011000000085e-01,3.843240091822179572e-03
2.485161928999999881e-01,3.842903743381613588e-03
2.485245651999999916e-01,3.842819661734218559e-03
2.485496802000000116e-01,3.842567429900418507e-03
2.485747927999999995e-01,3.842315217729389866e-03
2.487086833999999913e-01,3.840970418152833080e-03
2.487254145999999999e-01,3.840802357513418107e-03
2.487505094000000139e-01,3.840550282929873840e-03
2.488759453000000121e-01,3.839290204700963188e-03
2.488843054000000055e-01,3.839206216945533542e-03
2.489093842000000001e-01,3.838954266771645030e-03
2.489261020000000102e-01,3.838786310898939687e-03
2.489511765000000099e-01,3.838534393452715070e-03
2.489846052999999948e-01,3.838198534066463927e-03
2.490096739000000059e-01,3.837946662431028933e-03
2.490598036999999987e-01,3.837442978049275186e-03
2.490848647999999999e-01,3.837191165299283589e-03
2.491099233000000079e-01,3.836939372174295870e-03
2.491182755999999943e-01,3.836855445493422660e-03
2.491266276000000113e-01,3.836771520992746879e-03
2.491767337999999943e-01,3.836268019771942647e-03
2.491934336000000139e-01,3.836100203471048443e-03
2.492518742000000009e-01,3.835512915075430917e-03
2.492602217999999870e-01,3.835429025450926965e-03
2.492769159999999873e-01,3.835261252739045803e-03
2.492852627000000099e-01,3.835177369651764003e-03
2.493854013000000036e-01,3.834170942547617672e-03
2.494104296000000109e-01,3.833919384785758246e-03
2.494604787999999962e-01,3.833416328067535024e-03
2.494854995999999936e-01,3.833164829107210420e-03
2.495271954000000125e-01,3.832745707721532669e-03
2.495522095999999912e-01,3.832494261016092946e-03
2.495855579000000046e-01,3.832159029218958762e-03
2.496439065999999929e-01,3.831572457372590425e-03
2.496522411000000052e-01,3.831488670100208910e-03
2.496605752000000122e-01,3.831404885003604315e-03
2.497105742999999878e-01,3.830902220120223876e-03
2.497189065000000041e-01,3.830818450255112431e-03
2.497522325000000043e-01,3.830483392549791696e-03
2.497772241000000004e-01,3.830232122112520437e-03
2.497938838000000050e-01,3.830064619363644351e-03
2.498605114000000127e-01,3.829394695364826337e-03
2.498854920999999951e-01,3.829143509746859870e-03
2.499520953000000101e-01,3.828473777098555415e-03
2.499770668999999890e-01,3.828222663225346219e-03
2.499853901999999906e-01,3.828138962948244173e-03
