q,I
2.039995199999999811e-03,3.289096323395204746e-03
2.884988900000000096e-03,3.289076745089659394e-03
4.079990399999999622e-03,3.289037588920023722e-03
4.561568000000000220e-03,3.289018011055935137e-03
5.769977800000000191e-03,3.288959278346552124e-03
6.119985599999999866e-03,3.288939701071049576e-03
6.451031299999999968e-03,3.288920123942693213e-03
7.355307299999999833e-03,3.288861393440467833e-03
8.159980799999999243e-03,3.288802664262493493e-03
8.411115699999999196e-03,3.288783088164106208e-03
8.654966599999999385e-03,3.288763512212850362e-03
9.123135799999999504e-03,3.288724360751735156e-03
1.019997589999999989e-02,3.288626484673698100e-03
1.040197520000000000e-02,3.288606909899464276e-03
1.098571020000000016e-02,3.288548186459486818e-03
1.153995529999999985e-02,3.288489464343566978e-03
1.189511369999999950e-02,3.288450317001866217e-03
1.223997100000000053e-02,3.288411170248607945e-03
1.240880609999999926e-02,3.288391597092637803e-03
1.290206219999999980e-02,3.288332878507373765e-03
1.306234239999999949e-02,3.288313305939824429e-03
1.368470339999999959e-02,3.288235017140645703e-03
1.427996599999999984e-02,3.288156730695031369e-03
1.442494390000000071e-02,3.288137159451347095e-03
1.471061409999999993e-02,3.288098017405267047e-03
1.485138870000000076e-02,3.288078446602863466e-03
1.553614000000000037e-02,3.287980594797096801e-03
1.593287120000000043e-02,3.287921885478597202e-03
1.631996089999999955e-02,3.287863177483803939e-03
1.644696630000000090e-02,3.287843608446330574e-03
1.682223050000000025e-02,3.287784902216381224e-03
1.730993239999999850e-02,3.287706629302033709e-03
1.742972569999999902e-02,3.287687061441112255e-03
1.754870130000000042e-02,3.287667493727233770e-03
1.824627070000000087e-02,3.287550090532223839e-03
1.835995569999999966e-02,3.287530523847756719e-03
1.847294110000000100e-02,3.287510957310322158e-03
1.880782519999999944e-02,3.287452258580289294e-03
1.924527490000000132e-02,3.287373995665547523e-03
1.935309240000000069e-02,3.287354430304480126e-03
2.009162109999999835e-02,3.287217476893887925e-03
2.019492059999999922e-02,3.287197912709059755e-03
2.039995039999999843e-02,3.287158784780526682e-03
2.050169640000000168e-02,3.287139221036812671e-03
2.080394890000000080e-02,3.287080530687731556e-03
2.100303430000000082e-02,3.287041404523434809e-03
2.129817330000000064e-02,3.286982716379658210e-03
2.168544450000000137e-02,3.286904467579418107e-03
2.197141860000000058e-02,3.286845782522858188e-03
2.206591980000000008e-02,3.286826221131332933e-03
2.243994499999999934e-02,3.286747977035336769e-03
2.253248119999999924e-02,3.286728416378818188e-03
2.280783739999999934e-02,3.286669735291236627e-03
2.307990860000000075e-02,3.286611055526556056e-03
2.325952140000000015e-02,3.286571936418427459e-03
2.379022509999999951e-02,3.286454582621598387e-03
2.387752890000000017e-02,3.286435024169910742e-03
2.447993949999999891e-02,3.286298119123275043e-03
2.456479220000000116e-02,3.286278561847304040e-03
2.464935279999999965e-02,3.286259004718332204e-03
2.481760959999999849e-02,3.286219890901324013e-03
2.490131170000000130e-02,3.286200334213184443e-03
2.523334379999999863e-02,3.286122108930548871e-03
2.556106320000000112e-02,3.286043885999098517e-03
2.580412149999999905e-02,3.285985220343561487e-03
2.596489630000000173e-02,3.285946110641180772e-03
2.612468180000000056e-02,3.285907001526657510e-03
2.651993379999999928e-02,3.285809231311833181e-03
2.659827940000000085e-02,3.285789677709657387e-03
2.683194360000000153e-02,3.285731017784778926e-03
2.721692649999999866e-02,3.285633254181837947e-03
2.736940339999999888e-02,3.285594149769075368e-03
2.744532419999999931e-02,3.285574597783062940e-03
2.774693010000000085e-02,3.285496391308401643e-03
2.834051430000000121e-02,3.285339985410759903e-03
2.841384049999999897e-02,3.285320435334691900e-03
2.855992799999999832e-02,3.285281335623218158e-03
2.863269220000000045e-02,3.285261785987788133e-03
2.884988380000000005e-02,3.285203137962859014e-03
2.899377430000000047e-02,3.285164040013988790e-03
2.920828110000000047e-02,3.285105394192615151e-03
2.942122390000000143e-02,3.285046749693045724e-03
2.970277299999999829e-02,3.284968559083521755e-03
3.012016249999999867e-02,3.284851277575365994e-03
3.032670299999999999e-02,3.284792638804079866e-03
3.059992200000000162e-02,3.284714455831876795e-03
3.066784640000000048e-02,3.284694910456090189e-03
3.087072290000000135e-02,3.284636275209539252e-03
3.107227489999999856e-02,3.284577641284629895e-03
3.113916889999999993e-02,3.284558096936656107e-03
3.120591959999999970e-02,3.284538552735742634e-03
3.166923519999999964e-02,3.284401747440097389e-03
3.173487090000000344e-02,3.284382204413629873e-03
3.186573689999999681e-02,3.284343118801587823e-03
3.193096869999999948e-02,3.284323576215879281e-03
3.225514909999999819e-02,3.284225865489517719e-03
3.263991580000000226e-02,3.284108617463390306e-03
3.270360349999999749e-02,3.284089076639561035e-03
3.289392669999999935e-02,3.284030455048893380e-03
3.295712349999999763e-02,3.284010914812313109e-03
3.320870809999999784e-02,3.283932755334183912e-03
3.345840099999999873e-02,3.283854598204929715e-03
3.364445469999999966e-02,3.283795981899732038e-03
3.376792089999999802e-02,3.283756905096686055e-03
3.395227840000000080e-02,3.283698290993185536e-03
3.419654240000000178e-02,3.283620140910541163e-03
3.461985769999999935e-02,3.283483383916774041e-03
3.467990950000000155e-02,3.283463847790705180e-03
3.473985749999999872e-02,3.283444311811237366e-03
3.485944419999999905e-02,3.283405240292664763e-03
3.491908400000000301e-02,3.283385704753659720e-03
3.509739530000000052e-02,3.283327099016626442e-03
3.521576790000000012e-02,3.283288029259557109e-03
3.562697489999999689e-02,3.283151289731910116e-03
3.568533189999999883e-02,3.283131756100571372e-03
3.609118929999999975e-02,3.282995024791306084e-03
3.614879690000000201e-02,3.282975492334385108e-03
3.632107169999999885e-02,3.282916895843110503e-03
3.649253310000000194e-02,3.282858300672843437e-03
3.671990299999999818e-02,3.282780175833602786e-03
3.677652580000000115e-02,3.282760644990390542e-03
3.694587359999999820e-02,3.282702053341804253e-03
3.722640800000000250e-02,3.282604403528420478e-03
3.744932249999999990e-02,3.282526286318455510e-03
3.750484409999999685e-02,3.282506757382849718e-03
3.761564139999999667e-02,3.282467699951749623e-03
3.794609239999999911e-02,3.282350531179260150e-03
3.811024350000000172e-02,3.282291948773922389e-03
3.832801789999999709e-02,3.282213840953358570e-03
3.849054019999999937e-02,3.282155261628266936e-03
3.870617500000000238e-02,3.282077157915480169e-03
3.875989619999999775e-02,3.282057632354111031e-03
3.881354310000000030e-02,3.282038106939258806e-03
3.897404079999999826e-02,3.281979531574568190e-03
3.918701509999999999e-02,3.281901433141907153e-03
3.924007809999999902e-02,3.281881908900784010e-03
3.939883820000000120e-02,3.281823337056519099e-03
3.960952859999999909e-02,3.281745243317559218e-03
4.007953250000000078e-02,3.281569540984778481e-03
4.018323120000000248e-02,3.281530497634922803e-03
4.023498040000000192e-02,3.281510976179951179e-03
4.038983000000000156e-02,3.281452412695104459e-03
4.049273419999999818e-02,3.281413371105224627e-03
4.064660190000000256e-02,3.281354809820551111e-03
4.079988930000000291e-02,3.281296249855056302e-03
4.085085730000000137e-02,3.281276730160255679e-03
4.100338109999999980e-02,3.281218171954511636e-03
4.105409649999999799e-02,3.281198652845502411e-03
4.125633449999999841e-02,3.281120577877514721e-03
4.130673929999999910e-02,3.281101059501651245e-03
4.160788569999999964e-02,3.280983952327782942e-03
4.185718599999999762e-02,3.280886367047270834e-03
4.200605599999999995e-02,3.280827817638770107e-03
4.205556230000000173e-02,3.280808301462539468e-03
4.244953370000000004e-02,3.280652177329013673e-03
4.259633349999999985e-02,3.280593633198209628e-03
4.283988209999999713e-02,3.280496062578153529e-03
4.288842589999999899e-02,3.280476548893631553e-03
4.303372860000000133e-02,3.280418008720085207e-03
4.322670569999999962e-02,3.280339957207510908e-03
4.327481560000000227e-02,3.280320444695815092e-03
4.337087509999999757e-02,3.280281420111610773e-03
4.361009829999999698e-02,3.280183861217828706e-03
4.365778569999999997e-02,3.280164349878010154e-03
4.380053619999999676e-02,3.280105816739935405e-03
4.394282299999999891e-02,3.280047284920821222e-03
4.403742540000000344e-02,3.280008264440931881e-03
4.413182499999999953e-02,3.279969244546473116e-03
4.455414840000000015e-02,3.279793662278202362e-03
4.474056810000000273e-02,3.279715629523805367e-03
4.478705179999999814e-02,3.279696121701665152e-03
4.487987470000000256e-02,3.279657106497563864e-03
4.492621420000000171e-02,3.279637599114532034e-03
4.506494700000000103e-02,3.279579077846316981e-03
4.515719859999999669e-02,3.279540064399500549e-03
4.529522390000000065e-02,3.279481545328522679e-03
4.561565869999999884e-02,3.279345005957792769e-03
4.584316940000000146e-02,3.279247482230659809e-03
4.602436819999999873e-02,3.279169465886521383e-03
4.615980060000000190e-02,3.279110955165486646e-03
4.624986849999999927e-02,3.279071948751103444e-03
4.651902589999999671e-02,3.278954933023908291e-03
4.656373419999999819e-02,3.278935430915205611e-03
4.660839960000000282e-02,3.278915928953285690e-03
4.691986699999999705e-02,3.278779419320307538e-03
4.696419369999999677e-02,3.278759918529494232e-03
4.709692359999999994e-02,3.278701417037532730e-03
4.731731260000000133e-02,3.278603917479763329e-03
4.744905459999999853e-02,3.278545419501879745e-03
4.758043189999999756e-02,3.278486922842458861e-03
4.762414379999999753e-02,3.278467424249194989e-03
4.775503939999999753e-02,3.278408929347471825e-03
4.779859160000000246e-02,3.278389431339096428e-03
4.801576009999999894e-02,3.278291943497857984e-03
4.814559110000000280e-02,3.278233452548945121e-03
4.836120139999999790e-02,3.278135970564322651e-03
4.849010740000000291e-02,3.278077483130839923e-03
4.866145090000000006e-02,3.277999501934994626e-03
4.895985910000000274e-02,3.277863040481166813e-03
4.900234049999999814e-02,3.277843546573237961e-03
4.904478510000000180e-02,3.277824052811048865e-03
4.912956429999999763e-02,3.277785065727257911e-03
4.929868529999999888e-02,3.277707093316291689e-03
4.934087499999999932e-02,3.277687600579779533e-03
4.938302859999999656e-02,3.277668107988726109e-03
4.963519859999999950e-02,3.277551155521966474e-03
4.967710250000000050e-02,3.277531663955976764e-03
4.980260260000000244e-02,3.277473190136724439e-03
5.001106959999999935e-02,3.277375736700950584e-03
5.017721960000000314e-02,3.277297776585598975e-03
5.038413659999999711e-02,3.277200329735482920e-03
5.046666589999999897e-02,3.277161352020555290e-03
5.050787989999999672e-02,3.277141863381219291e-03
5.067240099999999886e-02,3.277063910291937079e-03
5.099985089999999749e-02,3.276908011138758570e-03
5.104063439999999979e-02,3.276888524403769477e-03
5.112210379999999887e-02,3.276849551370363076e-03
5.116278989999999832e-02,3.276830065074333616e-03
5.136573690000000025e-02,3.276732635786336854e-03
5.148712109999999814e-02,3.276674179968077152e-03
5.160821980000000059e-02,3.276615725468709495e-03
5.164852290000000040e-02,3.276596240928376317e-03
5.192976900000000062e-02,3.276459853238742042e-03
5.200984570000000140e-02,3.276420886645307895e-03
5.212973010000000046e-02,3.276362437851166026e-03
5.224933949999999855e-02,3.276303990373786827e-03
5.228914839999999897e-02,3.276284508174842451e-03
5.244808220000000271e-02,3.276206580839162181e-03
5.264607470000000344e-02,3.276109174959551760e-03
5.292201970000000311e-02,3.275972812874085576e-03
5.296132299999999765e-02,3.275953333161908503e-03
5.303984240000000211e-02,3.275914374174950568e-03
5.307905849999999814e-02,3.275894894901497639e-03
5.319653330000000124e-02,3.275836457956331563e-03
5.339175040000000011e-02,3.275739065974158596e-03
5.354741159999999722e-02,3.275661155021053310e-03
5.366386120000000287e-02,3.275602723343131774e-03
5.385738429999999827e-02,3.275505340135416964e-03
5.389600549999999657e-02,3.275485863932881252e-03
5.401170360000000226e-02,3.275427436203815715e-03
5.420398480000000047e-02,3.275330059577817414e-03
5.431902689999999756e-02,3.275271635356514534e-03
5.443382580000000193e-02,3.275213212453425855e-03
5.473877910000000263e-02,3.275057424474827738e-03
5.481475239999999971e-02,3.275018478941909769e-03
5.489062050000000081e-02,3.274979533994557684e-03
5.492851530000000121e-02,3.274960061741161600e-03
5.507983360000000272e-02,3.274882174186812770e-03
5.511759819999999949e-02,3.274862702662507952e-03
5.523073729999999903e-02,3.274804288970705520e-03
5.541878909999999742e-02,3.274706935740081398e-03
5.549383139999999881e-02,3.274667995470066824e-03
5.568099469999999995e-02,3.274570647356702616e-03
5.571835189999999743e-02,3.274551178172179812e-03
5.601631270000000107e-02,3.274395429961178897e-03
5.612764020000000215e-02,3.274337026794121169e-03
5.627573429999999793e-02,3.274259157949457183e-03
5.642343970000000125e-02,3.274181291445670688e-03
5.657075939999999664e-02,3.274103427279435787e-03
5.668099790000000193e-02,3.274045030689098565e-03
5.671769649999999774e-02,3.274025565451013555e-03
5.682764989999999905e-02,3.273967170615881255e-03
5.690083420000000003e-02,3.273928241456298700e-03
5.711982439999999800e-02,3.273811457483990529e-03
5.715624119999999919e-02,3.273791993998972395e-03
5.726535270000000094e-02,3.273733604424780216e-03
5.744674450000000071e-02,3.273636291388323533e-03
5.748295419999999850e-02,3.273616829218302555e-03
5.759144669999999994e-02,3.273558443588871995e-03
5.769973510000000333e-02,3.273500059274412136e-03
5.773578619999999995e-02,3.273480598127399659e-03
5.777181470000000013e-02,3.273461137127041138e-03
5.798751569999999883e-02,3.273344374195914785e-03
5.802338790000000079e-02,3.273324914220817738e-03
5.805923799999999912e-02,3.273305454389188827e-03
5.834524540000000231e-02,3.273149780998872715e-03
5.841652840000000069e-02,3.273110864113913318e-03
5.845213739999999963e-02,3.273091405889024322e-03
5.873623160000000093e-02,3.272935745356630403e-03
5.884241330000000020e-02,3.272877375065873749e-03
5.887776470000000151e-02,3.272857918596464629e-03
5.915981499999999754e-02,3.272702272085196117e-03
5.919497680000000012e-02,3.272682816930480576e-03
5.930033710000000291e-02,3.272624452335961675e-03
5.940551060000000272e-02,3.272566089058127382e-03
5.947552290000000103e-02,3.272527180935579788e-03
5.958038699999999854e-02,3.272468819846343323e-03
5.971991950000000299e-02,3.272391007109593658e-03
5.999801099999999693e-02,3.272235388639648315e-03
6.003268190000000254e-02,3.272215936989668773e-03
6.024028800000000294e-02,3.272099230146100195e-03
6.027481950000000005e-02,3.272079779517277770e-03
6.041274809999999662e-02,3.272001978461629938e-03
6.055036250000000314e-02,3.271924179739128802e-03
6.058471719999999894e-02,3.271904730423477736e-03
6.065336839999999757e-02,3.271865832232172602e-03
6.085885719999999804e-02,3.271749141159941820e-03
6.113176780000000032e-02,3.271593561238916609e-03
6.119980530000000002e-02,3.271554667718564336e-03
6.123379560000000166e-02,3.271535221178057534e-03
6.133565380000000067e-02,3.271476882431479608e-03
6.136956899999999882e-02,3.271457436473164653e-03
6.150504259999999696e-02,3.271379654104849318e-03
6.167396609999999807e-02,3.271282429424980306e-03
6.174140610000000001e-02,3.271243540578340839e-03
6.194328550000000044e-02,3.271126877533185075e-03
6.204397889999999777e-02,3.271068547980564810e-03
6.214450920000000322e-02,3.271010219742605165e-03
6.217798310000000050e-02,3.270990777286938902e-03
6.227829700000000329e-02,3.270932450800690446e-03
6.241179809999999883e-02,3.270854684196907586e-03
6.244512879999999933e-02,3.270835242907652474e-03
6.257827400000000317e-02,3.270757479222357982e-03
6.284371810000000114e-02,3.270601958852054330e-03
6.297602060000000168e-02,3.270524202169200999e-03
6.300905280000000663e-02,3.270504763362834782e-03
6.323979509999999582e-02,3.270368695809567575e-03
6.327268960000000109e-02,3.270349258170184101e-03
6.333842739999999416e-02,3.270310383330590591e-03
6.337127069999999585e-02,3.270290946129052190e-03
6.346969869999999347e-02,3.270232635399732048e-03
6.353523260000000505e-02,3.270193762312693670e-03
6.373143000000000558e-02,3.270077146546247499e-03
6.376407089999999722e-02,3.270057711099292122e-03
6.386189339999999437e-02,3.269999405621928402e-03
6.389446769999999887e-02,3.269979970756503942e-03
6.402459889999999321e-02,3.269902232747424076e-03
6.405709029999999415e-02,3.269882798610546613e-03
6.441341509999999604e-02,3.269669032729181565e-03
6.451025289999999524e-02,3.269610736004245014e-03
6.479989830000000561e-02,3.269435853710629322e-03
6.483200120000000288e-02,3.269416423075151117e-03
6.492821479999999479e-02,3.269358132037710179e-03
6.505627819999999784e-02,3.269280412699416584e-03
6.508825470000000057e-02,3.269260983230078913e-03
6.518409000000000009e-02,3.269202695696591613e-03
6.527978469999999589e-02,3.269144409475694107e-03
6.531165170000000075e-02,3.269124981024907999e-03
6.540715969999999491e-02,3.269066696553723714e-03
6.556603060000000538e-02,3.268969558682217284e-03
6.569285060000000509e-02,3.268891851006733296e-03
6.578780519999999354e-02,3.268833571784742886e-03
6.585103220000000646e-02,3.268794719698600842e-03
6.591419860000000130e-02,3.268755868194442044e-03
6.607185029999999848e-02,3.268658741988944485e-03
6.619770129999999475e-02,3.268581043644377612e-03
6.635467940000000509e-02,3.268483923997140932e-03
6.641736669999999398e-02,3.268445077160782569e-03
6.644868819999999454e-02,3.268425653961290218e-03
6.660507479999999703e-02,3.268328540143783899e-03
6.669873070000000015e-02,3.268270273604930148e-03
6.682340109999999889e-02,3.268192586925787544e-03
6.691675140000000188e-02,3.268134323444753415e-03
6.710306259999999912e-02,3.268017800424416214e-03
6.728885780000000427e-02,3.267901282649420935e-03
6.731977379999999622e-02,3.267881863531205133e-03
6.735067570000000114e-02,3.267862444555802610e-03
6.744329620000000247e-02,3.267804188511776956e-03
6.753578970000000126e-02,3.267745933774874982e-03
6.756659280000000545e-02,3.267726515821008180e-03
6.759738179999999486e-02,3.267707098016509309e-03
6.781251330000000188e-02,3.267571177441832859e-03
6.790450389999999614e-02,3.267512927951828853e-03
6.793513980000000230e-02,3.267493511746476145e-03
6.808811230000000325e-02,3.267396432913050996e-03
6.817973099999999342e-02,3.267338187354935225e-03
6.839303080000000423e-02,3.267202286164673421e-03
6.842344790000000343e-02,3.267182872291005038e-03
6.854498139999999629e-02,3.267105218251827817e-03
6.857533120000000593e-02,3.267085805108259876e-03
6.881764710000000396e-02,3.266930505195637414e-03
6.902897569999999483e-02,3.266794625415886128e-03
6.923965930000000601e-02,3.266658752774146378e-03
6.926970470000000379e-02,3.266639342983618504e-03
6.929973700000000014e-02,3.266619933330884486e-03
6.935976259999999949e-02,3.266581114472853677e-03
6.938975599999999688e-02,3.266561705261901254e-03
6.947965829999999676e-02,3.266503478499156125e-03
6.962923760000000462e-02,3.266406436809693795e-03
6.971883119999999767e-02,3.266348213543436053e-03
6.977849630000000636e-02,3.266309398759962776e-03
6.983811040000000026e-02,3.266270584562667306e-03
7.010574679999999337e-02,3.266095927870880933e-03
7.019473210000000407e-02,3.266037711590594455e-03
7.025399309999999509e-02,3.265998901469491060e-03
7.034279089999999346e-02,3.265940687378187952e-03
7.043147669999999527e-02,3.265882474599021441e-03
7.046101389999999409e-02,3.265863070627861992e-03
7.069686679999999390e-02,3.265707844113025643e-03
7.072629310000000391e-02,3.265688441455050998e-03
7.081449859999999763e-02,3.265630234353576744e-03
7.096126429999999319e-02,3.265533225428357555e-03
7.104917809999999889e-02,3.265475021816204981e-03
7.116622760000000658e-02,3.265397419044130736e-03
7.125388859999999547e-02,3.265339218494058265e-03
7.137060239999999667e-02,3.265261619794109903e-03
7.139975099999999741e-02,3.265242220484512823e-03
7.142888779999999327e-02,3.265222821323036408e-03
7.151622679999999899e-02,3.265164624701554028e-03
7.163251310000000316e-02,3.265087031241835792e-03
7.166155520000000445e-02,3.265067633243546978e-03
7.174861100000000380e-02,3.265009440114219081e-03
7.186452140000000599e-02,3.264931851313190945e-03
7.209578290000000222e-02,3.264776680698753489e-03
7.212463850000000454e-02,3.264757285027411471e-03
7.218231499999999690e-02,3.264718494117604258e-03
7.229752999999999874e-02,3.264640914054059515e-03
7.235506869999999702e-02,3.264602124890852997e-03
7.244129109999999927e-02,3.264543942242766842e-03
7.264207849999999855e-02,3.264408187817096837e-03
7.281374140000000661e-02,3.264291832562963777e-03
7.289942130000000298e-02,3.264233656896602716e-03
7.298500049999999406e-02,3.264175482539026334e-03
7.304199769999999980e-02,3.264136700361077673e-03
7.312741009999999819e-02,3.264078528189346545e-03
7.324113840000000264e-02,3.264000967331110586e-03
7.343973900000000388e-02,3.263865241426468135e-03
7.346806670000000095e-02,3.263845852593235189e-03
7.355298439999999327e-02,3.263787686963808953e-03
7.358126850000000496e-02,3.263768298708802276e-03
7.369429630000000342e-02,3.263690747161160713e-03
7.372252619999999923e-02,3.263671359638885185e-03
7.389167900000000178e-02,3.263555037550499183e-03
7.391983359999999836e-02,3.263535651039701016e-03
7.394797729999999514e-02,3.263516264680925774e-03
7.414468470000000477e-02,3.263380564233895470e-03
7.417274320000000198e-02,3.263361179032374642e-03
7.425685499999999661e-02,3.263303024316077747e-03
7.445274629999999727e-02,3.263167335067429509e-03
7.470385179999999847e-02,3.262992887923639711e-03
7.481518369999999585e-02,3.262915359646245423e-03
7.484299079999999493e-02,3.262895977939920915e-03
7.489857399999999554e-02,3.262857214960055048e-03
7.500961690000000626e-02,3.262779690751106861e-03
7.506507669999999688e-02,3.262740929516527635e-03
7.523121089999999789e-02,3.262624649311967901e-03
7.525886430000000571e-02,3.262605269784535442e-03
7.547972660000000500e-02,3.262450238816854385e-03
7.550728900000000521e-02,3.262430860598049178e-03
7.558991580000000432e-02,3.262372726821825310e-03
7.569994450000000485e-02,3.262295217149549335e-03
7.572742679999999726e-02,3.262275840094446076e-03
7.580981359999999780e-02,3.262217709802364002e-03
7.589211099999999821e-02,3.262159580817383057e-03
7.591952370000000505e-02,3.262140204784255704e-03
7.616579349999999526e-02,3.261965826995681921e-03
7.622041209999999567e-02,3.261927077974465829e-03
7.638403350000000369e-02,3.261810834394985800e-03
7.646571289999999632e-02,3.261752714571766049e-03
7.657448329999999581e-02,3.261675223502487255e-03
7.665595969999999815e-02,3.261617106731758055e-03
7.668309930000000163e-02,3.261597734763696261e-03
7.679156169999999670e-02,3.261520248348488433e-03
7.681865340000000597e-02,3.261500877111658554e-03
7.689987119999999732e-02,3.261442764259092023e-03
7.698100330000000324e-02,3.261384652714371252e-03
7.711603370000000290e-02,3.261287803049143542e-03
7.722388809999999881e-02,3.261210325939009787e-03
7.741227159999999885e-02,3.261074746578411163e-03
7.751971380000000078e-02,3.260997275858038523e-03
7.754655109999999962e-02,3.260977908536474758e-03
7.762700729999999494e-02,3.260919807459295317e-03
7.768059839999999494e-02,3.260881074127800448e-03
7.776091590000000497e-02,3.260822975229526934e-03
7.789459440000000290e-02,3.260726146623911612e-03
7.794800159999999700e-02,3.260687416205412976e-03
7.808135970000000536e-02,3.260590592690776508e-03
7.810800410000000304e-02,3.260571228420999432e-03
7.818788249999999995e-02,3.260513136498105393e-03
7.837394890000000391e-02,3.260377593739965246e-03
7.848007460000000490e-02,3.260300143938904896e-03
7.850658350000000452e-02,3.260280781849044223e-03
7.871833409999999531e-02,3.260125890368968226e-03
7.874476290000000100e-02,3.260106529589181130e-03
7.879759379999999591e-02,3.260067808463516792e-03
7.882399599999999340e-02,3.260048448120642789e-03
7.921897310000000636e-02,3.259758060358633643e-03
7.935019529999999544e-02,3.259661271697906863e-03
7.937641369999999530e-02,3.259641914402062069e-03
7.945501689999999451e-02,3.259583843382195603e-03
7.955970049999999683e-02,3.259506417395597374e-03
7.958584990000000525e-02,3.259487061263677005e-03
7.966424649999999386e-02,3.259428993726931015e-03
7.979473639999999646e-02,3.259332217407936907e-03
7.997706450000000022e-02,3.259196736658187370e-03
8.000307750000000551e-02,3.259177382846993511e-03
8.015897800000000573e-02,3.259061263024180290e-03
8.021087740000000521e-02,3.259022557578917807e-03
8.028866380000000691e-02,3.258964500492008125e-03
8.036637480000000111e-02,3.258906444717681299e-03
8.039226180000000332e-02,3.258887093079749445e-03
8.046987279999999465e-02,3.258829039047353871e-03
8.049572650000000329e-02,3.258809687999178559e-03
8.070225790000000454e-02,3.258654884787427503e-03
8.077957099999999446e-02,3.258596835972675087e-03
8.083107209999999820e-02,3.258558137496451231e-03
8.090826210000000296e-02,3.258500090861627362e-03
8.098537860000000477e-02,3.258442045534392078e-03
8.121628870000000000e-02,3.258267917397711204e-03
8.124190489999999487e-02,3.258248570547627853e-03
8.129311300000000018e-02,3.258209877295898879e-03
8.144654410000000400e-02,3.258093801007445802e-03
8.152315139999999349e-02,3.258035764819681816e-03
8.159968680000000141e-02,3.257977729942427257e-03
8.162518259999999859e-02,3.257958385278736900e-03
8.165067049999999438e-02,3.257939040752507332e-03
8.170162240000000686e-02,3.257900352140621122e-03
8.182886339999999314e-02,3.257803633145250292e-03
8.193051390000000156e-02,3.257726260556861528e-03
8.200666909999999865e-02,3.257668232644568996e-03
8.205739989999999429e-02,3.257629548084602610e-03
8.210809939999999529e-02,3.257590864115414517e-03
8.213343739999999504e-02,3.257571522351223377e-03
8.223471150000000174e-02,3.257494156725629971e-03
8.233586090000000191e-02,3.257416793420173269e-03
8.251257400000000519e-02,3.257281413235719840e-03
8.253778790000000642e-02,3.257262073779448180e-03
8.261338329999999563e-02,3.257204056310626390e-03
8.266374179999999572e-02,3.257165378724477794e-03
8.283975550000000077e-02,3.257030011726250781e-03
8.304045720000000075e-02,3.256875315287801297e-03
8.306551080000000586e-02,3.256855978886810058e-03
8.321567409999999776e-02,3.256739963523898936e-03
8.324067490000000569e-02,3.256720628132037543e-03
8.326566829999999808e-02,3.256701292888256050e-03
8.334060340000000455e-02,3.256643288035258009e-03
8.363967260000000625e-02,3.256411281662956268e-03
8.366454680000000310e-02,3.256391948738447586e-03
8.371427300000000571e-02,3.256353283321842575e-03
8.373912499999999759e-02,3.256333950840379233e-03
8.386327459999999567e-02,3.256237290577889808e-03
8.393767620000000540e-02,3.256179296158330169e-03
8.401201190000000263e-02,3.256121303044073184e-03
8.403677589999999920e-02,3.256101972303614318e-03
8.411102400000000645e-02,3.256043980924273797e-03
8.425932399999999656e-02,3.255928002096055048e-03
8.433337620000000423e-02,3.255870014627784779e-03
8.445665230000000412e-02,3.255773371758507659e-03
8.453053160000000010e-02,3.255715387784368590e-03
8.462893709999999570e-02,3.255638077837744431e-03
8.484993209999999730e-02,3.255464138934828066e-03
8.489896399999999343e-02,3.255425487434073298e-03
8.492346929999999849e-02,3.255406161907553522e-03
8.502141990000000593e-02,3.255328861233479972e-03
8.511925789999999492e-02,3.255251562877465796e-03
8.519256259999999359e-02,3.255193590641769844e-03
8.521698349999999589e-02,3.255174266847414826e-03
8.524139740000000187e-02,3.255154943202242124e-03
8.541209930000000228e-02,3.255019681727739419e-03
8.543645739999999877e-02,3.255000359241800451e-03
8.563107309999999639e-02,3.254845784566003444e-03
8.567965800000000576e-02,3.254807142345944246e-03
8.570394000000000623e-02,3.254787821446657094e-03
8.577674509999999586e-02,3.254729859636593288e-03
8.580099970000000520e-02,3.254710539319745615e-03
8.589794970000000363e-02,3.254633259517073027e-03
8.599479040000000685e-02,3.254555982020723975e-03
8.606734940000000667e-02,3.254498025424492572e-03
8.609152209999999805e-02,3.254478706846706485e-03
8.628466029999999620e-02,3.254324163458967994e-03
8.645330230000000671e-02,3.254188945589460338e-03
8.654952159999999839e-02,3.254111681424004098e-03
8.657355969999999679e-02,3.254092365738839483e-03
8.659759109999999593e-02,3.254073050207304148e-03
8.666964550000000322e-02,3.254015104472561103e-03
8.674163999999999486e-02,3.253957160037190127e-03
8.678960310000000122e-02,3.253918531144619347e-03
8.686149819999999799e-02,3.253860588892091253e-03
8.698119120000000204e-02,3.253764021345967230e-03
8.714848529999999482e-02,3.253628832883146728e-03
8.722008450000000301e-02,3.253570897144757255e-03
8.731545890000000365e-02,3.253493651504445541e-03
8.760095880000000335e-02,3.253261928514968385e-03
8.762470840000000094e-02,3.253242619210431567e-03
8.771964279999999725e-02,3.253165383429362182e-03
8.774336039999999781e-02,3.253146074839633785e-03
8.781447459999999761e-02,3.253088149954771156e-03
8.788553120000000551e-02,3.253030226371336243e-03
8.793287040000000165e-02,3.252991611379400447e-03
8.800383150000000432e-02,3.252933689955768252e-03
8.807473540000000656e-02,3.252875769857661685e-03
8.809835729999999920e-02,3.252856463440342676e-03
8.826353389999999632e-02,3.252721322595417044e-03
8.828710539999999607e-02,3.252702017338443292e-03
8.831067049999999363e-02,3.252682712239733567e-03
8.838132819999999779e-02,3.252624797771818191e-03
8.849896570000000129e-02,3.252528276556860502e-03
8.856947319999999846e-02,3.252470365568090917e-03
8.866339600000000543e-02,3.252393152939901753e-03
8.887435929999999706e-02,3.252219432993347543e-03
8.894456929999999817e-02,3.252161528942622282e-03
8.906146280000000470e-02,3.252065025102276758e-03
8.910817729999999381e-02,3.252026424578150290e-03
8.922485650000000490e-02,3.251929925797163948e-03
8.941122649999999616e-02,3.251775535258780592e-03
8.943449539999999420e-02,3.251756237090393069e-03
8.948101510000000536e-02,3.251717641197032858e-03
8.957398210000000471e-02,3.251640451140581575e-03
8.962042940000000679e-02,3.251601856982605336e-03
8.969005530000000170e-02,3.251543966830372241e-03
8.975962719999999728e-02,3.251486077980955507e-03
8.978280580000000399e-02,3.251466781982404776e-03
8.985230589999999851e-02,3.251408894860771757e-03
8.996801999999999577e-02,3.251312419224283452e-03
9.006048429999999327e-02,3.251235241321200325e-03
9.012977020000000061e-02,3.251177359412345865e-03
9.017593120000000351e-02,3.251138772181918872e-03
9.031427279999999780e-02,3.251023014008212579e-03
9.033730919999999331e-02,3.251003721484597899e-03
9.036033960000000587e-02,3.250984429099735510e-03
9.054437240000000331e-02,3.250830095274309835e-03
9.059032220000000357e-02,3.250791513261111834e-03
9.061328829999999723e-02,3.250772222467943236e-03
9.088842950000000642e-02,3.250540744283939281e-03
9.097995829999999673e-02,3.250463589512790456e-03
9.107139520000000210e-02,3.250386437063458415e-03
9.109424000000000687e-02,3.250367149302210885e-03
9.116274030000000306e-02,3.250309286910549409e-03
9.123118909999999859e-02,3.250251425830471153e-03
9.134515649999999654e-02,3.250154993569919371e-03
9.143622810000000267e-02,3.250077850361866080e-03
9.161809969999999692e-02,3.249923570905730724e-03
9.164080830000000122e-02,3.249904286620395027e-03
9.168620859999999928e-02,3.249865718483073602e-03
9.179961109999999758e-02,3.249769300681589878e-03
9.182227469999999780e-02,3.249750017564129005e-03
9.189023229999999931e-02,3.249692169051096244e-03
9.200338330000000509e-02,3.249595757753214863e-03
9.204860469999999462e-02,3.249557194243162059e-03
9.216156120000000562e-02,3.249460788001061126e-03
9.218413590000000546e-02,3.249441507183186122e-03
9.225182690000000019e-02,3.249383665606688908e-03
9.231946820000000442e-02,3.249325825325285501e-03
9.236453490000000321e-02,3.249287265870370867e-03
9.243209369999999536e-02,3.249229427764354500e-03
9.249960320000000236e-02,3.249171590949141968e-03
9.252209549999999838e-02,3.249152312314348371e-03
9.261200969999999755e-02,3.249075199174472628e-03
9.272427989999999787e-02,3.248978810983458362e-03
9.279157679999999742e-02,3.248920979813045562e-03
9.290363000000000093e-02,3.248824597424989236e-03
9.303791570000000122e-02,3.248708943309627784e-03
9.306027779999999361e-02,3.248689668129953623e-03
9.312733189999999883e-02,3.248631843457309726e-03
9.321666239999999715e-02,3.248554745921264711e-03
9.323898160000000657e-02,3.248535471904161025e-03
9.341734349999999965e-02,3.248381284904199029e-03
9.343961480000000097e-02,3.248362012178786489e-03
9.359536559999999394e-02,3.248227107166720608e-03
9.361759449999999816e-02,3.248207835602080935e-03
9.377304960000000522e-02,3.248072938655176441e-03
9.383959440000000374e-02,3.248015127866862427e-03
9.386176549999999952e-02,3.247995857879165758e-03
9.392824739999999784e-02,3.247938048808261379e-03
9.397254260000000026e-02,3.247899510145434848e-03
9.403894620000000093e-02,3.247841703243483421e-03
9.412741149999999390e-02,3.247764629385680932e-03
9.419370589999999377e-02,3.247706825521957160e-03
9.430409309999999989e-02,3.247610488608190099e-03
9.432615499999999487e-02,3.247591221669441676e-03
9.439230989999999877e-02,3.247533421702048211e-03
9.450246499999999383e-02,3.247437091290718628e-03
9.463448200000000587e-02,3.247321499579125092e-03
9.465646689999999974e-02,3.247302234783093662e-03
9.483216279999999443e-02,3.247148121739781932e-03
9.489796490000000639e-02,3.247090331722982635e-03
9.491988880000000461e-02,3.247071068677756869e-03
9.500753380000000192e-02,3.246994017928233126e-03
9.509509800000000290e-02,3.246916969477915346e-03
9.516071830000000231e-02,3.246859184660335577e-03
9.520444000000000129e-02,3.246820662167334507e-03
9.524814160000000252e-02,3.246782140263378743e-03
9.537912649999999437e-02,3.246666577984627221e-03
9.550993169999999477e-02,3.246551020919419706e-03
9.555349359999999737e-02,3.246512503051148055e-03
9.559703569999999928e-02,3.246473985745703533e-03
9.561879930000000138e-02,3.246454727323937802e-03
9.579273010000000088e-02,3.246300665075277977e-03
9.587957719999999628e-02,3.246223637427132248e-03
9.590127669999999604e-02,3.246204380862946579e-03
9.596634569999999698e-02,3.246146612076122959e-03
9.603137069999999331e-02,3.246088844575096329e-03
9.607469620000000377e-02,3.246050333634008331e-03
9.613964780000000543e-02,3.245992568294667896e-03
9.622618180000000465e-02,3.245915549867666849e-03
9.629103129999999622e-02,3.245857787554971754e-03
9.642059930000000667e-02,3.245742266858590592e-03
9.648531809999999487e-02,3.245684508447108183e-03
9.665768969999999349e-02,3.245530492365785672e-03
9.672224980000000694e-02,3.245472738715031533e-03
9.674376029999999516e-02,3.245453487785428508e-03
9.676526600000000256e-02,3.245434237005359081e-03
9.691567219999999705e-02,3.245299485556616282e-03
9.693713980000000230e-02,3.245280235942102787e-03
9.698006060000000095e-02,3.245241737110861335e-03
9.717296979999999473e-02,3.245068499522302686e-03
9.725858440000000049e-02,3.244991508809504099e-03
9.732274600000000164e-02,3.244933767263227103e-03
9.742958790000000313e-02,3.244837534268408576e-03
9.751497720000000535e-02,3.244760550457701301e-03
9.762160879999999541e-02,3.244664323948074497e-03
9.768553189999999720e-02,3.244606589763650815e-03
9.777069770000000604e-02,3.244529612881830258e-03
9.791955950000000297e-02,3.244394908893986386e-03
9.794080700000000472e-02,3.244375666033562366e-03
9.796204990000000057e-02,3.244356423319450997e-03
9.800452190000000230e-02,3.244317938352559751e-03
9.802575099999999431e-02,3.244298696074545720e-03
9.808941070000000428e-02,3.244240970107487628e-03
9.811062140000000042e-02,3.244221728419630860e-03
9.813182759999999893e-02,3.244202486851738461e-03
9.825896829999999915e-02,3.244087040558974247e-03
9.844937149999999360e-02,3.243913880845235038e-03
9.847050470000000277e-02,3.243894641595028612e-03
9.853387700000000582e-02,3.243836924715639072e-03
9.859720869999999415e-02,3.243779209136900526e-03
9.868158759999999530e-02,3.243702257050693014e-03
9.870267110000000010e-02,3.243683019389753501e-03
9.876589439999999831e-02,3.243625307256173609e-03
9.887117689999999626e-02,3.243529123279284120e-03
9.895532220000000101e-02,3.243452178690816885e-03
9.903939609999999616e-02,3.243375236388122782e-03
9.914438809999999436e-02,3.243279061767052798e-03
9.927023199999999992e-02,3.243163656996470978e-03
9.935403930000000217e-02,3.243086723347665245e-03
9.945869920000000031e-02,3.242990559531407600e-03
9.947961800000000576e-02,3.242971327203987304e-03
9.954234789999999444e-02,3.242913631067316504e-03
9.960503830000000391e-02,3.242855936240689792e-03
9.962592630000000060e-02,3.242836704925879197e-03
9.964681000000000233e-02,3.242817473749465274e-03
9.970943470000000197e-02,3.242759781076063209e-03
9.979287320000000683e-02,3.242682859531401986e-03
9.995954120000000165e-02,3.242529023386587009e-03
9.998035519999999565e-02,3.242509794514136529e-03
1.000219702000000044e-01,3.242471337198093041e-03
1.000427710999999970e-01,3.242452108752154252e-03
1.001467112000000020e-01,3.242355968711274107e-03
1.002920464000000011e-01,3.242221378712711356e-03
1.003542684999999962e-01,3.242163699428317943e-03
1.003750006000000000e-01,3.242144473286277112e-03
1.004578862999999933e-01,3.242067570193555518e-03
1.004785970000000028e-01,3.242048344787723524e-03
1.006441294999999986e-01,3.241894546641766947e-03
1.007061340000000027e-01,3.241836874721718779e-03
1.007681004000000047e-01,3.241779204079122279e-03
1.007887474000000033e-01,3.241759980817792743e-03
1.009331579999999950e-01,3.241625422077395319e-03
1.009743802999999995e-01,3.241586978011076065e-03
1.010155856999999935e-01,3.241548534510744605e-03
1.011391013000000061e-01,3.241433207506346902e-03
1.012830123999999971e-01,3.241298665896215868e-03
1.013035545000000037e-01,3.241279446238716239e-03
1.013446261000000015e-01,3.241241007350690977e-03
1.014472322999999954e-01,3.241144912687705416e-03
1.014677410999999946e-01,3.241125694172480431e-03
1.015292426999999942e-01,3.241068039530309742e-03
1.016316624999999974e-01,3.240971951328462230e-03
1.018566236999999958e-01,3.240760569947228817e-03
1.019587146000000000e-01,3.240664493271332505e-03
1.019995224000000006e-01,3.240626063602958760e-03
1.020199202000000027e-01,3.240606848994920849e-03
1.020810889999999999e-01,3.240549206007796446e-03
1.021829558000000027e-01,3.240453137231134786e-03
1.022440270999999956e-01,3.240395497687394849e-03
1.023253987999999948e-01,3.240318646999160689e-03
1.024270225000000062e-01,3.240222586847482569e-03
1.024473352000000032e-01,3.240203375263112345e-03
1.025082489999999957e-01,3.240145741339096278e-03
1.025894110999999997e-01,3.240068898130390399e-03
1.026705091000000014e-01,3.239992057208151109e-03
1.027312905999999970e-01,3.239934428049749161e-03
1.029134196000000001e-01,3.239761548284596834e-03
1.029740576000000019e-01,3.239703924283746789e-03
1.029942623999999946e-01,3.239684716591944690e-03
1.030952267999999949e-01,3.239588680183837048e-03
1.031557580000000002e-01,3.239531060075712121e-03
1.032162536999999963e-01,3.239473441265307372e-03
1.032364110999999945e-01,3.239454235269654571e-03
1.032968595999999989e-01,3.239396618198307938e-03
1.034176504999999996e-01,3.239281387897053558e-03
1.035784859999999974e-01,3.239127755548007904e-03
1.036387349999999957e-01,3.239070145801687707e-03
1.038593488000000009e-01,3.238858921100666068e-03
1.038793813000000038e-01,3.238839719734009238e-03
1.038994099999999976e-01,3.238820518481352363e-03
1.039594729999999967e-01,3.238762915648746125e-03
1.040195012999999974e-01,3.238705314085055850e-03
1.040395030000000054e-01,3.238686113856914517e-03
1.040595009000000043e-01,3.238666913781020756e-03
1.041194715000000048e-01,3.238609314370849163e-03
1.041993786000000033e-01,3.238532517183000548e-03
1.042193458000000017e-01,3.238513318246659650e-03
1.042592687999999990e-01,3.238474920797183593e-03
1.043590092999999996e-01,3.238378929725537966e-03
1.044387331999999946e-01,3.238302139437509476e-03
1.044984860999999959e-01,3.238244548214243464e-03
1.045383024999999994e-01,3.238206154817119178e-03
1.045781035999999997e-01,3.238167761968754280e-03
1.046775404000000048e-01,3.238071782369848078e-03
1.047570218000000025e-01,3.237995001306587673e-03
1.048562888999999970e-01,3.237899028164598070e-03
1.048959693999999970e-01,3.237860639941476503e-03
1.049158040000000014e-01,3.237841446025085338e-03
1.050149209999999972e-01,3.237745478660159458e-03
1.051535277999999934e-01,3.237611130381885891e-03
1.052919521000000025e-01,3.237476789129336077e-03
1.053117120999999962e-01,3.237457598106708700e-03
1.053907153000000069e-01,3.237380835420869841e-03
1.055485441999999968e-01,3.237227316938941311e-03
1.056470674999999970e-01,3.237131372586961580e-03
1.057848460000000018e-01,3.236997056474937278e-03
1.058045140000000023e-01,3.236977869046012059e-03
1.058438389999999951e-01,3.236939494599610275e-03
1.058634960999999958e-01,3.236920307594881325e-03
1.059224453000000010e-01,3.236862747444562479e-03
1.060206211000000037e-01,3.236766816715228728e-03
1.060794830000000022e-01,3.236709260007529770e-03
1.060990963999999953e-01,3.236690074721019703e-03
1.061579148000000028e-01,3.236632519746915782e-03
1.062558730999999951e-01,3.236536597642219494e-03
1.063928632000000069e-01,3.236402312718316722e-03
1.064319707999999975e-01,3.236363946900056542e-03
1.064906052999999991e-01,3.236306399229471088e-03
1.065687344999999980e-01,3.236229671040598711e-03
1.067443161000000001e-01,3.236057040967265253e-03
1.067832950000000003e-01,3.236018680319171451e-03
1.068027790999999949e-01,3.235999500202487323e-03
1.068806801000000001e-01,3.235922781201148925e-03
1.069001465000000012e-01,3.235903601790376689e-03
1.069585242999999963e-01,3.235846064474136655e-03
1.070363119999999946e-01,3.235769350081749065e-03
1.070557500000000051e-01,3.235750171817206207e-03
1.070946155999999982e-01,3.235711815761992734e-03
1.072111278000000001e-01,3.235596751038050632e-03
1.073275134000000047e-01,3.235481691488057907e-03
1.073662806000000025e-01,3.235443339435897965e-03
1.075018556999999958e-01,3.235309111818437770e-03
1.076565896000000050e-01,3.235155717462775363e-03
1.077145573999999939e-01,3.235098196932801717e-03
1.077338731000000022e-01,3.235079023724316861e-03
1.077917994999999934e-01,3.235021504917273173e-03
1.078882741999999950e-01,3.234925643140735586e-03
1.079653919999999934e-01,3.234848956286011986e-03
1.080231942000000056e-01,3.234791442667291593e-03
1.081194624000000049e-01,3.234695589478304382e-03
1.081387057999999984e-01,3.234676419275937884e-03
1.081964153999999956e-01,3.234618909521022601e-03
1.082733136999999984e-01,3.234542231844886144e-03
1.082925297000000009e-01,3.234523062816839836e-03
1.084077544000000004e-01,3.234408051479439883e-03
1.084269466000000043e-01,3.234388883427910619e-03
1.084461354000000044e-01,3.234369715522239074e-03
1.085803620999999941e-01,3.234235544171760839e-03
1.085995238000000002e-01,3.234216377418586228e-03
1.086378370999999954e-01,3.234178044313312014e-03
1.086569886000000040e-01,3.234158877980395849e-03
1.087526959000000015e-01,3.234063048496268761e-03
1.088100798000000008e-01,3.234005552523345952e-03
1.088674334999999993e-01,3.233948057844720711e-03
1.089629559000000053e-01,3.233852236216906446e-03
1.090393136000000068e-01,3.233775581533742966e-03
1.090583945999999971e-01,3.233756418224742989e-03
1.091156177999999949e-01,3.233698929124183101e-03
1.092109230999999958e-01,3.233603116832851378e-03
1.093442109999999967e-01,3.233468985679462723e-03
1.094773366000000026e-01,3.233334861535506598e-03
1.095723272999999942e-01,3.233239062883954285e-03
1.096292821999999972e-01,3.233181585403153372e-03
1.096672357000000042e-01,3.233143267822847187e-03
1.097810174999999944e-01,3.233028318461865155e-03
1.097999696000000053e-01,3.233009160742689788e-03
1.098568065000000010e-01,3.232951688448150885e-03
1.099703920999999945e-01,3.232836747693227427e-03
1.100271409999999950e-01,3.232779279285311752e-03
1.101594412999999939e-01,3.232645191295803553e-03
1.101783283000000030e-01,3.232626036441654110e-03
1.102349700999999960e-01,3.232568572724832303e-03
1.103293085000000007e-01,3.232472802758231106e-03
1.104047211000000056e-01,3.232396189362494229e-03
1.104235662999999978e-01,3.232377036375765067e-03
1.104612467999999958e-01,3.232338730836979441e-03
1.105742115999999997e-01,3.232223817602547945e-03
1.106306506999999995e-01,3.232166362951752712e-03
1.108373482000000049e-01,3.231955706878976691e-03
1.108561197000000054e-01,3.231936557181958915e-03
1.109311741999999962e-01,3.231859959824960951e-03
1.109874317999999943e-01,3.231802513334003108e-03
1.110249209999999986e-01,3.231764216391579819e-03
1.110811310999999940e-01,3.231706772040845738e-03
1.111560337000000037e-01,3.231630181569442300e-03
1.113056877000000028e-01,3.231477007542420208e-03
1.113243802999999976e-01,3.231457861452412088e-03
1.113617560000000062e-01,3.231419569658129393e-03
1.114364699999999958e-01,3.231342987796196296e-03
1.114738081999999963e-01,3.231304697716770591e-03
1.115297920000000026e-01,3.231247263685456741e-03
1.116043934999999959e-01,3.231170687000858334e-03
1.116789450999999961e-01,3.231094112610728361e-03
1.117534470000000058e-01,3.231017540486571821e-03
1.118278993000000054e-01,3.230940970662428326e-03
1.120323877999999940e-01,3.230730415482542268e-03
1.121994194000000000e-01,3.230558155949680814e-03
1.122179632000000066e-01,3.230539016728043583e-03
1.122550414000000052e-01,3.230500738693406221e-03
1.122735759000000055e-01,3.230481599894941339e-03
1.123476835000000035e-01,3.230405046106631095e-03
1.123662027999999952e-01,3.230385908041216985e-03
1.124217421999999938e-01,3.230328494644591538e-03
1.124957521999999932e-01,3.230251945459507081e-03
1.125142469999999978e-01,3.230232808498345078e-03
1.125512277000000061e-01,3.230194535038150537e-03
1.126436261999999994e-01,3.230098853926045583e-03
1.126620968000000000e-01,3.230079718142327139e-03
1.128466364999999999e-01,3.229888368086242245e-03
1.128650739000000014e-01,3.229869233886513251e-03
1.129387933000000066e-01,3.229792698435856452e-03
1.131044863999999955e-01,3.229620502068680354e-03
1.131412740999999944e-01,3.229582237782239584e-03
1.131596634999999934e-01,3.229563105849855755e-03
1.133066709999999977e-01,3.229410055604975318e-03
1.133617497000000002e-01,3.229352664106860653e-03
1.133801033000000069e-01,3.229333533922022076e-03
1.134351462999999977e-01,3.229276144125704101e-03
1.135451522999999935e-01,3.229161368479622173e-03
1.136550518000000037e-01,3.229046597962686050e-03
1.136916614000000048e-01,3.229008342282603528e-03
1.137465535999999944e-01,3.228950959792148499e-03
1.138014194000000062e-01,3.228893578636429611e-03
1.138379818999999959e-01,3.228855325210581648e-03
1.139658583000000003e-01,3.228721442809634815e-03
1.140388660999999970e-01,3.228644941746161654e-03
1.141300601999999942e-01,3.228549318617015846e-03
1.141847416999999948e-01,3.228491946456766258e-03
1.142393970000000064e-01,3.228434575610418349e-03
1.142576096000000041e-01,3.228415452273029028e-03
1.143122300999999952e-01,3.228358083103853408e-03
1.143304311000000045e-01,3.228338960345326566e-03
1.144032063000000043e-01,3.228262470706298997e-03
1.144213927999999936e-01,3.228243348671932904e-03
1.145304515000000051e-01,3.228128619385901323e-03
1.146938450999999970e-01,3.227956535091784391e-03
1.148388887000000025e-01,3.227803581031630804e-03
1.148570062999999947e-01,3.227784462399956467e-03
1.148932327999999947e-01,3.227746225615605279e-03
1.149656517000000044e-01,3.227669753712064400e-03
1.149837492999999933e-01,3.227650636101278298e-03
1.150561112000000052e-01,3.227574167065191957e-03
1.151284276999999939e-01,3.227497700349863784e-03
1.151826351999999942e-01,3.227440351796635049e-03
1.152909738000000017e-01,3.227325658572810074e-03
1.153992105999999962e-01,3.227210970479923741e-03
1.154352669999999942e-01,3.227172742239302512e-03
1.154713121999999953e-01,3.227134514600916125e-03
1.154893305000000009e-01,3.227115401000002753e-03
1.155433686999999959e-01,3.227058061019338984e-03
1.155613758999999990e-01,3.227038948004152825e-03
1.157053318999999997e-01,3.226886048877059942e-03
1.157233138000000050e-01,3.226866937094831963e-03
1.157772427999999992e-01,3.226809602734641898e-03
1.158670687000000060e-01,3.226714048265476135e-03
1.159209308000000022e-01,3.226656717306216650e-03
1.159747678999999976e-01,3.226599387626814461e-03
1.159927079999999999e-01,3.226580278032694683e-03
1.160465118000000018e-01,3.226522950101729393e-03
1.161182114000000043e-01,3.226446514823178447e-03
1.161540446000000060e-01,3.226408298030725586e-03
1.162793738999999965e-01,3.226274543845714885e-03
1.162972671000000041e-01,3.226255436656611832e-03
1.163509300000000052e-01,3.226198116011256591e-03
1.164224420999999954e-01,3.226121690459148820e-03
1.164403133000000007e-01,3.226102584435030108e-03
1.165653348000000034e-01,3.225968846216996280e-03
1.166902222999999933e-01,3.225835115000700616e-03
1.167258798999999958e-01,3.225796907408382333e-03
1.167793458999999978e-01,3.225739597020732801e-03
1.168327873999999988e-01,3.225682287944760165e-03
1.168505957999999983e-01,3.225663185192716338e-03
1.169040048000000026e-01,3.225605877822829495e-03
1.169218023000000023e-01,3.225586775661313296e-03
1.170640854000000036e-01,3.225433963440413158e-03
1.171529245999999996e-01,3.225338460463641945e-03
1.172061957999999959e-01,3.225281160373287548e-03
1.172771863999999969e-01,3.225204762279008323e-03
1.174190388000000002e-01,3.225051972953309545e-03
1.174367582999999993e-01,3.225032874918368295e-03
1.174721893000000017e-01,3.224994679292391125e-03
1.175607201000000018e-01,3.224899192717398718e-03
1.176845512999999954e-01,3.224765517547237802e-03
1.177022308000000017e-01,3.224746421675078658e-03
1.177199077000000010e-01,3.224727325944969081e-03
1.177552535000000039e-01,3.224689134902295265e-03
1.178612272999999960e-01,3.224574565170009767e-03
1.179141783999999998e-01,3.224517282226261987e-03
1.180552655000000062e-01,3.224364534053868366e-03
1.181961841000000041e-01,3.224211794989756148e-03
1.182665804000000015e-01,3.224135428898972262e-03
1.182841728999999981e-01,3.224116337705293378e-03
1.183193502000000064e-01,3.224078155807145844e-03
1.183369348999999959e-01,3.224059065076739609e-03
1.183896732999999979e-01,3.224001793734514523e-03
1.184248192000000033e-01,3.223963613518291554e-03
1.184775183999999953e-01,3.223906344322867434e-03
1.186003924000000043e-01,3.223772721123057284e-03
1.186880815999999950e-01,3.223677280276648557e-03
1.187056117000000049e-01,3.223658192547355136e-03
1.187581862999999988e-01,3.223600930198608321e-03
1.188107377000000020e-01,3.223543669109872698e-03
1.188282496999999993e-01,3.223524582359391360e-03
1.188457591000000035e-01,3.223505495742954273e-03
1.189507612999999991e-01,3.223390979177474802e-03
1.191604881999999976e-01,3.223161961401293640e-03
1.191779488000000026e-01,3.223142877554106660e-03
1.192652134000000003e-01,3.223047460265801318e-03
1.193872765999999946e-01,3.222913882051705974e-03
1.194395511999999937e-01,3.222856636412218135e-03
1.195266247000000004e-01,3.222761229810511968e-03
1.195440318000000057e-01,3.222742148919750457e-03
1.196831975000000048e-01,3.222589506963262698e-03
1.197353428999999997e-01,3.222532268596593925e-03
1.198048347999999957e-01,3.222455952732924608e-03
1.199436978999999931e-01,3.222303327903317492e-03
1.199957301000000032e-01,3.222246095963045894e-03
1.200130692000000027e-01,3.222227018921481820e-03
1.200650713000000064e-01,3.222169788707717614e-03
1.200997268999999951e-01,3.222131635910761155e-03
1.201516915000000046e-01,3.222074407784177204e-03
1.202382493999999968e-01,3.221979030497936890e-03
1.203593257999999999e-01,3.221845508256008118e-03
1.203766123999999993e-01,3.221826434219124749e-03
1.204284575999999968e-01,3.221769212945927580e-03
1.204802804999999949e-01,3.221711992963915451e-03
1.205148166999999992e-01,3.221673847042164692e-03
1.205493428999999950e-01,3.221635701674191877e-03
1.206356155000000013e-01,3.221540340780027628e-03
1.207045890999999954e-01,3.221464054594407392e-03
1.207735233000000047e-01,3.221387770723994209e-03
1.207907507000000047e-01,3.221368700136904243e-03
1.208251981000000030e-01,3.221330559333493264e-03
1.208424181999999958e-01,3.221311489134425811e-03
1.209800902000000011e-01,3.221158932810563608e-03
1.211004249000000033e-01,3.221025453463124445e-03
1.211691339000000034e-01,3.220949182700384196e-03
1.211863051000000024e-01,3.220930115372517416e-03
1.212034738000000028e-01,3.220911048200262271e-03
1.212549653999999977e-01,3.220853847503128958e-03
1.213064352000000068e-01,3.220796648050526598e-03
1.213407361999999934e-01,3.220758515820730094e-03
1.213921696000000022e-01,3.220701318525929450e-03
1.214607136000000059e-01,3.220625057477470229e-03
1.214778435000000018e-01,3.220605992543020945e-03
1.216147962999999943e-01,3.220453478436528533e-03
1.216661138000000031e-01,3.220396287974105435e-03
1.217174097000000010e-01,3.220339098825516794e-03
1.217515948999999958e-01,3.220300973437209904e-03
1.219394424999999949e-01,3.220091293963487679e-03
1.220076789999999939e-01,3.220015051152607007e-03
1.220247321999999995e-01,3.219995990783599497e-03
1.220758774000000046e-01,3.219938810642643603e-03
1.222121599000000058e-01,3.219786336414803222e-03
1.222632267000000050e-01,3.219729160935667304e-03
1.222802442999999933e-01,3.219710102725517522e-03
1.223993007000000049e-01,3.219576699271825375e-03
1.224162993000000033e-01,3.219557642221569389e-03
1.224332954999999973e-01,3.219538585304112122e-03
1.224672809999999973e-01,3.219500471872041147e-03
1.225522032999999955e-01,3.219405190832537542e-03
1.225691807000000022e-01,3.219386135032113391e-03
1.226200987999999936e-01,3.219328968505378794e-03
1.226709956999999934e-01,3.219271803338371631e-03
1.226879567000000032e-01,3.219252748505624807e-03
1.227388254999999956e-01,3.219195585032187841e-03
1.228235601000000066e-01,3.219100315370176067e-03
1.228405000000000052e-01,3.219081261847346262e-03
1.230097705999999985e-01,3.218890734689194757e-03
1.230266849000000023e-01,3.218871682708019776e-03
1.231619152999999939e-01,3.218719272363654293e-03
1.232294748999999967e-01,3.218643070623224915e-03
1.232463589999999998e-01,3.218624020526477877e-03
1.232969973999999969e-01,3.218566871122493980e-03
1.233476151000000021e-01,3.218509722995787411e-03
1.234824939999999982e-01,3.218357334329494460e-03
1.234993434999999973e-01,3.218338286354762660e-03
1.236340570000000055e-01,3.218185907891388080e-03
1.237013586999999998e-01,3.218109722121753266e-03
1.237686238000000050e-01,3.218033538600777177e-03
1.238862498000000006e-01,3.217900222900984229e-03
1.239198366999999940e-01,3.217862133970982030e-03
1.240373193999999984e-01,3.217728827241119350e-03
1.240540935000000039e-01,3.217709783989740769e-03
1.240876350000000017e-01,3.217671697943584944e-03
1.241044023999999940e-01,3.217652655123615611e-03
1.241882051999999986e-01,3.217557443160729697e-03
1.242384596999999979e-01,3.217500317685864468e-03
1.242886938999999968e-01,3.217443193509399862e-03
1.243556412999999999e-01,3.217367029897284358e-03
1.244392748999999937e-01,3.217271828659610394e-03
1.244559949000000054e-01,3.217252788834400017e-03
1.245061412999999978e-01,3.217195670179660415e-03
1.245562676000000063e-01,3.217138552807652981e-03
1.245896739000000031e-01,3.217100475300074987e-03
1.246397665999999932e-01,3.217043360084897389e-03
1.247065254999999984e-01,3.216967208471274361e-03
1.248232677000000040e-01,3.216833948599703234e-03
1.248566024999999968e-01,3.216795875638185382e-03
1.248899284999999970e-01,3.216757803192885241e-03
1.249898531000000063e-01,3.216643589430683448e-03
1.250397853999999920e-01,3.216586484467928025e-03
1.251063309000000068e-01,3.216510346502337789e-03
1.251562167999999975e-01,3.216453244532589684e-03
1.252393156999999924e-01,3.216358077425262706e-03
1.252559289000000076e-01,3.216339044411399388e-03
1.253887550999999989e-01,3.216186785562768265e-03
1.255048625999999889e-01,3.216053566537627542e-03
1.255711616000000086e-01,3.215977444488456963e-03
1.256374255999999912e-01,3.215901324749302279e-03
1.256871006999999985e-01,3.215844236446289452e-03
1.257036547000000004e-01,3.215825207268772305e-03
1.257863919999999969e-01,3.215730063677946574e-03
1.258360081999999880e-01,3.215672979187739720e-03
1.259021328999999911e-01,3.215596868521616424e-03
1.259517035000000118e-01,3.215539787045831616e-03
1.260177674000000081e-01,3.215463680379749938e-03
1.261002985999999937e-01,3.215368550289913595e-03
1.261662846999999921e-01,3.215292448727870636e-03
1.261827758000000077e-01,3.215273423682758844e-03
1.262981534000000017e-01,3.215140252468909506e-03
1.264463413999999952e-01,3.214969042601636875e-03
1.264792483999999939e-01,3.214930997534809487e-03
1.264956988000000004e-01,3.214911975183386283e-03
1.265450368999999908e-01,3.214854909071217671e-03
1.266272243999999880e-01,3.214759801718004243e-03
1.266765113999999970e-01,3.214702738992968652e-03
1.267421974000000062e-01,3.214626657357809187e-03
1.268242572000000123e-01,3.214531558528436247e-03
1.268406628000000036e-01,3.214512539172175755e-03
1.268898668000000007e-01,3.214455482017317730e-03
1.269390516999999996e-01,3.214398426101883633e-03
1.269718310999999877e-01,3.214360389567688745e-03
1.270209843000000005e-01,3.214303335815250559e-03
1.270701184999999955e-01,3.214246283353832181e-03
1.270864922999999924e-01,3.214227266154715077e-03
1.272174071999999934e-01,3.214075133622359103e-03
1.272337621000000085e-01,3.214056117678527804e-03
1.272828141000000024e-01,3.213999070766490693e-03
1.273481874999999874e-01,3.213923010149818526e-03
1.273645256000000003e-01,3.213903995364244745e-03
1.274625101000000094e-01,3.213789909599674543e-03
1.275277914000000068e-01,3.213713855322446536e-03
1.276745521000000050e-01,3.213542741394442587e-03
1.277234348000000075e-01,3.213485705954071108e-03
1.277560128999999933e-01,3.213447683052610485e-03
1.277885826999999863e-01,3.213409660742347091e-03
1.278048645000000039e-01,3.213390649781670307e-03
1.278699709999999989e-01,3.213314607370941836e-03
1.280488429999999955e-01,3.213105502540838758e-03
1.281138253999999921e-01,3.213029468686250025e-03
1.281463043000000135e-01,3.212991452625067745e-03
1.283896338999999942e-01,3.212706350130649802e-03
1.284544438999999927e-01,3.212630328208883855e-03
1.285192213000000139e-01,3.212554308590028808e-03
1.285354105000000025e-01,3.212535304006136974e-03
1.285839659999999940e-01,3.212478291182039800e-03
1.286486780999999968e-01,3.212402276077783950e-03
1.286648511000000050e-01,3.212383272664932378e-03
1.287780048000000122e-01,3.212250252680827044e-03
1.287941615000000040e-01,3.212231250382122875e-03
1.288264688999999907e-01,3.212193246272311911e-03
1.288426195000000052e-01,3.212174244390874223e-03
1.289233422999999934e-01,3.212079237255869961e-03
1.290201430000000038e-01,3.211965233311754250e-03
1.290362693999999866e-01,3.211946233137387245e-03
1.291007547999999949e-01,3.211870233971291476e-03
1.291813162999999876e-01,3.211775238172522116e-03
1.292296290999999930e-01,3.211718242407461850e-03
1.293101103000000029e-01,3.211623252292965421e-03
1.293583749999999977e-01,3.211566259872067342e-03
1.295512538999999963e-01,3.211338303212527348e-03
1.295673142000000055e-01,3.211319307714700314e-03
1.295994287999999994e-01,3.211281317213141896e-03
1.296636341000000081e-01,3.211205337914830194e-03
1.296796805000000052e-01,3.211186343439418386e-03
1.297438461000000043e-01,3.211110366948750558e-03
1.298079799999999895e-01,3.211034392733668700e-03
1.298240085000000044e-01,3.211015399559027581e-03
1.298560595999999900e-01,3.210977413555216389e-03
1.299361528000000099e-01,3.210882451151581343e-03
1.299521654999999942e-01,3.210863459060502717e-03
1.301121842999999889e-01,3.210673546259062983e-03
1.301281753000000097e-01,3.210654555809337209e-03
1.301761367000000003e-01,3.210597585122888006e-03
1.301921198999999862e-01,3.210578595186390580e-03
1.303358805000000009e-01,3.210407692202801345e-03
1.303678057000000057e-01,3.210369715333641957e-03
1.304635345999999863e-01,3.210255788093203510e-03
1.305113727999999973e-01,3.210198826375682338e-03
1.305591932999999871e-01,3.210141865983051884e-03
1.305751296999999866e-01,3.210122879435704096e-03
1.306229268999999915e-01,3.210065920708167920e-03
1.307025501999999895e-01,3.209970992335096397e-03
1.307184690000000038e-01,3.209952007081764720e-03
1.308139412999999862e-01,3.209838098601560958e-03
1.308298465000000133e-01,3.209819114338991440e-03
1.308457499000000024e-01,3.209800130186288031e-03
1.309570191999999966e-01,3.209667245402174525e-03
1.309729071000000078e-01,3.209648262378137721e-03
1.310840685000000116e-01,3.209515385532669181e-03
1.311316801999999893e-01,3.209458440453891778e-03
1.311475470000000032e-01,3.209439459022307272e-03
1.312268518999999967e-01,3.209344554068218648e-03
1.312744117999999904e-01,3.209287612746994107e-03
1.313377983000000027e-01,3.209211693058763165e-03
1.313853181000000092e-01,3.209154754748672067e-03
1.314011542000000088e-01,3.209135775605660539e-03
1.314644795999999893e-01,3.209059860412638056e-03
1.315277744999999998e-01,3.208983947535974483e-03
1.315752256000000120e-01,3.208927014355860557e-03
1.316068501999999862e-01,3.208889059607058798e-03
1.316542729000000078e-01,3.208832128532964224e-03
1.317016785000000023e-01,3.208775198766051877e-03
1.318280101000000037e-01,3.208623392233512020e-03
1.318437929999999869e-01,3.208604417081787393e-03
1.318595740999999877e-01,3.208585441995833072e-03
1.319069059000000099e-01,3.208528517741256973e-03
1.321118145000000077e-01,3.208281860761547869e-03
1.321433106999999885e-01,3.208243915661170530e-03
1.322220182999999938e-01,3.208149055319536695e-03
1.322849506999999869e-01,3.208073169672917731e-03
1.323635740999999921e-01,3.207978315753549827e-03
1.323950104000000128e-01,3.207940375169213675e-03
1.324735684999999996e-01,3.207845526271075297e-03
1.325991646999999940e-01,3.207693775301795596e-03
1.326148558999999949e-01,3.207674807106638236e-03
1.326619182000000063e-01,3.207617903267359193e-03
1.327089637999999960e-01,3.207561000639378140e-03
1.327403182999999931e-01,3.207523066337966255e-03
1.328343374000000021e-01,3.207409266734983968e-03
1.328500008000000066e-01,3.207390300666771062e-03
1.328969798999999896e-01,3.207333403184508495e-03
1.329908881999999903e-01,3.207219612074212797e-03
1.330378174999999885e-01,3.207162718417884157e-03
1.331159962000000030e-01,3.207067898569828865e-03
1.331628814999999966e-01,3.207011008350697367e-03
1.332097502000000044e-01,3.206954119340813415e-03
1.332253693999999877e-01,3.206935156667141233e-03
1.333502575000000134e-01,3.206783460123223319e-03
1.333658601999999915e-01,3.206764498740823782e-03
1.333970603000000088e-01,3.206726576278741761e-03
1.334906168999999976e-01,3.206612812361472539e-03
1.335373705000000022e-01,3.206555932351515259e-03
1.335996832999999939e-01,3.206480094329462911e-03
1.336463988000000103e-01,3.206423217244381250e-03
1.336619671000000009e-01,3.206404258522213557e-03
1.337242217999999871e-01,3.206328424983771307e-03
1.338330979000000032e-01,3.206195721735408642e-03
1.338641891000000028e-01,3.206157807863080529e-03
1.340971431999999908e-01,3.205873471417474644e-03
1.341126591000000035e-01,3.205854516782186657e-03
1.341591960000000083e-01,3.205797653750196152e-03
1.342057167000000051e-01,3.205740792003813552e-03
1.342212201000000105e-01,3.205721838341441757e-03
1.342367215999999974e-01,3.205702884857854467e-03
1.343451823000000045e-01,3.205570214331988389e-03
1.343606696000000100e-01,3.205551261985960763e-03
1.344845033000000023e-01,3.205399648217316898e-03
1.345309115999999972e-01,3.205342795332671163e-03
1.345773037999999922e-01,3.205285943820241571e-03
1.346391352999999902e-01,3.205210143732251798e-03
1.346545888000000024e-01,3.205191194060409698e-03
1.347009383999999976e-01,3.205134345863868469e-03
1.347163848000000053e-01,3.205115396733436168e-03
1.347781523999999898e-01,3.205039601749171997e-03
1.348398918000000002e-01,3.204963809025613338e-03
1.348861778000000067e-01,3.204906965971077420e-03
1.349016029000000005e-01,3.204888018536001647e-03
1.350249404999999958e-01,3.204736444384665046e-03
1.350711631000000024e-01,3.204679606393982978e-03
1.350865670999999990e-01,3.204660660685349112e-03
1.351327686000000083e-01,3.204603824402195694e-03
1.351943459999999930e-01,3.204528044731564697e-03
1.352251241999999909e-01,3.204490155688936946e-03
1.352712784000000001e-01,3.204433323234473063e-03
1.353942793000000033e-01,3.204281776260876555e-03
1.354557378000000034e-01,3.204206006130502164e-03
1.354710980999999925e-01,3.204187064000423718e-03
1.355939177000000107e-01,3.204035531691858119e-03
1.356246051999999980e-01,3.203997650080155166e-03
1.356399463000000083e-01,3.203978709486417654e-03
1.357166260999999874e-01,3.203884008485046158e-03
1.358085847000000124e-01,3.203770372034152498e-03
1.358698557999999945e-01,3.203694617211070867e-03
1.358851692999999972e-01,3.203675678897160289e-03
1.359464059000000113e-01,3.203599926905789218e-03
1.359617106999999880e-01,3.203580989259309595e-03
1.360840875000000061e-01,3.203429493224981515e-03
1.361299504000000049e-01,3.203372684543931859e-03
1.361757979000000063e-01,3.203315877169631183e-03
1.361910769999999937e-01,3.203296941634739374e-03
1.363590336999999930e-01,3.203088660204610368e-03
1.363742921999999969e-01,3.203069726402104928e-03
1.364505592999999961e-01,3.202975059402812363e-03
1.364962990999999959e-01,3.202918260955452904e-03
1.365572616000000072e-01,3.202842531597836946e-03
1.366791052000000117e-01,3.202691079702752776e-03
1.366943280000000038e-01,3.202672148816190431e-03
1.367399861999999966e-01,3.202615357141117263e-03
1.367856292000000085e-01,3.202558566681553559e-03
1.368160494000000005e-01,3.202520707106003024e-03
1.368464628999999932e-01,3.202482848075460971e-03
1.369224669999999922e-01,3.202388202993484891e-03
1.370439857999999900e-01,3.202236778198472040e-03
1.370591680999999895e-01,3.202217850803465698e-03
1.370895276000000107e-01,3.202179996252252879e-03
1.371047048000000046e-01,3.202161069211559036e-03
1.371502263999999915e-01,3.202104288982279834e-03
1.372260621999999985e-01,3.202009658068337688e-03
1.374078974000000064e-01,3.201782558230315510e-03
1.374230395000000104e-01,3.201763634210573212e-03
1.375289872999999885e-01,3.201631169663239108e-03
1.375441161000000023e-01,3.201612246708656490e-03
1.375894923000000047e-01,3.201555478797931883e-03
1.376348535999999956e-01,3.201498712120145074e-03
1.376499707000000128e-01,3.201479790148599892e-03
1.377708478000000125e-01,3.201328419658964943e-03
1.377859499999999904e-01,3.201309498989990225e-03
1.379067079000000084e-01,3.201158138702755399e-03
1.379519649000000014e-01,3.201101380895151390e-03
1.380575068000000072e-01,3.200968951026123086e-03
1.380725775999999960e-01,3.200950033070120142e-03
1.381479070999999947e-01,3.200855445237872458e-03
1.381930851000000016e-01,3.200798694227851345e-03
1.382683489000000043e-01,3.200704112052345663e-03
1.383134874999999986e-01,3.200647364409256283e-03
1.384788700000000039e-01,3.200439300718603032e-03
1.385089183000000057e-01,3.200401472828610320e-03
1.385389600999999971e-01,3.200363645495382312e-03
1.385990242000000039e-01,3.200287992411816797e-03
1.386290464000000111e-01,3.200250166759731427e-03
1.386740676999999866e-01,3.200193429338798069e-03
1.387190742999999948e-01,3.200136693186066833e-03
1.387340732000000021e-01,3.200117781417393618e-03
1.387490705999999963e-01,3.200098869741452648e-03
1.387790603999999872e-01,3.200061046956333491e-03
1.388540065999999962e-01,3.199966492347069199e-03
1.389139343999999943e-01,3.199890851135360047e-03
1.389588633000000129e-01,3.199834121769021440e-03
1.390337125999999979e-01,3.199739575626677456e-03
1.390935630000000034e-01,3.199663941273618670e-03
1.392131866000000107e-01,3.199512679225325132e-03
1.392281324000000098e-01,3.199493772139010584e-03
1.392580190000000107e-01,3.199455958348444793e-03
1.393476405000000085e-01,3.199342520340651193e-03
1.394372043000000061e-01,3.199229087402918285e-03
1.394521260000000096e-01,3.199210182439359701e-03
1.395565333999999880e-01,3.199077851388819078e-03
1.395863497000000009e-01,3.199040043796081562e-03
1.396310622999999973e-01,3.198983333494184820e-03
1.396757604999999958e-01,3.198926624466231269e-03
1.396906566999999988e-01,3.198907721678597490e-03
1.397502257999999886e-01,3.198832112137508458e-03
1.398246513999999996e-01,3.198737603426976897e-03
1.399287808000000133e-01,3.198605297123681326e-03
1.399436501000000110e-01,3.198586396763147301e-03
1.399882484999999954e-01,3.198529696615564581e-03
1.400625477000000119e-01,3.198435199211037763e-03
1.401071081999999968e-01,3.198378502401526616e-03
1.401665002999999965e-01,3.198302908694062793e-03
1.402110277999999988e-01,3.198246214914881105e-03
1.402852089999999941e-01,3.198151727982976623e-03
1.403445257000000002e-01,3.198076141047791286e-03
1.403889966999999905e-01,3.198019452312692804e-03
1.405075174000000038e-01,3.197868288599487602e-03
1.405223254999999893e-01,3.197849393777887472e-03
1.406407338000000007e-01,3.197698240195901917e-03
1.406555278999999936e-01,3.197679346646399665e-03
1.406851112999999986e-01,3.197641559934999173e-03
1.407590425999999950e-01,3.197547095693699729e-03
1.407738242000000084e-01,3.197528203260112129e-03
1.408181597000000007e-01,3.197471526767161915e-03
1.408624812000000004e-01,3.197414851612016568e-03
1.408920210999999867e-01,3.197377068834745140e-03
1.409215548999999956e-01,3.197339286644107752e-03
1.409953622000000018e-01,3.197244833652774978e-03
1.410101189999999893e-01,3.197225943490631696e-03
1.411281181000000051e-01,3.197074827173874804e-03
1.411723423000000033e-01,3.197018160800963946e-03
1.412312863999999890e-01,3.196942607777256834e-03
1.412902058999999932e-01,3.196867056940822221e-03
1.413491007999999882e-01,3.196791508344725731e-03
1.413638207000000035e-01,3.196772621505365470e-03
1.413932558999999867e-01,3.196734848345595282e-03
1.414079712000000100e-01,3.196715962006916115e-03
1.414521079000000126e-01,3.196659303731145402e-03
1.414815248000000081e-01,3.196621532285404306e-03
1.415256386000000033e-01,3.196564876168797933e-03
1.415844356000000026e-01,3.196489336563063284e-03
1.416285173000000064e-01,3.196432683408629519e-03
1.417019563999999954e-01,3.196338264268515882e-03
1.418340509000000083e-01,3.196168318634790093e-03
1.419220455000000103e-01,3.196055027971372343e-03
1.419513649999999960e-01,3.196017265552420113e-03
1.420539353999999976e-01,3.195885101400656840e-03
1.420685821999999876e-01,3.195866221378572489e-03
1.420978713999999921e-01,3.195828461716337856e-03
1.422295982000000014e-01,3.195658550458686537e-03
1.423319681000000114e-01,3.195526405044178068e-03
1.423465864000000025e-01,3.195507527703972742e-03
1.424196550999999866e-01,3.195413143061614017e-03
1.424634784000000098e-01,3.195356514003488101e-03
1.425072881999999985e-01,3.195299886225404229e-03
1.425364872999999866e-01,3.195262135081175774e-03
1.425802747000000092e-01,3.195205509341768856e-03
1.426386369000000043e-01,3.195130010416286342e-03
1.427407133999999966e-01,3.194997892632655059e-03
1.427990101000000123e-01,3.194922399893952367e-03
1.428135805000000091e-01,3.194903527068516675e-03
1.428572830000000016e-01,3.194846909448351147e-03
1.428718475000000099e-01,3.194828037128337548e-03
1.429300907000000120e-01,3.194752549495335440e-03
1.429883100999999879e-01,3.194677064017367295e-03
1.430319592000000029e-01,3.194620451478558543e-03
1.431628265000000066e-01,3.194450621263547271e-03
1.432354788000000101e-01,3.194356276113308624e-03
1.432645294999999874e-01,3.194318539042712620e-03
1.432790526000000120e-01,3.194299670690962673e-03
1.433226130999999959e-01,3.194243066610732810e-03
1.433371303000000041e-01,3.194224198799566500e-03
1.433951844999999947e-01,3.194148729115945523e-03
1.434677192000000101e-01,3.194054395244080944e-03
1.434967228000000039e-01,3.194016662717457343e-03
1.435112223999999992e-01,3.193997796661506797e-03
1.435836984999999955e-01,3.193903468363342574e-03
1.436271665999999947e-01,3.193846873129773962e-03
1.436851036000000026e-01,3.193771414678230752e-03
1.437285409999999874e-01,3.193714822414442812e-03
1.438009075999999997e-01,3.193620504689505778e-03
1.438587745999999890e-01,3.193545053107677001e-03
1.439744389000000013e-01,3.193394156632718087e-03
1.440322361999999967e-01,3.193318711738938730e-03
1.440466819000000009e-01,3.193299850913503858e-03
1.441477613000000102e-01,3.193167828767298506e-03
1.441910593999999879e-01,3.193111249983217066e-03
1.442487698999999901e-01,3.193035813574762564e-03
1.442776165000000110e-01,3.192998096175365692e-03
1.443641216999999866e-01,3.192884947458780268e-03
1.443785341999999916e-01,3.192866089875015349e-03
1.444361698000000138e-01,3.192790660745468793e-03
1.444937823999999926e-01,3.192715233941717610e-03
1.445081820000000128e-01,3.192696377564781165e-03
1.445513720000000113e-01,3.192639809386008023e-03
1.445945492000000054e-01,3.192583242403037886e-03
1.447096254000000137e-01,3.192432403317232298e-03
1.448389767999999911e-01,3.192262720221295327e-03
1.448533421000000043e-01,3.192243867240335091e-03
1.448820682999999998e-01,3.192206161658372402e-03
1.448964292000000098e-01,3.192187309101199473e-03
1.449682127999999959e-01,3.192093048422941018e-03
1.450686501000000017e-01,3.191961089384229722e-03
1.450829925999999881e-01,3.191942238621603076e-03
1.451833503999999941e-01,3.191810287484012944e-03
1.451976815999999892e-01,3.191791437886995139e-03
1.452406666000000124e-01,3.191734889906371140e-03
1.452836389999999922e-01,3.191678343158053065e-03
1.453552312999999985e-01,3.191584101554561549e-03
1.454124797000000135e-01,3.191508710659235470e-03
1.454697057000000071e-01,3.191433322138150386e-03
1.455412064000000116e-01,3.191339089589819138e-03
1.456269609999999992e-01,3.191226015203795386e-03
1.456555347000000056e-01,3.191188324786616622e-03
1.456983846000000082e-01,3.191131790317073332e-03
1.457554983000000082e-01,3.191056413047402111e-03
1.457983189000000013e-01,3.190999881555463529e-03
1.458696586000000073e-01,3.190905665126486830e-03
1.458839222999999963e-01,3.190886822327244909e-03
1.459694756000000093e-01,3.190773768150312502e-03
1.459837296000000006e-01,3.190754926264653159e-03
1.459979821999999872e-01,3.190736084601198883e-03
1.460407317000000094e-01,3.190679560223126220e-03
1.460834685999999882e-01,3.190623037124492786e-03
1.462542916000000026e-01,3.190396957522365507e-03
1.462685177999999975e-01,3.190378118478063522e-03
1.464391248999999950e-01,3.190152060799829499e-03
1.464817456999999989e-01,3.190095549557145013e-03
1.465527527000000108e-01,3.190001366894663990e-03
1.465669498999999931e-01,3.189982530804924814e-03
1.466095335000000000e-01,3.189926023326914665e-03
1.468789426999999870e-01,3.189568172159823987e-03
1.468931083999999998e-01,3.189549339249146860e-03
1.469072727999999883e-01,3.189530506503142696e-03
1.469355974999999870e-01,3.189492841524688409e-03
1.469497577999999971e-01,3.189474009197378838e-03
1.470063852999999865e-01,3.189398681393049596e-03
1.470205387000000086e-01,3.189379849719415922e-03
1.470629908999999957e-01,3.189323355765887220e-03
1.471054309000000004e-01,3.189266863071906540e-03
1.471337174000000025e-01,3.189229201958917060e-03
1.471619985000000019e-01,3.189191541375350439e-03
1.472326774000000116e-01,3.189097392581603622e-03
1.472468090999999868e-01,3.189078563172911222e-03
1.472891960999999916e-01,3.189022075919705976e-03
1.473598140000000056e-01,3.188927933389673532e-03
1.473880516999999946e-01,3.188890277344529935e-03
1.474445108999999920e-01,3.188814966972175393e-03
1.475714650000000128e-01,3.188645526812506747e-03
1.475855641999999912e-01,3.188626700736389881e-03
1.476278540000000028e-01,3.188570223708688239e-03
1.476983098999999910e-01,3.188476097936037302e-03
1.477405673999999947e-01,3.188419624218959570e-03
1.477828127999999963e-01,3.188363151801250437e-03
1.477968919000000048e-01,3.188344327877503000e-03
1.478391212000000066e-01,3.188287857060048084e-03
1.478954080999999865e-01,3.188212564668118417e-03
1.479657366999999890e-01,3.188118452337873956e-03
1.480219755000000137e-01,3.188043164962744633e-03
1.480360319000000036e-01,3.188024343497320237e-03
1.481343890000000052e-01,3.187892596972429719e-03
1.481484346999999979e-01,3.187873776563191278e-03
1.482467172999999971e-01,3.187742037944676400e-03
1.482888185000000025e-01,3.187685580719159389e-03
1.483449347999999945e-01,3.187610306206894051e-03
1.483729850000000128e-01,3.187572669872663477e-03
1.484711190000000125e-01,3.187440946991808039e-03
1.485131564999999931e-01,3.187384496390343030e-03
1.485831927000000052e-01,3.187290414924711518e-03
1.486391978999999919e-01,3.187215152233371495e-03
1.487091747000000019e-01,3.187121077119747011e-03
1.487511448999999930e-01,3.187064633701224177e-03
1.488070868999999963e-01,3.186989377795855678e-03
1.489049347999999995e-01,3.186857685431106375e-03
1.489189077999999999e-01,3.186838872732189899e-03
1.489328795000000039e-01,3.186820060254109792e-03
1.489747867000000003e-01,3.186763623629359533e-03
1.490306446999999923e-01,3.186688376667413860e-03
1.490446059999999961e-01,3.186669565287642263e-03
1.490864818000000036e-01,3.186613131998483357e-03
1.491422980000000065e-01,3.186537889547715573e-03
1.492538676999999869e-01,3.186387411441123519e-03
1.492678081000000101e-01,3.186368602335367100e-03
1.494071399999999938e-01,3.186180518622524962e-03
1.494210660999999996e-01,3.186161711070779369e-03
1.496019868000000030e-01,3.185917225210877640e-03
1.496298013000000038e-01,3.185879614063537400e-03
1.496437066000000093e-01,3.185860808687359259e-03
1.496854149000000078e-01,3.185804393528667098e-03
1.497132139000000028e-01,3.185766784091759000e-03
1.497549028000000060e-01,3.185710370966647609e-03
1.497965800999999930e-01,3.185653959140904816e-03
1.498104698999999929e-01,3.185635155549931471e-03
1.499354206000000078e-01,3.185465928853030686e-03
1.500186632999999936e-01,3.185353117391369771e-03
1.500325325999999904e-01,3.185334316026678086e-03
1.500464005999999906e-01,3.185315514710970221e-03
1.500879968999999925e-01,3.185259111694660646e-03
1.501295816999999866e-01,3.185202709945113807e-03
1.501434407999999998e-01,3.185183909657800325e-03
1.502681146000000023e-01,3.185014713304836972e-03
1.503096496000000115e-01,3.184958317129018245e-03
1.504203534000000120e-01,3.184807933256780452e-03
1.504618463000000073e-01,3.184751541612384704e-03
1.504756747999999866e-01,3.184732744715421289e-03
1.505171525000000010e-01,3.184676354709943275e-03
1.505309757999999942e-01,3.184657558361618252e-03
1.505862565999999958e-01,3.184582374263182549e-03
1.506000735999999951e-01,3.184563578642738389e-03
1.507105640999999996e-01,3.184413218298474436e-03
1.508071769000000062e-01,3.184281660440508883e-03
1.509175157000000045e-01,3.184131317026864163e-03
1.509588719999999940e-01,3.184074940529960183e-03
1.509726549000000029e-01,3.184056148675031700e-03
1.510139960999999920e-01,3.183999773820203084e-03
1.510415505999999908e-01,3.183962191337701142e-03
1.510828728999999981e-01,3.183905818620988599e-03
1.511517183999999958e-01,3.183811866901884412e-03
1.511792477999999995e-01,3.183774287270286010e-03
1.512618058999999904e-01,3.183661551528110464e-03
1.513030680999999933e-01,3.183605185565960977e-03
1.513718133999999993e-01,3.183511244982039842e-03
1.513993026999999880e-01,3.183473669845535842e-03
1.514542664999999899e-01,3.183398521087870379e-03
1.514680043999999948e-01,3.183379734202571205e-03
1.515229432000000098e-01,3.183304588239850574e-03
1.515778621999999964e-01,3.183229444570762675e-03
1.516190383000000086e-01,3.183173088286449411e-03
1.516327611999999936e-01,3.183154303142193310e-03
1.517836311999999910e-01,3.182947675645680669e-03
1.517973393000000004e-01,3.182928892165149282e-03
1.518384559000000023e-01,3.182872542650662905e-03
1.519069588999999998e-01,3.182778629495612577e-03
1.520164995000000130e-01,3.182628375658538410e-03
1.520301864999999975e-01,3.182609594657318918e-03
1.520712402000000130e-01,3.182553252236105558e-03
1.522353442000000112e-01,3.182327895031530646e-03
1.522490115000000033e-01,3.182309116204454398e-03
1.522900061999999943e-01,3.182252780458452637e-03
1.523309898000000107e-01,3.182196446089336894e-03
1.523583061999999877e-01,3.182158890449230011e-03
1.523992714000000082e-01,3.182102558096237214e-03
1.524402256999999872e-01,3.182046227056763155e-03
1.524538746999999916e-01,3.182027450296388317e-03
1.525766605999999970e-01,3.181858465820646027e-03
1.526175671999999983e-01,3.181802140221728827e-03
1.526857206999999994e-01,3.181708266982572007e-03
1.527674646000000136e-01,3.181595623676774023e-03
1.528899987000000016e-01,3.181426668260831439e-03
1.529036075000000106e-01,3.181407896146354851e-03
1.529308215000000082e-01,3.181370352301849790e-03
1.529988354000000050e-01,3.181276495172260643e-03
1.530124344999999886e-01,3.181257724163357586e-03
1.530532246999999901e-01,3.181201412011830289e-03
1.531211842000000101e-01,3.181107561199992585e-03
1.531483596000000058e-01,3.181070021734326396e-03
1.532162769000000035e-01,3.180976175907755665e-03
1.532705890999999931e-01,3.180901101635656789e-03
1.533113106000000003e-01,3.180844797409165120e-03
1.533384523000000110e-01,3.180807261972084556e-03
1.533655891000000049e-01,3.180769727085726219e-03
1.533791557999999999e-01,3.180750959913931745e-03
1.534334102999999894e-01,3.180675892324858964e-03
1.534876456000000000e-01,3.180600827123885449e-03
1.535554128999999934e-01,3.180506998670635816e-03
1.535825114000000102e-01,3.180469468245960239e-03
1.535960588999999987e-01,3.180450703243853372e-03
1.536366940999999986e-01,3.180394409190207775e-03
1.536637782999999979e-01,3.180356880484501783e-03
1.537991277000000101e-01,3.180169245244806285e-03
1.538667576999999953e-01,3.180075432947407181e-03
1.538802801999999970e-01,3.180056670834537774e-03
1.539208404000000086e-01,3.180000385492506940e-03
1.539613898999999952e-01,3.179944101450401985e-03
1.540289487000000013e-01,3.179850297574526342e-03
1.540964779000000007e-01,3.179756497131727439e-03
1.541909690000000110e-01,3.179625182323344949e-03
1.542044630999999943e-01,3.179606423608747658e-03
1.542314475000000074e-01,3.179568906614691978e-03
1.542449379999999981e-01,3.179550148402572086e-03
1.543123727000000056e-01,3.179456359123963849e-03
1.543528192999999993e-01,3.179400087240632014e-03
1.544067316999999939e-01,3.179325060023970376e-03
1.544471535999999978e-01,3.179268791136231464e-03
1.544606252999999874e-01,3.179250035022637786e-03
1.545144999999999991e-01,3.179175012268985970e-03
1.545683559999999901e-01,3.179099991827145488e-03
1.546356496000000080e-01,3.179006219339097078e-03
1.546760118000000128e-01,3.178949957484980982e-03
1.548239160999999864e-01,3.178743675030093821e-03
1.548910987000000072e-01,3.178649915812099304e-03
1.549448237999999922e-01,3.178574911032854607e-03
1.549582522000000073e-01,3.178556160142015450e-03
1.550387978999999972e-01,3.178443657963889949e-03
1.550522180999999999e-01,3.178424908034069817e-03
1.550924717999999924e-01,3.178368659218883466e-03
1.551595380999999940e-01,3.178274914003392099e-03
1.552533822999999924e-01,3.178143676647420847e-03
1.552801845000000014e-01,3.178106181487300435e-03
1.553605633000000041e-01,3.177993699352966647e-03
1.553739557000000104e-01,3.177974952884507053e-03
1.554810536000000021e-01,3.177824985635115725e-03
1.555211962999999975e-01,3.177768750328656498e-03
1.555345749000000000e-01,3.177750005446795378e-03
1.556014505999999964e-01,3.177656283234941634e-03
1.556415623000000081e-01,3.177600051714376747e-03
1.556950283999999907e-01,3.177525078155558035e-03
1.557885499999999979e-01,3.177393879803312379e-03
1.558152600999999915e-01,3.177356395837269316e-03
1.558553166999999962e-01,3.177300170986988546e-03
1.558953630000000090e-01,3.177243947350724945e-03
1.560154403000000023e-01,3.177075283948834622e-03
1.560287764999999938e-01,3.177056544281359717e-03
1.561220982000000035e-01,3.176925370516062424e-03
1.561354252999999914e-01,3.176906631899412744e-03
1.561620760999999913e-01,3.176869155186839207e-03
1.561753998000000032e-01,3.176850417055723883e-03
1.562153639999999954e-01,3.176794203420020991e-03
1.562819484000000092e-01,3.176700516918020724e-03
1.563751188999999986e-01,3.176569361761211446e-03
1.563884245000000117e-01,3.176550625781610331e-03
1.564416352999999926e-01,3.176475683631478034e-03
1.564549352000000060e-01,3.176456948355739236e-03
1.566542979999999974e-01,3.176175937096413753e-03
1.567472471999999950e-01,3.176044809118491220e-03
1.567605212000000026e-01,3.176026077165766594e-03
1.567737939999999941e-01,3.176007345286675776e-03
1.568666723999999901e-01,3.175876226262404432e-03
1.568799361999999864e-01,3.175857495555625427e-03
1.569197210000000120e-01,3.175801304148381191e-03
1.569594957999999874e-01,3.175745114038930426e-03
1.570125131000000007e-01,3.175670195814717968e-03
1.570787596000000064e-01,3.175576551276048515e-03
1.570920054999999926e-01,3.175557822714508358e-03
1.571317365999999882e-01,3.175501638055173211e-03
1.571979329000000036e-01,3.175407999773948841e-03
1.572376372000000022e-01,3.175351818359216198e-03
1.572905608000000066e-01,3.175276911919276083e-03
1.573434665000000010e-01,3.175202007716205078e-03
1.573963545000000019e-01,3.175127105611961261e-03
1.574095736999999995e-01,3.175108380559629653e-03
1.574360087999999991e-01,3.175070930599470636e-03
1.574888657000000081e-01,3.174996032525214534e-03
1.575549119000000109e-01,3.174902413058138320e-03
1.575945263000000096e-01,3.174846243051067819e-03
1.576473301000000105e-01,3.174771351696244019e-03
1.577265025000000043e-01,3.174659018800659194e-03
1.577660738999999979e-01,3.174602854111798541e-03
1.578320039999999980e-01,3.174509249354865587e-03
1.578715488999999916e-01,3.174453088099897426e-03
1.579242600000000107e-01,3.174378208470102127e-03
1.579374350999999954e-01,3.174359488834368245e-03
1.580296294999999906e-01,3.174228455799705129e-03
1.580427957999999966e-01,3.174209737348573142e-03
1.580822879000000070e-01,3.174153582849428314e-03
1.581480862999999903e-01,3.174059994764909243e-03
1.583453172000000020e-01,3.173779251437280555e-03
1.583978706999999986e-01,3.173704391920294243e-03
1.584372742999999861e-01,3.173648248641446241e-03
1.585029253000000138e-01,3.173554679360230703e-03
1.586734907000000028e-01,3.173311415700123036e-03
1.586997152000000078e-01,3.173273992568423612e-03
1.587128258999999930e-01,3.173255281197230691e-03
1.587521514000000133e-01,3.173199148060150323e-03
1.587652576999999954e-01,3.173180437272835833e-03
1.587783628999999974e-01,3.173161726627394402e-03
1.588700692999999997e-01,3.173030756091779325e-03
1.588831659000000118e-01,3.173012046580126703e-03
1.589093558999999933e-01,3.172974627872068853e-03
1.589748119000000126e-01,3.172881083833672001e-03
1.589878999000000070e-01,3.172862375325785893e-03
1.590925649000000108e-01,3.172712713054271719e-03
1.591187202999999883e-01,3.172675298969412829e-03
1.591317965000000056e-01,3.172656592078635079e-03
1.591710184000000028e-01,3.172600472348352085e-03
1.591840902999999974e-01,3.172581765929320240e-03
1.592363669000000093e-01,3.172506942154192187e-03
1.593016885000000105e-01,3.172413415432651616e-03
1.593278096999999893e-01,3.172376005687799379e-03
1.593408685999999908e-01,3.172357301046542077e-03
1.594453019000000027e-01,3.172207668937610404e-03
1.594974929000000097e-01,3.172132856176066926e-03
1.595887860999999908e-01,3.172001939281549054e-03
1.596018237000000062e-01,3.171983237363614622e-03
1.596148602000000138e-01,3.171964535637518921e-03
1.596539634999999957e-01,3.171908431398784076e-03
1.597191142999999924e-01,3.171814926961189895e-03
1.597581921000000016e-01,3.171758826072729534e-03
1.598102808999999902e-01,3.171684026706237617e-03
1.599144076000000025e-01,3.171534434658192410e-03
1.599534375999999980e-01,3.171478339980137503e-03
1.600054629000000062e-01,3.171403549014100830e-03
1.600314690999999900e-01,3.171366154382509496e-03
1.601224578000000065e-01,3.171235277390441459e-03
1.601744281999999964e-01,3.171160493712076988e-03
1.602393673999999990e-01,3.171067017166408122e-03
1.602783183000000000e-01,3.171010932871122512e-03
1.603172596999999922e-01,3.170954849979536541e-03
1.603432153999999887e-01,3.170917461922946601e-03
1.604210574000000111e-01,3.170805301486869822e-03
1.604340273000000039e-01,3.170786608480348663e-03
1.605766279999999990e-01,3.170580995348015914e-03
1.605895854000000122e-01,3.170562304089434656e-03
1.606414046000000095e-01,3.170487540411809097e-03
1.606932071000000128e-01,3.170412778989276353e-03
1.607320479999999885e-01,3.170356709364600522e-03
1.607838212999999905e-01,3.170281951774958813e-03
1.608485145000000116e-01,3.170188508067813080e-03
1.608614499999999892e-01,3.170169819738674535e-03
1.609002502999999917e-01,3.170113755444103985e-03
1.609390411999999937e-01,3.170057692537306578e-03
1.609907479999999891e-01,3.169982944001152429e-03
1.610036719999999866e-01,3.169964257136610557e-03
1.611586801999999874e-01,3.169740026358752738e-03
1.611715907999999864e-01,3.169721341359961909e-03
1.612103165000000060e-01,3.169665287134023051e-03
1.612748385999999978e-01,3.169571866326135329e-03
1.613135394000000111e-01,3.169515815513142612e-03
1.613651261000000059e-01,3.169441083087042726e-03
1.614038053999999889e-01,3.169385035143315165e-03
1.614811359999999973e-01,3.169272943117486772e-03
1.615197874000000033e-01,3.169216898931185005e-03
1.615584295999999975e-01,3.169160856003722625e-03
1.615713082999999939e-01,3.169142175355594421e-03
1.615841859000000102e-01,3.169123494777668307e-03
1.616228127000000070e-01,3.169067454118392000e-03
1.616614302999999919e-01,3.169011414501462023e-03
1.616871702000000077e-01,3.168974055477935363e-03
1.617900888999999898e-01,3.168824625091182581e-03
1.618158083000000025e-01,3.168787268818116804e-03
1.619314953000000057e-01,3.168619172805242894e-03
1.619700393000000072e-01,3.168563143200404334e-03
1.619828852000000097e-01,3.168544467037683401e-03
1.620342587999999973e-01,3.168469763567036569e-03
1.621369571999999870e-01,3.168320363155089411e-03
1.622011106000000036e-01,3.168226992441779480e-03
1.622908828999999886e-01,3.168096279335496594e-03
1.623934189000000028e-01,3.167946901173654840e-03
1.624062313999999896e-01,3.167928229511936342e-03
1.624318533000000120e-01,3.167890886719746703e-03
1.624446626999999921e-01,3.167872215486086836e-03
1.624830848999999910e-01,3.167816202612271093e-03
1.625854998000000051e-01,3.167666841275147607e-03
1.625982971000000110e-01,3.167648171695022687e-03
1.626110933999999897e-01,3.167629502303287003e-03
1.627006394000000133e-01,3.167498820272254996e-03
1.627134276999999962e-01,3.167480152071207051e-03
1.628156977000000116e-01,3.167330810618970271e-03
1.628540323000000067e-01,3.167274809958416613e-03
1.628923579999999871e-01,3.167218810443976542e-03
1.629562139999999881e-01,3.167125480721036564e-03
1.630072808999999956e-01,3.167050819536437658e-03
1.630455704999999866e-01,3.166994825036502891e-03
1.630583317000000032e-01,3.166976160465098406e-03
1.631603855000000047e-01,3.166826849128809990e-03
1.631986391999999952e-01,3.166770859726498067e-03
1.632113883999999904e-01,3.166752196915623239e-03
1.632496301999999955e-01,3.166696209152625868e-03
1.633006053000000124e-01,3.166621560687507813e-03
1.633133465000000117e-01,3.166602898879554689e-03
1.633260867999999921e-01,3.166584237274519976e-03
1.633643016999999920e-01,3.166528253256096267e-03
1.634025077000000048e-01,3.166472270512451885e-03
1.634279734000000095e-01,3.166434949271933717e-03
1.634661645000000108e-01,3.166378968551342502e-03
1.635170720000000133e-01,3.166304329584107829e-03
1.636315560999999918e-01,3.166136399961244196e-03
1.636569861999999931e-01,3.166099083934517232e-03
1.636696997000000042e-01,3.166080426022789031e-03
1.637332525999999899e-01,3.165987138694884018e-03
1.637713725000000120e-01,3.165931168033388286e-03
1.638221851999999978e-01,3.165856542476409591e-03
1.638602844000000003e-01,3.165800574656149786e-03
1.639364561999999970e-01,3.165688642880466145e-03
1.640125926999999872e-01,3.165576716135782859e-03
1.640379637000000113e-01,3.165539408282346933e-03
1.640760126999999957e-01,3.165483447503846231e-03
1.641140530000000097e-01,3.165427488082881140e-03
1.641267311000000062e-01,3.165408835226552180e-03
1.642154506999999874e-01,3.165278269083287004e-03
1.642281210000000047e-01,3.165259617416729416e-03
1.642661260000000123e-01,3.165203662961166547e-03
1.642787924000000122e-01,3.165185011702412957e-03
1.644307130000000061e-01,3.164961208174879234e-03
1.644433667000000099e-01,3.164942558714513039e-03
1.644686711999999995e-01,3.164905260409234949e-03
1.645319154999999867e-01,3.164812016955332458e-03
1.645445614000000112e-01,3.164793368579880539e-03
1.646456939000000008e-01,3.164644187356144365e-03
1.646709672999999985e-01,3.164606893414394911e-03
1.647341338999999960e-01,3.164513661177779068e-03
1.647846497000000077e-01,3.164439077713962663e-03
1.648351500999999941e-01,3.164364496476174213e-03
1.648477727999999864e-01,3.164345851580206356e-03
1.650243888000000048e-01,3.164084836980513710e-03
1.650748157999999965e-01,3.164010266225644481e-03
1.651378279000000060e-01,3.163917056120128107e-03
1.651504273999999939e-01,3.163898414534213003e-03
1.652260043999999872e-01,3.163786567744501614e-03
1.652385972000000036e-01,3.163767927197742250e-03
1.652511891000000011e-01,3.163749286640735875e-03
1.652889589000000048e-01,3.163693365956954818e-03
1.653267200000000103e-01,3.163637446551445954e-03
1.653393052000000085e-01,3.163618807046770110e-03
1.653518894000000072e-01,3.163600167596680376e-03
1.654399518000000124e-01,3.163469695810743141e-03
1.654902521999999931e-01,3.163395143403308161e-03
1.655531061999999942e-01,3.163301956237834448e-03
1.656787426000000119e-01,3.163115592122921638e-03
1.656913010000000130e-01,3.163096956556769781e-03
1.657540787000000015e-01,3.163003780391259595e-03
1.657917338999999879e-01,3.162947876311221224e-03
1.658544735999999964e-01,3.162854705757107802e-03
1.658921060999999919e-01,3.162798805036312437e-03
1.659422694000000087e-01,3.162724272720632539e-03
1.660425504999999968e-01,3.162575214815661721e-03
1.660550813999999986e-01,3.162556583123123967e-03
1.660801403000000120e-01,3.162519320339176546e-03
1.661302469000000004e-01,3.162444796378019885e-03
1.661928588000000095e-01,3.162351644464679850e-03
1.662429313000000075e-01,3.162277125561092136e-03
1.662554471000000089e-01,3.162258496229417189e-03
1.663430311999999911e-01,3.162128094225158653e-03
1.663930586000000045e-01,3.162053581857648607e-03
1.664305691999999892e-01,3.161997699201944331e-03
1.664555715999999908e-01,3.161960444668031681e-03
1.664805702999999915e-01,3.161923190692435444e-03
1.664930682000000106e-01,3.161904564016064425e-03
1.665305562999999933e-01,3.161848684448473681e-03
1.666429701000000096e-01,3.161681053545084552e-03
1.666804245000000073e-01,3.161625179161958211e-03
1.667553079999999910e-01,3.161513434033228973e-03
1.668426296999999947e-01,3.161383070970203487e-03
1.669423700000000066e-01,3.161234092821646382e-03
1.669548332999999940e-01,3.161215471210091985e-03
1.669922178000000090e-01,3.161159607178267057e-03
1.670420506999999999e-01,3.161085123740630699e-03
1.670918687999999874e-01,3.161010642498225318e-03
1.671416719999999911e-01,3.160936163454009483e-03
1.671541205000000030e-01,3.160917544021825919e-03
1.672536749999999905e-01,3.160768593689435718e-03
1.672785544000000013e-01,3.160731357601048556e-03
1.672909925999999936e-01,3.160712739670513624e-03
1.673283020000000121e-01,3.160656886854483049e-03
1.673531702999999926e-01,3.160619652296041762e-03
1.673904657999999990e-01,3.160563801635827078e-03
1.674277529000000042e-01,3.160507951978727519e-03
1.674401801000000023e-01,3.160489335837105788e-03
1.674774562999999938e-01,3.160433488010392332e-03
1.675519836000000096e-01,3.160321795994042171e-03
1.675892347999999865e-01,3.160265951995203364e-03
1.676885310000000018e-01,3.160117040497489090e-03
1.677257518999999975e-01,3.160061200989263026e-03
1.677381571000000071e-01,3.160042588134421432e-03
1.678497620000000135e-01,3.159875078287304080e-03
1.678745530000000097e-01,3.159837855365619889e-03
1.678869471999999974e-01,3.159819244176911238e-03
1.679489041999999988e-01,3.159726189994614513e-03
1.679860673999999943e-01,3.159670359273880885e-03
1.680232224000000052e-01,3.159614529709858701e-03
1.680479877999999927e-01,3.159577310748671371e-03
1.680727495999999876e-01,3.159540092375497621e-03
1.681346381000000112e-01,3.159447048547818666e-03
1.682212436999999949e-01,3.159316793257941659e-03
1.682830775999999973e-01,3.159223757908940534e-03
1.683819645999999892e-01,3.159074908518868640e-03
1.684313863999999938e-01,3.159000487172328869e-03
1.685178394999999885e-01,3.158870255132871247e-03
1.685425322000000115e-01,3.158833047072560473e-03
1.685795646000000092e-01,3.158777236318261166e-03
1.686289283999999888e-01,3.158702823743914003e-03
1.686659417999999966e-01,3.158647015829337944e-03
1.687276127000000014e-01,3.158554005485281983e-03
1.687769332000000067e-01,3.158479599574172490e-03
1.688262392999999861e-01,3.158405195862709278e-03
1.688385635999999912e-01,3.158386595384038951e-03
1.689124902999999955e-01,3.158274994834778335e-03
1.689248083000000067e-01,3.158256395229367373e-03
1.690233197999999881e-01,3.158107603517674045e-03
1.690356296999999952e-01,3.158089005220189507e-03
1.690602468999999886e-01,3.158051808954011677e-03
1.690725540999999943e-01,3.158033210898244375e-03
1.691709795999999932e-01,3.157884432443918039e-03
1.692570549000000091e-01,3.157754258644820001e-03
1.692693477999999974e-01,3.157735662874926446e-03
1.693185104999999913e-01,3.157661281487071474e-03
1.693307990000000041e-01,3.157642686371599314e-03
1.693676590000000037e-01,3.157586902210110860e-03
1.694290743999999904e-01,3.157493931246337787e-03
1.695150186999999919e-01,3.157363777620755818e-03
1.696254544999999947e-01,3.157196447395080752e-03
1.696622505000000003e-01,3.157140673061647768e-03
1.696990385000000101e-01,3.157084900025272731e-03
1.697112993999999875e-01,3.157066309254224698e-03
1.697235594000000014e-01,3.157047718728305235e-03
1.697603340999999932e-01,3.156991947735352487e-03
1.697971007999999893e-01,3.156936177948293631e-03
1.698093545999999898e-01,3.156917588362485004e-03
1.698461106999999970e-01,3.156861820329827026e-03
1.699195991000000128e-01,3.156750288059419467e-03
1.700420092000000105e-01,3.156564411741365987e-03
1.700542452999999898e-01,3.156545824990139321e-03
1.701031812000000087e-01,3.156471478916201938e-03
1.701521028999999907e-01,3.156397134967260480e-03
1.702010106000000078e-01,3.156322793467881277e-03
1.702132353999999959e-01,3.156304208275192633e-03
1.702376821999999901e-01,3.156267038571388198e-03
1.703110016000000115e-01,3.156155532853116129e-03
1.703842895000000079e-01,3.156044032088407229e-03
1.703965010999999863e-01,3.156025449019027925e-03
1.704331305000000019e-01,3.155969700936851752e-03
1.704819576000000114e-01,3.155895372063621807e-03
1.705429717999999983e-01,3.155802464053125873e-03
1.706039642000000134e-01,3.155709559452962287e-03
1.706405491000000108e-01,3.155653818406916038e-03
1.706893168999999988e-01,3.155579498937869688e-03
1.707015065999999970e-01,3.155560919470621999e-03
1.707989933999999876e-01,3.155412288214781702e-03
1.708233563000000066e-01,3.155375131691927088e-03
1.708355364999999959e-01,3.155356553827772491e-03
1.708720719000000055e-01,3.155300820525955979e-03
1.708964245000000048e-01,3.155263665816599936e-03
1.709816312000000116e-01,3.155133628495008710e-03
1.710789583000000003e-01,3.154985022733020669e-03
1.710911203000000103e-01,3.154966447540330683e-03
1.712248452000000032e-01,3.154762130665053187e-03
1.712612974999999926e-01,3.154706410789037945e-03
1.713584657999999983e-01,3.154557830479693369e-03
1.713706078999999993e-01,3.154539258559179316e-03
1.713827491999999897e-01,3.154520686760844007e-03
1.714070292000000051e-01,3.154483543544888812e-03
1.714677142000000098e-01,3.154390688095879726e-03
1.714798486000000122e-01,3.154372117353900808e-03
1.715162467999999940e-01,3.154316406184145237e-03
1.715526370999999883e-01,3.154260696289691579e-03
1.716011457000000129e-01,3.154186418246520546e-03
1.716617619999999955e-01,3.154093573853212953e-03
1.716738827000000023e-01,3.154075005404186321e-03
1.717102396999999891e-01,3.154019300832395546e-03
1.717708175999999864e-01,3.153926462631223299e-03
1.717950427000000113e-01,3.153889328430765655e-03
1.718071539999999897e-01,3.153870761336701606e-03
1.719524231000000014e-01,3.153647968849765480e-03
1.719887211999999999e-01,3.153592273823768981e-03
1.720008188999999910e-01,3.153573709026344374e-03
1.720612944000000089e-01,3.153480887563669868e-03
1.721338370999999923e-01,3.153369506160738807e-03
1.721459244999999916e-01,3.153350942985591165e-03
1.721821818000000004e-01,3.153295254663600940e-03
1.722425937000000018e-01,3.153202443468433331e-03
1.723392086999999961e-01,3.153053952720208560e-03
1.723874958000000124e-01,3.152979710549032571e-03
1.724357695000000024e-01,3.152905470741401272e-03
1.724478358000000044e-01,3.152886911068238356e-03
1.725443358000000038e-01,3.152738439090917687e-03
1.725684523999999886e-01,3.152701322565278248e-03
1.725805093999999984e-01,3.152682764334378308e-03
1.726407819000000121e-01,3.152589975877466422e-03
1.726769353000000007e-01,3.152534304526994138e-03
1.727733073000000119e-01,3.152385853539940285e-03
1.728214731999999920e-01,3.152311631435076190e-03
1.728335125999999888e-01,3.152293076162946631e-03
1.729057311999999957e-01,3.152181747868631166e-03
1.729297972999999933e-01,3.152144639550507992e-03
1.730140025999999942e-01,3.152014764629698824e-03
1.730981668000000084e-01,3.151884896687349568e-03
1.731222062999999978e-01,3.151847792712481749e-03
1.731462423000000028e-01,3.151810689327037406e-03
1.731943045000000070e-01,3.151736484308735944e-03
1.732063179999999980e-01,3.151717933354500518e-03
1.732543633999999999e-01,3.151643731168302532e-03
1.733144016000000009e-01,3.151550981248106564e-03
1.733384109999999978e-01,3.151513882369819889e-03
1.733984199999999976e-01,3.151421137454324135e-03
1.734104193000000071e-01,3.151402588973524661e-03
1.734464122999999913e-01,3.151346944080394771e-03
1.734823977999999933e-01,3.151291300250499885e-03
1.735063840000000135e-01,3.151254205352567016e-03
1.735423570000000082e-01,3.151198563711338045e-03
1.735783226000000012e-01,3.151142923318856707e-03
1.735903095000000118e-01,3.151124376894021573e-03
1.736981541000000018e-01,3.150957464521604579e-03
1.737221104999999988e-01,3.150920374487262577e-03
1.737340874999999951e-01,3.150901829609896627e-03
1.738298734000000012e-01,3.150753475766903799e-03
1.738777465999999938e-01,3.150679302143345913e-03
1.739614929999999948e-01,3.150549503609698966e-03
1.739854131000000137e-01,3.150512419746367282e-03
1.740691075999999948e-01,3.150382629949270447e-03
1.741647092999999979e-01,3.150234307050614555e-03
1.741766557999999965e-01,3.150215767264758718e-03
1.742602584999999871e-01,3.150085992881653148e-03
1.742721985000000029e-01,3.150067454221860963e-03
1.742960759999999942e-01,3.150030377409125063e-03
1.743080134999999975e-01,3.150011839116720423e-03
1.743676888000000036e-01,3.149919150160810158e-03
1.744034841999999863e-01,3.149863538352022825e-03
1.744392723000000034e-01,3.149807927897736205e-03
1.745465922999999975e-01,3.149641103584178026e-03
1.745942689999999964e-01,3.149566963177479525e-03
1.746300178999999897e-01,3.149511359202874713e-03
1.746538464999999873e-01,3.149474290723464163e-03
1.746895831999999982e-01,3.149418688761587010e-03
1.748324572000000132e-01,3.149196293872271075e-03
1.748443581000000135e-01,3.149177761954973041e-03
1.748800558999999977e-01,3.149122166683943416e-03
1.749395360999999871e-01,3.149029510642236632e-03
1.750227742999999891e-01,3.148899798119144267e-03
1.750346623000000046e-01,3.148881268270602857e-03
1.751178553999999943e-01,3.148751563612060215e-03
1.751653764999999974e-01,3.148677449538211243e-03
1.752010089000000104e-01,3.148621865435845268e-03
1.752485075000000114e-01,3.148547755348847944e-03
1.752603801000000017e-01,3.148529228044114146e-03
1.753553322999999997e-01,3.148381015519252559e-03
1.754027891000000117e-01,3.148306912521003226e-03
1.754146513000000018e-01,3.148288387264326898e-03
1.754383733000000056e-01,3.148251336895677936e-03
1.754502330999999915e-01,3.148232811859128909e-03
1.754858076999999961e-01,3.148177237699945497e-03
1.755095200000000022e-01,3.148140188969422801e-03
1.755450826000000131e-01,3.148084616890793868e-03
1.756280337999999996e-01,3.147954953582537702e-03
1.756872607999999947e-01,3.147862341095557150e-03
1.756991036999999978e-01,3.147843818988311625e-03
1.757346278999999956e-01,3.147788253579406059e-03
1.757701449000000082e-01,3.147732689290655243e-03
1.758648217999999874e-01,3.147584524219244548e-03
1.758766529000000134e-01,3.147566004016810835e-03
1.759830964000000109e-01,3.147399329998139001e-03
1.760067416999999967e-01,3.147362292825805173e-03
1.760185632000000056e-01,3.147343774566381883e-03
1.760776588000000087e-01,3.147251184743413924e-03
1.761131066000000134e-01,3.147195632543873817e-03
1.761485473000000135e-01,3.147140081615753312e-03
1.761603593000000134e-01,3.147121564801449653e-03
1.761957903999999964e-01,3.147066015509494309e-03
1.762075992000000091e-01,3.147047499359405427e-03
1.762548265999999975e-01,3.146973436033391643e-03
1.762666314000000123e-01,3.146954920565809763e-03
1.763610418000000069e-01,3.146806801636222069e-03
1.763964326999999943e-01,3.146751259493586923e-03
1.764436094000000066e-01,3.146677205000762527e-03
1.765261384000000044e-01,3.146547614830759194e-03
1.765379252000000010e-01,3.146529102589884844e-03
1.765732805999999933e-01,3.146473566391654389e-03
1.766204101000000137e-01,3.146399520360223037e-03
1.766321905000000081e-01,3.146381009118457035e-03
1.766793043000000063e-01,3.146306965538115362e-03
1.767617233000000065e-01,3.146177394882091437e-03
1.768323376000000002e-01,3.146066339591295502e-03
1.768676341000000041e-01,3.146010813894765685e-03
1.769264459999999872e-01,3.145918273611534189e-03
1.769969946000000127e-01,3.145807229871286099e-03
1.770087499000000120e-01,3.145788723059036746e-03
1.771027646999999983e-01,3.145640673615472758e-03
1.771145130000000012e-01,3.145622168000670928e-03
1.771380073000000110e-01,3.145585157352889620e-03
1.771497532999999902e-01,3.145566652124877783e-03
1.772436933000000048e-01,3.145418616020534582e-03
1.773258498999999988e-01,3.145289091460043863e-03
1.773845098999999870e-01,3.145196578047821257e-03
1.774314240000000042e-01,3.145122569896205509e-03
1.774783255999999865e-01,3.145048563842234302e-03
1.774900490999999914e-01,3.145030062723045122e-03
1.775252149000000057e-01,3.144974560165438374e-03
1.775720916999999899e-01,3.144900558359672253e-03
1.775838090000000091e-01,3.144882058499761778e-03
1.776658084000000137e-01,3.144752561869200262e-03
1.776775194999999918e-01,3.144734062956172551e-03
1.777126481000000091e-01,3.144678566749246635e-03
1.777477698999999911e-01,3.144623072049944606e-03
1.777711804999999867e-01,3.144586076288374919e-03
1.778881874999999890e-01,3.144401105113076456e-03
1.778998838999999998e-01,3.144382608845083978e-03
1.779583546999999877e-01,3.144290129176840337e-03
1.780518680000000020e-01,3.144142168983317300e-03
1.780869227999999915e-01,3.144086686160709344e-03
1.781219708000000013e-01,3.144031204500736913e-03
1.781336518999999952e-01,3.144012710870244896e-03
1.782153982000000136e-01,3.143883259650520363e-03
1.782270732000000024e-01,3.143864767127500966e-03
1.783321136999999890e-01,3.143698340806565586e-03
1.784137691000000081e-01,3.143568905875393157e-03
1.784254311000000037e-01,3.143550415828752671e-03
1.784487527999999990e-01,3.143513435998687364e-03
1.786119197000000103e-01,3.143254592134979777e-03
1.786468646000000104e-01,3.143199129136992499e-03
1.786934471999999940e-01,3.143125180288300433e-03
1.787400177000000034e-01,3.143051233586202035e-03
1.787865760000000026e-01,3.142977289334036254e-03
1.788214868000000124e-01,3.142921832393029847e-03
1.788331221999999998e-01,3.142903347107786367e-03
1.788680239000000061e-01,3.142847891810865001e-03
1.788912879000000011e-01,3.142810922465110596e-03
1.789261782999999884e-01,3.142755469296361435e-03
1.789610618999999958e-01,3.142700017386558780e-03
1.790772912999999966e-01,3.142515186627429027e-03
1.791121454000000057e-01,3.142459740178127348e-03
1.791469927999999878e-01,3.142404294845881334e-03
1.791586071000000058e-01,3.142385813495734027e-03
1.792050565999999956e-01,3.142311888817010072e-03
1.792398859000000066e-01,3.142256446805961542e-03
1.793559346999999971e-01,3.142071649069018337e-03
1.793791354000000005e-01,3.142034691235910671e-03
1.794487197000000089e-01,3.141923820802094720e-03
1.794835016999999922e-01,3.141868387407104578e-03
1.795182768999999956e-01,3.141812955469731449e-03
1.795298671999999984e-01,3.141794478282041846e-03
1.795646334000000066e-01,3.141739047874733855e-03
1.796225623000000104e-01,3.141646666580105458e-03
1.796341458000000058e-01,3.141628190671707632e-03
1.796688918999999884e-01,3.141572763943689586e-03
1.797036312999999996e-01,3.141517338371646595e-03
1.797267871000000072e-01,3.141480388689920408e-03
1.797615153000000077e-01,3.141424965293982633e-03
1.798078092000000017e-01,3.141351069307928012e-03
1.799119267000000022e-01,3.141184811242572674e-03
1.799350557000000128e-01,3.141147866599785805e-03
1.799928654000000072e-01,3.141055507200088588e-03
1.800044251000000040e-01,3.141037035713696059e-03
1.800390997000000104e-01,3.140981622228014060e-03
1.800853221000000004e-01,3.140907739491320249e-03
1.800968759000000086e-01,3.140889269111938904e-03
1.801199812000000011e-01,3.140852328784518241e-03
1.801777314999999935e-01,3.140759980344128705e-03
1.802585508000000003e-01,3.140630698496194202e-03
1.803162567000000105e-01,3.140538358215276896e-03
1.803508714000000013e-01,3.140482955743098374e-03
1.803624081000000101e-01,3.140464488527620196e-03
1.804546756000000030e-01,3.140316755983443581e-03
1.805007915999999879e-01,3.140242892839288733e-03
1.805584201000000055e-01,3.140150567139706264e-03
1.805929883000000069e-01,3.140095173404748759e-03
1.806275499999999978e-01,3.140039780912121277e-03
1.806390690000000132e-01,3.140021316943435257e-03
1.806736218999999977e-01,3.139965926116425506e-03
1.807196819999999926e-01,3.139892073430509099e-03
1.807427077000000049e-01,3.139855147983103192e-03
1.807772407000000081e-01,3.139799760700921066e-03
1.808232744999999919e-01,3.139725913128673263e-03
1.808347811000000083e-01,3.139707451643647656e-03
1.809153068000000086e-01,3.139578224421737344e-03
1.810072923999999917e-01,3.139430544345629681e-03
1.810532676999999924e-01,3.139356707689168816e-03
1.810877415000000101e-01,3.139301331722253990e-03
1.811796394999999893e-01,3.139153668212838789e-03
1.812255711000000102e-01,3.139079839700457085e-03
1.812370520999999901e-01,3.139061383067287374e-03
1.812829690999999965e-01,3.138987557253361278e-03
1.813288744999999869e-01,3.138913733823091388e-03
1.814665209000000112e-01,3.138692276483905433e-03
1.815582272000000053e-01,3.138544649196156958e-03
1.815696871999999962e-01,3.138526196423803427e-03
1.816040630000000100e-01,3.138470838864428417e-03
1.816498871999999987e-01,3.138397030631425149e-03
1.816613414000000093e-01,3.138378579030339129e-03
1.816956999000000073e-01,3.138323224710413192e-03
1.817415009999999997e-01,3.138249421115030507e-03
1.817529494000000023e-01,3.138230970303436656e-03
1.817758442000000085e-01,3.138194069624883082e-03
1.818445113000000113e-01,3.138083370594059191e-03
1.818788350999999970e-01,3.138028022921917574e-03
1.819360270000000002e-01,3.137935779545819506e-03
1.819588987999999907e-01,3.137898883124770871e-03
1.819703336000000060e-01,3.137880435185405950e-03
1.821074950999999886e-01,3.137659070094620754e-03
1.821189206000000116e-01,3.137640623811254956e-03
1.821417693999999865e-01,3.137603731864017399e-03
1.821874582999999936e-01,3.137529949380148293e-03
1.822102985000000064e-01,3.137493059112423169e-03
1.822902165999999990e-01,3.137363947206313602e-03
1.823244565000000095e-01,3.137308615460141295e-03
1.823815087000000001e-01,3.137216398845732012e-03
1.824613518000000045e-01,3.137087301442258516e-03
1.824841577000000103e-01,3.137050417746198479e-03
1.825183612000000066e-01,3.136995092983285195e-03
1.825639559999999995e-01,3.136921328793370548e-03
1.825753528999999875e-01,3.136902888020847834e-03
1.826551111999999977e-01,3.136773806851192014e-03
1.826892827000000108e-01,3.136718488342554040e-03
1.827006717999999919e-01,3.136700049234490695e-03
1.827576066000000110e-01,3.136607855077455046e-03
1.828372853999999936e-01,3.136478789296167323e-03
1.828714228999999969e-01,3.136423477317467397e-03
1.829396786999999969e-01,3.136312857455868935e-03
1.829737969999999936e-01,3.136257549146380646e-03
1.830647481999999882e-01,3.136110066786679165e-03
1.832010903000000079e-01,3.135888859484852950e-03
1.832124475999999946e-01,3.135870426412360520e-03
1.832351600000000080e-01,3.135833560845901601e-03
1.832465151999999875e-01,3.135815128021302457e-03
1.832805764000000059e-01,3.135759831096610918e-03
1.833373309999999923e-01,3.135667671894192161e-03
1.833713754000000085e-01,3.135612378170817439e-03
1.833827221000000063e-01,3.135593947173940296e-03
1.833940681000000017e-01,3.135575516331695969e-03
1.834734705999999937e-01,3.135446504110914537e-03
1.834848109999999977e-01,3.135428074488671307e-03
1.835188279999999950e-01,3.135372786001238473e-03
1.835755089999999978e-01,3.135280641398049961e-03
1.835981764999999877e-01,3.135243784402651137e-03
1.836095091999999929e-01,3.135225356292116634e-03
1.836435030999999940e-01,3.135170072363295101e-03
1.836548329999999896e-01,3.135151644530604319e-03
1.837001456000000033e-01,3.135077935136600970e-03
1.837567706999999884e-01,3.134985801388672291e-03
1.837794158000000122e-01,3.134948948975829590e-03
1.837907373000000066e-01,3.134930522897543589e-03
1.838812844000000113e-01,3.134783119264460214e-03
1.840057139000000064e-01,3.134580453824568295e-03
1.840283283999999964e-01,3.134543607132109395e-03
1.840961552000000001e-01,3.134433071063968349e-03
1.841074572999999992e-01,3.134414648799504002e-03
1.841187585999999876e-01,3.134396226771119041e-03
1.841526585000000105e-01,3.134340961243130448e-03
1.842881956999999904e-01,3.134119911775079363e-03
1.843220644000000130e-01,3.134064652560353183e-03
1.843672131000000103e-01,3.133990975386633567e-03
1.844687570000000110e-01,3.133825209855635712e-03
1.845025925999999872e-01,3.133769957157416484e-03
1.845138698000000077e-01,3.133751539995803873e-03
1.845589715000000020e-01,3.133677872107164773e-03
1.845702452000000104e-01,3.133659455485621019e-03
1.846378728999999996e-01,3.133548958558704089e-03
1.846604099999999971e-01,3.133512127473638172e-03
1.847280048000000119e-01,3.133401637261304558e-03
1.848293504999999892e-01,3.133235911091586130e-03
1.848406076999999925e-01,3.133217497851168484e-03
1.848631201000000002e-01,3.133180671628213280e-03
1.849643917999999887e-01,3.133014960414513481e-03
1.849981367000000099e-01,3.132959725556407754e-03
1.850206299000000110e-01,3.132922903174362780e-03
1.850431204000000107e-01,3.132886081462424137e-03
1.850993345999999984e-01,3.132794029063156772e-03
1.851442936999999900e-01,3.132720389819375426e-03
1.852004771000000105e-01,3.132628343609280067e-03
1.852229458000000106e-01,3.132591526299902639e-03
1.852341791000000071e-01,3.132573117663370842e-03
1.852791054000000048e-01,3.132499484866269925e-03
1.853801499000000130e-01,3.132333819117504026e-03
1.854474822000000134e-01,3.132223381341371626e-03
1.854699209000000015e-01,3.132186569929413036e-03
1.855035738999999961e-01,3.132131353913504643e-03
1.855484350000000116e-01,3.132057734228161933e-03
1.855820736999999887e-01,3.132002520785498977e-03
1.856381246999999901e-01,3.131910501475113941e-03
1.856493328999999914e-01,3.131892098059245455e-03
1.856829533000000088e-01,3.131836888365635216e-03
1.857389738999999929e-01,3.131744875082445416e-03
1.857725781000000020e-01,3.131689668685746965e-03
1.858061762000000061e-01,3.131634463720795163e-03
1.858173741999999962e-01,3.131616062351513970e-03
1.858285715999999921e-01,3.131597660989382005e-03
1.859181260999999974e-01,3.131450455684027870e-03
1.860076375999999976e-01,3.131303258950518358e-03
1.860411932000000101e-01,3.131248062575782767e-03
1.860747429000000064e-01,3.131192867187898837e-03
1.860859246999999883e-01,3.131174469046678691e-03
1.861194663000000082e-01,3.131119275431304416e-03
1.861306454999999971e-01,3.131100877842688673e-03
1.861753555000000004e-01,3.131027288757051025e-03
1.861865313000000133e-01,3.131008891953703833e-03
1.862200548000000067e-01,3.130953701949914549e-03
1.862535721999999949e-01,3.130898513279990140e-03
1.863540881999999899e-01,3.130732954650324723e-03
1.864322298999999961e-01,3.130604194440265043e-03
1.864433903000000115e-01,3.130585800716175621e-03
1.864545501000000050e-01,3.130567406943647081e-03
1.864768676000000125e-01,3.130530620284315522e-03
1.864880254000000070e-01,3.130512226950896235e-03
1.865326496999999972e-01,3.130438655334146034e-03
1.865438040999999880e-01,3.130420263003893047e-03
1.866218664000000027e-01,3.130291519023905341e-03
1.867110404000000001e-01,3.130144391149126178e-03
1.867556113999999934e-01,3.130070830648494853e-03
1.868335852000000130e-01,3.129942104808690079e-03
1.868447216000000133e-01,3.129923716121262717e-03
1.868781270000000050e-01,3.129868550206630316e-03
1.869894350999999899e-01,3.129684673539798352e-03
1.870228146000000036e-01,3.129629513007901442e-03
1.870784339000000074e-01,3.129537581758081756e-03
1.871896228999999912e-01,3.129353729520340920e-03
1.872340799999999972e-01,3.129280192484310084e-03
1.872451927000000071e-01,3.129261808480428373e-03
1.872896366000000035e-01,3.129188274028960309e-03
1.873340699999999914e-01,3.129114741830153409e-03
1.873451765999999963e-01,3.129096359143174882e-03
1.875227942999999897e-01,3.128802254601462281e-03
1.875449847000000003e-01,3.128765493846608504e-03
1.876115401000000016e-01,3.128655215256888420e-03
1.876448089999999957e-01,3.128600078011027370e-03
1.876780718999999931e-01,3.128544941828747400e-03
1.876891582000000114e-01,3.128526563245509224e-03
1.877224133000000017e-01,3.128471428653959840e-03
1.877334971000000075e-01,3.128453050761330258e-03
1.877778253999999869e-01,3.128379540494838698e-03
1.878221432999999940e-01,3.128306032375518034e-03
1.878553748000000023e-01,3.128250902620394614e-03
1.878775259000000086e-01,3.128214150054725411e-03
1.879107476999999915e-01,3.128159022522060753e-03
1.879439635000000053e-01,3.128103896122500557e-03
1.879550342000000096e-01,3.128085521017719920e-03
1.880435759999999901e-01,3.127938524362487271e-03
1.880767684000000106e-01,3.127883402895636697e-03
1.880878311999999997e-01,3.127865029222332959e-03
1.881431356999999915e-01,3.127773163708315925e-03
1.882205345999999890e-01,3.127644557457318758e-03
1.882536958000000094e-01,3.127589442350214681e-03
1.883089514999999881e-01,3.127497586927632280e-03
1.883200006999999898e-01,3.127479216128104846e-03
1.883862823000000131e-01,3.127368995070954616e-03
1.884083709000000106e-01,3.127332255633812324e-03
1.884856608999999905e-01,3.127203672418371692e-03
1.885298123999999964e-01,3.127130199116119526e-03
1.885739535000000022e-01,3.127056728139462807e-03
1.885849871999999983e-01,3.127038360763614681e-03
1.886070525999999914e-01,3.127001626177702484e-03
1.886511757000000067e-01,3.126928159110405146e-03
1.887834830000000019e-01,3.126707770744791177e-03
1.888496018999999970e-01,3.126597583791349087e-03
1.888826526000000061e-01,3.126542492123473432e-03
1.889267112999999942e-01,3.126469038599802817e-03
1.889377244000000067e-01,3.126450675463328301e-03
1.889707596999999906e-01,3.126395587129441982e-03
1.890037893000000024e-01,3.126340500160194966e-03
1.890147979000000034e-01,3.126322138055908674e-03
1.890258058000000019e-01,3.126303776063462173e-03
1.891028433999999980e-01,3.126175246204268912e-03
1.891138461999999909e-01,3.126156885384491144e-03
1.891468507999999882e-01,3.126101803675357220e-03
1.892348349000000096e-01,3.125954924880972388e-03
1.892678184000000097e-01,3.125899847737735170e-03
1.892788116000000131e-01,3.125881488742022606e-03
1.893117874999999950e-01,3.125826413065664958e-03
1.894106805000000116e-01,3.125661193574223555e-03
1.894985421000000003e-01,3.125514341162285731e-03
1.895424575999999917e-01,3.125440918102902893e-03
1.896302582000000125e-01,3.125294078521476029e-03
1.896412303999999993e-01,3.125275724329744462e-03
1.896631729000000099e-01,3.125239016130624322e-03
1.897180179999999883e-01,3.125147248045067987e-03
1.897289852000000054e-01,3.125128894713108309e-03
1.897618828000000035e-01,3.125073835869834199e-03
1.897947747000000018e-01,3.125018778161096997e-03
1.898166994000000107e-01,3.124982073849400226e-03
1.898386216999999876e-01,3.124945369941093450e-03
1.898934161999999981e-01,3.124853612640865475e-03
1.899372404000000125e-01,3.124780209255022343e-03
1.899920063999999964e-01,3.124688458253256553e-03
1.900139083999999867e-01,3.124651758689060352e-03
1.900248585000000046e-01,3.124633409015132451e-03
1.900686524000000099e-01,3.124560012335565046e-03
1.901124362000000123e-01,3.124486617625466065e-03
1.901562099000000117e-01,3.124413225246235222e-03
1.901890336000000015e-01,3.124358182173338737e-03
1.901999735999999885e-01,3.124339834741966370e-03
1.902546639999999900e-01,3.124248100194524161e-03
1.903202717999999960e-01,3.124138022747959161e-03
1.903312041999999926e-01,3.124119677125661819e-03
1.904077136000000003e-01,3.123991260654271178e-03
1.904186409999999996e-01,3.123972916266605591e-03
1.904295678000000047e-01,3.123954571508068701e-03
1.904951152999999897e-01,3.123844507454742042e-03
1.905169594999999994e-01,3.123807820583346211e-03
1.905497210000000052e-01,3.123752791060640643e-03
1.906043111000000068e-01,3.123661078082299539e-03
1.906807108999999945e-01,3.123532685591473394e-03
1.906916227000000075e-01,3.123514344317033196e-03
1.907243542000000014e-01,3.123459321415446212e-03
1.907570802000000121e-01,3.123404299707888913e-03
1.907788943000000015e-01,3.123367619388111704e-03
1.908116109000000116e-01,3.123312599819739934e-03
1.908552242999999871e-01,3.123239242299283378e-03
1.909424211000000093e-01,3.123092533454711450e-03
1.909533179000000025e-01,3.123074195555995865e-03
1.909860046000000089e-01,3.123019182551114298e-03
1.910186856999999960e-01,3.122964170682363417e-03
1.910404699999999900e-01,3.122927496794234391e-03
1.911058079000000076e-01,3.122817478422975669e-03
1.911928904999999901e-01,3.122670794663540833e-03
1.912364169000000114e-01,3.122597456267175043e-03
1.912908110000000050e-01,3.122505786294272126e-03
1.913016879999999975e-01,3.122487452574798129e-03
1.913778093999999874e-01,3.122359121024927825e-03
1.914756353000000022e-01,3.122194133314694798e-03
1.915625497000000010e-01,3.122047486906241211e-03
1.915842721000000082e-01,3.122010826479862996e-03
1.915951324000000067e-01,3.121992496619548953e-03
1.916385674999999955e-01,3.121919178216893843e-03
1.916819926999999979e-01,3.121845862069023633e-03
1.917254080000000138e-01,3.121772548017133064e-03
1.917579631000000118e-01,3.121717564049424770e-03
1.917688136000000043e-01,3.121699236293648191e-03
1.918013613000000006e-01,3.121644253694210846e-03
1.918230566999999942e-01,3.121607599333565616e-03
1.918555952000000064e-01,3.121552619014935758e-03
1.918989712999999986e-01,3.121479313572250117e-03
1.919314968999999982e-01,3.121424336287613021e-03
1.919856940000000123e-01,3.121332709592234897e-03
1.920290406999999866e-01,3.121259410981021710e-03
1.920615442999999978e-01,3.121204438285013569e-03
1.920723776000000105e-01,3.121186114214863881e-03
1.921157048000000089e-01,3.121112819698113310e-03
1.921481936999999973e-01,3.121057850574039151e-03
1.921698498999999949e-01,3.121021204861714696e-03
1.922564505000000090e-01,3.120874628027449534e-03
1.922780946000000046e-01,3.120837985188164125e-03
1.922889157000000071e-01,3.120819663915026191e-03
1.923754625999999912e-01,3.120673098919440804e-03
1.924511593000000076e-01,3.120544861894462754e-03
1.925052100999999904e-01,3.120453268001288725e-03
1.925160184999999968e-01,3.120434949646211549e-03
1.925808558000000059e-01,3.120325042166764186e-03
1.926024634000000069e-01,3.120288407528877973e-03
1.926348702000000024e-01,3.120233456615701013e-03
1.927644430999999881e-01,3.120013664584031943e-03
1.928076146999999907e-01,3.119940405045161774e-03
1.928399870999999988e-01,3.119885461966147387e-03
1.928615656000000067e-01,3.119848833722522596e-03
1.928939289000000112e-01,3.119793892486047784e-03
1.929370715000000014e-01,3.119720639336663343e-03
1.929694221999999904e-01,3.119665701076234591e-03
1.930341071999999991e-01,3.119555827805638257e-03
1.930664415999999994e-01,3.119500893229370554e-03
1.931203202000000008e-01,3.119409338008591239e-03
1.931957250000000126e-01,3.119281166633367918e-03
1.932388002000000049e-01,3.119207928880814856e-03
1.932926308000000037e-01,3.119116384395920812e-03
1.933141587999999966e-01,3.119079767778356813e-03
1.933787285000000133e-01,3.118969920669914086e-03
1.934110052999999940e-01,3.118914999074028343e-03
1.934432766999999997e-01,3.118860078672445503e-03
1.934540325999999921e-01,3.118841772259806251e-03
1.934862968000000127e-01,3.118786853301830798e-03
1.935293073000000086e-01,3.118713630184346500e-03
1.935400585000000007e-01,3.118695324676325643e-03
1.935830571000000111e-01,3.118622104347985261e-03
1.936367920000000020e-01,3.118530581828227958e-03
1.936690256999999971e-01,3.118475669938309582e-03
1.937979070999999998e-01,3.118256034668183928e-03
1.938086434000000080e-01,3.118237732785619776e-03
1.938301141000000061e-01,3.118201128842048708e-03
1.938408484999999959e-01,3.118182827437931699e-03
1.938730483999999976e-01,3.118127923290340067e-03
1.938945119000000106e-01,3.118091321242630505e-03
1.939588884000000013e-01,3.117981518191359751e-03
1.939696156999999865e-01,3.117963218275441196e-03
1.940554130999999904e-01,3.117816822991280410e-03
1.940661351000000090e-01,3.117798524073354775e-03
1.941840380000000033e-01,3.117597246391045317e-03
1.942268940999999915e-01,3.117524058471061316e-03
1.943232856000000064e-01,3.117359393856674373e-03
1.943446994999999955e-01,3.117322803021314002e-03
1.943554054999999947e-01,3.117304508017445380e-03
1.943982237999999918e-01,3.117231328823162964e-03
1.944838319999999954e-01,3.117084977204672650e-03
1.944945304000000041e-01,3.117066683779183382e-03
1.945159254000000115e-01,3.117030097539310197e-03
1.945800963000000050e-01,3.116920341678942104e-03
1.946442459999999930e-01,3.116810590855890930e-03
1.946656244999999952e-01,3.116774008441977693e-03
1.946976878999999994e-01,3.116719135579405341e-03
1.947404309000000111e-01,3.116645973851605179e-03
1.947831644999999945e-01,3.116572814189394035e-03
1.948365683999999931e-01,3.116481367941909952e-03
1.948579257999999981e-01,3.116444790299416952e-03
1.948686037000000038e-01,3.116426501666591780e-03
1.949540053000000106e-01,3.116280197766513153e-03
1.949966921000000075e-01,3.116207048808487378e-03
1.950287011000000070e-01,3.116152188795101585e-03
1.950927033000000033e-01,3.116042472310289694e-03
1.951673459999999916e-01,3.115914475597657187e-03
1.952099861999999908e-01,3.115841337756369150e-03
1.952419602000000087e-01,3.115786485916322967e-03
1.952526169999999894e-01,3.115768202111590581e-03
1.952632733000000120e-01,3.115749918483153372e-03
1.953378507999999902e-01,3.115621937320648023e-03
1.953698038999999997e-01,3.115567090113092411e-03
1.953804537000000119e-01,3.115548807943373331e-03
1.954336943999999965e-01,3.115457399628413556e-03
1.954656318000000115e-01,3.115402556258466561e-03
1.955401321000000137e-01,3.115274592950451234e-03
1.955507726999999862e-01,3.115256313060266354e-03
1.955933293000000073e-01,3.115183194696788740e-03
1.956039669000000092e-01,3.115164915582579064e-03
1.956358766000000082e-01,3.115110078523756001e-03
1.957634629999999987e-01,3.114890742975077662e-03
1.958378500000000078e-01,3.114762806555169527e-03
1.958484744000000000e-01,3.114744530360834696e-03
1.958803442000000006e-01,3.114689702742261430e-03
1.958909662999999968e-01,3.114671427267493801e-03
1.959228292000000093e-01,3.114616601131231337e-03
1.959334490000000095e-01,3.114598326206994248e-03
1.960077715000000109e-01,3.114470404846280457e-03
1.960502288000000037e-01,3.114397309798431351e-03
1.961032876000000091e-01,3.114305944143420501e-03
1.961138976000000034e-01,3.114287671304413405e-03
1.961457242999999906e-01,3.114232853840311153e-03
1.961775457999999916e-01,3.114178037704012653e-03
1.961987571999999902e-01,3.114141494256157661e-03
1.962199664000000010e-01,3.114104951535539081e-03
1.962623777999999986e-01,3.114031867177542191e-03
1.962729793000000111e-01,3.114013596413494657e-03
1.963577700999999953e-01,3.113867435821495409e-03
1.963683663999999940e-01,3.113849166223729356e-03
1.964531160000000110e-01,3.113703015475646155e-03
1.964848876999999994e-01,3.113648211127505779e-03
1.965166543000000099e-01,3.113593407882942702e-03
1.965272419999999909e-01,3.113575140555549341e-03
1.966225058000000137e-01,3.113410739494777962e-03
1.966542501000000109e-01,3.113355941547603280e-03
1.966965679000000078e-01,3.113282879892531434e-03
1.967071458999999911e-01,3.113264614472831260e-03
1.967811761999999909e-01,3.113136762466980900e-03
1.968763171000000034e-01,3.112972390911633233e-03
1.968974531999999888e-01,3.112935865276077619e-03
1.969397187999999965e-01,3.112862815788757388e-03
1.969925378999999865e-01,3.112771507049354180e-03
1.970664609999999983e-01,3.112643680431628149e-03
1.970770192000000087e-01,3.112625420003981621e-03
1.971192461999999868e-01,3.112552379982035620e-03
1.971614641999999973e-01,3.112479341723205749e-03
1.971931218000000097e-01,3.112424564636816823e-03
1.972142239999999935e-01,3.112388047113472198e-03
1.972458730999999965e-01,3.112333272266010632e-03
1.973618762999999887e-01,3.112132440608015877e-03
1.974040424000000071e-01,3.112059415023791294e-03
1.974145824999999910e-01,3.112041158956387835e-03
1.974672747000000006e-01,3.111949880604036878e-03
1.975304867000000075e-01,3.111840351047742790e-03
1.975410200999999921e-01,3.111822096628639751e-03
1.975515529000000103e-01,3.111803842509570581e-03
1.976252668000000046e-01,3.111676066124581357e-03
1.976357951000000113e-01,3.111657813024323958e-03
1.976673767000000081e-01,3.111603053963186028e-03
1.977410474999999890e-01,3.111475288206835832e-03
1.977515696000000101e-01,3.111457036323206360e-03
1.978777918000000080e-01,3.111238026263488891e-03
1.978883066999999885e-01,3.111219776355500857e-03
1.979093348000000030e-01,3.111183276922806305e-03
1.979198480000000093e-01,3.111165027409184668e-03
1.979724056000000121e-01,3.111073781543586148e-03
1.980039335000000067e-01,3.111019035598125600e-03
1.980459629000000110e-01,3.110946043098491640e-03
1.980774791000000090e-01,3.110891300007002057e-03
1.981299948999999949e-01,3.110800064547844870e-03
1.981404964000000046e-01,3.110781817813063326e-03
1.981719976000000105e-01,3.110727078454887749e-03
1.982139913000000031e-01,3.110654094668518707e-03
1.982244884000000096e-01,3.110635848898615947e-03
1.982559761999999892e-01,3.110581112823480876e-03
1.982874589999999992e-01,3.110526377824115486e-03
1.983818773999999896e-01,3.110362180570386530e-03
1.983923656000000091e-01,3.110343937327638905e-03
1.984238268000000083e-01,3.110289207667208105e-03
1.984762509000000119e-01,3.110197994409662995e-03
1.985076987999999931e-01,3.110143267897822524e-03
1.985391417000000047e-01,3.110088542964145001e-03
1.985496216000000036e-01,3.110070301550603867e-03
1.985915353999999911e-01,3.109997336900606566e-03
1.987067530000000137e-01,3.109796696116941608e-03
1.987276944999999961e-01,3.109760217668293587e-03
1.988009722999999895e-01,3.109632547362984126e-03
1.988846853000000026e-01,3.109486646891498115e-03
1.988951469999999944e-01,3.109468409899321731e-03
1.989160685999999956e-01,3.109431936313273182e-03
1.989265286000000132e-01,3.109413699897424846e-03
1.989579052999999875e-01,3.109358990899727723e-03
1.990520057000000065e-01,3.109194871520947444e-03
1.990624585000000113e-01,3.109176636577247032e-03
1.990833626000000078e-01,3.109140167368723735e-03
1.991356132000000057e-01,3.109048996764390317e-03
1.991460616000000072e-01,3.109030763136307659e-03
1.991774037000000053e-01,3.108976062677237372e-03
1.992087408999999865e-01,3.108921363515055897e-03
1.992505160999999969e-01,3.108848433313385166e-03
1.992922826000000092e-01,3.108775505191377266e-03
1.993444783999999970e-01,3.108684348116933730e-03
1.993862251999999891e-01,3.108611424883272936e-03
1.993966604999999892e-01,3.108593194290400381e-03
1.994175294999999959e-01,3.108556733683970515e-03
1.995114131000000068e-01,3.108392667946999546e-03
1.995844031000000018e-01,3.108265068677459365e-03
1.996365224999999965e-01,3.108173930692814148e-03
1.996469448000000035e-01,3.108155703533774673e-03
1.997303031999999867e-01,3.108009890286278411e-03
1.998032133000000043e-01,3.107882311056970725e-03
1.998136268000000049e-01,3.107864085954867035e-03
1.998865065000000052e-01,3.107736514436420811e-03
1.998969157000000108e-01,3.107718290337327730e-03
1.999177325000000005e-01,3.107681842947582988e-03
1.999281401000000125e-01,3.107663619231178578e-03
1.999593595999999973e-01,3.107608949426716918e-03
1.999801699000000044e-01,3.107572503364850955e-03
2.000113813000000129e-01,3.107517835567198076e-03
2.000425878000000046e-01,3.107463168824882872e-03
2.000841888999999874e-01,3.107390281710068706e-03
2.000945879000000094e-01,3.107372060255293549e-03
2.001465743999999991e-01,3.107280955113900320e-03
2.001777597999999936e-01,3.107226293925234670e-03
2.002297248000000085e-01,3.107135194233172967e-03
2.002920649000000108e-01,3.107025878986098121e-03
2.003855387000000043e-01,3.106861915250814198e-03
2.003959220000000041e-01,3.106843697856094284e-03
2.004270686999999884e-01,3.106789046335583365e-03
2.004685900000000021e-01,3.106716179159041153e-03
2.005101026999999980e-01,3.106643314125631834e-03
2.005516069000000123e-01,3.106570451561991696e-03
2.005827293000000122e-01,3.106515806117650293e-03
2.006345894000000074e-01,3.106424732590943628e-03
2.006760676999999882e-01,3.106351876487273202e-03
2.007071709000000093e-01,3.106297235636973526e-03
2.007486343000000062e-01,3.106224383104403547e-03
2.007589988000000047e-01,3.106206170447024795e-03
2.008004515000000045e-01,3.106133320752958119e-03
2.008833311999999871e-01,3.105987627624573130e-03
2.008936887999999976e-01,3.105969416738724783e-03
2.009144022999999890e-01,3.105932995106131227e-03
2.009247581999999976e-01,3.105914784452816057e-03
2.009558228999999974e-01,3.105860153617453177e-03
2.011317653999999955e-01,3.105550600489269744e-03
2.011421102000000016e-01,3.105532392732835226e-03
2.011731412999999968e-01,3.105477770374227234e-03
2.012558674999999908e-01,3.105332116381616728e-03
2.012868810000000008e-01,3.105277498258123166e-03
2.013075541000000079e-01,3.105241086875583020e-03
2.013798931000000125e-01,3.105113651298673470e-03
2.014108874999999965e-01,3.105059038273155336e-03
2.014212180000000130e-01,3.105040833886625867e-03
2.014728621999999914e-01,3.104949815456219987e-03
2.015348177000000074e-01,3.104840597455179717e-03
2.015761108999999940e-01,3.104767788142732098e-03
2.016277153999999905e-01,3.104676779729689026e-03
2.016380346999999962e-01,3.104658578526754004e-03
2.016689895000000066e-01,3.104603975412692073e-03
2.017205703000000128e-01,3.104512972933144016e-03
2.017515123999999993e-01,3.104458373144192672e-03
2.018649262999999972e-01,3.104258184269184477e-03
2.019164569999999936e-01,3.104167194566857541e-03
2.019473690999999960e-01,3.104112602481335671e-03
2.019576721000000130e-01,3.104094405497832311e-03
2.019679745000000082e-01,3.104076208357269256e-03
2.019988788000000035e-01,3.104021618230061973e-03
2.020297782000000097e-01,3.103967029184008519e-03
2.020400770000000124e-01,3.103948833406485787e-03
2.020503753000000013e-01,3.103930637439734214e-03
2.021224483999999877e-01,3.103803270096846395e-03
2.021327424999999900e-01,3.103785074958217548e-03
2.022150761000000019e-01,3.103639521487949228e-03
2.022459424999999977e-01,3.103584941189375945e-03
2.022768043000000016e-01,3.103530361710138581e-03
2.022870904999999886e-01,3.103512169085337856e-03
2.023282301000000061e-01,3.103439399420838355e-03
2.023693612999999947e-01,3.103366631574954859e-03
2.024618760000000128e-01,3.103202912297787445e-03
2.025338026999999874e-01,3.103075582507372043e-03
2.025646205999999949e-01,3.103021014696699231e-03
2.026057038000000088e-01,3.102948259420298949e-03
2.026159733000000018e-01,3.102930071000593263e-03
2.026262423000000090e-01,3.102911882696336460e-03
2.026878453000000024e-01,3.102802755269805021e-03
2.026981106000000088e-01,3.102784567958317020e-03
2.027083755000000098e-01,3.102766380790316671e-03
2.027802146999999888e-01,3.102639073641228883e-03
2.027904752999999949e-01,3.102620887689572834e-03
2.028930535000000035e-01,3.102439033210366987e-03
2.029033084000000098e-01,3.102420848546279513e-03
2.029340702000000107e-01,3.102366295057259072e-03
2.029545755000000118e-01,3.102329926804597501e-03
2.029853295000000057e-01,3.102275375846028603e-03
2.030570707000000086e-01,3.102148094127304360e-03
2.031185430000000125e-01,3.102039000783312662e-03
2.032004772000000070e-01,3.101893550964251751e-03
2.032311940000000039e-01,3.101839009242145142e-03
2.032619061000000005e-01,3.101784468897717320e-03
2.032721425000000026e-01,3.101766288967075253e-03
2.033642465000000121e-01,3.101602676623109716e-03
2.033949385000000110e-01,3.101548141267481632e-03
2.034358541000000076e-01,3.101475429890344047e-03
2.034460817000000032e-01,3.101457252268110219e-03
2.034767614000000113e-01,3.101402720429657402e-03
2.035176605000000027e-01,3.101330013099277104e-03
2.036096534000000069e-01,3.101166429701367189e-03
2.036403083999999974e-01,3.101111904379052261e-03
2.036913899999999999e-01,3.101021031490093765e-03
2.037118189999999884e-01,3.100984683110652451e-03
2.037220326999999997e-01,3.100966509178137726e-03
2.038037242999999887e-01,3.100821122671321584e-03
2.038445577000000120e-01,3.100748432878033724e-03
2.038547648000000045e-01,3.100730260720892251e-03
2.039159966999999907e-01,3.100621230547916714e-03
2.039670091000000129e-01,3.100530375787725369e-03
2.039976105000000095e-01,3.100475864530590885e-03
2.040078099000000034e-01,3.100457694386470238e-03
2.040384051999999948e-01,3.100403184906010481e-03
2.040893870999999915e-01,3.100312338258917003e-03
2.041607403000000043e-01,3.100185158574379849e-03
2.041811223999999980e-01,3.100148822575764501e-03
2.042524434999999916e-01,3.100021651329944519e-03
2.042626302999999977e-01,3.100003484733621344e-03
2.043441055999999922e-01,3.099858155232818827e-03
2.043644693999999984e-01,3.099821824310124933e-03
2.043746505000000047e-01,3.099803658897785658e-03
2.044255486000000066e-01,3.099712834366846140e-03
2.044560813000000088e-01,3.099658341495705339e-03
2.044866094999999995e-01,3.099603849540328530e-03
2.044967845000000006e-01,3.099585686038580298e-03
2.045374795999999884e-01,3.099513032412613313e-03
2.045781665999999999e-01,3.099440381460641467e-03
2.046188455000000073e-01,3.099367732327816451e-03
2.046493494000000135e-01,3.099313247000563040e-03
2.047001790999999904e-01,3.099222440569702249e-03
2.048221189999999969e-01,3.099004519359707405e-03
2.048322773000000041e-01,3.098986359930582055e-03
2.048525925999999941e-01,3.098950041865354121e-03
2.048627494999999965e-01,3.098931883173278081e-03
2.048932169999999886e-01,3.098877407509409345e-03
2.049135262000000013e-01,3.098841091052999090e-03
2.049439862000000112e-01,3.098786617409313420e-03
2.050150420000000084e-01,3.098659516860908809e-03
2.051570798000000029e-01,3.098405335601174711e-03
2.051773628000000127e-01,3.098369026275309742e-03
2.052280618000000001e-01,3.098278254945571481e-03
2.052686119000000087e-01,3.098205640386659642e-03
2.053192883000000135e-01,3.098114875080032644e-03
2.053395553000000040e-01,3.098078569909358624e-03
2.053496881000000107e-01,3.098060417718053426e-03
2.054003444999999983e-01,3.097969657754220778e-03
2.054307323000000018e-01,3.097915203380722550e-03
2.054611157000000021e-01,3.097860750571649995e-03
2.054712424000000037e-01,3.097842599612724013e-03
2.055623609999999990e-01,3.097679248746467752e-03
2.056332030999999949e-01,3.097552205717096514e-03
2.056433213999999954e-01,3.097534057520321283e-03
2.057141355999999865e-01,3.097407022029973703e-03
2.057242499999999974e-01,3.097388874437790370e-03
2.057950363000000116e-01,3.097261846557714578e-03
2.058253659000000013e-01,3.097207407925181306e-03
2.058354746999999929e-01,3.097189262076951045e-03
2.059466395000000005e-01,3.096989665751542081e-03
2.059567424000000035e-01,3.096971521652185869e-03
2.059870480999999864e-01,3.096917089634987179e-03
2.060375477999999982e-01,3.096826372164990671e-03
2.060476461999999898e-01,3.096808229111397762e-03
2.060779386000000102e-01,3.096753800461356752e-03
2.061284160000000087e-01,3.096663089073937395e-03
2.061889725999999923e-01,3.096554239755952131e-03
2.061990636000000099e-01,3.096536098806593109e-03
2.062797741000000074e-01,3.096390974972167316e-03
2.062898606999999940e-01,3.096372835317523498e-03
2.063100324000000096e-01,3.096336555798843895e-03
2.063201175000000109e-01,3.096318416325255767e-03
2.064007806000000000e-01,3.096173305537009129e-03
2.064310212000000089e-01,3.096118891246507285e-03
2.064511790999999929e-01,3.096082615760066201e-03
2.064713350000000058e-01,3.096046340503026250e-03
2.065217162999999911e-01,3.095955655338524827e-03
2.065317911000000006e-01,3.095937518833196886e-03
2.065620123999999946e-01,3.095883109560153279e-03
2.065922293999999937e-01,3.095828701949869012e-03
2.066828537000000021e-01,3.095665485394700177e-03
2.067633754000000046e-01,3.095520413183887754e-03
2.068338060999999894e-01,3.095393482286695926e-03
2.068539246999999970e-01,3.095357217443065693e-03
2.068840989999999880e-01,3.095302821210278027e-03
2.069243245999999870e-01,3.095230294997047653e-03
2.070449544000000086e-01,3.095012728779054749e-03
2.070851486999999991e-01,3.094940210788432733e-03
2.070951960999999897e-01,3.094922081675106733e-03
2.071253352999999908e-01,3.094867695144941453e-03
2.071554700000000082e-01,3.094813309774767547e-03
2.071655139999999951e-01,3.094795181685849102e-03
2.072458480999999908e-01,3.094650161223630805e-03
2.072558875999999939e-01,3.094632034284849204e-03
2.072759653000000035e-01,3.094595780719356683e-03
2.073361867000000081e-01,3.094487023444970723e-03
2.073662907999999916e-01,3.094432646633724689e-03
2.074064228999999981e-01,3.094360145796767013e-03
2.074866636999999903e-01,3.094215151271506592e-03
2.076069667000000063e-01,3.093997675265457506e-03
2.076470522999999957e-01,3.093925187577076675e-03
2.077171832999999967e-01,3.093798339099336752e-03
2.077272001000000090e-01,3.093780218471826968e-03
2.077372164000000077e-01,3.093762098093841978e-03
2.077572476000000001e-01,3.093725857534622599e-03
2.077973040999999965e-01,3.093653377680296353e-03
2.078073169999999914e-01,3.093635258393433347e-03
2.078173295000000087e-01,3.093617138743475371e-03
2.078974117000000066e-01,3.093472187990947784e-03
2.079174273999999933e-01,3.093435951924241537e-03
2.079774630000000013e-01,3.093327246100566891e-03
2.080074742999999948e-01,3.093272895068800103e-03
2.080374812999999934e-01,3.093218545130000611e-03
2.080774838999999987e-01,3.093146080575331740e-03
2.080874832999999868e-01,3.093127964758857207e-03
2.081174788000000053e-01,3.093073618292019582e-03
2.081674615999999922e-01,3.092983043145534558e-03
2.082174324000000132e-01,3.092892471202018240e-03
2.082374174000000133e-01,3.092856243664700126e-03
2.082474091000000027e-01,3.092838129874785503e-03
2.082973607999999976e-01,3.092747563784107364e-03
2.083273260000000071e-01,3.092693225656742515e-03
2.083672729000000112e-01,3.092620776501396954e-03
2.083972280999999982e-01,3.092566441078263909e-03
2.084371616000000038e-01,3.092493995816699912e-03
2.084471438000000121e-01,3.092475884909950349e-03
2.084870678000000088e-01,3.092403442205442481e-03
2.085170057999999882e-01,3.092349111614900361e-03
2.085668927999999867e-01,3.092258563689031722e-03
2.086067939000000038e-01,3.092186127514586803e-03
2.086965433000000092e-01,3.092023153714166563e-03
2.087164823999999863e-01,3.091986939208327123e-03
2.087264513000000044e-01,3.091968831816211023e-03
2.087762883000000014e-01,3.091878297561554117e-03
2.088061847999999887e-01,3.091823978930749450e-03
2.088759266000000114e-01,3.091697239647396567e-03
2.088858878000000030e-01,3.091679134479285301e-03
2.089257278999999967e-01,3.091606715377235963e-03
2.089356867999999923e-01,3.091588611108973903e-03
2.089954299000000015e-01,3.091479987267039663e-03
2.090153405000000075e-01,3.091443780639762176e-03
2.090452027999999962e-01,3.091389471354168746e-03
2.090750607999999899e-01,3.091335163558242647e-03
2.091546613999999971e-01,3.091190348048882420e-03
2.091646092999999984e-01,3.091172246514012432e-03
2.092043963999999923e-01,3.091099842648823912e-03
2.092541195000000021e-01,3.091009340735097720e-03
2.092839478000000086e-01,3.090955041324642757e-03
2.093237121000000034e-01,3.090882643882975241e-03
2.093336520000000089e-01,3.090864544686996920e-03
2.093535303999999875e-01,3.090828346913297893e-03
2.094032181999999909e-01,3.090737855010056330e-03
2.094926263999999927e-01,3.090574978266064955e-03
2.095124896999999986e-01,3.090538785036972807e-03
2.095621397999999913e-01,3.090448303586634544e-03
2.096514802999999982e-01,3.090285446264467127e-03
2.096812520000000124e-01,3.090231162723482399e-03
2.097110194000000039e-01,3.090176880261759351e-03
2.097606224999999935e-01,3.090086412680952480e-03
2.097903787000000020e-01,3.090032133767721227e-03
2.098300471000000000e-01,3.089959763438300186e-03
2.098796219999999879e-01,3.089869303799312825e-03
2.099192735000000032e-01,3.089796938320220256e-03
2.099688274000000021e-01,3.089706484679078779e-03
2.099985541000000122e-01,3.089652214033319737e-03
2.100282766000000079e-01,3.089597944847847447e-03
2.100381832000000060e-01,3.089579855437186214e-03
2.101174188000000109e-01,3.089435144108902079e-03
2.101273211999999946e-01,3.089417055616182350e-03
2.101570255000000109e-01,3.089362791632788846e-03
2.102065233000000033e-01,3.089272354052395152e-03
2.102758006999999874e-01,3.089145746882756768e-03
2.103054839999999870e-01,3.089091488810730580e-03
2.103153775000000114e-01,3.089073403137576612e-03
2.103648379999999984e-01,3.088982976228418515e-03
2.104439506999999931e-01,3.088838300210427264e-03
2.104736103000000025e-01,3.088784048837806429e-03
2.105823263999999917e-01,3.088585137563052557e-03
2.105922068999999952e-01,3.088567055519905475e-03
2.106020869000000129e-01,3.088548973860389020e-03
2.106218455999999961e-01,3.088512810390209654e-03
2.106811104999999906e-01,3.088404323317320288e-03
2.107502319000000013e-01,3.088277761593733340e-03
2.107601044999999895e-01,3.088259681741796145e-03
2.107798483999999972e-01,3.088223522650436134e-03
2.108390689000000096e-01,3.088115048559271839e-03
2.108686728999999982e-01,3.088060813461884768e-03
2.109180036999999952e-01,3.087970424050915253e-03
2.109475966000000091e-01,3.087916192058314576e-03
2.110264907999999939e-01,3.087771579240308935e-03
2.110659267999999977e-01,3.087699276014480108e-03
2.110757846999999909e-01,3.087681200523402676e-03
2.110954989999999920e-01,3.087645049894535091e-03
2.111053555000000082e-01,3.087626975199231696e-03
2.112925411999999892e-01,3.087283574465732056e-03
2.113023884999999935e-01,3.087265502030455029e-03
2.113122353000000120e-01,3.087247429688227268e-03
2.113417730999999911e-01,3.087193213580583136e-03
2.113811502999999870e-01,3.087120927698472784e-03
2.115385858000000119e-01,3.086831805081795884e-03
2.115680920000000131e-01,3.086777598019323481e-03
2.116074270999999951e-01,3.086705324415467497e-03
2.116270919000000084e-01,3.086669188465295671e-03
2.116565857000000106e-01,3.086614985348966160e-03
2.116860752999999984e-01,3.086560783344500722e-03
2.116959042999999874e-01,3.086542716262549984e-03
2.117253885000000002e-01,3.086488516062977586e-03
2.117745196999999968e-01,3.086398184945392080e-03
2.117843446000000074e-01,3.086380119237974208e-03
2.118138165000000017e-01,3.086325922386194340e-03
2.118432842999999899e-01,3.086271727091516575e-03
2.118629271999999952e-01,3.086235597181109357e-03
2.118923880999999954e-01,3.086181403878918064e-03
2.120396314999999920e-01,3.085910454673834475e-03
2.120494441000000119e-01,3.085892392426153874e-03
2.120886898999999881e-01,3.085820144730854440e-03
2.121573525999999876e-01,3.085693716992470633e-03
2.121671598000000047e-01,3.085675656321265094e-03
2.121769665000000082e-01,3.085657595712546029e-03
2.121965785000000104e-01,3.085621475311346902e-03
2.122456006000000006e-01,3.085531176309300357e-03
2.122554037000000116e-01,3.085513116981771289e-03
2.122848102000000070e-01,3.085458939383935780e-03
2.123142125999999963e-01,3.085404763450609079e-03
2.123338119000000024e-01,3.085368646619151677e-03
2.123632075000000119e-01,3.085314472141160828e-03
2.124023953999999992e-01,3.085242241999784120e-03
2.124415759999999931e-01,3.085170013578441249e-03
2.125101246999999971e-01,3.085043619502367794e-03
2.125199154999999895e-01,3.085025563531640976e-03
2.125688631000000051e-01,3.084935286441752716e-03
2.125982261999999900e-01,3.084881121941662752e-03
2.126373706999999946e-01,3.084808904448818872e-03
2.127254195999999931e-01,3.084646422718324670e-03
2.127547610999999950e-01,3.084592264568830969e-03
2.127840984999999907e-01,3.084538107669005606e-03
2.128036546000000029e-01,3.084502003581629601e-03
2.128623119999999980e-01,3.084393695114353174e-03
2.128720866999999906e-01,3.084375643815610076e-03
2.128818608999999973e-01,3.084357593211617659e-03
2.129502678000000093e-01,3.084231241061055010e-03
2.129600385000000040e-01,3.084213191352578459e-03
2.129795784000000081e-01,3.084177092022479492e-03
2.130674858000000116e-01,3.084014652358421128e-03
2.131358331000000050e-01,3.083888318241418802e-03
2.131455952999999903e-01,3.083870270634011135e-03
2.132724621000000043e-01,3.083635668937921917e-03
2.133017284000000013e-01,3.083581533229177562e-03
2.133407438000000100e-01,3.083509354301831266e-03
2.134285025000000058e-01,3.083346958900745095e-03
2.134577473000000003e-01,3.083292829573038799e-03
2.134869882000000052e-01,3.083238701567860961e-03
2.134967342000000101e-01,3.083220659173953934e-03
2.135064798999999902e-01,3.083202616744838524e-03
2.135357139999999876e-01,3.083148490913944877e-03
2.135649441999999953e-01,3.083094365975690924e-03
2.135746866999999882e-01,3.083076324646220629e-03
2.136039116000000015e-01,3.083022201268081994e-03
2.136623492999999985e-01,3.082913958380738111e-03
2.136915621000000098e-01,3.082859838761221362e-03
2.137597099000000112e-01,3.082733564234977144e-03
2.137986417999999944e-01,3.082661410034890151e-03
2.138083735999999901e-01,3.082643372078816470e-03
2.138862125000000058e-01,3.082499071524510102e-03
2.139153947999999916e-01,3.082444961051165454e-03
2.139737473999999973e-01,3.082336743707956087e-03
2.140418054000000070e-01,3.082210496534557552e-03
2.140709664000000068e-01,3.082156392591573792e-03
2.141098416999999976e-01,3.082084255447147068e-03
2.141875709999999933e-01,3.081939988193883179e-03
2.141972852000000038e-01,3.081921955398579747e-03
2.142069989000000008e-01,3.081903922889905976e-03
2.142361375000000068e-01,3.081849825692044905e-03
2.142846929999999983e-01,3.081759666347081567e-03
2.143526521999999934e-01,3.081633448795240843e-03
2.143623588999999940e-01,3.081615418155093673e-03
2.143914764000000028e-01,3.081561327181659392e-03
2.144205899000000137e-01,3.081507237632145988e-03
2.144399966999999962e-01,3.081471178512250678e-03
2.145079067000000006e-01,3.081344975816941757e-03
2.145467027999999887e-01,3.081272863318345549e-03
2.145854918000000000e-01,3.081200752370590826e-03
2.146242738999999955e-01,3.081128643704416845e-03
2.146533558000000008e-01,3.081074564024350280e-03
2.146727415999999944e-01,3.081038511377945984e-03
2.147308883999999862e-01,3.080930356315425469e-03
2.148180791000000034e-01,3.080768133249495427e-03
2.148277647000000068e-01,3.080750108928798862e-03
2.148568191000000127e-01,3.080696037513562958e-03
2.148955522000000062e-01,3.080623943802252712e-03
2.149342783000000034e-01,3.080551852229463598e-03
2.149729974000000043e-01,3.080479762929878677e-03
2.149826760999999919e-01,3.080461741143692908e-03
2.150020321999999984e-01,3.080425697203587315e-03
2.150504146999999977e-01,3.080335590468360855e-03
2.150600899000000010e-01,3.080317569555963975e-03
2.150891128999999902e-01,3.080263507574918912e-03
2.151664885000000027e-01,3.080119348236525639e-03
2.152438362000000105e-01,3.079975197439667467e-03
2.152921644000000134e-01,3.079885107468151653e-03
2.153114925999999874e-01,3.079849072317877336e-03
2.153211560999999941e-01,3.079831054812212383e-03
2.153694670000000089e-01,3.079740970464395558e-03
2.153984482999999894e-01,3.079686920995168033e-03
2.154274257000000081e-01,3.079632872974691783e-03
2.154660562000000057e-01,3.079560811004024637e-03
2.155143344999999877e-01,3.079470736089839639e-03
2.155239888999999909e-01,3.079452721834725990e-03
2.155819060999999981e-01,3.079344637267254076e-03
2.155915575000000028e-01,3.079326623782126064e-03
2.156012083999999940e-01,3.079308610247671624e-03
2.156301585000000021e-01,3.079254570691599465e-03
2.156687526999999938e-01,3.079182519933850934e-03
2.157459203000000048e-01,3.079038424286163148e-03
2.157748510999999980e-01,3.078984390825030212e-03
2.158327009000000074e-01,3.078876327137136746e-03
2.158616201000000123e-01,3.078822297021787963e-03
2.159290829000000134e-01,3.078696231813156901e-03
2.160157899000000048e-01,3.078534157221507039e-03
2.160446845000000005e-01,3.078480135169323843e-03
2.160928336000000061e-01,3.078390100533271671e-03
2.161313451999999913e-01,3.078318075007654194e-03
2.162179710999999893e-01,3.078156025848733171e-03
2.162372166000000040e-01,3.078120016331891296e-03
2.162468386999999992e-01,3.078102011882430898e-03
2.162757023999999917e-01,3.078047999031155967e-03
2.162853228000000128e-01,3.078029994970878612e-03
2.163238000999999910e-01,3.077957980371687999e-03
2.163718870000000127e-01,3.077867964989189440e-03
2.163911188000000041e-01,3.077831959790926046e-03
2.164391907999999864e-01,3.077741949262188543e-03
2.164488039999999947e-01,3.077723947262395784e-03
2.164776408000000096e-01,3.077669943178447994e-03
2.165449117000000090e-01,3.077543937137641652e-03
2.165833429000000032e-01,3.077471937272612847e-03
2.165929496000000010e-01,3.077453937222410750e-03
2.166697880000000020e-01,3.077309944218865282e-03
2.166793908999999907e-01,3.077291945477767920e-03
2.167081969999999913e-01,3.077237950913661643e-03
2.167561987000000134e-01,3.077147962123828653e-03
2.168137867000000107e-01,3.077039980173482906e-03
2.168521701999999995e-01,3.076967994817886385e-03
2.168905469000000086e-01,3.076896011627448541e-03
2.169097326999999964e-01,3.076860020600904501e-03
2.169864589999999926e-01,3.076716062953920028e-03
2.170152243000000036e-01,3.076662080954349968e-03
2.170535721999999890e-01,3.076590106395121586e-03
2.170631580999999866e-01,3.076572113271362850e-03
2.171302475999999926e-01,3.076446164553458141e-03
2.171589939999999941e-01,3.076392188533191938e-03
2.171973164000000067e-01,3.076320222452550747e-03
2.172164752000000087e-01,3.076284240210279495e-03
2.172739411000000065e-01,3.076176296253681219e-03
2.172835173000000064e-01,3.076158306317924862e-03
2.173122433999999936e-01,3.076104336415514881e-03
2.173218178999999917e-01,3.076086347015449373e-03
2.173601115999999889e-01,3.076014389769800815e-03
2.173983986999999951e-01,3.075942434992026252e-03
2.174749525000000128e-01,3.075798531201321458e-03
2.175036532999999883e-01,3.075744569578537160e-03
2.175132193000000047e-01,3.075726582668333701e-03
2.175992951000000064e-01,3.075564705845472164e-03
2.176184184000000132e-01,3.075528734971047246e-03
2.176757782000000030e-01,3.075420824951717331e-03
2.177331230000000006e-01,3.075312919571053169e-03
2.177426789999999945e-01,3.075294935783848532e-03
2.178191117999999926e-01,3.075151070289328971e-03
2.178286640000000052e-01,3.075133087681067995e-03
2.178573182000000108e-01,3.075079140933498038e-03
2.179241631999999929e-01,3.074953269341147103e-03
2.179337108000000134e-01,3.074935288242898294e-03
2.179718971000000061e-01,3.074863365245750473e-03
2.180482495000000132e-01,3.074719525602293956e-03
2.180577917000000032e-01,3.074701546260188989e-03
2.180768747999999868e-01,3.074665588008620391e-03
2.181150360000000121e-01,3.074593673043075296e-03
2.181341140999999983e-01,3.074557716076940263e-03
2.181627281999999890e-01,3.074503781910770638e-03
2.182008742999999862e-01,3.074431871667731783e-03
2.182294795999999981e-01,3.074377940415293480e-03
2.182771467000000076e-01,3.074288057734851295e-03
2.182866789000000030e-01,3.074270081383579604e-03
2.183152728999999959e-01,3.074216153711574126e-03
2.183629213000000124e-01,3.074126276779805180e-03
2.183915053000000106e-01,3.074072352174527564e-03
2.184200856000000079e-01,3.074018428702601606e-03
2.184296115999999899e-01,3.074000454692414272e-03
2.184391371000000137e-01,3.073982480773560996e-03
2.185153263000000068e-01,3.073838693242084575e-03
2.185914888999999917e-01,3.073694913944363845e-03
2.186200430999999944e-01,3.073640998986520122e-03
2.186581095000000030e-01,3.073569114107530670e-03
2.186866548999999993e-01,3.073515202100112875e-03
2.186961692999999929e-01,3.073497231672017629e-03
2.187342224000000113e-01,3.073425351148014600e-03
2.187437346999999976e-01,3.073407381524801557e-03
2.188483421999999901e-01,3.073209722492854096e-03
2.188863688999999890e-01,3.073137850384924895e-03
2.189528997000000088e-01,3.073012079455000704e-03
2.189624024000000058e-01,3.072994112711998488e-03
2.190004093000000041e-01,3.072922247191533368e-03
2.190479086000000075e-01,3.072832418188889501e-03
2.191238862000000065e-01,3.072688698453187716e-03
2.191428763999999918e-01,3.072652770019498186e-03
2.191903449000000004e-01,3.072562950987405613e-03
2.192283121999999973e-01,3.072491098386885555e-03
2.192567834999999965e-01,3.072437209715768967e-03
2.192757622000000017e-01,3.072401285069663833e-03
2.193326885999999920e-01,3.072293513813266052e-03
2.193801159999999861e-01,3.072203707985305711e-03
2.194275330999999885e-01,3.072113905632429306e-03
2.195318148000000025e-01,3.071916351754771634e-03
2.195602466000000086e-01,3.071862476225028452e-03
2.195981499999999920e-01,3.071790644150376726e-03
2.196455200999999913e-01,3.071700857364457332e-03
2.196834088000000074e-01,3.071629029994821063e-03
2.197118210000000016e-01,3.071575160713772585e-03
2.197212909000000047e-01,3.071557204752098889e-03
2.197307604000000025e-01,3.071539248424806200e-03
2.198727543000000006e-01,3.071269924946856689e-03
2.198822172999999880e-01,3.071251971244754863e-03
2.199106037999999930e-01,3.071198110239440650e-03
2.199389867000000054e-01,3.071144250672038292e-03
2.199579066000000027e-01,3.071108345099226450e-03
2.199862834000000100e-01,3.071054487644976193e-03
2.200241133999999987e-01,3.070982679503814206e-03
2.200524815999999884e-01,3.070928824824894262e-03
2.201092071000000094e-01,3.070821118549871796e-03
2.201375644000000131e-01,3.070767267532320370e-03
2.201848184000000097e-01,3.070677518199367920e-03
2.202509568999999889e-01,3.070551874880156091e-03
2.203170755999999952e-01,3.070426238052483339e-03
2.203265195999999926e-01,3.070408290241466009e-03
2.203548489000000110e-01,3.070354448430595139e-03
2.204020563000000099e-01,3.070264714390171651e-03
2.204114964999999982e-01,3.070246767790365573e-03
2.204398149000000029e-01,3.070192929483363774e-03
2.204681296999999873e-01,3.070139092093138612e-03
2.204775670999999937e-01,3.070121146607305163e-03
2.205530521000000077e-01,3.069977587762801313e-03
2.206379417999999870e-01,3.069816093819299502e-03
2.206568017999999964e-01,3.069780207732398809e-03
2.206662310999999987e-01,3.069762264998502927e-03
2.207039446000000071e-01,3.069690494874480723e-03
2.207416516000000051e-01,3.069618726813955461e-03
2.207793520999999926e-01,3.069546961272793389e-03
2.207887762999999892e-01,3.069529020008450720e-03
2.208076233000000055e-01,3.069493138419287278e-03
2.208170462999999861e-01,3.069475197480134136e-03
2.208453126000000100e-01,3.069421376452852960e-03
2.208641548999999982e-01,3.069385496207459232e-03
2.209206720000000124e-01,3.069277858957746973e-03
2.209300901000000039e-01,3.069259919468142212e-03
2.210054204999999938e-01,3.069116411501886590e-03
2.210148349999999928e-01,3.069098473794656858e-03
2.210807251999999945e-01,3.068972911910117837e-03
2.211465958000000120e-01,3.068847356561861181e-03
2.211654124000000110e-01,3.068811485121974991e-03
2.212406625999999987e-01,3.068668003275947312e-03
2.212594712000000019e-01,3.068632134468752062e-03
2.212688748999999955e-01,3.068614199985311621e-03
2.213440899999999933e-01,3.068470730244419846e-03
2.213816879000000126e-01,3.068398998460751103e-03
2.214568647000000057e-01,3.068255541246112366e-03
2.214944434999999989e-01,3.068183815588196740e-03
2.215414081000000035e-01,3.068094161847639834e-03
2.216071417000000099e-01,3.067968652355662889e-03
2.216728558999999932e-01,3.067843149347914463e-03
2.216822421000000098e-01,3.067825220756783232e-03
2.216916278000000129e-01,3.067807292327996097e-03
2.217103981000000112e-01,3.067771436085536992e-03
2.217197827000000065e-01,3.067753507921279574e-03
2.217573169000000011e-01,3.067681797273773964e-03
2.217948448000000017e-01,3.067610088830323867e-03
2.218417457999999898e-01,3.067520456418657438e-03
2.218605033999999920e-01,3.067484604212495670e-03
2.219073904999999958e-01,3.067394976656503264e-03
2.219167666999999899e-01,3.067377051243671236e-03
2.219730156999999982e-01,3.067269502893935334e-03
2.220479922999999967e-01,3.067126112641927783e-03
2.220573626000000023e-01,3.067108189395756704e-03
2.221416773999999872e-01,3.066946886382696056e-03
2.221604097000000055e-01,3.066911042993509650e-03
2.221697752000000026e-01,3.066893121412792370e-03
2.222165969999999879e-01,3.066803515304652571e-03
2.223102110999999881e-01,3.066624312998420150e-03
2.223570032999999946e-01,3.066534717101887953e-03
2.223663606000000070e-01,3.066516798429977115e-03
2.223944300000000041e-01,3.066463042651772046e-03
2.224318503999999919e-01,3.066391370464657991e-03
2.224412045999999976e-01,3.066373452499809599e-03
2.225066723999999940e-01,3.066248032110756045e-03
2.225160234000000126e-01,3.066230115037770192e-03
2.225814691999999928e-01,3.066104702036935581e-03
2.225908169999999964e-01,3.066086786560434391e-03
2.226095114999999958e-01,3.066050955298897564e-03
2.226188581000000111e-01,3.066033040120180308e-03
2.226468957000000137e-01,3.065979295392603967e-03
2.226936171999999992e-01,3.065889723103698040e-03
2.227216454000000012e-01,3.065835981299061801e-03
2.227683511999999921e-01,3.065746414273920993e-03
2.228150472000000049e-01,3.065656850660452605e-03
2.228430601999999983e-01,3.065603114227616159e-03
2.228710694999999908e-01,3.065549378642094119e-03
2.229177441000000093e-01,3.065459822195729447e-03
2.229457441000000095e-01,3.065406089908578532e-03
2.229550765999999962e-01,3.065388179645227133e-03
2.230297230000000130e-01,3.065244900759598809e-03
2.230577089999999929e-01,3.065191172889693109e-03
2.231136703000000110e-01,3.065083722000505519e-03
2.231416458000000103e-01,3.065029997959379995e-03
2.231789409000000113e-01,3.064958367712387020e-03
2.232069080999999899e-01,3.064904646780389468e-03
2.232628321000000027e-01,3.064797208286848453e-03
2.232907888000000007e-01,3.064743490883115821e-03
2.233373755999999988e-01,3.064653964040512865e-03
2.233560075999999894e-01,3.064618154591925055e-03
2.234863880000000080e-01,3.064367501374993738e-03
2.235050075999999997e-01,3.064331695907151782e-03
2.235143168000000014e-01,3.064313793290088499e-03
2.235608570000000017e-01,3.064224282615927997e-03
2.235887763999999944e-01,3.064170577673329052e-03
2.236259969999999930e-01,3.064098973082881542e-03
2.236539083000000094e-01,3.064045271215348840e-03
2.237004194999999973e-01,3.063955770544070974e-03
2.238120067999999907e-01,3.063740981981857500e-03
2.238491901999999922e-01,3.063669390419254852e-03
2.239235384999999912e-01,3.063526213069778844e-03
2.239328302999999964e-01,3.063508316430029257e-03
2.239607033999999885e-01,3.063454627368148060e-03
2.240071507999999989e-01,3.063365148343557675e-03
2.240628751000000030e-01,3.063257778231798668e-03
2.241093013000000078e-01,3.063168306401911015e-03
2.241464354000000103e-01,3.063096731426862614e-03
2.241557180000000038e-01,3.063078838404508040e-03
2.241835634000000077e-01,3.063025159011393064e-03
2.242578007999999901e-01,3.062882019510363221e-03
2.243691109000000017e-01,3.062667326308841313e-03
2.243969298000000057e-01,3.062613656199256011e-03
2.244062019999999991e-01,3.062595766667488596e-03
2.244340163000000110e-01,3.062542097812152603e-03
2.244432869000000108e-01,3.062524208486940881e-03
2.244525572000000135e-01,3.062506319466776379e-03
2.244803657999999980e-01,3.062452652788646718e-03
2.245081708999999981e-01,3.062398987082251035e-03
2.245174384999999995e-01,3.062381098687936599e-03
2.245267056999999955e-01,3.062363210755476243e-03
2.245452390000000076e-01,3.062327434948665297e-03
2.246286198999999928e-01,3.062166450176451084e-03
2.246749292999999925e-01,3.062077018822974284e-03
2.246934503000000138e-01,3.062041247180124614e-03
2.247304878999999977e-01,3.061969705867112045e-03
2.247397462999999873e-01,3.061951820716616018e-03
2.248230551000000021e-01,3.061790860749921857e-03
2.248415639000000132e-01,3.061755093756393480e-03
2.248508177999999913e-01,3.061737210340610086e-03
2.249248349999999896e-01,3.061594146778594868e-03
2.249618344000000048e-01,3.061522618491162480e-03
2.249895799999999946e-01,3.061468973959736994e-03
2.250265689000000013e-01,3.061397448966727934e-03
2.250450609999999907e-01,3.061361687478625099e-03
2.251005282000000107e-01,3.061254405791496991e-03
2.251190143000000032e-01,3.061218646739778150e-03
2.251467404999999977e-01,3.061165008604154088e-03
2.251837034999999987e-01,3.061093492698322652e-03
2.251929433000000036e-01,3.061075613923983606e-03
2.252576112999999935e-01,3.060950467695889177e-03
2.252853204999999970e-01,3.060896835320955651e-03
2.252945560999999874e-01,3.060878958478968018e-03
2.253222606999999988e-01,3.060825327700402495e-03
2.253407286000000120e-01,3.060789574600365076e-03
2.253684274999999959e-01,3.060735946080811974e-03
2.254053541999999910e-01,3.060664443009328273e-03
2.254884169999999965e-01,3.060503568820992053e-03
2.255160978000000094e-01,3.060449946921656780e-03
2.255622248999999968e-01,3.060360578813027706e-03
2.256267871000000036e-01,3.060235469349579292e-03
2.256913308000000062e-01,3.060110366378196011e-03
2.257005498000000110e-01,3.060092494970602633e-03
2.257097684000000104e-01,3.060074624089902020e-03
2.257282046000000097e-01,3.060038882133980613e-03
2.257742883999999950e-01,3.059949529082158035e-03
2.257835039999999960e-01,3.059931659051107634e-03
2.258111486000000112e-01,3.059878049487056630e-03
2.258756396000000111e-01,3.059752965080298447e-03
2.259309029000000080e-01,3.059645754658330344e-03
2.259585295000000049e-01,3.059592151836614763e-03
2.260045663999999954e-01,3.059502815322306165e-03
2.260321838999999888e-01,3.059449215146298022e-03
2.260690022000000077e-01,3.059377750579171575e-03
2.261426206000000105e-01,3.059234826961794700e-03
2.261518211999999917e-01,3.059216962022752711e-03
2.262070170999999907e-01,3.059109775599147801e-03
2.262530033000000051e-01,3.059020457202957753e-03
2.262805905999999978e-01,3.058966867810254849e-03
2.263173683999999963e-01,3.058895417026917616e-03
2.264000965999999893e-01,3.058734660713038987e-03
2.264368549000000119e-01,3.058663217096658019e-03
2.264460436000000076e-01,3.058645356558863625e-03
2.264736073999999988e-01,3.058591775245569390e-03
2.265103538000000083e-01,3.058520335383818275e-03
2.265195395000000056e-01,3.058502476073575362e-03
2.265838287999999978e-01,3.058377462755878899e-03
2.266113757999999867e-01,3.058323887655284290e-03
2.266664597999999975e-01,3.058216741088604432e-03
2.266939967000000111e-01,3.058163169182027789e-03
2.267215303000000015e-01,3.058109598713431524e-03
2.267582365999999960e-01,3.058038173696086930e-03
2.267674121999999903e-01,3.058020317721385928e-03
2.268408040000000070e-01,3.057877474112409566e-03
2.268683197999999956e-01,3.057823909855823807e-03
2.268866618000000002e-01,3.057788201391899337e-03
2.269141719999999973e-01,3.057734639269835304e-03
2.269508470999999916e-01,3.057663224794197106e-03
2.270241795000000062e-01,3.057520402772550324e-03
2.270608369000000071e-01,3.057448994860788739e-03
2.270883260000000070e-01,3.057395440341696344e-03
2.270974883000000111e-01,3.057377589141119581e-03
2.271066502000000098e-01,3.057359737926016244e-03
2.271707733999999979e-01,3.057234783606187570e-03
2.271799324000000064e-01,3.057216933675863807e-03
2.272440349000000026e-01,3.057091986540859483e-03
2.272531909000000128e-01,3.057074137769385646e-03
2.272806568000000083e-01,3.057020591401173829e-03
2.273081193000000000e-01,3.056967046455232300e-03
2.273538827999999901e-01,3.056877807515923431e-03
2.273813365000000031e-01,3.056824265572049247e-03
2.274270852999999981e-01,3.056735031469214915e-03
2.274636777000000054e-01,3.056663646576516982e-03
2.274728249000000091e-01,3.056645800792229164e-03
2.274911181000000004e-01,3.056610109439321290e-03
2.275002641999999964e-01,3.056592263910532219e-03
2.275459891000000123e-01,3.056503039078956128e-03
2.276008468000000062e-01,3.056395972963885620e-03
2.276739698999999950e-01,3.056253225317310911e-03
2.276831085999999893e-01,3.056235382873602642e-03
2.276922469999999865e-01,3.056217540017433076e-03
2.277196599000000099e-01,3.056164012885363452e-03
2.277562052000000059e-01,3.056092644946058201e-03
2.277927448000000021e-01,3.056021279065459888e-03
2.278292784000000015e-01,3.055949915629805995e-03
2.279114577999999947e-01,3.055789354812876724e-03
2.279297157999999879e-01,3.055753676161340922e-03
2.279844812000000054e-01,3.055646643613543940e-03
2.280118590000000112e-01,3.055593128828887339e-03
2.280483574999999929e-01,3.055521778051264320e-03
2.280757276000000000e-01,3.055468266140631221e-03
2.281213370999999879e-01,3.055379082345565690e-03
2.281304578999999999e-01,3.055361245979504488e-03
2.282034112999999920e-01,3.055218559655148783e-03
2.282307627999999866e-01,3.055165055007556547e-03
2.282581110000000135e-01,3.055111550768005533e-03
2.283674710999999968e-01,3.054897546841212497e-03
2.284221314999999863e-01,3.054790552189925665e-03
2.284494568000000059e-01,3.054737056643816451e-03
2.284767789000000104e-01,3.054683562259830586e-03
2.284858855000000133e-01,3.054665730752488279e-03
2.284949917000000108e-01,3.054647899819871136e-03
2.285132031000000064e-01,3.054612238164157185e-03
2.285587253999999957e-01,3.054523086008991990e-03
2.285678287000000031e-01,3.054505255466698037e-03
2.285951365999999985e-01,3.054451766388210400e-03
2.286224411999999984e-01,3.054398278296973843e-03
2.286588422999999981e-01,3.054326962724596660e-03
2.287043354999999945e-01,3.054237821242780388e-03
2.287771058999999996e-01,3.054095201468745926e-03
2.288043888000000081e-01,3.054041720989214472e-03
2.288407608999999954e-01,3.053970416078122078e-03
2.288862180000000024e-01,3.053881287230463849e-03
2.289225770999999965e-01,3.053809987316095410e-03
2.289952781000000048e-01,3.053667392530603434e-03
2.290043640999999963e-01,3.053649568836864624e-03
2.290316199000000108e-01,3.053596098619937305e-03
2.290588725000000103e-01,3.053542629631936667e-03
2.290770390999999906e-01,3.053506983933302124e-03
2.291042862999999874e-01,3.053453516696038629e-03
2.291496909999999887e-01,3.053364407194550899e-03
2.292132426000000056e-01,3.053239659878843968e-03
2.292495498999999881e-01,3.053168378425447430e-03
2.292949259000000017e-01,3.053079279556412950e-03
2.293221471999999928e-01,3.053025821652109208e-03
2.293584371999999871e-01,3.052954546494668180e-03
2.293856509999999960e-01,3.052901091815249206e-03
2.293947215000000095e-01,3.052883273731551474e-03
2.294672728999999911e-01,3.052740733813117443e-03
2.295126057999999913e-01,3.052651650911779313e-03
2.295760568999999918e-01,3.052526940376406803e-03
2.296576112000000003e-01,3.052366607564172083e-03
2.296757304000000000e-01,3.052330979580206247e-03
2.297119646000000126e-01,3.052259724766712666e-03
2.297210222000000135e-01,3.052241911259644808e-03
2.297300794999999896e-01,3.052224098321761839e-03
2.297844156999999943e-01,3.052117222173460643e-03
2.297934705000000133e-01,3.052099409530864907e-03
2.298658959999999862e-01,3.051956916219837179e-03
2.299021001999999869e-01,3.051885672691830031e-03
2.299292495999999963e-01,3.051832241504078436e-03
2.299473475000000100e-01,3.051796621433970971e-03
2.299654439000000106e-01,3.051761001706309630e-03
2.300106785999999903e-01,3.051671955156179568e-03
2.300468599999999919e-01,3.051600719705276077e-03
2.300830356999999937e-01,3.051529487019125856e-03
2.300920787999999884e-01,3.051511679031956772e-03
2.301101637999999894e-01,3.051476063223762612e-03
2.301192058000000040e-01,3.051458255886365864e-03
2.302547927999999966e-01,3.051191158871366556e-03
2.302999706999999951e-01,3.051102132962642179e-03
2.303090051999999999e-01,3.051084328087452519e-03
2.303632049000000070e-01,3.050977502432242368e-03
2.303722368999999992e-01,3.050959698522625382e-03
2.304083616000000001e-01,3.050888484581318078e-03
2.304535094000000062e-01,3.050799470120598138e-03
2.305167015000000041e-01,3.050674855230275668e-03
2.305257274999999995e-01,3.050657053402341164e-03
2.305528034999999865e-01,3.050603649403641360e-03
2.305798762000000057e-01,3.050550246653018719e-03
2.305979230000000102e-01,3.050514645515614316e-03
2.306249904999999878e-01,3.050461244497053217e-03
2.306610755000000068e-01,3.050390045047644914e-03
2.306971549000000066e-01,3.050318847821561433e-03
2.307422462000000007e-01,3.050229854495748686e-03
2.307963440999999949e-01,3.050123066337078696e-03
2.308143739999999888e-01,3.050087471167649972e-03
2.308414161000000020e-01,3.050034079978751565e-03
2.308684550000000002e-01,3.049980689427897029e-03
2.308774673000000000e-01,3.049962893115753908e-03
2.309405432999999952e-01,3.049838321363069864e-03
2.309585618999999979e-01,3.049802730807295217e-03
2.309765790999999957e-01,3.049767140539580510e-03
2.309855871000000005e-01,3.049749345456467288e-03
2.310306220999999993e-01,3.049660373030215702e-03
2.310576389000000008e-01,3.049606991353175176e-03
2.310846525999999956e-01,3.049553610164890821e-03
2.310936564000000137e-01,3.049535817345137238e-03
2.311206658000000136e-01,3.049482437946519821e-03
2.311656745000000013e-01,3.049393475204207650e-03
2.311746752000000127e-01,3.049375683198206344e-03
2.312466680999999968e-01,3.049233350716099543e-03
2.312736595999999867e-01,3.049179978027069006e-03
2.313456217000000037e-01,3.049037657071750843e-03
2.314085700999999884e-01,3.048913133671597112e-03
2.314175613999999992e-01,3.048895344892167160e-03
2.314445330000000078e-01,3.048841979594911315e-03
2.314625123000000062e-01,3.048806403742531420e-03
2.315523879999999979e-01,3.048628531820714044e-03
2.315973128000000103e-01,3.048539600597802678e-03
2.316062966999999917e-01,3.048521814722274671e-03
2.316332463000000119e-01,3.048468458004674041e-03
2.316691743000000026e-01,3.048397317666669010e-03
2.316781554000000021e-01,3.048379532442556123e-03
2.317320348999999946e-01,3.048272826666018065e-03
2.317410135999999898e-01,3.048255042868765977e-03
2.318128305000000111e-01,3.048112776752450511e-03
2.318397561999999967e-01,3.048059428878280644e-03
2.318487307000000053e-01,3.048041646721322360e-03
2.319474273999999892e-01,3.047846049897200409e-03
2.319833067000000026e-01,3.047774927959470605e-03
2.320281480999999979e-01,3.047686028278332772e-03
2.320371153000000131e-01,3.047668249142613563e-03
2.320640149000000041e-01,3.047614911221372801e-03
2.320909113999999884e-01,3.047561574654876048e-03
2.321088406000000048e-01,3.047526017519785590e-03
2.321715820999999957e-01,3.047401571407979889e-03
2.322343067000000039e-01,3.047277132427239025e-03
2.322432658999999955e-01,3.047259355694627910e-03
2.322522248999999983e-01,3.047241579202346687e-03
2.322790995000000025e-01,3.047188251070711684e-03
2.323059711000000083e-01,3.047134923755791865e-03
2.323238837999999917e-01,3.047099373182070477e-03
2.323507502000000113e-01,3.047046047617131461e-03
2.324581846999999868e-01,3.046832758813748133e-03
2.325387281000000084e-01,3.046672804490824487e-03
2.325566228000000013e-01,3.046637260770586157e-03
2.325655695999999939e-01,3.046619488925474302e-03
2.325924081000000088e-01,3.046566174165501583e-03
2.326013536000000048e-01,3.046548402583473120e-03
2.326371319999999965e-01,3.046477319098141266e-03
2.326729050000000132e-01,3.046406237287393928e-03
2.326818474000000025e-01,3.046388467292366828e-03
2.326997311000000013e-01,3.046352927869630522e-03
2.327801908000000086e-01,3.046193005102946268e-03
2.328159418000000092e-01,3.046121931874077194e-03
2.328427513999999920e-01,3.046068628483407544e-03
2.328784928000000032e-01,3.045997558977440230e-03
2.328874271999999968e-01,3.045979791706960281e-03
2.329231616999999921e-01,3.045908724780381060e-03
2.329678222000000076e-01,3.045819893699947770e-03
2.329946143000000136e-01,3.045766597069226190e-03
2.330303324000000120e-01,3.045695536445472851e-03
2.330392609999999975e-01,3.045677771572571132e-03
2.331106779999999878e-01,3.045535657826413823e-03
2.331285288000000122e-01,3.045500130454987988e-03
2.331374536999999969e-01,3.045482366977417601e-03
2.332445258999999993e-01,3.045269216483005754e-03
2.332802056000000124e-01,3.045198170812647275e-03
2.333515489000000109e-01,3.045056084823977247e-03
2.333782970000000123e-01,3.045002804712077567e-03
2.334228703000000016e-01,3.044914007870082751e-03
2.334496101999999906e-01,3.044860731100019428e-03
2.335298114999999897e-01,3.044700907442433272e-03
2.335387211000000129e-01,3.044683150090626844e-03
2.335565391999999962e-01,3.044647635392703881e-03
2.335654477999999923e-01,3.044629878239572297e-03
2.336367038999999923e-01,3.044487826299045914e-03
2.336634193000000081e-01,3.044434558925421079e-03
2.336723237999999980e-01,3.044416803124273992e-03
2.336812279000000103e-01,3.044399047648378449e-03
2.336990351000000077e-01,3.044363537450380658e-03
2.337524487000000040e-01,3.044257009428647399e-03
2.338058500999999900e-01,3.044150486018754563e-03
2.338236478000000063e-01,3.044114979191807607e-03
2.338414441999999982e-01,3.044079473202388614e-03
2.338503419000000083e-01,3.044061720169702768e-03
2.339659810999999978e-01,3.043830944179449442e-03
2.340371152000000066e-01,3.043688939705634609e-03
2.340637848999999882e-01,3.043635689935772839e-03
2.340993398000000003e-01,3.043564692348892965e-03
2.341260025000000133e-01,3.043511445087783950e-03
2.341704334999999970e-01,3.043422703056325885e-03
2.342059722000000010e-01,3.043351711282967983e-03
2.342415055000000024e-01,3.043280722111583840e-03
2.342770335000000093e-01,3.043209735043848115e-03
2.343036759000000080e-01,3.043156495884904306e-03
2.343214358000000053e-01,3.043121003542394870e-03
2.344102153000000022e-01,3.042943551239627072e-03
2.344634667999999922e-01,3.042837086317728632e-03
2.344900880999999937e-01,3.042783855401403215e-03
2.345255783000000094e-01,3.042712882804709477e-03
2.345521925000000063e-01,3.042659654751756360e-03
2.345610633000000111e-01,3.042641912568652598e-03
2.345965428000000019e-01,3.042570943919426646e-03
2.346054117999999966e-01,3.042553202299199885e-03
2.346320169999999983e-01,3.042499977976948281e-03
2.346763521999999935e-01,3.042411272896870973e-03
2.347384073000000071e-01,3.042287091665465872e-03
2.348093075000000085e-01,3.042145177512379367e-03
2.348181685000000074e-01,3.042127438993375010e-03
2.348358895000000057e-01,3.042091962405724364e-03
2.348447495000000051e-01,3.042074223937738225e-03
2.348713275000000045e-01,3.042021010114516217e-03
2.349156175000000069e-01,3.041932322901939791e-03
2.349421875000000104e-01,3.041879112034560385e-03
2.350218795000000027e-01,3.041719486701418337e-03
2.350307325000000058e-01,3.041701751529572902e-03
2.351015444000000010e-01,3.041559872069846994e-03
2.351192441000000133e-01,3.041524403338227711e-03
2.351280933999999878e-01,3.041506669529431706e-03
2.351634874000000097e-01,3.041435734677303687e-03
2.352342594000000064e-01,3.041293870934951363e-03
2.352431044000000138e-01,3.041276138984999166e-03
2.353138523999999954e-01,3.041134285116878482e-03
2.353403775000000031e-01,3.041081091451392198e-03
2.353668995000000042e-01,3.041027899605991229e-03
2.353757394999999863e-01,3.041010169344077196e-03
2.354022575999999978e-01,3.040956979009446903e-03
2.354376103999999970e-01,3.040886060494302299e-03
2.354552846999999893e-01,3.040850601637675767e-03
2.354817938000000055e-01,3.040797415028045382e-03
2.355083000000000037e-01,3.040744229586621154e-03
2.355171346999999915e-01,3.040726501096141249e-03
2.355878003999999915e-01,3.040584679425699984e-03
2.356584449999999942e-01,3.040442866361049278e-03
2.356672740000000099e-01,3.040425140549778225e-03
2.357202415999999912e-01,3.040318786631366135e-03
2.357643721000000081e-01,3.040230162454714714e-03
2.358261409000000086e-01,3.040106093322201847e-03
2.358702515999999971e-01,3.040017476938321195e-03
2.359496301000000018e-01,3.039857975147527806e-03
2.359760837000000055e-01,3.039804810276150980e-03
2.360113504999999945e-01,3.039733925946337158e-03
2.360906815000000103e-01,3.039574443326462094e-03
2.361083069999999895e-01,3.039539004080382689e-03
2.361171193000000113e-01,3.039521284257851522e-03
2.361523650000000030e-01,3.039450408103109864e-03
2.361611755999999951e-01,3.039432689589884658e-03
2.362316486999999909e-01,3.039290944270888091e-03
2.362932953999999919e-01,3.039166924075829140e-03
2.363021006999999896e-01,3.039149207407768147e-03
2.363285148000000002e-01,3.039096058609256582e-03
2.363725318000000075e-01,3.039007478988499725e-03
2.363901362999999978e-01,3.038972048257209888e-03
2.363989380000000029e-01,3.038954332830257673e-03
2.364693401999999889e-01,3.038812616284511815e-03
2.365045335000000026e-01,3.038741760508765523e-03
2.365309250000000030e-01,3.038688620736099567e-03
2.365397214999999942e-01,3.038670907548503622e-03
2.365661089999999966e-01,3.038617768683095442e-03
2.365836990999999889e-01,3.038582343790730434e-03
2.366364615000000060e-01,3.038476071718313604e-03
2.366452541000000076e-01,3.038458360563366014e-03
2.366716299000000134e-01,3.038405226436219266e-03
2.367155830000000072e-01,3.038316672602590484e-03
2.367243726999999909e-01,3.038298961922965367e-03
2.367507396000000097e-01,3.038245831964042978e-03
2.367771036999999912e-01,3.038192703022375880e-03
2.367946780999999890e-01,3.038157283938905471e-03
2.368210373000000091e-01,3.038104156860645805e-03
2.368473935000000030e-01,3.038051030692688354e-03
2.368561781999999893e-01,3.038033322427991737e-03
2.369527889999999970e-01,3.037838538705159210e-03
2.370054692999999935e-01,3.037732299255440326e-03
2.370669146999999921e-01,3.037608359627716730e-03
2.371371186000000020e-01,3.037466722148605622e-03
2.371458925999999912e-01,3.037449018040578805e-03
2.371985299000000103e-01,3.037342796146609743e-03
2.372160731000000078e-01,3.037307389755325177e-03
2.372423854000000054e-01,3.037254281565262073e-03
2.373476056000000112e-01,3.037041860064427969e-03
2.373739032999999943e-01,3.036988757192654945e-03
2.374089624999999870e-01,3.036917955836244010e-03
2.374264900999999983e-01,3.036882555703437989e-03
2.374527791000000110e-01,3.036829456810274074e-03
2.374878266000000071e-01,3.036758660175258289e-03
2.375141088000000122e-01,3.036705564052819863e-03
2.375666644999999966e-01,3.036599374864507126e-03
2.375929380000000035e-01,3.036546282033371694e-03
2.376192085999999926e-01,3.036493190713080662e-03
2.376542315999999877e-01,3.036422403685168185e-03
2.376629865000000064e-01,3.036404707103721422e-03
2.376892493999999967e-01,3.036351618621417614e-03
2.376980029999999910e-01,3.036333923306281258e-03
2.377767712999999949e-01,3.036174666287499990e-03
2.378730081000000052e-01,3.035980032744071532e-03
2.378992477999999910e-01,3.035926954028294288e-03
2.379866925000000133e-01,3.035750032413480574e-03
2.380129196000000114e-01,3.035696958256316365e-03
2.380478846000000093e-01,3.035626195067272701e-03
2.380828445000000015e-01,3.035555434001410875e-03
2.381177992000000077e-01,3.035484674689122031e-03
2.381265371000000075e-01,3.035466985113239799e-03
2.381876933000000029e-01,3.035343162628162481e-03
2.381964286000000097e-01,3.035325473905457587e-03
2.382226326999999921e-01,3.035272409382863430e-03
2.382924959999999925e-01,3.035130909847549331e-03
2.383186895000000138e-01,3.035077849449586366e-03
2.383274200000000120e-01,3.035060163002440987e-03
2.383536096999999965e-01,3.035007104869730243e-03
2.383623388999999981e-01,3.034989418430396324e-03
2.384059802999999866e-01,3.034900990812304696e-03
2.384757899000000125e-01,3.034759513355976372e-03
2.385019633000000083e-01,3.034706461293663286e-03
2.385281337000000057e-01,3.034653410514331733e-03
2.385368566000000135e-01,3.034635726686563725e-03
2.386066279000000068e-01,3.034494265190118122e-03
2.386153478999999966e-01,3.034476582596932429e-03
2.386763789000000135e-01,3.034352811317414435e-03
2.386850963000000103e-01,3.034335130133434828e-03
2.387112466999999905e-01,3.034282087798746697e-03
2.387461093999999895e-01,3.034211365567046886e-03
2.387548243000000014e-01,3.034193686078573860e-03
2.387722530999999981e-01,3.034158325987514233e-03
2.388158196000000066e-01,3.034069928880006681e-03
2.388506670999999970e-01,3.033999213691445512e-03
2.388767992999999978e-01,3.033946178567080432e-03
2.388942192000000075e-01,3.033910822484309731e-03
2.389551789999999898e-01,3.033787079680786737e-03
2.389900061000000131e-01,3.033716372893991396e-03
2.390248282000000113e-01,3.033645667802770726e-03
2.390335329000000120e-01,3.033627992058007469e-03
2.390509413999999944e-01,3.033592640441268480e-03
2.390857546000000056e-01,3.033521939093924546e-03
2.391031593000000066e-01,3.033486589685698443e-03
2.391640657000000114e-01,3.033362869033971905e-03
2.392336540999999983e-01,3.033221482156672668e-03
2.392423512999999891e-01,3.033203809462023826e-03
2.392684407000000013e-01,3.033150791401427546e-03
2.393379988000000069e-01,3.033009417181842162e-03
2.393640777999999913e-01,3.032956403849176169e-03
2.393727702000000013e-01,3.032938733278963371e-03
2.393814622999999864e-01,3.032921062523128222e-03
2.394509874999999899e-01,3.032779701293977521e-03
2.394683656999999910e-01,3.032744362715169943e-03
2.394770542999999918e-01,3.032726693470655811e-03
2.395204924999999874e-01,3.032638348793015998e-03
2.395465516999999989e-01,3.032585344314768071e-03
2.395812928999999925e-01,3.032514672380306857e-03
2.396073454000000047e-01,3.032461669830806457e-03
2.396507600999999987e-01,3.032373335577982169e-03
2.397288867000000046e-01,3.032214341512823319e-03
2.397896341999999903e-01,3.032090686918563135e-03
2.398850634999999953e-01,3.031896384807615964e-03
2.398937369999999958e-01,3.031878721885319754e-03
2.399284278999999909e-01,3.031808071382086859e-03
2.399370997999999977e-01,3.031790408927618249e-03
2.399631137000000081e-01,3.031737422782891656e-03
2.399891248999999893e-01,3.031684437547253405e-03
2.399977946000000084e-01,3.031666776060349365e-03
2.400064640000000027e-01,3.031649114928258726e-03
2.400238020000000083e-01,3.031613792435101755e-03
2.400758081999999904e-01,3.031507828991518352e-03
2.401278031999999896e-01,3.031401870384255529e-03
2.401451323999999887e-01,3.031366551644539258e-03
2.401971123999999957e-01,3.031260598942391374e-03
2.402750613000000091e-01,3.031101678709127115e-03
2.403010385999999887e-01,3.031048707387868930e-03
2.403096970999999971e-01,3.031031050661541371e-03
2.403789537999999892e-01,3.030889801631497012e-03
2.404741491999999869e-01,3.030695597474128682e-03
2.404828015000000097e-01,3.030677943175358411e-03
2.404914533999999993e-01,3.030660288904559688e-03
2.405174073999999940e-01,3.030607328055151886e-03
2.405606577999999940e-01,3.030519061512180080e-03
2.406211953000000070e-01,3.030395494535785550e-03
2.406298423000000075e-01,3.030377842780825927e-03
2.406903622999999881e-01,3.030254282642120232e-03
2.406990068000000038e-01,3.030236631508218502e-03
2.407162948999999885e-01,3.030201330598539591e-03
2.407249384000000048e-01,3.030183679836576018e-03
2.407508671999999961e-01,3.030130729353515753e-03
2.407940756999999987e-01,3.030042480725982177e-03
2.408545545000000121e-01,3.029918937845558092e-03
2.408631931000000115e-01,3.029901289275152652e-03
2.408977444000000023e-01,3.029830696960567667e-03
2.409322906999999958e-01,3.029760106662994674e-03
2.409581972000000016e-01,3.029707165179680237e-03
2.409754665999999934e-01,3.029671871900922828e-03
2.410013685000000072e-01,3.029618932214674359e-03
2.410272675000000031e-01,3.029565994091854095e-03
2.410963181000000122e-01,3.029424831092311903e-03
2.411049480000000134e-01,3.029407186088791532e-03
2.411394645999999919e-01,3.029336608605459526e-03
2.411739763000000092e-01,3.029266032534022428e-03
2.411826035000000090e-01,3.029248389169818777e-03
2.412429849000000126e-01,3.029124887513391998e-03
2.412688580000000027e-01,3.029071960435200488e-03
2.413205958999999901e-01,3.028966109238243141e-03
2.413464606999999873e-01,3.028913185312473531e-03
2.413895624999999878e-01,3.028824981634191740e-03
2.414068011000000125e-01,3.028789700833054831e-03
2.414154199000000112e-01,3.028772060902397163e-03
2.414498921999999881e-01,3.028701502001709261e-03
2.414843594999999954e-01,3.028630945073478714e-03
2.415446655000000054e-01,3.028507474995605075e-03
2.415791193000000059e-01,3.028436924078666687e-03
2.415963442999999877e-01,3.028401648698102189e-03
2.416221795999999866e-01,3.028348737296148330e-03
2.416480121000000036e-01,3.028295827673255312e-03
2.416566223000000124e-01,3.028278190753914533e-03
2.416824512000000091e-01,3.028225282429491960e-03
2.417599210999999970e-01,3.028066563686343960e-03
2.418029492000000058e-01,3.027978391182060882e-03
2.418631757999999965e-01,3.027854954784271139e-03
2.419319876999999896e-01,3.027713893089159069e-03
2.419405877999999954e-01,3.027696260877844794e-03
2.419577871999999963e-01,3.027660997280523947e-03
2.420695529000000124e-01,3.027431794270154554e-03
2.421039319999999939e-01,3.027361274588568144e-03
2.421383061999999864e-01,3.027290756998801940e-03
2.421468989999999988e-01,3.027273127888770350e-03
2.421726755999999980e-01,3.027220241649778050e-03
2.421984493000000072e-01,3.027167356229017083e-03
2.423358633000000095e-01,3.026885321553643080e-03
2.423530345000000086e-01,3.026850069572848984e-03
2.423702045999999999e-01,3.026814818171670671e-03
2.424045410000000011e-01,3.026744317054250958e-03
2.424474547999999896e-01,3.026656193217566911e-03
2.424903609000000071e-01,3.026568072722039208e-03
2.425075211999999925e-01,3.026532825662120885e-03
2.425589948999999912e-01,3.026427086762521583e-03
2.426104575999999957e-01,3.026321352423982577e-03
2.426533348999999895e-01,3.026233244646020157e-03
2.426790577000000060e-01,3.026180381022628221e-03
2.426876313000000118e-01,3.026162760072702469e-03
2.427219227999999895e-01,3.026092277786409952e-03
2.427562094999999864e-01,3.026021797985354710e-03
2.427647804999999992e-01,3.026004178274567958e-03
2.427819213999999892e-01,3.025968939228354786e-03
2.427904914000000025e-01,3.025951320001274859e-03
2.428333369000000019e-01,3.025863225407038684e-03
2.428590405999999924e-01,3.025810370500913241e-03
2.428933078999999939e-01,3.025739898840987697e-03
2.429190052000000100e-01,3.025687046141622202e-03
2.429532641000000104e-01,3.025616577655595302e-03
2.429618280999999991e-01,3.025598961351464583e-03
2.429703917000000102e-01,3.025581344935649331e-03
2.430645720999999870e-01,3.025387571292481679e-03
2.431672726999999923e-01,3.025176199154459497e-03
2.431758290999999905e-01,3.025158585926849154e-03
2.432014966000000111e-01,3.025105746516427822e-03
2.432271614000000026e-01,3.025052907911318471e-03
2.432442696999999876e-01,3.025017683185676938e-03
2.432699298999999871e-01,3.024964846601708654e-03
2.433041394000000079e-01,3.024894399719550622e-03
2.433297933000000135e-01,3.024841565676516814e-03
2.434323820000000027e-01,3.024630242569781909e-03
2.434494759999999980e-01,3.024595024207776990e-03
2.435007505000000017e-01,3.024489370853164581e-03
2.435092952000000033e-01,3.024471762573375470e-03
2.435776420999999914e-01,3.024330899825530480e-03
2.435861840999999917e-01,3.024313292639860956e-03
2.436118083000000101e-01,3.024260471932399379e-03
2.436459698000000007e-01,3.024190045871667527e-03
2.437228154999999952e-01,3.024031594568377546e-03
2.437825677000000080e-01,3.023908362052630996e-03
2.437911024999999954e-01,3.023890758406925800e-03
2.438167052000000112e-01,3.023837946689205899e-03
2.438593703999999973e-01,3.023749929984278443e-03
2.438764344000000084e-01,3.023714724422274167e-03
2.438849659000000003e-01,3.023697121298849107e-03
2.439190891000000139e-01,3.023626712133094425e-03
2.439873211999999958e-01,3.023485899544239679e-03
2.440129033000000003e-01,3.023433097001046801e-03
2.440214300000000114e-01,3.023415496209225835e-03
2.440470086000000038e-01,3.023362695012383940e-03
2.440640594000000052e-01,3.023327495443851008e-03
2.441237280999999926e-01,3.023204298861427615e-03
2.441492959000000074e-01,3.023151503073186371e-03
2.442004234000000051e-01,3.023045913632159323e-03
2.442941295999999929e-01,3.022852345099124542e-03
2.443367113999999896e-01,3.022764365095385181e-03
2.444048268000000024e-01,3.022623603003649073e-03
2.444218526999999974e-01,3.022588414114432079e-03
2.444303651999999993e-01,3.022570820057442990e-03
2.444984545999999981e-01,3.022430069361863904e-03
2.445239831999999891e-01,3.022377290051273934e-03
2.445324922000000067e-01,3.022359697369905382e-03
2.445580172000000052e-01,3.022306919480952959e-03
2.445665250000000068e-01,3.022289327096186560e-03
2.446345763999999978e-01,3.022148593554895447e-03
2.446770990000000090e-01,3.022060639402997153e-03
2.447026089999999876e-01,3.022007867879367496e-03
2.447366182000000057e-01,3.021937508252453726e-03
2.447961227999999878e-01,3.021814383949519150e-03
2.448046222999999966e-01,3.021796795684583963e-03
2.448301190000000127e-01,3.021744030252294412e-03
2.448641105000000096e-01,3.021673678491279980e-03
2.448726075999999863e-01,3.021656090937102201e-03
2.449320792999999941e-01,3.021532980837749512e-03
2.449405739999999942e-01,3.021515394381100918e-03
2.449490685000000056e-01,3.021497807886052919e-03
2.450085216000000010e-01,3.021374705920256993e-03
2.450170137000000081e-01,3.021357120338926446e-03
2.451019187000000044e-01,3.021181273653991781e-03
2.451104075999999965e-01,3.021163689312989821e-03
2.451358724999999905e-01,3.021110938152534852e-03
2.452122512999999893e-01,3.020952691618478559e-03
2.452207362999999918e-01,3.020935108970166424e-03
2.452377055999999944e-01,3.020899944363080424e-03
2.452461897999999862e-01,3.020882362788762480e-03
2.452886062999999894e-01,3.020794454681569562e-03
2.453140527000000071e-01,3.020741711621146523e-03
2.453394963999999956e-01,3.020688970325346653e-03
2.453734173000000074e-01,3.020618648910317495e-03
2.454158117999999944e-01,3.020530751274060760e-03
2.454242898000000006e-01,3.020513171890615300e-03
2.454751518000000132e-01,3.020407699510715537e-03
2.454836277999999927e-01,3.020390121431326333e-03
2.454921035000000029e-01,3.020372542730524051e-03
2.455175287999999956e-01,3.020319809235564885e-03
2.455514250999999981e-01,3.020249499048169566e-03
2.456446157999999935e-01,3.020056157827286526e-03
2.456530859000000122e-01,3.020038581936298257e-03
2.456784945000000109e-01,3.019985855453086177e-03
2.456954322000000079e-01,3.019950705291405118e-03
2.457885682000000016e-01,3.019757388284591629e-03
2.458224271999999988e-01,3.019687095122148505e-03
2.458308912000000124e-01,3.019669521877156940e-03
2.458985927000000016e-01,3.019528942653235040e-03
2.459239759000000081e-01,3.019476227496086743e-03
2.459578162000000123e-01,3.019405942258293271e-03
2.460170254999999861e-01,3.019282948969794975e-03
2.460254828000000005e-01,3.019265378562682647e-03
2.460508530000000138e-01,3.019212669019368835e-03
2.460593091000000121e-01,3.019195100067170387e-03
2.461269477999999955e-01,3.019054548230455139e-03
2.461607601999999950e-01,3.018984276149885241e-03
2.461692125000000120e-01,3.018966707799051238e-03
2.462283710000000014e-01,3.018843737094563124e-03
2.463044108999999926e-01,3.018685640255830676e-03
2.463213055000000040e-01,3.018650509306354795e-03
2.463635369000000130e-01,3.018562683788370785e-03
2.463973167999999880e-01,3.018492425983400687e-03
2.464310920999999988e-01,3.018422169498814495e-03
2.464395352000000039e-01,3.018404606214462882e-03
2.464564204999999952e-01,3.018369479323780667e-03
2.464901877000000019e-01,3.018299226752107871e-03
2.465070695000000089e-01,3.018264101585484051e-03
2.465914613999999894e-01,3.018088481904784241e-03
2.466420826999999871e-01,3.017983116641268816e-03
2.466673893999999922e-01,3.017930435308926757e-03
2.466926936000000126e-01,3.017877755618584602e-03
2.467011276999999947e-01,3.017860196143745156e-03
2.467348614000000051e-01,3.017789958596732696e-03
2.467685904999999957e-01,3.017719723163253109e-03
2.468360347999999926e-01,3.017579259435612150e-03
2.468444640000000134e-01,3.017561701965518033e-03
2.468697499999999989e-01,3.017509029982240899e-03
2.469118875999999907e-01,3.017421246588230469e-03
2.469371666999999881e-01,3.017368578203495372e-03
2.469624431999999925e-01,3.017315910921729120e-03
2.469708680999999906e-01,3.017298355436505604e-03
2.469961411000000107e-01,3.017245689187284495e-03
2.470045649000000010e-01,3.017228133928934620e-03
2.470466795000000049e-01,3.017140361487474255e-03
2.470719447999999985e-01,3.017087698924801609e-03
2.471393063000000001e-01,3.016947271860226029e-03
2.471729802000000031e-01,3.016877061076946292e-03
2.472403140999999971e-01,3.016736646517634464e-03
2.472487295999999946e-01,3.016719095228114628e-03
2.472655596999999983e-01,3.016683992722715701e-03
2.473160429000000049e-01,3.016578689586874810e-03
2.473412806999999991e-01,3.016526039646083568e-03
2.473749271000000027e-01,3.016455841698221021e-03
2.474001589000000001e-01,3.016403194757368185e-03
2.474422061000000062e-01,3.016315451981187168e-03
2.474758387999999865e-01,3.016245259795904705e-03
2.475178731000000076e-01,3.016157523182442894e-03
2.475346848999999960e-01,3.016122429457806110e-03
2.476103236999999957e-01,3.015964512855786369e-03
2.476439334999999964e-01,3.015894331907109736e-03
2.476523351999999900e-01,3.015876786309043284e-03
2.476775387000000050e-01,3.015824152539745440e-03
2.477195389000000081e-01,3.015736430755961046e-03
2.477699295999999940e-01,3.015631169498910955e-03
2.477783271000000009e-01,3.015613626247977842e-03
2.478371014000000094e-01,3.015490827952737631e-03
2.478454965999999926e-01,3.015473285967214603e-03
2.478538915000000065e-01,3.015455744328694385e-03
2.478790744999999907e-01,3.015403118846955548e-03
2.479881714000000126e-01,3.015175090440891034e-03
2.480468959999999889e-01,3.015052314741728176e-03
2.480552839999999870e-01,3.015034776062733377e-03
2.480720593999999890e-01,3.014999698213738106e-03
2.481056066000000004e-01,3.014929545056471705e-03
2.481223785999999987e-01,3.014894469470442723e-03
2.481475343000000000e-01,3.014841856853821278e-03
2.481726874999999888e-01,3.014789245357271316e-03
2.481810714000000084e-01,3.014771708185365676e-03
2.482062211999999934e-01,3.014719098458882880e-03
2.482565132000000008e-01,3.014613882047854649e-03
2.482816552999999871e-01,3.014561275430310307e-03
2.483486886999999865e-01,3.014420997242316363e-03
2.483738215000000082e-01,3.014368394980833105e-03
2.483821985999999926e-01,3.014350861222567061e-03
2.484575793000000088e-01,3.014193062473690364e-03
2.484743275000000085e-01,3.014157997607374261e-03
2.484827011000000085e-01,3.014140465780076189e-03
2.485161928999999881e-01,3.014070337706576015e-03
2.485245651999999916e-01,3.014052805791668337e-03
2.485496802000000116e-01,3.014000212111389403e-03
2.485747927999999995e-01,3.013947619066985502e-03
2.487086833999999913e-01,3.013667142745721748e-03
2.487254145999999999e-01,3.013632086224415658e-03
2.487505094000000139e-01,3.013579500926539569e-03
2.488759453000000121e-01,3.013316594863195419e-03
2.488843054000000055e-01,3.013299068556736775e-03
2.489093842000000001e-01,3.013246491414353894e-03
2.489261020000000102e-01,3.013211440022276009e-03
2.489511765000000099e-01,3.013158864633354653e-03
2.489846052999999948e-01,3.013088766025042147e-03
2.490096739000000059e-01,3.013036192988096610e-03
2.490598036999999987e-01,3.012931050811624815e-03
2.490848647999999999e-01,3.012878481658499627e-03
2.491099233000000079e-01,3.012825913164988295e-03
2.491182755999999943e-01,3.012808390790532812e-03
2.491266276000000113e-01,3.012790868734344443e-03
2.491767337999999943e-01,3.012685737344183295e-03
2.491934336000000139e-01,3.012650694561229674e-03
2.492518742000000009e-01,3.012528049420071328e-03
2.492602217999999870e-01,3.012510528971554420e-03
2.492769159999999873e-01,3.012475488792133640e-03
2.492852627000000099e-01,3.012457968905815457e-03
2.493854013000000036e-01,3.012247740524673714e-03
2.494104296000000109e-01,3.012195186482047749e-03
2.494604787999999962e-01,3.012090080956017317e-03
2.494854995999999936e-01,3.012037530379757001e-03
2.495271954000000125e-01,3.011949948328559220e-03
2.495522095999999912e-01,3.011897400974571180e-03
2.495855579000000046e-01,3.011827338901291919e-03
2.496439065999999929e-01,3.011704736501076736e-03
2.496522411000000052e-01,3.011687221917120402e-03
2.496605752000000122e-01,3.011669707973991736e-03
2.497105742999999878e-01,3.011564626598660539e-03
2.497189065000000041e-01,3.011547113009118825e-03
2.497522325000000043e-01,3.011477061557250000e-03
2.497772241000000004e-01,3.011424524197886879e-03
2.497938838000000050e-01,3.011389500175174448e-03
2.498605114000000127e-01,3.011249409207153536e-03
2.498854920999999951e-01,3.011196876793634496e-03
2.499520953000000101e-01,3.011056796895506850e-03
2.499770668999999890e-01,3.011004268737350800e-03
2.499853901999999906e-01,3.010986759669904023e-03
