q,I
2.039995199999999811e-03,1.896704441927187694e-03
2.884988900000000096e-03,1.896609594718600160e-03
4.079990399999999622e-03,1.896419914684058846e-03
4.561568000000000220e-03,1.896325081857530874e-03
5.769977800000000191e-03,1.896040612138226271e-03
6.119985599999999866e-03,1.895945798484692654e-03
6.451031299999999968e-03,1.895850989623363431e-03
7.355307299999999833e-03,1.895566591792310690e-03
8.159980799999999243e-03,1.895282237086440193e-03
8.411115699999999196e-03,1.895187461766106689e-03
8.654966599999999385e-03,1.895092691235668444e-03
9.123135799999999504e-03,1.894903164547761566e-03
1.019997589999999989e-02,1.894429431645402138e-03
1.040197520000000000e-02,1.894334699432974767e-03
1.098571020000000016e-02,1.894050531520973706e-03
1.153995529999999985e-02,1.893766406696833398e-03
1.189511369999999950e-02,1.893577014084456061e-03
1.223997100000000053e-02,1.893387640620673327e-03
1.240880609999999926e-02,1.893292961065692285e-03
1.290206219999999980e-02,1.893008951114061268e-03
1.306234239999999949e-02,1.892914290697289255e-03
1.368470339999999959e-02,1.892535696891031955e-03
1.427996599999999984e-02,1.892157179628508679e-03
1.442494390000000071e-02,1.892062562265781154e-03
1.471061409999999993e-02,1.891873341889829460e-03
1.485138870000000076e-02,1.891778738882961101e-03
1.553614000000000037e-02,1.891305795539796608e-03
1.593287120000000043e-02,1.891022086898338150e-03
1.631996089999999955e-02,1.890738421295171806e-03
1.644696630000000090e-02,1.890643875642210444e-03
1.682223050000000025e-02,1.890360267376415496e-03
1.730993239999999850e-02,1.889982189896611793e-03
1.742972569999999902e-02,1.889887682484334488e-03
1.754870130000000042e-02,1.889793179829208887e-03
1.824627070000000087e-02,1.889226264259279532e-03
1.835995569999999966e-02,1.889131795059926155e-03
1.847294110000000100e-02,1.889037330619589526e-03
1.880782519999999944e-02,1.888753965935562615e-03
1.924527490000000132e-02,1.888376213202151016e-03
1.935309240000000069e-02,1.888281786966528085e-03
2.009162109999999835e-02,1.887620936845039923e-03
2.019492059999999922e-02,1.887526548756282433e-03
2.039995039999999843e-02,1.887337786935346963e-03
2.050169640000000168e-02,1.887243413194976968e-03
2.080394890000000080e-02,1.886960320526994079e-03
2.100303430000000082e-02,1.886771615908353376e-03
2.129817330000000064e-02,1.886488594797702594e-03
2.168544450000000137e-02,1.886111300015874551e-03
2.197141860000000058e-02,1.885828379031940366e-03
2.206591980000000008e-02,1.885734081544165539e-03
2.243994499999999934e-02,1.885356939370436613e-03
2.253248119999999924e-02,1.885262665728418968e-03
2.280783739999999934e-02,1.884979873376762139e-03
2.307990860000000075e-02,1.884697123885588268e-03
2.325952140000000015e-02,1.884508648090370666e-03
2.379022509999999951e-02,1.883943334926607184e-03
2.387752890000000017e-02,1.883849132759419934e-03
2.447993949999999891e-02,1.883189850752928999e-03
2.456479220000000116e-02,1.883095686607286646e-03
2.464935279999999965e-02,1.883001527254165057e-03
2.481760959999999849e-02,1.882813222870715914e-03
2.490131170000000130e-02,1.882719077737280517e-03
2.523334379999999863e-02,1.882342545085874397e-03
2.556106320000000112e-02,1.881966088457653419e-03
2.580412149999999905e-02,1.881683795992753361e-03
2.596489630000000173e-02,1.881495624714381526e-03
2.612468180000000056e-02,1.881307472520545509e-03
2.651993379999999928e-02,1.880837175291806464e-03
2.659827940000000085e-02,1.880743130086864716e-03
2.683194360000000153e-02,1.880461023052989577e-03
2.721692649999999866e-02,1.879990939642636489e-03
2.736940339999999888e-02,1.879802939492015079e-03
2.744532419999999931e-02,1.879708946527581040e-03
2.774693010000000085e-02,1.879333022382617853e-03
2.834051430000000121e-02,1.878581401952395457e-03
2.841384049999999897e-02,1.878487470809865351e-03
2.855992799999999832e-02,1.878299622746376326e-03
2.863269220000000045e-02,1.878205705802120937e-03
2.884988380000000005e-02,1.877923983404878672e-03
2.899377430000000047e-02,1.877736192153670438e-03
2.920828110000000047e-02,1.877454541080093462e-03
2.942122390000000143e-02,1.877172932549683176e-03
2.970277299999999829e-02,1.876797521113674492e-03
3.012016249999999867e-02,1.876234546043982227e-03
3.032670299999999999e-02,1.875953122558680517e-03
3.059992200000000162e-02,1.875577957631593181e-03
3.066784640000000048e-02,1.875484178355951281e-03
3.087072290000000135e-02,1.875202868632211374e-03
3.107227489999999856e-02,1.874921601481035430e-03
3.113916889999999993e-02,1.874827855216393497e-03
3.120591959999999970e-02,1.874734113869551454e-03
3.166923519999999964e-02,1.874078056182497181e-03
3.173487090000000344e-02,1.873984352447278590e-03
3.186573689999999681e-02,1.873796959503777485e-03
3.193096869999999948e-02,1.873703270202124998e-03
3.225514909999999819e-02,1.873234894372060883e-03
3.263991580000000226e-02,1.872672999731921735e-03
3.270360349999999749e-02,1.872579367163613832e-03
3.289392669999999935e-02,1.872298497768740176e-03
3.295712349999999763e-02,1.872204884112756889e-03
3.320870809999999784e-02,1.871830476849134939e-03
3.345840099999999873e-02,1.871456145194955092e-03
3.364445469999999966e-02,1.871175446371635279e-03
3.376792089999999802e-02,1.870988337245141613e-03
3.395227840000000080e-02,1.870707709094979448e-03
3.419654240000000178e-02,1.870333604638402996e-03
3.461985769999999935e-02,1.869679103356180561e-03
3.467990950000000155e-02,1.869585622262202266e-03
3.473985749999999872e-02,1.869492145722715087e-03
3.485944419999999905e-02,1.869305206854711236e-03
3.491908400000000301e-02,1.869211744613346639e-03
3.509739530000000052e-02,1.868931385620988591e-03
3.521576790000000012e-02,1.868744503658749997e-03
3.562697489999999689e-02,1.868090564597065049e-03
3.568533189999999883e-02,1.867997163490258371e-03
3.609118929999999975e-02,1.867343488776234805e-03
3.614879690000000201e-02,1.867250125807505892e-03
3.632107169999999885e-02,1.866970064243948617e-03
3.649253310000000194e-02,1.866690045479869929e-03
3.671990299999999818e-02,1.866316753259208506e-03
3.677652580000000115e-02,1.866223441778537117e-03
3.694587359999999820e-02,1.865943536243534718e-03
3.722640800000000250e-02,1.865477121061956184e-03
3.744932249999999990e-02,1.865104073532945382e-03
3.750484409999999685e-02,1.865010823522387931e-03
3.761564139999999667e-02,1.864824337620687002e-03
3.794609239999999911e-02,1.864264992754778149e-03
3.811024350000000172e-02,1.863985384267648811e-03
3.832801789999999709e-02,1.863612638379972316e-03
3.849054019999999937e-02,1.863333128420367659e-03
3.870617500000000238e-02,1.862960514723277115e-03
3.875989619999999775e-02,1.862867373184465139e-03
3.881354310000000030e-02,1.862774236181737562e-03
3.897404079999999826e-02,1.862494853188826141e-03
3.918701509999999999e-02,1.862122408523311659e-03
3.924007809999999902e-02,1.862029309445577957e-03
3.939883820000000120e-02,1.861750039591563658e-03
3.960952859999999909e-02,1.861377745657742146e-03
4.007953250000000078e-02,1.860540359640051400e-03
4.018323120000000248e-02,1.860354325381290098e-03
4.023498040000000192e-02,1.860261315270269515e-03
4.038983000000000156e-02,1.859982313351619867e-03
4.049273419999999818e-02,1.859796335667183867e-03
4.064660190000000256e-02,1.859517404731253487e-03
4.079988930000000291e-02,1.859238515562070069e-03
4.085085730000000137e-02,1.859145562299628716e-03
4.100338109999999980e-02,1.858866729649887636e-03
4.105409649999999799e-02,1.858773794483182347e-03
4.125633449999999841e-02,1.858402102500511001e-03
4.130673929999999910e-02,1.858309190841646134e-03
4.160788569999999964e-02,1.857751821701377013e-03
4.185718599999999762e-02,1.857287475733496434e-03
4.200605599999999995e-02,1.857008924954584115e-03
4.205556230000000173e-02,1.856916084122505091e-03
4.244953370000000004e-02,1.856173525333694322e-03
4.259633349999999985e-02,1.855895143649152887e-03
4.283988209999999713e-02,1.855431267516141885e-03
4.288842589999999899e-02,1.855338506103343258e-03
4.303372860000000133e-02,1.855060250541186711e-03
4.322670569999999962e-02,1.854689308861096498e-03
4.327481560000000227e-02,1.854596585154803974e-03
4.337087509999999757e-02,1.854411151363094838e-03
4.361009829999999698e-02,1.853947650568656558e-03
4.365778569999999997e-02,1.853854963749571516e-03
4.380053619999999676e-02,1.853576933349536555e-03
4.394282299999999891e-02,1.853298945066368447e-03
4.403742540000000344e-02,1.853113643064118214e-03
4.413182499999999953e-02,1.852928359079470148e-03
4.455414840000000015e-02,1.852094815559501752e-03
4.474056810000000273e-02,1.851724472841160662e-03
4.478705179999999814e-02,1.851631898979782826e-03
4.487987470000000256e-02,1.851446765871430375e-03
4.492621420000000171e-02,1.851354205621374895e-03
4.506494700000000103e-02,1.851076554522601775e-03
4.515719859999999669e-02,1.850891476645167904e-03
4.529522390000000065e-02,1.850613895205091997e-03
4.561565869999999884e-02,1.849966369153081130e-03
4.584316940000000146e-02,1.849503990478573896e-03
4.602436819999999873e-02,1.849134172227189865e-03
4.615980060000000190e-02,1.848856856541672509e-03
4.624986849999999927e-02,1.848672003283507786e-03
4.651902589999999671e-02,1.848117555918799308e-03
4.656373419999999819e-02,1.848025164198148886e-03
4.660839960000000282e-02,1.847932777437192578e-03
4.691986699999999705e-02,1.847286200069935946e-03
4.696419369999999677e-02,1.847193850038401875e-03
4.709692359999999994e-02,1.846916829496604530e-03
4.731731260000000133e-02,1.846455221605594653e-03
4.744905459999999853e-02,1.846178312227061665e-03
4.758043189999999756e-02,1.845901445189599213e-03
4.762414379999999753e-02,1.845809165798347395e-03
4.775503939999999753e-02,1.845532355054517026e-03
4.779859160000000246e-02,1.845440093492967766e-03
4.801576009999999894e-02,1.844978859406930759e-03
4.814559110000000280e-02,1.844702173574530764e-03
4.836120139999999790e-02,1.844241125318220580e-03
4.849010740000000291e-02,1.843964552469561221e-03
4.866145090000000006e-02,1.843595852891011027e-03
4.895985910000000274e-02,1.842950809828889595e-03
4.900234049999999814e-02,1.842858679300931430e-03
4.904478510000000180e-02,1.842766552809992032e-03
4.912956429999999763e-02,1.842582315082109219e-03
4.929868529999999888e-02,1.842213895330625925e-03
4.934087499999999932e-02,1.842121802245949309e-03
4.938302859999999656e-02,1.842029712958033775e-03
4.963519859999999950e-02,1.841477279910728494e-03
4.967710250000000050e-02,1.841385223504318856e-03
4.980260260000000244e-02,1.841109082607478428e-03
5.001106959999999935e-02,1.840648942738996093e-03
5.017721960000000314e-02,1.840280913202407484e-03
5.038413659999999711e-02,1.839820981653238338e-03
5.046666589999999897e-02,1.839637042102622690e-03
5.050787989999999672e-02,1.839545078008141118e-03
5.067240099999999886e-02,1.839177272209277037e-03
5.099985089999999749e-02,1.838441884204161615e-03
5.104063439999999979e-02,1.838349982180138625e-03
5.112210379999999887e-02,1.838166189784810715e-03
5.116278989999999832e-02,1.838074301626149492e-03
5.136573690000000025e-02,1.837614927839236433e-03
5.148712109999999814e-02,1.837339357953740333e-03
5.160821980000000059e-02,1.837063831668212920e-03
5.164852290000000040e-02,1.836971998999399006e-03
5.192976900000000062e-02,1.836329296265808587e-03
5.200984570000000140e-02,1.836145709657168281e-03
5.212973010000000046e-02,1.835870363325411937e-03
5.224933949999999855e-02,1.835595058729307203e-03
5.228914839999999897e-02,1.835503300681595989e-03
5.244808220000000271e-02,1.835136312068331478e-03
5.264607470000000344e-02,1.834677679103413964e-03
5.292201970000000311e-02,1.834035789418025225e-03
5.296132299999999765e-02,1.833944110015873260e-03
5.303984240000000211e-02,1.833760763724917977e-03
5.307905849999999814e-02,1.833669098109943357e-03
5.319653330000000124e-02,1.833394126797910839e-03
5.339175040000000011e-02,1.832935934840460631e-03
5.354741159999999722e-02,1.832569464529299180e-03
5.366386120000000287e-02,1.832294661508319412e-03
5.385738429999999827e-02,1.831836746348899881e-03
5.389600549999999657e-02,1.831745177450746880e-03
5.401170360000000226e-02,1.831470499450271478e-03
5.420398480000000047e-02,1.831012793141839666e-03
5.431902689999999756e-02,1.830738224326739416e-03
5.443382580000000193e-02,1.830463699125335153e-03
5.473877910000000263e-02,1.829731831370836779e-03
5.481475239999999971e-02,1.829548910196600233e-03
5.489062050000000081e-02,1.829366008178629887e-03
5.492851530000000121e-02,1.829274564977514733e-03
5.507983360000000272e-02,1.828908835775417156e-03
5.511759819999999949e-02,1.828817413898015196e-03
5.523073729999999903e-02,1.828543179517548578e-03
5.541878909999999742e-02,1.828086213111447360e-03
5.549383139999999881e-02,1.827903457818437754e-03
5.568099469999999995e-02,1.827446653469664379e-03
5.571835189999999743e-02,1.827355306072455266e-03
5.601631270000000107e-02,1.826624695487209489e-03
5.612764020000000215e-02,1.826350792805734712e-03
5.627573429999999793e-02,1.825985652303446956e-03
5.642343970000000125e-02,1.825620587675614139e-03
5.657075939999999664e-02,1.825255595914931136e-03
5.668099790000000193e-02,1.824981900239192479e-03
5.671769649999999774e-02,1.824890677296989779e-03
5.682764989999999905e-02,1.824617038257664997e-03
5.690083420000000003e-02,1.824434635046931269e-03
5.711982439999999800e-02,1.823887535164224732e-03
5.715624119999999919e-02,1.823796366944193054e-03
5.726535270000000094e-02,1.823522893668375576e-03
5.744674450000000071e-02,1.823067195147905261e-03
5.748295419999999850e-02,1.822976068228490589e-03
5.759144669999999994e-02,1.822702718712984355e-03
5.769973510000000333e-02,1.822429410577067546e-03
5.773578619999999995e-02,1.822338316033708053e-03
5.777181470000000013e-02,1.822247226625536409e-03
5.798751569999999883e-02,1.821700789319872366e-03
5.802338790000000079e-02,1.821609734441738187e-03
5.805923799999999912e-02,1.821518681708882972e-03
5.834524540000000231e-02,1.820790428525214093e-03
5.841652840000000069e-02,1.820608412797204874e-03
5.845213739999999963e-02,1.820517410375252238e-03
5.873623160000000093e-02,1.819789563827519871e-03
5.884241330000000020e-02,1.819516695919112022e-03
5.887776470000000151e-02,1.819425750999159944e-03
5.915981499999999754e-02,1.818698343833677561e-03
5.919497680000000012e-02,1.818607440367105274e-03
5.930033710000000291e-02,1.818334751323838873e-03
5.940551060000000272e-02,1.818062105606646755e-03
5.947552290000000103e-02,1.817880363919104287e-03
5.958038699999999854e-02,1.817607785131753178e-03
5.971991950000000299e-02,1.817244414914457370e-03
5.999801099999999693e-02,1.816517888970128327e-03
6.003268190000000254e-02,1.816427095351472393e-03
6.024028800000000294e-02,1.815882420608327247e-03
6.027481950000000005e-02,1.815791658175175361e-03
6.041274809999999662e-02,1.815428653806604349e-03
6.055036250000000314e-02,1.815065719962924169e-03
6.058471719999999894e-02,1.814974997933820663e-03
6.065336839999999757e-02,1.814793569390604853e-03
6.085885719999999804e-02,1.814249391594327260e-03
6.113176780000000032e-02,1.813524077299688954e-03
6.119980530000000002e-02,1.813342794536769616e-03
6.123379560000000166e-02,1.813252160695615891e-03
6.133565380000000067e-02,1.812980285665808993e-03
6.136956899999999882e-02,1.812889668498608286e-03
6.150504259999999696e-02,1.812527250438690594e-03
6.167396609999999807e-02,1.812074327320429981e-03
6.174140610000000001e-02,1.811893193358905026e-03
6.194328550000000044e-02,1.811349893646519923e-03
6.204397889999999777e-02,1.811078305113271491e-03
6.214450920000000322e-02,1.810806758730003612e-03
6.217798310000000050e-02,1.810716250989961428e-03
6.227829700000000329e-02,1.810444759826713296e-03
6.241179809999999883e-02,1.810082836846494628e-03
6.244512879999999933e-02,1.809992364620365652e-03
6.257827400000000317e-02,1.809630532824209890e-03
6.284371810000000114e-02,1.808907084606281839e-03
6.297602060000000168e-02,1.808545470278437881e-03
6.300905280000000663e-02,1.808455077711330905e-03
6.323979509999999582e-02,1.807822462903654155e-03
6.327268960000000109e-02,1.807732106590657787e-03
6.333842739999999416e-02,1.807551408989478475e-03
6.337127069999999585e-02,1.807461066499579938e-03
6.346969869999999347e-02,1.807190066295350037e-03
6.353523260000000505e-02,1.807009425109200058e-03
6.373143000000000558e-02,1.806467604863535963e-03
6.376407089999999722e-02,1.806377320670087125e-03
6.386189339999999437e-02,1.806106484664480238e-03
6.389446769999999887e-02,1.806016216865191952e-03
6.402459889999999321e-02,1.805655185705144381e-03
6.405709029999999415e-02,1.805564939993204322e-03
6.441341509999999604e-02,1.804572534867069852e-03
6.451025289999999524e-02,1.804301972639001583e-03
6.479989830000000561e-02,1.803490536605755097e-03
6.483200120000000288e-02,1.803400400977687177e-03
6.492821479999999479e-02,1.803130015820094377e-03
6.505627819999999784e-02,1.802769569005732578e-03
6.508825470000000057e-02,1.802679469271749454e-03
6.518409000000000009e-02,1.802409196991624878e-03
6.527978469999999589e-02,1.802138965769300907e-03
6.531165170000000075e-02,1.802048895865769910e-03
6.540715969999999491e-02,1.801778719125995487e-03
6.556603060000000538e-02,1.801328513184537227e-03
6.569285060000000509e-02,1.800968427678426541e-03
6.578780519999999354e-02,1.800698414625842006e-03
6.585103220000000646e-02,1.800518428201779673e-03
6.591419860000000130e-02,1.800338458830612245e-03
6.607185029999999848e-02,1.799888618154475445e-03
6.619770129999999475e-02,1.799528823386465888e-03
6.635467940000000509e-02,1.799079185172905307e-03
6.641736669999999398e-02,1.798899363600400076e-03
6.644868819999999454e-02,1.798809459637101772e-03
6.660507479999999703e-02,1.798360001840965897e-03
6.669873070000000015e-02,1.798090383876965390e-03
6.682340109999999889e-02,1.797730955536838227e-03
6.691675140000000188e-02,1.797461429992254457e-03
6.710306259999999912e-02,1.796922507164832108e-03
6.728885780000000427e-02,1.796383746252095629e-03
6.731977379999999622e-02,1.796293969424386490e-03
6.735067570000000114e-02,1.796204194424711820e-03
6.744329620000000247e-02,1.795934903814635662e-03
6.753578970000000126e-02,1.795665649909007795e-03
6.756659280000000545e-02,1.795575907927768767e-03
6.759738179999999486e-02,1.795486173825945825e-03
6.781251330000000188e-02,1.794858140612841770e-03
6.790450389999999614e-02,1.794589050624220391e-03
6.793513980000000230e-02,1.794499362899229077e-03
6.808811230000000325e-02,1.794050999313512307e-03
6.817973099999999342e-02,1.793782029554169067e-03
6.839303080000000423e-02,1.793154603271913472e-03
6.842344790000000343e-02,1.793064988422185708e-03
6.854498139999999629e-02,1.792706572966734418e-03
6.857533120000000593e-02,1.792616982217036135e-03
6.881764710000000396e-02,1.791900411454967887e-03
6.902897569999999483e-02,1.791273645718374731e-03
6.923965930000000601e-02,1.790647101879875008e-03
6.926970470000000379e-02,1.790557617530436421e-03
6.929973700000000014e-02,1.790468130561778540e-03
6.935976259999999949e-02,1.790289179725622435e-03
6.938975599999999688e-02,1.790199710682392623e-03
6.947965829999999676e-02,1.789931327289259961e-03
6.962923760000000462e-02,1.789484113962500067e-03
6.971883119999999767e-02,1.789215839899802518e-03
6.977849630000000636e-02,1.789037012382540788e-03
6.983811040000000026e-02,1.788858206256256156e-03
7.010574679999999337e-02,1.788053790633794930e-03
7.019473210000000407e-02,1.787785729522555715e-03
7.025399309999999509e-02,1.787607048596908483e-03
7.034279089999999346e-02,1.787339059496690979e-03
7.043147669999999527e-02,1.787071112521264977e-03
7.046101389999999409e-02,1.786981803446729489e-03
7.069686679999999390e-02,1.786267505019889425e-03
7.072629310000000391e-02,1.786178239098087277e-03
7.081449859999999763e-02,1.785910467396964593e-03
7.096126429999999319e-02,1.785464270233545455e-03
7.104917809999999889e-02,1.785196602402692144e-03
7.116622760000000658e-02,1.784839780520363923e-03
7.125388859999999547e-02,1.784572211808812354e-03
7.137060239999999667e-02,1.784215512528252497e-03
7.139975099999999741e-02,1.784126350324891303e-03
7.142888779999999327e-02,1.784037194912453834e-03
7.151622679999999899e-02,1.783769746292397824e-03
7.163251310000000316e-02,1.783413209175731175e-03
7.166155520000000445e-02,1.783324088650814748e-03
7.174861100000000380e-02,1.783056747017999636e-03
7.186452140000000599e-02,1.782700354874785066e-03
7.209578290000000222e-02,1.781987788170490529e-03
7.212463850000000454e-02,1.781898738060042411e-03
7.218231499999999690e-02,1.781720647995615374e-03
7.229752999999999874e-02,1.781364530660428484e-03
7.235506869999999702e-02,1.781186494818148185e-03
7.244129109999999927e-02,1.780919479586388562e-03
7.264207849999999855e-02,1.780296595561053170e-03
7.281374140000000661e-02,1.779762876843293340e-03
7.289942130000000298e-02,1.779496074889208102e-03
7.298500049999999406e-02,1.779229312788711175e-03
7.304199769999999980e-02,1.779051493476748640e-03
7.312741009999999819e-02,1.778784801872663373e-03
7.324113840000000264e-02,1.778429276462181264e-03
7.343973900000000388e-02,1.777807276519859699e-03
7.346806670000000095e-02,1.777718437168507521e-03
7.355298439999999327e-02,1.777451943707844713e-03
7.358126850000000496e-02,1.777363118999957360e-03
7.369429630000000342e-02,1.777007881122986792e-03
7.372252619999999923e-02,1.776919083746906179e-03
7.389167900000000178e-02,1.776386385266843842e-03
7.391983359999999836e-02,1.776297613175342564e-03
7.394797729999999514e-02,1.776208851590974644e-03
7.414468470000000477e-02,1.775587638451529187e-03
7.417274320000000198e-02,1.775498906979882828e-03
7.425685499999999661e-02,1.775232753647598173e-03
7.445274629999999727e-02,1.774611885344873742e-03
7.470385179999999847e-02,1.773813940482370536e-03
7.481518369999999585e-02,1.773459419900146137e-03
7.484299079999999493e-02,1.773370800493171990e-03
7.489857399999999554e-02,1.773193572007863766e-03
7.500961690000000626e-02,1.772839174090072231e-03
7.506507669999999688e-02,1.772661999732780313e-03
7.523121089999999789e-02,1.772130592754706446e-03
7.525886430000000571e-02,1.772042038576160427e-03
7.547972660000000500e-02,1.771333782407307281e-03
7.550728900000000521e-02,1.771245268633363885e-03
7.558991580000000432e-02,1.770979761346135875e-03
7.569994450000000485e-02,1.770625808950406941e-03
7.572742679999999726e-02,1.770537331570831317e-03
7.580981359999999780e-02,1.770271927311811233e-03
7.589211099999999821e-02,1.770006562203153572e-03
7.591952370000000505e-02,1.769918120126068480e-03
7.616579349999999526e-02,1.769122314337375499e-03
7.622041209999999567e-02,1.768945517384536972e-03
7.638403350000000369e-02,1.768415230073624609e-03
7.646571289999999632e-02,1.768150150719249815e-03
7.657448329999999581e-02,1.767796768364179654e-03
7.665595969999999815e-02,1.767531783274731887e-03
7.668309930000000163e-02,1.767443462196619571e-03
7.679156169999999670e-02,1.767090225990878161e-03
7.681865340000000597e-02,1.767001931395332853e-03
7.689987119999999732e-02,1.766737061796199229e-03
7.698100330000000324e-02,1.766472232377558869e-03
7.711603370000000290e-02,1.766030942087733159e-03
7.722388809999999881e-02,1.765677996031872650e-03
7.741227159999999885e-02,1.765060501517858862e-03
7.751971380000000078e-02,1.764707748791666600e-03
7.754655109999999962e-02,1.764619567529723777e-03
7.762700729999999494e-02,1.764355064740751608e-03
7.768059839999999494e-02,1.764178746057496524e-03
7.776091590000000497e-02,1.763914309868243801e-03
7.789459440000000290e-02,1.763473659423882463e-03
7.794800159999999700e-02,1.763297436614460340e-03
7.808135970000000536e-02,1.762856948115662731e-03
7.810800410000000304e-02,1.762768861366069461e-03
7.818788249999999995e-02,1.762504641375314861e-03
7.837394890000000391e-02,1.761888264182643292e-03
7.848007460000000490e-02,1.761536153884651944e-03
7.850658350000000452e-02,1.761448135054550319e-03
7.871833409999999531e-02,1.760744153569645349e-03
7.874476290000000100e-02,1.760656177410213023e-03
7.879759379999999591e-02,1.760480236889573526e-03
7.882399599999999340e-02,1.760392275195100595e-03
7.921897310000000636e-02,1.759073342925604900e-03
7.935019529999999544e-02,1.758633920631404342e-03
7.937641369999999530e-02,1.758546050136412754e-03
7.945501689999999451e-02,1.758282462200015791e-03
7.955970049999999683e-02,1.757931080218835167e-03
7.958584990000000525e-02,1.757843247398507532e-03
7.966424649999999386e-02,1.757579764765500275e-03
7.979473639999999646e-02,1.757140720571015750e-03
7.997706450000000022e-02,1.756526244722107170e-03
8.000307750000000551e-02,1.756438481041736749e-03
8.015897800000000573e-02,1.755911988576963970e-03
8.021087740000000521e-02,1.755736527575938160e-03
8.028866380000000691e-02,1.755473362371453606e-03
8.036637480000000111e-02,1.755210242708537833e-03
8.039226180000000332e-02,1.755122541916543776e-03
8.046987279999999465e-02,1.754859475595094229e-03
8.049572650000000329e-02,1.754771800774218658e-03
8.070225790000000454e-02,1.754070515785012508e-03
8.077957099999999446e-02,1.753807602541462276e-03
8.083107209999999820e-02,1.753632356295088462e-03
8.090826210000000296e-02,1.753369512240006336e-03
8.098537860000000477e-02,1.753106709369251425e-03
8.121628870000000000e-02,1.752318547859140103e-03
8.124190489999999487e-02,1.752230992108060005e-03
8.129311300000000018e-02,1.752055905675462986e-03
8.144654410000000400e-02,1.751530738594241380e-03
8.152315139999999349e-02,1.751268212702439481e-03
8.159968680000000141e-02,1.751005730830817444e-03
8.162518259999999859e-02,1.750918250415466320e-03
8.165067049999999438e-02,1.750830767573868492e-03
8.170162240000000686e-02,1.750655819945761728e-03
8.182886339999999314e-02,1.750218524180541420e-03
8.193051390000000156e-02,1.749868764092689421e-03
8.200666909999999865e-02,1.749606495598882367e-03
8.205739989999999429e-02,1.749431662735862142e-03
8.210809939999999529e-02,1.749256856947462024e-03
8.213343739999999504e-02,1.749169463201822022e-03
8.223471150000000174e-02,1.748819914982187437e-03
8.233586090000000191e-02,1.748470436861235136e-03
8.251257400000000519e-02,1.747859034292875008e-03
8.253778790000000642e-02,1.747771699693175971e-03
8.261338329999999563e-02,1.747509749037842557e-03
8.266374179999999572e-02,1.747335138446227173e-03
8.283975550000000077e-02,1.746724126870941116e-03
8.304045720000000075e-02,1.746026093596032532e-03
8.306551080000000586e-02,1.745938860405862490e-03
8.321567409999999776e-02,1.745415551909530608e-03
8.324067490000000569e-02,1.745328344329574819e-03
8.326566829999999808e-02,1.745241143860993454e-03
8.334060340000000455e-02,1.744979576406948231e-03
8.363967260000000625e-02,1.743933694525560138e-03
8.366454680000000310e-02,1.743846564047318469e-03
8.371427300000000571e-02,1.743672314064043582e-03
8.373912499999999759e-02,1.743585204048847667e-03
8.386327459999999567e-02,1.743149693436000505e-03
8.393767620000000540e-02,1.742888438387227073e-03
8.401201190000000263e-02,1.742627223508050023e-03
8.403677589999999920e-02,1.742540167529262702e-03
8.411102400000000645e-02,1.742279001358034351e-03
8.425932399999999656e-02,1.741756802644784524e-03
8.433337620000000423e-02,1.741495752891788215e-03
8.445665230000000412e-02,1.741060768863393745e-03
8.453053160000000010e-02,1.740799838507049941e-03
8.462893709999999570e-02,1.740451983805123585e-03
8.484993209999999730e-02,1.739669566772075130e-03
8.489896399999999343e-02,1.739495739886935330e-03
8.492346929999999849e-02,1.739408838820580934e-03
8.502141990000000593e-02,1.739061263229471285e-03
8.511925789999999492e-02,1.738713757431842744e-03
8.519256259999999359e-02,1.738453182957411204e-03
8.521698349999999589e-02,1.738366328599818015e-03
8.524139740000000187e-02,1.738279482445550216e-03
8.541209930000000228e-02,1.737671668626725044e-03
8.543645739999999877e-02,1.737584857687097910e-03
8.563107309999999639e-02,1.736890524321768560e-03
8.567965800000000576e-02,1.736716984914537425e-03
8.570394000000000623e-02,1.736630216004516648e-03
8.577674509999999586e-02,1.736369951938624258e-03
8.580099970000000520e-02,1.736283203164549777e-03
8.589794970000000363e-02,1.735936266140399422e-03
8.599479040000000685e-02,1.735589389059487590e-03
8.606734940000000667e-02,1.735329281744439492e-03
8.609152209999999805e-02,1.735242586238138016e-03
8.628466029999999620e-02,1.734549197499943426e-03
8.645330230000000671e-02,1.733942703911456286e-03
8.654952159999999839e-02,1.733596234443510187e-03
8.657355969999999679e-02,1.733509622816867789e-03
8.659759109999999593e-02,1.733423023391164001e-03
8.666964550000000322e-02,1.733163243237647710e-03
8.674163999999999486e-02,1.732903498927573782e-03
8.678960310000000122e-02,1.732730364099978500e-03
8.686149819999999799e-02,1.732470694820354524e-03
8.698119120000000204e-02,1.732037981203565303e-03
8.714848529999999482e-02,1.731432383531914540e-03
8.722008450000000301e-02,1.731172909307378965e-03
8.731545890000000365e-02,1.730826990449357708e-03
8.760095880000000335e-02,1.729789682128810490e-03
8.762470840000000094e-02,1.729703271336071636e-03
8.771964279999999725e-02,1.729357662301852193e-03
8.774336039999999781e-02,1.729271265290107480e-03
8.781447459999999761e-02,1.729012114477720963e-03
8.788553120000000551e-02,1.728753001736294025e-03
8.793287040000000165e-02,1.728580287540840057e-03
8.800383150000000432e-02,1.728321230035378443e-03
8.807473540000000656e-02,1.728062231990401543e-03
8.809835729999999920e-02,1.727975901470165526e-03
8.826353389999999632e-02,1.727371730684482435e-03
8.828710539999999607e-02,1.727285437160008342e-03
8.831067049999999363e-02,1.727199160021320856e-03
8.838132819999999779e-02,1.726940319169461852e-03
8.849896570000000129e-02,1.726509008198917009e-03
8.856947319999999846e-02,1.726250277050899286e-03
8.866339600000000543e-02,1.725905360943590788e-03
8.887435929999999706e-02,1.725129555771597739e-03
8.894456929999999817e-02,1.724871026625414113e-03
8.906146280000000470e-02,1.724440246849326614e-03
8.910817729999999381e-02,1.724267964658884487e-03
8.922485650000000490e-02,1.723837333002648008e-03
8.941122649999999616e-02,1.723148537867924763e-03
8.943449539999999420e-02,1.723062456197241689e-03
8.948101510000000536e-02,1.722890314186339630e-03
8.957398210000000471e-02,1.722546077254620165e-03
8.962042940000000679e-02,1.722373986900076117e-03
8.969005530000000170e-02,1.722115883763630393e-03
8.975962719999999728e-02,1.721857820554637724e-03
8.978280580000000399e-02,1.721771804037212439e-03
8.985230589999999851e-02,1.721513785885047179e-03
8.996801999999999577e-02,1.721083848449392762e-03
9.006048429999999327e-02,1.720739978938505988e-03
9.012977020000000061e-02,1.720482122255283762e-03
9.017593120000000351e-02,1.720310226868758440e-03
9.031427279999999780e-02,1.719794685878018843e-03
9.033730919999999331e-02,1.719708776798692341e-03
9.036033960000000587e-02,1.719622866946335111e-03
9.054437240000000331e-02,1.718935785861161730e-03
9.059032220000000357e-02,1.718764056374557595e-03
9.061328829999999723e-02,1.718678195101160013e-03
9.088842950000000642e-02,1.717648246518356080e-03
9.097995829999999673e-02,1.717305066060577931e-03
9.107139520000000210e-02,1.716961962376224856e-03
9.109424000000000687e-02,1.716876188202430412e-03
9.116274030000000306e-02,1.716618913244572463e-03
9.123118909999999859e-02,1.716361686489314845e-03
9.134515649999999654e-02,1.715933045587127387e-03
9.143622810000000267e-02,1.715590209297228764e-03
9.161809969999999692e-02,1.714904763259131630e-03
9.164080830000000122e-02,1.714819098628857490e-03
9.168620859999999928e-02,1.714647782111758736e-03
9.179961109999999758e-02,1.714219577394162112e-03
9.182227469999999780e-02,1.714133957581672005e-03
9.189023229999999931e-02,1.713877099435425540e-03
9.200338330000000509e-02,1.713449088980192056e-03
9.204860469999999462e-02,1.713277912818606322e-03
9.216156120000000562e-02,1.712850051465171020e-03
9.218413590000000546e-02,1.712764489513611587e-03
9.225182690000000019e-02,1.712507838395198366e-03
9.231946820000000442e-02,1.712251221362112805e-03
9.236453490000000321e-02,1.712080173851596469e-03
9.243209369999999536e-02,1.711823628485124090e-03
9.249960320000000236e-02,1.711567113449525375e-03
9.252209549999999838e-02,1.711481629874391083e-03
9.261200969999999755e-02,1.711139698843104672e-03
9.272427989999999787e-02,1.710712367070633738e-03
9.279157679999999742e-02,1.710456028927211493e-03
9.290363000000000093e-02,1.710028890586962405e-03
9.303791570000000122e-02,1.709516451762752107e-03
9.306027779999999361e-02,1.709431060904636557e-03
9.312733189999999883e-02,1.709174913846240804e-03
9.321666239999999715e-02,1.708833449191726013e-03
9.323898160000000657e-02,1.708748098889710607e-03
9.341734349999999965e-02,1.708065395933101990e-03
9.343961480000000097e-02,1.707980077080509945e-03
9.359536559999999394e-02,1.707382984571096871e-03
9.361759449999999816e-02,1.707297704826672702e-03
9.377304960000000522e-02,1.706700833337215653e-03
9.383959440000000374e-02,1.706445115614070845e-03
9.386176549999999952e-02,1.706359872928976456e-03
9.392824739999999784e-02,1.706104193203791244e-03
9.397254260000000026e-02,1.705933757780623596e-03
9.403894620000000093e-02,1.705678145020867245e-03
9.412741149999999390e-02,1.705337379264781602e-03
9.419370589999999377e-02,1.705081861873755742e-03
9.430409309999999989e-02,1.704656060268038963e-03
9.432615499999999487e-02,1.704570922341806750e-03
9.439230989999999877e-02,1.704315518982711490e-03
9.450246499999999383e-02,1.703889915209750314e-03
9.463448200000000587e-02,1.703379347725408454e-03
9.465646689999999974e-02,1.703294254133439932e-03
9.483216279999999443e-02,1.702613771655581186e-03
9.489796490000000639e-02,1.702358654985964724e-03
9.491988880000000461e-02,1.702273629046733563e-03
9.500753380000000192e-02,1.701933557587304111e-03
9.509509800000000290e-02,1.701593545722618296e-03
9.516071830000000231e-02,1.701338585832286700e-03
9.520444000000000129e-02,1.701168631430805510e-03
9.524814160000000252e-02,1.700998704421861560e-03
9.537912649999999437e-02,1.700488999210543733e-03
9.550993169999999477e-02,1.699979463894870117e-03
9.555349359999999737e-02,1.699809652133083254e-03
9.559703569999999928e-02,1.699639844878278851e-03
9.561879930000000138e-02,1.699554960334299968e-03
9.579273010000000088e-02,1.698875977351829974e-03
9.587957719999999628e-02,1.698536599892397749e-03
9.590127669999999604e-02,1.698451754969096048e-03
9.596634569999999698e-02,1.698197280799595196e-03
9.603137069999999331e-02,1.697942833913847942e-03
9.607469620000000377e-02,1.697773228288427952e-03
9.613964780000000543e-02,1.697518843377765268e-03
9.622618180000000465e-02,1.697179728179361259e-03
9.629103129999999622e-02,1.696925430273894374e-03
9.642059930000000667e-02,1.696416979396043502e-03
9.648531809999999487e-02,1.696162802171175378e-03
9.665768969999999349e-02,1.695485186003383750e-03
9.672224980000000694e-02,1.695231150111546625e-03
9.674376029999999516e-02,1.695146478977718621e-03
9.676526600000000256e-02,1.695061816734508677e-03
9.691567219999999705e-02,1.694469277134366333e-03
9.693713980000000230e-02,1.694384659181146034e-03
9.698006060000000095e-02,1.694215405741618472e-03
9.717296979999999473e-02,1.693453987594210550e-03
9.725858440000000049e-02,1.693115708999187079e-03
9.732274600000000164e-02,1.692862022240064230e-03
9.742958790000000313e-02,1.692439323776408905e-03
9.751497720000000535e-02,1.692101232579776076e-03
9.762160879999999541e-02,1.691678722607410168e-03
9.768553189999999720e-02,1.691425259975390697e-03
9.777069770000000604e-02,1.691087380001437624e-03
9.791955950000000297e-02,1.690496257921763040e-03
9.794080700000000472e-02,1.690411819998631883e-03
9.796204990000000057e-02,1.690327388191775965e-03
9.800452190000000230e-02,1.690158562404772474e-03
9.802575099999999431e-02,1.690074146489318682e-03
9.808941070000000428e-02,1.689820926035554742e-03
9.811062140000000042e-02,1.689736538897406576e-03
9.813182759999999893e-02,1.689652134943758462e-03
9.825896829999999915e-02,1.689145876643733269e-03
9.844937149999999360e-02,1.688386772221310604e-03
9.847050470000000277e-02,1.688302446170647769e-03
9.853387700000000582e-02,1.688049499144017194e-03
9.859720869999999415e-02,1.687796593300029853e-03
9.868158759999999530e-02,1.687459445910186474e-03
9.870267110000000010e-02,1.687375169920660514e-03
9.876589439999999831e-02,1.687122354087476021e-03
9.887117689999999626e-02,1.686701105308133176e-03
9.895532220000000101e-02,1.686364181883404697e-03
9.903939609999999616e-02,1.686027309032924132e-03
9.914438809999999436e-02,1.685606326550097376e-03
9.927023199999999992e-02,1.685101304519515120e-03
9.935403930000000217e-02,1.684764693422528868e-03
9.945869920000000031e-02,1.684344027445144843e-03
9.947961800000000576e-02,1.684259910071046534e-03
9.954234789999999444e-02,1.684007567105085500e-03
9.960503830000000391e-02,1.683755273905283107e-03
9.962592630000000060e-02,1.683671189803231591e-03
9.964681000000000233e-02,1.683587104985460490e-03
9.970943470000000197e-02,1.683334868635408266e-03
9.979287320000000683e-02,1.682998615429965022e-03
9.995954120000000165e-02,1.682326338282274635e-03
9.998035519999999565e-02,1.682242320455186067e-03
1.000219702000000044e-01,1.682074294670330220e-03
1.000427710999999970e-01,1.681990284737134656e-03
1.001467112000000020e-01,1.681570322814819433e-03
1.002920464000000011e-01,1.680982561896726983e-03
1.003542684999999962e-01,1.680730713247282921e-03
1.003750006000000000e-01,1.680646770482441569e-03
1.004578862999999933e-01,1.680311072187006026e-03
1.004785970000000028e-01,1.680227164530186199e-03
1.006441294999999986e-01,1.679555982936981485e-03
1.007061340000000027e-01,1.679304367050477205e-03
1.007681004000000047e-01,1.679052773141134986e-03
1.007887474000000033e-01,1.678968915409887949e-03
1.009331579999999950e-01,1.678382079072017778e-03
1.009743802999999995e-01,1.678214442785827022e-03
1.010155856999999935e-01,1.678046814842429086e-03
1.011391013000000061e-01,1.677544067831458112e-03
1.012830123999999971e-01,1.676957731223111111e-03
1.013035545000000037e-01,1.676873982813194275e-03
1.013446261000000015e-01,1.676706494467294830e-03
1.014472322999999954e-01,1.676287880120950558e-03
1.014677410999999946e-01,1.676204157388990444e-03
1.015292426999999942e-01,1.675953048834359508e-03
1.016316624999999974e-01,1.675534609939625941e-03
1.018566236999999958e-01,1.674614412027392940e-03
1.019587146000000000e-01,1.674196320029621267e-03
1.019995224000000006e-01,1.674029107974595899e-03
1.020199202000000027e-01,1.673945517114950503e-03
1.020810889999999999e-01,1.673694747015295201e-03
1.021829558000000027e-01,1.673276872624170422e-03
1.022440270999999956e-01,1.673026194554707181e-03
1.023253987999999948e-01,1.672692035130070656e-03
1.024270225000000062e-01,1.672274405495582060e-03
1.024473352000000032e-01,1.672190904476256526e-03
1.025082489999999957e-01,1.671940397226991549e-03
1.025894110999999997e-01,1.671606454156517908e-03
1.026705091000000014e-01,1.671272564884876194e-03
1.027312905999999970e-01,1.671022211523023795e-03
1.029134196000000001e-01,1.670271327774551506e-03
1.029740576000000019e-01,1.670021107162239201e-03
1.029942623999999946e-01,1.669937726537382150e-03
1.030952267999999949e-01,1.669520794509527038e-03
1.031557580000000002e-01,1.669270694775866221e-03
1.032162536999999963e-01,1.669020635517711815e-03
1.032364110999999945e-01,1.668937279449146010e-03
1.032968595999999989e-01,1.668687281718830200e-03
1.034176504999999996e-01,1.668187363432031443e-03
1.035784859999999974e-01,1.667521039209172301e-03
1.036387349999999957e-01,1.667271246750214346e-03
1.038593488000000009e-01,1.666355631450447275e-03
1.038793813000000038e-01,1.666272432689022524e-03
1.038994099999999976e-01,1.666189212482722818e-03
1.039594729999999967e-01,1.665939630757800119e-03
1.040195012999999974e-01,1.665690065085861883e-03
1.040395030000000054e-01,1.665606889657866288e-03
1.040595009000000043e-01,1.665523725662209492e-03
1.041194715000000048e-01,1.665274220010010651e-03
1.041993786000000033e-01,1.664941615408597206e-03
1.042193458000000017e-01,1.664858475736345029e-03
1.042592687999999990e-01,1.664692201943356520e-03
1.043590092999999996e-01,1.664276621749806494e-03
1.044387331999999946e-01,1.663944216984054956e-03
1.044984860999999959e-01,1.663694943033817986e-03
1.045383024999999994e-01,1.663528809519860272e-03
1.045781035999999997e-01,1.663362670277502816e-03
1.046775404000000048e-01,1.662947400685003095e-03
1.047570218000000025e-01,1.662615284707815583e-03
1.048562888999999970e-01,1.662200193383237771e-03
1.048959693999999970e-01,1.662034209732719424e-03
1.049158040000000014e-01,1.661951206670828508e-03
1.050149209999999972e-01,1.661536306323086170e-03
1.051535277999999934e-01,1.660955618091059871e-03
1.052919521000000025e-01,1.660375120522626993e-03
1.053117120999999962e-01,1.660292217629311552e-03
1.053907153000000069e-01,1.659960619936680154e-03
1.055485441999999968e-01,1.659297618271713673e-03
1.056470674999999970e-01,1.658883402896423357e-03
1.057848460000000018e-01,1.658303630355441316e-03
1.058045140000000023e-01,1.658220832972652839e-03
1.058438389999999951e-01,1.658055233982191987e-03
1.058634960999999958e-01,1.657972443235882420e-03
1.059224453000000010e-01,1.657724097708101986e-03
1.060206211000000037e-01,1.657310255809663979e-03
1.060794830000000022e-01,1.657062005770940311e-03
1.060990963999999953e-01,1.656979260153591425e-03
1.061579148000000028e-01,1.656731068428747740e-03
1.062558730999999951e-01,1.656317481032451751e-03
1.063928632000000069e-01,1.655738624730920339e-03
1.064319707999999975e-01,1.655573283357056596e-03
1.064906052999999991e-01,1.655325285031445087e-03
1.065687344999999980e-01,1.654994702573700299e-03
1.067443161000000001e-01,1.654251092522146440e-03
1.067832950000000003e-01,1.654085900716740143e-03
1.068027790999999949e-01,1.654003304182543330e-03
1.068806801000000001e-01,1.653672984609113120e-03
1.069001465000000012e-01,1.653590398491291101e-03
1.069585242999999963e-01,1.653342711668456507e-03
1.070363119999999946e-01,1.653012536808765552e-03
1.070557500000000051e-01,1.652929981823699846e-03
1.070946155999999982e-01,1.652764921010847808e-03
1.072111278000000001e-01,1.652269834563782928e-03
1.073275134000000047e-01,1.651774901987225095e-03
1.073662806000000025e-01,1.651609942792588420e-03
1.075018556999999958e-01,1.651032752791134961e-03
1.076565896000000050e-01,1.650373374869614418e-03
1.077145573999999939e-01,1.650126163668596711e-03
1.077338731000000022e-01,1.650043780495766667e-03
1.077917994999999934e-01,1.649796619288962807e-03
1.078882741999999950e-01,1.649384793425526068e-03
1.079653919999999934e-01,1.649055392681699189e-03
1.080231942000000056e-01,1.648808398640008244e-03
1.081194624000000049e-01,1.648396800731454339e-03
1.081387057999999984e-01,1.648314497698168601e-03
1.081964153999999956e-01,1.648067605884869858e-03
1.082733136999999984e-01,1.647738464454476985e-03
1.082925297000000009e-01,1.647656216895130926e-03
1.084077544000000004e-01,1.647162662757890861e-03
1.084269466000000043e-01,1.647080420310294150e-03
1.084461354000000044e-01,1.646998184009513784e-03
1.085803620999999941e-01,1.646422621355554715e-03
1.085995238000000002e-01,1.646340422020864478e-03
1.086378370999999954e-01,1.646176010738284240e-03
1.086569886000000040e-01,1.646093815167992951e-03
1.087526959000000015e-01,1.645682923151303755e-03
1.088100798000000008e-01,1.645436434036953851e-03
1.088674334999999993e-01,1.645189984684272732e-03
1.089629559000000053e-01,1.644779290534010121e-03
1.090393136000000068e-01,1.644450840816232603e-03
1.090583945999999971e-01,1.644368741424977187e-03
1.091156177999999949e-01,1.644122438766143892e-03
1.092109230999999958e-01,1.643712023124780817e-03
1.093442109999999967e-01,1.643137639919594554e-03
1.094773366000000026e-01,1.642563442840217717e-03
1.095723272999999942e-01,1.642153430555739644e-03
1.096292821999999972e-01,1.641907463402502093e-03
1.096672357000000042e-01,1.641743525563717958e-03
1.097810174999999944e-01,1.641251758369181727e-03
1.097999696000000053e-01,1.641169816492086663e-03
1.098568065000000010e-01,1.640924017644114019e-03
1.099703920999999945e-01,1.640432499291017213e-03
1.100271409999999950e-01,1.640186824285894173e-03
1.101594412999999939e-01,1.639613679052791262e-03
1.101783283000000030e-01,1.639531817154324736e-03
1.102349700999999960e-01,1.639286243624510754e-03
1.103293085000000007e-01,1.638877059839769163e-03
1.104047211000000056e-01,1.638549784289844002e-03
1.104235662999999978e-01,1.638467978848222751e-03
1.104612467999999958e-01,1.638304384331336436e-03
1.105742115999999997e-01,1.637813649581629704e-03
1.106306506999999995e-01,1.637568364133600929e-03
1.108373482000000049e-01,1.636669252006107272e-03
1.108561197000000054e-01,1.636587535019813720e-03
1.109311741999999962e-01,1.636260706115654287e-03
1.109874317999999943e-01,1.636015646042834892e-03
1.110249209999999986e-01,1.635852294559004281e-03
1.110811310999999940e-01,1.635607287957548724e-03
1.111560337000000037e-01,1.635280661329647318e-03
1.113056877000000028e-01,1.634627636288843488e-03
1.113243802999999976e-01,1.634546042272185277e-03
1.113617560000000062e-01,1.634382829235820614e-03
1.114364699999999958e-01,1.634056458250656655e-03
1.114738081999999963e-01,1.633893290427406927e-03
1.115297920000000026e-01,1.633648580603564490e-03
1.116043934999999959e-01,1.633322373236336137e-03
1.116789450999999961e-01,1.632996233152699027e-03
1.117534470000000058e-01,1.632670136274353258e-03
1.118278993000000054e-01,1.632344111425787850e-03
1.120323877999999940e-01,1.631447895767395000e-03
1.121994194000000000e-01,1.630714992075479397e-03
1.122179632000000066e-01,1.630633587396235857e-03
1.122550414000000052e-01,1.630470772634597543e-03
1.122735759000000055e-01,1.630389374770404697e-03
1.123476835000000035e-01,1.630063801519737688e-03
1.123662027999999952e-01,1.629982438317601704e-03
1.124217421999999938e-01,1.629738322934124904e-03
1.124957521999999932e-01,1.629412897392004244e-03
1.125142469999999978e-01,1.629331531925833597e-03
1.125512277000000061e-01,1.629168840534310622e-03
1.126436261999999994e-01,1.628762210770806369e-03
1.126620968000000000e-01,1.628680904731550933e-03
1.128466364999999999e-01,1.627867988842225623e-03
1.128650739000000014e-01,1.627786735119236957e-03
1.129387933000000066e-01,1.627461690596655568e-03
1.131044863999999955e-01,1.626730596380841038e-03
1.131412740999999944e-01,1.626568174191746425e-03
1.131596634999999934e-01,1.626486965890634956e-03
1.133066709999999977e-01,1.625837497106065715e-03
1.133617497000000002e-01,1.625593998009175131e-03
1.133801033000000069e-01,1.625512863567806637e-03
1.134351462999999977e-01,1.625269399871619690e-03
1.135451522999999935e-01,1.624782651088409061e-03
1.136550518000000037e-01,1.624296028743258541e-03
1.136916614000000048e-01,1.624133865459934448e-03
1.137465535999999944e-01,1.623890614257292178e-03
1.138014194000000062e-01,1.623647438830922536e-03
1.138379818999999959e-01,1.623485310553387075e-03
1.139658583000000003e-01,1.622918058081065018e-03
1.140388660999999970e-01,1.622594017728186747e-03
1.141300601999999942e-01,1.622189042186927355e-03
1.141847416999999948e-01,1.621946105659629678e-03
1.142393970000000064e-01,1.621703227600109279e-03
1.142576096000000041e-01,1.621622269555827609e-03
1.143122300999999952e-01,1.621379406675800723e-03
1.143304311000000045e-01,1.621298470347390126e-03
1.144032063000000043e-01,1.620974735514680047e-03
1.144213927999999936e-01,1.620893826854167804e-03
1.145304515000000051e-01,1.620408389014906490e-03
1.146938450999999970e-01,1.619680487515584620e-03
1.148388887000000025e-01,1.619033763976176349e-03
1.148570062999999947e-01,1.618952926754081570e-03
1.148932327999999947e-01,1.618791306385325163e-03
1.149656517000000044e-01,1.618468071108252826e-03
1.149837492999999933e-01,1.618387278711012379e-03
1.150561112000000052e-01,1.618064130111890450e-03
1.151284276999999939e-01,1.617741073330038453e-03
1.151826351999999942e-01,1.617498807779423628e-03
1.152909738000000017e-01,1.617014403619063036e-03
1.153992105999999962e-01,1.616530130471652282e-03
1.154352669999999942e-01,1.616368721357486736e-03
1.154713121999999953e-01,1.616207353719454048e-03
1.154893305000000009e-01,1.616126679177991039e-03
1.155433686999999959e-01,1.615884649631991370e-03
1.155613758999999990e-01,1.615804002700270544e-03
1.157053318999999997e-01,1.615158844730538992e-03
1.157233138000000050e-01,1.615078189044963320e-03
1.157772427999999992e-01,1.614836353914460591e-03
1.158670687000000060e-01,1.614433324457963288e-03
1.159209308000000022e-01,1.614191560770534672e-03
1.159747678999999976e-01,1.613949827680974045e-03
1.159927079999999999e-01,1.613869269039373442e-03
1.160465118000000018e-01,1.613627611917176725e-03
1.161182114000000043e-01,1.613305426565520961e-03
1.161540446000000060e-01,1.613144348983799924e-03
1.162793738999999965e-01,1.612580776201083402e-03
1.162972671000000041e-01,1.612500265048857429e-03
1.163509300000000052e-01,1.612258809694123692e-03
1.164224420999999954e-01,1.611936903842512130e-03
1.164403133000000007e-01,1.611856442936658758e-03
1.165653348000000034e-01,1.611293286777992599e-03
1.166902222999999933e-01,1.610730326950167348e-03
1.167258798999999958e-01,1.610569551298749336e-03
1.167793458999999978e-01,1.610328358698135277e-03
1.168327873999999988e-01,1.610087223690167581e-03
1.168505957999999983e-01,1.610006842943554782e-03
1.169040048000000026e-01,1.609765748917917462e-03
1.169218023000000023e-01,1.609685400122441061e-03
1.170640854000000036e-01,1.609042693467827630e-03
1.171529245999999996e-01,1.608641147171060775e-03
1.172061957999999959e-01,1.608400251928571818e-03
1.172771863999999969e-01,1.608079136254010784e-03
1.174190388000000002e-01,1.607437102243415529e-03
1.174367582999999993e-01,1.607356855977914523e-03
1.174721893000000017e-01,1.607196388284720103e-03
1.175607201000000018e-01,1.606795281023290414e-03
1.176845512999999954e-01,1.606233928960284227e-03
1.177022308000000017e-01,1.606153759688942100e-03
1.177199077000000010e-01,1.606073593743871522e-03
1.177552535000000039e-01,1.605913264777550408e-03
1.178612272999999960e-01,1.605432347332712457e-03
1.179141783999999998e-01,1.605191938019733238e-03
1.180552655000000062e-01,1.604551073016042715e-03
1.181961841000000041e-01,1.603910438307740421e-03
1.182665804000000015e-01,1.603590228832521515e-03
1.182841728999999981e-01,1.603510163203428467e-03
1.183193502000000064e-01,1.603350094530321852e-03
1.183369348999999959e-01,1.603270069947143085e-03
1.183896732999999979e-01,1.603030013799761110e-03
1.184248192000000033e-01,1.602869966966240190e-03
1.184775183999999953e-01,1.602629975113101322e-03
1.186003924000000043e-01,1.602070072178732102e-03
1.186880815999999950e-01,1.601670272570517722e-03
1.187056117000000049e-01,1.601590334357844972e-03
1.187581862999999988e-01,1.601350529314054692e-03
1.188107377000000020e-01,1.601110739588523010e-03
1.188282496999999993e-01,1.601030812327141782e-03
1.188457591000000035e-01,1.600950881833243435e-03
1.189507612999999991e-01,1.600471495463057529e-03
1.191604881999999976e-01,1.599513103316352542e-03
1.191779488000000026e-01,1.599433296272092077e-03
1.192652134000000003e-01,1.599034160405250543e-03
1.193872765999999946e-01,1.598475534021045943e-03
1.194395511999999937e-01,1.598236204059380345e-03
1.195266247000000004e-01,1.597837353530944275e-03
1.195440318000000057e-01,1.597757596609863722e-03
1.196831975000000048e-01,1.597119711788160023e-03
1.197353428999999997e-01,1.596880581249855713e-03
1.198048347999999957e-01,1.596561763943685902e-03
1.199436978999999931e-01,1.595924361353390220e-03
1.199957301000000032e-01,1.595685415017821657e-03
1.200130692000000027e-01,1.595605763005242912e-03
1.200650713000000064e-01,1.595366876521128437e-03
1.200997268999999951e-01,1.595207610207433156e-03
1.201516915000000046e-01,1.594968739738224879e-03
1.202382493999999968e-01,1.594570761222892461e-03
1.203593257999999999e-01,1.594013731644844997e-03
1.203766123999999993e-01,1.593934170744186994e-03
1.204284575999999968e-01,1.593695496526997260e-03
1.204802804999999949e-01,1.593456864297580159e-03
1.205148166999999992e-01,1.593297812416697096e-03
1.205493428999999950e-01,1.593138762642396953e-03
1.206356155000000013e-01,1.592741232307582407e-03
1.207045890999999954e-01,1.592423248638175732e-03
1.207735233000000047e-01,1.592105356201319218e-03
1.207907507000000047e-01,1.592025912883927473e-03
1.208251981000000030e-01,1.591866990958467135e-03
1.208424181999999958e-01,1.591787526579022463e-03
1.209800902000000011e-01,1.591152066634818948e-03
1.211004249000000033e-01,1.590596206030084597e-03
1.211691339000000034e-01,1.590278669661239963e-03
1.211863051000000024e-01,1.590199300734949786e-03
1.212034738000000028e-01,1.590119946592722690e-03
1.212549653999999977e-01,1.589881878294788263e-03
1.213064352000000068e-01,1.589643813730486164e-03
1.213407361999999934e-01,1.589485145190842061e-03
1.213921696000000022e-01,1.589247156086102822e-03
1.214607136000000059e-01,1.588929905517191604e-03
1.214778435000000018e-01,1.588850579074515277e-03
1.216147962999999943e-01,1.588216305978922688e-03
1.216661138000000031e-01,1.587978498718902636e-03
1.217174097000000010e-01,1.587740752663502515e-03
1.217515948999999958e-01,1.587582273531214531e-03
1.219394424999999949e-01,1.586710897257303686e-03
1.220076789999999939e-01,1.586394147582242302e-03
1.220247321999999995e-01,1.586314951398845900e-03
1.220758774000000046e-01,1.586077478246490343e-03
1.222121599000000058e-01,1.585444289630211397e-03
1.222632267000000050e-01,1.585206913270903158e-03
1.222802442999999933e-01,1.585127793951711644e-03
1.223993007000000049e-01,1.584574092452989977e-03
1.224162993000000033e-01,1.584495021268223294e-03
1.224332954999999973e-01,1.584415946070506917e-03
1.224672809999999973e-01,1.584257787139066757e-03
1.225522032999999955e-01,1.583862498048652567e-03
1.225691807000000022e-01,1.583783435633305319e-03
1.226200987999999936e-01,1.583546288328403166e-03
1.226709956999999934e-01,1.583309240472441414e-03
1.226879567000000032e-01,1.583230181282843478e-03
1.227388254999999956e-01,1.582993167583043349e-03
1.228235601000000066e-01,1.582598177931980078e-03
1.228405000000000052e-01,1.582519177187061143e-03
1.230097705999999985e-01,1.581729580725690226e-03
1.230266849000000023e-01,1.581650602563540063e-03
1.231619152999999939e-01,1.581019230132681055e-03
1.232294748999999967e-01,1.580703649546630384e-03
1.232463589999999998e-01,1.580624749693593538e-03
1.232969973999999969e-01,1.580388099906887512e-03
1.233476151000000021e-01,1.580151481839686331e-03
1.234824939999999982e-01,1.579520733083275130e-03
1.234993434999999973e-01,1.579441880666697558e-03
1.236340570000000055e-01,1.578811374110257373e-03
1.237013586999999998e-01,1.578496251971804295e-03
1.237686238000000050e-01,1.578181168504292015e-03
1.238862498000000006e-01,1.577629907676281890e-03
1.239198366999999940e-01,1.577472430591929202e-03
1.240373193999999984e-01,1.576921417847599411e-03
1.240540935000000039e-01,1.576842715625173010e-03
1.240876350000000017e-01,1.576685347153142583e-03
1.241044023999999940e-01,1.576606660219067929e-03
1.241882051999999986e-01,1.576213285968402090e-03
1.242384596999999979e-01,1.575977304199125848e-03
1.242886938999999968e-01,1.575741371957206215e-03
1.243556412999999999e-01,1.575426820810563178e-03
1.244392748999999937e-01,1.575033781671778725e-03
1.244559949000000054e-01,1.574955181769931416e-03
1.245061412999999978e-01,1.574719378547416102e-03
1.245562676000000063e-01,1.574483612069536333e-03
1.245896739000000031e-01,1.574326477689693598e-03
1.246397665999999932e-01,1.574090788128655865e-03
1.247065254999999984e-01,1.573776601977887714e-03
1.248232677000000040e-01,1.573226905322495190e-03
1.248566024999999968e-01,1.573069890005779434e-03
1.248899284999999970e-01,1.572912846889910074e-03
1.249898531000000063e-01,1.572441941662123437e-03
1.250397853999999920e-01,1.572206539869043171e-03
1.251063309000000068e-01,1.571892719667091626e-03
1.251562167999999975e-01,1.571657404244912459e-03
1.252393156999999924e-01,1.571265287585810059e-03
1.252559289000000076e-01,1.571186860246118937e-03
1.253887550999999989e-01,1.570559697763667393e-03
1.255048625999999889e-01,1.570011135132499437e-03
1.255711616000000086e-01,1.569697739233852840e-03
1.256374255999999912e-01,1.569384433824653991e-03
1.256871006999999985e-01,1.569149502214285501e-03
1.257036547000000004e-01,1.569071176879704684e-03
1.257863919999999969e-01,1.568679742397697694e-03
1.258360081999999880e-01,1.568444893922589381e-03
1.259021328999999911e-01,1.568131814241889794e-03
1.259517035000000118e-01,1.567897070525062523e-03
1.260177674000000081e-01,1.567584114961971921e-03
1.261002985999999937e-01,1.567193043551668710e-03
1.261662846999999921e-01,1.566880215956019656e-03
1.261827758000000077e-01,1.566802010584272993e-03
1.262981534000000017e-01,1.566254780568941078e-03
1.264463413999999952e-01,1.565551502275016379e-03
1.264792483999999939e-01,1.565395266356228547e-03
1.264956988000000004e-01,1.565317128651857927e-03
1.265450368999999908e-01,1.565082811799535338e-03
1.266272243999999880e-01,1.564692353774824445e-03
1.266765113999999970e-01,1.564458110105880484e-03
1.267421974000000062e-01,1.564145846407653242e-03
1.268242572000000123e-01,1.563755617503908690e-03
1.268406628000000036e-01,1.563677569670646672e-03
1.268898668000000007e-01,1.563443499377752772e-03
1.269390516999999996e-01,1.563209431639594159e-03
1.269718310999999877e-01,1.563053432065889372e-03
1.270209843000000005e-01,1.562819447926316711e-03
1.270701184999999955e-01,1.562585508450391831e-03
1.270864922999999924e-01,1.562507539501861243e-03
1.272174071999999934e-01,1.561883882200740866e-03
1.272337621000000085e-01,1.561805928826590605e-03
1.272828141000000024e-01,1.561572146499606286e-03
1.273481874999999874e-01,1.561260444777852214e-03
1.273645256000000003e-01,1.561182539926568883e-03
1.274625101000000094e-01,1.560715163771902135e-03
1.275277914000000068e-01,1.560403703882047403e-03
1.276745521000000050e-01,1.559703051607213252e-03
1.277234348000000075e-01,1.559469552990700282e-03
1.277560128999999933e-01,1.559313918907966534e-03
1.277885826999999863e-01,1.559158318983900867e-03
1.278048645000000039e-01,1.559080509658027601e-03
1.278699709999999989e-01,1.558769320334139853e-03
1.280488429999999955e-01,1.557913934381765283e-03
1.281138253999999921e-01,1.557603004432177567e-03
1.281463043000000135e-01,1.557447573930698754e-03
1.283896338999999942e-01,1.556282221282635856e-03
1.284544438999999927e-01,1.555971618371509773e-03
1.285192213000000139e-01,1.555661102228796675e-03
1.285354105000000025e-01,1.555583455109971550e-03
1.285839659999999940e-01,1.555350598233985185e-03
1.286486780999999968e-01,1.555040181840476642e-03
1.286648511000000050e-01,1.554962594038470985e-03
1.287780048000000122e-01,1.554419531071113761e-03
1.287941615000000040e-01,1.554341956530801280e-03
1.288264688999999907e-01,1.554186869021373027e-03
1.288426195000000052e-01,1.554109299031700576e-03
1.289233422999999934e-01,1.553721622555981471e-03
1.290201430000000038e-01,1.553256483592976248e-03
1.290362693999999866e-01,1.553178962655824523e-03
1.291007547999999949e-01,1.552869008151550089e-03
1.291813162999999876e-01,1.552481623214733595e-03
1.292296290999999930e-01,1.552249247239156135e-03
1.293101103000000029e-01,1.551862021575951085e-03
1.293583749999999977e-01,1.551629687416968516e-03
1.295512538999999963e-01,1.550700900134273884e-03
1.295673142000000055e-01,1.550623500240555031e-03
1.295994287999999994e-01,1.550468767378552137e-03
1.296636341000000081e-01,1.550159349314583724e-03
1.296796805000000052e-01,1.550081999841789902e-03
1.297438461000000043e-01,1.549772633943788131e-03
1.298079799999999895e-01,1.549463333701363906e-03
1.298240085000000044e-01,1.549386038003473668e-03
1.298560595999999900e-01,1.549231393173541122e-03
1.299361528000000099e-01,1.548844947698578426e-03
1.299521654999999942e-01,1.548767640987350159e-03
1.301121842999999889e-01,1.547995032488359369e-03
1.301281753000000097e-01,1.547917833312257739e-03
1.301761367000000003e-01,1.547686106221611959e-03
1.301921198999999862e-01,1.547608878480435761e-03
1.303358805000000009e-01,1.546914050839791072e-03
1.303678057000000057e-01,1.546759695991024993e-03
1.304635345999999863e-01,1.546296693151812162e-03
1.305113727999999973e-01,1.546065233563815753e-03
1.305591932999999871e-01,1.545833847626887662e-03
1.305751296999999866e-01,1.545756699516467880e-03
1.306229268999999915e-01,1.545525329690976410e-03
1.307025501999999895e-01,1.545139792174790670e-03
1.307184690000000038e-01,1.545062692796233400e-03
1.308139412999999862e-01,1.544600226533158691e-03
1.308298465000000133e-01,1.544523152391534407e-03
1.308457499000000024e-01,1.544446056200908610e-03
1.309570191999999966e-01,1.543906743924894180e-03
1.309729071000000078e-01,1.543829673713404760e-03
1.310840685000000116e-01,1.543290573778538467e-03
1.311316801999999893e-01,1.543059599464664160e-03
1.311475470000000032e-01,1.542982597684414798e-03
1.312268518999999967e-01,1.542597708481068019e-03
1.312744117999999904e-01,1.542366780394143931e-03
1.313377983000000027e-01,1.542059001118101843e-03
1.313853181000000092e-01,1.541828180543107669e-03
1.314011542000000088e-01,1.541751256182876837e-03
1.314644795999999893e-01,1.541443565732468447e-03
1.315277744999999998e-01,1.541135975213500566e-03
1.315752256000000120e-01,1.540905313542268286e-03
1.316068501999999862e-01,1.540751554803246239e-03
1.316542729000000078e-01,1.540520933995464170e-03
1.317016785000000023e-01,1.540290372897149072e-03
1.318280101000000037e-01,1.539675664930910360e-03
1.318437929999999869e-01,1.539598865394188262e-03
1.318595740999999877e-01,1.539522008440681079e-03
1.319069059000000099e-01,1.539291583710916981e-03
1.321118145000000077e-01,1.538293513992033219e-03
1.321433106999999885e-01,1.538140023208671870e-03
1.322220182999999938e-01,1.537756306197440165e-03
1.322849506999999869e-01,1.537449462317258889e-03
1.323635740999999921e-01,1.537065953534036888e-03
1.323950104000000128e-01,1.536912569886097384e-03
1.324735684999999996e-01,1.536529244283126950e-03
1.325991646999999940e-01,1.535916041066866071e-03
1.326148558999999949e-01,1.535839438680882416e-03
1.326619182000000063e-01,1.535609570997688430e-03
1.327089637999999960e-01,1.535379686366848467e-03
1.327403182999999931e-01,1.535226509685756920e-03
1.328343374000000021e-01,1.534766991704116955e-03
1.328500008000000066e-01,1.534690447980012040e-03
1.328969798999999896e-01,1.534460737191118123e-03
1.329908881999999903e-01,1.534001442214167092e-03
1.330378174999999885e-01,1.533771835307444703e-03
1.331159962000000030e-01,1.533389297171837938e-03
1.331628814999999966e-01,1.533159811869176572e-03
1.332097502000000044e-01,1.532930308323842208e-03
1.332253693999999877e-01,1.532853851974173972e-03
1.333502575000000134e-01,1.532242134746160693e-03
1.333658601999999915e-01,1.532165725992356555e-03
1.333970603000000088e-01,1.532012821807393751e-03
1.334906168999999976e-01,1.531554256785075266e-03
1.335373705000000022e-01,1.531325055275700514e-03
1.335996832999999939e-01,1.531019513399459664e-03
1.336463988000000103e-01,1.530790352529023957e-03
1.336619671000000009e-01,1.530713991545926914e-03
1.337242217999999871e-01,1.530408533154971589e-03
1.338330979000000032e-01,1.529874121315681536e-03
1.338641891000000028e-01,1.529721520248781934e-03
1.340971431999999908e-01,1.528577132626596485e-03
1.341126591000000035e-01,1.528500866636440907e-03
1.341591960000000083e-01,1.528272111076994181e-03
1.342057167000000051e-01,1.528043398976046624e-03
1.342212201000000105e-01,1.527967145117420118e-03
1.342367215999999974e-01,1.527890924919211597e-03
1.343451823000000045e-01,1.527357406216350725e-03
1.343606696000000100e-01,1.527281220439095054e-03
1.344845033000000023e-01,1.526671794326289267e-03
1.345309115999999972e-01,1.526443276690565799e-03
1.345773037999999922e-01,1.526214871961920115e-03
1.346391352999999902e-01,1.525910343118827735e-03
1.346545888000000024e-01,1.525834217426622714e-03
1.347009383999999976e-01,1.525605839162902117e-03
1.347163848000000053e-01,1.525529708921803283e-03
1.347781523999999898e-01,1.525225323807475903e-03
1.348398918000000002e-01,1.524920996478976729e-03
1.348861778000000067e-01,1.524692792609291586e-03
1.349016029000000005e-01,1.524616705697386934e-03
1.350249404999999958e-01,1.524008334605096108e-03
1.350711631000000024e-01,1.523780243068020976e-03
1.350865670999999990e-01,1.523704224358058464e-03
1.351327686000000083e-01,1.523476185996332872e-03
1.351943459999999930e-01,1.523172235349428251e-03
1.352251241999999909e-01,1.523020237870755574e-03
1.352712784000000001e-01,1.522792308660766460e-03
1.353942793000000033e-01,1.522184674805768549e-03
1.354557378000000034e-01,1.521880917816257651e-03
1.354710980999999925e-01,1.521805026989151138e-03
1.355939177000000107e-01,1.521197749198281929e-03
1.356246051999999980e-01,1.521046008198979112e-03
1.356399463000000083e-01,1.520970143353992917e-03
1.357166260999999874e-01,1.520590752597131149e-03
1.358085847000000124e-01,1.520135674850705198e-03
1.358698557999999945e-01,1.519832351126620875e-03
1.358851692999999972e-01,1.519756560129243046e-03
1.359464059000000113e-01,1.519453314507721985e-03
1.359617106999999880e-01,1.519377510827887509e-03
1.360840875000000061e-01,1.518771254200591055e-03
1.361299504000000049e-01,1.518543969133784310e-03
1.361757979000000063e-01,1.518316745168804939e-03
1.361910769999999937e-01,1.518240990467622977e-03
1.363590336999999930e-01,1.517408034869369583e-03
1.363742921999999969e-01,1.517332353883460222e-03
1.364505592999999961e-01,1.516953919854544235e-03
1.364962990999999959e-01,1.516726948976935586e-03
1.365572616000000072e-01,1.516424315322053131e-03
1.366791052000000117e-01,1.515819256253703434e-03
1.366943280000000038e-01,1.515743612364322396e-03
1.367399861999999966e-01,1.515516811828952108e-03
1.367856292000000085e-01,1.515290000109146716e-03
1.368160494000000005e-01,1.515138830267960144e-03
1.368464628999999932e-01,1.514987659248819788e-03
1.369224669999999922e-01,1.514609814233713317e-03
1.370439857999999900e-01,1.514005447351327981e-03
1.370591680999999895e-01,1.513929972724272020e-03
1.370895276000000107e-01,1.513778887697818593e-03
1.371047048000000046e-01,1.513703369055997274e-03
1.371502263999999915e-01,1.513476871282436317e-03
1.372260621999999985e-01,1.513099430452751956e-03
1.374078974000000064e-01,1.512193909677091034e-03
1.374230395000000104e-01,1.512118512347500809e-03
1.375289872999999885e-01,1.511590546417086863e-03
1.375441161000000023e-01,1.511515127400871704e-03
1.375894923000000047e-01,1.511288976561926765e-03
1.376348535999999956e-01,1.511062828851299526e-03
1.376499707000000128e-01,1.510987431451232257e-03
1.377708478000000125e-01,1.510384543486159971e-03
1.377859499999999904e-01,1.510309204530844128e-03
1.379067079000000084e-01,1.509706611458899120e-03
1.379519649000000014e-01,1.509480676630082802e-03
1.380575068000000072e-01,1.508953683393655194e-03
1.380725775999999960e-01,1.508878438795899527e-03
1.381479070999999947e-01,1.508502136585403467e-03
1.381930851000000016e-01,1.508276395857057655e-03
1.382683489000000043e-01,1.507900249405376078e-03
1.383134874999999986e-01,1.507674580764653462e-03
1.384788700000000039e-01,1.506847517723475379e-03
1.385089183000000057e-01,1.506697219942537691e-03
1.385389600999999971e-01,1.506546930741327643e-03
1.385990242000000039e-01,1.506246308981174778e-03
1.386290464000000111e-01,1.506096054231419006e-03
1.386740676999999866e-01,1.505870698643170741e-03
1.387190742999999948e-01,1.505645374773490787e-03
1.387340732000000021e-01,1.505570274221392033e-03
1.387490705999999963e-01,1.505495139016600238e-03
1.387790603999999872e-01,1.505344993147849806e-03
1.388540065999999962e-01,1.504969601245216906e-03
1.389139343999999943e-01,1.504669303275872443e-03
1.389588633000000129e-01,1.504444166563312802e-03
1.390337125999999979e-01,1.504068996174563961e-03
1.390935630000000034e-01,1.503768942846938706e-03
1.392131866000000107e-01,1.503168922551915325e-03
1.392281324000000098e-01,1.503093964051415354e-03
1.392580190000000107e-01,1.502944025698487373e-03
1.393476405000000085e-01,1.502494281569268387e-03
1.394372043000000061e-01,1.502044663297143461e-03
1.394521260000000096e-01,1.501969765320828112e-03
1.395565333999999880e-01,1.501445380905797261e-03
1.395863497000000009e-01,1.501295597295264827e-03
1.396310622999999973e-01,1.501070972541071946e-03
1.396757604999999958e-01,1.500846384494308695e-03
1.396906566999999988e-01,1.500771481538247347e-03
1.397502257999999886e-01,1.500472063345465248e-03
1.398246513999999996e-01,1.500097906869342574e-03
1.399287808000000133e-01,1.499574216995787487e-03
1.399436501000000110e-01,1.499499399810567957e-03
1.399882484999999954e-01,1.499275039583233826e-03
1.400625477000000119e-01,1.498901195891900974e-03
1.401071081999999968e-01,1.498676887370172135e-03
1.401665002999999965e-01,1.498377911425708298e-03
1.402110277999999988e-01,1.498153734494446282e-03
1.402852089999999941e-01,1.497780085185387595e-03
1.403445257000000002e-01,1.497481288863212589e-03
1.403889966999999905e-01,1.497257219099206544e-03
1.405075174000000038e-01,1.496659895495498728e-03
1.405223254999999893e-01,1.496585252934598325e-03
1.406407338000000007e-01,1.495988178463762827e-03
1.406555278999999936e-01,1.495913571535866134e-03
1.406851112999999986e-01,1.495764341008156946e-03
1.407590425999999950e-01,1.495391384197809412e-03
1.407738242000000084e-01,1.495316797383700741e-03
1.408181597000000007e-01,1.495093029118956234e-03
1.408624812000000004e-01,1.494869348310297504e-03
1.408920210999999867e-01,1.494720210535846298e-03
1.409215548999999956e-01,1.494571105325403874e-03
1.409953622000000018e-01,1.494198421262169863e-03
1.410101189999999893e-01,1.494123905912105076e-03
1.411281181000000051e-01,1.493527841566914382e-03
1.411723423000000033e-01,1.493304315484629725e-03
1.412312863999999890e-01,1.493006463319371865e-03
1.412902058999999932e-01,1.492708616785026841e-03
1.413491007999999882e-01,1.492410817638600926e-03
1.413638207000000035e-01,1.492336343545160992e-03
1.413932558999999867e-01,1.492187481888208227e-03
1.414079712000000100e-01,1.492113079980429170e-03
1.414521079000000126e-01,1.491889813678358781e-03
1.414815248000000081e-01,1.491741014091745553e-03
1.415256386000000033e-01,1.491517838493215545e-03
1.415844356000000026e-01,1.491220252074950455e-03
1.416285173000000064e-01,1.490997156017774853e-03
1.417019563999999954e-01,1.490625375861157282e-03
1.418340509000000083e-01,1.489956357371744139e-03
1.419220455000000103e-01,1.489510577456669167e-03
1.419513649999999960e-01,1.489362020076670078e-03
1.420539353999999976e-01,1.488842088492921094e-03
1.420685821999999876e-01,1.488767833173752645e-03
1.420978713999999921e-01,1.488619301590467497e-03
1.422295982000000014e-01,1.487951286520774064e-03
1.423319681000000114e-01,1.487431844582205167e-03
1.423465864000000025e-01,1.487357663213630197e-03
1.424196550999999866e-01,1.486986769251752829e-03
1.424634784000000098e-01,1.486764305914410784e-03
1.425072881999999985e-01,1.486541885351846384e-03
1.425364872999999866e-01,1.486393626122545653e-03
1.425802747000000092e-01,1.486171202731889976e-03
1.426386369000000043e-01,1.485874759032684671e-03
1.427407133999999966e-01,1.485356056488695842e-03
1.427990101000000123e-01,1.485059766619703644e-03
1.428135805000000091e-01,1.484985708979960975e-03
1.428572830000000016e-01,1.484763566707979644e-03
1.428718475000000099e-01,1.484689478488700675e-03
1.429300907000000120e-01,1.484393349041243692e-03
1.429883100999999879e-01,1.484097201786959514e-03
1.430319592000000029e-01,1.483875201066604723e-03
1.431628265000000066e-01,1.483209239343918906e-03
1.432354788000000101e-01,1.482839421368129743e-03
1.432645294999999874e-01,1.482691522889004621e-03
1.432790526000000120e-01,1.482617557600571278e-03
1.433226130999999959e-01,1.482395785469550146e-03
1.433371303000000041e-01,1.482321817255595215e-03
1.433951844999999947e-01,1.482026100659015848e-03
1.434677192000000101e-01,1.481656588318932015e-03
1.434967228000000039e-01,1.481508837709206126e-03
1.435112223999999992e-01,1.481434964942654432e-03
1.435836984999999955e-01,1.481065554694860733e-03
1.436271665999999947e-01,1.480843996366494652e-03
1.436851036000000026e-01,1.480548550205401355e-03
1.437285409999999874e-01,1.480327079700038918e-03
1.438009075999999997e-01,1.479957957208202085e-03
1.438587745999999890e-01,1.479662775661035046e-03
1.439744389000000013e-01,1.479072536304078082e-03
1.440322361999999967e-01,1.478777478141508938e-03
1.440466819000000009e-01,1.478703758748578989e-03
1.441477613000000102e-01,1.478187585211895817e-03
1.441910593999999879e-01,1.477966442299633379e-03
1.442487698999999901e-01,1.477671636647120285e-03
1.442776165000000110e-01,1.477524225077346542e-03
1.443641216999999866e-01,1.477082159732644217e-03
1.443785341999999916e-01,1.477008528616076399e-03
1.444361698000000138e-01,1.476713883927832345e-03
1.444937823999999926e-01,1.476419355918408326e-03
1.445081820000000128e-01,1.476345711460879794e-03
1.445513720000000113e-01,1.476124884130639676e-03
1.445945492000000054e-01,1.475904034907470899e-03
1.447096254000000137e-01,1.475315274099062504e-03
1.448389767999999911e-01,1.474653286745644405e-03
1.448533421000000043e-01,1.474579745430171967e-03
1.448820682999999998e-01,1.474432641180445673e-03
1.448964292000000098e-01,1.474359112320183926e-03
1.449682127999999959e-01,1.473991520822091634e-03
1.450686501000000017e-01,1.473477048988011944e-03
1.450829925999999881e-01,1.473403541248135152e-03
1.451833503999999941e-01,1.472889293595081635e-03
1.451976815999999892e-01,1.472815846524156477e-03
1.452406666000000124e-01,1.472595501390279059e-03
1.452836389999999922e-01,1.472375163153196624e-03
1.453552312999999985e-01,1.472008133621103242e-03
1.454124797000000135e-01,1.471714464205589818e-03
1.454697057000000071e-01,1.471420949667631185e-03
1.455412064000000116e-01,1.471054091607346343e-03
1.456269609999999992e-01,1.470614007145035077e-03
1.456555347000000056e-01,1.470467279457010308e-03
1.456983846000000082e-01,1.470247294314839040e-03
1.457554983000000082e-01,1.469954074269793102e-03
1.457983189000000013e-01,1.469734185230886286e-03
1.458696586000000073e-01,1.469367708702976581e-03
1.458839222999999963e-01,1.469294474611930815e-03
1.459694756000000093e-01,1.468854887852650464e-03
1.459837296000000006e-01,1.468781624661804220e-03
1.459979821999999872e-01,1.468708428377699842e-03
1.460407317000000094e-01,1.468488682292880178e-03
1.460834685999999882e-01,1.468268980205704585e-03
1.462542916000000026e-01,1.467390609862751936e-03
1.462685177999999975e-01,1.467317442984644510e-03
1.464391248999999950e-01,1.466439639966460621e-03
1.464817456999999989e-01,1.466220282584866598e-03
1.465527527000000108e-01,1.465854706811715218e-03
1.465669498999999931e-01,1.465781619015419420e-03
1.466095335000000000e-01,1.465562337148676496e-03
1.468789426999999870e-01,1.464174436569553022e-03
1.468931083999999998e-01,1.464101391770492554e-03
1.469072727999999883e-01,1.464028369252876353e-03
1.469355974999999870e-01,1.463882406288283299e-03
1.469497577999999971e-01,1.463809392536615135e-03
1.470063852999999865e-01,1.463517451230757303e-03
1.470205387000000086e-01,1.463444418049233845e-03
1.470629908999999957e-01,1.463225513634731391e-03
1.471054309000000004e-01,1.463006638220006343e-03
1.471337174000000025e-01,1.462860724501059261e-03
1.471619985000000019e-01,1.462714800221113706e-03
1.472326774000000116e-01,1.462350212979886613e-03
1.472468090999999868e-01,1.462277251353586490e-03
1.472891960999999916e-01,1.462058488699650863e-03
1.473598140000000056e-01,1.461694020841798917e-03
1.473880516999999946e-01,1.461548246517772355e-03
1.474445108999999920e-01,1.461256766529047237e-03
1.475714650000000128e-01,1.460601119778708610e-03
1.475855641999999912e-01,1.460528215905447600e-03
1.476278540000000028e-01,1.460309802039578544e-03
1.476983098999999910e-01,1.459945696036075383e-03
1.477405673999999947e-01,1.459727323262834326e-03
1.477828127999999963e-01,1.459509010568547016e-03
1.477968919000000048e-01,1.459436196562281796e-03
1.478391212000000066e-01,1.459217862066245061e-03
1.478954080999999865e-01,1.458926850761362330e-03
1.479657366999999890e-01,1.458563168523339991e-03
1.480219755000000137e-01,1.458272258583362879e-03
1.480360319000000036e-01,1.458199561210829845e-03
1.481343890000000052e-01,1.457690628837142064e-03
1.481484346999999979e-01,1.457617908918667571e-03
1.482467172999999971e-01,1.457109213824429568e-03
1.482888185000000025e-01,1.456891315009125644e-03
1.483449347999999945e-01,1.456600697888976812e-03
1.483729850000000128e-01,1.456455472371509042e-03
1.484711190000000125e-01,1.455947195057464508e-03
1.485131564999999931e-01,1.455729382691030565e-03
1.485831927000000052e-01,1.455366482881490474e-03
1.486391978999999919e-01,1.455076193459978531e-03
1.487091747000000019e-01,1.454713484471698926e-03
1.487511448999999930e-01,1.454495876069540356e-03
1.488070868999999963e-01,1.454205798449844734e-03
1.489049347999999995e-01,1.453698353301091520e-03
1.489189077999999999e-01,1.453625825477045932e-03
1.489328795000000039e-01,1.453553363124075520e-03
1.489747867000000003e-01,1.453335972860061867e-03
1.490306446999999923e-01,1.453046098009277282e-03
1.490446059999999961e-01,1.452973645914651390e-03
1.490864818000000036e-01,1.452756317853955755e-03
1.491422980000000065e-01,1.452466574968290557e-03
1.492538676999999869e-01,1.451887309116546608e-03
1.492678081000000101e-01,1.451814937243180040e-03
1.494071399999999938e-01,1.451091132658886970e-03
1.494210660999999996e-01,1.451018808833543210e-03
1.496019868000000030e-01,1.450078581081939337e-03
1.496298013000000038e-01,1.449933952503188557e-03
1.496437066000000093e-01,1.449861633744155016e-03
1.496854149000000078e-01,1.449644797368613127e-03
1.497132139000000028e-01,1.449500233037867266e-03
1.497549028000000060e-01,1.449283396954103697e-03
1.497965800999999930e-01,1.449066621775866844e-03
1.498104698999999929e-01,1.448994424617517252e-03
1.499354206000000078e-01,1.448344284146458162e-03
1.500186632999999936e-01,1.447911039013619668e-03
1.500325325999999904e-01,1.447838886054217313e-03
1.500464005999999906e-01,1.447766666834863223e-03
1.500879968999999925e-01,1.447550099324150822e-03
1.501295816999999866e-01,1.447333567879569407e-03
1.501434407999999998e-01,1.447261409710717860e-03
1.502681146000000023e-01,1.446612089911623617e-03
1.503096496000000115e-01,1.446395779622235752e-03
1.504203534000000120e-01,1.445818927886431942e-03
1.504618463000000073e-01,1.445602663675416314e-03
1.504756747999999866e-01,1.445530611400058394e-03
1.505171525000000010e-01,1.445314357194913898e-03
1.505309757999999942e-01,1.445242310130826846e-03
1.505862565999999958e-01,1.444954075876473320e-03
1.506000735999999951e-01,1.444882067394810416e-03
1.507105640999999996e-01,1.444305802516829360e-03
1.508071769000000062e-01,1.443801824075819284e-03
1.509175157000000045e-01,1.443226075532450447e-03
1.509588719999999940e-01,1.443010206726181525e-03
1.509726549000000029e-01,1.442938280880671099e-03
1.510139960999999920e-01,1.442722424901017597e-03
1.510415505999999908e-01,1.442578579622391666e-03
1.510828728999999981e-01,1.442362805068023082e-03
1.511517183999999958e-01,1.442003257212853742e-03
1.511792477999999995e-01,1.441859520565504744e-03
1.512618058999999904e-01,1.441428236245229566e-03
1.513030680999999933e-01,1.441212655727505156e-03
1.513718133999999993e-01,1.440853338208155894e-03
1.513993026999999880e-01,1.440709725076209664e-03
1.514542664999999899e-01,1.440422415188425970e-03
1.514680043999999948e-01,1.440350561456094037e-03
1.515229432000000098e-01,1.440063317969725093e-03
1.515778621999999964e-01,1.439776171508469569e-03
1.516190383000000086e-01,1.439560846734189376e-03
1.516327611999999936e-01,1.439489081765494508e-03
1.517836311999999910e-01,1.438699785477190549e-03
1.517973393000000004e-01,1.438628050335386856e-03
1.518384559000000023e-01,1.438412932621869296e-03
1.519069588999999998e-01,1.438054399346399073e-03
1.520164995000000130e-01,1.437480877401905348e-03
1.520301864999999975e-01,1.437409278023258448e-03
1.520712402000000130e-01,1.437194304998345084e-03
1.522353442000000112e-01,1.436334640980953476e-03
1.522490115000000033e-01,1.436263048225074881e-03
1.522900061999999943e-01,1.436048211465726756e-03
1.523309898000000107e-01,1.435833495662304027e-03
1.523583061999999877e-01,1.435690297979548471e-03
1.523992714000000082e-01,1.435475571780770810e-03
1.524402256999999872e-01,1.435260918259999123e-03
1.524538746999999916e-01,1.435189353509778651e-03
1.525766605999999970e-01,1.434545482812613635e-03
1.526175671999999983e-01,1.434330953710211869e-03
1.526857206999999994e-01,1.433973445436352362e-03
1.527674646000000136e-01,1.433544524210937600e-03
1.528899987000000016e-01,1.432901454551878005e-03
1.529036075000000106e-01,1.432830027553727483e-03
1.529308215000000082e-01,1.432687157310085077e-03
1.529988354000000050e-01,1.432330068557744439e-03
1.530124344999999886e-01,1.432258659358484100e-03
1.530532246999999901e-01,1.432044479939910018e-03
1.531211842000000101e-01,1.431687566517117352e-03
1.531483596000000058e-01,1.431544734570287282e-03
1.532162769000000035e-01,1.431188011930279152e-03
1.532705890999999931e-01,1.430902599460050781e-03
1.533113106000000003e-01,1.430688583784770797e-03
1.533384523000000110e-01,1.430545935254819200e-03
1.533655891000000049e-01,1.430403294209685273e-03
1.533791557999999999e-01,1.430332025584617412e-03
1.534334102999999894e-01,1.430046758566142764e-03
1.534876456000000000e-01,1.429761661741467708e-03
1.535554128999999934e-01,1.429405294793683733e-03
1.535825114000000102e-01,1.429262755711213596e-03
1.535960588999999987e-01,1.429191491758533645e-03
1.536366940999999986e-01,1.428977807129856769e-03
1.536637782999999979e-01,1.428835341097473011e-03
1.537991277000000101e-01,1.428123144809102319e-03
1.538667576999999953e-01,1.427767237994624584e-03
1.538802801999999970e-01,1.427696011951474098e-03
1.539208404000000086e-01,1.427482474351922425e-03
1.539613898999999952e-01,1.427268999802262664e-03
1.540289487000000013e-01,1.426913327980253990e-03
1.540964779000000007e-01,1.426557696796988987e-03
1.541909690000000110e-01,1.426059914984344071e-03
1.542044630999999943e-01,1.425988805577156409e-03
1.542314475000000074e-01,1.425846609374380744e-03
1.542449379999999981e-01,1.425775573368741160e-03
1.543123727000000056e-01,1.425420207899875643e-03
1.543528192999999993e-01,1.425207035579619062e-03
1.544067316999999939e-01,1.424922857996102892e-03
1.544471535999999978e-01,1.424709804790055476e-03
1.544606252999999874e-01,1.424638720526674772e-03
1.545144999999999991e-01,1.424354647753192085e-03
1.545683559999999901e-01,1.424070688050140454e-03
1.546356496000000080e-01,1.423715756500899777e-03
1.546760118000000128e-01,1.423502810554157314e-03
1.548239160999999864e-01,1.422722467007759466e-03
1.548910987000000072e-01,1.422367863485951046e-03
1.549448237999999922e-01,1.422084303984475937e-03
1.549582522000000073e-01,1.422013388606226374e-03
1.550387978999999972e-01,1.421588145547319311e-03
1.550522180999999999e-01,1.421517241839824388e-03
1.550924717999999924e-01,1.421304654225854450e-03
1.551595380999999940e-01,1.420950423173091871e-03
1.552533822999999924e-01,1.420454705255314899e-03
1.552801845000000014e-01,1.420313080386144877e-03
1.553605633000000041e-01,1.419888284631861709e-03
1.553739557000000104e-01,1.419817546573692206e-03
1.554810536000000021e-01,1.419251367927715701e-03
1.555211962999999975e-01,1.419039189394938512e-03
1.555345749000000000e-01,1.418968425705921521e-03
1.556014505999999964e-01,1.418614736761143963e-03
1.556415623000000081e-01,1.418402663514006139e-03
1.556950283999999907e-01,1.418119832597583346e-03
1.557885499999999979e-01,1.417625011880457604e-03
1.558152600999999915e-01,1.417483681443643465e-03
1.558553166999999962e-01,1.417271750611453964e-03
1.558953630000000090e-01,1.417059818956248546e-03
1.560154403000000023e-01,1.416424186871872689e-03
1.560287764999999938e-01,1.416353587805747622e-03
1.561220982000000035e-01,1.415859489839737780e-03
1.561354252999999914e-01,1.415788868874674105e-03
1.561620760999999913e-01,1.415647713982520154e-03
1.561753998000000032e-01,1.415577153594879114e-03
1.562153639999999954e-01,1.415365433201602654e-03
1.562819484000000092e-01,1.415012709572823239e-03
1.563751188999999986e-01,1.414519104736369900e-03
1.563884245000000117e-01,1.414448538253760147e-03
1.564416352999999926e-01,1.414166587028152554e-03
1.564549352000000060e-01,1.414096042408191862e-03
1.566542979999999974e-01,1.413039136831085139e-03
1.567472471999999950e-01,1.412546078697801081e-03
1.567605212000000026e-01,1.412475698688688127e-03
1.567737939999999941e-01,1.412405272731241494e-03
1.568666723999999901e-01,1.411912554516794654e-03
1.568799361999999864e-01,1.411842198272629393e-03
1.569197210000000120e-01,1.411631057115101057e-03
1.569594957999999874e-01,1.411419978561288553e-03
1.570125131000000007e-01,1.411138565252948547e-03
1.570787596000000064e-01,1.410786953160444264e-03
1.570920054999999926e-01,1.410716586900975528e-03
1.571317365999999882e-01,1.410505649897478330e-03
1.571979329000000036e-01,1.410154177869148064e-03
1.572376372000000022e-01,1.409943246225909327e-03
1.572905608000000066e-01,1.409662172253568508e-03
1.573434665000000010e-01,1.409381157317598316e-03
1.573963545000000019e-01,1.409100097952635956e-03
1.574095736999999995e-01,1.409029935390410972e-03
1.574360087999999991e-01,1.408889415434653233e-03
1.574888657000000081e-01,1.408608545975570739e-03
1.575549119000000109e-01,1.408257527465502047e-03
1.575945263000000096e-01,1.408046957432149224e-03
1.576473301000000105e-01,1.407766272131894241e-03
1.577265025000000043e-01,1.407345312455722270e-03
1.577660738999999979e-01,1.407134786550660963e-03
1.578320039999999980e-01,1.406784180253412573e-03
1.578715488999999916e-01,1.406573802338195386e-03
1.579242600000000107e-01,1.406293415023575485e-03
1.579374350999999954e-01,1.406223269276739860e-03
1.580296294999999906e-01,1.405732728246232447e-03
1.580427957999999966e-01,1.405662661781914005e-03
1.580822879000000070e-01,1.405452496434948448e-03
1.581480862999999903e-01,1.405102258971522265e-03
1.583453172000000020e-01,1.404052073788418118e-03
1.583978706999999986e-01,1.403772209728471531e-03
1.584372742999999861e-01,1.403562269663629659e-03
1.585029253000000138e-01,1.403212484908824935e-03
1.586734907000000028e-01,1.402303569032302541e-03
1.586997152000000078e-01,1.402163754750952599e-03
1.587128258999999930e-01,1.402093841982411399e-03
1.587521514000000133e-01,1.401884229030164134e-03
1.587652576999999954e-01,1.401814349769471991e-03
1.587783628999999974e-01,1.401744475832611718e-03
1.588700692999999997e-01,1.401255514328644683e-03
1.588831659000000118e-01,1.401185681978415467e-03
1.589093558999999933e-01,1.401045950923844510e-03
1.589748119000000126e-01,1.400696902044934944e-03
1.589878999000000070e-01,1.400627014429644754e-03
1.590925649000000108e-01,1.400068615235817559e-03
1.591187202999999883e-01,1.399929116654272023e-03
1.591317965000000056e-01,1.399859329717090912e-03
1.591710184000000028e-01,1.399650068705472197e-03
1.591840902999999974e-01,1.399580231779908078e-03
1.592363669000000093e-01,1.399301296792092569e-03
1.593016885000000105e-01,1.398952603053754684e-03
1.593278096999999893e-01,1.398813126142570617e-03
1.593408685999999908e-01,1.398743409428595446e-03
1.594453019000000027e-01,1.398185803360724438e-03
1.594974929000000097e-01,1.397907045225880865e-03
1.595887860999999908e-01,1.397419406609071071e-03
1.596018237000000062e-01,1.397349711868614390e-03
1.596148602000000138e-01,1.397280059674669596e-03
1.596539634999999957e-01,1.397071200776262749e-03
1.597191142999999924e-01,1.396723053246847574e-03
1.597581921000000016e-01,1.396514282235628707e-03
1.598102808999999902e-01,1.396235871009417163e-03
1.599144076000000025e-01,1.395679213198074576e-03
1.599534375999999980e-01,1.395470554416507279e-03
1.600054629000000062e-01,1.395192382026300094e-03
1.600314690999999900e-01,1.395053328282742835e-03
1.601224578000000065e-01,1.394566623291838576e-03
1.601744281999999964e-01,1.394288663840683199e-03
1.602393673999999990e-01,1.393941231850972769e-03
1.602783183000000000e-01,1.393732785046985275e-03
1.603172596999999922e-01,1.393524480900510537e-03
1.603432153999999887e-01,1.393385511070650016e-03
1.604210574000000111e-01,1.392968974879580345e-03
1.604340273000000039e-01,1.392899499107395130e-03
1.605766279999999990e-01,1.392136048428844466e-03
1.605895854000000122e-01,1.392066671135723348e-03
1.606414046000000095e-01,1.391789169970324537e-03
1.606932071000000128e-01,1.391511744263429972e-03
1.607320479999999885e-01,1.391303696612564275e-03
1.607838212999999905e-01,1.391026318930841223e-03
1.608485145000000116e-01,1.390679783658817876e-03
1.608614499999999892e-01,1.390610482983951251e-03
1.609002502999999917e-01,1.390402496095015329e-03
1.609390411999999937e-01,1.390194640183300663e-03
1.609907479999999891e-01,1.389917589583311488e-03
1.610036719999999866e-01,1.389848277473608061e-03
1.611586801999999874e-01,1.389017347644071068e-03
1.611715907999999864e-01,1.388948121910793402e-03
1.612103165000000060e-01,1.388740417435075291e-03
1.612748385999999978e-01,1.388394399840350325e-03
1.613135394000000111e-01,1.388186831838671316e-03
1.613651261000000059e-01,1.387910154309001786e-03
1.614038053999999889e-01,1.387702619046628401e-03
1.614811359999999973e-01,1.387287718660080082e-03
1.615197874000000033e-01,1.387080276455924296e-03
1.615584295999999975e-01,1.386872869958969594e-03
1.615713082999999939e-01,1.386803777837691213e-03
1.615841859000000102e-01,1.386734638239213576e-03
1.616228127000000070e-01,1.386527417086656257e-03
1.616614302999999919e-01,1.386320071678460823e-03
1.616871702000000077e-01,1.386181877394595998e-03
1.617900888999999898e-01,1.385629342597681328e-03
1.618158083000000025e-01,1.385491193297389576e-03
1.619314953000000057e-01,1.384869934604007844e-03
1.619700393000000072e-01,1.384662832903116314e-03
1.619828852000000097e-01,1.384593875313953632e-03
1.620342587999999973e-01,1.384317923493120659e-03
1.621369571999999870e-01,1.383766075637572193e-03
1.622011106000000036e-01,1.383421299682624332e-03
1.622908828999999886e-01,1.382938794693383154e-03
1.623934189000000028e-01,1.382387492932501787e-03
1.624062313999999896e-01,1.382318582839345365e-03
1.624318533000000120e-01,1.382180857058628275e-03
1.624446626999999921e-01,1.382111965297969699e-03
1.624830848999999910e-01,1.381905305217954972e-03
1.625854998000000051e-01,1.381354515502108016e-03
1.625982971000000110e-01,1.381285653680518893e-03
1.626110933999999897e-01,1.381216831634261236e-03
1.627006394000000133e-01,1.380735038907274226e-03
1.627134276999999962e-01,1.380666301909894231e-03
1.628156977000000116e-01,1.380115903859215239e-03
1.628540323000000067e-01,1.379909627400022687e-03
1.628923579999999871e-01,1.379703304256314073e-03
1.629562139999999881e-01,1.379359516111620162e-03
1.630072808999999956e-01,1.379084614393762034e-03
1.630455704999999866e-01,1.378878421735412483e-03
1.630583317000000032e-01,1.378809685837187760e-03
1.631603855000000047e-01,1.378260091454541932e-03
1.631986391999999952e-01,1.378054090650450121e-03
1.632113883999999904e-01,1.377985463843296211e-03
1.632496301999999955e-01,1.377779482961625102e-03
1.633006053000000124e-01,1.377504845312203796e-03
1.633133465000000117e-01,1.377436165730686881e-03
1.633260867999999921e-01,1.377367536504201960e-03
1.633643016999999920e-01,1.377161641990473596e-03
1.634025077000000048e-01,1.376955795808940250e-03
1.634279734000000095e-01,1.376818503980038614e-03
1.634661645000000108e-01,1.376612663806479984e-03
1.635170720000000133e-01,1.376338293371486780e-03
1.636315560999999918e-01,1.375721103763288431e-03
1.636569861999999931e-01,1.375584089885942664e-03
1.636696997000000042e-01,1.375515509689899775e-03
1.637332525999999899e-01,1.375172767343323024e-03
1.637713725000000120e-01,1.374967212734267644e-03
1.638221851999999978e-01,1.374693221834410181e-03
1.638602844000000003e-01,1.374487682727835612e-03
1.639364561999999970e-01,1.374076780050843914e-03
1.640125926999999872e-01,1.373666021826233478e-03
1.640379637000000113e-01,1.373529093073358985e-03
1.640760126999999957e-01,1.373323696120784141e-03
1.641140530000000097e-01,1.373118408468318409e-03
1.641267311000000062e-01,1.373049990620060475e-03
1.642154506999999874e-01,1.372571132763292711e-03
1.642281210000000047e-01,1.372502799716330971e-03
1.642661260000000123e-01,1.372297608997686234e-03
1.642787924000000122e-01,1.372229181252533582e-03
1.644307130000000061e-01,1.371408859339728458e-03
1.644433667000000099e-01,1.371340470668533417e-03
1.644686711999999995e-01,1.371203849153912425e-03
1.645319154999999867e-01,1.370862266225769980e-03
1.645445614000000112e-01,1.370793885712370992e-03
1.646456939000000008e-01,1.370247535575473295e-03
1.646709672999999985e-01,1.370110964187218035e-03
1.647341338999999960e-01,1.369769732618710554e-03
1.647846497000000077e-01,1.369496681375181532e-03
1.648351500999999941e-01,1.369223687772167051e-03
1.648477727999999864e-01,1.369155496412450580e-03
1.650243888000000048e-01,1.368200710793899188e-03
1.650748157999999965e-01,1.367927925549044426e-03
1.651378279000000060e-01,1.367587177328892642e-03
1.651504273999999939e-01,1.367519051592148939e-03
1.652260043999999872e-01,1.367110230072396838e-03
1.652385972000000036e-01,1.367042177393729867e-03
1.652511891000000011e-01,1.366974019172628079e-03
1.652889589000000048e-01,1.366769677799549009e-03
1.653267200000000103e-01,1.366565388266077850e-03
1.653393052000000085e-01,1.366497312775439166e-03
1.653518894000000072e-01,1.366429179207650189e-03
1.654399518000000124e-01,1.365952688866447096e-03
1.654902521999999931e-01,1.365680370479846646e-03
1.655531061999999942e-01,1.365340210355638333e-03
1.656787426000000119e-01,1.364660004415633619e-03
1.656913010000000130e-01,1.364592062382395232e-03
1.657540787000000015e-01,1.364252099482042438e-03
1.657917338999999879e-01,1.364048129017022626e-03
1.658544735999999964e-01,1.363708346339118560e-03
1.658921060999999919e-01,1.363504478485712398e-03
1.659422694000000087e-01,1.363232728655358085e-03
1.660425504999999968e-01,1.362689440449827479e-03
1.660550813999999986e-01,1.362621487296720611e-03
1.660801403000000120e-01,1.362485725954823250e-03
1.661302469000000004e-01,1.362214201570415137e-03
1.661928588000000095e-01,1.361874811799698975e-03
1.662429313000000075e-01,1.361603455768560554e-03
1.662554471000000089e-01,1.361535659743355088e-03
1.663430311999999911e-01,1.361060770029858327e-03
1.663930586000000045e-01,1.360789487669033680e-03
1.664305691999999892e-01,1.360586180549924838e-03
1.664555715999999908e-01,1.360450569422885824e-03
1.664805702999999915e-01,1.360314974375767625e-03
1.664930682000000106e-01,1.360247257186097264e-03
1.665305562999999933e-01,1.360043856240797898e-03
1.666429701000000096e-01,1.359434061909335590e-03
1.666804245000000073e-01,1.359230922357063239e-03
1.667553079999999910e-01,1.358824657057558765e-03
1.668426296999999947e-01,1.358350794327895048e-03
1.669423700000000066e-01,1.357809359635449645e-03
1.669548332999999940e-01,1.357741719581179131e-03
1.669922178000000090e-01,1.357538798463445249e-03
1.670420506999999999e-01,1.357268282236272130e-03
1.670918687999999874e-01,1.356997803313489057e-03
1.671416719999999911e-01,1.356727363971943360e-03
1.671541205000000030e-01,1.356659749711625756e-03
1.672536749999999905e-01,1.356119054991387560e-03
1.672785544000000013e-01,1.355983993792668225e-03
1.672909925999999936e-01,1.355916399918941258e-03
1.673283020000000121e-01,1.355713742733513942e-03
1.673531702999999926e-01,1.355578625210208769e-03
1.673904657999999990e-01,1.355376074286256116e-03
1.674277529000000042e-01,1.355173376539252350e-03
1.674401801000000023e-01,1.355105914231925952e-03
1.674774562999999938e-01,1.354903378116818855e-03
1.675519836000000096e-01,1.354498320950942025e-03
1.675892347999999865e-01,1.354295938225936113e-03
1.676885310000000018e-01,1.353756206922025751e-03
1.677257518999999975e-01,1.353553875534118040e-03
1.677381571000000071e-01,1.353486465545340658e-03
1.678497620000000135e-01,1.352879645709866843e-03
1.678745530000000097e-01,1.352744808269150953e-03
1.678869471999999974e-01,1.352677441119631970e-03
1.679489041999999988e-01,1.352340426419142670e-03
1.679860673999999943e-01,1.352138349281316234e-03
1.680232224000000052e-01,1.351936237099361825e-03
1.680479877999999927e-01,1.351801552633181318e-03
1.680727495999999876e-01,1.351666906090040953e-03
1.681346381000000112e-01,1.351330117637182309e-03
1.682212436999999949e-01,1.350858936445227922e-03
1.682830775999999973e-01,1.350522470623876075e-03
1.683819645999999892e-01,1.349984275128486653e-03
1.684313863999999938e-01,1.349715275526208865e-03
1.685178394999999885e-01,1.349244644581794501e-03
1.685425322000000115e-01,1.349110098527787427e-03
1.685795646000000092e-01,1.348908519542972020e-03
1.686289283999999888e-01,1.348639668802084244e-03
1.686659417999999966e-01,1.348438110847177988e-03
1.687276127000000014e-01,1.348102303931011979e-03
1.687769332000000067e-01,1.347833626047988294e-03
1.688262392999999861e-01,1.347564990399417956e-03
1.688385635999999912e-01,1.347497914249481043e-03
1.689124902999999955e-01,1.347095105605868644e-03
1.689248083000000067e-01,1.347027983655750809e-03
1.690233197999999881e-01,1.346491235209235126e-03
1.690356296999999952e-01,1.346424188096474956e-03
1.690602468999999886e-01,1.346290041418186575e-03
1.690725540999999943e-01,1.346222879108036150e-03
1.691709795999999932e-01,1.345686428464321766e-03
1.692570549000000091e-01,1.345217268318296298e-03
1.692693477999999974e-01,1.345150210831254399e-03
1.693185104999999913e-01,1.344882236060444131e-03
1.693307990000000041e-01,1.344815168122423825e-03
1.693676590000000037e-01,1.344614239996926031e-03
1.694290743999999904e-01,1.344279333458037965e-03
1.695150186999999919e-01,1.343810540441106767e-03
1.696254544999999947e-01,1.343208181115372948e-03
1.696622505000000003e-01,1.343007395404473715e-03
1.696990385000000101e-01,1.342806676972824360e-03
1.697112993999999875e-01,1.342739751822119880e-03
1.697235594000000014e-01,1.342672906876017473e-03
1.697603340999999932e-01,1.342472215386683468e-03
1.697971007999999893e-01,1.342271525607111136e-03
1.698093545999999898e-01,1.342204683537026079e-03
1.698461106999999970e-01,1.342004101487842592e-03
1.699195991000000128e-01,1.341603070070771691e-03
1.700420092000000105e-01,1.340934757937364786e-03
1.700542452999999898e-01,1.340868031184711331e-03
1.701031812000000087e-01,1.340600831975035908e-03
1.701521028999999907e-01,1.340333622694829269e-03
1.702010106000000078e-01,1.340066636568455283e-03
1.702132353999999959e-01,1.339999780691878903e-03
1.702376821999999901e-01,1.339866270674608915e-03
1.703110016000000115e-01,1.339465873348841133e-03
1.703842895000000079e-01,1.339065577414406830e-03
1.703965010999999863e-01,1.338998806505485107e-03
1.704331305000000019e-01,1.338798726576429649e-03
1.704819576000000114e-01,1.338531975997791492e-03
1.705429717999999983e-01,1.338198590696801447e-03
1.706039642000000134e-01,1.337865254904830681e-03
1.706405491000000108e-01,1.337665332626498862e-03
1.706893168999999988e-01,1.337398808718061978e-03
1.707015065999999970e-01,1.337332225084831086e-03
1.707989933999999876e-01,1.336799319727391975e-03
1.708233563000000066e-01,1.336666061037675157e-03
1.708355364999999959e-01,1.336599572833806811e-03
1.708720719000000055e-01,1.336399741629168934e-03
1.708964245000000048e-01,1.336266633468923600e-03
1.709816312000000116e-01,1.335800720646721602e-03
1.710789583000000003e-01,1.335268466151179204e-03
1.710911203000000103e-01,1.335201881545782171e-03
1.712248452000000032e-01,1.334470473406499259e-03
1.712612974999999926e-01,1.334271072033638974e-03
1.713584657999999983e-01,1.333739441690067785e-03
1.713706078999999993e-01,1.333673000149116460e-03
1.713827491999999897e-01,1.333606550406745122e-03
1.714070292000000051e-01,1.333473636619775943e-03
1.714677142000000098e-01,1.333141533527313185e-03
1.714798486000000122e-01,1.333075075081938468e-03
1.715162467999999940e-01,1.332875881995306509e-03
1.715526370999999883e-01,1.332676741445092258e-03
1.716011457000000129e-01,1.332411182144828659e-03
1.716617619999999955e-01,1.332079344550478545e-03
1.716738827000000023e-01,1.332012997759566197e-03
1.717102396999999891e-01,1.331813938783375307e-03
1.717708175999999864e-01,1.331482231738560134e-03
1.717950427000000113e-01,1.331349652820994645e-03
1.718071539999999897e-01,1.331283224551347297e-03
1.719524231000000014e-01,1.330487677047369113e-03
1.719887211999999999e-01,1.330288855547181927e-03
1.720008188999999910e-01,1.330222541831011310e-03
1.720612944000000089e-01,1.329891346163056482e-03
1.721338370999999923e-01,1.329493873044916693e-03
1.721459244999999916e-01,1.329427573846154835e-03
1.721821818000000004e-01,1.329228963501851444e-03
1.722425937000000018e-01,1.328897949722991764e-03
1.723392086999999961e-01,1.328368486540638851e-03
1.723874958000000124e-01,1.328103754562037601e-03
1.724357695000000024e-01,1.327839185118489260e-03
1.724478358000000044e-01,1.327773003576096207e-03
1.725443358000000038e-01,1.327243981491041305e-03
1.725684523999999886e-01,1.327111821537799554e-03
1.725805093999999984e-01,1.327045621603927623e-03
1.726407819000000121e-01,1.326715117938175948e-03
1.726769353000000007e-01,1.326516902880626406e-03
1.727733073000000119e-01,1.325988383517049231e-03
1.728214731999999920e-01,1.325724256387788950e-03
1.728335125999999888e-01,1.325658167949321292e-03
1.729057311999999957e-01,1.325262019596275785e-03
1.729297972999999933e-01,1.325130002877537936e-03
1.730140025999999942e-01,1.324667936909271161e-03
1.730981668000000084e-01,1.324206185080352384e-03
1.731222062999999978e-01,1.324074220919603312e-03
1.731462423000000028e-01,1.323942296591106103e-03
1.731943045000000070e-01,1.323678555789981753e-03
1.732063179999999980e-01,1.323612596972081629e-03
1.732543633999999999e-01,1.323348973043732626e-03
1.733144016000000009e-01,1.323019308722851034e-03
1.733384109999999978e-01,1.322887554050332544e-03
1.733984199999999976e-01,1.322558128930235131e-03
1.734104193000000071e-01,1.322492316548663999e-03
1.734464122999999913e-01,1.322294700882822166e-03
1.734823977999999933e-01,1.322096987766808920e-03
1.735063840000000135e-01,1.321965407769218814e-03
1.735423570000000082e-01,1.321767828436513350e-03
1.735783226000000012e-01,1.321570283520019738e-03
1.735903095000000118e-01,1.321504510477698562e-03
1.736981541000000018e-01,1.320912162479607284e-03
1.737221104999999988e-01,1.320780626960793526e-03
1.737340874999999951e-01,1.320714816405983575e-03
1.738298734000000012e-01,1.320188598991011873e-03
1.738777465999999938e-01,1.319925559729196807e-03
1.739614929999999948e-01,1.319465364805628331e-03
1.739854131000000137e-01,1.319334045257988895e-03
1.740691075999999948e-01,1.318874089713506850e-03
1.741647092999999979e-01,1.318348638483652453e-03
1.741766557999999965e-01,1.318282940502749946e-03
1.742602584999999871e-01,1.317823327919825276e-03
1.742721985000000029e-01,1.317757672227186806e-03
1.742960759999999942e-01,1.317626436708120531e-03
1.743080134999999975e-01,1.317560758021500775e-03
1.743676888000000036e-01,1.317232723776748165e-03
1.744034841999999863e-01,1.317035878650456467e-03
1.744392723000000034e-01,1.316839143309129524e-03
1.745465922999999975e-01,1.316248832961529726e-03
1.745942689999999964e-01,1.315986662348761667e-03
1.746300178999999897e-01,1.315789985704355529e-03
1.746538464999999873e-01,1.315658988759414987e-03
1.746895831999999982e-01,1.315462321954801676e-03
1.748324572000000132e-01,1.314676338254914178e-03
1.748443581000000135e-01,1.314610927396064801e-03
1.748800558999999977e-01,1.314414469454216463e-03
1.749395360999999871e-01,1.314087095201488210e-03
1.750227742999999891e-01,1.313629011661408353e-03
1.750346623000000046e-01,1.313563556274759125e-03
1.751178553999999943e-01,1.313105758493181415e-03
1.751653764999999974e-01,1.312844119684480502e-03
1.752010089000000104e-01,1.312647928982229152e-03
1.752485075000000114e-01,1.312386471875037330e-03
1.752603801000000017e-01,1.312321025680759793e-03
1.753553322999999997e-01,1.311798245820131482e-03
1.754027891000000117e-01,1.311536903696778082e-03
1.754146513000000018e-01,1.311471681096364455e-03
1.754383733000000056e-01,1.311341055926532875e-03
1.754502330999999915e-01,1.311275706629871137e-03
1.754858076999999961e-01,1.311079765638406775e-03
1.755095200000000022e-01,1.310949168778448087e-03
1.755450826000000131e-01,1.310753286348502640e-03
1.756280337999999996e-01,1.310296378793888907e-03
1.756872607999999947e-01,1.309970133970207902e-03
1.756991036999999978e-01,1.309904878505776778e-03
1.757346278999999956e-01,1.309709192271606669e-03
1.757701449000000082e-01,1.309513450901413209e-03
1.758648217999999874e-01,1.308991831451073156e-03
1.758766529000000134e-01,1.308926510781863823e-03
1.759830964000000109e-01,1.308339902920467070e-03
1.760067416999999967e-01,1.308209569687240155e-03
1.760185632000000056e-01,1.308144492579550082e-03
1.760776588000000087e-01,1.307818738718304280e-03
1.761131066000000134e-01,1.307623354662758525e-03
1.761485473000000135e-01,1.307428022291592636e-03
1.761603593000000134e-01,1.307362837895547714e-03
1.761957903999999964e-01,1.307167532968087553e-03
1.762075992000000091e-01,1.307102441420573795e-03
1.762548265999999975e-01,1.306842035242398743e-03
1.762666314000000123e-01,1.306776955699401940e-03
1.763610418000000069e-01,1.306256332894751909e-03
1.763964326999999943e-01,1.306061282306735568e-03
1.764436094000000066e-01,1.305801098230561369e-03
1.765261384000000044e-01,1.305345824543266637e-03
1.765379252000000010e-01,1.305280861538509612e-03
1.765732805999999933e-01,1.305085779967922379e-03
1.766204101000000137e-01,1.304825931410365193e-03
1.766321905000000081e-01,1.304760922464366039e-03
1.766793043000000063e-01,1.304500926122489348e-03
1.767617233000000065e-01,1.304046274845146970e-03
1.768323376000000002e-01,1.303656631800171033e-03
1.768676341000000041e-01,1.303461917699806237e-03
1.769264459999999872e-01,1.303137312368248674e-03
1.769969946000000127e-01,1.302747933141595177e-03
1.770087499000000120e-01,1.302683045219912676e-03
1.771027646999999983e-01,1.302164128066057294e-03
1.771145130000000012e-01,1.302099240333421922e-03
1.771380073000000110e-01,1.301969593157128275e-03
1.771497532999999902e-01,1.301904696807174673e-03
1.772436933000000048e-01,1.301386179813930101e-03
1.773258498999999988e-01,1.300932511362198766e-03
1.773845098999999870e-01,1.300608561531458457e-03
1.774314240000000042e-01,1.300349530953115798e-03
1.774783255999999865e-01,1.300090479362394887e-03
1.774900490999999914e-01,1.300025759809464920e-03
1.775252149000000057e-01,1.299831602658763812e-03
1.775720916999999899e-01,1.299572546217801381e-03
1.775838090000000091e-01,1.299507963692742669e-03
1.776658084000000137e-01,1.299054950946690974e-03
1.776775194999999918e-01,1.298990286544429978e-03
1.777126481000000091e-01,1.298796107325358084e-03
1.777477698999999911e-01,1.298602145909690192e-03
1.777711804999999867e-01,1.298472866278392070e-03
1.778881874999999890e-01,1.297826226940524503e-03
1.778998838999999998e-01,1.297761645931724047e-03
1.779583546999999877e-01,1.297438515018665235e-03
1.780518680000000020e-01,1.296921759932815601e-03
1.780869227999999915e-01,1.296728016501778923e-03
1.781219708000000013e-01,1.296534249488901338e-03
1.781336518999999952e-01,1.296469653753092640e-03
1.782153982000000136e-01,1.296017813915755325e-03
1.782270732000000024e-01,1.295953249093195802e-03
1.783321136999999890e-01,1.295372449534007604e-03
1.784137691000000081e-01,1.294920940897082871e-03
1.784254311000000037e-01,1.294856527907593336e-03
1.784487527999999990e-01,1.294727607287399478e-03
1.786119197000000103e-01,1.293825207878655662e-03
1.786468646000000104e-01,1.293631945630285612e-03
1.786934471999999940e-01,1.293374231366544976e-03
1.787400177000000034e-01,1.293116531687355355e-03
1.787865760000000026e-01,1.292859058439360274e-03
1.788214868000000124e-01,1.292665851041451203e-03
1.788331221999999998e-01,1.292601515631910426e-03
1.788680239000000061e-01,1.292408343134364987e-03
1.788912879000000011e-01,1.292279692654027794e-03
1.789261782999999884e-01,1.292086614749500886e-03
1.789610618999999958e-01,1.291893581111298742e-03
1.790772912999999966e-01,1.291250349564211424e-03
1.791121454000000057e-01,1.291057511498011016e-03
1.791469927999999878e-01,1.290864618806166538e-03
1.791586071000000058e-01,1.290800433907774228e-03
1.792050565999999956e-01,1.290543271892039380e-03
1.792398859000000066e-01,1.290350472495995025e-03
1.793559346999999971e-01,1.289708041030362571e-03
1.793791354000000005e-01,1.289579638894290019e-03
1.794487197000000089e-01,1.289194347822331501e-03
1.794835016999999922e-01,1.289001722770819012e-03
1.795182768999999956e-01,1.288809280597791014e-03
1.795298671999999984e-01,1.288745035158820294e-03
1.795646334000000066e-01,1.288552548987412271e-03
1.796225623000000104e-01,1.288231781845529866e-03
1.796341458000000058e-01,1.288167595205984544e-03
1.796688918999999884e-01,1.287975174827483017e-03
1.797036312999999996e-01,1.287782727410499359e-03
1.797267871000000072e-01,1.287654454135836631e-03
1.797615153000000077e-01,1.287462135290045728e-03
1.798078092000000017e-01,1.287205721734426597e-03
1.799119267000000022e-01,1.286628887258716098e-03
1.799350557000000128e-01,1.286500794906824926e-03
1.799928654000000072e-01,1.286180483587505375e-03
1.800044251000000040e-01,1.286116418114294181e-03
1.800390997000000104e-01,1.285924344833549657e-03
1.800853221000000004e-01,1.285668283801959591e-03
1.800968759000000086e-01,1.285604249746003045e-03
1.801199812000000011e-01,1.285476204753288566e-03
1.801777314999999935e-01,1.285156130970940445e-03
1.802585508000000003e-01,1.284708301988946077e-03
1.803162567000000105e-01,1.284388365264489684e-03
1.803508714000000013e-01,1.284196475458041897e-03
1.803624081000000101e-01,1.284132519080827695e-03
1.804546756000000030e-01,1.283621147382717773e-03
1.805007915999999879e-01,1.283365422445314694e-03
1.805584201000000055e-01,1.283045936512382853e-03
1.805929883000000069e-01,1.282854309336516193e-03
1.806275499999999978e-01,1.282662715596280534e-03
1.806390690000000132e-01,1.282598802685055604e-03
1.806736218999999977e-01,1.282407260019788418e-03
1.807196819999999926e-01,1.282151795663595811e-03
1.807427077000000049e-01,1.282024132516546011e-03
1.807772407000000081e-01,1.281832564402209107e-03
1.808232744999999919e-01,1.281577334455739903e-03
1.808347811000000083e-01,1.281513579936722526e-03
1.809153068000000086e-01,1.281066923714192134e-03
1.810072923999999917e-01,1.280556611528381721e-03
1.810532676999999924e-01,1.280301592955357956e-03
1.810877415000000101e-01,1.280110421062127541e-03
1.811796394999999893e-01,1.279600560629329947e-03
1.812255711000000102e-01,1.279345671721783106e-03
1.812370520999999901e-01,1.279282062627309013e-03
1.812829690999999965e-01,1.279027205898820418e-03
1.813288744999999869e-01,1.278772530496297783e-03
1.814665209000000112e-01,1.278008658699724938e-03
1.815582272000000053e-01,1.277499640446043937e-03
1.815696871999999962e-01,1.277436042248932067e-03
1.816040630000000100e-01,1.277245221497867777e-03
1.816498871999999987e-01,1.276990787187398798e-03
1.816613414000000093e-01,1.276927265532218142e-03
1.816956999000000073e-01,1.276736484845292490e-03
1.817415009999999997e-01,1.276482323971578087e-03
1.817529494000000023e-01,1.276418615198663580e-03
1.817758442000000085e-01,1.276291575315266057e-03
1.818445113000000113e-01,1.275910333955832497e-03
1.818788350999999970e-01,1.275719750568862949e-03
1.819360270000000002e-01,1.275402176133820769e-03
1.819588987999999907e-01,1.275275147468911408e-03
1.819703336000000060e-01,1.275211683094961508e-03
1.821074950999999886e-01,1.274450003577314982e-03
1.821189206000000116e-01,1.274386493136653873e-03
1.821417693999999865e-01,1.274259625387147692e-03
1.821874582999999936e-01,1.274005766183109725e-03
1.822102985000000064e-01,1.273878960108613479e-03
1.822902165999999990e-01,1.273435040405194877e-03
1.823244565000000095e-01,1.273244748061065548e-03
1.823815087000000001e-01,1.272927809746800514e-03
1.824613518000000045e-01,1.272484297576776530e-03
1.824841577000000103e-01,1.272357637712341703e-03
1.825183612000000066e-01,1.272167501635067081e-03
1.825639559999999995e-01,1.271914197600513934e-03
1.825753528999999875e-01,1.271850832897636644e-03
1.826551111999999977e-01,1.271407644360770259e-03
1.826892827000000108e-01,1.271217710375092350e-03
1.827006717999999919e-01,1.271154488452397053e-03
1.827576066000000110e-01,1.270837963505640428e-03
1.828372853999999936e-01,1.270395156166607325e-03
1.828714228999999969e-01,1.270205340942946346e-03
1.829396786999999969e-01,1.269826068313828276e-03
1.829737969999999936e-01,1.269636317546653671e-03
1.830647481999999882e-01,1.269130754815840081e-03
1.832010903000000079e-01,1.268372650060202748e-03
1.832124475999999946e-01,1.268309480617903998e-03
1.832351600000000080e-01,1.268183266368507530e-03
1.832465151999999875e-01,1.268119994354778048e-03
1.832805764000000059e-01,1.267930696910755679e-03
1.833373309999999923e-01,1.267614988860085419e-03
1.833713754000000085e-01,1.267425707807010677e-03
1.833827221000000063e-01,1.267362600051856469e-03
1.833940681000000017e-01,1.267299507571809395e-03
1.834734705999999937e-01,1.266857838378307672e-03
1.834848109999999977e-01,1.266794856391739331e-03
1.835188279999999950e-01,1.266605625626432245e-03
1.835755089999999978e-01,1.266290397836190417e-03
1.835981764999999877e-01,1.266164251372117961e-03
1.836095091999999929e-01,1.266101307552293257e-03
1.836435030999999940e-01,1.265912207582398433e-03
1.836548329999999896e-01,1.265849091172834570e-03
1.837001456000000033e-01,1.265597046193182775e-03
1.837567706999999884e-01,1.265282001389330226e-03
1.837794158000000122e-01,1.265156093155219569e-03
1.837907373000000066e-01,1.265093090785639760e-03
1.838812844000000113e-01,1.264589228740157015e-03
1.840057139000000064e-01,1.263896916783083290e-03
1.840283283999999964e-01,1.263770938557488670e-03
1.840961552000000001e-01,1.263393575000496460e-03
1.841074572999999992e-01,1.263330647107227837e-03
1.841187585999999876e-01,1.263267790355407849e-03
1.841526585000000105e-01,1.263079057914577499e-03
1.842881956999999904e-01,1.262324632772830659e-03
1.843220644000000130e-01,1.262136146757655581e-03
1.843672131000000103e-01,1.261884782210604457e-03
1.844687570000000110e-01,1.261319466376871045e-03
1.845025925999999872e-01,1.261131094667322997e-03
1.845138698000000077e-01,1.261068399748206280e-03
1.845589715000000020e-01,1.260817233965237389e-03
1.845702452000000104e-01,1.260754456171183941e-03
1.846378728999999996e-01,1.260377806492633118e-03
1.846604099999999971e-01,1.260252369950668958e-03
1.847280048000000119e-01,1.259875970688831759e-03
1.848293504999999892e-01,1.259311523862158017e-03
1.848406076999999925e-01,1.259248887642032714e-03
1.848631201000000002e-01,1.259123520343340911e-03
1.849643917999999887e-01,1.258559534463140868e-03
1.849981367000000099e-01,1.258371425270190906e-03
1.850206299000000110e-01,1.258246152665318512e-03
1.850431204000000107e-01,1.258120976439395427e-03
1.850993345999999984e-01,1.257807740337958799e-03
1.851442936999999900e-01,1.257557353367882557e-03
1.852004771000000105e-01,1.257244281125993604e-03
1.852229458000000106e-01,1.257119222189302882e-03
1.852341791000000071e-01,1.257056569875567194e-03
1.852791054000000048e-01,1.256806252007281865e-03
1.853801499000000130e-01,1.256243249366442629e-03
1.854474822000000134e-01,1.255867988241982959e-03
1.854699209000000015e-01,1.255742984811276160e-03
1.855035738999999961e-01,1.255555555107194148e-03
1.855484350000000116e-01,1.255305525482250557e-03
1.855820736999999887e-01,1.255117958092944862e-03
1.856381246999999901e-01,1.254805652919956062e-03
1.856493328999999914e-01,1.254743225742082149e-03
1.856829533000000088e-01,1.254555781620717448e-03
1.857389738999999929e-01,1.254243531239335879e-03
1.857725781000000020e-01,1.254056172563420722e-03
1.858061762000000061e-01,1.253868978981138122e-03
1.858173741999999962e-01,1.253806595716042572e-03
1.858285715999999921e-01,1.253744127336809712e-03
1.859181260999999974e-01,1.253244948924673143e-03
1.860076375999999976e-01,1.252745849403958398e-03
1.860411932000000101e-01,1.252558837096263587e-03
1.860747429000000064e-01,1.252371687229216846e-03
1.860859246999999883e-01,1.252309342898636196e-03
1.861194663000000082e-01,1.252122320393396753e-03
1.861306454999999971e-01,1.252059992449095372e-03
1.861753555000000004e-01,1.251810645285457348e-03
1.861865313000000133e-01,1.251748402187126928e-03
1.862200548000000067e-01,1.251561410241291234e-03
1.862535721999999949e-01,1.251374516924602925e-03
1.863540881999999899e-01,1.250814005176721947e-03
1.864322298999999961e-01,1.250378198741717434e-03
1.864433903000000115e-01,1.250315983717824753e-03
1.864545501000000050e-01,1.250253646077841615e-03
1.864768676000000125e-01,1.250129303257799078e-03
1.864880254000000070e-01,1.250066994762776256e-03
1.865326496999999972e-01,1.249818030031272804e-03
1.865438040999999880e-01,1.249755954337074173e-03
1.866218664000000027e-01,1.249320497269683708e-03
1.867110404000000001e-01,1.248822953931848353e-03
1.867556113999999934e-01,1.248574363947304927e-03
1.868335852000000130e-01,1.248139299497473152e-03
1.868447216000000133e-01,1.248077276402291243e-03
1.868781270000000050e-01,1.247890769995550807e-03
1.869894350999999899e-01,1.247269850856917110e-03
1.870228146000000036e-01,1.247083503217918249e-03
1.870784339000000074e-01,1.246773147339277346e-03
1.871896228999999912e-01,1.246152680769971148e-03
1.872340799999999972e-01,1.245904604723573018e-03
1.872451927000000071e-01,1.245842534989502395e-03
1.872896366000000035e-01,1.245594421638600595e-03
1.873340699999999914e-01,1.245346403712952865e-03
1.873451765999999963e-01,1.245284421494959959e-03
1.875227942999999897e-01,1.244293044721451200e-03
1.875449847000000003e-01,1.244169080403206493e-03
1.876115401000000016e-01,1.243797531071737413e-03
1.876448089999999957e-01,1.243611937364034201e-03
1.876780718999999931e-01,1.243426259946734660e-03
1.876891582000000114e-01,1.243364286585624430e-03
1.877224133000000017e-01,1.243178614182907822e-03
1.877334971000000075e-01,1.243116750823761293e-03
1.877778253999999869e-01,1.242869287296474766e-03
1.878221432999999940e-01,1.242621848256066910e-03
1.878553748000000023e-01,1.242436234681208902e-03
1.878775259000000086e-01,1.242312455004162359e-03
1.879107476999999915e-01,1.242127005972011502e-03
1.879439635000000053e-01,1.241941520467313440e-03
1.879550342000000096e-01,1.241879758035445381e-03
1.880435759999999901e-01,1.241385276831109049e-03
1.880767684000000106e-01,1.241199915577159132e-03
1.880878311999999997e-01,1.241138051019783153e-03
1.881431356999999915e-01,1.240829317996203739e-03
1.882205345999999890e-01,1.240397044053494213e-03
1.882536958000000094e-01,1.240211702428586612e-03
1.883089514999999881e-01,1.239903104410859181e-03
1.883200006999999898e-01,1.239841310193829597e-03
1.883862823000000131e-01,1.239471199506409025e-03
1.884083709000000106e-01,1.239347735154347572e-03
1.884856608999999905e-01,1.238916055281765122e-03
1.885298123999999964e-01,1.238669327164228185e-03
1.885739535000000022e-01,1.238422744648235091e-03
1.885849871999999983e-01,1.238361125062551133e-03
1.886070525999999914e-01,1.238237731161585808e-03
1.886511757000000067e-01,1.237991295272956611e-03
1.887834830000000019e-01,1.237252108954233322e-03
1.888496018999999970e-01,1.236882590371149015e-03
1.888826526000000061e-01,1.236697850869580015e-03
1.889267112999999942e-01,1.236451658070483262e-03
1.889377244000000067e-01,1.236390052603521337e-03
1.889707596999999906e-01,1.236205427870975398e-03
1.890037893000000024e-01,1.236020923098388744e-03
1.890147979000000034e-01,1.235959391353839108e-03
1.890258058000000019e-01,1.235897846226449498e-03
1.891028433999999980e-01,1.235467297629113271e-03
1.891138461999999909e-01,1.235405832053808198e-03
1.891468507999999882e-01,1.235221408035686074e-03
1.892348349000000096e-01,1.234729587021136509e-03
1.892678184000000097e-01,1.234545308928477287e-03
1.892788116000000131e-01,1.234483740777477315e-03
1.893117874999999950e-01,1.234299385779469250e-03
1.894106805000000116e-01,1.233746604681806988e-03
1.894985421000000003e-01,1.233255511415450945e-03
1.895424575999999917e-01,1.233009954448150043e-03
1.896302582000000125e-01,1.232518983933550676e-03
1.896412303999999993e-01,1.232457722108474315e-03
1.896631729000000099e-01,1.232335056946202512e-03
1.897180179999999883e-01,1.232028465833248524e-03
1.897289852000000054e-01,1.231967073735040471e-03
1.897618828000000035e-01,1.231783140615012005e-03
1.897947747000000018e-01,1.231599173321955851e-03
1.898166994000000107e-01,1.231476641767446922e-03
1.898386216999999876e-01,1.231354027311268523e-03
1.898934161999999981e-01,1.231047602344803680e-03
1.899372404000000125e-01,1.230802518443665410e-03
1.899920063999999964e-01,1.230496342716754258e-03
1.900139083999999867e-01,1.230373815190078301e-03
1.900248585000000046e-01,1.230312491506594004e-03
1.900686524000000099e-01,1.230067665467997383e-03
1.901124362000000123e-01,1.229822747269726990e-03
1.901562099000000117e-01,1.229577979089495820e-03
1.901890336000000015e-01,1.229394288326336303e-03
1.901999735999999885e-01,1.229333055541119869e-03
1.902546639999999900e-01,1.229027316500810527e-03
1.903202717999999960e-01,1.228660205501160702e-03
1.903312041999999926e-01,1.228599126106271616e-03
1.904077136000000003e-01,1.228171033566457463e-03
1.904186409999999996e-01,1.228110075504085545e-03
1.904295678000000047e-01,1.228048781167325734e-03
1.904951152999999897e-01,1.227682175008687135e-03
1.905169594999999994e-01,1.227560035271366059e-03
1.905497210000000052e-01,1.227376690009438767e-03
1.906043111000000068e-01,1.227071288452074660e-03
1.906807108999999945e-01,1.226643826855475499e-03
1.906916227000000075e-01,1.226582749828130292e-03
1.907243542000000014e-01,1.226399607096450781e-03
1.907570802000000121e-01,1.226216470604818160e-03
1.907788943000000015e-01,1.226094486957579133e-03
1.908116109000000116e-01,1.225911460727072046e-03
1.908552242999999871e-01,1.225667466838237935e-03
1.909424211000000093e-01,1.225179398560480261e-03
1.909533179000000025e-01,1.225118466603393810e-03
1.909860046000000089e-01,1.224935605053404427e-03
1.910186856999999960e-01,1.224752711321273543e-03
1.910404699999999900e-01,1.224630804258453661e-03
1.911058079000000076e-01,1.224265173321151690e-03
1.911928904999999901e-01,1.223777687928701528e-03
1.912364169000000114e-01,1.223534162526191587e-03
1.912908110000000050e-01,1.223229797308609699e-03
1.913016879999999975e-01,1.223168844487500717e-03
1.913778093999999874e-01,1.222742710437878851e-03
1.914756353000000022e-01,1.222195173956567606e-03
1.915625497000000010e-01,1.221708734244818543e-03
1.915842721000000082e-01,1.221587031339452191e-03
1.915951324000000067e-01,1.221526283522851586e-03
1.916385674999999955e-01,1.221283107903892726e-03
1.916819926999999979e-01,1.221040032515481903e-03
1.917254080000000138e-01,1.220796951637214463e-03
1.917579631000000118e-01,1.220614767640793887e-03
1.917688136000000043e-01,1.220554019936161009e-03
1.918013613000000006e-01,1.220371696258585768e-03
1.918230566999999942e-01,1.220250179181025249e-03
1.918555952000000064e-01,1.220068060694026561e-03
1.918989712999999986e-01,1.219825108139670948e-03
1.919314968999999982e-01,1.219643171011903495e-03
1.919856940000000123e-01,1.219339598143502883e-03
1.920290406999999866e-01,1.219096991498495744e-03
1.920615442999999978e-01,1.218914957922552457e-03
1.920723776000000105e-01,1.218854212839418300e-03
1.921157048000000089e-01,1.218611531096787728e-03
1.921481936999999973e-01,1.218429774510001963e-03
1.921698498999999949e-01,1.218308412686646986e-03
1.922564505000000090e-01,1.217823468131372898e-03
1.922780946000000046e-01,1.217702268300613474e-03
1.922889157000000071e-01,1.217641634737172971e-03
1.923754625999999912e-01,1.217156870085455778e-03
1.924511593000000076e-01,1.216732996732068292e-03
1.925052100999999904e-01,1.216430255765926782e-03
1.925160184999999968e-01,1.216369726956392349e-03
1.925808558000000059e-01,1.216006482028340364e-03
1.926024634000000069e-01,1.215885491442816662e-03
1.926348702000000024e-01,1.215704044084993645e-03
1.927644430999999881e-01,1.214978117691574390e-03
1.928076146999999907e-01,1.214736319144323279e-03
1.928399870999999988e-01,1.214555099796248063e-03
1.928615656000000067e-01,1.214434166760770470e-03
1.928939289000000112e-01,1.214252862315540670e-03
1.929370715000000014e-01,1.214011118528906608e-03
1.929694221999999904e-01,1.213829957819399352e-03
1.930341071999999991e-01,1.213467439667485119e-03
1.930664415999999994e-01,1.213286369719603292e-03
1.931203202000000008e-01,1.212984440032633662e-03
1.931957250000000126e-01,1.212562014381848288e-03
1.932388002000000049e-01,1.212320723271753057e-03
1.932926308000000037e-01,1.212018944059314700e-03
1.933141587999999966e-01,1.211898402501357863e-03
1.933787285000000133e-01,1.211536507727588308e-03
1.934110052999999940e-01,1.211355682914853904e-03
1.934432766999999997e-01,1.211174866239094535e-03
1.934540325999999921e-01,1.211114676881150203e-03
1.934862968000000127e-01,1.210933772665289147e-03
1.935293073000000086e-01,1.210692779596835196e-03
1.935400585000000007e-01,1.210632493613884040e-03
1.935830571000000111e-01,1.210391608111792373e-03
1.936367920000000020e-01,1.210090458893927669e-03
1.936690256999999971e-01,1.209909799972186048e-03
1.937979070999999998e-01,1.209187476267135561e-03
1.938086434000000080e-01,1.209127416822767002e-03
1.938301141000000061e-01,1.209006919924230858e-03
1.938408484999999959e-01,1.208946916417577479e-03
1.938730483999999976e-01,1.208766428129050231e-03
1.938945119000000106e-01,1.208646142935244439e-03
1.939588884000000013e-01,1.208285248293401596e-03
1.939696156999999865e-01,1.208225187132821662e-03
1.940554130999999904e-01,1.207744246897071326e-03
1.940661351000000090e-01,1.207684064623503264e-03
1.941840380000000033e-01,1.207023215719774068e-03
1.942268940999999915e-01,1.206782924712468917e-03
1.943232856000000064e-01,1.206242618147323423e-03
1.943446994999999955e-01,1.206122456054829978e-03
1.943554054999999947e-01,1.206062518097249497e-03
1.943982237999999918e-01,1.205822442330778182e-03
1.944838319999999954e-01,1.205342601431063027e-03
1.944945304000000041e-01,1.205282579339782322e-03
1.945159254000000115e-01,1.205162678463500515e-03
1.945800963000000050e-01,1.204802784836426794e-03
1.946442459999999930e-01,1.204443097966792584e-03
1.946656244999999952e-01,1.204323297290107661e-03
1.946976878999999994e-01,1.204143447616979256e-03
1.947404309000000111e-01,1.203903814113529069e-03
1.947831644999999945e-01,1.203664158586877911e-03
1.948365683999999931e-01,1.203364838277934216e-03
1.948579257999999981e-01,1.203245069536012504e-03
1.948686037000000038e-01,1.203185179616997119e-03
1.949540053000000106e-01,1.202706350283588377e-03
1.949966921000000075e-01,1.202466832954059367e-03
1.950287011000000070e-01,1.202287410591569876e-03
1.950927033000000033e-01,1.201928566285718949e-03
1.951673459999999916e-01,1.201509839336701831e-03
1.952099861999999908e-01,1.201270732485015726e-03
1.952419602000000087e-01,1.201091510081589648e-03
1.952526169999999894e-01,1.201031690246704819e-03
1.952632733000000120e-01,1.200971900024035014e-03
1.953378507999999902e-01,1.200553739754491858e-03
1.953698038999999997e-01,1.200374459325821231e-03
1.953804537000000119e-01,1.200314679898262325e-03
1.954336943999999965e-01,1.200016154684220874e-03
1.954656318000000115e-01,1.199837069530927929e-03
1.955401321000000137e-01,1.199419182027034901e-03
1.955507726999999862e-01,1.199359521837327792e-03
1.955933293000000073e-01,1.199120806418135310e-03
1.956039669000000092e-01,1.199061225341223726e-03
1.956358766000000082e-01,1.198882151952795905e-03
1.957634629999999987e-01,1.198166441497125609e-03
1.958378500000000078e-01,1.197749336996457338e-03
1.958484744000000000e-01,1.197689693462678602e-03
1.958803442000000006e-01,1.197510879510313040e-03
1.958909662999999968e-01,1.197451363974682626e-03
1.959228292000000093e-01,1.197272490706136408e-03
1.959334490000000095e-01,1.197212992372354012e-03
1.960077715000000109e-01,1.196796136507558049e-03
1.960502288000000037e-01,1.196557926185596536e-03
1.961032876000000091e-01,1.196260298248666204e-03
1.961138976000000034e-01,1.196200706452068847e-03
1.961457242999999906e-01,1.196022105597837259e-03
1.961775457999999916e-01,1.195843601964231969e-03
1.961987571999999902e-01,1.195724591616441389e-03
1.962199664000000010e-01,1.195605714147071749e-03
1.962623777999999986e-01,1.195367639120459595e-03
1.962729793000000111e-01,1.195308118925180428e-03
1.963577700999999953e-01,1.194832483612392375e-03
1.963683663999999940e-01,1.194772955019349171e-03
1.964531160000000110e-01,1.194297588356582184e-03
1.964848876999999994e-01,1.194119339388021155e-03
1.965166543000000099e-01,1.193941041057124076e-03
1.965272419999999909e-01,1.193881712120580755e-03
1.966225058000000137e-01,1.193347091844644287e-03
1.966542501000000109e-01,1.193168916886287907e-03
1.966965679000000078e-01,1.192931638221818866e-03
1.967071458999999911e-01,1.192872100748193628e-03
1.967811761999999909e-01,1.192456817911321946e-03
1.968763171000000034e-01,1.191922990620607886e-03
1.968974531999999888e-01,1.191804320698578020e-03
1.969397187999999965e-01,1.191567119315680530e-03
1.969925378999999865e-01,1.191270730801924317e-03
1.970664609999999983e-01,1.190855863538774770e-03
1.970770192000000087e-01,1.190796592840635132e-03
1.971192461999999868e-01,1.190559757562015394e-03
1.971614641999999973e-01,1.190322705783371368e-03
1.971931218000000097e-01,1.190145068874618123e-03
1.972142239999999935e-01,1.190026565795360277e-03
1.972458730999999965e-01,1.189849108238540945e-03
1.973618762999999887e-01,1.189198018875244501e-03
1.974040424000000071e-01,1.188961377875962389e-03
1.974145824999999910e-01,1.188902218543662261e-03
1.974672747000000006e-01,1.188606435566795993e-03
1.975304867000000075e-01,1.188251591794625651e-03
1.975410200999999921e-01,1.188192482940992559e-03
1.975515529000000103e-01,1.188133484264193487e-03
1.976252668000000046e-01,1.187719701402031348e-03
1.976357951000000113e-01,1.187660684296552686e-03
1.976673767000000081e-01,1.187483277729310064e-03
1.977410474999999890e-01,1.187069853529822356e-03
1.977515696000000101e-01,1.187010691326365356e-03
1.978777918000000080e-01,1.186302264858060153e-03
1.978883066999999885e-01,1.186243281174902825e-03
1.979093348000000030e-01,1.186125307786342316e-03
1.979198480000000093e-01,1.186066325292503597e-03
1.979724056000000121e-01,1.185771243645962741e-03
1.980039335000000067e-01,1.185594197105400028e-03
1.980459629000000110e-01,1.185358305742478064e-03
1.980774791000000090e-01,1.185181328380094162e-03
1.981299948999999949e-01,1.184886632632892482e-03
1.981404964000000046e-01,1.184827670450463652e-03
1.981719976000000105e-01,1.184650823661511808e-03
1.982139913000000031e-01,1.184415153426950692e-03
1.982244884000000096e-01,1.184356138161167527e-03
1.982559761999999892e-01,1.184179384571651264e-03
1.982874589999999992e-01,1.184002565050216007e-03
1.983818773999999896e-01,1.183472548621112815e-03
1.983923656000000091e-01,1.183413815317402914e-03
1.984238268000000083e-01,1.183237150066627271e-03
1.984762509000000119e-01,1.182942855630740933e-03
1.985076987999999931e-01,1.182766196657210290e-03
1.985391417000000047e-01,1.182589797934711527e-03
1.985496216000000036e-01,1.182530978511847934e-03
1.985915353999999911e-01,1.182295504077109354e-03
1.987067530000000137e-01,1.181648737328322733e-03
1.987276944999999961e-01,1.181531139388567950e-03
1.988009722999999895e-01,1.181119641372846982e-03
1.988846853000000026e-01,1.180649749186599888e-03
1.988951469999999944e-01,1.180590998631424974e-03
1.989160685999999956e-01,1.180473501570744165e-03
1.989265286000000132e-01,1.180414870309361543e-03
1.989579052999999875e-01,1.180238630249284956e-03
1.990520057000000065e-01,1.179710269393141088e-03
1.990624585000000113e-01,1.179651490935445168e-03
1.990833626000000078e-01,1.179534119537460971e-03
1.991356132000000057e-01,1.179240774816533652e-03
1.991460616000000072e-01,1.179182171053988004e-03
1.991774037000000053e-01,1.179006127220144379e-03
1.992087408999999865e-01,1.178830161343166760e-03
1.992505160999999969e-01,1.178595659699370381e-03
1.992922826000000092e-01,1.178361150506235027e-03
1.993444783999999970e-01,1.178068102865925410e-03
1.993862251999999891e-01,1.177833712223094178e-03
1.993966604999999892e-01,1.177775042702146769e-03
1.994175294999999959e-01,1.177657824711109656e-03
1.995114131000000068e-01,1.177130681910060726e-03
1.995844031000000018e-01,1.176720744660794639e-03
1.996365224999999965e-01,1.176428210594277239e-03
1.996469448000000035e-01,1.176369733386172563e-03
1.997303031999999867e-01,1.175901477579350228e-03
1.998032133000000043e-01,1.175492078611884783e-03
1.998136268000000049e-01,1.175433579855212707e-03
1.998865065000000052e-01,1.175024435774471186e-03
1.998969157000000108e-01,1.174965909836642479e-03
1.999177325000000005e-01,1.174849126733674715e-03
1.999281401000000125e-01,1.174790594847124024e-03
1.999593595999999973e-01,1.174615361175398130e-03
1.999801699000000044e-01,1.174498423442745226e-03
2.000113813000000129e-01,1.174323220345831979e-03
2.000425878000000046e-01,1.174147939709185634e-03
2.000841888999999874e-01,1.173914262075354334e-03
2.000945879000000094e-01,1.173855840935466134e-03
2.001465743999999991e-01,1.173563847308096595e-03
2.001777597999999936e-01,1.173388863165263475e-03
2.002297248000000085e-01,1.173097014625795048e-03
2.002920649000000108e-01,1.172746844002603601e-03
2.003855387000000043e-01,1.172221794704198915e-03
2.003959220000000041e-01,1.172163549390981647e-03
2.004270686999999884e-01,1.171988736246015001e-03
2.004685900000000021e-01,1.171755452141636216e-03
2.005101026999999980e-01,1.171522202851239640e-03
2.005516069000000123e-01,1.171289198587910276e-03
2.005827293000000122e-01,1.171114514640772281e-03
2.006345894000000074e-01,1.170823118953759042e-03
2.006760676999999882e-01,1.170590239138697558e-03
2.007071709000000093e-01,1.170415487021840995e-03
2.007486343000000062e-01,1.170182553006469690e-03
2.007589988000000047e-01,1.170124415605665802e-03
2.008004515000000045e-01,1.169891628047752636e-03
2.008833311999999871e-01,1.169426049266856756e-03
2.008936887999999976e-01,1.169367959772034350e-03
2.009144022999999890e-01,1.169251618568676807e-03
2.009247581999999976e-01,1.169193426923042286e-03
2.009558228999999974e-01,1.169019071289376186e-03
2.011317653999999955e-01,1.168030682586833000e-03
2.011421102000000016e-01,1.167972591242058544e-03
2.011731412999999968e-01,1.167798399291899297e-03
2.012558674999999908e-01,1.167333815958874902e-03
2.012868810000000008e-01,1.167159578470078124e-03
2.013075541000000079e-01,1.167043450499435919e-03
2.013798931000000125e-01,1.166637100256783226e-03
2.014108874999999965e-01,1.166463119996849658e-03
2.014212180000000130e-01,1.166404930466787612e-03
2.014728621999999914e-01,1.166114974284364553e-03
2.015348177000000074e-01,1.165766905259383451e-03
2.015761108999999940e-01,1.165534909956139923e-03
2.016277153999999905e-01,1.165245103381485963e-03
2.016380346999999962e-01,1.165187198693951303e-03
2.016689895000000066e-01,1.165013300070218572e-03
2.017205703000000128e-01,1.164723534275951926e-03
2.017515123999999993e-01,1.164549760425507251e-03
2.018649262999999972e-01,1.163912787062148764e-03
2.019164569999999936e-01,1.163623269191990011e-03
2.019473690999999960e-01,1.163449667917988706e-03
2.019576721000000130e-01,1.163391876036921554e-03
2.019679745000000082e-01,1.163333900209069516e-03
2.019988788000000035e-01,1.163160300303989463e-03
2.020297782000000097e-01,1.162986641368810026e-03
2.020400770000000124e-01,1.162928953618899914e-03
2.020503753000000013e-01,1.162871061328786450e-03
2.021224483999999877e-01,1.162466310337998158e-03
2.021327424999999900e-01,1.162408280542024048e-03
2.022150761000000019e-01,1.161945926132315751e-03
2.022459424999999977e-01,1.161772608170108610e-03
2.022768043000000016e-01,1.161599063798823134e-03
2.022870904999999886e-01,1.161541390983423681e-03
2.023282301000000061e-01,1.161310399876352983e-03
2.023693612999999947e-01,1.161079238013335143e-03
2.024618760000000128e-01,1.160559603160398389e-03
2.025338026999999874e-01,1.160155522896198299e-03
2.025646205999999949e-01,1.159982437842294045e-03
2.026057038000000088e-01,1.159751644879489316e-03
2.026159733000000018e-01,1.159693993599870401e-03
2.026262423000000090e-01,1.159636332800213950e-03
2.026878453000000024e-01,1.159290152366086431e-03
2.026981106000000088e-01,1.159232542969213268e-03
2.027083755000000098e-01,1.159174941882636133e-03
2.027802146999999888e-01,1.158771337692884786e-03
2.027904752999999949e-01,1.158713847572318770e-03
2.028930535000000035e-01,1.158137587111282172e-03
2.029033084000000098e-01,1.158080003941972316e-03
2.029340702000000107e-01,1.157907076665917008e-03
2.029545755000000118e-01,1.157791848260096958e-03
2.029853295000000057e-01,1.157619288250634221e-03
2.030570707000000086e-01,1.157216196320249961e-03
2.031185430000000125e-01,1.156870810700449427e-03
2.032004772000000070e-01,1.156410728103590083e-03
2.032311940000000039e-01,1.156238076494416024e-03
2.032619061000000005e-01,1.156065555685180987e-03
2.032721425000000026e-01,1.156008000084819990e-03
2.033642465000000121e-01,1.155490745088544368e-03
2.033949385000000110e-01,1.155318166305750868e-03
2.034358541000000076e-01,1.155088447439916576e-03
2.034460817000000032e-01,1.155030951835176248e-03
2.034767614000000113e-01,1.154858622083096550e-03
2.035176605000000027e-01,1.154628826320336366e-03
2.036096534000000069e-01,1.154112089288302770e-03
2.036403083999999974e-01,1.153939928196398958e-03
2.036913899999999999e-01,1.153653020788691008e-03
2.037118189999999884e-01,1.153538171825852117e-03
2.037220326999999997e-01,1.153480786710004997e-03
2.038037242999999887e-01,1.153021874456060681e-03
2.038445577000000120e-01,1.152792631434818634e-03
2.038547648000000045e-01,1.152735298855675017e-03
2.039159966999999907e-01,1.152391326114372708e-03
2.039670091000000129e-01,1.152104769350351153e-03
2.039976105000000095e-01,1.151932858591719249e-03
2.040078099000000034e-01,1.151875564287134935e-03
2.040384051999999948e-01,1.151703789710624816e-03
2.040893870999999915e-01,1.151417424848651984e-03
2.041607403000000043e-01,1.151016612042609450e-03
2.041811223999999980e-01,1.150902019611153935e-03
2.042524434999999916e-01,1.150501358309203226e-03
2.042626302999999977e-01,1.150444250224893572e-03
2.043441055999999922e-01,1.149986488381586017e-03
2.043644693999999984e-01,1.149872143680350954e-03
2.043746505000000047e-01,1.149814878672411828e-03
2.044255486000000066e-01,1.149528920391142779e-03
2.044560813000000088e-01,1.149357526643443421e-03
2.044866094999999995e-01,1.149185970999051830e-03
2.044967845000000006e-01,1.149128927208693633e-03
2.045374795999999884e-01,1.148900168872106628e-03
2.045781665999999999e-01,1.148671785651495447e-03
2.046188455000000073e-01,1.148443236031633334e-03
2.046493494000000135e-01,1.148271922728800023e-03
2.047001790999999904e-01,1.147986302939709487e-03
2.048221189999999969e-01,1.147301419429746019e-03
2.048322773000000041e-01,1.147244235833217926e-03
2.048525925999999941e-01,1.147130123360614587e-03
2.048627494999999965e-01,1.147073159123152778e-03
2.048932169999999886e-01,1.146902033611640805e-03
2.049135262000000013e-01,1.146787951445023919e-03
2.049439862000000112e-01,1.146616869554912925e-03
2.050150420000000084e-01,1.146217721242591197e-03
2.051570798000000029e-01,1.145419878507436019e-03
2.051773628000000127e-01,1.145306028572896885e-03
2.052280618000000001e-01,1.145021219723306579e-03
2.052686119000000087e-01,1.144793476399061545e-03
2.053192883000000135e-01,1.144508775867821623e-03
2.053395553000000040e-01,1.144394922071893415e-03
2.053496881000000107e-01,1.144338120793666905e-03
2.054003444999999983e-01,1.144053509709854095e-03
2.054307323000000018e-01,1.143882771220587537e-03
2.054611157000000021e-01,1.143712281530517719e-03
2.054712424000000037e-01,1.143655273332729429e-03
2.055623609999999990e-01,1.143143406842922309e-03
2.056332030999999949e-01,1.142745518225522739e-03
2.056433213999999954e-01,1.142688858287383216e-03
2.057141355999999865e-01,1.142291133165736390e-03
2.057242499999999974e-01,1.142234198625381118e-03
2.057950363000000116e-01,1.141836682283035864e-03
2.058253659000000013e-01,1.141666278889174289e-03
2.058354746999999929e-01,1.141609542516419185e-03
2.059466395000000005e-01,1.140985080841530478e-03
2.059567424000000035e-01,1.140928463648678949e-03
2.059870480999999864e-01,1.140758297808575506e-03
2.060375477999999982e-01,1.140474662516852188e-03
2.060476461999999898e-01,1.140417967330139507e-03
2.060779386000000102e-01,1.140247712302217258e-03
2.061284160000000087e-01,1.139964224964332140e-03
2.061889725999999923e-01,1.139624077218073187e-03
2.061990636000000099e-01,1.139567479639574119e-03
2.062797741000000074e-01,1.139114121706273630e-03
2.062898606999999940e-01,1.139057602937123799e-03
2.063100324000000096e-01,1.138944188497929529e-03
2.063201175000000109e-01,1.138887538451984274e-03
2.064007806000000000e-01,1.138434541507087885e-03
2.064310212000000089e-01,1.138264737745199942e-03
2.064511790999999929e-01,1.138151571532833653e-03
2.064713350000000058e-01,1.138038222903748698e-03
2.065217162999999911e-01,1.137755294314739306e-03
2.065317911000000006e-01,1.137698795237897589e-03
2.065620123999999946e-01,1.137528960997980908e-03
2.065922293999999937e-01,1.137359436919822700e-03
2.066828537000000021e-01,1.136850400993223232e-03
2.067633754000000046e-01,1.136398138027310337e-03
2.068338060999999894e-01,1.136002702535448975e-03
2.068539246999999970e-01,1.135889694782705930e-03
2.068840989999999880e-01,1.135720219965010835e-03
2.069243245999999870e-01,1.135494428701495440e-03
2.070449544000000086e-01,1.134817027495615797e-03
2.070851486999999991e-01,1.134591181452367353e-03
2.070951960999999897e-01,1.134534757379152860e-03
2.071253352999999908e-01,1.134365504544327351e-03
2.071554700000000082e-01,1.134196246493698358e-03
2.071655139999999951e-01,1.134139894888593937e-03
2.072458480999999908e-01,1.133688816240951015e-03
2.072558875999999939e-01,1.133632453281037140e-03
2.072759653000000035e-01,1.133519678767795592e-03
2.073361867000000081e-01,1.133181547393741261e-03
2.073662907999999916e-01,1.133012527819511920e-03
2.074064228999999981e-01,1.132787018537980512e-03
2.074866636999999903e-01,1.132336575258906762e-03
2.076069667000000063e-01,1.131661040246125828e-03
2.076470522999999957e-01,1.131435962463550561e-03
2.077171832999999967e-01,1.131042064531394623e-03
2.077272001000000090e-01,1.130985833757515652e-03
2.077372164000000077e-01,1.130929677895193023e-03
2.077572476000000001e-01,1.130817245720891874e-03
2.077973040999999965e-01,1.130592198266407991e-03
2.078073169999999914e-01,1.130536156708751138e-03
2.078173295000000087e-01,1.130479806955348018e-03
2.078974117000000066e-01,1.130030119779899291e-03
2.079174273999999933e-01,1.129917900493150563e-03
2.079774630000000013e-01,1.129580781828049820e-03
2.080074742999999948e-01,1.129412302895757081e-03
2.080374812999999934e-01,1.129243777352558452e-03
2.080774838999999987e-01,1.129019210458435604e-03
2.080874832999999868e-01,1.128963067451509410e-03
2.081174788000000053e-01,1.128794765853316333e-03
2.081674615999999922e-01,1.128514078384264306e-03
2.082174324000000132e-01,1.128233366123005364e-03
2.082374174000000133e-01,1.128121288512603506e-03
2.082474091000000027e-01,1.128065115073165333e-03
2.082973607999999976e-01,1.127784817625685420e-03
2.083273260000000071e-01,1.127616620898030594e-03
2.083672729000000112e-01,1.127392274659403792e-03
2.083972280999999982e-01,1.127224065892120991e-03
2.084371616000000038e-01,1.126999883461730911e-03
2.084471438000000121e-01,1.126943890494756968e-03
2.084870678000000088e-01,1.126719685247362960e-03
2.085170057999999882e-01,1.126551578860309670e-03
2.085668927999999867e-01,1.126271691469600848e-03
2.086067939000000038e-01,1.126047676928509803e-03
2.086965433000000092e-01,1.125543648811077463e-03
2.087164823999999863e-01,1.125431934128675541e-03
2.087264513000000044e-01,1.125375868893913490e-03
2.087762883000000014e-01,1.125096017179494931e-03
2.088061847999999887e-01,1.124928334241167378e-03
2.088759266000000114e-01,1.124536856893128484e-03
2.088858878000000030e-01,1.124480885050035397e-03
2.089257278999999967e-01,1.124257168293554907e-03
2.089356867999999923e-01,1.124201353068590443e-03
2.089954299000000015e-01,1.123865868004767388e-03
2.090153405000000075e-01,1.123754215769057598e-03
2.090452027999999962e-01,1.123586540359541603e-03
2.090750607999999899e-01,1.123419065999686902e-03
2.091546613999999971e-01,1.122972204591727099e-03
2.091646092999999984e-01,1.122916235407694701e-03
2.092043963999999923e-01,1.122692966799999437e-03
2.092541195000000021e-01,1.122413882331075230e-03
2.092839478000000086e-01,1.122246545132508282e-03
2.093237121000000034e-01,1.122023402923560606e-03
2.093336520000000089e-01,1.121967518257393137e-03
2.093535303999999875e-01,1.121855891536402590e-03
2.094032181999999909e-01,1.121576988383681970e-03
2.094926263999999927e-01,1.121075285172920457e-03
2.095124896999999986e-01,1.120963905912027679e-03
2.095621397999999913e-01,1.120685057350088608e-03
2.096514802999999982e-01,1.120183829410986362e-03
2.096812520000000124e-01,1.120016692169296425e-03
2.097110194000000039e-01,1.119849501285259848e-03
2.097606224999999935e-01,1.119571220715056018e-03
2.097903787000000020e-01,1.119404302548328029e-03
2.098300471000000000e-01,1.119181584683998391e-03
2.098796219999999879e-01,1.118903409741028735e-03
2.099192735000000032e-01,1.118680808299512761e-03
2.099688274000000021e-01,1.118402738536176987e-03
2.099985541000000122e-01,1.118235887315398866e-03
2.100282766000000079e-01,1.118069218726107285e-03
2.100381832000000060e-01,1.118013698945251018e-03
2.101174188000000109e-01,1.117569104286613314e-03
2.101273211999999946e-01,1.117513431204503844e-03
2.101570255000000109e-01,1.117346856594821081e-03
2.102065233000000033e-01,1.117069109806723007e-03
2.102758006999999874e-01,1.116680267300971825e-03
2.103054839999999870e-01,1.116513745231095117e-03
2.103153775000000114e-01,1.116458294755753953e-03
2.103648379999999984e-01,1.116180742040000446e-03
2.104439506999999931e-01,1.115736846215604735e-03
2.104736103000000025e-01,1.115570384144923309e-03
2.105823263999999917e-01,1.114960306278923140e-03
2.105922068999999952e-01,1.114904859110443271e-03
2.106020869000000129e-01,1.114849569088429380e-03
2.106218455999999961e-01,1.114738655544163758e-03
2.106811104999999906e-01,1.114406057984389936e-03
2.107502319000000013e-01,1.114018422463540535e-03
2.107601044999999895e-01,1.113962969767128171e-03
2.107798483999999972e-01,1.113852202847119988e-03
2.108390689000000096e-01,1.113519949747866821e-03
2.108686728999999982e-01,1.113353947440075698e-03
2.109180036999999952e-01,1.113077171915722837e-03
2.109475966000000091e-01,1.112911169109663187e-03
2.110264907999999939e-01,1.112468578644369753e-03
2.110659267999999977e-01,1.112247331521168609e-03
2.110757846999999909e-01,1.112192014725366237e-03
2.110954989999999920e-01,1.112081359729134942e-03
2.111053555000000082e-01,1.112026294388238296e-03
2.112925411999999892e-01,1.110976288713378356e-03
2.113023884999999935e-01,1.110921021514940177e-03
2.113122353000000120e-01,1.110865731975672942e-03
2.113417730999999911e-01,1.110699951352000147e-03
2.113811502999999870e-01,1.110479188227816516e-03
2.115385858000000119e-01,1.109596269506763714e-03
2.115680920000000131e-01,1.109430563503144979e-03
2.116074270999999951e-01,1.109210034070576235e-03
2.116270919000000084e-01,1.109099816032112435e-03
2.116565857000000106e-01,1.108934389895039003e-03
2.116860752999999984e-01,1.108768931867851974e-03
2.116959042999999874e-01,1.108713775625955709e-03
2.117253885000000002e-01,1.108548473341853342e-03
2.117745196999999968e-01,1.108272946333997699e-03
2.117843446000000074e-01,1.108217919763916605e-03
2.118138165000000017e-01,1.108052529305070255e-03
2.118432842999999899e-01,1.107887380820394207e-03
2.118629271999999952e-01,1.107777060227133504e-03
2.118923880999999954e-01,1.107611944456267416e-03
2.120396314999999920e-01,1.106786274863193415e-03
2.120494441000000119e-01,1.106731229281592097e-03
2.120886898999999881e-01,1.106511048716854245e-03
2.121573525999999876e-01,1.106126194536685399e-03
2.121671598000000047e-01,1.106071164505498337e-03
2.121769665000000082e-01,1.106016093510535066e-03
2.121965785000000104e-01,1.105906214667931901e-03
2.122456006000000006e-01,1.105631357316577516e-03
2.122554037000000116e-01,1.105576438084902597e-03
2.122848102000000070e-01,1.105411440615312619e-03
2.123142125999999963e-01,1.105246750884325471e-03
2.123338119000000024e-01,1.105136841901595800e-03
2.123632075000000119e-01,1.104971855648475632e-03
2.124023953999999992e-01,1.104752295275966082e-03
2.124415759999999931e-01,1.104532521702542795e-03
2.125101246999999971e-01,1.104148338867410586e-03
2.125199154999999895e-01,1.104093338521446553e-03
2.125688631000000051e-01,1.103818842802849112e-03
2.125982261999999900e-01,1.103654270078449759e-03
2.126373706999999946e-01,1.103434859229022709e-03
2.127254195999999931e-01,1.102941227834392706e-03
2.127547610999999950e-01,1.102776746494196726e-03
2.127840984999999907e-01,1.102612318481298835e-03
2.128036546000000029e-01,1.102502618037898849e-03
2.128623119999999980e-01,1.102173942170537680e-03
2.128720866999999906e-01,1.102118954863586008e-03
2.128818608999999973e-01,1.102064313897080242e-03
2.129502678000000093e-01,1.101680884532507633e-03
2.129600385000000040e-01,1.101626159092969782e-03
2.129795784000000081e-01,1.101516524324069922e-03
2.130674858000000116e-01,1.101023735906295339e-03
2.131358331000000050e-01,1.100640830145898372e-03
2.131455952999999903e-01,1.100585888904229582e-03
2.132724621000000043e-01,1.099874986049476262e-03
2.133017284000000013e-01,1.099710959048144556e-03
2.133407438000000100e-01,1.099492384739805860e-03
2.134285025000000058e-01,1.099000367679471221e-03
2.134577473000000003e-01,1.098836452901461947e-03
2.134869882000000052e-01,1.098672636127609979e-03
2.134967342000000101e-01,1.098618040533433154e-03
2.135064798999999902e-01,1.098563344493029038e-03
2.135357139999999876e-01,1.098399672998059311e-03
2.135649441999999953e-01,1.098235837028391617e-03
2.135746866999999882e-01,1.098181260719172537e-03
2.136039116000000015e-01,1.098017431460813001e-03
2.136623492999999985e-01,1.097690007178583156e-03
2.136915621000000098e-01,1.097526344837167645e-03
2.137597099000000112e-01,1.097144507602621378e-03
2.137986417999999944e-01,1.096926212698255730e-03
2.138083735999999901e-01,1.096871804484624013e-03
2.138862125000000058e-01,1.096435591906023098e-03
2.139153947999999916e-01,1.096272076259125232e-03
2.139737473999999973e-01,1.095945117627858270e-03
2.140418054000000070e-01,1.095563984032761010e-03
2.140709664000000068e-01,1.095400673331375961e-03
2.141098416999999976e-01,1.095182706165711293e-03
2.141875709999999933e-01,1.094747285014698339e-03
2.141972852000000038e-01,1.094692876081176545e-03
2.142069989000000008e-01,1.094638563155265467e-03
2.142361375000000068e-01,1.094475352732725759e-03
2.142846929999999983e-01,1.094203378712716758e-03
2.143526521999999934e-01,1.093822683727675759e-03
2.143623588999999940e-01,1.093768251678315512e-03
2.143914764000000028e-01,1.093605060795084342e-03
2.144205899000000137e-01,1.093442029933528771e-03
2.144399966999999962e-01,1.093333303036899112e-03
2.145079067000000006e-01,1.092952856933657397e-03
2.145467027999999887e-01,1.092735756871336282e-03
2.145854918000000000e-01,1.092518345063162944e-03
2.146242738999999955e-01,1.092301065732680099e-03
2.146533558000000008e-01,1.092138389139259320e-03
2.146727415999999944e-01,1.092029833977006814e-03
2.147308883999999862e-01,1.091704035863332034e-03
2.148180791000000034e-01,1.091215838888578591e-03
2.148277647000000068e-01,1.091161485306310543e-03
2.148568191000000127e-01,1.090998893951921093e-03
2.148955522000000062e-01,1.090781925608963910e-03
2.149342783000000034e-01,1.090565003144629026e-03
2.149729974000000043e-01,1.090348208338102944e-03
2.149826760999999919e-01,1.090294140949460552e-03
2.150020321999999984e-01,1.090185548255219027e-03
2.150504146999999977e-01,1.089914587857830543e-03
2.150600899000000010e-01,1.089860424827798595e-03
2.150891128999999902e-01,1.089697925189417197e-03
2.151664885000000027e-01,1.089264757844931502e-03
2.152438362000000105e-01,1.088831767286890882e-03
2.152921644000000134e-01,1.088561201101376696e-03
2.153114925999999874e-01,1.088452935918504108e-03
2.153211560999999941e-01,1.088398728228534085e-03
2.153694670000000089e-01,1.088128445675112105e-03
2.153984482999999894e-01,1.087966029475493767e-03
2.154274257000000081e-01,1.087803788285169595e-03
2.154660562000000057e-01,1.087587619540224563e-03
2.155143344999999877e-01,1.087317196422045483e-03
2.155239888999999909e-01,1.087263318333277478e-03
2.155819060999999981e-01,1.086938994502689585e-03
2.155915575000000028e-01,1.086885036414486335e-03
2.156012083999999940e-01,1.086830970511503628e-03
2.156301585000000021e-01,1.086668938764611021e-03
2.156687526999999938e-01,1.086453005124797316e-03
2.157459203000000048e-01,1.086020946174276990e-03
2.157748510999999980e-01,1.085859093940346820e-03
2.158327009000000074e-01,1.085535241894247356e-03
2.158616201000000123e-01,1.085373309388840222e-03
2.159290829000000134e-01,1.084995800635476159e-03
2.160157899000000048e-01,1.084510415986359843e-03
2.160446845000000005e-01,1.084348919068487934e-03
2.160928336000000061e-01,1.084079480465044865e-03
2.161313451999999913e-01,1.083863847922363630e-03
2.162179710999999893e-01,1.083379121356205449e-03
2.162372166000000040e-01,1.083271398724796686e-03
2.162468386999999992e-01,1.083217607313551262e-03
2.162757023999999917e-01,1.083056066744479511e-03
2.162853228000000128e-01,1.083002199306872448e-03
2.163238000999999910e-01,1.082786943333637628e-03
2.163718870000000127e-01,1.082517854807353661e-03
2.163911188000000041e-01,1.082410251574553303e-03
2.164391907999999864e-01,1.082141372332924914e-03
2.164488039999999947e-01,1.082087427344079634e-03
2.164776408000000096e-01,1.081926281881534372e-03
2.165449117000000090e-01,1.081549661947343735e-03
2.165833429000000032e-01,1.081334905355699682e-03
2.165929496000000010e-01,1.081280971609979106e-03
2.166697880000000020e-01,1.080851167379703708e-03
2.166793908999999907e-01,1.080797324364736120e-03
2.167081969999999913e-01,1.080636329705102249e-03
2.167561987000000134e-01,1.080367749658870400e-03
2.168137867000000107e-01,1.080045664235814535e-03
2.168521701999999995e-01,1.079830962893837737e-03
2.168905469000000086e-01,1.079616325253575414e-03
2.169097326999999964e-01,1.079508883896067306e-03
2.169864589999999926e-01,1.079079907666486609e-03
2.170152243000000036e-01,1.078919038336392886e-03
2.170535721999999890e-01,1.078704328362107678e-03
2.170631580999999866e-01,1.078650767797835084e-03
2.171302475999999926e-01,1.078275570229802680e-03
2.171589939999999941e-01,1.078114814201783928e-03
2.171973164000000067e-01,1.077900560135967249e-03
2.172164752000000087e-01,1.077793448646454039e-03
2.172739411000000065e-01,1.077471923428809965e-03
2.172835173000000064e-01,1.077418500173753669e-03
2.173122433999999936e-01,1.077257709250369891e-03
2.173218178999999917e-01,1.077204298640442245e-03
2.173601115999999889e-01,1.076990096236743293e-03
2.173983986999999951e-01,1.076776139731044218e-03
2.174749525000000128e-01,1.076347980475657979e-03
2.175036532999999883e-01,1.076187526521416894e-03
2.175132193000000047e-01,1.076134066025155253e-03
2.175992951000000064e-01,1.075652669268361292e-03
2.176184184000000132e-01,1.075545895108113081e-03
2.176757782000000030e-01,1.075225282761852310e-03
2.177331230000000006e-01,1.074904675466490257e-03
2.177426789999999945e-01,1.074851236584142833e-03
2.178191117999999926e-01,1.074423829658402007e-03
2.178286640000000052e-01,1.074370403724292334e-03
2.178573182000000108e-01,1.074210309102920048e-03
2.179241631999999929e-01,1.073836546035317327e-03
2.179337108000000134e-01,1.073783177370184758e-03
2.179718971000000061e-01,1.073569768589345943e-03
2.180482495000000132e-01,1.073143058432302977e-03
2.180577917000000032e-01,1.073089740456848991e-03
2.180768747999999868e-01,1.072983132651391834e-03
2.181150360000000121e-01,1.072769913900781117e-03
2.181341140999999983e-01,1.072663151968662005e-03
2.181627281999999890e-01,1.072503199966031188e-03
2.182008742999999862e-01,1.072290037792306226e-03
2.182294795999999981e-01,1.072130213999625877e-03
2.182771467000000076e-01,1.071863942388868269e-03
2.182866789000000030e-01,1.071810567862996073e-03
2.183152728999999959e-01,1.071650809756780022e-03
2.183629213000000124e-01,1.071384516774649860e-03
2.183915053000000106e-01,1.071224747839200249e-03
2.184200856000000079e-01,1.071064964882901920e-03
2.184296115999999899e-01,1.071011837468181576e-03
2.184391371000000137e-01,1.070958687862976757e-03
2.185153263000000068e-01,1.070533007990961656e-03
2.185914888999999917e-01,1.070107333439690618e-03
2.186200430999999944e-01,1.069947800137461625e-03
2.186581095000000030e-01,1.069735048752295430e-03
2.186866548999999993e-01,1.069575666045197637e-03
2.186961692999999929e-01,1.069522528876132176e-03
2.187342224000000113e-01,1.069309922781829089e-03
2.187437346999999976e-01,1.069256882646001409e-03
2.188483421999999901e-01,1.068672452044628837e-03
2.188863688999999890e-01,1.068459961305331246e-03
2.189528997000000088e-01,1.068088289308839712e-03
2.189624024000000058e-01,1.068035204589057015e-03
2.190004093000000041e-01,1.067822965153785841e-03
2.190479086000000075e-01,1.067557670444014553e-03
2.191238862000000065e-01,1.067133192321994975e-03
2.191428763999999918e-01,1.067027201530912524e-03
2.191903449000000004e-01,1.066762107782101131e-03
2.192283121999999973e-01,1.066550219604013887e-03
2.192567834999999965e-01,1.066390964085617938e-03
2.192757622000000017e-01,1.066285087346727873e-03
2.193326885999999920e-01,1.065967218462149325e-03
2.193801159999999861e-01,1.065702340137169917e-03
2.194275330999999885e-01,1.065437619548350364e-03
2.195318148000000025e-01,1.064855233580479362e-03
2.195602466000000086e-01,1.064696463122411039e-03
2.195981499999999920e-01,1.064484868844881547e-03
2.196455200999999913e-01,1.064220625069961989e-03
2.196834088000000074e-01,1.064009080236195167e-03
2.197118210000000016e-01,1.063850361102215486e-03
2.197212909000000047e-01,1.063797578808814903e-03
2.197307604000000025e-01,1.063744502700308828e-03
2.198727543000000006e-01,1.062951945692038047e-03
2.198822172999999880e-01,1.062899209331990072e-03
2.199106037999999930e-01,1.062740602596786441e-03
2.199389867000000054e-01,1.062582163876893459e-03
2.199579066000000027e-01,1.062476635343792249e-03
2.199862834000000100e-01,1.062318308292515678e-03
2.200241133999999987e-01,1.062107206201744983e-03
2.200524815999999884e-01,1.061948926815549929e-03
2.201092071000000094e-01,1.061632141051501062e-03
2.201375644000000131e-01,1.061473978270868670e-03
2.201848184000000097e-01,1.061210252841044907e-03
2.202509568999999889e-01,1.060841249534740828e-03
2.203170755999999952e-01,1.060472367408045197e-03
2.203265195999999926e-01,1.060419547690716075e-03
2.203548489000000110e-01,1.060261594387946473e-03
2.204020563000000099e-01,1.059998187661989177e-03
2.204114964999999982e-01,1.059945401637948014e-03
2.204398149000000029e-01,1.059787471962459968e-03
2.204681296999999873e-01,1.059629401253304971e-03
2.204775670999999937e-01,1.059576743278905879e-03
2.205530521000000077e-01,1.059155730585028231e-03
2.206379417999999870e-01,1.058682057905857218e-03
2.206568017999999964e-01,1.058576824037165418e-03
2.206662310999999987e-01,1.058524276575053148e-03
2.207039446000000071e-01,1.058313807470621579e-03
2.207416516000000051e-01,1.058103345189714177e-03
2.207793520999999926e-01,1.057893159691676837e-03
2.207887762999999892e-01,1.057840495038037251e-03
2.208076233000000055e-01,1.057735494323773940e-03
2.208170462999999861e-01,1.057682794426965944e-03
2.208453126000000100e-01,1.057525299180115275e-03
2.208641548999999982e-01,1.057420182849135677e-03
2.209206720000000124e-01,1.057105075892972919e-03
2.209300901000000039e-01,1.057052323291406614e-03
2.210054204999999938e-01,1.056632275389136899e-03
2.210148349999999928e-01,1.056579894518897087e-03
2.210807251999999945e-01,1.056212327066715457e-03
2.211465958000000120e-01,1.055844909784265295e-03
2.211654124000000110e-01,1.055740147913918200e-03
2.212406625999999987e-01,1.055320382724936378e-03
2.212594712000000019e-01,1.055215661418928063e-03
2.212688748999999955e-01,1.055163139980617830e-03
2.213440899999999933e-01,1.054743861796605562e-03
2.213816879000000126e-01,1.054534228892948415e-03
2.214568647000000057e-01,1.054115081280717183e-03
2.214944434999999989e-01,1.053905432770530512e-03
2.215414081000000035e-01,1.053643636651094631e-03
2.216071417000000099e-01,1.053277335893035857e-03
2.216728558999999932e-01,1.052911155892016651e-03
2.216822421000000098e-01,1.052858783916224518e-03
2.216916278000000129e-01,1.052806432191907360e-03
2.217103981000000112e-01,1.052701864723173128e-03
2.217197827000000065e-01,1.052649442245383229e-03
2.217573169000000011e-01,1.052440181902887474e-03
2.217948448000000017e-01,1.052231012300252223e-03
2.218417457999999898e-01,1.051969703388204490e-03
2.218605033999999920e-01,1.051865098304400996e-03
2.219073904999999958e-01,1.051604008266595345e-03
2.219167666999999899e-01,1.051551621787378274e-03
2.219730156999999982e-01,1.051238149437332646e-03
2.220479922999999967e-01,1.050820406370937170e-03
2.220573626000000023e-01,1.050768164274667972e-03
2.221416773999999872e-01,1.050298243606129483e-03
2.221604097000000055e-01,1.050194002683756166e-03
2.221697752000000026e-01,1.050141836206404129e-03
2.222165969999999879e-01,1.049880929649912604e-03
2.223102110999999881e-01,1.049359295652862577e-03
2.223570032999999946e-01,1.049098745762602758e-03
2.223663606000000070e-01,1.049046708198360725e-03
2.223944300000000041e-01,1.048890283477051750e-03
2.224318503999999919e-01,1.048681947056705069e-03
2.224412045999999976e-01,1.048629722870000544e-03
2.225066723999999940e-01,1.048265200017617967e-03
2.225160234000000126e-01,1.048212898049461590e-03
2.225814691999999928e-01,1.047848503218687518e-03
2.225908169999999964e-01,1.047796537491578299e-03
2.226095114999999958e-01,1.047692199120991638e-03
2.226188581000000111e-01,1.047640182710225711e-03
2.226468957000000137e-01,1.047484157079056578e-03
2.226936171999999992e-01,1.047223936127420927e-03
2.227216454000000012e-01,1.047067822621523467e-03
2.227683511999999921e-01,1.046807685696049713e-03
2.228150472000000049e-01,1.046547672871177932e-03
2.228430601999999983e-01,1.046391781980154272e-03
2.228710694999999908e-01,1.046235712426446789e-03
2.229177441000000093e-01,1.045975774056693511e-03
2.229457441000000095e-01,1.045819837343892706e-03
2.229550765999999962e-01,1.045768001028188907e-03
2.230297230000000130e-01,1.045352497028569820e-03
2.230577089999999929e-01,1.045196448800423013e-03
2.231136703000000110e-01,1.044885170427009048e-03
2.231416458000000103e-01,1.044729341167916718e-03
2.231789409000000113e-01,1.044521578507362535e-03
2.232069080999999899e-01,1.044365996564655674e-03
2.232628321000000027e-01,1.044054783113807297e-03
2.232907888000000007e-01,1.043899244158212787e-03
2.233373755999999988e-01,1.043639781008224524e-03
2.233560075999999894e-01,1.043536225767861510e-03
2.234863880000000080e-01,1.042810516122503811e-03
2.235050075999999997e-01,1.042706894625222442e-03
2.235143168000000014e-01,1.042655039994507893e-03
2.235608570000000017e-01,1.042396054898182258e-03
2.235887763999999944e-01,1.042240621139697452e-03
2.236259969999999930e-01,1.042033498216444597e-03
2.236539083000000094e-01,1.041878291897779807e-03
2.237004194999999973e-01,1.041619546297046584e-03
2.238120067999999907e-01,1.040998558974408870e-03
2.238491901999999922e-01,1.040791874266623618e-03
2.239235384999999912e-01,1.040378292988234808e-03
2.239328302999999964e-01,1.040326568172666739e-03
2.239607033999999885e-01,1.040171446374859058e-03
2.240071507999999989e-01,1.039913019814081097e-03
2.240628751000000030e-01,1.039603198737575930e-03
2.241093013000000078e-01,1.039344867052651887e-03
2.241464354000000103e-01,1.039138311126592802e-03
2.241557180000000038e-01,1.039086906532468929e-03
2.241835634000000077e-01,1.038932055047104902e-03
2.242578007999999901e-01,1.038519072552063433e-03
2.243691109000000017e-01,1.037900013089614049e-03
2.243969298000000057e-01,1.037745431712661353e-03
2.244062019999999991e-01,1.037694049768038244e-03
2.244340163000000110e-01,1.037539305462139389e-03
2.244432869000000108e-01,1.037487745995271547e-03
2.244525572000000135e-01,1.037436289738499556e-03
2.244803657999999980e-01,1.037281696933104683e-03
2.245081708999999981e-01,1.037127000177291876e-03
2.245174384999999995e-01,1.037075387345834810e-03
2.245267056999999955e-01,1.037023969110293948e-03
2.245452390000000076e-01,1.036920943123977121e-03
2.246286198999999928e-01,1.036457345182082313e-03
2.246749292999999925e-01,1.036199883015757103e-03
2.246934503000000138e-01,1.036096900580181198e-03
2.247304878999999977e-01,1.035891191267037303e-03
2.247397462999999873e-01,1.035839681514449462e-03
2.248230551000000021e-01,1.035376464849510408e-03
2.248415639000000132e-01,1.035273808553269226e-03
2.248508177999999913e-01,1.035222415975398146e-03
2.249248349999999896e-01,1.034810789925506022e-03
2.249618344000000048e-01,1.034605225548406631e-03
2.249895799999999946e-01,1.034451251486858282e-03
2.250265689000000013e-01,1.034245522796447235e-03
2.250450609999999907e-01,1.034142799136811243e-03
2.251005282000000107e-01,1.033834460515077863e-03
2.251190143000000032e-01,1.033731964907983998e-03
2.251467404999999977e-01,1.033577921766034311e-03
2.251837034999999987e-01,1.033372426445439791e-03
2.251929433000000036e-01,1.033320984566059655e-03
2.252576112999999935e-01,1.032961830006703767e-03
2.252853204999999970e-01,1.032807794617251942e-03
2.252945560999999874e-01,1.032756659029287431e-03
2.253222606999999988e-01,1.032602660762853590e-03
2.253407286000000120e-01,1.032500061279823010e-03
2.253684274999999959e-01,1.032346262383360656e-03
2.254053541999999910e-01,1.032141100454516975e-03
2.254884169999999965e-01,1.031679632770844159e-03
2.255160978000000094e-01,1.031526118615333542e-03
2.255622248999999968e-01,1.031269780334717005e-03
2.256267871000000036e-01,1.030911211863129277e-03
2.256913308000000062e-01,1.030552780416848450e-03
2.257005498000000110e-01,1.030501538166914751e-03
2.257097684000000104e-01,1.030450527270834662e-03
2.257282046000000097e-01,1.030348170746719005e-03
2.257742883999999950e-01,1.030092050137931380e-03
2.257835039999999960e-01,1.030040939791889787e-03
2.258111486000000112e-01,1.029887471541866481e-03
2.258756396000000111e-01,1.029529441701739802e-03
2.259309029000000080e-01,1.029222446688261242e-03
2.259585295000000049e-01,1.029069334823679493e-03
2.260045663999999954e-01,1.028813551775627309e-03
2.260321838999999888e-01,1.028660198452966985e-03
2.260690022000000077e-01,1.028456043995279283e-03
2.261426206000000105e-01,1.028047383110641333e-03
2.261518211999999917e-01,1.027996265175798625e-03
2.262070170999999907e-01,1.027689864547219221e-03
2.262530033000000051e-01,1.027434596998250561e-03
2.262805905999999978e-01,1.027281502264254824e-03
2.263173683999999963e-01,1.027077349413113832e-03
2.264000965999999893e-01,1.026618285806665636e-03
2.264368549000000119e-01,1.026414440846677321e-03
2.264460436000000076e-01,1.026363506920277210e-03
2.264736073999999988e-01,1.026210436448804237e-03
2.265103538000000083e-01,1.026006402323631755e-03
2.265195395000000056e-01,1.025955587938674795e-03
2.265838287999999978e-01,1.025598895637255727e-03
2.266113757999999867e-01,1.025446098054652892e-03
2.266664597999999975e-01,1.025140612893294398e-03
2.266939967000000111e-01,1.024987671280846438e-03
2.267215303000000015e-01,1.024834897045785167e-03
2.267582365999999960e-01,1.024631479875542754e-03
2.267674121999999903e-01,1.024580603002870922e-03
2.268408040000000070e-01,1.024173355747657428e-03
2.268683197999999956e-01,1.024020633829790354e-03
2.268866618000000002e-01,1.023919051471038457e-03
2.269141719999999973e-01,1.023766457424708960e-03
2.269508470999999916e-01,1.023562942192358417e-03
2.270241795000000062e-01,1.023156378125754124e-03
2.270608369000000071e-01,1.022953118514729337e-03
2.270883260000000070e-01,1.022800717644684705e-03
2.270974883000000111e-01,1.022749946605497860e-03
2.271066502000000098e-01,1.022699093804438570e-03
2.271707733999999979e-01,1.022343478932131577e-03
2.271799324000000064e-01,1.022292778611951121e-03
2.272440349000000026e-01,1.021937190244503850e-03
2.272531909000000128e-01,1.021886569956262369e-03
2.272806568000000083e-01,1.021734237900566488e-03
2.273081193000000000e-01,1.021582064175951491e-03
2.273538827999999901e-01,1.021328491856409284e-03
2.273813365000000031e-01,1.021176285276575958e-03
2.274270852999999981e-01,1.020922562349130215e-03
2.274636777000000054e-01,1.020719638951425850e-03
2.274728249000000091e-01,1.020668977238687724e-03
2.274911181000000004e-01,1.020567558063564546e-03
2.275002641999999964e-01,1.020516823435652955e-03
2.275459891000000123e-01,1.020263668118923887e-03
2.276008468000000062e-01,1.019959581403431228e-03
2.276739698999999950e-01,1.019554154060688242e-03
2.276831085999999893e-01,1.019503727668156579e-03
2.276922469999999865e-01,1.019452991125542000e-03
2.277196599000000099e-01,1.019301167502397604e-03
2.277562052000000059e-01,1.019098613362525666e-03
2.277927448000000021e-01,1.018896070695271723e-03
2.278292784000000015e-01,1.018693761471042456e-03
2.279114577999999947e-01,1.018238255873689510e-03
2.279297157999999879e-01,1.018137106306762560e-03
2.279844812000000054e-01,1.017833857977275052e-03
2.280118590000000112e-01,1.017682101606549134e-03
2.280483574999999929e-01,1.017480038193139050e-03
2.280757276000000000e-01,1.017328396049855090e-03
2.281213370999999879e-01,1.017075759659831881e-03
2.281304578999999999e-01,1.017025238607285149e-03
2.282034112999999920e-01,1.016621081077950014e-03
2.282307627999999866e-01,1.016469878802510459e-03
2.282581110000000135e-01,1.016318253597305911e-03
2.283674710999999968e-01,1.015712652443831378e-03
2.284221314999999863e-01,1.015410101456204776e-03
2.284494568000000059e-01,1.015258860622170320e-03
2.284767789000000104e-01,1.015107628995548256e-03
2.284858855000000133e-01,1.015057046405298639e-03
2.284949917000000108e-01,1.015006719905763629e-03
2.285132031000000064e-01,1.014905968142467427e-03
2.285587253999999957e-01,1.014653949024099016e-03
2.285678287000000031e-01,1.014603263083227935e-03
2.285951365999999985e-01,1.014452226114351523e-03
2.286224411999999984e-01,1.014301098472003993e-03
2.286588422999999981e-01,1.014099652304262331e-03
2.287043354999999945e-01,1.013847912876337468e-03
2.287771058999999996e-01,1.013445116896735968e-03
2.288043888000000081e-01,1.013293974418171981e-03
2.288407608999999954e-01,1.013092801482585320e-03
2.288862180000000024e-01,1.012841008099938257e-03
2.289225770999999965e-01,1.012640072105583855e-03
2.289952781000000048e-01,1.012237591349393964e-03
2.290043640999999963e-01,1.012187327957555973e-03
2.290316199000000108e-01,1.012036595322335494e-03
2.290588725000000103e-01,1.011885910382858854e-03
2.290770390999999906e-01,1.011785258016303490e-03
2.291042862999999874e-01,1.011634482878297648e-03
2.291496909999999887e-01,1.011383200045675801e-03
2.292132426000000056e-01,1.011031770488856002e-03
2.292495498999999881e-01,1.010830912424170395e-03
2.292949259000000017e-01,1.010579888412912629e-03
2.293221471999999928e-01,1.010429211537542879e-03
2.293584371999999871e-01,1.010228461461054432e-03
2.293856509999999960e-01,1.010078100026990788e-03
2.293947215000000095e-01,1.010027915936574996e-03
2.294672728999999911e-01,1.009626540882315729e-03
2.295126057999999913e-01,1.009375917219520243e-03
2.295760568999999918e-01,1.009025148980402650e-03
2.296576112000000003e-01,1.008574244959913394e-03
2.296757304000000000e-01,1.008474118604866469e-03
2.297119646000000126e-01,1.008273654263888578e-03
2.297210222000000135e-01,1.008223469001480162e-03
2.297300794999999896e-01,1.008173535275367011e-03
2.297844156999999943e-01,1.007873254786404923e-03
2.297934705000000133e-01,1.007822982542654240e-03
2.298658959999999862e-01,1.007422655017682243e-03
2.299021001999999869e-01,1.007222534365895174e-03
2.299292495999999963e-01,1.007072513939025801e-03
2.299473475000000100e-01,1.006972549156581178e-03
2.299654439000000106e-01,1.006872489970228905e-03
2.300106785999999903e-01,1.006622651360016690e-03
2.300468599999999919e-01,1.006422496668473799e-03
2.300830356999999937e-01,1.006222757245385730e-03
2.300920787999999884e-01,1.006172746507206150e-03
2.301101637999999894e-01,1.006072602849239061e-03
2.301192058000000040e-01,1.006022744640353581e-03
2.302547927999999966e-01,1.005273617148543961e-03
2.302999706999999951e-01,1.005023950133653466e-03
2.303090051999999999e-01,1.004973974315171662e-03
2.303632049000000070e-01,1.004674645452135204e-03
2.303722368999999992e-01,1.004624712744152729e-03
2.304083616000000001e-01,1.004425223635595915e-03
2.304535094000000062e-01,1.004175922713942092e-03
2.305167015000000041e-01,1.003826911188451278e-03
2.305257274999999995e-01,1.003776933868828682e-03
2.305528034999999865e-01,1.003627411667436459e-03
2.305798762000000057e-01,1.003477948773986691e-03
2.305979230000000102e-01,1.003378341358720019e-03
2.306249904999999878e-01,1.003228779799881674e-03
2.306610755000000068e-01,1.003029438053006095e-03
2.306971549000000066e-01,1.002830204218106746e-03
2.307422462000000007e-01,1.002581359190390757e-03
2.307963440999999949e-01,1.002282541111167765e-03
2.308143739999999888e-01,1.002182859791216421e-03
2.308414161000000020e-01,1.002033684773807583e-03
2.308684550000000002e-01,1.001884223662157999e-03
2.308774673000000000e-01,1.001834564122546043e-03
2.309405432999999952e-01,1.001486310846540348e-03
2.309585618999999979e-01,1.001386940262632020e-03
2.309765790999999957e-01,1.001287445142541111e-03
2.309855871000000005e-01,1.001237618531318919e-03
2.310306220999999993e-01,1.000989098808409026e-03
2.310576389000000008e-01,1.000840130983342031e-03
2.310846525999999956e-01,1.000690792958476702e-03
2.310936564000000137e-01,1.000641384554082618e-03
2.311206658000000136e-01,1.000492196867644543e-03
2.311656745000000013e-01,1.000243766816801732e-03
2.311746752000000127e-01,1.000194172106516361e-03
2.312466680999999968e-01,9.997968457782038278e-04
2.312736595999999867e-01,9.996477899645722642e-04
2.313456217000000037e-01,9.992506628796783696e-04
2.314085700999999884e-01,9.989036115834624627e-04
2.314175613999999992e-01,9.988539027853573886e-04
2.314445330000000078e-01,9.987049343026001280e-04
2.314625123000000062e-01,9.986058352866289921e-04
2.315523879999999979e-01,9.981101834760873742e-04
2.315973128000000103e-01,9.978623448085380265e-04
2.316062966999999917e-01,9.978127704441722666e-04
2.316332463000000119e-01,9.976641305167418313e-04
2.316691743000000026e-01,9.974660426423169989e-04
2.316781554000000021e-01,9.974162629054815574e-04
2.317320348999999946e-01,9.971192218991144045e-04
2.317410135999999898e-01,9.970697458510336623e-04
2.318128305000000111e-01,9.966737641797192900e-04
2.318397561999999967e-01,9.965251725162079747e-04
2.318487307000000053e-01,9.964757625994767609e-04
2.319474273999999892e-01,9.959314228793955930e-04
2.319833067000000026e-01,9.957336914291066259e-04
2.320281480999999979e-01,9.954864627917878184e-04
2.320371153000000131e-01,9.954372535640840670e-04
2.320640149000000041e-01,9.952889074556579146e-04
2.320909113999999884e-01,9.951406811778184050e-04
2.321088406000000048e-01,9.950418307695355243e-04
2.321715820999999957e-01,9.946957779245549358e-04
2.322343067000000039e-01,9.943502397927379312e-04
2.322432658999999955e-01,9.943007406123731233e-04
2.322522248999999983e-01,9.942513051854878076e-04
2.322790995000000025e-01,9.941033277674291707e-04
2.323059711000000083e-01,9.939551674175625944e-04
2.323238837999999917e-01,9.938565824444589754e-04
2.323507502000000113e-01,9.937083361846723792e-04
2.324581846999999868e-01,9.931164987576183729e-04
2.325387281000000084e-01,9.926727856451372702e-04
2.325566228000000013e-01,9.925743455820570851e-04
2.325655695999999939e-01,9.925250271095656385e-04
2.325924081000000088e-01,9.923770797014229948e-04
2.326013536000000048e-01,9.923276239981754926e-04
2.326371319999999965e-01,9.921306859160829682e-04
2.326729050000000132e-01,9.919335486776052670e-04
2.326818474000000025e-01,9.918843433456292231e-04
2.326997311000000013e-01,9.917860376714546407e-04
2.327801908000000086e-01,9.913427405428085898e-04
2.328159418000000092e-01,9.911458653116861535e-04
2.328427513999999920e-01,9.909983209778615732e-04
2.328784928000000032e-01,9.908015427033795529e-04
2.328874271999999968e-01,9.907522298456714841e-04
2.329231616999999921e-01,9.905554761564887550e-04
2.329678222000000076e-01,9.903093799308395912e-04
2.329946143000000136e-01,9.901620006040725078e-04
2.330303324000000120e-01,9.899653690094679329e-04
2.330392609999999975e-01,9.899161921674789512e-04
2.331106779999999878e-01,9.895231547379231777e-04
2.331285288000000122e-01,9.894247819346212516e-04
2.331374536999999969e-01,9.893756056255996034e-04
2.332445258999999993e-01,9.887862465689249616e-04
2.332802056000000124e-01,9.885900393776718247e-04
2.333515489000000109e-01,9.881972153711160271e-04
2.333782970000000123e-01,9.880499304201397631e-04
2.334228703000000016e-01,9.878049090028023956e-04
2.334496101999999906e-01,9.876577923177258262e-04
2.335298114999999897e-01,9.872163361526711985e-04
2.335387211000000129e-01,9.871673966780336856e-04
2.335565391999999962e-01,9.870693083411372689e-04
2.335654477999999923e-01,9.870202673673430203e-04
2.336367038999999923e-01,9.866283445621524921e-04
2.336634193000000081e-01,9.864813811757237871e-04
2.336723237999999980e-01,9.864322461444652475e-04
2.336812279000000103e-01,9.863832221730724388e-04
2.336990351000000077e-01,9.862853831457693912e-04
2.337524487000000040e-01,9.859916042975419917e-04
2.338058500999999900e-01,9.856978542679480527e-04
2.338236478000000063e-01,9.855999169660735817e-04
2.338414441999999982e-01,9.855021644620907267e-04
2.338503419000000083e-01,9.854531608535629580e-04
2.339659810999999978e-01,9.848171802974866034e-04
2.340371152000000066e-01,9.844262998667666683e-04
2.340637848999999882e-01,9.842796182517824649e-04
2.340993398000000003e-01,9.840842287796107944e-04
2.341260025000000133e-01,9.839374631310617621e-04
2.341704334999999970e-01,9.836933398105081848e-04
2.342059722000000010e-01,9.834978027892728354e-04
2.342415055000000024e-01,9.833025870601228707e-04
2.342770335000000093e-01,9.831074146297888276e-04
2.343036759000000080e-01,9.829609307907137723e-04
2.343214358000000053e-01,9.828631618163216795e-04
2.344102153000000022e-01,9.823753277900212130e-04
2.344634667999999922e-01,9.820828409016809767e-04
2.344900880999999937e-01,9.819365058664044146e-04
2.345255783000000094e-01,9.817414963483909410e-04
2.345521925000000063e-01,9.815952756254372243e-04
2.345610633000000111e-01,9.815466734497807749e-04
2.345965428000000019e-01,9.813516065784655060e-04
2.346054117999999966e-01,9.813029655081936635e-04
2.346320169999999983e-01,9.811569191085769623e-04
2.346763521999999935e-01,9.809132816275731824e-04
2.347384073000000071e-01,9.805725037655571314e-04
2.348093075000000085e-01,9.801828547526597255e-04
2.348181685000000074e-01,9.801342491295094664e-04
2.348358895000000057e-01,9.800370771996082600e-04
2.348447495000000051e-01,9.799882888367244995e-04
2.348713275000000045e-01,9.798423805547624814e-04
2.349156175000000069e-01,9.795991789832991532e-04
2.349421875000000104e-01,9.794532256856662567e-04
2.350218795000000027e-01,9.790156084988508797e-04
2.350307325000000058e-01,9.789671753119618541e-04
2.351015444000000010e-01,9.785782434588896801e-04
2.351192441000000133e-01,9.784809372905454126e-04
2.351280933999999878e-01,9.784324881987260195e-04
2.351634874000000097e-01,9.782382019309717076e-04
2.352342594000000064e-01,9.778495683788691797e-04
2.352431044000000138e-01,9.778012381965565936e-04
2.353138523999999954e-01,9.774130303267355904e-04
2.353403775000000031e-01,9.772671461203252374e-04
2.353668995000000042e-01,9.771216402729130963e-04
2.353757394999999863e-01,9.770731939434209624e-04
2.354022575999999978e-01,9.769276841844964313e-04
2.354376103999999970e-01,9.767337601703268875e-04
2.354552846999999893e-01,9.766365998088329375e-04
2.354817938000000055e-01,9.764912622019034311e-04
2.355083000000000037e-01,9.763459411780604997e-04
2.355171346999999915e-01,9.762973551118943110e-04
2.355878003999999915e-01,9.759096095847436415e-04
2.356584449999999942e-01,9.755221483800364905e-04
2.356672740000000099e-01,9.754738558431970148e-04
2.357202415999999912e-01,9.751831552414753999e-04
2.357643721000000081e-01,9.749412436548705874e-04
2.358261409000000086e-01,9.746022380244240410e-04
2.358702515999999971e-01,9.743604412837239331e-04
2.359496301000000018e-01,9.739250612253718287e-04
2.359760837000000055e-01,9.737799992356981202e-04
2.360113504999999945e-01,9.735868021969980909e-04
2.360906815000000103e-01,9.731519585052817714e-04
2.361083069999999895e-01,9.730552966364399261e-04
2.361171193000000113e-01,9.730067505982385127e-04
2.361523650000000030e-01,9.728136012417288193e-04
2.361611755999999951e-01,9.727654296995430928e-04
2.362316486999999909e-01,9.723790830736452886e-04
2.362932953999999919e-01,9.720412092744425961e-04
2.363021006999999896e-01,9.719929400957214027e-04
2.363285148000000002e-01,9.718483796005763240e-04
2.363725318000000075e-01,9.716069942121690478e-04
2.363901362999999978e-01,9.715105684801855334e-04
2.363989380000000029e-01,9.714622171782677507e-04
2.364693401999999889e-01,9.710766880992205852e-04
2.365045335000000026e-01,9.708836282627281589e-04
2.365309250000000030e-01,9.707392377033171845e-04
2.365397214999999942e-01,9.706910067159151305e-04
2.365661089999999966e-01,9.705462803795777103e-04
2.365836990999999889e-01,9.704500092073267215e-04
2.366364615000000060e-01,9.701609601604621732e-04
2.366452541000000076e-01,9.701130141716870310e-04
2.366716299000000134e-01,9.699683930604053846e-04
2.367155830000000072e-01,9.697276439554912333e-04
2.367243726999999909e-01,9.696793332267805710e-04
2.367507396000000097e-01,9.695351300316576350e-04
2.367771036999999912e-01,9.693908608573958800e-04
2.367946780999999890e-01,9.692944496828198369e-04
2.368210373000000091e-01,9.691501633942688210e-04
2.368473935000000030e-01,9.690057524457146732e-04
2.368561781999999893e-01,9.689577286458240157e-04
2.369527889999999970e-01,9.684288350024518582e-04
2.370054692999999935e-01,9.681402247784808056e-04
2.370669146999999921e-01,9.678038717859744006e-04
2.371371186000000020e-01,9.674195970940389954e-04
2.371458925999999912e-01,9.673715675694784678e-04
2.371985299000000103e-01,9.670834469777901590e-04
2.372160731000000078e-01,9.669873499667217161e-04
2.372423854000000054e-01,9.668434520156443147e-04
2.373476056000000112e-01,9.662678039129747468e-04
2.373739032999999943e-01,9.661237068524628933e-04
2.374089624999999870e-01,9.659319650973937710e-04
2.374264900999999983e-01,9.658359778132410327e-04
2.374527791000000110e-01,9.656921943580065596e-04
2.374878266000000071e-01,9.655005501872644495e-04
2.375141088000000122e-01,9.653568327854497632e-04
2.375666644999999966e-01,9.650692052170602902e-04
2.375929380000000035e-01,9.649254240219198387e-04
2.376192085999999926e-01,9.647818487479976153e-04
2.376542315999999877e-01,9.645902132329513485e-04
2.376629865000000064e-01,9.645422275824775847e-04
2.376892493999999967e-01,9.643985476763928351e-04
2.376980029999999910e-01,9.643509799764160909e-04
2.377767712999999949e-01,9.639202029332145580e-04
2.378730081000000052e-01,9.633937225813404620e-04
2.378992477999999910e-01,9.632504167938092318e-04
2.379866925000000133e-01,9.627723128989091250e-04
2.380129196000000114e-01,9.626288091055701813e-04
2.380478846000000093e-01,9.624377928098289776e-04
2.380828445000000015e-01,9.622468339542259233e-04
2.381177992000000077e-01,9.620557302024475158e-04
2.381265371000000075e-01,9.620079196703312839e-04
2.381876933000000029e-01,9.616738016452084595e-04
2.381964286000000097e-01,9.616259058454429496e-04
2.382226326999999921e-01,9.614827049882343967e-04
2.382924959999999925e-01,9.611010054278178215e-04
2.383186895000000138e-01,9.609577843230209405e-04
2.383274200000000120e-01,9.609100986752655907e-04
2.383536096999999965e-01,9.607672889853945998e-04
2.383623388999999981e-01,9.607193316681586102e-04
2.384059802999999866e-01,9.604810149990086624e-04
2.384757899000000125e-01,9.600998044109151138e-04
2.385019633000000083e-01,9.599567975495079718e-04
2.385281337000000057e-01,9.598138718283452013e-04
2.385368566000000135e-01,9.597659637664014394e-04
2.386066279000000068e-01,9.593852068920943757e-04
2.386153478999999966e-01,9.593373535512059918e-04
2.386763789000000135e-01,9.590042068972517812e-04
2.386850963000000103e-01,9.589565725530244805e-04
2.387112466999999905e-01,9.588139211905636998e-04
2.387461093999999895e-01,9.586232368577333237e-04
2.387548243000000014e-01,9.585759776851765545e-04
2.387722530999999981e-01,9.584806444875391268e-04
2.388158196000000066e-01,9.582428107143912271e-04
2.388506670999999970e-01,9.580526684944484176e-04
2.388767992999999978e-01,9.579100311233732694e-04
2.388942192000000075e-01,9.578149595142628316e-04
2.389551789999999898e-01,9.574819448271340008e-04
2.389900061000000131e-01,9.572919858177842637e-04
2.390248282000000113e-01,9.571018517863975157e-04
2.390335329000000120e-01,9.570544344656014505e-04
2.390509413999999944e-01,9.569593242455482276e-04
2.390857546000000056e-01,9.567693077627097403e-04
2.391031593000000066e-01,9.566745772333262645e-04
2.391640657000000114e-01,9.563420979149815692e-04
2.392336540999999983e-01,9.559624449141331838e-04
2.392423512999999891e-01,9.559150416549937971e-04
2.392684407000000013e-01,9.557724329972438777e-04
2.393379988000000069e-01,9.553930866383974303e-04
2.393640777999999913e-01,9.552507887983598990e-04
2.393727702000000013e-01,9.552035133735971685e-04
2.393814622999999864e-01,9.551560682739839879e-04
2.394509874999999899e-01,9.547766616106448043e-04
2.394683656999999910e-01,9.546820650895686006e-04
2.394770542999999918e-01,9.546346884411447981e-04
2.395204924999999874e-01,9.543976178344880552e-04
2.395465516999999989e-01,9.542558198861451858e-04
2.395812928999999925e-01,9.540661791891295136e-04
2.396073454000000047e-01,9.539239916959150242e-04
2.396507600999999987e-01,9.536874534188448339e-04
2.397288867000000046e-01,9.532614974080280213e-04
2.397896341999999903e-01,9.529304181449223862e-04
2.398850634999999953e-01,9.524100342347441598e-04
2.398937369999999958e-01,9.523628083721168581e-04
2.399284278999999909e-01,9.521738651636341534e-04
2.399370997999999977e-01,9.521265515018645462e-04
2.399631137000000081e-01,9.519848620370658732e-04
2.399891248999999893e-01,9.518430508615766290e-04
2.399977946000000084e-01,9.517957840646640690e-04
2.400064640000000027e-01,9.517486415348187399e-04
2.400238020000000083e-01,9.516540270439923909e-04
2.400758081999999904e-01,9.513707345175125615e-04
2.401278031999999896e-01,9.510876071431411923e-04
2.401451323999999887e-01,9.509931168468677056e-04
2.401971123999999957e-01,9.507099151601167359e-04
2.402750613000000091e-01,9.502852883456198822e-04
2.403010385999999887e-01,9.501436508913978273e-04
2.403096970999999971e-01,9.500965083538921762e-04
2.403789537999999892e-01,9.497195035148283749e-04
2.404741491999999869e-01,9.492011803866122173e-04
2.404828015000000097e-01,9.491539894437998936e-04
2.404914533999999993e-01,9.491067455658050737e-04
2.405174073999999940e-01,9.489656680976458559e-04
2.405606577999999940e-01,9.487300098004093499e-04
2.406211953000000070e-01,9.484005751072557226e-04
2.406298423000000075e-01,9.483536033609885367e-04
2.406903622999999881e-01,9.480240561682201422e-04
2.406990068000000038e-01,9.479768758518515538e-04
2.407162948999999885e-01,9.478830458533593628e-04
2.407249384000000048e-01,9.478358626359077548e-04
2.407508671999999961e-01,9.476948798887445576e-04
2.407940756999999987e-01,9.474597255307242545e-04
2.408545545000000121e-01,9.471304634698892236e-04
2.408631931000000115e-01,9.470833770263164565e-04
2.408977444000000023e-01,9.468954147172634669e-04
2.409322906999999958e-01,9.467074548837375305e-04
2.409581972000000016e-01,9.465664413352749967e-04
2.409754665999999934e-01,9.464726563943676391e-04
2.410013685000000072e-01,9.463315944624989913e-04
2.410272675000000031e-01,9.461907657930511157e-04
2.410963181000000122e-01,9.458151114750055740e-04
2.411049480000000134e-01,9.457680496772315551e-04
2.411394645999999919e-01,9.455804900448324139e-04
2.411739763000000092e-01,9.453926063448506081e-04
2.411826035000000090e-01,9.453458185703461593e-04
2.412429849000000126e-01,9.450174255825671615e-04
2.412688580000000027e-01,9.448768568608104795e-04
2.413205958999999901e-01,9.445954844527877864e-04
2.413464606999999873e-01,9.444547849791335142e-04
2.413895624999999878e-01,9.442204748219215366e-04
2.414068011000000125e-01,9.441266375578983953e-04
2.414154199000000112e-01,9.440798706804061488e-04
2.414498921999999881e-01,9.438925683243604408e-04
2.414843594999999954e-01,9.437052450268729013e-04
2.415446655000000054e-01,9.433772712436297881e-04
2.415791193000000059e-01,9.431902068467724583e-04
2.415963442999999877e-01,9.430963102847851002e-04
2.416221795999999866e-01,9.429558567051143881e-04
2.416480121000000036e-01,9.428157521648978081e-04
2.416566223000000124e-01,9.427687114274350532e-04
2.416824512000000091e-01,9.426284938186724107e-04
2.417599210999999970e-01,9.422075413740078247e-04
2.418029492000000058e-01,9.419737740640402165e-04
2.418631757999999965e-01,9.416464084445726277e-04
2.419319876999999896e-01,9.412727792312350350e-04
2.419405877999999954e-01,9.412260406938340214e-04
2.419577871999999963e-01,9.411328047159106753e-04
2.420695529000000124e-01,9.405257611188339723e-04
2.421039319999999939e-01,9.403390053753734289e-04
2.421383061999999864e-01,9.401522936315748723e-04
2.421468989999999988e-01,9.401056013688039283e-04
2.421726755999999980e-01,9.399657058679842516e-04
2.421984493000000072e-01,9.398256426561598775e-04
2.423358633000000095e-01,9.390796106219855910e-04
2.423530345000000086e-01,9.389864065004423005e-04
2.423702045999999999e-01,9.388932437611499345e-04
2.424045410000000011e-01,9.387070138291748892e-04
2.424474547999999896e-01,9.384740837077613310e-04
2.424903609000000071e-01,9.382412618409922793e-04
2.425075211999999925e-01,9.381482721859614633e-04
2.425589948999999912e-01,9.378689095568146445e-04
2.426104575999999957e-01,9.375895687920839192e-04
2.426533348999999895e-01,9.373571696972743438e-04
2.426790577000000060e-01,9.372174818015476146e-04
2.426876313000000118e-01,9.371709228454031503e-04
2.427219227999999895e-01,9.369848251943318921e-04
2.427562094999999864e-01,9.367989828656063649e-04
2.427647804999999992e-01,9.367524823604564876e-04
2.427819213999999892e-01,9.366594808106694413e-04
2.427904914000000025e-01,9.366130377468362411e-04
2.428333369000000019e-01,9.363806392091876454e-04
2.428590405999999924e-01,9.362413843220784848e-04
2.428933078999999939e-01,9.360555991192435641e-04
2.429190052000000100e-01,9.359161143276619908e-04
2.429532641000000104e-01,9.357301466523348758e-04
2.429618280999999991e-01,9.356839243081234003e-04
2.429703917000000102e-01,9.356375750372713943e-04
2.430645720999999870e-01,9.351270081612138990e-04
2.431672726999999923e-01,9.345700109171556531e-04
2.431758290999999905e-01,9.345237557573879156e-04
2.432014966000000111e-01,9.343847331902897487e-04
2.432271614000000026e-01,9.342455373276822373e-04
2.432442696999999876e-01,9.341529452656271082e-04
2.432699298999999871e-01,9.340138237363110720e-04
2.433041394000000079e-01,9.338284030196433109e-04
2.433297933000000135e-01,9.336892312507928454e-04
2.434323820000000027e-01,9.331334917550310627e-04
2.434494759999999980e-01,9.330410817214035294e-04
2.435007505000000017e-01,9.327631684412447579e-04
2.435092952000000033e-01,9.327169422461485020e-04
2.435776420999999914e-01,9.323465850413243262e-04
2.435861840999999917e-01,9.323003402200766678e-04
2.436118083000000101e-01,9.321616574781163653e-04
2.436459698000000007e-01,9.319766366729233080e-04
2.437228154999999952e-01,9.315603377843413016e-04
2.437825677000000080e-01,9.312367435190931899e-04
2.437911024999999954e-01,9.311907812041409068e-04
2.438167052000000112e-01,9.310520766958423067e-04
2.438593703999999973e-01,9.308210712505293185e-04
2.438764344000000084e-01,9.307287981317291341e-04
2.438849659000000003e-01,9.306823788387512267e-04
2.439190891000000139e-01,9.304978069506071028e-04
2.439873211999999958e-01,9.301285158805639710e-04
2.440129033000000003e-01,9.299900896532565034e-04
2.440214300000000114e-01,9.299438438361833526e-04
2.440470086000000038e-01,9.298053332851911315e-04
2.440640594000000052e-01,9.297133138420848961e-04
2.441237280999999926e-01,9.293901582220370251e-04
2.441492959000000074e-01,9.292521243000775952e-04
2.442004234000000051e-01,9.289753913721541558e-04
2.442941295999999929e-01,9.284682540583709138e-04
2.443367113999999896e-01,9.282380983930979892e-04
2.444048268000000024e-01,9.278695283913349209e-04
2.444218526999999974e-01,9.277775881091744961e-04
2.444303651999999993e-01,9.277317240837614810e-04
2.444984545999999981e-01,9.273633491293458266e-04
2.445239831999999891e-01,9.272252789451020973e-04
2.445324922000000067e-01,9.271793466486790347e-04
2.445580172000000052e-01,9.270412328437192167e-04
2.445665250000000068e-01,9.269951918209997418e-04
2.446345763999999978e-01,9.266274087460329685e-04
2.446770990000000090e-01,9.263976711373926500e-04
2.447026089999999876e-01,9.262595439471306338e-04
2.447366182000000057e-01,9.260757197332863695e-04
2.447961227999999878e-01,9.257541444863710963e-04
2.448046222999999966e-01,9.257084280525629261e-04
2.448301190000000127e-01,9.255705415862926482e-04
2.448641105000000096e-01,9.253869024299998065e-04
2.448726075999999863e-01,9.253410313295962414e-04
2.449320792999999941e-01,9.250195474374098715e-04
2.449405739999999942e-01,9.249737269357262903e-04
2.449490685000000056e-01,9.249278195724679186e-04
2.450085216000000010e-01,9.246064640473025545e-04
2.450170137000000081e-01,9.245605098865759385e-04
2.451019187000000044e-01,9.241021552460748894e-04
2.451104075999999965e-01,9.240561282781626458e-04
2.451358724999999905e-01,9.239186361562767716e-04
2.452122512999999893e-01,9.235062574775624276e-04
2.452207362999999918e-01,9.234602648863052439e-04
2.452377055999999944e-01,9.233684458204732435e-04
2.452461897999999862e-01,9.233228229849595528e-04
2.452886062999999894e-01,9.230935894650932122e-04
2.453140527000000071e-01,9.229562088452101729e-04
2.453394963999999956e-01,9.228191657802157968e-04
2.453734173000000074e-01,9.226356793148217253e-04
2.454158117999999944e-01,9.224070173625480108e-04
2.454242898000000006e-01,9.223611623323582902e-04
2.454751518000000132e-01,9.220867153672451712e-04
2.454836277999999927e-01,9.220410865293087463e-04
2.454921035000000029e-01,9.219950628011794021e-04
2.455175287999999956e-01,9.218579734654865987e-04
2.455514250999999981e-01,9.216748632732931672e-04
2.456446157999999935e-01,9.211720858114634536e-04
2.456530859000000122e-01,9.211262902995257136e-04
2.456784945000000109e-01,9.209891356039432092e-04
2.456954322000000079e-01,9.208978054339432302e-04
2.457885682000000016e-01,9.203954544131827138e-04
2.458224271999999988e-01,9.202128742622996040e-04
2.458308912000000124e-01,9.201670881092880415e-04
2.458985927000000016e-01,9.198019768093626015e-04
2.459239759000000081e-01,9.196650532212831321e-04
2.459578162000000123e-01,9.194824284600276601e-04
2.460170254999999861e-01,9.191633944922542607e-04
2.460254828000000005e-01,9.191175872222538982e-04
2.460508530000000138e-01,9.189806546044147414e-04
2.460593091000000121e-01,9.189353508294715494e-04
2.461269477999999955e-01,9.185704289265942844e-04
2.461607601999999950e-01,9.183884082765636156e-04
2.461692125000000120e-01,9.183425639283958938e-04
2.462283710000000014e-01,9.180238928310229972e-04
2.463044108999999926e-01,9.176138280768147580e-04
2.463213055000000040e-01,9.175228634315325859e-04
2.463635369000000130e-01,9.172952762338011786e-04
2.463973167999999880e-01,9.171133949781207391e-04
2.464310920999999988e-01,9.169311551709728118e-04
2.464395352000000039e-01,9.168858711759625196e-04
2.464564204999999952e-01,9.167949361156065447e-04
2.464901877000000019e-01,9.166129126803228364e-04
2.465070695000000089e-01,9.165220951381903127e-04
2.465914613999999894e-01,9.160672960764183834e-04
2.466420826999999871e-01,9.157947019702914046e-04
2.466673893999999922e-01,9.156582005097319401e-04
2.466926936000000126e-01,9.155219706972410982e-04
2.467011276999999947e-01,9.154766511675467783e-04
2.467348614000000051e-01,9.152949006993472275e-04
2.467685904999999957e-01,9.151132096483441001e-04
2.468360347999999926e-01,9.147504256703551740e-04
2.468444640000000134e-01,9.147050426138061789e-04
2.468697499999999989e-01,9.145687235918892495e-04
2.469118875999999907e-01,9.143419163785704035e-04
2.469371666999999881e-01,9.142059116384641197e-04
2.469624431999999925e-01,9.140698952816998964e-04
2.469708680999999906e-01,9.140245698258810765e-04
2.469961411000000107e-01,9.138883080114889972e-04
2.470045649000000010e-01,9.138428391126886177e-04
2.470466795000000049e-01,9.136165318033885596e-04
2.470719447999999985e-01,9.134804336152666741e-04
2.471393063000000001e-01,9.131179966226014681e-04
2.471729802000000031e-01,9.129366466263362859e-04
2.472403140999999971e-01,9.125744757780878064e-04
2.472487295999999946e-01,9.125291876114561326e-04
2.472655596999999983e-01,9.124384533265207523e-04
2.473160429000000049e-01,9.121669749655343662e-04
2.473412806999999991e-01,9.120312043602226424e-04
2.473749271000000027e-01,9.118502941988776813e-04
2.474001589000000001e-01,9.117147205938010927e-04
2.474422061000000062e-01,9.114885687691081035e-04
2.474758387999999865e-01,9.113075355106138066e-04
2.475178731000000076e-01,9.110816668193699036e-04
2.475346848999999960e-01,9.109913434695777502e-04
2.476103236999999957e-01,9.105843517235780865e-04
2.476439334999999964e-01,9.104039689973157136e-04
2.476523351999999900e-01,9.103585209638382584e-04
2.476775387000000050e-01,9.102233677771495984e-04
2.477195389000000081e-01,9.099974146542830862e-04
2.477699295999999940e-01,9.097266695182430621e-04
2.477783271000000009e-01,9.096814693122954806e-04
2.478371014000000094e-01,9.093655724117182633e-04
2.478454965999999926e-01,9.093205114789454889e-04
2.478538915000000065e-01,9.092755666978515929e-04
2.478790744999999907e-01,9.091400444585066593e-04
2.479881714000000126e-01,9.085540154195731726e-04
2.480468959999999889e-01,9.082385062322393017e-04
2.480552839999999870e-01,9.081935417653044492e-04
2.480720593999999890e-01,9.081031604830733933e-04
2.481056066000000004e-01,9.079229426070296741e-04
2.481223785999999987e-01,9.078329607425654913e-04
2.481475343000000000e-01,9.076978971895198955e-04
2.481726874999999888e-01,9.075628317158606750e-04
2.481810714000000084e-01,9.075176761453986139e-04
2.482062211999999934e-01,9.073827526186239783e-04
2.482565132000000008e-01,9.071127338349685518e-04
2.482816552999999871e-01,9.069776736957263757e-04
2.483486886999999865e-01,9.066178433657592515e-04
2.483738215000000082e-01,9.064829066962003376e-04
2.483821985999999926e-01,9.064379690952524592e-04
2.484575793000000088e-01,9.060332487061410669e-04
2.484743275000000085e-01,9.059433886985717929e-04
2.484827011000000085e-01,9.058986769922766158e-04
2.485161928999999881e-01,9.057187809139511433e-04
2.485245651999999916e-01,9.056736981672052151e-04
2.485496802000000116e-01,9.055391357833953965e-04
2.485747927999999995e-01,9.054043193166214911e-04
2.487086833999999913e-01,9.046857921066426634e-04
2.487254145999999999e-01,9.045963786332383936e-04
2.487505094000000139e-01,9.044615024113894682e-04
2.488759453000000121e-01,9.037889863482159811e-04
2.488843054000000055e-01,9.037440303904202684e-04
2.489093842000000001e-01,9.036096974859433384e-04
2.489261020000000102e-01,9.035198365334525146e-04
2.489511765000000099e-01,9.033854423903803351e-04
2.489846052999999948e-01,9.032063353120762129e-04
2.490096739000000059e-01,9.030718019526794756e-04
2.490598036999999987e-01,9.028030104592701510e-04
2.490848647999999999e-01,9.026687453011208659e-04
2.491099233000000079e-01,9.025342395680564485e-04
2.491182755999999943e-01,9.024895120279252930e-04
2.491266276000000113e-01,9.024448850787658875e-04
2.491767337999999943e-01,9.021762542796151352e-04
2.491934336000000139e-01,9.020867190239500490e-04
2.492518742000000009e-01,9.017736939271667326e-04
2.492602217999999870e-01,9.017288654328652064e-04
2.492769159999999873e-01,9.016393869564105767e-04
2.492852627000000099e-01,9.015946561869895388e-04
2.493854013000000036e-01,9.010581611160056736e-04
2.494104296000000109e-01,9.009241655987840301e-04
2.494604787999999962e-01,9.006557555399836469e-04
2.494854995999999936e-01,9.005218118168840545e-04
2.495271954000000125e-01,9.002984420333600074e-04
2.495522095999999912e-01,9.001646175335361981e-04
2.495855579000000046e-01,8.999858322675353354e-04
2.496439065999999929e-01,8.996736987603053994e-04
2.496522411000000052e-01,8.996288728566841477e-04
2.496605752000000122e-01,8.995843146019868617e-04
2.497105742999999878e-01,8.993167914943068835e-04
2.497189065000000041e-01,8.992719642519286186e-04
2.497522325000000043e-01,8.990935154319528756e-04
2.497772241000000004e-01,8.989596377720474778e-04
2.497938838000000050e-01,8.988705208417494680e-04
2.498605114000000127e-01,8.985141242382947788e-04
2.498854920999999951e-01,8.983802907207796449e-04
2.499520953000000101e-01,8.980239471425562970e-04
2.499770668999999890e-01,8.978901875885515011e-04
2.499853901999999906e-01,8.978456369892649173e-04
