q,I
2.039995199999999811e-03,1.898974471230505893e-03
2.884988900000000096e-03,1.898963679729064524e-03
4.079990399999999622e-03,1.898942096927535043e-03
4.561568000000000220e-03,1.898931305627447799e-03
5.769977800000000191e-03,1.898898932129880869e-03
6.119985599999999866e-03,1.898888141098256611e-03
6.451031299999999968e-03,1.898877350133748370e-03
7.355307299999999833e-03,1.898844977642905659e-03
8.159980799999999243e-03,1.898812605756082387e-03
8.411115699999999196e-03,1.898801815261365886e-03
8.654966599999999385e-03,1.898791024833759332e-03
9.123135799999999504e-03,1.898769444179878446e-03
1.019997589999999989e-02,1.898715493719598012e-03
1.040197520000000000e-02,1.898704703828866473e-03
1.098571020000000016e-02,1.898672334559313966e-03
1.153995529999999985e-02,1.898639965893713245e-03
1.189511369999999950e-02,1.898618387118840593e-03
1.223997100000000053e-02,1.898596808612380187e-03
1.240880609999999926e-02,1.898586019459802326e-03
1.290206219999999980e-02,1.898553652404685703e-03
1.306234239999999949e-02,1.898542863520515534e-03
1.368470339999999959e-02,1.898499708654834573e-03
1.427996599999999984e-02,1.898456554862741228e-03
1.442494390000000071e-02,1.898445766582455190e-03
1.471061409999999993e-02,1.898424190223181943e-03
1.485138870000000076e-02,1.898413402144188663e-03
1.553614000000000037e-02,1.898359462755639868e-03
1.593287120000000043e-02,1.898327099927625636e-03
1.631996089999999955e-02,1.898294737703440241e-03
1.644696630000000090e-02,1.898283950429550558e-03
1.682223050000000025e-02,1.898251589010441004e-03
1.730993239999999850e-02,1.898208441390862632e-03
1.742972569999999902e-02,1.898197654653684899e-03
1.754870130000000042e-02,1.898186867983590875e-03
1.824627070000000087e-02,1.898122149371825372e-03
1.835995569999999966e-02,1.898111363171327715e-03
1.847294110000000100e-02,1.898100577037907695e-03
1.880782519999999944e-02,1.898068219040133404e-03
1.924527490000000132e-02,1.898025075982234843e-03
1.935309240000000069e-02,1.898014290385462589e-03
2.009162109999999835e-02,1.897938793086195947e-03
2.019492059999999922e-02,1.897928008026031777e-03
2.039995039999999843e-02,1.897906438106935914e-03
2.050169640000000168e-02,1.897895653248002487e-03
2.080394890000000080e-02,1.897863299073619886e-03
2.100303430000000082e-02,1.897841729959393649e-03
2.129817330000000064e-02,1.897809376791094070e-03
2.168544450000000137e-02,1.897766240172326854e-03
2.197141860000000058e-02,1.897733888412469648e-03
2.206591980000000008e-02,1.897723104626650691e-03
2.243994499999999934e-02,1.897679970154047147e-03
2.253248119999999924e-02,1.897669186703552623e-03
2.280783739999999934e-02,1.897636836754457677e-03
2.307990860000000075e-02,1.897604487408915529e-03
2.325952140000000015e-02,1.897582921513870941e-03
2.379022509999999951e-02,1.897518225438167647e-03
2.387752890000000017e-02,1.897507442993590261e-03
2.447993949999999891e-02,1.897431967759119573e-03
2.456479220000000116e-02,1.897421185850974414e-03
2.464935279999999965e-02,1.897410404009889978e-03
2.481760959999999849e-02,1.897388840528888530e-03
2.490131170000000130e-02,1.897378058888948317e-03
2.523334379999999863e-02,1.897334932999784505e-03
2.556106320000000112e-02,1.897291808183391689e-03
2.580412149999999905e-02,1.897259465275120613e-03
2.596489630000000173e-02,1.897237903671482881e-03
2.612468180000000056e-02,1.897216342336054433e-03
2.651993379999999928e-02,1.897162440170763100e-03
2.659827940000000085e-02,1.897151659938829844e-03
2.683194360000000153e-02,1.897119319645291851e-03
2.721692649999999866e-02,1.897065420496867657e-03
2.736940339999999888e-02,1.897043861306756552e-03
2.744532419999999931e-02,1.897033081812255113e-03
2.774693010000000085e-02,1.896989964504669241e-03
2.834051430000000121e-02,1.896903733107149770e-03
2.841384049999999897e-02,1.896892954484125701e-03
2.855992799999999832e-02,1.896871397439155215e-03
2.863269220000000045e-02,1.896860619017202293e-03
2.884988380000000005e-02,1.896828284153524854e-03
2.899377430000000047e-02,1.896806727912867798e-03
2.920828110000000047e-02,1.896774394054658421e-03
2.942122390000000143e-02,1.896742060799636248e-03
2.970277299999999829e-02,1.896698950731339839e-03
3.012016249999999867e-02,1.896634287639537963e-03
3.032670299999999999e-02,1.896601956998420543e-03
3.059992200000000162e-02,1.896558850415219592e-03
3.066784640000000048e-02,1.896548073936989197e-03
3.087072290000000135e-02,1.896515744904312588e-03
3.107227489999999856e-02,1.896483416474765721e-03
3.113916889999999993e-02,1.896472640465596098e-03
3.120591959999999970e-02,1.896461864523497822e-03
3.166923519999999964e-02,1.896386434804911382e-03
3.173487090000000344e-02,1.896375659398824012e-03
3.186573689999999681e-02,1.896354108787782870e-03
3.193096869999999948e-02,1.896343333582785080e-03
3.225514909999999819e-02,1.896289458562845469e-03
3.263991580000000226e-02,1.896224810750160323e-03
3.270360349999999749e-02,1.896214036349223560e-03
3.289392669999999935e-02,1.896181713548403345e-03
3.295712349999999763e-02,1.896170939415467698e-03
3.320870809999999784e-02,1.896127843553749911e-03
3.345840099999999873e-02,1.896084748764003411e-03
3.364445469999999966e-02,1.896052428375250053e-03
3.376792089999999802e-02,1.896030881784327568e-03
3.395227840000000080e-02,1.895998562400432299e-03
3.419654240000000178e-02,1.895955470826548922e-03
3.461985769999999935e-02,1.895880063151330047e-03
3.467990950000000155e-02,1.895869290894306369e-03
3.473985749999999872e-02,1.895858518704228923e-03
3.485944419999999905e-02,1.895836974525043697e-03
3.491908400000000301e-02,1.895826202535963890e-03
3.509739530000000052e-02,1.895793886970480136e-03
3.521576790000000012e-02,1.895772343595192658e-03
3.562697489999999689e-02,1.895696943891436682e-03
3.568533189999999883e-02,1.895686172773076170e-03
3.609118929999999975e-02,1.895610776820269615e-03
3.614879690000000201e-02,1.895600006237844332e-03
3.632107169999999885e-02,1.895567694892204020e-03
3.649253310000000194e-02,1.895535384149421099e-03
3.671990299999999818e-02,1.895492304096724721e-03
3.677652580000000115e-02,1.895481534250923524e-03
3.694587359999999820e-02,1.895449225115521932e-03
3.722640800000000250e-02,1.895395377895866965e-03
3.744932249999999990e-02,1.895352301325526701e-03
3.750484409999999685e-02,1.895341532350383216e-03
3.761564139999999667e-02,1.895319994600983514e-03
3.794609239999999911e-02,1.895255382959899239e-03
3.811024350000000172e-02,1.895223078043464186e-03
3.832801789999999709e-02,1.895180005758858883e-03
3.849054019999999937e-02,1.895147702248496571e-03
3.870617500000000238e-02,1.895104631838841766e-03
3.875989619999999775e-02,1.895093864403843030e-03
3.881354310000000030e-02,1.895083097035764504e-03
3.897404079999999826e-02,1.895050795333208049e-03
3.918701509999999999e-02,1.895007727333840710e-03
3.924007809999999902e-02,1.894996960501471681e-03
3.939883820000000120e-02,1.894964660405838589e-03
3.960952859999999909e-02,1.894921594548986798e-03
4.007953250000000078e-02,1.894824700287576005e-03
4.018323120000000248e-02,1.894803168965832237e-03
4.023498040000000192e-02,1.894792403405377856e-03
4.038983000000000156e-02,1.894760107125706200e-03
4.049273419999999818e-02,1.894738576607344531e-03
4.064660190000000256e-02,1.894706281331934436e-03
4.079988930000000291e-02,1.894673986658844834e-03
4.085085730000000137e-02,1.894663221901799659e-03
4.100338109999999980e-02,1.894630928032008240e-03
4.105409649999999799e-02,1.894620163542536139e-03
4.125633449999999841e-02,1.894577106254434007e-03
4.130673929999999910e-02,1.894566342099642539e-03
4.160788569999999964e-02,1.894501758577058631e-03
4.185718599999999762e-02,1.894447940815322190e-03
4.200605599999999995e-02,1.894415650961562853e-03
4.205556230000000173e-02,1.894404887810854053e-03
4.244953370000000004e-02,1.894318785014190241e-03
4.259633349999999985e-02,1.894286497569811108e-03
4.283988209999999713e-02,1.894232686500858581e-03
4.288842589999999899e-02,1.894221924487770811e-03
4.303372860000000133e-02,1.894189638850147812e-03
4.322670569999999962e-02,1.894146592270193373e-03
4.327481560000000227e-02,1.894135830792509356e-03
4.337087509999999757e-02,1.894114308037745395e-03
4.361009829999999698e-02,1.894060502322311712e-03
4.365778569999999997e-02,1.894049741379787068e-03
4.380053619999999676e-02,1.894017458954172853e-03
4.394282299999999891e-02,1.893985177130755315e-03
4.403742540000000344e-02,1.893963656249713018e-03
4.413182499999999953e-02,1.893942135636118027e-03
4.455414840000000015e-02,1.893845296187591717e-03
4.474056810000000273e-02,1.893802258172054467e-03
4.478705179999999814e-02,1.893791498835462007e-03
4.487987470000000256e-02,1.893769980363123589e-03
4.492621420000000171e-02,1.893759221227113518e-03
4.506494700000000103e-02,1.893726944220932868e-03
4.515719859999999669e-02,1.893705426551146051e-03
4.529522390000000065e-02,1.893673150548310594e-03
4.561565869999999884e-02,1.893597842216469644e-03
4.584316940000000146e-02,1.893544052557606747e-03
4.602436819999999873e-02,1.893501022034714673e-03
4.615980060000000190e-02,1.893468749844624257e-03
4.624986849999999927e-02,1.893447235385799969e-03
4.651902589999999671e-02,1.893382693614694854e-03
4.656373419999999819e-02,1.893371936886897519e-03
4.660839960000000282e-02,1.893361180226058559e-03
4.691986699999999705e-02,1.893285885472730922e-03
4.696419369999999677e-02,1.893275129346787440e-03
4.709692359999999994e-02,1.893242861370666476e-03
4.731731260000000133e-02,1.893189082747934139e-03
4.744905459999999853e-02,1.893156816376643809e-03
4.758043189999999756e-02,1.893124550607339172e-03
4.762414379999999753e-02,1.893113795484730692e-03
4.775503939999999753e-02,1.893081530517993485e-03
4.779859160000000246e-02,1.893070775662655802e-03
4.801576009999999894e-02,1.893017002390042034e-03
4.814559110000000280e-02,1.892984739228578423e-03
4.836120139999999790e-02,1.892930968630554371e-03
4.849010740000000291e-02,1.892898707074183338e-03
4.866145090000000006e-02,1.892855692601528141e-03
4.895985910000000274e-02,1.892780419849069513e-03
4.900234049999999814e-02,1.892769666866122094e-03
4.904478510000000180e-02,1.892758913949868504e-03
4.912956429999999763e-02,1.892737408318280901e-03
4.929868529999999888e-02,1.892694397857348949e-03
4.934087499999999932e-02,1.892683645409318910e-03
4.938302859999999656e-02,1.892672893027907890e-03
4.963519859999999950e-02,1.892608380144728680e-03
4.967710250000000050e-02,1.892597628231383567e-03
4.980260260000000244e-02,1.892565372892559411e-03
5.001106959999999935e-02,1.892511615332040462e-03
5.017721960000000314e-02,1.892468610486539807e-03
5.038413659999999711e-02,1.892414855933907767e-03
5.046666589999999897e-02,1.892393354580916738e-03
5.050787989999999672e-02,1.892382604004330237e-03
5.067240099999999886e-02,1.892339602367552366e-03
5.099985089999999749e-02,1.892253602302473295e-03
5.104063439999999979e-02,1.892242852595259293e-03
5.112210379999999887e-02,1.892221353380738871e-03
5.116278989999999832e-02,1.892210603874025726e-03
5.136573690000000025e-02,1.892156857342271485e-03
5.148712109999999814e-02,1.892124610224869136e-03
5.160821980000000059e-02,1.892092363709440119e-03
5.164852290000000040e-02,1.892081615004658195e-03
5.192976900000000062e-02,1.892006375941390544e-03
5.200984570000000140e-02,1.891984879667887344e-03
5.212973010000000046e-02,1.891952635758505216e-03
5.224933949999999855e-02,1.891920392450559523e-03
5.228914839999999897e-02,1.891909644815106470e-03
5.244808220000000271e-02,1.891866654940846425e-03
5.264607470000000344e-02,1.891812919101093504e-03
5.292201970000000311e-02,1.891737691732296115e-03
5.296132299999999765e-02,1.891726945232740644e-03
5.303984240000000211e-02,1.891705452433739597e-03
5.307905849999999814e-02,1.891694706134608222e-03
5.319653330000000124e-02,1.891662467637488529e-03
5.339175040000000011e-02,1.891608738145483240e-03
5.354741159999999722e-02,1.891565755754436463e-03
5.366386120000000287e-02,1.891533519662940430e-03
5.385738429999999827e-02,1.891479794179198913e-03
5.389600549999999657e-02,1.891469049282927788e-03
5.401170360000000226e-02,1.891436814995226716e-03
5.420398480000000047e-02,1.891383092517843166e-03
5.431902689999999756e-02,1.891350859832904505e-03
5.443382580000000193e-02,1.891318627749680702e-03
5.473877910000000263e-02,1.891232678465776468e-03
5.481475239999999971e-02,1.891211191812648294e-03
5.489062050000000081e-02,1.891189705426863559e-03
5.492851530000000121e-02,1.891178962334403441e-03
5.507983360000000272e-02,1.891135990631755614e-03
5.511759819999999949e-02,1.891125247872759872e-03
5.523073729999999903e-02,1.891093019997496655e-03
5.541878909999999742e-02,1.891039308207421998e-03
5.549383139999999881e-02,1.891017823958622730e-03
5.568099469999999995e-02,1.890964114506195511e-03
5.571835189999999743e-02,1.890953372815958782e-03
5.601631270000000107e-02,1.890867441698889555e-03
5.612764020000000215e-02,1.890835218631904246e-03
5.627573429999999793e-02,1.890792255477083362e-03
5.642343970000000125e-02,1.890749293391238550e-03
5.657075939999999664e-02,1.890706332373535839e-03
5.668099790000000193e-02,1.890674112311304745e-03
5.671769649999999774e-02,1.890663372424041585e-03
5.682764989999999905e-02,1.890631153163406476e-03
5.690083420000000003e-02,1.890609673990118617e-03
5.711982439999999800e-02,1.890545238072446508e-03
5.715624119999999919e-02,1.890534498986244172e-03
5.726535270000000094e-02,1.890502282129239526e-03
5.744674450000000071e-02,1.890448588702321568e-03
5.748295419999999850e-02,1.890437850216955670e-03
5.759144669999999994e-02,1.890405635162391599e-03
5.769973510000000333e-02,1.890373420708635777e-03
5.773578619999999995e-02,1.890362682690644499e-03
5.777181470000000013e-02,1.890351944739533750e-03
5.798751569999999883e-02,1.890287518435455416e-03
5.802338790000000079e-02,1.890276780952261605e-03
5.805923799999999912e-02,1.890266043535178972e-03
5.834524540000000231e-02,1.890180146602381261e-03
5.841652840000000069e-02,1.890158673037109840e-03
5.845213739999999963e-02,1.890147936354228753e-03
5.873623160000000093e-02,1.890062045295957385e-03
5.884241330000000020e-02,1.890029837250076878e-03
5.887776470000000151e-02,1.890019101368780284e-03
5.915981499999999754e-02,1.889933216717540505e-03
5.919497680000000012e-02,1.889922481436943089e-03
5.930033710000000291e-02,1.889890275993929506e-03
5.940551060000000272e-02,1.889858071152110148e-03
5.947552290000000103e-02,1.889836601591019611e-03
5.958038699999999854e-02,1.889804397749702885e-03
5.971991950000000299e-02,1.889761460229972406e-03
5.999801099999999693e-02,1.889675588392126637e-03
6.003268190000000254e-02,1.889664854713088817e-03
6.024028800000000294e-02,1.889600454037596760e-03
6.027481950000000005e-02,1.889589720825398398e-03
6.041274809999999662e-02,1.889546788643726256e-03
6.055036250000000314e-02,1.889503857528881080e-03
6.058471719999999894e-02,1.889493124916957539e-03
6.065336839999999757e-02,1.889471659893785221e-03
6.085885719999999804e-02,1.889407266424951394e-03
6.113176780000000032e-02,1.889321412202596504e-03
6.119980530000000002e-02,1.889299949314168390e-03
6.123379560000000166e-02,1.889289217970185029e-03
6.133565380000000067e-02,1.889257024338315740e-03
6.136956899999999882e-02,1.889246293260772244e-03
6.150504259999999696e-02,1.889203369618968568e-03
6.167396609999999807e-02,1.889149716566729687e-03
6.174140610000000001e-02,1.889128255813666592e-03
6.194328550000000044e-02,1.889063875153361742e-03
6.204397889999999777e-02,1.889031685723609839e-03
6.214450920000000322e-02,1.888999496894459970e-03
6.217798310000000050e-02,1.888988767417747053e-03
6.227829700000000329e-02,1.888956579389084681e-03
6.241179809999999883e-02,1.888913662951668265e-03
6.244512879999999933e-02,1.888902934008281987e-03
6.257827400000000317e-02,1.888860018904756468e-03
6.284371810000000114e-02,1.888774191897990952e-03
6.297602060000000168e-02,1.888731279995271590e-03
6.300905280000000663e-02,1.888720552186206030e-03
6.323979509999999582e-02,1.888645459391461497e-03
6.327268960000000109e-02,1.888634732115829044e-03
6.333842739999999416e-02,1.888613277764990186e-03
6.337127069999999585e-02,1.888602550689448545e-03
6.346969869999999347e-02,1.888570369862915474e-03
6.353523260000000505e-02,1.888548916312718503e-03
6.373143000000000558e-02,1.888484557260834435e-03
6.376407089999999722e-02,1.888473830986440137e-03
6.386189339999999437e-02,1.888441652560403751e-03
6.389446769999999887e-02,1.888430926552236164e-03
6.402459889999999321e-02,1.888388023184781961e-03
6.405709029999999415e-02,1.888377297509771704e-03
6.441341509999999604e-02,1.888259319484518689e-03
6.451025289999999524e-02,1.888227145058994248e-03
6.479989830000000561e-02,1.888130625383820484e-03
6.483200120000000288e-02,1.888119901309102391e-03
6.492821479999999479e-02,1.888087729483454210e-03
6.505627819999999784e-02,1.888044834649999252e-03
6.508825470000000057e-02,1.888034111108454491e-03
6.518409000000000009e-02,1.888001940883659658e-03
6.527978469999999589e-02,1.887969771258848862e-03
6.531165170000000075e-02,1.887959048183358163e-03
6.540715969999999491e-02,1.887926879358395836e-03
6.556603060000000538e-02,1.887873265982628265e-03
6.569285060000000509e-02,1.887830376481066004e-03
6.578780519999999354e-02,1.887798210055652770e-03
6.585103220000000646e-02,1.887776766105177424e-03
6.591419860000000130e-02,1.887755322421008804e-03
6.607185029999999848e-02,1.887701714377787053e-03
6.619770129999999475e-02,1.887658829141762801e-03
6.635467940000000509e-02,1.887605224097066089e-03
6.641736669999999398e-02,1.887583782546197299e-03
6.644868819999999454e-02,1.887573061870734909e-03
6.660507479999999703e-02,1.887519459491400053e-03
6.669873070000000015e-02,1.887487298864065632e-03
6.682340109999999889e-02,1.887444418960217271e-03
6.691675140000000188e-02,1.887412259731470260e-03
6.710306259999999912e-02,1.887347943074704206e-03
6.728885780000000427e-02,1.887283628816287685e-03
6.731977379999999622e-02,1.887272910006632717e-03
6.735067570000000114e-02,1.887262191262895723e-03
6.744329620000000247e-02,1.887230035433341531e-03
6.753578970000000126e-02,1.887197880202327654e-03
6.756659280000000545e-02,1.887187161925327119e-03
6.759738179999999486e-02,1.887176443715843539e-03
6.781251330000000188e-02,1.887101418109118911e-03
6.790450389999999614e-02,1.887069265276773104e-03
6.793513980000000230e-02,1.887058547799211642e-03
6.808811230000000325e-02,1.887004961412558791e-03
6.817973099999999342e-02,1.886972810378358166e-03
6.839303080000000423e-02,1.886897793633215579e-03
6.842344790000000343e-02,1.886887077221618492e-03
6.854498139999999629e-02,1.886844212241017664e-03
6.857533120000000593e-02,1.886833496162903384e-03
6.881764710000000396e-02,1.886747769933704065e-03
6.902897569999999483e-02,1.886672762978992531e-03
6.923965930000000601e-02,1.886597759287963506e-03
6.926970470000000379e-02,1.886587044742418003e-03
6.929973700000000014e-02,1.886576330261518272e-03
6.935976259999999949e-02,1.886554901502110731e-03
6.938975599999999688e-02,1.886544187222212324e-03
6.947965829999999676e-02,1.886512044781141380e-03
6.962923760000000462e-02,1.886458475378515343e-03
6.971883119999999767e-02,1.886426334536022440e-03
6.977849630000000636e-02,1.886404907640452542e-03
6.983811040000000026e-02,1.886383481012150623e-03
7.010574679999999337e-02,1.886287064477966315e-03
7.019473210000000407e-02,1.886254926830779844e-03
7.025399309999999509e-02,1.886233502066673355e-03
7.034279089999999346e-02,1.886201365419460426e-03
7.043147669999999527e-02,1.886169229371908009e-03
7.046101389999999409e-02,1.886158517488577572e-03
7.069686679999999390e-02,1.886072824821971279e-03
7.072629310000000391e-02,1.886062113538549204e-03
7.081449859999999763e-02,1.886029980087473856e-03
7.096126429999999319e-02,1.885976425666947582e-03
7.104917809999999889e-02,1.885944293812525383e-03
7.116622760000000658e-02,1.885901452273487482e-03
7.125388859999999547e-02,1.885869321818335956e-03
7.137060239999999667e-02,1.885826482142334256e-03
7.139975099999999741e-02,1.885815772390116163e-03
7.142888779999999327e-02,1.885805062705111449e-03
7.151622679999999899e-02,1.885772934046901642e-03
7.163251310000000316e-02,1.885730096767327616e-03
7.166155520000000445e-02,1.885719387614529343e-03
7.174861100000000380e-02,1.885687260553601738e-03
7.186452140000000599e-02,1.885644425404351841e-03
7.209578290000000222e-02,1.885558758301127688e-03
7.212463850000000454e-02,1.885548050212882375e-03
7.218231499999999690e-02,1.885526634235129041e-03
7.229752999999999874e-02,1.885483803080707701e-03
7.235506869999999702e-02,1.885462387901691962e-03
7.244129109999999927e-02,1.885430265633640306e-03
7.264207849999999855e-02,1.885355316002518874e-03
7.281374140000000661e-02,1.885291076058801928e-03
7.289942130000000298e-02,1.885258956984448399e-03
7.298500049999999406e-02,1.885226838508813861e-03
7.304199769999999980e-02,1.885205426524368165e-03
7.312741009999999819e-02,1.885173309047750252e-03
7.324113840000000264e-02,1.885130486677325879e-03
7.343973900000000388e-02,1.885055550089908150e-03
7.346806670000000095e-02,1.885044845129240677e-03
7.355298439999999327e-02,1.885012730645830008e-03
7.358126850000000496e-02,1.885002025950400671e-03
7.369429630000000342e-02,1.884959207838406278e-03
7.372252619999999923e-02,1.884948503476985802e-03
7.389167900000000178e-02,1.884884278703299236e-03
7.391983359999999836e-02,1.884873574805945263e-03
7.394797729999999514e-02,1.884862870976721687e-03
7.414468470000000477e-02,1.884787946033009707e-03
7.417274320000000198e-02,1.884777242734458642e-03
7.425685499999999661e-02,1.884745133241811201e-03
7.445274629999999727e-02,1.884670213420408047e-03
7.470385179999999847e-02,1.884573892722983925e-03
7.481518369999999585e-02,1.884531085254981296e-03
7.484299079999999493e-02,1.884520383554144163e-03
7.489857399999999554e-02,1.884498980351157534e-03
7.500961690000000626e-02,1.884456174744818073e-03
7.506507669999999688e-02,1.884434772340090689e-03
7.523121089999999789e-02,1.884370566724561389e-03
7.525886430000000571e-02,1.884359866020877136e-03
7.547972660000000500e-02,1.884274262790036712e-03
7.550728900000000521e-02,1.884263562684949803e-03
7.558991580000000432e-02,1.884231462770657615e-03
7.569994450000000485e-02,1.884188663814501379e-03
7.572742679999999726e-02,1.884177964241616574e-03
7.580981359999999780e-02,1.884145865922168869e-03
7.589211099999999821e-02,1.884113768200925592e-03
7.591952370000000505e-02,1.884103069094623722e-03
7.616579349999999526e-02,1.884006780122370484e-03
7.622041209999999567e-02,1.883985383304326126e-03
7.638403350000000369e-02,1.883921194444977036e-03
7.646571289999999632e-02,1.883889100914019031e-03
7.657448329999999581e-02,1.883846310468687653e-03
7.665595969999999815e-02,1.883814218334089021e-03
7.668309930000000163e-02,1.883803521088419459e-03
7.679156169999999670e-02,1.883760732771518325e-03
7.681865340000000597e-02,1.883750035859415488e-03
7.689987119999999732e-02,1.883717945518535459e-03
7.698100330000000324e-02,1.883685855775991047e-03
7.711603370000000290e-02,1.883632374202106686e-03
7.722388809999999881e-02,1.883589590141242481e-03
7.741227159999999885e-02,1.883514720591101090e-03
7.751971380000000078e-02,1.883471939454322772e-03
7.754655109999999962e-02,1.883461244335148804e-03
7.762700729999999494e-02,1.883429159380361389e-03
7.768059839999999494e-02,1.883407769741245272e-03
7.776091590000000497e-02,1.883375685783425773e-03
7.789459440000000290e-02,1.883322213846285722e-03
7.794800159999999700e-02,1.883300825538387728e-03
7.808135970000000536e-02,1.883247355929147920e-03
7.810800410000000304e-02,1.883236662206052084e-03
7.818788249999999995e-02,1.883204581439173369e-03
7.837394890000000391e-02,1.883129728637141821e-03
7.848007460000000490e-02,1.883086957071520304e-03
7.850658350000000452e-02,1.883076264345569977e-03
7.871833409999999531e-02,1.882990724932989256e-03
7.874476290000000100e-02,1.882980032805871545e-03
7.879759379999999591e-02,1.882958648750533877e-03
7.882399599999999340e-02,1.882947956823070043e-03
7.921897310000000636e-02,1.882787585873702766e-03
7.935019529999999544e-02,1.882734132212701998e-03
7.937641369999999530e-02,1.882723441679999424e-03
7.945501689999999451e-02,1.882691370479648834e-03
7.955970049999999683e-02,1.882648609811131066e-03
7.958584990000000525e-02,1.882637919810533234e-03
7.966424649999999386e-02,1.882605850204349283e-03
7.979473639999999646e-02,1.882552402190732117e-03
7.997706450000000022e-02,1.882477577761716963e-03
8.000307750000000551e-02,1.882466888823538815e-03
8.015897800000000573e-02,1.882402756588434298e-03
8.021087740000000521e-02,1.882381379708403203e-03
8.028866380000000691e-02,1.882349314884680354e-03
8.036637480000000111e-02,1.882317250660305117e-03
8.039226180000000332e-02,1.882306562717509348e-03
8.046987279999999465e-02,1.882274499290262099e-03
8.049572650000000329e-02,1.882263811615427548e-03
8.070225790000000454e-02,1.882178312595159586e-03
8.077957099999999446e-02,1.882146251557208346e-03
8.083107209999999820e-02,1.882124877865983675e-03
8.090826210000000296e-02,1.882092817825023771e-03
8.098537860000000477e-02,1.882060758382173970e-03
8.121628870000000000e-02,1.881964583642053599e-03
8.124190489999999487e-02,1.881953897890663524e-03
8.129311300000000018e-02,1.881932526590345987e-03
8.144654410000000400e-02,1.881868414279276548e-03
8.152315139999999349e-02,1.881836359019643237e-03
8.159968680000000141e-02,1.881804304358809148e-03
8.162518259999999859e-02,1.881793619605953878e-03
8.165067049999999438e-02,1.881782934917621648e-03
8.170162240000000686e-02,1.881761565741472140e-03
8.182886339999999314e-02,1.881708143961976403e-03
8.193051390000000156e-02,1.881665407732693342e-03
8.200666909999999865e-02,1.881633356259323868e-03
8.205739989999999429e-02,1.881611988939790566e-03
8.210809939999999529e-02,1.881590621888448766e-03
8.213343739999999504e-02,1.881579938463062663e-03
8.223471150000000174e-02,1.881537205420658748e-03
8.233586090000000191e-02,1.881494473440310225e-03
8.251257400000000519e-02,1.881419695034575092e-03
8.253778790000000642e-02,1.881409012668240274e-03
8.261338329999999563e-02,1.881376965974905459e-03
8.266374179999999572e-02,1.881355601844903261e-03
8.283975550000000077e-02,1.881280829477198447e-03
8.304045720000000075e-02,1.881195379325742694e-03
8.306551080000000586e-02,1.881184698355815605e-03
8.321567409999999776e-02,1.881120613929623082e-03
8.324067490000000569e-02,1.881109933422842875e-03
8.326566829999999808e-02,1.881099252983215115e-03
8.334060340000000455e-02,1.881067212064614939e-03
8.363967260000000625e-02,1.880939054361127887e-03
8.366454680000000310e-02,1.880928374983262133e-03
8.371427300000000571e-02,1.880907016425995568e-03
8.373912499999999759e-02,1.880896337249227850e-03
8.386327459999999567e-02,1.880842942353468236e-03
8.393767620000000540e-02,1.880810906211930270e-03
8.401201190000000263e-02,1.880778870667786182e-03
8.403677589999999920e-02,1.880768192287706050e-03
8.411102400000000645e-02,1.880736157538721474e-03
8.425932399999999656e-02,1.880672089836529391e-03
8.433337620000000423e-02,1.880640056878502388e-03
8.445665230000000412e-02,1.880586669945239322e-03
8.453053160000000010e-02,1.880554638583507247e-03
8.462893709999999570e-02,1.880511931027582578e-03
8.484993209999999730e-02,1.880415842907730674e-03
8.489896399999999343e-02,1.880394490720680096e-03
8.492346929999999849e-02,1.880383814728270753e-03
8.502141990000000593e-02,1.880341111417817247e-03
8.511925789999999492e-02,1.880298409168713533e-03
8.519256259999999359e-02,1.880266383180870943e-03
8.521698349999999589e-02,1.880255707982882120e-03
8.524139740000000187e-02,1.880245032852291857e-03
8.541209930000000228e-02,1.880170308791756940e-03
8.543645739999999877e-02,1.880159634191862824e-03
8.563107309999999639e-02,1.880074239779704580e-03
8.567965800000000576e-02,1.880052891840001700e-03
8.570394000000000623e-02,1.880042217967994303e-03
8.577674509999999586e-02,1.880010196754600777e-03
8.580099970000000520e-02,1.879999523148649437e-03
8.589794970000000363e-02,1.879956829392098955e-03
8.599479040000000685e-02,1.879914136693897845e-03
8.606734940000000667e-02,1.879882117867880424e-03
8.609152209999999805e-02,1.879871445057994554e-03
8.628466029999999620e-02,1.879786064971446886e-03
8.645330230000000671e-02,1.879711360875052986e-03
8.654952159999999839e-02,1.879668674279437544e-03
8.657355969999999679e-02,1.879658002794857207e-03
8.659759109999999593e-02,1.879647331378767657e-03
8.666964550000000322e-02,1.879615317526144545e-03
8.674163999999999486e-02,1.879583304269310910e-03
8.678960310000000122e-02,1.879561962431340865e-03
8.686149819999999799e-02,1.879529950171768098e-03
8.698119120000000204e-02,1.879476597726607292e-03
8.714848529999999482e-02,1.879401907093132757e-03
8.722008450000000301e-02,1.879369897816734894e-03
8.731545890000000365e-02,1.879327219705740877e-03
8.760095880000000335e-02,1.879199191745238844e-03
8.762470840000000094e-02,1.879188523180311743e-03
8.771964279999999725e-02,1.879145849580946210e-03
8.774336039999999781e-02,1.879135181345260299e-03
8.781447459999999761e-02,1.879103177039818592e-03
8.788553120000000551e-02,1.879071173330618474e-03
8.793287040000000165e-02,1.879049837857559198e-03
8.800383150000000432e-02,1.879017835139827923e-03
8.807473540000000656e-02,1.878985833024309588e-03
8.809835729999999920e-02,1.878975165783184666e-03
8.826353389999999632e-02,1.878900496957115187e-03
8.828710539999999607e-02,1.878889830246867907e-03
8.831067049999999363e-02,1.878879163606237898e-03
8.838132819999999779e-02,1.878847164072075266e-03
8.849896570000000129e-02,1.878793832841614379e-03
8.856947319999999846e-02,1.878761834899527828e-03
8.866339600000000543e-02,1.878719171903960299e-03
8.887435929999999706e-02,1.878623184041153683e-03
8.894456929999999817e-02,1.878591189278131998e-03
8.906146280000000470e-02,1.878537866002608385e-03
8.910817729999999381e-02,1.878516537156058562e-03
8.922485650000000490e-02,1.878463216198623161e-03
8.941122649999999616e-02,1.878377906109302041e-03
8.943449539999999420e-02,1.878367242645770374e-03
8.948101510000000536e-02,1.878345915919822423e-03
8.957398210000000471e-02,1.878303263261600457e-03
8.962042940000000679e-02,1.878281937330579781e-03
8.969005530000000170e-02,1.878249948930911734e-03
8.975962719999999728e-02,1.878217961127747870e-03
8.978280580000000399e-02,1.878207298658018248e-03
8.985230589999999851e-02,1.878175311647884088e-03
8.996801999999999577e-02,1.878122001290950934e-03
9.006048429999999327e-02,1.878079354198515733e-03
9.012977020000000061e-02,1.878047369574705784e-03
9.017593120000000351e-02,1.878026046819825014e-03
9.031427279999999780e-02,1.877962080156587044e-03
9.033730919999999331e-02,1.877951419277695344e-03
9.036033960000000587e-02,1.877940758463566076e-03
9.054437240000000331e-02,1.877855474346959604e-03
9.059032220000000357e-02,1.877834153979453203e-03
9.061328829999999723e-02,1.877823493894179930e-03
9.088842950000000642e-02,1.877695578050934564e-03
9.097995829999999673e-02,1.877652941555054463e-03
9.107139520000000210e-02,1.877610306120942006e-03
9.109424000000000687e-02,1.877599647425394740e-03
9.116274030000000306e-02,1.877567671742257863e-03
9.123118909999999859e-02,1.877535696657713993e-03
9.134515649999999654e-02,1.877482406170027061e-03
9.143622810000000267e-02,1.877439774971412191e-03
9.161809969999999692e-02,1.877354515757945815e-03
9.164080830000000122e-02,1.877343858653300656e-03
9.168620859999999928e-02,1.877322544642577628e-03
9.179961109999999758e-02,1.877269260777566194e-03
9.182227469999999780e-02,1.877258604205471818e-03
9.189023229999999931e-02,1.877226634879604686e-03
9.200338330000000509e-02,1.877173353993972149e-03
9.204860469999999462e-02,1.877152042102525013e-03
9.216156120000000562e-02,1.877098763533505089e-03
9.218413590000000546e-02,1.877088108017571514e-03
9.225182690000000019e-02,1.877056141869495529e-03
9.231946820000000442e-02,1.877024176315867428e-03
9.236453490000000321e-02,1.877002866280311818e-03
9.243209369999999536e-02,1.876970901721631332e-03
9.249960320000000236e-02,1.876938937756344235e-03
9.252209549999999838e-02,1.876928283237285985e-03
9.261200969999999755e-02,1.876885665811630884e-03
9.272427989999999787e-02,1.876832395514705775e-03
9.279157679999999742e-02,1.876800434133448024e-03
9.290363000000000093e-02,1.876747166490111418e-03
9.303791570000000122e-02,1.876683247498073552e-03
9.306027779999999361e-02,1.876672594564534127e-03
9.312733189999999883e-02,1.876640636160937462e-03
9.321666239999999715e-02,1.876598025883997791e-03
9.323898160000000657e-02,1.876587373481644573e-03
9.341734349999999965e-02,1.876502156629695052e-03
9.343961480000000097e-02,1.876491504820908479e-03
9.359536559999999394e-02,1.876416944017744509e-03
9.361759449999999816e-02,1.876406292739676634e-03
9.377304960000000522e-02,1.876331735636612569e-03
9.383959440000000374e-02,1.876299783590640183e-03
9.386176549999999952e-02,1.876289133037572663e-03
9.392824739999999784e-02,1.876257181781766170e-03
9.397254260000000026e-02,1.876235881274354242e-03
9.403894620000000093e-02,1.876203931011768663e-03
9.412741149999999390e-02,1.876161331585457113e-03
9.419370589999999377e-02,1.876129382713776937e-03
9.430409309999999989e-02,1.876076135910438895e-03
9.432615499999999487e-02,1.876065486750938061e-03
9.439230989999999877e-02,1.876033539665084796e-03
9.450246499999999383e-02,1.875980295840179359e-03
9.463448200000000587e-02,1.875916405437848267e-03
9.465646689999999974e-02,1.875905757265007622e-03
9.483216279999999443e-02,1.875820574295535221e-03
9.489796490000000639e-02,1.875788631771611349e-03
9.491988880000000461e-02,1.875777984397176100e-03
9.500753380000000192e-02,1.875735395557899922e-03
9.509509800000000290e-02,1.875692807774394450e-03
9.516071830000000231e-02,1.875660867632423070e-03
9.520444000000000129e-02,1.875639574534414093e-03
9.524814160000000252e-02,1.875618281703874540e-03
9.537912649999999437e-02,1.875554404792027785e-03
9.550993169999999477e-02,1.875490530265596029e-03
9.555349359999999737e-02,1.875469239285601150e-03
9.559703569999999928e-02,1.875447948566573517e-03
9.561879930000000138e-02,1.875437303309855728e-03
9.579273010000000088e-02,1.875352143619611915e-03
9.587957719999999628e-02,1.875309565364845134e-03
9.590127669999999604e-02,1.875298920963277931e-03
9.596634569999999698e-02,1.875266988165256868e-03
9.603137069999999331e-02,1.875235055959210842e-03
9.607469620000000377e-02,1.875213768153664298e-03
9.613964780000000543e-02,1.875181836938827340e-03
9.622618180000000465e-02,1.875139262912821781e-03
9.629103129999999622e-02,1.875107333085778783e-03
9.642059930000000667e-02,1.875043475225267407e-03
9.648531809999999487e-02,1.875011547184913911e-03
9.665768969999999349e-02,1.874926408653532304e-03
9.672224980000000694e-02,1.874894482795021839e-03
9.674376029999999516e-02,1.874883840974122737e-03
9.676526600000000256e-02,1.874873199220645180e-03
9.691567219999999705e-02,1.874798708790645970e-03
9.693713980000000230e-02,1.874788067568937486e-03
9.698006060000000095e-02,1.874766785315144877e-03
9.717296979999999473e-02,1.874671018448476750e-03
9.725858440000000049e-02,1.874628457120572226e-03
9.732274600000000164e-02,1.874596536812271792e-03
9.742958790000000313e-02,1.874543337628183657e-03
9.751497720000000535e-02,1.874500779468051600e-03
9.762160879999999541e-02,1.874447583257328725e-03
9.768553189999999720e-02,1.874415666321785226e-03
9.777069770000000604e-02,1.874373111336014117e-03
9.791955950000000297e-02,1.874298642656398953e-03
9.794080700000000472e-02,1.874288004535388553e-03
9.796204990000000057e-02,1.874277366480997390e-03
9.800452190000000230e-02,1.874256090577629524e-03
9.802575099999999431e-02,1.874245452722385265e-03
9.808941070000000428e-02,1.874213539553640923e-03
9.811062140000000042e-02,1.874202901966075772e-03
9.813182759999999893e-02,1.874192264438599275e-03
9.825896829999999915e-02,1.874128440683038967e-03
9.844937149999999360e-02,1.874032709508807043e-03
9.847050470000000277e-02,1.874022073041374525e-03
9.853387700000000582e-02,1.873990164037090409e-03
9.859720869999999415e-02,1.873958255628342066e-03
9.868158759999999530e-02,1.873915712008553114e-03
9.870267110000000010e-02,1.873905076268862898e-03
9.876589439999999831e-02,1.873873169442319409e-03
9.887117689999999626e-02,1.873819992726923110e-03
9.895532220000000101e-02,1.873777452543529424e-03
9.903939609999999616e-02,1.873734913412216253e-03
9.914438809999999436e-02,1.873681740988166096e-03
9.927023199999999992e-02,1.873617936264139082e-03
9.935403930000000217e-02,1.873575401098392934e-03
9.945869920000000031e-02,1.873522233628180465e-03
9.947961800000000576e-02,1.873511600333198314e-03
9.954234789999999444e-02,1.873479700839856144e-03
9.960503830000000391e-02,1.873447801944304021e-03
9.962592630000000060e-02,1.873437169112686460e-03
9.964681000000000233e-02,1.873426536345724428e-03
9.970943470000000197e-02,1.873394638438978131e-03
9.979287320000000683e-02,1.873352108822069198e-03
9.995954120000000165e-02,1.873267052765837781e-03
9.998035519999999565e-02,1.873256421055371785e-03
1.000219702000000044e-01,1.873235157831750061e-03
1.000427710999999970e-01,1.873224526317991082e-03
1.001467112000000020e-01,1.873171369746884233e-03
1.002920464000000011e-01,1.873096953323233381e-03
1.003542684999999962e-01,1.873065061556593303e-03
1.003750006000000000e-01,1.873054431099290245e-03
1.004578862999999933e-01,1.873011909939181893e-03
1.004785970000000028e-01,1.873001279816042955e-03
1.006441294999999986e-01,1.872916241187276391e-03
1.007061340000000027e-01,1.872884352793082298e-03
1.007681004000000047e-01,1.872852464988524835e-03
1.007887474000000033e-01,1.872841835851945039e-03
1.009331579999999950e-01,1.872767433758708647e-03
1.009743802999999995e-01,1.872746176610053624e-03
1.010155856999999935e-01,1.872724919722994468e-03
1.011391013000000061e-01,1.872661150656507959e-03
1.012830123999999971e-01,1.872586756418735893e-03
1.013035545000000037e-01,1.872576128933721483e-03
1.013446261000000015e-01,1.872554874160489236e-03
1.014472322999999954e-01,1.872501738392002213e-03
1.014677410999999946e-01,1.872491111432736518e-03
1.015292426999999942e-01,1.872459230960899423e-03
1.016316624999999974e-01,1.872406098158685677e-03
1.018566236999999958e-01,1.872289211801352353e-03
1.019587146000000000e-01,1.872236084282197319e-03
1.019995224000000006e-01,1.872214833735181454e-03
1.020199202000000027e-01,1.872204208563227161e-03
1.020810889999999999e-01,1.872172333436731640e-03
1.021829558000000027e-01,1.872119209543445309e-03
1.022440270999999956e-01,1.872087335998240225e-03
1.023253987999999948e-01,1.872044838867358181e-03
1.024270225000000062e-01,1.871991718931315671e-03
1.024473352000000032e-01,1.871981095145636587e-03
1.025082489999999957e-01,1.871949224175986724e-03
1.025894110999999997e-01,1.871906730475809402e-03
1.026705091000000014e-01,1.871864237827518523e-03
1.027312905999999970e-01,1.871832369039739662e-03
1.029134196000000001e-01,1.871736766224717501e-03
1.029740576000000019e-01,1.871704899806814204e-03
1.029942623999999946e-01,1.871694277804642056e-03
1.030952267999999949e-01,1.871641168756800261e-03
1.031557580000000002e-01,1.871609304122404767e-03
1.032162536999999963e-01,1.871577440082535871e-03
1.032364110999999945e-01,1.871566818864582767e-03
1.032968595999999989e-01,1.871534955619597561e-03
1.034176504999999996e-01,1.871471230900302552e-03
1.035784859999999974e-01,1.871386268301620994e-03
1.036387349999999957e-01,1.871354408418395227e-03
1.038593488000000009e-01,1.871237593916070608e-03
1.038793813000000038e-01,1.871226974815590367e-03
1.038994099999999976e-01,1.871216355773670272e-03
1.039594729999999967e-01,1.871184499059214872e-03
1.040195012999999974e-01,1.871152642932075909e-03
1.040395030000000054e-01,1.871142024356298563e-03
1.040595009000000043e-01,1.871131405848586995e-03
1.041194715000000048e-01,1.871099550709912768e-03
1.041993786000000033e-01,1.871057078118162952e-03
1.042193458000000017e-01,1.871046460135391285e-03
1.042592687999999990e-01,1.871025224365688040e-03
1.043590092999999996e-01,1.870972136104431371e-03
1.044387331999999946e-01,1.870929666677858660e-03
1.044984860999999959e-01,1.870897815296153127e-03
1.045383024999999994e-01,1.870876581379605315e-03
1.045781035999999997e-01,1.870855347720264735e-03
1.046775404000000048e-01,1.870802264727498354e-03
1.047570218000000025e-01,1.870759799527229846e-03
1.048562888999999970e-01,1.870706719498771951e-03
1.048959693999999970e-01,1.870685487955768642e-03
1.049158040000000014e-01,1.870674872278082785e-03
1.050149209999999972e-01,1.870621794893871257e-03
1.051535277999999934e-01,1.870547489324109408e-03
1.052919521000000025e-01,1.870473186980734382e-03
1.053117120999999962e-01,1.870462572626441526e-03
1.053907153000000069e-01,1.870420115860509797e-03
1.055485441999999968e-01,1.870335205490935996e-03
1.056470674999999970e-01,1.870282138659598147e-03
1.057848460000000018e-01,1.870207847850806305e-03
1.058045140000000023e-01,1.870197235144855936e-03
1.058438389999999951e-01,1.870176009925819368e-03
1.058634960999999958e-01,1.870165397415923325e-03
1.059224453000000010e-01,1.870133560282120780e-03
1.060206211000000037e-01,1.870080499705978295e-03
1.060794830000000022e-01,1.870048664152687730e-03
1.060990963999999953e-01,1.870038052432268028e-03
1.061579148000000028e-01,1.870006217672280820e-03
1.062558730999999951e-01,1.869953161051875982e-03
1.063928632000000069e-01,1.869878884548643698e-03
1.064319707999999975e-01,1.869857663286189804e-03
1.064906052999999991e-01,1.869825831881672144e-03
1.065687344999999980e-01,1.869783390938463538e-03
1.067443161000000001e-01,1.869687902658604848e-03
1.067832950000000003e-01,1.869666683768324376e-03
1.068027790999999949e-01,1.869656074420014561e-03
1.068806801000000001e-01,1.869613637692994551e-03
1.069001465000000012e-01,1.869603028671128686e-03
1.069585242999999963e-01,1.869571202014378092e-03
1.070363119999999946e-01,1.869528767399192010e-03
1.070557500000000051e-01,1.869518158903763546e-03
1.070946155999999982e-01,1.869496942121319548e-03
1.072111278000000001e-01,1.869433293354074094e-03
1.073275134000000047e-01,1.869369646959771628e-03
1.073662806000000025e-01,1.869348432017706174e-03
1.075018556999999958e-01,1.869274181806211558e-03
1.076565896000000050e-01,1.869189328379574884e-03
1.077145573999999939e-01,1.869157509427652386e-03
1.077338731000000022e-01,1.869146903245675869e-03
1.077917994999999934e-01,1.869115085084307841e-03
1.078882741999999950e-01,1.869062056140389323e-03
1.079653919999999934e-01,1.869019634166589443e-03
1.080231942000000056e-01,1.868987818381596987e-03
1.081194624000000049e-01,1.868934793383443841e-03
1.081387057999999984e-01,1.868924188582614691e-03
1.081964153999999956e-01,1.868892374573046878e-03
1.082733136999999984e-01,1.868849956812622306e-03
1.082925297000000009e-01,1.868839352545163595e-03
1.084077544000000004e-01,1.868775728277941679e-03
1.084269466000000043e-01,1.868765124464499133e-03
1.084461354000000044e-01,1.868754520717495413e-03
1.085803620999999941e-01,1.868680296325188079e-03
1.085995238000000002e-01,1.868669693106123162e-03
1.086378370999999954e-01,1.868648486858233947e-03
1.086569886000000040e-01,1.868637883834162357e-03
1.087526959000000015e-01,1.868584869708605871e-03
1.088100798000000008e-01,1.868553062022360132e-03
1.088674334999999993e-01,1.868521254929472871e-03
1.089629559000000053e-01,1.868468244416667109e-03
1.090393136000000068e-01,1.868425837200698037e-03
1.090583945999999971e-01,1.868415235562069423e-03
1.091156177999999949e-01,1.868383431032722254e-03
1.092109230999999958e-01,1.868330424802319700e-03
1.093442109999999967e-01,1.868256218852199380e-03
1.094773366000000026e-01,1.868182016123074579e-03
1.095723272999999942e-01,1.868129016149932143e-03
1.096292821999999972e-01,1.868097216953234010e-03
1.096672357000000042e-01,1.868076017823650089e-03
1.097810174999999944e-01,1.868012421999225986e-03
1.097999696000000053e-01,1.868001822926940343e-03
1.098568065000000010e-01,1.867970026105685369e-03
1.099703920999999945e-01,1.867906434230886181e-03
1.100271409999999950e-01,1.867874639190416795e-03
1.101594412999999939e-01,1.867800453052120314e-03
1.101783283000000030e-01,1.867789855295446787e-03
1.102349700999999960e-01,1.867758062416691135e-03
1.103293085000000007e-01,1.867705075608416115e-03
1.104047211000000056e-01,1.867662687345546767e-03
1.104235662999999978e-01,1.867652090445309689e-03
1.104612467999999958e-01,1.867630896843338207e-03
1.105742115999999997e-01,1.867567317602186402e-03
1.106306506999999995e-01,1.867535528877684948e-03
1.108373482000000049e-01,1.867418975273432789e-03
1.108561197000000054e-01,1.867408379884756553e-03
1.109311741999999962e-01,1.867365998987493810e-03
1.109874317999999943e-01,1.867334214010823177e-03
1.110249209999999986e-01,1.867313024355727073e-03
1.110811310999999940e-01,1.867281240363531094e-03
1.111560337000000037e-01,1.867238862625789390e-03
1.113056877000000028e-01,1.867154110317283296e-03
1.113243802999999976e-01,1.867143516579358427e-03
1.113617560000000062e-01,1.867122329289845964e-03
1.114364699999999958e-01,1.867079955502016922e-03
1.114738081999999963e-01,1.867058769000740255e-03
1.115297920000000026e-01,1.867026989745436795e-03
1.116043934999999959e-01,1.866984618330397652e-03
1.116789450999999961e-01,1.866942247968269306e-03
1.117534470000000058e-01,1.866899878651970615e-03
1.118278993000000054e-01,1.866857510389970283e-03
1.120323877999999940e-01,1.866741003099829091e-03
1.121994194000000000e-01,1.866645684870993577e-03
1.122179632000000066e-01,1.866635094288066456e-03
1.122550414000000052e-01,1.866613913314205554e-03
1.122735759000000055e-01,1.866603322926911005e-03
1.123476835000000035e-01,1.866560962028710130e-03
1.123662027999999952e-01,1.866550371974439989e-03
1.124217421999999938e-01,1.866518602191262087e-03
1.124957521999999932e-01,1.866476243402302162e-03
1.125142469999999978e-01,1.866465653863718689e-03
1.125512277000000061e-01,1.866444474991952760e-03
1.126436261999999994e-01,1.866391528971204092e-03
1.126620968000000000e-01,1.866380939966570023e-03
1.128466364999999999e-01,1.866275053512809340e-03
1.128650739000000014e-01,1.866264465233609523e-03
1.129387933000000066e-01,1.866222112753418644e-03
1.131044863999999955e-01,1.866126823524138275e-03
1.131412740999999944e-01,1.866105648862498084e-03
1.131596634999999934e-01,1.866095061629319176e-03
1.133066709999999977e-01,1.866010366145377884e-03
1.133617497000000002e-01,1.865978606418956841e-03
1.133801033000000069e-01,1.865968019981975676e-03
1.134351462999999977e-01,1.865936261040348956e-03
1.135451522999999935e-01,1.865872744952167851e-03
1.136550518000000037e-01,1.865809231224266687e-03
1.136916614000000048e-01,1.865788060510898544e-03
1.137465535999999944e-01,1.865756304922851824e-03
1.138014194000000062e-01,1.865724549937944603e-03
1.138379818999999959e-01,1.865703380267241113e-03
1.139658583000000003e-01,1.865629288510247969e-03
1.140388660999999970e-01,1.865586951813482004e-03
1.141300601999999942e-01,1.865534032416255516e-03
1.141847416999999948e-01,1.865502281566507308e-03
1.142393970000000064e-01,1.865470531314660819e-03
1.142576096000000041e-01,1.865459948026774355e-03
1.143122300999999952e-01,1.865428198553532478e-03
1.143304311000000045e-01,1.865417615530111329e-03
1.144032063000000043e-01,1.865375284084644326e-03
1.144213927999999936e-01,1.865364701391939318e-03
1.145304515000000051e-01,1.865301206594594929e-03
1.146938450999999970e-01,1.865205968828070491e-03
1.148388887000000025e-01,1.865121317510437613e-03
1.148570062999999947e-01,1.865110736386925514e-03
1.148932327999999947e-01,1.865089574349382186e-03
1.149656517000000044e-01,1.865047251049876953e-03
1.149837492999999933e-01,1.865036670391104863e-03
1.150561112000000052e-01,1.864994348407131948e-03
1.151284276999999939e-01,1.864952027482273417e-03
1.151826351999999942e-01,1.864920287473741589e-03
1.152909738000000017e-01,1.864856809235507186e-03
1.153992105999999962e-01,1.864793333357548386e-03
1.154352669999999942e-01,1.864772175251952057e-03
1.154713121999999953e-01,1.864751017416625212e-03
1.154893305000000009e-01,1.864740438598406656e-03
1.155433686999999959e-01,1.864708702528917929e-03
1.155613758999999990e-01,1.864698123976869923e-03
1.157053318999999997e-01,1.864613497886528871e-03
1.157233138000000050e-01,1.864602919912109304e-03
1.157772427999999992e-01,1.864571186414952899e-03
1.158670687000000060e-01,1.864518298551101063e-03
1.159209308000000022e-01,1.864486566622472951e-03
1.159747678999999976e-01,1.864454835283165532e-03
1.159927079999999999e-01,1.864444258304649629e-03
1.160465118000000018e-01,1.864412527761548409e-03
1.161182114000000043e-01,1.864370221280429486e-03
1.161540446000000060e-01,1.864349068431141350e-03
1.162793738999999965e-01,1.864275035548376182e-03
1.162972671000000041e-01,1.864264459679895953e-03
1.163509300000000052e-01,1.864232732484398828e-03
1.164224420999999954e-01,1.864190430469799507e-03
1.164403133000000007e-01,1.864179855131940398e-03
1.165653348000000034e-01,1.864105829592484350e-03
1.166902222999999933e-01,1.864031807269677255e-03
1.167258798999999958e-01,1.864010658635514546e-03
1.167793458999999978e-01,1.863978936158949265e-03
1.168327873999999988e-01,1.863947214279569262e-03
1.168505957999999983e-01,1.863936640447947995e-03
1.169040048000000026e-01,1.863904919354164840e-03
1.169218023000000023e-01,1.863894345789831935e-03
1.170640854000000036e-01,1.863809759620272408e-03
1.171529245999999996e-01,1.863756895401997172e-03
1.172061957999999959e-01,1.863725177654001640e-03
1.172771863999999969e-01,1.863682888248720856e-03
1.174190388000000002e-01,1.863598312589917223e-03
1.174367582999999993e-01,1.863587740924895972e-03
1.174721893000000017e-01,1.863566597795572686e-03
1.175607201000000018e-01,1.863513741118301512e-03
1.176845512999999954e-01,1.863439744535263023e-03
1.177022308000000017e-01,1.863429173859655619e-03
1.177199077000000010e-01,1.863418603249488489e-03
1.177552535000000039e-01,1.863397462223284531e-03
1.178612272999999960e-01,1.863334040711576165e-03
1.179141783999999998e-01,1.863302330840144617e-03
1.180552655000000062e-01,1.863217774085264766e-03
1.181961841000000041e-01,1.863133221521857605e-03
1.182665804000000015e-01,1.863090946818333343e-03
1.182841728999999981e-01,1.863080378299497878e-03
1.183193502000000064e-01,1.863059241473852224e-03
1.183369348999999959e-01,1.863048673160552435e-03
1.183896732999999979e-01,1.863016968612363168e-03
1.184248192000000033e-01,1.862995832566130940e-03
1.184775183999999953e-01,1.862964129003270462e-03
1.186003924000000043e-01,1.862890156300912609e-03
1.186880815999999950e-01,1.862837320627687811e-03
1.187056117000000049e-01,1.862826753692763950e-03
1.187581862999999988e-01,1.862795053277194494e-03
1.188107377000000020e-01,1.862763353445827429e-03
1.188282496999999993e-01,1.862752786964971775e-03
1.188457591000000035e-01,1.862742220547535226e-03
1.189507612999999991e-01,1.862678823454135815e-03
1.191604881999999976e-01,1.862552036335924895e-03
1.191779488000000026e-01,1.862541471178975070e-03
1.192652134000000003e-01,1.862488646329814139e-03
1.193872765999999946e-01,1.862414694294315569e-03
1.194395511999999937e-01,1.862383001554982495e-03
1.195266247000000004e-01,1.862330181620201882e-03
1.195440318000000057e-01,1.862319617830348380e-03
1.196831975000000048e-01,1.862235109880370056e-03
1.197353428999999997e-01,1.862203420484232928e-03
1.198048347999999957e-01,1.862161168864322897e-03
1.199436978999999931e-01,1.862076668784114729e-03
1.199957301000000032e-01,1.862044982340063659e-03
1.200130692000000027e-01,1.862034420319828030e-03
1.200650713000000064e-01,1.862002734666169668e-03
1.200997268999999951e-01,1.861981611216307567e-03
1.201516915000000046e-01,1.861949926532947700e-03
1.202382493999999968e-01,1.861897120056469268e-03
1.203593257999999999e-01,1.861823193734768326e-03
1.203766123999999993e-01,1.861812633093511008e-03
1.204284575999999968e-01,1.861780951558553469e-03
1.204802804999999949e-01,1.861749270615449753e-03
1.205148166999999992e-01,1.861728150319404704e-03
1.205493428999999950e-01,1.861707030281368981e-03
1.206356155000000013e-01,1.861654231340935037e-03
1.207045890999999954e-01,1.861611993359111325e-03
1.207735233000000047e-01,1.861569756434364566e-03
1.207907507000000047e-01,1.861559197373024218e-03
1.208251981000000030e-01,1.861538079432740805e-03
1.208424181999999958e-01,1.861527520558122839e-03
1.209800902000000011e-01,1.861443051954263976e-03
1.211004249000000033e-01,1.861369145354228091e-03
1.211691339000000034e-01,1.861326914456453438e-03
1.211863051000000024e-01,1.861316356897445420e-03
1.212034738000000028e-01,1.861305799407206828e-03
1.212549653999999977e-01,1.861274127320779138e-03
1.213064352000000068e-01,1.861242455814524511e-03
1.213407361999999934e-01,1.861221341811087606e-03
1.213921696000000022e-01,1.861189671292600356e-03
1.214607136000000059e-01,1.861147444855869651e-03
1.214778435000000018e-01,1.861136888403325728e-03
1.216147962999999943e-01,1.861052439201185812e-03
1.216661138000000031e-01,1.861020771825399071e-03
1.217174097000000010e-01,1.860989105047041337e-03
1.217515948999999958e-01,1.860967994188575479e-03
1.219394424999999949e-01,1.860851889144409747e-03
1.220076789999999939e-01,1.860809671092512668e-03
1.220247321999999995e-01,1.860799116737696770e-03
1.220758774000000046e-01,1.860767454093988039e-03
1.222121599000000058e-01,1.860683023229358453e-03
1.222632267000000050e-01,1.860651362737267365e-03
1.222802442999999933e-01,1.860640809370409880e-03
1.223993007000000049e-01,1.860566937643295385e-03
1.224162993000000033e-01,1.860556384805434884e-03
1.224332954999999973e-01,1.860545832030650448e-03
1.224672809999999973e-01,1.860524726671488726e-03
1.225522032999999955e-01,1.860471964431588453e-03
1.225691807000000022e-01,1.860461412175128115e-03
1.226200987999999936e-01,1.860429755803652118e-03
1.226709956999999934e-01,1.860398100040970386e-03
1.226879567000000032e-01,1.860387548235609059e-03
1.227388254999999956e-01,1.860355893254886893e-03
1.228235601000000066e-01,1.860303136249730031e-03
1.228405000000000052e-01,1.860292585040733675e-03
1.230097705999999985e-01,1.860187076611436504e-03
1.230266849000000023e-01,1.860176526116524972e-03
1.231619152999999939e-01,1.860092124608772341e-03
1.232294748999999967e-01,1.860049925429858300e-03
1.232463589999999998e-01,1.860039375794412045e-03
1.232969973999999969e-01,1.860007727288867478e-03
1.233476151000000021e-01,1.859976079371535767e-03
1.234824939999999982e-01,1.859891687824260023e-03
1.234993434999999973e-01,1.859881139167433080e-03
1.236340570000000055e-01,1.859796752321804178e-03
1.237013586999999998e-01,1.859754560481408601e-03
1.237686238000000050e-01,1.859712369681135007e-03
1.238862498000000006e-01,1.859638538296164417e-03
1.239198366999999940e-01,1.859617444201062259e-03
1.240373193999999984e-01,1.859543616940410177e-03
1.240540935000000039e-01,1.859533070450145736e-03
1.240876350000000017e-01,1.859511977673386366e-03
1.241044023999999940e-01,1.859501431380602629e-03
1.241882051999999986e-01,1.859448700898892835e-03
1.242384596999999979e-01,1.859417063393990939e-03
1.242886938999999968e-01,1.859385426482494576e-03
1.243556412999999999e-01,1.859343244841121833e-03
1.244392748999999937e-01,1.859290519280743393e-03
1.244559949000000054e-01,1.859279974363854931e-03
1.245061412999999978e-01,1.859248339997591039e-03
1.245562676000000063e-01,1.859216706220820012e-03
1.245896739000000031e-01,1.859195617370721287e-03
1.246397665999999932e-01,1.859163984581124144e-03
1.247065254999999984e-01,1.859121808448063956e-03
1.248232677000000040e-01,1.859048002728057444e-03
1.248566024999999968e-01,1.859026915970112426e-03
1.248899284999999970e-01,1.859005829460716203e-03
1.249898531000000063e-01,1.858942571542574482e-03
1.250397853999999920e-01,1.858910943466216470e-03
1.251063309000000068e-01,1.858868773612014141e-03
1.251562167999999975e-01,1.858837146911010386e-03
1.252393156999999924e-01,1.858784437050422155e-03
1.252559289000000076e-01,1.858773895269800547e-03
1.253887550999999989e-01,1.858689563415260367e-03
1.255048625999999889e-01,1.858615776476962465e-03
1.255711616000000086e-01,1.858573613946135549e-03
1.256374255999999912e-01,1.858531452470519024e-03
1.256871006999999985e-01,1.858499832052648787e-03
1.257036547000000004e-01,1.858489292037285474e-03
1.257863919999999969e-01,1.858436592982446551e-03
1.258360081999999880e-01,1.858404974323885810e-03
1.259021328999999911e-01,1.858362817027364288e-03
1.259517035000000118e-01,1.858331199749361324e-03
1.260177674000000081e-01,1.858289044288759673e-03
1.261002985999999937e-01,1.858236351445404985e-03
1.261662846999999921e-01,1.858194198335561161e-03
1.261827758000000077e-01,1.858183660219077772e-03
1.262981534000000017e-01,1.858109895265064489e-03
1.264463413999999952e-01,1.858015059325462699e-03
1.264792483999999939e-01,1.857993985393145177e-03
1.264956988000000004e-01,1.857983448517294602e-03
1.265450368999999908e-01,1.857951838304283893e-03
1.266272243999999880e-01,1.857899155921384406e-03
1.266765113999999970e-01,1.857867547271592219e-03
1.267421974000000062e-01,1.857825403322599074e-03
1.268242572000000123e-01,1.857772724861627258e-03
1.268406628000000036e-01,1.857762189361388113e-03
1.268898668000000007e-01,1.857730583268205797e-03
1.269390516999999996e-01,1.857698977753511260e-03
1.269718310999999877e-01,1.857677907745312147e-03
1.270209843000000005e-01,1.857646303219074322e-03
1.270701184999999955e-01,1.857614699284211102e-03
1.270864922999999924e-01,1.857604164770943096e-03
1.272174071999999934e-01,1.857519891004496930e-03
1.272337621000000085e-01,1.857509357073679462e-03
1.272828141000000024e-01,1.857477755690123715e-03
1.273481874999999874e-01,1.857435621413094755e-03
1.273645256000000003e-01,1.857425088010591658e-03
1.274625101000000094e-01,1.857361888959490085e-03
1.275277914000000068e-01,1.857319757580427064e-03
1.276745521000000050e-01,1.857224965772245147e-03
1.277234348000000075e-01,1.857193369673902639e-03
1.277560128999999933e-01,1.857172305938913776e-03
1.277885826999999863e-01,1.857151242471084471e-03
1.278048645000000039e-01,1.857140710830551935e-03
1.278699709999999989e-01,1.857098584924825107e-03
1.280488429999999955e-01,1.856982744095651058e-03
1.281138253999999921e-01,1.856940622119291695e-03
1.281463043000000135e-01,1.856919561526681117e-03
1.283896338999999942e-01,1.856761615377454464e-03
1.284544438999999927e-01,1.856719498890623422e-03
1.285192213000000139e-01,1.856677383456904838e-03
1.285354105000000025e-01,1.856666854753262616e-03
1.285839659999999940e-01,1.856635269053259632e-03
1.286486780999999968e-01,1.856593155702891467e-03
1.286648511000000050e-01,1.856582627530702165e-03
1.287780048000000122e-01,1.856508932137089290e-03
1.287941615000000040e-01,1.856498404482093698e-03
1.288264688999999907e-01,1.856477349383510228e-03
1.288426195000000052e-01,1.856466821922325748e-03
1.289233422999999934e-01,1.856414185631950374e-03
1.290201430000000038e-01,1.856351024222438516e-03
1.290362693999999866e-01,1.856340497546014098e-03
1.291007547999999949e-01,1.856298391521439767e-03
1.291813162999999876e-01,1.856245760451633161e-03
1.292296290999999930e-01,1.856214182596260505e-03
1.293101103000000029e-01,1.856161554140711017e-03
1.293583749999999977e-01,1.856129977837290938e-03
1.295512538999999963e-01,1.856003678564114353e-03
1.295673142000000055e-01,1.855993154041187801e-03
1.295994287999999994e-01,1.855972105208324478e-03
1.296636341000000081e-01,1.855930008326709540e-03
1.296796805000000052e-01,1.855919484268174100e-03
1.297438461000000043e-01,1.855877388685000769e-03
1.298079799999999895e-01,1.855835294147937901e-03
1.298240085000000044e-01,1.855824770683009439e-03
1.298560595999999900e-01,1.855803723929012059e-03
1.299361528000000099e-01,1.855751108217418201e-03
1.299521654999999942e-01,1.855740585261983879e-03
1.301121842999999889e-01,1.855635359375296025e-03
1.301281753000000097e-01,1.855624837158240895e-03
1.301761367000000003e-01,1.855593270851754002e-03
1.301921198999999862e-01,1.855582748882313518e-03
1.303358805000000009e-01,1.855488054110549781e-03
1.303678057000000057e-01,1.855467011548861660e-03
1.304635345999999863e-01,1.855403885421296438e-03
1.305113727999999973e-01,1.855372323235781554e-03
1.305591932999999871e-01,1.855340761649820064e-03
1.305751296999999866e-01,1.855330241243387333e-03
1.306229268999999915e-01,1.855298680431542724e-03
1.307025501999999895e-01,1.855246080384749703e-03
1.307184690000000038e-01,1.855235560570157134e-03
1.308139412999999862e-01,1.855172443068763303e-03
1.308298465000000133e-01,1.855161923710573228e-03
1.308457499000000024e-01,1.855151404409701452e-03
1.309570191999999966e-01,1.855077771209551630e-03
1.309729071000000078e-01,1.855067252429364912e-03
1.310840685000000116e-01,1.854993622883587467e-03
1.311316801999999893e-01,1.854962068346361704e-03
1.311475470000000032e-01,1.854951550292271035e-03
1.312268518999999967e-01,1.854898961019909491e-03
1.312744117999999904e-01,1.854867408227059422e-03
1.313377983000000027e-01,1.854825338772353970e-03
1.313853181000000092e-01,1.854793787358383550e-03
1.314011542000000088e-01,1.854783270353436509e-03
1.314644795999999893e-01,1.854741202976549876e-03
1.315277744999999998e-01,1.854699136655743813e-03
1.315752256000000120e-01,1.854667587597485373e-03
1.316068501999999862e-01,1.854646555217197680e-03
1.316542729000000078e-01,1.854615007132636708e-03
1.317016785000000023e-01,1.854583459643160482e-03
1.318280101000000037e-01,1.854499335861011650e-03
1.318437929999999869e-01,1.854488820688586590e-03
1.318595740999999877e-01,1.854478305562435713e-03
1.319069059000000099e-01,1.854446760613616841e-03
1.321118145000000077e-01,1.854310072633012308e-03
1.321433106999999885e-01,1.854289044691849898e-03
1.322220182999999938e-01,1.854236475962866551e-03
1.322849506999999869e-01,1.854194422172876066e-03
1.323635740999999921e-01,1.854141856390733190e-03
1.323950104000000128e-01,1.854120830532368040e-03
1.324735684999999996e-01,1.854068267048713170e-03
1.325991646999999940e-01,1.853984168841617264e-03
1.326148558999999949e-01,1.853973656868858431e-03
1.326619182000000063e-01,1.853942121315900601e-03
1.327089637999999960e-01,1.853910586333985550e-03
1.327403182999999931e-01,1.853889563357709498e-03
1.328343374000000021e-01,1.853826495969435701e-03
1.328500008000000066e-01,1.853815984975440163e-03
1.328969798999999896e-01,1.853784452352840112e-03
1.329908881999999903e-01,1.853721388875789007e-03
1.330378174999999885e-01,1.853689858014271339e-03
1.331159962000000030e-01,1.853637307902521181e-03
1.331628814999999966e-01,1.853605778615513783e-03
1.332097502000000044e-01,1.853574249898976055e-03
1.332253693999999877e-01,1.853563740468794265e-03
1.333502575000000134e-01,1.853479667311496316e-03
1.333658601999999915e-01,1.853469158472302505e-03
1.333970603000000088e-01,1.853448140959017840e-03
1.334906168999999976e-01,1.853385090001545424e-03
1.335373705000000022e-01,1.853353565412200858e-03
1.335996832999999939e-01,1.853311533541383447e-03
1.336463988000000103e-01,1.853280010308970809e-03
1.336619671000000009e-01,1.853269502700997853e-03
1.337242217999999871e-01,1.853227472904505528e-03
1.338330979000000032e-01,1.853153923268707542e-03
1.338641891000000028e-01,1.853132909690575212e-03
1.340971431999999908e-01,1.852975316052256393e-03
1.341126591000000035e-01,1.852964810329976860e-03
1.341591960000000083e-01,1.852933293560348306e-03
1.342057167000000051e-01,1.852901777380222591e-03
1.342212201000000105e-01,1.852891272109717744e-03
1.342367215999999974e-01,1.852880766913676119e-03
1.343451823000000045e-01,1.852807232340370185e-03
1.343606696000000100e-01,1.852796727667062326e-03
1.344845033000000023e-01,1.852712692602752126e-03
1.345309115999999972e-01,1.852681180514794638e-03
1.345773037999999922e-01,1.852649669037972641e-03
1.346391352999999902e-01,1.852607654634727324e-03
1.346545888000000024e-01,1.852597151195936728e-03
1.347009383999999976e-01,1.852565641262960945e-03
1.347163848000000053e-01,1.852555138078662523e-03
1.347781523999999898e-01,1.852513126023640384e-03
1.348398918000000002e-01,1.852471115010389515e-03
1.348861778000000067e-01,1.852439607435228848e-03
1.349016029000000005e-01,1.852429105032171600e-03
1.350249404999999958e-01,1.852345088212376456e-03
1.350711631000000024e-01,1.852313582975410313e-03
1.350865670999999990e-01,1.852303081361383148e-03
1.351327686000000083e-01,1.852271576908695247e-03
1.351943459999999930e-01,1.852229571898798659e-03
1.352251241999999909e-01,1.852208569770709282e-03
1.352712784000000001e-01,1.852177067079328627e-03
1.353942793000000033e-01,1.852093062772264351e-03
1.354557378000000034e-01,1.852051062172554823e-03
1.354710980999999925e-01,1.852040562197725115e-03
1.355939177000000107e-01,1.851956564654060793e-03
1.356246051999999980e-01,1.851935565932303273e-03
1.356399463000000083e-01,1.851925066669109395e-03
1.357166260999999874e-01,1.851872571291693055e-03
1.358085847000000124e-01,1.851809579009173123e-03
1.358698557999999945e-01,1.851767585452401875e-03
1.358851692999999972e-01,1.851757087235636132e-03
1.359464059000000113e-01,1.851715094982332851e-03
1.359617106999999880e-01,1.851704597081277673e-03
1.360840875000000061e-01,1.851620616229248404e-03
1.361299504000000049e-01,1.851589124483975701e-03
1.361757979000000063e-01,1.851557633333383553e-03
1.361910769999999937e-01,1.851547136406871304e-03
1.363590336999999930e-01,1.851431674543655478e-03
1.363742921999999969e-01,1.851421178407513385e-03
1.364505592999999961e-01,1.851368698676721450e-03
1.364962990999999959e-01,1.851337211633580226e-03
1.365572616000000072e-01,1.851295229802540909e-03
1.366791052000000117e-01,1.851211269274563760e-03
1.366943280000000038e-01,1.851200774492601023e-03
1.367399861999999966e-01,1.851169290571517533e-03
1.367856292000000085e-01,1.851137807222232728e-03
1.368160494000000005e-01,1.851116818654267729e-03
1.368464628999999932e-01,1.851095830341641449e-03
1.369224669999999922e-01,1.851043360704605423e-03
1.370439857999999900e-01,1.850959412667299749e-03
1.370591680999999895e-01,1.850948919472710473e-03
1.370895276000000107e-01,1.850927933232461835e-03
1.371047048000000046e-01,1.850917440215715977e-03
1.371502263999999915e-01,1.850885961567311482e-03
1.372260621999999985e-01,1.850833498449008276e-03
1.374078974000000064e-01,1.850707593590010525e-03
1.374230395000000104e-01,1.850697101953610807e-03
1.375289872999999885e-01,1.850623662229737868e-03
1.375441161000000023e-01,1.850613171097723747e-03
1.375894923000000047e-01,1.850581698118494234e-03
1.376348535999999956e-01,1.850550225715365303e-03
1.376499707000000128e-01,1.850539735037431098e-03
1.377708478000000125e-01,1.850455812006137441e-03
1.377859499999999904e-01,1.850445321921717406e-03
1.379067079000000084e-01,1.850361403583836292e-03
1.379519649000000014e-01,1.850329935273203235e-03
1.380575068000000072e-01,1.850256511510496278e-03
1.380725775999999960e-01,1.850246022669757833e-03
1.381479070999999947e-01,1.850193579399364617e-03
1.381930851000000016e-01,1.850162114216559635e-03
1.382683489000000043e-01,1.850109673550660080e-03
1.383134874999999986e-01,1.850078209923742027e-03
1.384788700000000039e-01,1.849962848333217827e-03
1.385089183000000057e-01,1.849941874353394069e-03
1.385389600999999971e-01,1.849920900631783901e-03
1.385990242000000039e-01,1.849878953941307786e-03
1.386290464000000111e-01,1.849857980997014631e-03
1.386740676999999866e-01,1.849826522068076431e-03
1.387190742999999948e-01,1.849795063723948642e-03
1.387340732000000021e-01,1.849784577739291237e-03
1.387490705999999963e-01,1.849774091807582146e-03
1.387790603999999872e-01,1.849753120175135889e-03
1.388540065999999962e-01,1.849700692203038940e-03
1.389139343999999943e-01,1.849658750979789107e-03
1.389588633000000129e-01,1.849627295760384021e-03
1.390337125999999979e-01,1.849574871690130764e-03
1.390935630000000034e-01,1.849532933609644974e-03
1.392131866000000107e-01,1.849449060541081668e-03
1.392281324000000098e-01,1.849438576708850287e-03
1.392580190000000107e-01,1.849417609229082231e-03
1.393476405000000085e-01,1.849354708344755566e-03
1.394372043000000061e-01,1.849291809798846989e-03
1.394521260000000096e-01,1.849281326943506918e-03
1.395565333999999880e-01,1.849207948712566253e-03
1.395863497000000009e-01,1.849186984091149557e-03
1.396310622999999973e-01,1.849155537653959010e-03
1.396757604999999958e-01,1.849124091802945838e-03
1.396906566999999988e-01,1.849113609967486345e-03
1.397502257999999886e-01,1.849071683325599754e-03
1.398246513999999996e-01,1.849019276496451092e-03
1.399287808000000133e-01,1.848945909657756298e-03
1.399436501000000110e-01,1.848935428934745913e-03
1.399882484999999954e-01,1.848903987177711802e-03
1.400625477000000119e-01,1.848851585554571290e-03
1.401071081999999968e-01,1.848820145345837730e-03
1.401665002999999965e-01,1.848778225993615455e-03
1.402110277999999988e-01,1.848746787167078335e-03
1.402852089999999941e-01,1.848694390392652568e-03
1.403445257000000002e-01,1.848652474161049507e-03
1.403889966999999905e-01,1.848621037666159633e-03
1.405075174000000038e-01,1.848537209883476624e-03
1.405223254999999893e-01,1.848526731705118012e-03
1.406407338000000007e-01,1.848442908596378527e-03
1.406555278999999936e-01,1.848432431003692701e-03
1.406851112999999986e-01,1.848411476004379033e-03
1.407590425999999950e-01,1.848359089660826663e-03
1.407738242000000084e-01,1.848348612584989120e-03
1.408181597000000007e-01,1.848317181737828274e-03
1.408624812000000004e-01,1.848285751492764577e-03
1.408920210999999867e-01,1.848264798309576067e-03
1.409215548999999956e-01,1.848243845392023160e-03
1.409953622000000018e-01,1.848191464239788652e-03
1.410101189999999893e-01,1.848180988207575931e-03
1.411281181000000051e-01,1.848097182265410815e-03
1.411723423000000033e-01,1.848065756089114142e-03
1.412312863999999890e-01,1.848023855472123115e-03
1.412902058999999932e-01,1.847981955877626677e-03
1.413491007999999882e-01,1.847940057318903703e-03
1.413638207000000035e-01,1.847929582830946157e-03
1.413932558999999867e-01,1.847908634074014751e-03
1.414079712000000100e-01,1.847898159800462738e-03
1.414521079000000126e-01,1.847866737343195273e-03
1.414815248000000081e-01,1.847845789371569932e-03
1.415256386000000033e-01,1.847814367900082935e-03
1.415844356000000026e-01,1.847772473491696285e-03
1.416285173000000064e-01,1.847741053385062397e-03
1.417019563999999954e-01,1.847688687831234569e-03
1.418340509000000083e-01,1.847594433911786422e-03
1.419220455000000103e-01,1.847531600909672845e-03
1.419513649999999960e-01,1.847510657097355818e-03
1.420539353999999976e-01,1.847437355769132421e-03
1.420685821999999876e-01,1.847426884412458519e-03
1.420978713999999921e-01,1.847405941883780702e-03
1.422295982000000014e-01,1.847311703781860182e-03
1.423319681000000114e-01,1.847238411091314814e-03
1.423465864000000025e-01,1.847227940969899986e-03
1.424196550999999866e-01,1.847175591323220369e-03
1.424634784000000098e-01,1.847144182323743342e-03
1.425072881999999985e-01,1.847112773911774438e-03
1.425364872999999866e-01,1.847091835296041460e-03
1.425802747000000092e-01,1.847060427839523553e-03
1.426386369000000043e-01,1.847018552162053460e-03
1.427407133999999966e-01,1.846945272204661816e-03
1.427990101000000123e-01,1.846903399381573385e-03
1.428135805000000091e-01,1.846892931339898366e-03
1.428572830000000016e-01,1.846861527607286191e-03
1.428718475000000099e-01,1.846851059810815420e-03
1.429300907000000120e-01,1.846809189334041104e-03
1.429883100999999879e-01,1.846767319871426682e-03
1.430319592000000029e-01,1.846735918479001145e-03
1.431628265000000066e-01,1.846641717756607182e-03
1.432354788000000101e-01,1.846589386304308029e-03
1.432645294999999874e-01,1.846568454178798774e-03
1.432790526000000120e-01,1.846557988206474306e-03
1.433226130999999959e-01,1.846526590711639135e-03
1.433371303000000041e-01,1.846516124993299434e-03
1.433951844999999947e-01,1.846474262807473342e-03
1.434677192000000101e-01,1.846421936551955563e-03
1.434967228000000039e-01,1.846401006513293929e-03
1.435112223999999992e-01,1.846390541590369611e-03
1.435836984999999955e-01,1.846338217916762862e-03
1.436271665999999947e-01,1.846306824505515544e-03
1.436851036000000026e-01,1.846264967504708532e-03
1.437285409999999874e-01,1.846233575459850420e-03
1.438009075999999997e-01,1.846181256657936347e-03
1.438587745999999890e-01,1.846139402800747948e-03
1.439744389000000013e-01,1.846055698184583373e-03
1.440322361999999967e-01,1.846013847425411608e-03
1.440466819000000009e-01,1.846003384909425220e-03
1.441477613000000102e-01,1.845930149037089277e-03
1.441910593999999879e-01,1.845898763214233462e-03
1.442487698999999901e-01,1.845856916358879938e-03
1.442776165000000110e-01,1.845835993310622871e-03
1.443641216999999866e-01,1.845773225749269960e-03
1.443785341999999916e-01,1.845762764726963535e-03
1.444361698000000138e-01,1.845720921236017288e-03
1.444937823999999926e-01,1.845679078801849187e-03
1.445081820000000128e-01,1.845668618348558516e-03
1.445513720000000113e-01,1.845637237404948146e-03
1.445945492000000054e-01,1.845605857027597923e-03
1.447096254000000137e-01,1.845522178878806130e-03
1.448389767999999911e-01,1.845428045952624821e-03
1.448533421000000043e-01,1.845417587061213248e-03
1.448820682999999998e-01,1.845396669462416725e-03
1.448964292000000098e-01,1.845386210766021898e-03
1.449682127999999959e-01,1.845333918256577979e-03
1.450686501000000017e-01,1.845260711468458843e-03
1.450829925999999881e-01,1.845250253606794087e-03
1.451833503999999941e-01,1.845177050457107604e-03
1.451976815999999892e-01,1.845166593124474962e-03
1.452406666000000124e-01,1.845135221507315229e-03
1.452836389999999922e-01,1.845103850465518603e-03
1.453552312999999985e-01,1.845051566734158413e-03
1.454124797000000135e-01,1.845009740880349143e-03
1.454697057000000071e-01,1.844967916095376515e-03
1.455412064000000116e-01,1.844915636557980946e-03
1.456269609999999992e-01,1.844852903261093649e-03
1.456555347000000056e-01,1.844831992660844484e-03
1.456983846000000082e-01,1.844800627272277695e-03
1.457554983000000082e-01,1.844758807675735916e-03
1.457983189000000013e-01,1.844727443655178349e-03
1.458696586000000073e-01,1.844675171562422085e-03
1.458839222999999963e-01,1.844664717354625554e-03
1.459694756000000093e-01,1.844601993385834495e-03
1.459837296000000006e-01,1.844591539614232664e-03
1.459979821999999872e-01,1.844581085927939545e-03
1.460407317000000094e-01,1.844549725200098555e-03
1.460834685999999882e-01,1.844518365059322250e-03
1.462542916000000026e-01,1.844392930366624923e-03
1.462685177999999975e-01,1.844382477899178877e-03
1.464391248999999950e-01,1.844257053318915226e-03
1.464817456999999989e-01,1.844225698636074674e-03
1.465527527000000108e-01,1.844173442110483372e-03
1.465669498999999931e-01,1.844162991005112709e-03
1.466095335000000000e-01,1.844131638064942617e-03
1.468789426999999870e-01,1.843933083029890112e-03
1.468931083999999998e-01,1.843922633401997311e-03
1.469072727999999883e-01,1.843912183844996153e-03
1.469355974999999870e-01,1.843891284948512765e-03
1.469497577999999971e-01,1.843880835585230129e-03
1.470063852999999865e-01,1.843839038805229324e-03
1.470205387000000086e-01,1.843828589753712275e-03
1.470629908999999957e-01,1.843797243044347552e-03
1.471054309000000004e-01,1.843765896917016383e-03
1.471337174000000025e-01,1.843744999817926609e-03
1.471619985000000019e-01,1.843724102969897943e-03
1.472326774000000116e-01,1.843671862035699185e-03
1.472468090999999868e-01,1.843661414025347554e-03
1.472891960999999916e-01,1.843630070415720095e-03
1.473598140000000056e-01,1.843577832383006378e-03
1.473880516999999946e-01,1.843556937619382410e-03
1.474445108999999920e-01,1.843515148877801360e-03
1.475714650000000128e-01,1.843421127989887604e-03
1.475855641999999912e-01,1.843410681524918068e-03
1.476278540000000028e-01,1.843379342608646339e-03
1.476983098999999910e-01,1.843327112326534432e-03
1.477405673999999947e-01,1.843295774950092598e-03
1.477828127999999963e-01,1.843264438165605418e-03
1.477968919000000048e-01,1.843253992683933527e-03
1.478391212000000066e-01,1.843222656655533814e-03
1.478954080999999865e-01,1.843180876207660282e-03
1.479657366999999890e-01,1.843128652105435706e-03
1.480219755000000137e-01,1.843086873980009747e-03
1.480360319000000036e-01,1.843076429617463916e-03
1.481343890000000052e-01,1.843003320843466988e-03
1.481484346999999979e-01,1.842992876982275322e-03
1.482467172999999971e-01,1.842919771846586365e-03
1.482888185000000025e-01,1.842888442064908759e-03
1.483449347999999945e-01,1.842846669884984920e-03
1.483729850000000128e-01,1.842825784203603072e-03
1.484711190000000125e-01,1.842752686325489515e-03
1.485131564999999931e-01,1.842721359623859193e-03
1.485831927000000052e-01,1.842669149765488327e-03
1.486391978999999919e-01,1.842627383033069999e-03
1.487091747000000019e-01,1.842575176097792540e-03
1.487511448999999930e-01,1.842543852704991124e-03
1.488070868999999963e-01,1.842502089093152762e-03
1.489049347999999995e-01,1.842429005282059107e-03
1.489189077999999999e-01,1.842418564980219256e-03
1.489328795000000039e-01,1.842408124763339223e-03
1.489747867000000003e-01,1.842376804493018163e-03
1.490306446999999923e-01,1.842335045015585510e-03
1.490446059999999961e-01,1.842324605310597437e-03
1.490864818000000036e-01,1.842293286586093887e-03
1.491422980000000065e-01,1.842251529185739327e-03
1.492538676999999869e-01,1.842168017507640667e-03
1.492678081000000101e-01,1.842157578845794296e-03
1.494071399999999938e-01,1.842053195694369526e-03
1.494210660999999996e-01,1.842042757747315313e-03
1.496019868000000030e-01,1.841907070212255764e-03
1.496298013000000038e-01,1.841886196167171960e-03
1.496437066000000093e-01,1.841875759238474587e-03
1.496854149000000078e-01,1.841844448872974847e-03
1.497132139000000028e-01,1.841823575611433762e-03
1.497549028000000060e-01,1.841792266199118386e-03
1.497965800999999930e-01,1.841760957378607609e-03
1.498104698999999929e-01,1.841750521252213772e-03
1.499354206000000078e-01,1.841656598854079716e-03
1.500186632999999936e-01,1.841593986840638596e-03
1.500325325999999904e-01,1.841583551745318206e-03
1.500464005999999906e-01,1.841573116691794460e-03
1.500879968999999925e-01,1.841541811941952616e-03
1.501295816999999866e-01,1.841510507775708178e-03
1.501434407999999998e-01,1.841500073186937234e-03
1.502681146000000023e-01,1.841406164780395567e-03
1.503096496000000115e-01,1.841374863164211119e-03
1.504203534000000120e-01,1.841291394974626031e-03
1.504618463000000073e-01,1.841260095469701751e-03
1.504756747999999866e-01,1.841249662440218879e-03
1.505171525000000010e-01,1.841218363700807253e-03
1.505309757999999942e-01,1.841207930927042137e-03
1.505862565999999958e-01,1.841166200452166134e-03
1.506000735999999951e-01,1.841155768008666781e-03
1.507105640999999996e-01,1.841072310682444636e-03
1.508071769000000062e-01,1.840999288939508234e-03
1.509175157000000045e-01,1.840915839403910355e-03
1.509588719999999940e-01,1.840884546888029317e-03
1.509726549000000029e-01,1.840874116186403319e-03
1.510139960999999920e-01,1.840842824436758965e-03
1.510415505999999908e-01,1.840821963607132752e-03
1.510828728999999981e-01,1.840790672836742402e-03
1.511517183999999958e-01,1.840738522847899274e-03
1.511792477999999995e-01,1.840717663323972316e-03
1.512618058999999904e-01,1.840655086251567589e-03
1.513030680999999933e-01,1.840623798592832703e-03
1.513718133999999993e-01,1.840571653759253594e-03
1.513993026999999880e-01,1.840550796307705581e-03
1.514542664999999899e-01,1.840509082139014495e-03
1.514680043999999948e-01,1.840498653746942305e-03
1.515229432000000098e-01,1.840456940869805757e-03
1.515778621999999964e-01,1.840415229040443272e-03
1.516190383000000086e-01,1.840383945846501721e-03
1.516327611999999936e-01,1.840373518245441752e-03
1.517836311999999910e-01,1.840258818862443562e-03
1.517973393000000004e-01,1.840248392032999437e-03
1.518384559000000023e-01,1.840217111954308348e-03
1.519069588999999998e-01,1.840164979758108230e-03
1.520164995000000130e-01,1.840081571588048298e-03
1.520301864999999975e-01,1.840071145882376255e-03
1.520712402000000130e-01,1.840039869088508319e-03
1.522353442000000112e-01,1.839914767700220888e-03
1.522490115000000033e-01,1.839904343012178619e-03
1.522900061999999943e-01,1.839873069309588783e-03
1.523309898000000107e-01,1.839841796218058979e-03
1.523583061999999877e-01,1.839820947789957235e-03
1.523992714000000082e-01,1.839789675646861687e-03
1.524402256999999872e-01,1.839758404098949330e-03
1.524538746999999916e-01,1.839747980372077440e-03
1.525766605999999970e-01,1.839654169755670487e-03
1.526175671999999983e-01,1.839622900723529575e-03
1.526857206999999994e-01,1.839570786952362223e-03
1.527674646000000136e-01,1.839508252549996439e-03
1.528899987000000016e-01,1.839414455332367233e-03
1.529036075000000106e-01,1.839404033744826807e-03
1.529308215000000082e-01,1.839383190754710412e-03
1.529988354000000050e-01,1.839331084418408067e-03
1.530124344999999886e-01,1.839320663344268811e-03
1.530532246999999901e-01,1.839289400518503807e-03
1.531211842000000101e-01,1.839237297094926211e-03
1.531483596000000058e-01,1.839216456147511978e-03
1.532162769000000035e-01,1.839164355007315331e-03
1.532705890999999931e-01,1.839122675225565674e-03
1.533113106000000003e-01,1.839091416069725711e-03
1.533384523000000110e-01,1.839070576959135790e-03
1.533655891000000049e-01,1.839049738104689066e-03
1.533791557999999999e-01,1.839039318789858655e-03
1.534334102999999894e-01,1.838997642100830823e-03
1.534876456000000000e-01,1.838955966483008181e-03
1.535554128999999934e-01,1.838903873389162013e-03
1.535825114000000102e-01,1.838883036598100342e-03
1.535960588999999987e-01,1.838872618299574810e-03
1.536366940999999986e-01,1.838841363820014610e-03
1.536637782999999979e-01,1.838820527814232549e-03
1.537991277000000101e-01,1.838716351634695108e-03
1.538667576999999953e-01,1.838664265986424563e-03
1.538802801999999970e-01,1.838653849032207159e-03
1.539208404000000086e-01,1.838622598596580116e-03
1.539613898999999952e-01,1.838591348752564468e-03
1.540289487000000013e-01,1.838539266986930756e-03
1.540964779000000007e-01,1.838487186819960737e-03
1.541909690000000110e-01,1.838414277282942070e-03
1.542044630999999943e-01,1.838403861889210348e-03
1.542314475000000074e-01,1.838383031299329739e-03
1.542449379999999981e-01,1.838372616120164445e-03
1.543123727000000056e-01,1.838320541113629006e-03
1.543528192999999993e-01,1.838289296886048843e-03
1.544067316999999939e-01,1.838247638820871086e-03
1.544471535999999978e-01,1.838216395964203421e-03
1.544606252999999874e-01,1.838205981783348287e-03
1.545144999999999991e-01,1.838164325781570111e-03
1.545683559999999901e-01,1.838122670831702664e-03
1.546356496000000080e-01,1.838070603576625770e-03
1.546760118000000128e-01,1.838039363988591733e-03
1.548239160999999864e-01,1.837924823865417405e-03
1.548910987000000072e-01,1.837872762741034338e-03
1.549448237999999922e-01,1.837831115023422918e-03
1.549582522000000073e-01,1.837820703243986257e-03
1.550387978999999972e-01,1.837758233981151828e-03
1.550522180999999999e-01,1.837747822649197713e-03
1.550924717999999924e-01,1.837716589074769738e-03
1.551595380999999940e-01,1.837664534412048172e-03
1.552533822999999924e-01,1.837591660614343574e-03
1.552801845000000014e-01,1.837570840102534155e-03
1.553605633000000041e-01,1.837508380114157231e-03
1.553739557000000104e-01,1.837497970358286129e-03
1.554810536000000021e-01,1.837414694501019298e-03
1.555211962999999975e-01,1.837383467146207509e-03
1.555345749000000000e-01,1.837373058142136506e-03
1.556014505999999964e-01,1.837321014115346745e-03
1.556415623000000081e-01,1.837289788506371721e-03
1.556950283999999907e-01,1.837248155225762458e-03
1.557885499999999979e-01,1.837175299468365173e-03
1.558152600999999915e-01,1.837154484123485572e-03
1.558553166999999962e-01,1.837123261602963652e-03
1.558953630000000090e-01,1.837092039652298394e-03
1.560154403000000023e-01,1.836998377275472424e-03
1.560287764999999938e-01,1.836987970670358973e-03
1.561220982000000035e-01,1.836915126240177979e-03
1.561354252999999914e-01,1.836904720134474719e-03
1.561620760999999913e-01,1.836883908142202372e-03
1.561753998000000032e-01,1.836873502246782293e-03
1.562153639999999954e-01,1.836842284927384409e-03
1.562819484000000092e-01,1.836790257376578420e-03
1.563751188999999986e-01,1.836717421535173818e-03
1.563884245000000117e-01,1.836707016651092537e-03
1.564416352999999926e-01,1.836665397853277796e-03
1.564549352000000060e-01,1.836654993293141379e-03
1.566542979999999974e-01,1.836498932913407977e-03
1.567472471999999950e-01,1.836426109667229885e-03
1.567605212000000026e-01,1.836415706618709605e-03
1.567737939999999941e-01,1.836405303618068125e-03
1.568666723999999901e-01,1.836332484474937146e-03
1.568799361999999864e-01,1.836322082004197094e-03
1.569197210000000120e-01,1.836290874947649459e-03
1.569594957999999874e-01,1.836259668481967288e-03
1.570125131000000007e-01,1.836218060755692716e-03
1.570787596000000064e-01,1.836166052574215784e-03
1.570920054999999926e-01,1.836155651113115586e-03
1.571317365999999882e-01,1.836124447163995244e-03
1.571979329000000036e-01,1.836072441878419063e-03
1.572376372000000022e-01,1.836041239450429598e-03
1.572905608000000066e-01,1.835999637155898839e-03
1.573434665000000010e-01,1.835958035893979793e-03
1.573963545000000019e-01,1.835916435629990568e-03
1.574095736999999995e-01,1.835906035756583021e-03
1.574360087999999991e-01,1.835885236134236504e-03
1.574888657000000081e-01,1.835843637706374883e-03
1.575549119000000109e-01,1.835791641118664263e-03
1.575945263000000096e-01,1.835760443939354327e-03
1.576473301000000105e-01,1.835718848611535498e-03
1.577265025000000043e-01,1.835656457541399696e-03
1.577660738999999979e-01,1.835625262845287653e-03
1.578320039999999980e-01,1.835573273041608052e-03
1.578715488999999916e-01,1.835542079914097811e-03
1.579242600000000107e-01,1.835500490002588960e-03
1.579374350999999954e-01,1.835490092666495088e-03
1.580296294999999906e-01,1.835417313246665580e-03
1.580427957999999966e-01,1.835406916443483531e-03
1.580822879000000070e-01,1.835375726424951425e-03
1.581480862999999903e-01,1.835323744339173446e-03
1.583453172000000020e-01,1.835167807750255316e-03
1.583978706999999986e-01,1.835126227126610996e-03
1.584372742999999861e-01,1.835095042308973077e-03
1.585029253000000138e-01,1.835043068917140835e-03
1.586734907000000028e-01,1.834907945676849967e-03
1.586997152000000078e-01,1.834887158441277132e-03
1.587128258999999930e-01,1.834876764916516020e-03
1.587521514000000133e-01,1.834845584764008145e-03
1.587652576999999954e-01,1.834835191503538659e-03
1.587783628999999974e-01,1.834824798308110246e-03
1.588700692999999997e-01,1.834752047764021728e-03
1.588831659000000118e-01,1.834741655088676857e-03
1.589093558999999933e-01,1.834720869905359306e-03
1.589748119000000126e-01,1.834668908147981097e-03
1.589878999000000070e-01,1.834658515959984235e-03
1.590925649000000108e-01,1.834575380969720578e-03
1.591187202999999883e-01,1.834554597888748235e-03
1.591317965000000056e-01,1.834544206430469091e-03
1.591710184000000028e-01,1.834513032468671487e-03
1.591840902999999974e-01,1.834502641246466307e-03
1.592363669000000093e-01,1.834461077129374406e-03
1.593016885000000105e-01,1.834409123397435669e-03
1.593278096999999893e-01,1.834388342347551730e-03
1.593408685999999908e-01,1.834377951924765241e-03
1.594453019000000027e-01,1.834294830862417481e-03
1.594974929000000097e-01,1.834253271864020761e-03
1.595887860999999908e-01,1.834180546114850749e-03
1.596018237000000062e-01,1.834170156964159536e-03
1.596148602000000138e-01,1.834159767891073564e-03
1.596539634999999957e-01,1.834128601084335924e-03
1.597191142999999924e-01,1.834076657654198266e-03
1.597581921000000016e-01,1.834045492394624065e-03
1.598102808999999902e-01,1.834003939583383602e-03
1.599144076000000025e-01,1.833920837051223858e-03
1.599534375999999980e-01,1.833889674674517647e-03
1.600054629000000062e-01,1.833848125737314125e-03
1.600314690999999900e-01,1.833827351658940796e-03
1.601224578000000065e-01,1.833754644370252842e-03
1.601744281999999964e-01,1.833713098792274978e-03
1.602393673999999990e-01,1.833661168247826580e-03
1.602783183000000000e-01,1.833630010683846108e-03
1.603172596999999922e-01,1.833598853737084585e-03
1.603432153999999887e-01,1.833578082721219835e-03
1.604210574000000111e-01,1.833515771317189994e-03
1.604340273000000039e-01,1.833505386286329994e-03
1.605766279999999990e-01,1.833391155384167526e-03
1.605895854000000122e-01,1.833380771145143090e-03
1.606414046000000095e-01,1.833339234823740550e-03
1.606932071000000128e-01,1.833297699539068390e-03
1.607320479999999885e-01,1.833266548746418376e-03
1.607838212999999905e-01,1.833225015247417870e-03
1.608485145000000116e-01,1.833173099858901971e-03
1.608614499999999892e-01,1.833162716972921080e-03
1.609002502999999917e-01,1.833131568665269818e-03
1.609390411999999937e-01,1.833100420970778469e-03
1.609907479999999891e-01,1.833058891626913618e-03
1.610036719999999866e-01,1.833048509432031164e-03
1.611586801999999874e-01,1.832923928299360098e-03
1.611715907999999864e-01,1.832913546955217696e-03
1.612103165000000060e-01,1.832882403292619656e-03
1.612748385999999978e-01,1.832830498505006941e-03
1.613135394000000111e-01,1.832799356404962591e-03
1.613651261000000059e-01,1.832757834516508810e-03
1.614038053999999889e-01,1.832726693754274314e-03
1.614811359999999973e-01,1.832664413993165178e-03
1.615197874000000033e-01,1.832633274968068458e-03
1.615584295999999975e-01,1.832602136523641149e-03
1.615713082999999939e-01,1.832591757183281520e-03
1.615841859000000102e-01,1.832581377889870014e-03
1.616228127000000070e-01,1.832550240456036440e-03
1.616614302999999919e-01,1.832519103548333654e-03
1.616871702000000077e-01,1.832498345937906472e-03
1.617900888999999898e-01,1.832415318105162436e-03
1.618158083000000025e-01,1.832394561773199784e-03
1.619314953000000057e-01,1.832301161546508314e-03
1.619700393000000072e-01,1.832270029269085629e-03
1.619828852000000097e-01,1.832259651995579632e-03
1.620342587999999973e-01,1.832218143491709224e-03
1.621369571999999870e-01,1.832135129534099086e-03
1.622011106000000036e-01,1.832083247906774294e-03
1.622908828999999886e-01,1.832010616342485097e-03
1.623934189000000028e-01,1.831927612673975910e-03
1.624062313999999896e-01,1.831917237500452428e-03
1.624318533000000120e-01,1.831896487375032001e-03
1.624446626999999921e-01,1.831886112397141091e-03
1.624830848999999910e-01,1.831854987847497110e-03
1.625854998000000051e-01,1.831771991930162408e-03
1.625982971000000110e-01,1.831761617720088081e-03
1.626110933999999897e-01,1.831751243586745995e-03
1.627006394000000133e-01,1.831678626407844427e-03
1.627134276999999962e-01,1.831668252808636276e-03
1.628156977000000116e-01,1.831585266115599766e-03
1.628540323000000067e-01,1.831554147189204612e-03
1.628923579999999871e-01,1.831523028814987554e-03
1.629562139999999881e-01,1.831471166148931949e-03
1.630072808999999956e-01,1.831429677196351816e-03
1.630455704999999866e-01,1.831398561138986546e-03
1.630583317000000032e-01,1.831388189244376229e-03
1.631603855000000047e-01,1.831305216459900870e-03
1.631986391999999952e-01,1.831274102740306853e-03
1.632113883999999904e-01,1.831263731640389407e-03
1.632496301999999955e-01,1.831232618684964066e-03
1.633006053000000124e-01,1.831191135629090883e-03
1.633133465000000117e-01,1.831180765015927303e-03
1.633260867999999921e-01,1.831170394483178131e-03
1.633643016999999920e-01,1.831139283261198859e-03
1.634025077000000048e-01,1.831108172623743769e-03
1.634279734000000095e-01,1.831087432493356572e-03
1.634661645000000108e-01,1.831056322804482106e-03
1.635170720000000133e-01,1.831014844131179401e-03
1.636315560999999918e-01,1.830921520856903075e-03
1.636569861999999931e-01,1.830900783093419859e-03
1.636696997000000042e-01,1.830890414281145578e-03
1.637332525999999899e-01,1.830838571220714389e-03
1.637713725000000120e-01,1.830807466172721786e-03
1.638221851999999978e-01,1.830765993686765940e-03
1.638602844000000003e-01,1.830734889968969490e-03
1.639364561999999970e-01,1.830672684296980393e-03
1.640125926999999872e-01,1.830610480945706314e-03
1.640379637000000113e-01,1.830589746996744063e-03
1.640760126999999957e-01,1.830558646545012765e-03
1.641140530000000097e-01,1.830527546698628620e-03
1.641267311000000062e-01,1.830517180213210712e-03
1.642154506999999874e-01,1.830444616604689264e-03
1.642281210000000047e-01,1.830434250653059647e-03
1.642661260000000123e-01,1.830403153110731103e-03
1.642787924000000122e-01,1.830392787378841294e-03
1.644307130000000061e-01,1.830268403794636962e-03
1.644433667000000099e-01,1.830258038896086410e-03
1.644686711999999995e-01,1.830237309341820788e-03
1.645319154999999867e-01,1.830185486549841447e-03
1.645445614000000112e-01,1.830175122158613161e-03
1.646456939000000008e-01,1.830092209538097337e-03
1.646709672999999985e-01,1.830071482019135715e-03
1.647341338999999960e-01,1.830019664393128190e-03
1.647846497000000077e-01,1.829978211404619188e-03
1.648351500999999941e-01,1.829936759444908976e-03
1.648477727999999864e-01,1.829926396632283606e-03
1.650243888000000048e-01,1.829781323839125163e-03
1.650748157999999965e-01,1.829739876743102529e-03
1.651378279000000060e-01,1.829688069372088690e-03
1.651504273999999939e-01,1.829677708095250226e-03
1.652260043999999872e-01,1.829615541735080770e-03
1.652385972000000036e-01,1.829605180924765177e-03
1.652511891000000011e-01,1.829594820141104911e-03
1.652889589000000048e-01,1.829563738214283518e-03
1.653267200000000103e-01,1.829532656872668922e-03
1.653393052000000085e-01,1.829522296558842897e-03
1.653518894000000072e-01,1.829511936287983587e-03
1.654399518000000124e-01,1.829439416310377859e-03
1.654902521999999931e-01,1.829397977696788297e-03
1.655531061999999942e-01,1.829346180930177014e-03
1.656787426000000119e-01,1.829242592163662961e-03
1.656913010000000130e-01,1.829232233660813218e-03
1.657540787000000015e-01,1.829180442004588875e-03
1.657917338999999879e-01,1.829149367769648685e-03
1.658544735999999964e-01,1.829097578696663087e-03
1.658921060999999919e-01,1.829066506009764540e-03
1.659422694000000087e-01,1.829025076668366933e-03
1.660425504999999968e-01,1.828942221083518964e-03
1.660550813999999986e-01,1.828931864404413502e-03
1.660801403000000120e-01,1.828911151285374541e-03
1.661302469000000004e-01,1.828869725802937394e-03
1.661928588000000095e-01,1.828817945373018309e-03
1.662429313000000075e-01,1.828776522217162798e-03
1.662554471000000089e-01,1.828766166600621869e-03
1.663430311999999911e-01,1.828693678938968356e-03
1.663930586000000045e-01,1.828652258832953823e-03
1.664305691999999892e-01,1.828621194468509547e-03
1.664555715999999908e-01,1.828600485181924255e-03
1.664805702999999915e-01,1.828579776152941278e-03
1.664930682000000106e-01,1.828569421760768612e-03
1.665305562999999933e-01,1.828538358875824018e-03
1.666429701000000096e-01,1.828445173764469116e-03
1.666804245000000073e-01,1.828414113238003604e-03
1.667553079999999910e-01,1.828351993890625594e-03
1.668426296999999947e-01,1.828279524224141455e-03
1.669423700000000066e-01,1.828196705569951888e-03
1.669548332999999940e-01,1.828186353535217685e-03
1.669922178000000090e-01,1.828155297808685409e-03
1.670420506999999999e-01,1.828113891070726454e-03
1.670918687999999874e-01,1.828072485353443447e-03
1.671416719999999911e-01,1.828031080657538951e-03
1.671541205000000030e-01,1.828020729639478906e-03
1.672536749999999905e-01,1.827937923838245451e-03
1.672785544000000013e-01,1.827917223056787100e-03
1.672909925999999936e-01,1.827906872738462897e-03
1.673283020000000121e-01,1.827875822204762029e-03
1.673531702999999926e-01,1.827855122159381760e-03
1.673904657999999990e-01,1.827824072607156210e-03
1.674277529000000042e-01,1.827793023570542519e-03
1.674401801000000023e-01,1.827782674053641480e-03
1.674774562999999938e-01,1.827751625828931284e-03
1.675519836000000096e-01,1.827689531084682054e-03
1.675892347999999865e-01,1.827658484613295907e-03
1.676885310000000018e-01,1.827575696777974847e-03
1.677257518999999975e-01,1.827544652402158512e-03
1.677381571000000071e-01,1.827534304414609205e-03
1.678497620000000135e-01,1.827441175314078537e-03
1.678745530000000097e-01,1.827420480654861571e-03
1.678869471999999974e-01,1.827410133437684095e-03
1.679489041999999988e-01,1.827358398233572701e-03
1.679860673999999943e-01,1.827327357912362192e-03
1.680232224000000052e-01,1.827296318145487123e-03
1.680479877999999927e-01,1.827275625302146817e-03
1.680727495999999876e-01,1.827254932723837346e-03
1.681346381000000112e-01,1.827203202319585247e-03
1.682212436999999949e-01,1.827130782509685247e-03
1.682830775999999973e-01,1.827079055994429478e-03
1.683819645999999892e-01,1.826996296895039588e-03
1.684313863999999938e-01,1.826954918890077084e-03
1.685178394999999885e-01,1.826882509845516658e-03
1.685425322000000115e-01,1.826861822085469080e-03
1.685795646000000092e-01,1.826830791001263178e-03
1.686289283999999888e-01,1.826789417075764654e-03
1.686659417999999966e-01,1.826758387320358669e-03
1.687276127000000014e-01,1.826706672362784362e-03
1.687769332000000067e-01,1.826665301518041106e-03
1.688262392999999861e-01,1.826623931694795842e-03
1.688385635999999912e-01,1.826613589425222974e-03
1.689124902999999955e-01,1.826551537006016954e-03
1.689248083000000067e-01,1.826541195160858279e-03
1.690233197999999881e-01,1.826458462743855158e-03
1.690356296999999952e-01,1.826448121491084818e-03
1.690602468999999886e-01,1.826427439155986140e-03
1.690725540999999943e-01,1.826417098051651535e-03
1.691709795999999932e-01,1.826334371778380854e-03
1.692570549000000091e-01,1.826261989673848979e-03
1.692693477999999974e-01,1.826251649612710068e-03
1.693185104999999913e-01,1.826210290086537026e-03
1.693307990000000041e-01,1.826199950336287884e-03
1.693676590000000037e-01,1.826168931559395353e-03
1.694290743999999904e-01,1.826117234846643365e-03
1.695150186999999919e-01,1.826044862117261018e-03
1.696254544999999947e-01,1.825951816124899568e-03
1.696622505000000003e-01,1.825920801926463359e-03
1.696990385000000101e-01,1.825889788317614773e-03
1.697112993999999875e-01,1.825879450567117123e-03
1.697235594000000014e-01,1.825869112907623068e-03
1.697603340999999932e-01,1.825838100251548799e-03
1.697971007999999893e-01,1.825807088162038688e-03
1.698093545999999898e-01,1.825796750943765043e-03
1.698461106999999970e-01,1.825765739646676399e-03
1.699195991000000128e-01,1.825703718796949614e-03
1.700420092000000105e-01,1.825600355770403511e-03
1.700542452999999898e-01,1.825590019850216071e-03
1.701031812000000087e-01,1.825548676695832586e-03
1.701521028999999907e-01,1.825507334543845835e-03
1.702010106000000078e-01,1.825465993476244487e-03
1.702132353999999959e-01,1.825455658328158830e-03
1.702376821999999901e-01,1.825434988291367707e-03
1.703110016000000115e-01,1.825372979736545817e-03
1.703842895000000079e-01,1.825310973480652119e-03
1.703965010999999863e-01,1.825300639305408061e-03
1.704331305000000019e-01,1.825269637238605873e-03
1.704819576000000114e-01,1.825228302037682328e-03
1.705429717999999983e-01,1.825176634469532870e-03
1.706039642000000134e-01,1.825124968490313138e-03
1.706405491000000108e-01,1.825093969684898855e-03
1.706893168999999988e-01,1.825052638838184794e-03
1.707015065999999970e-01,1.825042306300264910e-03
1.707989933999999876e-01,1.824959648176796220e-03
1.708233563000000066e-01,1.824938984263001739e-03
1.708355364999999959e-01,1.824928652450096521e-03
1.708720719000000055e-01,1.824897657259432447e-03
1.708964245000000048e-01,1.824876994152897607e-03
1.709816312000000116e-01,1.824804675247619721e-03
1.710789583000000003e-01,1.824722028917398617e-03
1.710911203000000103e-01,1.824711698390313374e-03
1.712248452000000032e-01,1.824598067100097372e-03
1.712612974999999926e-01,1.824567078093754799e-03
1.713584657999999983e-01,1.824484443545900444e-03
1.713706078999999993e-01,1.824474114514453233e-03
1.713827491999999897e-01,1.824463785542978882e-03
1.714070292000000051e-01,1.824443127783466128e-03
1.714677142000000098e-01,1.824391484548216515e-03
1.714798486000000122e-01,1.824381156076292001e-03
1.715162467999999940e-01,1.824350171101881118e-03
1.715526370999999883e-01,1.824319186711354955e-03
1.716011457000000129e-01,1.824277875056711353e-03
1.716617619999999955e-01,1.824226236941214017e-03
1.716738827000000023e-01,1.824215909513905503e-03
1.717102396999999891e-01,1.824184927602355349e-03
1.717708175999999864e-01,1.824133292359952354e-03
1.717950427000000113e-01,1.824112638739379226e-03
1.718071539999999897e-01,1.824102311974295978e-03
1.719524231000000014e-01,1.823978396255251239e-03
1.719887211999999999e-01,1.823947418761885653e-03
1.720008188999999910e-01,1.823937093042304414e-03
1.720612944000000089e-01,1.823885465518248865e-03
1.721338370999999923e-01,1.823823514548572828e-03
1.721459244999999916e-01,1.823813189587747494e-03
1.721821818000000004e-01,1.823782215183818167e-03
1.722425937000000018e-01,1.823730592434581396e-03
1.723392086999999961e-01,1.823647999357686520e-03
1.723874958000000124e-01,1.823606704326211038e-03
1.724357695000000024e-01,1.823565410357091921e-03
1.724478358000000044e-01,1.823555087007917505e-03
1.725443358000000038e-01,1.823472502627434275e-03
1.725684523999999886e-01,1.823451857194106733e-03
1.725805093999999984e-01,1.823441534529107472e-03
1.726407819000000121e-01,1.823389922321751655e-03
1.726769353000000007e-01,1.823358955781673174e-03
1.727733073000000119e-01,1.823276381123176615e-03
1.728214731999999920e-01,1.823235095347761243e-03
1.728335125999999888e-01,1.823224774040783100e-03
1.729057311999999957e-01,1.823162847652752159e-03
1.729297972999999933e-01,1.823142206037213151e-03
1.730140025999999942e-01,1.823069962357823717e-03
1.730981668000000084e-01,1.822997721865783974e-03
1.731222062999999978e-01,1.822977082277761358e-03
1.731462423000000028e-01,1.822956442954868457e-03
1.731943045000000070e-01,1.822915165100728917e-03
1.732063179999999980e-01,1.822904845785748486e-03
1.732543633999999999e-01,1.822863569228401481e-03
1.733144016000000009e-01,1.822811974896312685e-03
1.733384109999999978e-01,1.822791337642246014e-03
1.733984199999999976e-01,1.822739745591803445e-03
1.734104193000000071e-01,1.822729427395811813e-03
1.734464122999999913e-01,1.822698473121001561e-03
1.734823977999999933e-01,1.822667519376364219e-03
1.735063840000000135e-01,1.822646883941720416e-03
1.735423570000000082e-01,1.822615931185966095e-03
1.735783226000000012e-01,1.822584979007280982e-03
1.735903095000000118e-01,1.822574661766672693e-03
1.736981541000000018e-01,1.822481809286033297e-03
1.737221104999999988e-01,1.822461176126368093e-03
1.737340874999999951e-01,1.822450859625455218e-03
1.738298734000000012e-01,1.822368329971881624e-03
1.738777465999999938e-01,1.822327066675744024e-03
1.739614929999999948e-01,1.822254858367201467e-03
1.739854131000000137e-01,1.822234228045217959e-03
1.740691075999999948e-01,1.822162023774548303e-03
1.741647092999999979e-01,1.822079508447972413e-03
1.741766557999999965e-01,1.822069194308536654e-03
1.742602584999999871e-01,1.821996997186471840e-03
1.742721985000000029e-01,1.821986683563992350e-03
1.742960759999999942e-01,1.821966056534245117e-03
1.743080134999999975e-01,1.821955743091728660e-03
1.743676888000000036e-01,1.821904176948184679e-03
1.744034841999999863e-01,1.821873238006032963e-03
1.744392723000000034e-01,1.821842299667598844e-03
1.745465922999999975e-01,1.821749488001996129e-03
1.745942689999999964e-01,1.821708240071288811e-03
1.746300178999999897e-01,1.821677304764382846e-03
1.746538464999999873e-01,1.821656681583204863e-03
1.746895831999999982e-01,1.821625747220562662e-03
1.748324572000000132e-01,1.821502015658500338e-03
1.748443581000000135e-01,1.821491705133988261e-03
1.748800558999999977e-01,1.821460773856170773e-03
1.749395360999999871e-01,1.821409223000555050e-03
1.750227742999999891e-01,1.821337054522218250e-03
1.750346623000000046e-01,1.821326744985130941e-03
1.751178553999999943e-01,1.821254580120440416e-03
1.751653764999999974e-01,1.821213344419949070e-03
1.752010089000000104e-01,1.821182418316672500e-03
1.752485075000000114e-01,1.821141184436755010e-03
1.752603801000000017e-01,1.821130876094181374e-03
1.753553322999999997e-01,1.821048411893366878e-03
1.754027891000000117e-01,1.821007181314680638e-03
1.754146513000000018e-01,1.820996873867172924e-03
1.754383733000000056e-01,1.820976259095797743e-03
1.754502330999999915e-01,1.820965951790999224e-03
1.754858076999999961e-01,1.820935030291016962e-03
1.755095200000000022e-01,1.820914416281990298e-03
1.755450826000000131e-01,1.820883495743293992e-03
1.756280337999999996e-01,1.820811350067775419e-03
1.756872607999999947e-01,1.820759819365138374e-03
1.756991036999999978e-01,1.820749513410263500e-03
1.757346278999999956e-01,1.820718595950615928e-03
1.757701449000000082e-01,1.820687679035297912e-03
1.758648217999999874e-01,1.820605236813723458e-03
1.758766529000000134e-01,1.820594931775697863e-03
1.759830964000000109e-01,1.820502189711792167e-03
1.760067416999999967e-01,1.820481581062230111e-03
1.760185632000000056e-01,1.820471276863597308e-03
1.760776588000000087e-01,1.820419756678284037e-03
1.761131066000000134e-01,1.820388845343572960e-03
1.761485473000000135e-01,1.820357934591422793e-03
1.761603593000000134e-01,1.820347631106285224e-03
1.761957903999999964e-01,1.820316721115897889e-03
1.762075992000000091e-01,1.820306417914729132e-03
1.762548265999999975e-01,1.820265205722370726e-03
1.762666314000000123e-01,1.820254902838792325e-03
1.763610418000000069e-01,1.820172482030998559e-03
1.763964326999999943e-01,1.820141575327675855e-03
1.764436094000000066e-01,1.820100367225104985e-03
1.765261384000000044e-01,1.820028255475212176e-03
1.765379252000000010e-01,1.820017954074671642e-03
1.765732805999999933e-01,1.819987050179552911e-03
1.766204101000000137e-01,1.819945845956701070e-03
1.766321905000000081e-01,1.819935545040767249e-03
1.766793043000000063e-01,1.819894342017708494e-03
1.767617233000000065e-01,1.819822239262356475e-03
1.768323376000000002e-01,1.819760439364574798e-03
1.768676341000000041e-01,1.819729540299946458e-03
1.769264459999999872e-01,1.819678043082227593e-03
1.769969946000000127e-01,1.819616248541006814e-03
1.770087499000000120e-01,1.819605949673087529e-03
1.771027646999999983e-01,1.819523561051857941e-03
1.771145130000000012e-01,1.819513262747698848e-03
1.771380073000000110e-01,1.819492666373517809e-03
1.771497532999999902e-01,1.819482368254160109e-03
1.772436933000000048e-01,1.819399985789520949e-03
1.773258498999999988e-01,1.819327904432960089e-03
1.773845098999999870e-01,1.819276419664089383e-03
1.774314240000000042e-01,1.819235233022821734e-03
1.774783255999999865e-01,1.819194047375806509e-03
1.774900490999999914e-01,1.819183751136256534e-03
1.775252149000000057e-01,1.819152862793815871e-03
1.775720916999999899e-01,1.819111679148722712e-03
1.775838090000000091e-01,1.819101383459547803e-03
1.776658084000000137e-01,1.819029315050886856e-03
1.776775194999999918e-01,1.819019019833041087e-03
1.777126481000000091e-01,1.818988134487940648e-03
1.777477698999999911e-01,1.818957249785054572e-03
1.777711804999999867e-01,1.818936660306228912e-03
1.778881874999999890e-01,1.818833716581390314e-03
1.778998838999999998e-01,1.818823422583150341e-03
1.779583546999999877e-01,1.818771953449525771e-03
1.780518680000000020e-01,1.818689606182801290e-03
1.780869227999999915e-01,1.818658727004973273e-03
1.781219708000000013e-01,1.818627848382024315e-03
1.781336518999999952e-01,1.818617555630439031e-03
1.782153982000000136e-01,1.818545508241430899e-03
1.782270732000000024e-01,1.818535216001771837e-03
1.783321136999999890e-01,1.818442588763961821e-03
1.784137691000000081e-01,1.818370548942793057e-03
1.784254311000000037e-01,1.818360257822054489e-03
1.784487527999999990e-01,1.818339675734048557e-03
1.786119197000000103e-01,1.818195608143410944e-03
1.786468646000000104e-01,1.818164738152053305e-03
1.786934471999999940e-01,1.818123579028300399e-03
1.787400177000000034e-01,1.818082420911013453e-03
1.787865760000000026e-01,1.818041263876919505e-03
1.788214868000000124e-01,1.818010396721192684e-03
1.788331221999999998e-01,1.818000107818728509e-03
1.788680239000000061e-01,1.817969241426459562e-03
1.788912879000000011e-01,1.817948664192022348e-03
1.789261782999999884e-01,1.817917798772581556e-03
1.789610618999999958e-01,1.817886933932280364e-03
1.790772912999999966e-01,1.817784055275327741e-03
1.791121454000000057e-01,1.817753192945852298e-03
1.791469927999999878e-01,1.817722331159611366e-03
1.791586071000000058e-01,1.817712044063561367e-03
1.792050565999999956e-01,1.817670896151418226e-03
1.792398859000000066e-01,1.817640035900364853e-03
1.793559346999999971e-01,1.817537172547438505e-03
1.793791354000000005e-01,1.817516600658006330e-03
1.794487197000000089e-01,1.817454886460197379e-03
1.794835016999999922e-01,1.817424030213085281e-03
1.795182768999999956e-01,1.817393174595332162e-03
1.795298671999999984e-01,1.817382889478885277e-03
1.795646334000000066e-01,1.817352034595638797e-03
1.796225623000000104e-01,1.817300611056855281e-03
1.796341458000000058e-01,1.817290326524613172e-03
1.796688918999999884e-01,1.817259473353930377e-03
1.797036312999999996e-01,1.817228620736256175e-03
1.797267871000000072e-01,1.817208052646210369e-03
1.797615153000000077e-01,1.817177201013354514e-03
1.798078092000000017e-01,1.817136066382610141e-03
1.799119267000000022e-01,1.817043517156370202e-03
1.799350557000000128e-01,1.817022951383352476e-03
1.799928654000000072e-01,1.816971538015861804e-03
1.800044251000000040e-01,1.816961255528764998e-03
1.800390997000000104e-01,1.816930408487461976e-03
1.800853221000000004e-01,1.816889279987756204e-03
1.800968759000000086e-01,1.816878998012318039e-03
1.801199812000000011e-01,1.816858434257387616e-03
1.801777314999999935e-01,1.816807025978283037e-03
1.802585508000000003e-01,1.816735057113312655e-03
1.803162567000000105e-01,1.816683652635211858e-03
1.803508714000000013e-01,1.816652810724874801e-03
1.803624081000000101e-01,1.816642530215601065e-03
1.804546756000000030e-01,1.816560288494007596e-03
1.805007915999999879e-01,1.816519169119138345e-03
1.805584201000000055e-01,1.816467771369135011e-03
1.805929883000000069e-01,1.816436933492663643e-03
1.806275499999999978e-01,1.816406096191008727e-03
1.806390690000000132e-01,1.816395817197754940e-03
1.806736218999999977e-01,1.816364980664794378e-03
1.807196819999999926e-01,1.816323866135354523e-03
1.807427077000000049e-01,1.816303309270879103e-03
1.807772407000000081e-01,1.816272474416059240e-03
1.808232744999999919e-01,1.816231362222256495e-03
1.808347811000000083e-01,1.816221084349394898e-03
1.809153068000000086e-01,1.816149140852296598e-03
1.810072923999999917e-01,1.816066923517918250e-03
1.810532676999999924e-01,1.816025816400779636e-03
1.810877415000000101e-01,1.815994986752704314e-03
1.811796394999999893e-01,1.815912777082020297e-03
1.812255711000000102e-01,1.815871673761431347e-03
1.812370520999999901e-01,1.815861398128849761e-03
1.812829690999999965e-01,1.815820296069620100e-03
1.813288744999999869e-01,1.815779195076452175e-03
1.814665209000000112e-01,1.815655898151140920e-03
1.815582272000000053e-01,1.815573705282870747e-03
1.815696871999999962e-01,1.815563431466091660e-03
1.816040630000000100e-01,1.815532610381057239e-03
1.816498871999999987e-01,1.815491516473061607e-03
1.816613414000000093e-01,1.815481243184069535e-03
1.816956999000000073e-01,1.815450423612927858e-03
1.817415009999999997e-01,1.815409331804067761e-03
1.817529494000000023e-01,1.815399058946145366e-03
1.817758442000000085e-01,1.815378513556300220e-03
1.818445113000000113e-01,1.815316878841170822e-03
1.818788350999999970e-01,1.815286062340465195e-03
1.819360270000000002e-01,1.815234702778749680e-03
1.819588987999999907e-01,1.815214159391700683e-03
1.819703336000000060e-01,1.815203887810183485e-03
1.821074950999999886e-01,1.815080633663926401e-03
1.821189206000000116e-01,1.815070362877375726e-03
1.821417693999999865e-01,1.815049821547834105e-03
1.821874582999999936e-01,1.815008739592610144e-03
1.822102985000000064e-01,1.814988199035084656e-03
1.822902165999999990e-01,1.814916309014538969e-03
1.823244565000000095e-01,1.814885499927288391e-03
1.823815087000000001e-01,1.814834152776580861e-03
1.824613518000000045e-01,1.814762269462082567e-03
1.824841577000000103e-01,1.814741731955452769e-03
1.825183612000000066e-01,1.814710926109958013e-03
1.825639559999999995e-01,1.814669852600947399e-03
1.825753528999999875e-01,1.814659584365526388e-03
1.826551111999999977e-01,1.814587708599661470e-03
1.826892827000000108e-01,1.814556905637916160e-03
1.827006717999999919e-01,1.814546638141780301e-03
1.827576066000000110e-01,1.814495301444567178e-03
1.828372853999999936e-01,1.814423432810836337e-03
1.828714228999999969e-01,1.814392632889213000e-03
1.829396786999999969e-01,1.814331034863078977e-03
1.829737969999999936e-01,1.814300236650460757e-03
1.830647481999999882e-01,1.814218110991779173e-03
1.832010903000000079e-01,1.814094930081535263e-03
1.832124475999999946e-01,1.814084665413563105e-03
1.832351600000000080e-01,1.814064136310766491e-03
1.832465151999999875e-01,1.814053871792184166e-03
1.832805764000000059e-01,1.814023078802087146e-03
1.833373309999999923e-01,1.813971758321695311e-03
1.833713754000000085e-01,1.813940966835405569e-03
1.833827221000000063e-01,1.813930703126236761e-03
1.833940681000000017e-01,1.813920439485110529e-03
1.834734705999999937e-01,1.813848595736461530e-03
1.834848109999999977e-01,1.813838332635339320e-03
1.835188279999999950e-01,1.813807543601200041e-03
1.835755089999999978e-01,1.813756229850152285e-03
1.835981764999999877e-01,1.813735704766052722e-03
1.836095091999999929e-01,1.813725442365402528e-03
1.836435030999999940e-01,1.813694655438614000e-03
1.836548329999999896e-01,1.813684393223767436e-03
1.837001456000000033e-01,1.813643345143720010e-03
1.837567706999999884e-01,1.813592036451693815e-03
1.837794158000000122e-01,1.813571513452117128e-03
1.837907373000000066e-01,1.813561252028069847e-03
1.838812844000000113e-01,1.813479162939704483e-03
1.840057139000000064e-01,1.813366297146533140e-03
1.840283283999999964e-01,1.813345776865931238e-03
1.840961552000000001e-01,1.813284217732502677e-03
1.841074572999999992e-01,1.813273958082714087e-03
1.841187585999999876e-01,1.813263698521569217e-03
1.841526585000000105e-01,1.813232920152443080e-03
1.842881956999999904e-01,1.813109812476223701e-03
1.843220644000000130e-01,1.813079037005017316e-03
1.843672131000000103e-01,1.813038003898141248e-03
1.844687570000000110e-01,1.812945683150104029e-03
1.845025925999999872e-01,1.812914910714778218e-03
1.845138698000000077e-01,1.812904653396547319e-03
1.845589715000000020e-01,1.812863624603949569e-03
1.845702452000000104e-01,1.812853367566755582e-03
1.846378728999999996e-01,1.812791826659397847e-03
1.846604099999999971e-01,1.812771313564525170e-03
1.847280048000000119e-01,1.812709775743157449e-03
1.848293504999999892e-01,1.812617473276173768e-03
1.848406076999999925e-01,1.812607217787985930e-03
1.848631201000000002e-01,1.812586706963474018e-03
1.849643917999999887e-01,1.812494411401188938e-03
1.849981367000000099e-01,1.812463647293637795e-03
1.850206299000000110e-01,1.812443138249919495e-03
1.850431204000000107e-01,1.812422629491394505e-03
1.850993345999999984e-01,1.812371358576177118e-03
1.851442936999999900e-01,1.812330343041140650e-03
1.852004771000000105e-01,1.812279074991935378e-03
1.852229458000000106e-01,1.812258568271848816e-03
1.852341791000000071e-01,1.812248314959618309e-03
1.852791054000000048e-01,1.812207302442303764e-03
1.853801499000000130e-01,1.812115028003831235e-03
1.854474822000000134e-01,1.812053514543727605e-03
1.854699209000000015e-01,1.812033010586763457e-03
1.855035738999999961e-01,1.812002255146856391e-03
1.855484350000000116e-01,1.811961248720220588e-03
1.855820736999999887e-01,1.811930494537794837e-03
1.856381246999999901e-01,1.811879238927864436e-03
1.856493328999999914e-01,1.811868988005463149e-03
1.856829533000000088e-01,1.811838235551529314e-03
1.857389738999999929e-01,1.811786982766320272e-03
1.857725781000000020e-01,1.811756231839789641e-03
1.858061762000000061e-01,1.811725481535578913e-03
1.858173741999999962e-01,1.811715231564231098e-03
1.858285715999999921e-01,1.811704981623520885e-03
1.859181260999999974e-01,1.811622984552663934e-03
1.860076375999999976e-01,1.811540991498983115e-03
1.860411932000000101e-01,1.811510245187764523e-03
1.860747429000000064e-01,1.811479499386057417e-03
1.860859246999999883e-01,1.811469250924569981e-03
1.861194663000000082e-01,1.811438505917966658e-03
1.861306454999999971e-01,1.811428257711849166e-03
1.861753555000000004e-01,1.811387265497113250e-03
1.861865313000000133e-01,1.811377017634127964e-03
1.862200548000000067e-01,1.811346274321008754e-03
1.862535721999999949e-01,1.811315531605328958e-03
1.863540881999999899e-01,1.811223306884972122e-03
1.864322298999999961e-01,1.811151580090242328e-03
1.864433903000000115e-01,1.811141333670500571e-03
1.864545501000000050e-01,1.811131087267279019e-03
1.864768676000000125e-01,1.811110594771849066e-03
1.864880254000000070e-01,1.811100348566376883e-03
1.865326496999999972e-01,1.811059364467809078e-03
1.865438040999999880e-01,1.811049118660722646e-03
1.866218664000000027e-01,1.810977399408647721e-03
1.867110404000000001e-01,1.810895438331505507e-03
1.867556113999999934e-01,1.810854459355545334e-03
1.868335852000000130e-01,1.810782748533365646e-03
1.868447216000000133e-01,1.810772504427515806e-03
1.868781270000000050e-01,1.810741772320149283e-03
1.869894350999999899e-01,1.810639336297538383e-03
1.870228146000000036e-01,1.810608606678068685e-03
1.870784339000000074e-01,1.810557391974652788e-03
1.871896228999999912e-01,1.810454967329423129e-03
1.872340799999999972e-01,1.810413999256067731e-03
1.872451927000000071e-01,1.810403757374411376e-03
1.872896366000000035e-01,1.810362790532230861e-03
1.873340699999999914e-01,1.810321824721942367e-03
1.873451765999999963e-01,1.810311583433291474e-03
1.875227942999999897e-01,1.810147731409187570e-03
1.875449847000000003e-01,1.810127251010830093e-03
1.876115401000000016e-01,1.810065811438565453e-03
1.876448089999999957e-01,1.810035092560693037e-03
1.876780718999999931e-01,1.810004374211531377e-03
1.876891582000000114e-01,1.809994134855912561e-03
1.877224133000000017e-01,1.809963417255565539e-03
1.877334971000000075e-01,1.809953178190281536e-03
1.877778253999999869e-01,1.809912222547534330e-03
1.878221432999999940e-01,1.809871267909832996e-03
1.878553748000000023e-01,1.809840552572117463e-03
1.878775259000000086e-01,1.809820075977486417e-03
1.879107476999999915e-01,1.809789361635163671e-03
1.879439635000000053e-01,1.809758647839157823e-03
1.879550342000000096e-01,1.809748410056495399e-03
1.880435759999999901e-01,1.809666509891811855e-03
1.880767684000000106e-01,1.809635798382826189e-03
1.880878311999999997e-01,1.809625561308466106e-03
1.881431356999999915e-01,1.809574377091991522e-03
1.882205345999999890e-01,1.809502721784347727e-03
1.882536958000000094e-01,1.809472013269486108e-03
1.883089514999999881e-01,1.809420833770433073e-03
1.883200006999999898e-01,1.809410598029198439e-03
1.883862823000000131e-01,1.809349185134747837e-03
1.884083709000000106e-01,1.809328714632169001e-03
1.884856608999999905e-01,1.809257070000738809e-03
1.885298123999999964e-01,1.809216131559714070e-03
1.885739535000000022e-01,1.809175194168850375e-03
1.885849871999999983e-01,1.809164959986493118e-03
1.886070525999999914e-01,1.809144491750058368e-03
1.886511757000000067e-01,1.809103556156298805e-03
1.887834830000000019e-01,1.808980755392307913e-03
1.888496018999999970e-01,1.808919358397286653e-03
1.888826526000000061e-01,1.808888660746863939e-03
1.889267112999999942e-01,1.808847731464838281e-03
1.889377244000000067e-01,1.808837499278230076e-03
1.889707596999999906e-01,1.808806803163795279e-03
1.890037893000000024e-01,1.808776107654416201e-03
1.890147979000000034e-01,1.808765875930970924e-03
1.890258058000000019e-01,1.808755644264629491e-03
1.891028433999999980e-01,1.808684024442599493e-03
1.891138461999999909e-01,1.808673793303820429e-03
1.891468507999999882e-01,1.808643100250332744e-03
1.892348349000000096e-01,1.808561254834930264e-03
1.892678184000000097e-01,1.808530563888665179e-03
1.892788116000000131e-01,1.808520333643896024e-03
1.893117874999999950e-01,1.808489643414788392e-03
1.894106805000000116e-01,1.808397576192274448e-03
1.894985421000000003e-01,1.808315742990396430e-03
1.895424575999999917e-01,1.808274827877698809e-03
1.896302582000000125e-01,1.808193000690803791e-03
1.896412303999999993e-01,1.808182772613619324e-03
1.896631729000000099e-01,1.808162316592212392e-03
1.897180179999999883e-01,1.808111177653752219e-03
1.897289852000000054e-01,1.808100950024644224e-03
1.897618828000000035e-01,1.808070267602227650e-03
1.897947747000000018e-01,1.808039585726339393e-03
1.898166994000000107e-01,1.808019131496084756e-03
1.898386216999999876e-01,1.807998677483164951e-03
1.898934161999999981e-01,1.807947543580647578e-03
1.899372404000000125e-01,1.807906637598705136e-03
1.899920063999999964e-01,1.807855506587648054e-03
1.900139083999999867e-01,1.807835054596633028e-03
1.900248585000000046e-01,1.807824828671675092e-03
1.900686524000000099e-01,1.807783925770879100e-03
1.901124362000000123e-01,1.807743023829567336e-03
1.901562099000000117e-01,1.807702122939514044e-03
1.901890336000000015e-01,1.807671447881084277e-03
1.901999735999999885e-01,1.807661222984955490e-03
1.902546639999999900e-01,1.807610099597544697e-03
1.903202717999999960e-01,1.807548753498423996e-03
1.903312041999999926e-01,1.807538529406179945e-03
1.904077136000000003e-01,1.807466962296831172e-03
1.904186409999999996e-01,1.807456738747782385e-03
1.904295678000000047e-01,1.807446515133243016e-03
1.904951152999999897e-01,1.807385175191075517e-03
1.905169594999999994e-01,1.807364729064464938e-03
1.905497210000000052e-01,1.807334060288976569e-03
1.906043111000000068e-01,1.807282946971920917e-03
1.906807108999999945e-01,1.807211390975687563e-03
1.906916227000000075e-01,1.807201168934839458e-03
1.907243542000000014e-01,1.807170503218534638e-03
1.907570802000000121e-01,1.807139838063809246e-03
1.907788943000000015e-01,1.807119394978685435e-03
1.908116109000000116e-01,1.807088730797718227e-03
1.908552242999999871e-01,1.807047846108435912e-03
1.909424211000000093e-01,1.806966079680978957e-03
1.909533179000000025e-01,1.806955859186209655e-03
1.909860046000000089e-01,1.806925198049644851e-03
1.910186856999999960e-01,1.806894537459881583e-03
1.910404699999999900e-01,1.806874097385691071e-03
1.911058079000000076e-01,1.806812778688136412e-03
1.911928904999999901e-01,1.806731023911619652e-03
1.912364169000000114e-01,1.806690148096696700e-03
1.912908110000000050e-01,1.806639054741291219e-03
1.913016879999999975e-01,1.806628836226157990e-03
1.913778093999999874e-01,1.806557308563004442e-03
1.914756353000000022e-01,1.806465349029371531e-03
1.915625497000000010e-01,1.806383611543235920e-03
1.915842721000000082e-01,1.806363177757170377e-03
1.915951324000000067e-01,1.806352960996817280e-03
1.916385674999999955e-01,1.806312094506054046e-03
1.916819926999999979e-01,1.806271229046954498e-03
1.917254080000000138e-01,1.806230364579155308e-03
1.917579631000000118e-01,1.806199716928616819e-03
1.917688136000000043e-01,1.806189501161777154e-03
1.918013613000000006e-01,1.806158854202944255e-03
1.918230566999999942e-01,1.806138423219709596e-03
1.918555952000000064e-01,1.806107777270474484e-03
1.918989712999999986e-01,1.806066916825162282e-03
1.919314968999999982e-01,1.806036272248902038e-03
1.919856940000000123e-01,1.805985199065239521e-03
1.920290406999999866e-01,1.805944341731872483e-03
1.920615442999999978e-01,1.805913699353621808e-03
1.920723776000000105e-01,1.805903485325992697e-03
1.921157048000000089e-01,1.805862629950381014e-03
1.921481936999999973e-01,1.805831989167748942e-03
1.921698498999999949e-01,1.805811562216758006e-03
1.922564505000000090e-01,1.805729857087913720e-03
1.922780946000000046e-01,1.805709431440300980e-03
1.922889157000000071e-01,1.805699218696702911e-03
1.923754625999999912e-01,1.805617519098492085e-03
1.924511593000000076e-01,1.805546035321582785e-03
1.925052100999999904e-01,1.805494977352564484e-03
1.925160184999999968e-01,1.805484765952395038e-03
1.925808558000000059e-01,1.805423498826754002e-03
1.926024634000000069e-01,1.805403076982863573e-03
1.926348702000000024e-01,1.805372444697159488e-03
1.927644430999999881e-01,1.805249921086667965e-03
1.928076146999999907e-01,1.805209081936527552e-03
1.928399870999999988e-01,1.805178453275107066e-03
1.928615656000000067e-01,1.805158034431617996e-03
1.928939289000000112e-01,1.805127406668223739e-03
1.929370715000000014e-01,1.805086570517213133e-03
1.929694221999999904e-01,1.805055944111869050e-03
1.930341071999999991e-01,1.804994692900709335e-03
1.930664415999999994e-01,1.804964068205218864e-03
1.931203202000000008e-01,1.804913028230581721e-03
1.931957250000000126e-01,1.804841574977418713e-03
1.932388002000000049e-01,1.804800745948182414e-03
1.932926308000000037e-01,1.804749710993877728e-03
1.933141587999999966e-01,1.804729297511663668e-03
1.933787285000000133e-01,1.804668058449959440e-03
1.934110052999999940e-01,1.804637439803554464e-03
1.934432766999999997e-01,1.804606821718478899e-03
1.934540325999999921e-01,1.804596615845989113e-03
1.934862968000000127e-01,1.804565998471515482e-03
1.935293073000000086e-01,1.804525176255485867e-03
1.935400585000000007e-01,1.804514970842068531e-03
1.935830571000000111e-01,1.804474149907795083e-03
1.936367920000000020e-01,1.804423125119095084e-03
1.936690256999999971e-01,1.804392511001770344e-03
1.937979070999999998e-01,1.804270060233697116e-03
1.938086434000000080e-01,1.804259856457768752e-03
1.938301141000000061e-01,1.804239448946370981e-03
1.938408484999999959e-01,1.804229245377929640e-03
1.938730483999999976e-01,1.804198634860906380e-03
1.938945119000000106e-01,1.804178228175031418e-03
1.939588884000000013e-01,1.804117009590613940e-03
1.939696156999999865e-01,1.804106806744066064e-03
1.940554130999999904e-01,1.804025186030249264e-03
1.940661351000000090e-01,1.804014983695066644e-03
1.941840380000000033e-01,1.803902762545254827e-03
1.942268940999999915e-01,1.803861956721094627e-03
1.943232856000000064e-01,1.803770147377349153e-03
1.943446994999999955e-01,1.803749745946629443e-03
1.943554054999999947e-01,1.803739545379402830e-03
1.943982237999999918e-01,1.803698743605526610e-03
1.944838319999999954e-01,1.803617143152812501e-03
1.944945304000000041e-01,1.803606943358958357e-03
1.945159254000000115e-01,1.803586544012485918e-03
1.945800963000000050e-01,1.803525347386859563e-03
1.946442459999999930e-01,1.803464153072226617e-03
1.946656244999999952e-01,1.803443755499804487e-03
1.946976878999999994e-01,1.803413159548593542e-03
1.947404309000000111e-01,1.803372365878757764e-03
1.947831644999999945e-01,1.803331573191944460e-03
1.948365683999999931e-01,1.803280583824069371e-03
1.948579257999999981e-01,1.803260188494962149e-03
1.948686037000000038e-01,1.803249990921263705e-03
1.949540053000000106e-01,1.803168412674217456e-03
1.949966921000000075e-01,1.803127624998135999e-03
1.950287011000000070e-01,1.803097034975093167e-03
1.950927033000000033e-01,1.803035856602077606e-03
1.951673459999999916e-01,1.802964484623508640e-03
1.952099861999999908e-01,1.802923702062924618e-03
1.952419602000000087e-01,1.802893115834686968e-03
1.952526169999999894e-01,1.802882920518556354e-03
1.952632733000000120e-01,1.802872725275894315e-03
1.953378507999999902e-01,1.802801360455443197e-03
1.953698038999999997e-01,1.802770776434964046e-03
1.953804537000000119e-01,1.802760581877847811e-03
1.954336943999999965e-01,1.802709610165801777e-03
1.954656318000000115e-01,1.802679027893496714e-03
1.955401321000000137e-01,1.802607671417529337e-03
1.955507726999999862e-01,1.802597477897764297e-03
1.955933293000000073e-01,1.802556704409152616e-03
1.956039669000000092e-01,1.802546511229694134e-03
1.956358766000000082e-01,1.802515931935160963e-03
1.957634629999999987e-01,1.802393620557092915e-03
1.958378500000000078e-01,1.802322276524322186e-03
1.958484744000000000e-01,1.802312084745164153e-03
1.958803442000000006e-01,1.802281509824568825e-03
1.958909662999999968e-01,1.802271318342812002e-03
1.959228292000000093e-01,1.802240744142314700e-03
1.959334490000000095e-01,1.802230552914946401e-03
1.960077715000000109e-01,1.802159215914572689e-03
1.960502288000000037e-01,1.802118453273921124e-03
1.961032876000000091e-01,1.802067501418812582e-03
1.961138976000000034e-01,1.802057311207797734e-03
1.961457242999999906e-01,1.802026741014164284e-03
1.961775457999999916e-01,1.801996171415541853e-03
1.961987571999999902e-01,1.801975791989583655e-03
1.962199664000000010e-01,1.801955412862999480e-03
1.962623777999999986e-01,1.801914655228279783e-03
1.962729793000000111e-01,1.801904465973870172e-03
1.963577700999999953e-01,1.801822954371653336e-03
1.963683663999999940e-01,1.801812765671130523e-03
1.964531160000000110e-01,1.801731258630817709e-03
1.964848876999999994e-01,1.801700694517428423e-03
1.965166543000000099e-01,1.801670130941981007e-03
1.965272419999999909e-01,1.801659943247706014e-03
1.966225058000000137e-01,1.801568256528024436e-03
1.966542501000000109e-01,1.801537695414657907e-03
1.966965679000000078e-01,1.801496948242232001e-03
1.967071458999999911e-01,1.801486761519005553e-03
1.967811761999999909e-01,1.801415456765911123e-03
1.968763171000000034e-01,1.801323783724443489e-03
1.968974531999999888e-01,1.801303412601949327e-03
1.969397187999999965e-01,1.801262671153712122e-03
1.969925378999999865e-01,1.801211745779892530e-03
1.970664609999999983e-01,1.801140452885636664e-03
1.970770192000000087e-01,1.801130268432456346e-03
1.971192461999999868e-01,1.801089531335018160e-03
1.971614641999999973e-01,1.801048795143185208e-03
1.971931218000000097e-01,1.801018243708331227e-03
1.972142239999999935e-01,1.800997876363813911e-03
1.972458730999999965e-01,1.800967325927090761e-03
1.973618762999999887e-01,1.800855312262557469e-03
1.974040424000000071e-01,1.800814581923413076e-03
1.974145824999999910e-01,1.800804399493644145e-03
1.974672747000000006e-01,1.800753488278228820e-03
1.975304867000000075e-01,1.800692396898641778e-03
1.975410200999999921e-01,1.800682215231006692e-03
1.975515529000000103e-01,1.800672033668280743e-03
1.976252668000000046e-01,1.800600764151659991e-03
1.976357951000000113e-01,1.800590583076618371e-03
1.976673767000000081e-01,1.800560040083752167e-03
1.977410474999999890e-01,1.800488775470510333e-03
1.977515696000000101e-01,1.800478595019106140e-03
1.978777918000000080e-01,1.800356435021852443e-03
1.978883066999999885e-01,1.800346255444420802e-03
1.979093348000000030e-01,1.800325896472732392e-03
1.979198480000000093e-01,1.800315717081298018e-03
1.979724056000000121e-01,1.800264820985569012e-03
1.980039335000000067e-01,1.800234284071251930e-03
1.980459629000000110e-01,1.800193569118165634e-03
1.980774791000000090e-01,1.800163033529645880e-03
1.981299948999999949e-01,1.800112142223314485e-03
1.981404964000000046e-01,1.800101964138549511e-03
1.981719976000000105e-01,1.800071430270885854e-03
1.982139913000000031e-01,1.800030719362170515e-03
1.982244884000000096e-01,1.800020541751319201e-03
1.982559761999999892e-01,1.799990009404223504e-03
1.982874589999999992e-01,1.799959477587777332e-03
1.983818773999999896e-01,1.799867885650725851e-03
1.983923656000000091e-01,1.799857709139761862e-03
1.984238268000000083e-01,1.799827179795237663e-03
1.984762509000000119e-01,1.799776298848738834e-03
1.985076987999999931e-01,1.799745770990492317e-03
1.985391417000000047e-01,1.799715243790801474e-03
1.985496216000000036e-01,1.799705068173452528e-03
1.985915353999999911e-01,1.799664366244858741e-03
1.987067530000000137e-01,1.799552441350887313e-03
1.987276944999999961e-01,1.799532092172240281e-03
1.988009722999999895e-01,1.799460872031308830e-03
1.988846853000000026e-01,1.799379481447036357e-03
1.988951469999999944e-01,1.799369307896666378e-03
1.989160685999999956e-01,1.799348960982846126e-03
1.989265286000000132e-01,1.799338787664773402e-03
1.989579052999999875e-01,1.799308267945243581e-03
1.990520057000000065e-01,1.799216712265427594e-03
1.990624585000000113e-01,1.799206539692889146e-03
1.990833626000000078e-01,1.799186194806297323e-03
1.991356132000000057e-01,1.799135333704266360e-03
1.991460616000000072e-01,1.799125161694865339e-03
1.991774037000000053e-01,1.799094645946050335e-03
1.992087408999999865e-01,1.799064130784114616e-03
1.992505160999999969e-01,1.799023444813695064e-03
1.992922826000000092e-01,1.798982759829058364e-03
1.993444783999999970e-01,1.798931905023583343e-03
1.993862251999999891e-01,1.798891222310142462e-03
1.993966604999999892e-01,1.798881051757922388e-03
1.994175294999999959e-01,1.798860710886562072e-03
1.995114131000000068e-01,1.798769180157217462e-03
1.995844031000000018e-01,1.798697993074565215e-03
1.996365224999999965e-01,1.798647147121569707e-03
1.996469448000000035e-01,1.798636978128023830e-03
1.997303031999999867e-01,1.798555628230567903e-03
1.998032133000000043e-01,1.798484450441693644e-03
1.998136268000000049e-01,1.798474282427992010e-03
1.998865065000000052e-01,1.798403108198985863e-03
1.998969157000000108e-01,1.798392940668740387e-03
1.999177325000000005e-01,1.798372605899693820e-03
1.999281401000000125e-01,1.798362438552418086e-03
1.999593595999999973e-01,1.798331937024106328e-03
1.999801699000000044e-01,1.798311602935207323e-03
2.000113813000000129e-01,1.798281102345482881e-03
2.000425878000000046e-01,1.798250602280991074e-03
2.000841888999999874e-01,1.798209936404819836e-03
2.000945879000000094e-01,1.798199770089545842e-03
2.001465743999999991e-01,1.798148939483608811e-03
2.001777597999999936e-01,1.798118441944955266e-03
2.002297248000000085e-01,1.798067613866770765e-03
2.002920649000000108e-01,1.798006622229636519e-03
2.003855387000000043e-01,1.797915139023959852e-03
2.003959220000000041e-01,1.797904974569082028e-03
2.004270686999999884e-01,1.797874481544421612e-03
2.004685900000000021e-01,1.797833824963499189e-03
2.005101026999999980e-01,1.797793169384280260e-03
2.005516069000000123e-01,1.797752514890028951e-03
2.005827293000000122e-01,1.797722024694995910e-03
2.006345894000000074e-01,1.797671208836924134e-03
2.006760676999999882e-01,1.797630557355455339e-03
2.007071709000000093e-01,1.797600069356122517e-03
2.007486343000000062e-01,1.797559419581885734e-03
2.007589988000000047e-01,1.797549257330738380e-03
2.008004515000000045e-01,1.797508608849238349e-03
2.008833311999999871e-01,1.797427314847909775e-03
2.008936887999999976e-01,1.797417153418320087e-03
2.009144022999999890e-01,1.797396830679949238e-03
2.009247581999999976e-01,1.797386669394978676e-03
2.009558228999999974e-01,1.797356185997537421e-03
2.011317653999999955e-01,1.797183457090386098e-03
2.011421102000000016e-01,1.797173297141464211e-03
2.011731412999999968e-01,1.797142817697531267e-03
2.012558674999999908e-01,1.797061541867592651e-03
2.012868810000000008e-01,1.797031064442189581e-03
2.013075541000000079e-01,1.797010746479267649e-03
2.013798931000000125e-01,1.796939635591665238e-03
2.014108874999999965e-01,1.796909160490071933e-03
2.014212180000000130e-01,1.796899002168419980e-03
2.014728621999999914e-01,1.796848211879553811e-03
2.015348177000000074e-01,1.796787265520831661e-03
2.015761108999999940e-01,1.796746635869321930e-03
2.016277153999999905e-01,1.796695850267739526e-03
2.016380346999999962e-01,1.796685693355039738e-03
2.016689895000000066e-01,1.796655222913768907e-03
2.017205703000000128e-01,1.796604440104909370e-03
2.017515123999999993e-01,1.796573971193989039e-03
2.018649262999999972e-01,1.796462256683040463e-03
2.019164569999999936e-01,1.796411479833680529e-03
2.019473690999999960e-01,1.796381014507906918e-03
2.019576721000000130e-01,1.796370859552659993e-03
2.019679745000000082e-01,1.796360704585782181e-03
2.019988788000000035e-01,1.796330240185908984e-03
2.020297782000000097e-01,1.796299776317565470e-03
2.020400770000000124e-01,1.796289621897301627e-03
2.020503753000000013e-01,1.796279467457238517e-03
2.021224483999999877e-01,1.796208388300964826e-03
2.021327424999999900e-01,1.796198234299531968e-03
2.022150761000000019e-01,1.796117005259252521e-03
2.022459424999999977e-01,1.796086545412684757e-03
2.022768043000000016e-01,1.796056086030963688e-03
2.022870904999999886e-01,1.796045933096980561e-03
2.023282301000000061e-01,1.796005321858211131e-03
2.023693612999999947e-01,1.795964711538041098e-03
2.024618760000000128e-01,1.795873342116615333e-03
2.025338026999999874e-01,1.795802280496423386e-03
2.025646205999999949e-01,1.795771826478110818e-03
2.026057038000000088e-01,1.795731221978456730e-03
2.026159733000000018e-01,1.795721071026453288e-03
2.026262423000000090e-01,1.795710920132322823e-03
2.026878453000000024e-01,1.795650015976184332e-03
2.026981106000000088e-01,1.795639865534164438e-03
2.027083755000000098e-01,1.795629715157202747e-03
2.027802146999999888e-01,1.795558664085996096e-03
2.027904752999999949e-01,1.795548514246545413e-03
2.028930535000000035e-01,1.795447018700049684e-03
2.029033084000000098e-01,1.795436869501578891e-03
2.029340702000000107e-01,1.795406422205090375e-03
2.029545755000000118e-01,1.795386124338255998e-03
2.029853295000000057e-01,1.795355678113367106e-03
2.030570707000000086e-01,1.795284638898726965e-03
2.031185430000000125e-01,1.795223750596095565e-03
2.032004772000000070e-01,1.795142569817227479e-03
2.032311940000000039e-01,1.795112127993855932e-03
2.032619061000000005e-01,1.795081686777546311e-03
2.032721425000000026e-01,1.795071539809259872e-03
2.033642465000000121e-01,1.794980220166499238e-03
2.033949385000000110e-01,1.794949781330589314e-03
2.034358541000000076e-01,1.794909197233707579e-03
2.034460817000000032e-01,1.794899051337136339e-03
2.034767614000000113e-01,1.794868614080131824e-03
2.035176605000000027e-01,1.794828031924437534e-03
2.036096534000000069e-01,1.794736725800737337e-03
2.036403083999999974e-01,1.794706291569239751e-03
2.036913899999999999e-01,1.794655569093711860e-03
2.037118189999999884e-01,1.794635280500272035e-03
2.037220326999999997e-01,1.794625136311752680e-03
2.038037242999999887e-01,1.794543985089704259e-03
2.038445577000000120e-01,1.794503411042876629e-03
2.038547648000000045e-01,1.794493267676454439e-03
2.039159966999999907e-01,1.794432408780872101e-03
2.039670091000000129e-01,1.794381694763698453e-03
2.039976105000000095e-01,1.794351267102082008e-03
2.040078099000000034e-01,1.794341124675118181e-03
2.040384051999999948e-01,1.794310697807494429e-03
2.040893870999999915e-01,1.794259987563765662e-03
2.041607403000000043e-01,1.794188995849119259e-03
2.041811223999999980e-01,1.794168713026541304e-03
2.042524434999999916e-01,1.794097725253409334e-03
2.042626302999999977e-01,1.794087584441405410e-03
2.043441055999999922e-01,1.794006459801244504e-03
2.043644693999999984e-01,1.793986179295685305e-03
2.043746505000000047e-01,1.793976039097972116e-03
2.044255486000000066e-01,1.793925339180977825e-03
2.044560813000000088e-01,1.793894920042738697e-03
2.044866094999999995e-01,1.793864501393628704e-03
2.044967845000000006e-01,1.793854362024011138e-03
2.045374795999999884e-01,1.793813804926630779e-03
2.045781665999999999e-01,1.793773248965659529e-03
2.046188455000000073e-01,1.793732693922951357e-03
2.046493494000000135e-01,1.793702278327378389e-03
2.047001790999999904e-01,1.793651586860281998e-03
2.048221189999999969e-01,1.793529933863415070e-03
2.048322773000000041e-01,1.793519796469492502e-03
2.048525925999999941e-01,1.793499521969223317e-03
2.048627494999999965e-01,1.793489384848555475e-03
2.048932169999999886e-01,1.793458973761953177e-03
2.049135262000000013e-01,1.793438700012701080e-03
2.049439862000000112e-01,1.793408289867247200e-03
2.050150420000000084e-01,1.793337335033282900e-03
2.051570798000000029e-01,1.793195434598237638e-03
2.051773628000000127e-01,1.793175164143937742e-03
2.052280618000000001e-01,1.793124489011280361e-03
2.052686119000000087e-01,1.793083950054999301e-03
2.053192883000000135e-01,1.793033277735971457e-03
2.053395553000000040e-01,1.793013009249853689e-03
2.053496881000000107e-01,1.793002875149929442e-03
2.054003444999999983e-01,1.792952205329059311e-03
2.054307323000000018e-01,1.792921804186460534e-03
2.054611157000000021e-01,1.792891403698449685e-03
2.054712424000000037e-01,1.792881270253363600e-03
2.055623609999999990e-01,1.792790072505781596e-03
2.056332030999999949e-01,1.792719144463584234e-03
2.056433213999999954e-01,1.792709012205652907e-03
2.057141355999999865e-01,1.792638087675759275e-03
2.057242499999999974e-01,1.792627955799017602e-03
2.057950363000000116e-01,1.792557034799549271e-03
2.058253659000000013e-01,1.792526640992620976e-03
2.058354746999999929e-01,1.792516509872887692e-03
2.059466395000000005e-01,1.792405071470732063e-03
2.059567424000000035e-01,1.792394941137669638e-03
2.059870480999999864e-01,1.792364550380257278e-03
2.060375477999999982e-01,1.792313900338086009e-03
2.060476461999999898e-01,1.792303770527104009e-03
2.060779386000000102e-01,1.792273381394679120e-03
2.061284160000000087e-01,1.792222734180904222e-03
2.061889725999999923e-01,1.792161959569510670e-03
2.061990636000000099e-01,1.792151830720912055e-03
2.062797741000000074e-01,1.792070801912597081e-03
2.062898606999999940e-01,1.792060673649644581e-03
2.063100324000000096e-01,1.792040417155283359e-03
2.063201175000000109e-01,1.792030289023566810e-03
2.064007806000000000e-01,1.791949266266772449e-03
2.064310212000000089e-01,1.791918883776354599e-03
2.064511790999999929e-01,1.791898629104988041e-03
2.064713350000000058e-01,1.791878374605523688e-03
2.065217162999999911e-01,1.791827739613208528e-03
2.065317911000000006e-01,1.791817612834466136e-03
2.065620123999999946e-01,1.791787232730211602e-03
2.065922293999999937e-01,1.791756853305581610e-03
2.066828537000000021e-01,1.791665718164027390e-03
2.067633754000000046e-01,1.791584713417820841e-03
2.068338060999999894e-01,1.791513837613000881e-03
2.068539246999999970e-01,1.791493587925773725e-03
2.068840989999999880e-01,1.791463213871115345e-03
2.069243245999999870e-01,1.791422716063702887e-03
2.070449544000000086e-01,1.791301228532762076e-03
2.070851486999999991e-01,1.791260734637912383e-03
2.070951960999999897e-01,1.791250611333173410e-03
2.071253352999999908e-01,1.791220241795669259e-03
2.071554700000000082e-01,1.791189872809255098e-03
2.071655139999999951e-01,1.791179749964386982e-03
2.072458480999999908e-01,1.791098769309988192e-03
2.072558875999999939e-01,1.791088647013683224e-03
2.072759653000000035e-01,1.791068402585787016e-03
2.073361867000000081e-01,1.791007670855701778e-03
2.073662907999999916e-01,1.790977305839266476e-03
2.074064228999999981e-01,1.790936819950170828e-03
2.074866636999999903e-01,1.790855851356872638e-03
2.076069667000000063e-01,1.790734405895336211e-03
2.076470522999999957e-01,1.790693926082599381e-03
2.077171832999999967e-01,1.790623088771379004e-03
2.077272001000000090e-01,1.790612969417799093e-03
2.077372164000000077e-01,1.790602850156260356e-03
2.077572476000000001e-01,1.790582611768375522e-03
2.077973040999999965e-01,1.790542135655136648e-03
2.078073169999999914e-01,1.790532016870453229e-03
2.078173295000000087e-01,1.790521898021346300e-03
2.078974117000000066e-01,1.790440949894206608e-03
2.079174273999999933e-01,1.790420713559644347e-03
2.079774630000000013e-01,1.790360005842292750e-03
2.080074742999999948e-01,1.790329652845963930e-03
2.080374812999999934e-01,1.790299300383559359e-03
2.080774838999999987e-01,1.790258831348577519e-03
2.080874832999999868e-01,1.790248714242870286e-03
2.081174788000000053e-01,1.790218363346631966e-03
2.081674615999999922e-01,1.790167779672615159e-03
2.082174324000000132e-01,1.790117197524289817e-03
2.082374174000000133e-01,1.790096965179865636e-03
2.082474091000000027e-01,1.790086849044631671e-03
2.082973607999999976e-01,1.790036269523438781e-03
2.083273260000000071e-01,1.790005922540358670e-03
2.083672729000000112e-01,1.789965460721862703e-03
2.083972280999999982e-01,1.789935115023847745e-03
2.084371616000000038e-01,1.789894654992355699e-03
2.084471438000000121e-01,1.789884540159625411e-03
2.084870678000000088e-01,1.789844081347283147e-03
2.085170057999999882e-01,1.789813737902441314e-03
2.085668927999999867e-01,1.789763166841533849e-03
2.086067939000000038e-01,1.789722711055508194e-03
2.086965433000000092e-01,1.789631689131492617e-03
2.087164823999999863e-01,1.789611462832437503e-03
2.087264513000000044e-01,1.789601349689786281e-03
2.087762883000000014e-01,1.789550785092082485e-03
2.088061847999999887e-01,1.789520447163982448e-03
2.088759266000000114e-01,1.789449660725201145e-03
2.088858878000000030e-01,1.789439548603324100e-03
2.089257278999999967e-01,1.789399100799930146e-03
2.089356867999999923e-01,1.789388989049429208e-03
2.089954299000000015e-01,1.789328319591829098e-03
2.090153405000000075e-01,1.789308097002860910e-03
2.090452027999999962e-01,1.789277763498927851e-03
2.090750607999999899e-01,1.789247430630159022e-03
2.091546613999999971e-01,1.789166545573511085e-03
2.091646092999999984e-01,1.789156435171836146e-03
2.092043963999999923e-01,1.789115994429195215e-03
2.092541195000000021e-01,1.789065444882645319e-03
2.092839478000000086e-01,1.789035115938138448e-03
2.093237121000000034e-01,1.788994678194132494e-03
2.093336520000000089e-01,1.788984568870829756e-03
2.093535303999999875e-01,1.788964350467054125e-03
2.094032181999999909e-01,1.788913805599211737e-03
2.094926263999999927e-01,1.788822828836826454e-03
2.095124896999999986e-01,1.788802612499130118e-03
2.095621397999999913e-01,1.788752072564213759e-03
2.096514802999999982e-01,1.788661104836070581e-03
2.096812520000000124e-01,1.788630783339515036e-03
2.097110194000000039e-01,1.788600462373144979e-03
2.097606224999999935e-01,1.788549928809539001e-03
2.097903787000000020e-01,1.788519609428470495e-03
2.098300471000000000e-01,1.788479184380122218e-03
2.098796219999999879e-01,1.788428654542054998e-03
2.099192735000000032e-01,1.788388231750794033e-03
2.099688274000000021e-01,1.788337704717473265e-03
2.099985541000000122e-01,1.788307389229919610e-03
2.100282766000000079e-01,1.788277074369956383e-03
2.100381832000000060e-01,1.788266969554405238e-03
2.101174188000000109e-01,1.788186133058476115e-03
2.101273211999999946e-01,1.788176028731848326e-03
2.101570255000000109e-01,1.788145716303575798e-03
2.102065233000000033e-01,1.788095196766256246e-03
2.102758006999999874e-01,1.788024471991960960e-03
2.103054839999999870e-01,1.787994162346118318e-03
2.103153775000000114e-01,1.787984059277031908e-03
2.103648379999999984e-01,1.787933544727667934e-03
2.104439506999999931e-01,1.787852724716485972e-03
2.104736103000000025e-01,1.787822418223945168e-03
2.105823263999999917e-01,1.787711299257977978e-03
2.105922068999999952e-01,1.787701197907791981e-03
2.106020869000000129e-01,1.787691096683927030e-03
2.106218455999999961e-01,1.787670894282290032e-03
2.106811104999999906e-01,1.787610288608479587e-03
2.107502319000000013e-01,1.787539584943079532e-03
2.107601044999999895e-01,1.787529484633198530e-03
2.107798483999999972e-01,1.787509284254801614e-03
2.108390689000000096e-01,1.787448684611089899e-03
2.108686728999999982e-01,1.787418385668558323e-03
2.109180036999999952e-01,1.787367888613982519e-03
2.109475966000000091e-01,1.787337591142952684e-03
2.110264907999999939e-01,1.787256800619627106e-03
2.110659267999999977e-01,1.787216406849469370e-03
2.110757846999999909e-01,1.787206308558171803e-03
2.110954989999999920e-01,1.787186112150559959e-03
2.111053555000000082e-01,1.787176014147451569e-03
2.112925411999999892e-01,1.786984162176352784e-03
2.113023884999999935e-01,1.786974065315716145e-03
2.113122353000000120e-01,1.786963968507082612e-03
2.113417730999999911e-01,1.786933678485620432e-03
2.113811502999999870e-01,1.786893292763770593e-03
2.115385858000000119e-01,1.786731759739929341e-03
2.115680920000000131e-01,1.786701473979001795e-03
2.116074270999999951e-01,1.786661093993609272e-03
2.116270919000000084e-01,1.786640904388063717e-03
2.116565857000000106e-01,1.786610620398268240e-03
2.116860752999999984e-01,1.786580336946756590e-03
2.116959042999999874e-01,1.786570242584044127e-03
2.117253885000000002e-01,1.786539959932789256e-03
2.117745196999999968e-01,1.786489490063446900e-03
2.117843446000000074e-01,1.786479396306240317e-03
2.118138165000000017e-01,1.786449115273033589e-03
2.118432842999999899e-01,1.786418834892027812e-03
2.118629271999999952e-01,1.786398648185557984e-03
2.118923880999999954e-01,1.786368368737342944e-03
2.120396314999999920e-01,1.786216979731335098e-03
2.120494441000000119e-01,1.786206887620750807e-03
2.120886898999999881e-01,1.786166519791827258e-03
2.121573525999999876e-01,1.786095878642509141e-03
2.121671598000000047e-01,1.786085787273678513e-03
2.121769665000000082e-01,1.786075695949015463e-03
2.121965785000000104e-01,1.786055513593105262e-03
2.122456006000000006e-01,1.786005058708754669e-03
2.122554037000000116e-01,1.785994967937480334e-03
2.122848102000000070e-01,1.785964695891246448e-03
2.123142125999999963e-01,1.785934424524649681e-03
2.123338119000000024e-01,1.785914243871585677e-03
2.123632075000000119e-01,1.785883973300276140e-03
2.124023953999999992e-01,1.785843613571915563e-03
2.124415759999999931e-01,1.785803254734725154e-03
2.125101246999999971e-01,1.785732629303629117e-03
2.125199154999999895e-01,1.785722540152447297e-03
2.125688631000000051e-01,1.785672095526722467e-03
2.125982261999999900e-01,1.785641829538322936e-03
2.126373706999999946e-01,1.785601475752757010e-03
2.127254195999999931e-01,1.785510683336283960e-03
2.127547610999999950e-01,1.785480420325943418e-03
2.127840984999999907e-01,1.785450157889038707e-03
2.128036546000000029e-01,1.785429983203206186e-03
2.128623119999999980e-01,1.785369460793195025e-03
2.128720866999999906e-01,1.785359373852294426e-03
2.128818608999999973e-01,1.785349287117352340e-03
2.129502678000000093e-01,1.785278681293495312e-03
2.129600385000000040e-01,1.785268595013213191e-03
2.129795784000000081e-01,1.785248422559355692e-03
2.130674858000000116e-01,1.785157649785578315e-03
2.131358331000000050e-01,1.785087052324719299e-03
2.131455952999999903e-01,1.785076967117536252e-03
2.132724621000000043e-01,1.784945866389826873e-03
2.133017284000000013e-01,1.784915613856663617e-03
2.133407438000000100e-01,1.784875278056568008e-03
2.134285025000000058e-01,1.784784525993521938e-03
2.134577473000000003e-01,1.784754276445754250e-03
2.134869882000000052e-01,1.784724027490060044e-03
2.134967342000000101e-01,1.784713944631392693e-03
2.135064798999999902e-01,1.784703861791935671e-03
2.135357139999999876e-01,1.784673613815247403e-03
2.135649441999999953e-01,1.784643366320583062e-03
2.135746866999999882e-01,1.784633283959733861e-03
2.136039116000000015e-01,1.784603037202414167e-03
2.136623492999999985e-01,1.784542545438534255e-03
2.136915621000000098e-01,1.784512300403727752e-03
2.137597099000000112e-01,1.784441730815512165e-03
2.137986417999999944e-01,1.784401406640111903e-03
2.138083735999999901e-01,1.784391325818684721e-03
2.138862125000000058e-01,1.784310681053287440e-03
2.139153947999999916e-01,1.784280440302917457e-03
2.139737473999999973e-01,1.784219960484901115e-03
2.140418054000000070e-01,1.784149403615174333e-03
2.140709664000000068e-01,1.784119165888079775e-03
2.141098416999999976e-01,1.784078849683079244e-03
2.141875709999999933e-01,1.783998220425604816e-03
2.141972852000000038e-01,1.783988142051631549e-03
2.142069989000000008e-01,1.783978063779172781e-03
2.142361375000000068e-01,1.783947829214768818e-03
2.142846929999999983e-01,1.783897439515936666e-03
2.143526521999999934e-01,1.783826896535956660e-03
2.143623588999999940e-01,1.783816819192298548e-03
2.143914764000000028e-01,1.783786587572693070e-03
2.144205899000000137e-01,1.783756356570972675e-03
2.144399966999999962e-01,1.783736202859001474e-03
2.145079067000000006e-01,1.783665666835302071e-03
2.145467027999999887e-01,1.783625362007187302e-03
2.145854918000000000e-01,1.783585058026417730e-03
2.146242738999999955e-01,1.783544755080178042e-03
2.146533558000000008e-01,1.783514528631876053e-03
2.146727415999999944e-01,1.783494377928343836e-03
2.147308883999999862e-01,1.783433927229678738e-03
2.148180791000000034e-01,1.783343255520830140e-03
2.148277647000000068e-01,1.783333181146091193e-03
2.148568191000000127e-01,1.783302958586903061e-03
2.148955522000000062e-01,1.783262662621642103e-03
2.149342783000000034e-01,1.783222367654168066e-03
2.149729974000000043e-01,1.783182073718965954e-03
2.149826760999999919e-01,1.783172000443465762e-03
2.150020321999999984e-01,1.783151853882679371e-03
2.150504146999999977e-01,1.783101488770725109e-03
2.150600899000000010e-01,1.783091415944043200e-03
2.150891128999999902e-01,1.783061197826431949e-03
2.151664885000000027e-01,1.782980618939577523e-03
2.152438362000000105e-01,1.782900044040450563e-03
2.152921644000000134e-01,1.782849686737884853e-03
2.153114925999999874e-01,1.782829544228430431e-03
2.153211560999999941e-01,1.782819473033700475e-03
2.153694670000000089e-01,1.782769118296496751e-03
2.153984482999999894e-01,1.782738906083478720e-03
2.154274257000000081e-01,1.782708694494633279e-03
2.154660562000000057e-01,1.782668413296661925e-03
2.155143344999999877e-01,1.782618063084802709e-03
2.155239888999999909e-01,1.782607993313208884e-03
2.155819060999999981e-01,1.782547575520793993e-03
2.155915575000000028e-01,1.782537506143267326e-03
2.156012083999999940e-01,1.782527436781194442e-03
2.156301585000000021e-01,1.782497229131942227e-03
2.156687526999999938e-01,1.782456953168074605e-03
2.157459203000000048e-01,1.782376404092917777e-03
2.157748510999999980e-01,1.782346199270163278e-03
2.158327009000000074e-01,1.782285791212169339e-03
2.158616201000000123e-01,1.782255588005541127e-03
2.159290829000000134e-01,1.782185116136890618e-03
2.160157899000000048e-01,1.782094513841670945e-03
2.160446845000000005e-01,1.782064314302860084e-03
2.160928336000000061e-01,1.782013982842812387e-03
2.161313451999999913e-01,1.781973718740013533e-03
2.162179710999999893e-01,1.781883128272484596e-03
2.162372166000000040e-01,1.781862997727186402e-03
2.162468386999999992e-01,1.781852932575845976e-03
2.162757023999999917e-01,1.781822737417781532e-03
2.162853228000000128e-01,1.781812672478562442e-03
2.163238000999999910e-01,1.781772413423364379e-03
2.163718870000000127e-01,1.781722090971008844e-03
2.163911188000000041e-01,1.781701962431392295e-03
2.164391907999999864e-01,1.781651642206138943e-03
2.164488039999999947e-01,1.781641578272554882e-03
2.164776408000000096e-01,1.781611387131090858e-03
2.165449117000000090e-01,1.781540943011500561e-03
2.165833429000000032e-01,1.781500690766072478e-03
2.165929496000000010e-01,1.781490627753421017e-03
2.166697880000000020e-01,1.781410126559318345e-03
2.166793908999999907e-01,1.781400064134958452e-03
2.167081969999999913e-01,1.781369877455581596e-03
2.167561987000000134e-01,1.781319567436129292e-03
2.168137867000000107e-01,1.781259197517848095e-03
2.168521701999999995e-01,1.781218952136589401e-03
2.168905469000000086e-01,1.781178707759570583e-03
2.169097326999999964e-01,1.781158585885305031e-03
2.169864589999999926e-01,1.781078101166984470e-03
2.170152243000000036e-01,1.781047920403775776e-03
2.170535721999999890e-01,1.781007680148446277e-03
2.170631580999999866e-01,1.780997620287068546e-03
2.171302475999999926e-01,1.780927202850605094e-03
2.171589939999999941e-01,1.780897024883519543e-03
2.171973164000000067e-01,1.780856788485942485e-03
2.172164752000000087e-01,1.780836670660214047e-03
2.172739411000000065e-01,1.780776318566748041e-03
2.172835173000000064e-01,1.780766260168266737e-03
2.173122433999999936e-01,1.780736085116895080e-03
2.173218178999999917e-01,1.780726026968014030e-03
2.173601115999999889e-01,1.780685794744085813e-03
2.173983986999999951e-01,1.780645563601952839e-03
2.174749525000000128e-01,1.780565104142741101e-03
2.175036532999999883e-01,1.780534932897963156e-03
2.175132193000000047e-01,1.780524875948706056e-03
2.175992951000000064e-01,1.780434366045029367e-03
2.176184184000000132e-01,1.780414253491169590e-03
2.176757782000000030e-01,1.780353917170688716e-03
2.177331230000000006e-01,1.780293583049724886e-03
2.177426789999999945e-01,1.780283527574663118e-03
2.178191117999999926e-01,1.780203086015722273e-03
2.178286640000000052e-01,1.780193031095448058e-03
2.178573182000000108e-01,1.780162866779198610e-03
2.179241631999999929e-01,1.780092485421111339e-03
2.179337108000000134e-01,1.780082431196623434e-03
2.179718971000000061e-01,1.780042214937149368e-03
2.180482495000000132e-01,1.779961785393139456e-03
2.180577917000000032e-01,1.779951731983651963e-03
2.180768747999999868e-01,1.779931625359748148e-03
2.181150360000000121e-01,1.779891412842829392e-03
2.181341140999999983e-01,1.779871306885158272e-03
2.181627281999999890e-01,1.779841148488048135e-03
2.182008742999999862e-01,1.779800938191854935e-03
2.182294795999999981e-01,1.779770781130909051e-03
2.182771467000000076e-01,1.779720520626287350e-03
2.182866789000000030e-01,1.779710468656913293e-03
2.183152728999999959e-01,1.779680313271360739e-03
2.183629213000000124e-01,1.779630055503005548e-03
2.183915053000000106e-01,1.779599901576965843e-03
2.184200856000000079e-01,1.779569748193980021e-03
2.184296115999999899e-01,1.779559697245636663e-03
2.184391371000000137e-01,1.779549646348726338e-03
2.185153263000000068e-01,1.779469241162527334e-03
2.185914888999999917e-01,1.779388839882532682e-03
2.186200430999999944e-01,1.779358690449633646e-03
2.186581095000000030e-01,1.779318492042343287e-03
2.186866548999999993e-01,1.779288343954885370e-03
2.186961692999999929e-01,1.779278294710331682e-03
2.187342224000000113e-01,1.779238098317129221e-03
2.187437346999999976e-01,1.779228049419172199e-03
2.188483421999999901e-01,1.779117515141843226e-03
2.188863688999999890e-01,1.779077322701415938e-03
2.189528997000000088e-01,1.779006988358741064e-03
2.189624024000000058e-01,1.778996940844239458e-03
2.190004093000000041e-01,1.778956751438934454e-03
2.190479086000000075e-01,1.778906516056261112e-03
2.191238862000000065e-01,1.778826142611994541e-03
2.191428763999999918e-01,1.778806049915981685e-03
2.191903449000000004e-01,1.778755819192879249e-03
2.192283121999999973e-01,1.778715635792192272e-03
2.192567834999999965e-01,1.778685498735892330e-03
2.192757622000000017e-01,1.778665407796146698e-03
2.193326885999999920e-01,1.778605136337495273e-03
2.193801159999999861e-01,1.778554911803830255e-03
2.194275330999999885e-01,1.778504688862117935e-03
2.195318148000000025e-01,1.778394203754582415e-03
2.195602466000000086e-01,1.778364072759316527e-03
2.195981499999999920e-01,1.778323898995322035e-03
2.196455200999999913e-01,1.778273683269196133e-03
2.196834088000000074e-01,1.778233511720814100e-03
2.197118210000000016e-01,1.778203383673369236e-03
2.197212909000000047e-01,1.778193341166290926e-03
2.197307604000000025e-01,1.778183298593432118e-03
2.198727543000000006e-01,1.778032668860445682e-03
2.198822172999999880e-01,1.778022627409289865e-03
2.199106037999999930e-01,1.777992503249771223e-03
2.199389867000000054e-01,1.777962379711277947e-03
2.199579066000000027e-01,1.777942297698979421e-03
2.199862834000000100e-01,1.777912175122780408e-03
2.200241133999999987e-01,1.777872012541211562e-03
2.200524815999999884e-01,1.777841891265211863e-03
2.201092071000000094e-01,1.777781650260374605e-03
2.201375644000000131e-01,1.777751530679973647e-03
2.201848184000000097e-01,1.777701332545663770e-03
2.202509568999999889e-01,1.777631057808308924e-03
2.203170755999999952e-01,1.777560786108725935e-03
2.203265195999999926e-01,1.777550747485368444e-03
2.203548489000000110e-01,1.777520632199436779e-03
2.204020563000000099e-01,1.777470441209204116e-03
2.204114964999999982e-01,1.777460403148570104e-03
2.204398149000000029e-01,1.777430289517706449e-03
2.204681296999999873e-01,1.777400176374081949e-03
2.204775670999999937e-01,1.777390138795292103e-03
2.205530521000000077e-01,1.777309840466838623e-03
2.206379417999999870e-01,1.777219509492575103e-03
2.206568017999999964e-01,1.777199436624350747e-03
2.206662310999999987e-01,1.777189400311629530e-03
2.207039446000000071e-01,1.777149255549053926e-03
2.207416516000000051e-01,1.777109111763862945e-03
2.207793520999999926e-01,1.777068969073042218e-03
2.207887762999999892e-01,1.777058933501379908e-03
2.208076233000000055e-01,1.777038862683065490e-03
2.208170462999999861e-01,1.777028827278826330e-03
2.208453126000000100e-01,1.776998721693362525e-03
2.208641548999999982e-01,1.776978651555816699e-03
2.209206720000000124e-01,1.776918442709585298e-03
2.209300901000000039e-01,1.776908408013171863e-03
2.210054204999999938e-01,1.776828133489887591e-03
2.210148349999999928e-01,1.776818099502794780e-03
2.210807251999999945e-01,1.776747862906904746e-03
2.211465958000000120e-01,1.776677629359753709e-03
2.211654124000000110e-01,1.776657563273140433e-03
2.212406625999999987e-01,1.776577301050259912e-03
2.212594712000000019e-01,1.776557236198967075e-03
2.212688748999999955e-01,1.776547203794790137e-03
2.213440899999999933e-01,1.776466947141095137e-03
2.213816879000000126e-01,1.776426820277967732e-03
2.214568647000000057e-01,1.776346569525211758e-03
2.214944434999999989e-01,1.776306445577266989e-03
2.215414081000000035e-01,1.776256292127009360e-03
2.216071417000000099e-01,1.776186079946081350e-03
2.216728558999999932e-01,1.776115870800239844e-03
2.216822421000000098e-01,1.776105841139397111e-03
2.216916278000000129e-01,1.776095811548158206e-03
2.217103981000000112e-01,1.776075752607531207e-03
2.217197827000000065e-01,1.776065723168136551e-03
2.217573169000000011e-01,1.776025606206020797e-03
2.217948448000000017e-01,1.775985490257205165e-03
2.218417457999999898e-01,1.775935346757208204e-03
2.218605033999999920e-01,1.775915289747673860e-03
2.219073904999999958e-01,1.775865148472986895e-03
2.219167666999999899e-01,1.775855120327173150e-03
2.219730156999999982e-01,1.775794953099162771e-03
2.220479922999999967e-01,1.775714733632087223e-03
2.220573626000000023e-01,1.775704706461962842e-03
2.221416773999999872e-01,1.775614464781389169e-03
2.221604097000000055e-01,1.775594411824989605e-03
2.221697752000000026e-01,1.775584385417938206e-03
2.222165969999999879e-01,1.775534254263093489e-03
2.223102110999999881e-01,1.775433996594532248e-03
2.223570032999999946e-01,1.775383870158179838e-03
2.223663606000000070e-01,1.775373845085068559e-03
2.223944300000000041e-01,1.775343770094365854e-03
2.224318503999999919e-01,1.775303671058845638e-03
2.224412045999999976e-01,1.775293646390905915e-03
2.225066723999999940e-01,1.775223475875297753e-03
2.225160234000000126e-01,1.775213451659934157e-03
2.225814691999999928e-01,1.775143284606589674e-03
2.225908169999999964e-01,1.775133261024748176e-03
2.226095114999999958e-01,1.775113213865688652e-03
2.226188581000000111e-01,1.775103190444142108e-03
2.226468957000000137e-01,1.775073120554872350e-03
2.226936171999999992e-01,1.775023005211246938e-03
2.227216454000000012e-01,1.774992936743239810e-03
2.227683511999999921e-01,1.774942823869072629e-03
2.228150472000000049e-01,1.774892712569588540e-03
2.228430601999999983e-01,1.774862646570857065e-03
2.228710694999999908e-01,1.774832581041107648e-03
2.229177441000000093e-01,1.774782473118968404e-03
2.229457441000000095e-01,1.774752409106862203e-03
2.229550765999999962e-01,1.774742387953516694e-03
2.230297230000000130e-01,1.774662220559900840e-03
2.230577089999999929e-01,1.774632158687980453e-03
2.231136703000000110e-01,1.774572036944136854e-03
2.231416458000000103e-01,1.774541976809815682e-03
2.231789409000000113e-01,1.774501897486056336e-03
2.232069080999999899e-01,1.774471838736825340e-03
2.232628321000000027e-01,1.774411722858226662e-03
2.232907888000000007e-01,1.774381665769348511e-03
2.233373755999999988e-01,1.774331571735547012e-03
2.233560075999999894e-01,1.774311534648481074e-03
2.234863880000000080e-01,1.774171281486186741e-03
2.235050075999999997e-01,1.774151246315265780e-03
2.235143168000000014e-01,1.774141228801699071e-03
2.235608570000000017e-01,1.774091142272094922e-03
2.235887763999999944e-01,1.774061091064899499e-03
2.236259969999999930e-01,1.774021023693288191e-03
2.236539083000000094e-01,1.773990973862389631e-03
2.237004194999999973e-01,1.773940891996460961e-03
2.238120067999999907e-01,1.773820701717993779e-03
2.238491901999999922e-01,1.773780640373291478e-03
2.239235384999999912e-01,1.773700520507618360e-03
2.239328302999999964e-01,1.773690505785907373e-03
2.239607033999999885e-01,1.773660462008528477e-03
2.240071507999999989e-01,1.773610390309741892e-03
2.240628751000000030e-01,1.773550306404413600e-03
2.241093013000000078e-01,1.773500238089174797e-03
2.241464354000000103e-01,1.773460184578830876e-03
2.241557180000000038e-01,1.773450171456394204e-03
2.241835634000000077e-01,1.773420132172686152e-03
2.242578007999999901e-01,1.773340030069272362e-03
2.243691109000000017e-01,1.773219884386703334e-03
2.243969298000000057e-01,1.773189849413762736e-03
2.244062019999999991e-01,1.773179837941628138e-03
2.244340163000000110e-01,1.773149803625783229e-03
2.244432869000000108e-01,1.773139792318292321e-03
2.244525572000000135e-01,1.773129781117125433e-03
2.244803657999999980e-01,1.773099747779265578e-03
2.245081708999999981e-01,1.773069714942172035e-03
2.245174384999999995e-01,1.773059704097105062e-03
2.245267056999999955e-01,1.773049693398620705e-03
2.245452390000000076e-01,1.773029672100288803e-03
2.246286198999999928e-01,1.772939579272636438e-03
2.246749292999999925e-01,1.772889529868181598e-03
2.246934503000000138e-01,1.772869510532536002e-03
2.247304878999999977e-01,1.772829472703006583e-03
2.247397462999999873e-01,1.772819463361016354e-03
2.248230551000000021e-01,1.772729382180007708e-03
2.248415639000000132e-01,1.772709364931768098e-03
2.248508177999999913e-01,1.772699356370321250e-03
2.249248349999999896e-01,1.772619289850043724e-03
2.249618344000000048e-01,1.772579258157079519e-03
2.249895799999999946e-01,1.772549235113045135e-03
2.250265689000000013e-01,1.772509205047667234e-03
2.250450609999999907e-01,1.772489190441446172e-03
2.251005282000000107e-01,1.772429148005805156e-03
2.251190143000000032e-01,1.772409134471978872e-03
2.251467404999999977e-01,1.772379114493901914e-03
2.251837034999999987e-01,1.772339088660218219e-03
2.251929433000000036e-01,1.772329082323447977e-03
2.252576112999999935e-01,1.772259040081363346e-03
2.252853204999999970e-01,1.772229022838646938e-03
2.252945560999999874e-01,1.772219017305247087e-03
2.253222606999999988e-01,1.772189000807389498e-03
2.253407286000000120e-01,1.772168990141620350e-03
2.253684274999999959e-01,1.772138974642599842e-03
2.254053541999999910e-01,1.772098954784304516e-03
2.254884169999999965e-01,1.772008913718903103e-03
2.255160978000000094e-01,1.771978901259696221e-03
2.255622248999999968e-01,1.771928881494855713e-03
2.256267871000000036e-01,1.771858856508532788e-03
2.256913308000000062e-01,1.771788834556794383e-03
2.257005498000000110e-01,1.771778831646816628e-03
2.257097684000000104e-01,1.771768828900163739e-03
2.257282046000000097e-01,1.771748823440490346e-03
2.257742883999999950e-01,1.771698810751448118e-03
2.257835039999999960e-01,1.771688808446167862e-03
2.258111486000000112e-01,1.771658801833567816e-03
2.258756396000000111e-01,1.771588788555960269e-03
2.259309029000000080e-01,1.771528779491740114e-03
2.259585295000000049e-01,1.771498775950093932e-03
2.260045663999999954e-01,1.771448770995871867e-03
2.260321838999999888e-01,1.771418768803082258e-03
2.260690022000000077e-01,1.771378766869664877e-03
2.261426206000000105e-01,1.771298765758440742e-03
2.261518211999999917e-01,1.771288765876827221e-03
2.262070170999999907e-01,1.771228767997753408e-03
2.262530033000000051e-01,1.771178771462892688e-03
2.262805905999999978e-01,1.771148774299250101e-03
2.263173683999999963e-01,1.771108778918483720e-03
2.264000965999999893e-01,1.771018792985068089e-03
2.264368549000000119e-01,1.770978800895521652e-03
2.264460436000000076e-01,1.770968803036979079e-03
2.264736073999999988e-01,1.770938809705579391e-03
2.265103538000000083e-01,1.770898819472731993e-03
2.265195395000000056e-01,1.770888822152652574e-03
2.265838287999999978e-01,1.770818842168481828e-03
2.266113757999999867e-01,1.770788851687880514e-03
2.266664597999999975e-01,1.770728872413207707e-03
2.266939967000000111e-01,1.770698883505792635e-03
2.267215303000000015e-01,1.770668895218807486e-03
2.267582365999999960e-01,1.770628911810842978e-03
2.267674121999999903e-01,1.770618916100354275e-03
2.268408040000000070e-01,1.770538952496106613e-03
2.268683197999999956e-01,1.770508967143140594e-03
2.268866618000000002e-01,1.770488977314632617e-03
2.269141719999999973e-01,1.770458992928224812e-03
2.269508470999999916e-01,1.770419014570001745e-03
2.270241795000000062e-01,1.770339060972041115e-03
2.270608369000000071e-01,1.770299085638243593e-03
2.270883260000000070e-01,1.770269104794013840e-03
2.270974883000000111e-01,1.770259111313594565e-03
2.271066502000000098e-01,1.770249117857255203e-03
2.271707733999999979e-01,1.770179165518992589e-03
2.271799324000000064e-01,1.770169172615810574e-03
2.272440349000000026e-01,1.770099223684184478e-03
2.272531909000000128e-01,1.770089231301717660e-03
2.272806568000000083e-01,1.770059254307476595e-03
2.273081193000000000e-01,1.770029277929521848e-03
2.273538827999999901e-01,1.769979318534568380e-03
2.273813365000000031e-01,1.769949343596729455e-03
2.274270852999999981e-01,1.769899386558973975e-03
2.274636777000000054e-01,1.769859422044321512e-03
2.274728249000000091e-01,1.769849431098133741e-03
2.274911181000000004e-01,1.769829449344665316e-03
2.275002641999999964e-01,1.769819458547672439e-03
2.275459891000000123e-01,1.769769505703538753e-03
2.276008468000000062e-01,1.769709564156096140e-03
2.276739698999999950e-01,1.769629645496284239e-03
2.276831085999999893e-01,1.769619656049378504e-03
2.276922469999999865e-01,1.769609666524186867e-03
2.277196599000000099e-01,1.769579698485056326e-03
2.277562052000000059e-01,1.769539741892897471e-03
2.277927448000000021e-01,1.769499786275528742e-03
2.278292784000000015e-01,1.769459831732204079e-03
2.279114577999999947e-01,1.769369937415625179e-03
2.279297157999999879e-01,1.769349961600406862e-03
2.279844812000000054e-01,1.769290035698876983e-03
2.280118590000000112e-01,1.769260073506745542e-03
2.280483574999999929e-01,1.769220124890257375e-03
2.280757276000000000e-01,1.769190164021618682e-03
2.281213370999999879e-01,1.769140230497274471e-03
2.281304578999999999e-01,1.769130243976937446e-03
2.282034112999999920e-01,1.769050354000041613e-03
2.282307627999999866e-01,1.769020396418461696e-03
2.282581110000000135e-01,1.768990439192088746e-03
2.283674710999999968e-01,1.768870616142296983e-03
2.284221314999999863e-01,1.768810708000350621e-03
2.284494568000000059e-01,1.768780754762626709e-03
2.284767789000000104e-01,1.768750802074188022e-03
2.284858855000000133e-01,1.768740817888437081e-03
2.284949917000000108e-01,1.768730833878387823e-03
2.285132031000000064e-01,1.768710865995633437e-03
2.285587253999999957e-01,1.768660947285865441e-03
2.285678287000000031e-01,1.768650963598621985e-03
2.285951365999999985e-01,1.768621013359637567e-03
2.286224411999999984e-01,1.768591063624868091e-03
2.286588422999999981e-01,1.768551131518827230e-03
2.287043354999999945e-01,1.768501217779512103e-03
2.287771058999999996e-01,1.768421358939679467e-03
2.288043888000000081e-01,1.768391412831481690e-03
2.288407608999999954e-01,1.768351485692688579e-03
2.288862180000000024e-01,1.768301577984186020e-03
2.289225770999999965e-01,1.768261653131870340e-03
2.289952781000000048e-01,1.768181806059098554e-03
2.290043640999999963e-01,1.768171825468490242e-03
2.290316199000000108e-01,1.768141884085829268e-03
2.290588725000000103e-01,1.768111943269572855e-03
2.290770390999999906e-01,1.768091982939821397e-03
2.291042862999999874e-01,1.768062042990955780e-03
2.291496909999999887e-01,1.768012144290904324e-03
2.292132426000000056e-01,1.767942288818675784e-03
2.292495498999999881e-01,1.767902372719109064e-03
2.292949259000000017e-01,1.767852478978457036e-03
2.293221471999999928e-01,1.767822543432199037e-03
2.293584371999999871e-01,1.767782630286676444e-03
2.293856509999999960e-01,1.767752696153935968e-03
2.293947215000000095e-01,1.767742718201971734e-03
2.294672728999999911e-01,1.767662896809384272e-03
2.295126057999999913e-01,1.767613010512392949e-03
2.295760568999999918e-01,1.767543172285841084e-03
2.296576112000000003e-01,1.767453384675281205e-03
2.296757304000000000e-01,1.767433432572254604e-03
2.297119646000000126e-01,1.767393528996659110e-03
2.297210222000000135e-01,1.767383553222692024e-03
2.297300794999999896e-01,1.767373577623075924e-03
2.297844156999999943e-01,1.767313724989183011e-03
2.297934705000000133e-01,1.767303749659933755e-03
2.298658959999999862e-01,1.767223950041493232e-03
2.299021001999999869e-01,1.767184051703864483e-03
2.299292495999999963e-01,1.767154128617622576e-03
2.299473475000000100e-01,1.767134180218139306e-03
2.299654439000000106e-01,1.767114232017838937e-03
2.300106785999999903e-01,1.767064362715879298e-03
2.300468599999999919e-01,1.767024468234688938e-03
2.300830356999999937e-01,1.766984574909570343e-03
2.300920787999999884e-01,1.766974601695181675e-03
2.301101637999999894e-01,1.766954655392394703e-03
2.301192058000000040e-01,1.766944682428590527e-03
2.302547927999999966e-01,1.766795094661402455e-03
2.302999706999999951e-01,1.766745235115742101e-03
2.303090051999999999e-01,1.766735263368801557e-03
2.303632049000000070e-01,1.766675434396061759e-03
2.303722368999999992e-01,1.766665463092031898e-03
2.304083616000000001e-01,1.766625578590591420e-03
2.304535094000000062e-01,1.766575724351925709e-03
2.305167015000000041e-01,1.766505930962250677e-03
2.305257274999999995e-01,1.766495960666049185e-03
2.305528034999999865e-01,1.766466050326475582e-03
2.305798762000000057e-01,1.766436140558003522e-03
2.305979230000000102e-01,1.766416201030465314e-03
2.306249904999999878e-01,1.766386292124287214e-03
2.306610755000000068e-01,1.766346414462691833e-03
2.306971549000000066e-01,1.766306537817636385e-03
2.307422462000000007e-01,1.766256693461456129e-03
2.307963440999999949e-01,1.766196882136519472e-03
2.308143739999999888e-01,1.766176945477704969e-03
2.308414161000000020e-01,1.766147041100663484e-03
2.308684550000000002e-01,1.766117137137576242e-03
2.308774673000000000e-01,1.766107169343993739e-03
2.309405432999999952e-01,1.766037396191918931e-03
2.309585618999999979e-01,1.766017461609070346e-03
2.309765790999999957e-01,1.765997527211356872e-03
2.309855871000000005e-01,1.765987560067138178e-03
2.310306220999999993e-01,1.765937725532219348e-03
2.310576389000000008e-01,1.765907825602265526e-03
2.310846525999999956e-01,1.765877926047806695e-03
2.310936564000000137e-01,1.765867959819445235e-03
2.311206658000000136e-01,1.765838061058754883e-03
2.311656745000000013e-01,1.765788231098310533e-03
2.311746752000000127e-01,1.765778265329163771e-03
2.312466680999999968e-01,1.765698541092769773e-03
2.312736595999999867e-01,1.765668645474708373e-03
2.313456217000000037e-01,1.765588926647807541e-03
2.314085700999999884e-01,1.765519176045464130e-03
2.314175613999999992e-01,1.765509211856168851e-03
2.314445330000000078e-01,1.765479319722749497e-03
2.314625123000000062e-01,1.765459392033263963e-03
2.315523879999999979e-01,1.765359757140260626e-03
2.315973128000000103e-01,1.765309941953987312e-03
2.316062966999999917e-01,1.765299979094968634e-03
2.316332463000000119e-01,1.765270090918424255e-03
2.316691743000000026e-01,1.765230240907420325e-03
2.316781554000000021e-01,1.765220278437960909e-03
2.317320348999999946e-01,1.765160505638104947e-03
2.317410135999999898e-01,1.765150543730333596e-03
2.318128305000000111e-01,1.765070850563886778e-03
2.318397561999999967e-01,1.765040966578355604e-03
2.318487307000000053e-01,1.765031005425792433e-03
2.319474273999999892e-01,1.764921436355132607e-03
2.319833067000000026e-01,1.764881594965169625e-03
2.320281480999999979e-01,1.764831794557513225e-03
2.320371153000000131e-01,1.764821834765388292e-03
2.320640149000000041e-01,1.764791955422767089e-03
2.320909113999999884e-01,1.764762076678630040e-03
2.321088406000000048e-01,1.764742157802781392e-03
2.321715820999999957e-01,1.764672443605080519e-03
2.322343067000000039e-01,1.764602732602630134e-03
2.322432658999999955e-01,1.764592774066965630e-03
2.322522248999999983e-01,1.764582815621002160e-03
2.322790995000000025e-01,1.764552940795886468e-03
2.323059711000000083e-01,1.764523066430593494e-03
2.323238837999999917e-01,1.764503150575463504e-03
2.323507502000000113e-01,1.764473277076660570e-03
2.324581846999999868e-01,1.764353789042410591e-03
2.325387281000000084e-01,1.764264178798964113e-03
2.325566228000000013e-01,1.764244266150421896e-03
2.325655695999999939e-01,1.764234309871538743e-03
2.325924081000000088e-01,1.764204441400965811e-03
2.326013536000000048e-01,1.764194485300686534e-03
2.326371319999999965e-01,1.764154661909206464e-03
2.326729050000000132e-01,1.764114839392449648e-03
2.326818474000000025e-01,1.764104883950461068e-03
2.326997311000000013e-01,1.764084973295763610e-03
2.327801908000000086e-01,1.763995377915102396e-03
2.328159418000000092e-01,1.763955559382543751e-03
2.328427513999999920e-01,1.763925696168468097e-03
2.328784928000000032e-01,1.763885879370801412e-03
2.328874271999999968e-01,1.763875925267879927e-03
2.329231616999999921e-01,1.763836109688807262e-03
2.329678222000000076e-01,1.763786341502387610e-03
2.329946143000000136e-01,1.763756481442804031e-03
2.330303324000000120e-01,1.763716668817320128e-03
2.330392609999999975e-01,1.763706715803087244e-03
2.331106779999999878e-01,1.763627094036047211e-03
2.331285288000000122e-01,1.763607189145648298e-03
2.331374536999999969e-01,1.763597236795632359e-03
2.332445258999999993e-01,1.763477813651174488e-03
2.332802056000000124e-01,1.763438007980688144e-03
2.333515489000000109e-01,1.763358399348030365e-03
2.333782970000000123e-01,1.763328547117543532e-03
2.334228703000000016e-01,1.763278794815818697e-03
2.334496101999999906e-01,1.763248944111073637e-03
2.335298114999999897e-01,1.763159395206275295e-03
2.335387211000000129e-01,1.763149445680952093e-03
2.335565391999999962e-01,1.763129546714731861e-03
2.335654477999999923e-01,1.763119597323641345e-03
2.336367038999999923e-01,1.763040004553356830e-03
2.336634193000000081e-01,1.763010158263511856e-03
2.336723237999999980e-01,1.763000209553006051e-03
2.336812279000000103e-01,1.762990260954015211e-03
2.336990351000000077e-01,1.762970364033417548e-03
2.337524487000000040e-01,1.762910674598877105e-03
2.338058500999999900e-01,1.762850987349418204e-03
2.338236478000000063e-01,1.762831092072635183e-03
2.338414441999999982e-01,1.762811197122502761e-03
2.338503419000000083e-01,1.762801249679129406e-03
2.339659810999999978e-01,1.762671938896760195e-03
2.340371152000000066e-01,1.762592368324773784e-03
2.340637848999999882e-01,1.762562530308592681e-03
2.340993398000000003e-01,1.762522747217398289e-03
2.341260025000000133e-01,1.762492910428979436e-03
2.341704334999999970e-01,1.762443183879154563e-03
2.342059722000000010e-01,1.762403403614589293e-03
2.342415055000000024e-01,1.762363624463524590e-03
2.342770335000000093e-01,1.762323846297455393e-03
2.343036759000000080e-01,1.762294013257688103e-03
2.343214358000000053e-01,1.762274124813672724e-03
2.344102153000000022e-01,1.762174686679552878e-03
2.344634667999999922e-01,1.762115026792221298e-03
2.344900880999999937e-01,1.762085197620193036e-03
2.345255783000000094e-01,1.762045426282912892e-03
2.345521925000000063e-01,1.762015598429947545e-03
2.345610633000000111e-01,1.762005655996898594e-03
2.345965428000000019e-01,1.761965886562393479e-03
2.346054117999999966e-01,1.761955944412689490e-03
2.346320169999999983e-01,1.761926118268387735e-03
2.346763521999999935e-01,1.761876409128427861e-03
2.347384073000000071e-01,1.761806819010233423e-03
2.348093075000000085e-01,1.761727290976167030e-03
2.348181685000000074e-01,1.761717350289776236e-03
2.348358895000000057e-01,1.761697469116081920e-03
2.348447495000000051e-01,1.761687528525746234e-03
2.348713275000000045e-01,1.761657707328359536e-03
2.349156175000000069e-01,1.761608006528467447e-03
2.349421875000000104e-01,1.761578186756814412e-03
2.350218795000000027e-01,1.761488730809245657e-03
2.350307325000000058e-01,1.761478791649548998e-03
2.351015444000000010e-01,1.761399279860548662e-03
2.351192441000000133e-01,1.761379402481985657e-03
2.351280933999999878e-01,1.761369463977846854e-03
2.351634874000000097e-01,1.761329710336408247e-03
2.352342594000000064e-01,1.761250205917746191e-03
2.352431044000000138e-01,1.761240268252351393e-03
2.353138523999999954e-01,1.761160768370282443e-03
2.353403775000000031e-01,1.761130956766360656e-03
2.353668995000000042e-01,1.761101145880628049e-03
2.353757394999999863e-01,1.761091209065100303e-03
2.354022575999999978e-01,1.761061398900664850e-03
2.354376103999999970e-01,1.761021652899682002e-03
2.354552846999999893e-01,1.761001780168301809e-03
2.354817938000000055e-01,1.760971971710736028e-03
2.355083000000000037e-01,1.760942163803204006e-03
2.355171346999999915e-01,1.760932227886654201e-03
2.355878003999999915e-01,1.760852743162137114e-03
2.356584449999999942e-01,1.760773262425716773e-03
2.356672740000000099e-01,1.760763327669968674e-03
2.357202415999999912e-01,1.760703719960454499e-03
2.357643721000000081e-01,1.760654048683622406e-03
2.358261409000000086e-01,1.760584511272369427e-03
2.358702515999999971e-01,1.760534843663172757e-03
2.359496301000000018e-01,1.760445445693100070e-03
2.359760837000000055e-01,1.760415647484050734e-03
2.360113504999999945e-01,1.760375917483955133e-03
2.360906815000000103e-01,1.760286528436686782e-03
2.361083069999999895e-01,1.760266664852430185e-03
2.361171193000000113e-01,1.760256733050219458e-03
2.361523650000000030e-01,1.760217006926601338e-03
2.361611755999999951e-01,1.760207075600326524e-03
2.362316486999999909e-01,1.760127626702988335e-03
2.362932953999999919e-01,1.760058112162924456e-03
2.363021006999999896e-01,1.760048181754451718e-03
2.363285148000000002e-01,1.760018391005900530e-03
2.363725318000000075e-01,1.759968740751629299e-03
2.363901362999999978e-01,1.759948881131416423e-03
2.363989380000000029e-01,1.759938951346841970e-03
2.364693401999999889e-01,1.759859515837160215e-03
2.365045335000000026e-01,1.759819799389125347e-03
2.365309250000000030e-01,1.759790012874357188e-03
2.365397214999999942e-01,1.759780084109328945e-03
2.365661089999999966e-01,1.759750298159788772e-03
2.365836990999999889e-01,1.759730441260850924e-03
2.366364615000000060e-01,1.759670871898512011e-03
2.366452541000000076e-01,1.759660943989298969e-03
2.366716299000000134e-01,1.759631160256139087e-03
2.367155830000000072e-01,1.759581522038671918e-03
2.367243726999999909e-01,1.759571594500434263e-03
2.367507396000000097e-01,1.759541812588140105e-03
2.367771036999999912e-01,1.759512031186776654e-03
2.367946780999999890e-01,1.759492177111556194e-03
2.368210373000000091e-01,1.759462396605009516e-03
2.368473935000000030e-01,1.759432616581682422e-03
2.368561781999999893e-01,1.759422690080623356e-03
2.369527889999999970e-01,1.759313502245504280e-03
2.370054692999999935e-01,1.759253948256303025e-03
2.370669146999999921e-01,1.759184471508593896e-03
2.371371186000000020e-01,1.759105073182244509e-03
2.371458925999999912e-01,1.759095148664472459e-03
2.371985299000000103e-01,1.759035602848081073e-03
2.372160731000000078e-01,1.759015754697325741e-03
2.372423854000000054e-01,1.758985983038655705e-03
2.373476056000000112e-01,1.758866901792771088e-03
2.373739032999999943e-01,1.758837132748009924e-03
2.374089624999999870e-01,1.758797441712853021e-03
2.374264900999999983e-01,1.758777596501483404e-03
2.374527791000000110e-01,1.758747829228463413e-03
2.374878266000000071e-01,1.758708140404898748e-03
2.375141088000000122e-01,1.758678374426253955e-03
2.375666644999999966e-01,1.758618844002521504e-03
2.375929380000000035e-01,1.758589079618053108e-03
2.376192085999999926e-01,1.758559315871833064e-03
2.376542315999999877e-01,1.758519631624071459e-03
2.376629865000000064e-01,1.758509710676341891e-03
2.376892493999999967e-01,1.758479948324513610e-03
2.376980029999999910e-01,1.758470027814080074e-03
2.377767712999999949e-01,1.758380744671449647e-03
2.378730081000000052e-01,1.758271627457792590e-03
2.378992477999999910e-01,1.758241869612480780e-03
2.379866925000000133e-01,1.758142680506742835e-03
2.380129196000000114e-01,1.758112924913371412e-03
2.380478846000000093e-01,1.758073251782599298e-03
2.380828445000000015e-01,1.758033579641056282e-03
2.381177992000000077e-01,1.757993908393208973e-03
2.381265371000000075e-01,1.757983990715267708e-03
2.381876933000000029e-01,1.757914568915275311e-03
2.381964286000000097e-01,1.757904651678071336e-03
2.382226326999999921e-01,1.757874900556871461e-03
2.382924959999999925e-01,1.757795566958855445e-03
2.383186895000000138e-01,1.757765817812069042e-03
2.383274200000000120e-01,1.757755901575859927e-03
2.383536096999999965e-01,1.757726153344797834e-03
2.383623388999999981e-01,1.757716237220749433e-03
2.384059802999999866e-01,1.757666658196576845e-03
2.384757899000000125e-01,1.757587334929252860e-03
2.385019633000000083e-01,1.757557589670920252e-03
2.385281337000000057e-01,1.757527844991829159e-03
2.385368566000000135e-01,1.757517930093263582e-03
2.386066279000000068e-01,1.757438614253633040e-03
2.386153478999999966e-01,1.757428699921833714e-03
2.386763789000000135e-01,1.757359302145899450e-03
2.386850963000000103e-01,1.757349388398441944e-03
2.387112466999999905e-01,1.757319647635819998e-03
2.387461093999999895e-01,1.757279993898735928e-03
2.387548243000000014e-01,1.757270080809638941e-03
2.387722530999999981e-01,1.757250254426119410e-03
2.388158196000000066e-01,1.757200689755314708e-03
2.388506670999999970e-01,1.757161039159498700e-03
2.388767992999999978e-01,1.757131301829029752e-03
2.388942192000000075e-01,1.757111477251990751e-03
2.389551789999999898e-01,1.757042093000277944e-03
2.389900061000000131e-01,1.757002446337069214e-03
2.390248282000000113e-01,1.756962800552405116e-03
2.390335329000000120e-01,1.756952889311487074e-03
2.390509413999999944e-01,1.756933066879355588e-03
2.390857546000000056e-01,1.756893422832759948e-03
2.391031593000000066e-01,1.756873601301609574e-03
2.391640657000000114e-01,1.756804227397836286e-03
2.392336540999999983e-01,1.756724946694534269e-03
2.392423512999999891e-01,1.756715036902341699e-03
2.392684407000000013e-01,1.756685307696753727e-03
2.393379988000000069e-01,1.756606032906222635e-03
2.393640777999999913e-01,1.756576305830525545e-03
2.393727702000000013e-01,1.756566397000074078e-03
2.393814622999999864e-01,1.756556488149162848e-03
2.394509874999999899e-01,1.756477219577301649e-03
2.394683656999999910e-01,1.756457403156212521e-03
2.394770542999999918e-01,1.756447494998522162e-03
2.395204924999999874e-01,1.756397955021981238e-03
2.395465516999999989e-01,1.756368231967993113e-03
2.395812928999999925e-01,1.756328601796197002e-03
2.396073454000000047e-01,1.756298879818341116e-03
2.396507600999999987e-01,1.756249344599421572e-03
2.397288867000000046e-01,1.756160184899992118e-03
2.397896341999999903e-01,1.756090841934655105e-03
2.398850634999999953e-01,1.755981880307246360e-03
2.398937369999999958e-01,1.755971975103944689e-03
2.399284278999999909e-01,1.755932354872312287e-03
2.399370997999999977e-01,1.755922449927421747e-03
2.399631137000000081e-01,1.755892735572814898e-03
2.399891248999999893e-01,1.755863021700735912e-03
2.399977946000000084e-01,1.755853117198447706e-03
2.400064640000000027e-01,1.755843212815387912e-03
2.400238020000000083e-01,1.755823404072611848e-03
2.400758081999999904e-01,1.755763979547405023e-03
2.401278031999999896e-01,1.755704557262306471e-03
2.401451323999999887e-01,1.755684750259690289e-03
2.401971123999999957e-01,1.755625330820861398e-03
2.402750613000000091e-01,1.755536205798488743e-03
2.403010385999999887e-01,1.755506498492782419e-03
2.403096970999999971e-01,1.755496596210978210e-03
2.403789537999999892e-01,1.755417380182063784e-03
2.404741491999999869e-01,1.755308464442712499e-03
2.404828015000000097e-01,1.755298563338285279e-03
2.404914533999999993e-01,1.755288662268534097e-03
2.405174073999999940e-01,1.755258959731825687e-03
2.405606577999999940e-01,1.755209456451618886e-03
2.406211953000000070e-01,1.755140154612487612e-03
2.406298423000000075e-01,1.755130254632997558e-03
2.406903622999999881e-01,1.755060956100739722e-03
2.406990068000000038e-01,1.755051056501658263e-03
2.407162948999999885e-01,1.755031257737146291e-03
2.407249384000000048e-01,1.755021358316644423e-03
2.407508671999999961e-01,1.754991660686273935e-03
2.407940756999999987e-01,1.754942165748284459e-03
2.408545545000000121e-01,1.754872875333214318e-03
2.408631931000000115e-01,1.754862976919062401e-03
2.408977444000000023e-01,1.754823384045876454e-03
2.409322906999999958e-01,1.754783792133835299e-03
2.409581972000000016e-01,1.754754098808902546e-03
2.409754665999999934e-01,1.754734303666133019e-03
2.410013685000000072e-01,1.754704611218013861e-03
2.410272675000000031e-01,1.754674919421403499e-03
2.410963181000000122e-01,1.754595743883720967e-03
2.411049480000000134e-01,1.754585847161154290e-03
2.411394645999999919e-01,1.754546261200128640e-03
2.411739763000000092e-01,1.754506676043721515e-03
2.411826035000000090e-01,1.754496779992363803e-03
2.412429849000000126e-01,1.754427508891281788e-03
2.412688580000000027e-01,1.754397822258298113e-03
2.413205958999999901e-01,1.754338450499247099e-03
2.413464606999999873e-01,1.754308765423092525e-03
2.413895624999999878e-01,1.754259291586308684e-03
2.414068011000000125e-01,1.754239502417165482e-03
2.414154199000000112e-01,1.754229607995315496e-03
2.414498921999999881e-01,1.754190030795171190e-03
2.414843594999999954e-01,1.754150454544512383e-03
2.415446655000000054e-01,1.754081198338981089e-03
2.415791193000000059e-01,1.754041624851325433e-03
2.415963442999999877e-01,1.754021838292339113e-03
2.416221795999999866e-01,1.753992159091518396e-03
2.416480121000000036e-01,1.753962480597975665e-03
2.416566223000000124e-01,1.753952587723801079e-03
2.416824512000000091e-01,1.753922909895607634e-03
2.417599210999999970e-01,1.753833879504915509e-03
2.418029492000000058e-01,1.753784420321066349e-03
2.418631757999999965e-01,1.753715179938023123e-03
2.419319876999999896e-01,1.753636051910633601e-03
2.419405877999999954e-01,1.753626161160210277e-03
2.419577871999999963e-01,1.753606379955272325e-03
2.420695529000000124e-01,1.753477807482066702e-03
2.421039319999999939e-01,1.753438248772208304e-03
2.421383061999999864e-01,1.753398691042597039e-03
2.421468989999999988e-01,1.753388801753159344e-03
2.421726755999999980e-01,1.753359134331802316e-03
2.421984493000000072e-01,1.753329467369023125e-03
2.423358633000000095e-01,1.753171253146385781e-03
2.423530345000000086e-01,1.753151477471353789e-03
2.423702045999999999e-01,1.753131702056084495e-03
2.424045410000000011e-01,1.753092151990668030e-03
2.424474547999999896e-01,1.753042715688621659e-03
2.424903609000000071e-01,1.752993280936876843e-03
2.425075211999999925e-01,1.752973507522741833e-03
2.425589948999999912e-01,1.752914188528694557e-03
2.426104575999999957e-01,1.752854871702310031e-03
2.426533348999999895e-01,1.752805442847251566e-03
2.426790577000000060e-01,1.752775786133351161e-03
2.426876313000000118e-01,1.752765900683608954e-03
2.427219227999999895e-01,1.752726359550595267e-03
2.427562094999999864e-01,1.752686819499545958e-03
2.427647804999999992e-01,1.752676934617349545e-03
2.427819213999999892e-01,1.752657165032285060e-03
2.427904914000000025e-01,1.752647280357500208e-03
2.428333369000000019e-01,1.752597857793762939e-03
2.428590405999999924e-01,1.752568205063482175e-03
2.428933078999999939e-01,1.752528668874315469e-03
2.429190052000000100e-01,1.752499017290940625e-03
2.429532641000000104e-01,1.752459482690953444e-03
2.429618280999999991e-01,1.752449599321071610e-03
2.429703917000000102e-01,1.752439715949656281e-03
2.430645720999999870e-01,1.752331002467676221e-03
2.431672726999999923e-01,1.752212414200396591e-03
2.431758290999999905e-01,1.752202532312142945e-03
2.432014966000000111e-01,1.752172886882399309e-03
2.432271614000000026e-01,1.752143241907798106e-03
2.432442696999999876e-01,1.752123478990145903e-03
2.432699298999999871e-01,1.752093834949820577e-03
2.433041394000000079e-01,1.752054310437390489e-03
2.433297933000000135e-01,1.752024667630367903e-03
2.434323820000000027e-01,1.751906102251034802e-03
2.434494759999999980e-01,1.751886342296252348e-03
2.435007505000000017e-01,1.751827063537652858e-03
2.435092952000000033e-01,1.751817183999063296e-03
2.435776420999999914e-01,1.751738149580437743e-03
2.435861840999999917e-01,1.751728270571704070e-03
2.436118083000000101e-01,1.751698633929837977e-03
2.436459698000000007e-01,1.751659119192049271e-03
2.437228154999999952e-01,1.751570214533289390e-03
2.437825677000000080e-01,1.751501069912036589e-03
2.437911024999999954e-01,1.751491192477324212e-03
2.438167052000000112e-01,1.751461560135468554e-03
2.438593703999999973e-01,1.751412174178239474e-03
2.438764344000000084e-01,1.751392420277079467e-03
2.438849659000000003e-01,1.751382543278900061e-03
2.439190891000000139e-01,1.751343036421865130e-03
2.439873211999999958e-01,1.751264025509449793e-03
2.440129033000000003e-01,1.751234397433060154e-03
2.440214300000000114e-01,1.751224521476817684e-03
2.440470086000000038e-01,1.751194894077728707e-03
2.440640594000000052e-01,1.751175142933558216e-03
2.441237280999999926e-01,1.751106015285644815e-03
2.441492959000000074e-01,1.751076390272939898e-03
2.442004234000000051e-01,1.751017141539836387e-03
2.442941295999999929e-01,1.750908524558496705e-03
2.443367113999999896e-01,1.750859155772856428e-03
2.444048268000000024e-01,1.750780168671120648e-03
2.444218526999999974e-01,1.750760422592564968e-03
2.444303651999999993e-01,1.750750549694737130e-03
2.444984545999999981e-01,1.750671567953559484e-03
2.445239831999999891e-01,1.750641950822122688e-03
2.445324922000000067e-01,1.750632078609087351e-03
2.445580172000000052e-01,1.750602462174305311e-03
2.445665250000000068e-01,1.750592590147572337e-03
2.446345763999999978e-01,1.750513616352987294e-03
2.446770990000000090e-01,1.750464259737632196e-03
2.447026089999999876e-01,1.750434646347437525e-03
2.447366182000000057e-01,1.750395162833159142e-03
2.447961227999999878e-01,1.750326069043287329e-03
2.448046222999999966e-01,1.750316198849964948e-03
2.448301190000000127e-01,1.750286588269052814e-03
2.448641105000000096e-01,1.750247108434198600e-03
2.448726075999999863e-01,1.750237238643885225e-03
2.449320792999999941e-01,1.750168151598058188e-03
2.449405739999999942e-01,1.750158282310929547e-03
2.449490685000000056e-01,1.750148413041256561e-03
2.450085216000000010e-01,1.750079329826121364e-03
2.450170137000000081e-01,1.750069461012008446e-03
2.451019187000000044e-01,1.749970776740412438e-03
2.451104075999999965e-01,1.749960908548567600e-03
2.451358724999999905e-01,1.749931304619667958e-03
2.452122512999999893e-01,1.749842496109972915e-03
2.452207362999999918e-01,1.749832628712230057e-03
2.452377055999999944e-01,1.749812894177520768e-03
2.452461897999999862e-01,1.749803027140113803e-03
2.452886062999999894e-01,1.749753692302301366e-03
2.453140527000000071e-01,1.749724092195197034e-03
2.453394963999999956e-01,1.749694492791412483e-03
2.453734173000000074e-01,1.749655027383659059e-03
2.454158117999999944e-01,1.749605697310008994e-03
2.454242898000000006e-01,1.749595831414576131e-03
2.454751518000000132e-01,1.749536637632198447e-03
2.454836277999999927e-01,1.749526772266096286e-03
2.454921035000000029e-01,1.749516906766331514e-03
2.455175287999999956e-01,1.749487311106682173e-03
2.455514250999999981e-01,1.749447850905166751e-03
2.456446157999999935e-01,1.749339340662953287e-03
2.456530859000000122e-01,1.749329476410755018e-03
2.456784945000000109e-01,1.749299884126518908e-03
2.456954322000000079e-01,1.749280156288100059e-03
2.457885682000000016e-01,1.749171657433091793e-03
2.458224271999999988e-01,1.749132205142843715e-03
2.458308912000000124e-01,1.749122342150439147e-03
2.458985927000000016e-01,1.749043440940873479e-03
2.459239759000000081e-01,1.749013853970018397e-03
2.459578162000000123e-01,1.748974405482864661e-03
2.460170254999999861e-01,1.748905373205875960e-03
2.460254828000000005e-01,1.748895511577590713e-03
2.460508530000000138e-01,1.748865927291613559e-03
2.460593091000000121e-01,1.748856066149689047e-03
2.461269477999999955e-01,1.748777177941591553e-03
2.461607601999999950e-01,1.748737735488087959e-03
2.461692125000000120e-01,1.748727874857297984e-03
2.462283710000000014e-01,1.748658853216094721e-03
2.463044108999999926e-01,1.748570115238277977e-03
2.463213055000000040e-01,1.748550396424020971e-03
2.463635369000000130e-01,1.748501100347514764e-03
2.463973167999999880e-01,1.748461664654461008e-03
2.464310920999999988e-01,1.748422229740812872e-03
2.464395352000000039e-01,1.748412371297598539e-03
2.464564204999999952e-01,1.748392654409664133e-03
2.464901877000000019e-01,1.748353221275225590e-03
2.465070695000000089e-01,1.748333505162001558e-03
2.465914613999999894e-01,1.748234927829864791e-03
2.466420826999999871e-01,1.748175784438349379e-03
2.466673893999999922e-01,1.748146213448165294e-03
2.466926936000000126e-01,1.748116643129498955e-03
2.467011276999999947e-01,1.748106786520592501e-03
2.467348614000000051e-01,1.748067360449522944e-03
2.467685904999999957e-01,1.748027935363358253e-03
2.468360347999999926e-01,1.747949088352727422e-03
2.468444640000000134e-01,1.747939232727826597e-03
2.468697499999999989e-01,1.747909666127735618e-03
2.469118875999999907e-01,1.747860389848302463e-03
2.469371666999999881e-01,1.747830824836533190e-03
2.469624431999999925e-01,1.747801260356474443e-03
2.469708680999999906e-01,1.747791405655781160e-03
2.469961411000000107e-01,1.747761841771073004e-03
2.470045649000000010e-01,1.747751987238444285e-03
2.470466795000000049e-01,1.747702715983063051e-03
2.470719447999999985e-01,1.747673153791394918e-03
2.471393063000000001e-01,1.747594324150243423e-03
2.471729802000000031e-01,1.747554910697679065e-03
2.472403140999999971e-01,1.747476086919751105e-03
2.472487295999999946e-01,1.747466234207902891e-03
2.472655596999999983e-01,1.747446528885181248e-03
2.473160429000000049e-01,1.747387414707843138e-03
2.473412806999999991e-01,1.747357858409617857e-03
2.473749271000000027e-01,1.747318450905775700e-03
2.474001589000000001e-01,1.747288895958645435e-03
2.474422061000000062e-01,1.747239638810368142e-03
2.474758387999999865e-01,1.747200234110929179e-03
2.475178731000000076e-01,1.747150979788869660e-03
2.475346848999999960e-01,1.747131278489885524e-03
2.476103236999999957e-01,1.747042625333053217e-03
2.476439334999999964e-01,1.747003225730700635e-03
2.476523351999999900e-01,1.746993375804728986e-03
2.476775387000000050e-01,1.746963826975023865e-03
2.477195389000000081e-01,1.746914579773426552e-03
2.477699295999999940e-01,1.746855485298348882e-03
2.477783271000000009e-01,1.746845636390391030e-03
2.478371014000000094e-01,1.746776695955541041e-03
2.478454965999999926e-01,1.746766847594019567e-03
2.478538915000000065e-01,1.746756999349768002e-03
2.478790744999999907e-01,1.746727454633877205e-03
2.479881714000000126e-01,1.746599434349569921e-03
2.480468959999999889e-01,1.746530504549311013e-03
2.480552839999999870e-01,1.746520657727328217e-03
2.480720593999999890e-01,1.746500964037951036e-03
2.481056066000000004e-01,1.746461577645419061e-03
2.481223785999999987e-01,1.746441884870308372e-03
2.481475343000000000e-01,1.746412346109887633e-03
2.481726874999999888e-01,1.746382807885484088e-03
2.481810714000000084e-01,1.746372961863603031e-03
2.482062211999999934e-01,1.746343424425609919e-03
2.482565132000000008e-01,1.746284351075049531e-03
2.482816552999999871e-01,1.746254815179809758e-03
2.483486886999999865e-01,1.746176055581428674e-03
2.483738215000000082e-01,1.746146521716064300e-03
2.483821985999999926e-01,1.746136677234157771e-03
2.484575793000000088e-01,1.746048079440459030e-03
2.484743275000000085e-01,1.746028391736716579e-03
2.484827011000000085e-01,1.746018548082879434e-03
2.485161928999999881e-01,1.745979173542010557e-03
2.485245651999999916e-01,1.745969330001820351e-03
2.485496802000000116e-01,1.745939800080301011e-03
2.485747927999999995e-01,1.745910270569176045e-03
2.487086833999999913e-01,1.745752789153471457e-03
2.487254145999999999e-01,1.745733105250368497e-03
2.487505094000000139e-01,1.745703579466357635e-03
2.488759453000000121e-01,1.745555959525433697e-03
2.488843054000000055e-01,1.745546118612399146e-03
2.489093842000000001e-01,1.745516596497955321e-03
2.489261020000000102e-01,1.745496915233984980e-03
2.489511765000000099e-01,1.745467393983263444e-03
2.489846052999999948e-01,1.745428033192842829e-03
2.490096739000000059e-01,1.745398513124675564e-03
2.490598036999999987e-01,1.745339474735456723e-03
2.490848647999999999e-01,1.745309956410829233e-03
2.491099233000000079e-01,1.745280438502565517e-03
2.491182755999999943e-01,1.745270599372828217e-03
2.491266276000000113e-01,1.745260760352915393e-03
2.491767337999999943e-01,1.745201727051400248e-03
2.491934336000000139e-01,1.745182049765251235e-03
2.492518742000000009e-01,1.745113181315469759e-03
2.492602217999999870e-01,1.745103343148706300e-03
2.492769159999999873e-01,1.745083667083059936e-03
2.492852627000000099e-01,1.745073829143890679e-03
2.493854013000000036e-01,1.744955778659921120e-03
2.494104296000000109e-01,1.744926267444025635e-03
2.494604787999999962e-01,1.744867246411927961e-03
2.494854995999999936e-01,1.744837736831091751e-03
2.495271954000000125e-01,1.744788555323140925e-03
2.495522095999999912e-01,1.744759047232303595e-03
2.495855579000000046e-01,1.744719703768961988e-03
2.496439065999999929e-01,1.744650855372999361e-03
2.496522411000000052e-01,1.744641020008422770e-03
2.496605752000000122e-01,1.744631184837346343e-03
2.497105742999999878e-01,1.744572174975578954e-03
2.497189065000000041e-01,1.744562340086923099e-03
2.497522325000000043e-01,1.744523001558920521e-03
2.497772241000000004e-01,1.744493498267977180e-03
2.497938838000000050e-01,1.744473829772831032e-03
2.498605114000000127e-01,1.744395158211043155e-03
2.498854920999999951e-01,1.744365657265728713e-03
2.499520953000000101e-01,1.744286990973311713e-03
2.499770668999999890e-01,1.744257492031040619e-03
2.499853901999999906e-01,1.744247659187428802e-03
