q,I
2.039995199999999811e-03,3.289566190862330992e-03
2.884988900000000096e-03,3.289546605492270435e-03
4.079990399999999622e-03,3.289507435193888846e-03
4.561568000000000220e-03,3.289487850265568249e-03
5.769977800000000191e-03,3.289429096364053420e-03
6.119985599999999866e-03,3.289409512024696162e-03
6.451031299999999968e-03,3.289389927832577897e-03
7.355307299999999833e-03,3.289331176139634067e-03
8.159980799999999243e-03,3.289272425771786953e-03
8.411115699999999196e-03,3.289252842610298697e-03
8.654966599999999385e-03,3.289233259596035554e-03
9.123135799999999504e-03,3.289194094009185478e-03
1.019997589999999989e-02,3.289096182618462486e-03
1.040197520000000000e-02,3.289076600781972934e-03
1.098571020000000016e-02,3.289017856155796848e-03
1.153995529999999985e-02,3.288959112854525791e-03
1.189511369999999950e-02,3.288919951389727373e-03
1.223997100000000053e-02,3.288880790513743543e-03
1.240880609999999926e-02,3.288861210296554604e-03
1.290206219999999980e-02,3.288802470528198827e-03
1.306234239999999949e-02,3.288782890899810164e-03
1.368470339999999959e-02,3.288704573858199174e-03
1.427996599999999984e-02,3.288626259171653979e-03
1.442494390000000071e-02,3.288606680867977791e-03
1.471061409999999993e-02,3.288567524702192772e-03
1.485138870000000076e-02,3.288547946840069194e-03
1.553614000000000037e-02,3.288450059737149309e-03
1.593287120000000043e-02,3.288391329241492026e-03
1.631996089999999955e-02,3.288332600070365940e-03
1.644696630000000090e-02,3.288313023974314027e-03
1.682223050000000025e-02,3.288254296569173302e-03
1.730993239999999850e-02,3.288175995422572447e-03
1.742972569999999902e-02,3.288156420503807967e-03
1.754870130000000042e-02,3.288136845732201382e-03
1.824627070000000087e-02,3.288019400192737120e-03
1.835995569999999966e-02,3.287999826451174206e-03
1.847294110000000100e-02,3.287980252856754874e-03
1.880782519999999944e-02,3.287921532956345361e-03
1.924527490000000132e-02,3.287843241815740971e-03
1.935309240000000069e-02,3.287823669398426928e-03
2.009162109999999835e-02,3.287686666596845598e-03
2.019492059999999922e-02,3.287667095356554010e-03
2.039995039999999843e-02,3.287627953317328721e-03
2.050169640000000168e-02,3.287608382518394587e-03
2.080394890000000080e-02,3.287549671004286710e-03
2.100303430000000082e-02,3.287510530730464349e-03
2.129817330000000064e-02,3.287451821423050067e-03
2.168544450000000137e-02,3.287373544406000433e-03
2.197141860000000058e-02,3.287314838187771742e-03
2.206591980000000008e-02,3.287295269742572003e-03
2.243994499999999934e-02,3.287216997432697123e-03
2.253248119999999924e-02,3.287197429722955085e-03
2.280783739999999934e-02,3.287138727476287756e-03
2.307990860000000075e-02,3.287080026553384875e-03
2.325952140000000015e-02,3.287040893340194541e-03
2.379022509999999951e-02,3.286923497230525605e-03
2.387752890000000017e-02,3.286903931726998813e-03
2.447993949999999891e-02,3.286766977320269411e-03
2.456479220000000116e-02,3.286747412993276749e-03
2.464935279999999965e-02,3.286727848813342234e-03
2.481760959999999849e-02,3.286688720894643742e-03
2.490131170000000130e-02,3.286669157155882801e-03
2.523334379999999863e-02,3.286590903671390146e-03
2.556106320000000112e-02,3.286512652539684727e-03
2.580412149999999905e-02,3.286453965734878729e-03
2.596489630000000173e-02,3.286414841933539034e-03
2.612468180000000056e-02,3.286375718720367309e-03
2.651993379999999928e-02,3.286277913260509959e-03
2.659827940000000085e-02,3.286258352609630964e-03
2.683194360000000153e-02,3.286199671539142934e-03
2.721692649999999866e-02,3.286101872695468881e-03
2.736940339999999888e-02,3.286062754187121793e-03
2.744532419999999931e-02,3.286043195153474320e-03
2.774693010000000085e-02,3.285964960488992320e-03
2.834051430000000121e-02,3.285808498216332210e-03
2.841384049999999897e-02,3.285788941093761937e-03
2.855992799999999832e-02,3.285749827289590700e-03
2.863269220000000045e-02,3.285730270607987134e-03
2.884988380000000005e-02,3.285671601445148016e-03
2.899377430000000047e-02,3.285632489404860090e-03
2.920828110000000047e-02,3.285573822446840198e-03
2.942122390000000143e-02,3.285515156811639331e-03
2.970277299999999829e-02,3.285436938022389015e-03
3.012016249999999867e-02,3.285319614247676247e-03
3.032670299999999999e-02,3.285260954344343919e-03
3.059992200000000162e-02,3.285182743197377978e-03
3.066784640000000048e-02,3.285163190778023819e-03
3.087072290000000135e-02,3.285104534401686160e-03
3.107227489999999856e-02,3.285045879347918158e-03
3.113916889999999993e-02,3.285026327957206015e-03
3.120591959999999970e-02,3.285006776713456176e-03
3.166923519999999964e-02,3.284869922121546812e-03
3.173487090000000344e-02,3.284850372053295907e-03
3.186573689999999681e-02,3.284811272357629399e-03
3.193096869999999948e-02,3.284791722730177801e-03
3.225514909999999819e-02,3.284693976796876445e-03
3.263991580000000226e-02,3.284576686525371263e-03
3.270360349999999749e-02,3.284557138661001966e-03
3.289392669999999935e-02,3.284498495949365621e-03
3.295712349999999763e-02,3.284478948672636504e-03
3.320870809999999784e-02,3.284400761034799669e-03
3.345840099999999873e-02,3.284322575747418167e-03
3.364445469999999966e-02,3.284263938324338307e-03
3.376792089999999802e-02,3.284224847443406332e-03
3.395227840000000080e-02,3.284166212223695903e-03
3.419654240000000178e-02,3.284088033987179502e-03
3.461985769999999935e-02,3.283951227728214121e-03
3.467990950000000155e-02,3.283931684564435436e-03
3.473985749999999872e-02,3.283912141547531884e-03
3.485944419999999905e-02,3.283873055954327630e-03
3.491908400000000301e-02,3.283853513378035167e-03
3.509739530000000052e-02,3.283794886530344830e-03
3.521576790000000012e-02,3.283755802699530723e-03
3.562697489999999689e-02,3.283619013917720916e-03
3.568533189999999883e-02,3.283599473250580977e-03
3.609118929999999975e-02,3.283462692692407352e-03
3.614879690000000201e-02,3.283443153200030391e-03
3.632107169999999885e-02,3.283384535603978138e-03
3.649253310000000194e-02,3.283325919329417846e-03
3.671990299999999818e-02,3.283247766352330108e-03
3.677652580000000115e-02,3.283228228475120348e-03
3.694587359999999820e-02,3.283169615724453039e-03
3.722640800000000250e-02,3.283071930743080950e-03
3.744932249999999990e-02,3.282993785400661283e-03
3.750484409999999685e-02,3.282974249432083196e-03
3.761564139999999667e-02,3.282935177935336016e-03
3.794609239999999911e-02,3.282817966968420639e-03
3.811024350000000172e-02,3.282759363466766778e-03
3.832801789999999709e-02,3.282681227519636345e-03
3.849054019999999937e-02,3.282622627100591738e-03
3.870617500000000238e-02,3.282544495263494799e-03
3.875989619999999775e-02,3.282524962671158272e-03
3.881354310000000030e-02,3.282505430225614914e-03
3.897404079999999826e-02,3.282446833769650605e-03
3.918701509999999999e-02,3.282368707216491450e-03
3.924007809999999902e-02,3.282349175945133406e-03
3.939883820000000120e-02,3.282290583011626597e-03
3.960952859999999909e-02,3.282212461154975381e-03
4.007953250000000078e-02,3.282036695562646871e-03
4.018323120000000248e-02,3.281997638156352454e-03
4.023498040000000192e-02,3.281978109673335583e-03
4.038983000000000156e-02,3.281919525104693130e-03
4.049273419999999818e-02,3.281880469459315212e-03
4.064660190000000256e-02,3.281821887091728503e-03
4.079988930000000291e-02,3.281763306044716954e-03
4.085085730000000137e-02,3.281743779322507729e-03
4.100338109999999980e-02,3.281685200036214486e-03
4.105409649999999799e-02,3.281665673900909051e-03
4.125633449999999841e-02,3.281587570826840529e-03
4.130673929999999910e-02,3.281568045425118860e-03
4.160788569999999964e-02,3.281450896095714116e-03
4.185718599999999762e-02,3.281353275688983669e-03
4.200605599999999995e-02,3.281294705205357789e-03
4.205556230000000173e-02,3.281275182004225223e-03
4.244953370000000004e-02,3.281119001675947017e-03
4.259633349999999985e-02,3.281060436473154200e-03
4.283988209999999713e-02,3.280962830735454500e-03
4.288842589999999899e-02,3.280943310027952236e-03
4.303372860000000133e-02,3.280884748785439873e-03
4.322670569999999962e-02,3.280806669182094112e-03
4.327481560000000227e-02,3.280787149647941461e-03
4.337087509999999757e-02,3.280748111019570704e-03
4.361009829999999698e-02,3.280650517015199722e-03
4.365778569999999997e-02,3.280630998654304742e-03
4.380053619999999676e-02,3.280572444451478921e-03
4.394282299999999891e-02,3.280513891568491002e-03
4.403742540000000344e-02,3.280474857046371609e-03
4.413182499999999953e-02,3.280435823110815132e-03
4.455414840000000015e-02,3.280260177659352194e-03
4.474056810000000273e-02,3.280182116826615632e-03
4.478705179999999814e-02,3.280162601984994066e-03
4.487987470000000256e-02,3.280123572741592240e-03
4.492621420000000171e-02,3.280104058339811546e-03
4.506494700000000103e-02,3.280045516014214960e-03
4.515719859999999669e-02,3.280006488530177056e-03
4.529522390000000065e-02,3.279947948403742330e-03
4.561565869999999884e-02,3.279811359906522651e-03
4.584316940000000146e-02,3.279713801092151888e-03
4.602436819999999873e-02,3.279635756679289034e-03
4.615980060000000190e-02,3.279577224908815630e-03
4.624986849999999927e-02,3.279538204461394674e-03
4.651902589999999671e-02,3.279421146636987087e-03
4.656373419999999819e-02,3.279401637512591693e-03
4.660839960000000282e-02,3.279382128534760483e-03
4.691986699999999705e-02,3.279245569793824179e-03
4.696419369999999677e-02,3.279226061988503409e-03
4.709692359999999994e-02,3.279167539451918831e-03
4.731731260000000133e-02,3.279070004821973364e-03
4.744905459999999853e-02,3.279011485802573594e-03
4.758043189999999756e-02,3.278952968102087119e-03
4.762414379999999753e-02,3.278933462495006636e-03
4.775503939999999753e-02,3.278874946552982460e-03
4.779859160000000246e-02,3.278855441532042923e-03
4.801576009999999894e-02,3.278757918625330083e-03
4.814559110000000280e-02,3.278699406639661550e-03
4.836120139999999790e-02,3.278601889593940524e-03
4.849010740000000291e-02,3.278543381124712167e-03
4.866145090000000006e-02,3.278465371883582460e-03
4.895985910000000274e-02,3.278328861352068722e-03
4.900234049999999814e-02,3.278309360433570661e-03
4.904478510000000180e-02,3.278289859661566528e-03
4.912956429999999763e-02,3.278250858557048286e-03
4.929868529999999888e-02,3.278172858105910317e-03
4.934087499999999932e-02,3.278153358359355875e-03
4.938302859999999656e-02,3.278133858759271508e-03
4.963519859999999950e-02,3.278016864234961289e-03
4.967710250000000050e-02,3.277997365660258091e-03
4.980260260000000244e-02,3.277938870814988033e-03
5.001106959999999935e-02,3.277841382335633293e-03
5.017721960000000314e-02,3.277763394188535490e-03
5.038413659999999711e-02,3.277665912300008460e-03
5.046666589999999897e-02,3.277626920569797105e-03
5.050787989999999672e-02,3.277607424924344499e-03
5.067240099999999886e-02,3.277529443807115136e-03
5.099985089999999749e-02,3.277373488601882136e-03
5.104063439999999979e-02,3.277353994860188365e-03
5.112210379999999887e-02,3.277315007816099159e-03
5.116278989999999832e-02,3.277295514513715001e-03
5.136573690000000025e-02,3.277198050198180078e-03
5.148712109999999814e-02,3.277139573365933384e-03
5.160821980000000059e-02,3.277081097851455935e-03
5.164852290000000040e-02,3.277061606306117241e-03
5.192976900000000062e-02,3.276925169588319926e-03
5.200984570000000140e-02,3.276886188986612939e-03
5.212973010000000046e-02,3.276827719182057175e-03
5.224933949999999855e-02,3.276769250695105856e-03
5.228914839999999897e-02,3.276749761492213277e-03
5.244808220000000271e-02,3.276671806144672815e-03
5.264607470000000344e-02,3.276574365253947293e-03
5.292201970000000311e-02,3.276437954154874568e-03
5.296132299999999765e-02,3.276418467440489653e-03
5.303984240000000211e-02,3.276379494450887189e-03
5.307905849999999814e-02,3.276360008175624970e-03
5.319653330000000124e-02,3.276301550228020391e-03
5.339175040000000011e-02,3.276204123242633555e-03
5.354741159999999722e-02,3.276126184288728239e-03
5.366386120000000287e-02,3.276067731609994503e-03
5.385738429999999827e-02,3.275970313405683360e-03
5.389600549999999657e-02,3.275950830203836796e-03
5.401170360000000226e-02,3.275892381476395911e-03
5.420398480000000047e-02,3.275794969857294143e-03
5.431902689999999756e-02,3.275736524641821752e-03
5.443382580000000193e-02,3.275678080743252979e-03
5.473877910000000263e-02,3.275522236785087526e-03
5.481475239999999971e-02,3.275483277258703450e-03
5.489062050000000081e-02,3.275444318317533108e-03
5.492851530000000121e-02,3.275424839066423850e-03
5.507983360000000272e-02,3.275346923524953286e-03
5.511759819999999949e-02,3.275327445005316203e-03
5.523073729999999903e-02,3.275269010324259600e-03
5.541878909999999742e-02,3.275171622115003508e-03
5.549383139999999881e-02,3.275132667855324906e-03
5.568099469999999995e-02,3.275035284766097347e-03
5.571835189999999743e-02,3.275015808587086220e-03
5.601631270000000107e-02,3.274860004420893870e-03
5.612764020000000215e-02,3.274801580272007889e-03
5.627573429999999793e-02,3.274723683454504146e-03
5.642343970000000125e-02,3.274645788977121122e-03
5.657075939999999664e-02,3.274567896839762106e-03
5.668099790000000193e-02,3.274509479272344568e-03
5.671769649999999774e-02,3.274490007042375490e-03
5.682764989999999905e-02,3.274431591229850190e-03
5.690083420000000003e-02,3.274392648086049771e-03
5.711982439999999800e-02,3.274275822164223523e-03
5.715624119999999919e-02,3.274256351689059947e-03
5.726535270000000094e-02,3.274197941140937276e-03
5.744674450000000071e-02,3.274100593151780571e-03
5.748295419999999850e-02,3.274081123992611184e-03
5.759144669999999994e-02,3.274022717392386511e-03
5.769973510000000333e-02,3.273964312108025056e-03
5.773578619999999995e-02,3.273944843972353795e-03
5.777181470000000013e-02,3.273925375982853370e-03
5.798751569999999883e-02,3.273808571116127927e-03
5.802338790000000079e-02,3.273789104150032821e-03
5.805923799999999912e-02,3.273769637330154955e-03
5.834524540000000231e-02,3.273613908033871055e-03
5.841652840000000069e-02,3.273574977171643530e-03
5.845213739999999963e-02,3.273555511959835244e-03
5.873623160000000093e-02,3.273399795527513409e-03
5.884241330000000020e-02,3.273341404277220132e-03
5.887776470000000151e-02,3.273321940819473152e-03
5.915981499999999754e-02,3.273166238419150838e-03
5.919497680000000012e-02,3.273146776276818215e-03
5.930033710000000291e-02,3.273088390726726100e-03
5.940551060000000272e-02,3.273030006491993264e-03
5.947552290000000103e-02,3.272991084399549683e-03
5.958038699999999854e-02,3.272932702356913179e-03
5.971991950000000299e-02,3.272854861679370172e-03
5.999801099999999693e-02,3.272699187338582155e-03
6.003268190000000254e-02,3.272679728703564196e-03
6.024028800000000294e-02,3.272562979961860050e-03
6.027481950000000005e-02,3.272543522349649365e-03
6.041274809999999662e-02,3.272465693361906527e-03
6.055036250000000314e-02,3.272387866711870541e-03
6.058471719999999894e-02,3.272368410414599332e-03
6.065336839999999757e-02,3.272329498258417634e-03
6.085885719999999804e-02,3.272212765296129890e-03
6.113176780000000032e-02,3.272057129527410155e-03
6.119980530000000002e-02,3.272018222046056690e-03
6.123379560000000166e-02,3.271998768524459703e-03
6.133565380000000067e-02,3.271940408836233622e-03
6.136956899999999882e-02,3.271920955898982575e-03
6.150504259999999696e-02,3.271843145610610348e-03
6.167396609999999807e-02,3.271745886036596905e-03
6.174140610000000001e-02,3.271706983229416381e-03
6.194328550000000044e-02,3.271590278313170255e-03
6.204397889999999777e-02,3.271531927826730642e-03
6.214450920000000322e-02,3.271473578654714859e-03
6.217798310000000050e-02,3.271454129222764028e-03
6.227829700000000329e-02,3.271395781803197126e-03
6.241179809999999883e-02,3.271317987288283394e-03
6.244512879999999933e-02,3.271298539024642803e-03
6.257827400000000317e-02,3.271220747430329898e-03
6.284371810000000114e-02,3.271065171250760618e-03
6.297602060000000168e-02,3.270987386665349852e-03
6.300905280000000663e-02,3.270967940884015289e-03
6.323979509999999582e-02,3.270831824502798586e-03
6.327268960000000109e-02,3.270812379889487601e-03
6.333842739999999416e-02,3.270773491100872031e-03
6.337127069999999585e-02,3.270754046925545763e-03
6.346969869999999347e-02,3.270695715275547238e-03
6.353523260000000505e-02,3.270656828238806789e-03
6.373143000000000558e-02,3.270540170632229432e-03
6.376407089999999722e-02,3.270520728208742723e-03
6.386189339999999437e-02,3.270462401814101545e-03
6.389446769999999887e-02,3.270442959974533166e-03
6.402459889999999321e-02,3.270365194075870296e-03
6.405709029999999415e-02,3.270345752966089242e-03
6.441341509999999604e-02,3.270131910392363832e-03
6.451025289999999524e-02,3.270073592755449402e-03
6.479989830000000561e-02,3.269898647725844130e-03
6.483200120000000288e-02,3.269879210118901720e-03
6.492821479999999479e-02,3.269820898173728639e-03
6.505627819999999784e-02,3.269743150956498472e-03
6.508825470000000057e-02,3.269723714517016721e-03
6.518409000000000009e-02,3.269665406074076432e-03
6.527978469999999589e-02,3.269607098944455389e-03
6.531165170000000075e-02,3.269587663526387928e-03
6.540715969999999491e-02,3.269529358147728673e-03
6.556603060000000538e-02,3.269432185434864579e-03
6.569285060000000509e-02,3.269354449890832844e-03
6.578780519999999354e-02,3.269296149764771859e-03
6.585103220000000646e-02,3.269257283743545826e-03
6.591419860000000130e-02,3.269218418305911561e-03
6.607185029999999848e-02,3.269121257264848580e-03
6.619770129999999475e-02,3.269043531057905239e-03
6.635467940000000509e-02,3.268946376581496026e-03
6.641736669999999398e-02,3.268907515812027355e-03
6.644868819999999454e-02,3.268888085646108003e-03
6.660507479999999703e-02,3.268790937004530973e-03
6.669873070000000015e-02,3.268732649569918141e-03
6.682340109999999889e-02,3.268654935032462659e-03
6.691675140000000188e-02,3.268596650660802495e-03
6.710306259999999912e-02,3.268480085855450610e-03
6.728885780000000427e-02,3.268363526300329530e-03
6.731977379999999622e-02,3.268344100218229398e-03
6.735067570000000114e-02,3.268324674281997393e-03
6.744329620000000247e-02,3.268266397348184443e-03
6.753578970000000126e-02,3.268208121726823377e-03
6.756659280000000545e-02,3.268188696811380294e-03
6.759738179999999486e-02,3.268169272041732479e-03
6.781251330000000188e-02,3.268033302737071571e-03
6.790450389999999614e-02,3.267975032365141603e-03
6.793513980000000230e-02,3.267955609199468120e-03
6.808811230000000325e-02,3.267858495558074831e-03
6.817973099999999342e-02,3.267800229122826573e-03
6.839303080000000423e-02,3.267664279210096001e-03
6.842344790000000343e-02,3.267644858377140738e-03
6.854498139999999629e-02,3.267567176503197775e-03
6.857533120000000593e-02,3.267547756399200205e-03
6.881764710000000396e-02,3.267392400814887396e-03
6.902897569999999483e-02,3.267256472331481719e-03
6.923965930000000601e-02,3.267120550990304691e-03
6.926970470000000379e-02,3.267101134238884885e-03
6.929973700000000014e-02,3.267081717633185754e-03
6.935976259999999949e-02,3.267042884859034085e-03
6.938975599999999688e-02,3.267023468690606267e-03
6.947965829999999676e-02,3.266965221059696736e-03
6.962923760000000462e-02,3.266868144589673163e-03
6.971883119999999767e-02,3.266809900456499587e-03
6.977849630000000636e-02,3.266771071763013411e-03
6.983811040000000026e-02,3.266732243652425115e-03
7.010574679999999337e-02,3.266557524368122935e-03
7.019473210000000407e-02,3.266499287229544368e-03
7.025399309999999509e-02,3.266460463199075126e-03
7.034279089999999346e-02,3.266402228246131478e-03
7.043147669999999527e-02,3.266343994604494361e-03
7.046101389999999409e-02,3.266324583682044674e-03
7.069686679999999390e-02,3.266169301547274320e-03
7.072629310000000391e-02,3.266149891936030985e-03
7.081449859999999763e-02,3.266091663976394745e-03
7.096126429999999319e-02,3.265994620290704146e-03
7.104917809999999889e-02,3.265936395827367077e-03
7.116622760000000658e-02,3.265858765248998239e-03
7.125388859999999547e-02,3.265800543844751477e-03
7.137060239999999667e-02,3.265722917345009833e-03
7.139975099999999741e-02,3.265703511084204914e-03
7.142888779999999327e-02,3.265684104969095083e-03
7.151622679999999899e-02,3.265625887497620398e-03
7.163251310000000316e-02,3.265548266241409189e-03
7.166155520000000445e-02,3.265528861291477989e-03
7.174861100000000380e-02,3.265470647315561314e-03
7.186452140000000599e-02,3.265393030719991770e-03
7.209578290000000222e-02,3.265237804519176366e-03
7.212463850000000454e-02,3.265218401899424184e-03
7.218231499999999690e-02,3.265179597096748779e-03
7.229752999999999874e-02,3.265101989238859085e-03
7.235506869999999702e-02,3.265063186183617908e-03
7.244129109999999927e-02,3.265004982692872558e-03
7.264207849999999855e-02,3.264869179643990760e-03
7.281374140000000661e-02,3.264752782709151504e-03
7.289942130000000298e-02,3.264694586207270068e-03
7.298500049999999406e-02,3.264636391015640886e-03
7.304199769999999980e-02,3.264597594949194236e-03
7.312741009999999819e-02,3.264539401941347722e-03
7.324113840000000264e-02,3.264461813302331917e-03
7.343973900000000388e-02,3.264326038788530233e-03
7.346806670000000095e-02,3.264306643011688838e-03
7.355298439999999327e-02,3.264248456554564963e-03
7.358126850000000496e-02,3.264229061359968324e-03
7.369429630000000342e-02,3.264151482037129688e-03
7.372252619999999923e-02,3.264132087570316334e-03
7.389167900000000178e-02,3.264015723825930068e-03
7.391983359999999836e-02,3.263996330377986598e-03
7.394797729999999514e-02,3.263976937075507498e-03
7.414468470000000477e-02,3.263841188033503229e-03
7.417274320000000198e-02,3.263821795895369225e-03
7.425685499999999661e-02,3.263763620354109482e-03
7.445274629999999727e-02,3.263627882517875466e-03
7.470385179999999847e-02,3.263453372919973908e-03
7.481518369999999585e-02,3.263375816881899146e-03
7.484299079999999493e-02,3.263356428236137766e-03
7.489857399999999554e-02,3.263317651381101355e-03
7.500961690000000626e-02,3.263240099417013401e-03
7.506507669999999688e-02,3.263201324307906347e-03
7.523121089999999789e-02,3.263085002472341112e-03
7.525886430000000571e-02,3.263065616008951637e-03
7.547972660000000500e-02,3.262910529538947356e-03
7.550728900000000521e-02,3.262891144384842592e-03
7.558991580000000432e-02,3.262832989795293268e-03
7.569994450000000485e-02,3.262755452379033534e-03
7.572742679999999726e-02,3.262736068388668448e-03
7.580981359999999780e-02,3.262677917290175093e-03
7.589211099999999821e-02,3.262619767500792110e-03
7.591952370000000505e-02,3.262600384528593044e-03
7.616579349999999526e-02,3.262425944323649445e-03
7.622041209999999567e-02,3.262387181433530365e-03
7.638403350000000369e-02,3.262270896253548214e-03
7.646571289999999632e-02,3.262212755626845827e-03
7.657448329999999581e-02,3.262135236827196517e-03
7.665595969999999815e-02,3.262077099254308277e-03
7.668309930000000163e-02,3.262057720354194328e-03
7.679156169999999670e-02,3.261980206207821045e-03
7.681865340000000597e-02,3.261960828034764833e-03
7.689987119999999732e-02,3.261902694388016388e-03
7.698100330000000324e-02,3.261844562049892593e-03
7.711603370000000290e-02,3.261747677727615084e-03
7.722388809999999881e-02,3.261670172886907849e-03
7.741227159999999885e-02,3.261534545012993030e-03
7.751971380000000078e-02,3.261457046569126317e-03
7.754655109999999962e-02,3.261437672321601013e-03
7.762700729999999494e-02,3.261379550451239291e-03
7.768059839999999494e-02,3.261340803264476795e-03
7.776091590000000497e-02,3.261282683574617813e-03
7.789459440000000290e-02,3.261185820332090663e-03
7.794800159999999700e-02,3.261147076052572924e-03
7.808135970000000536e-02,3.261050217897394719e-03
7.810800410000000304e-02,3.261030846702450171e-03
7.818788249999999995e-02,3.260972733989535386e-03
7.837394890000000391e-02,3.260837142746315573e-03
7.848007460000000490e-02,3.260759665233290121e-03
7.850658350000000452e-02,3.260740296218304479e-03
7.871833409999999531e-02,3.260585349330394778e-03
7.874476290000000100e-02,3.260565981623344666e-03
7.879759379999999591e-02,3.260527246645136216e-03
7.882399599999999340e-02,3.260507879374012572e-03
7.921897310000000636e-02,3.260217387743690170e-03
7.935019529999999544e-02,3.260120564465042881e-03
7.937641369999999530e-02,3.260101200245169462e-03
7.945501689999999451e-02,3.260043108457198312e-03
7.955970049999999683e-02,3.259965654773870625e-03
7.958584990000000525e-02,3.259946291716233745e-03
7.966424649999999386e-02,3.259888203414911933e-03
7.979473639999999646e-02,3.259791392484767073e-03
7.997706450000000022e-02,3.259655863283521682e-03
8.000307750000000551e-02,3.259636502550106348e-03
8.015897800000000573e-02,3.259520341199758676e-03
8.021087740000000521e-02,3.259481621911567220e-03
8.028866380000000691e-02,3.259423544068688113e-03
8.036637480000000111e-02,3.259365467532898859e-03
8.039226180000000332e-02,3.259346108978117967e-03
8.046987279999999465e-02,3.259288034185155516e-03
8.049572650000000329e-02,3.259268676211291450e-03
8.070225790000000454e-02,3.259113817648462939e-03
8.077957099999999446e-02,3.259055748083507318e-03
8.083107209999999820e-02,3.259017035766329472e-03
8.090826210000000296e-02,3.258958968379555964e-03
8.098537860000000477e-02,3.258900902299680623e-03
8.121628870000000000e-02,3.258726711900868968e-03
8.124190489999999487e-02,3.258707358138104252e-03
8.129311300000000018e-02,3.258668651048104471e-03
8.144654410000000400e-02,3.258552533262564811e-03
8.152315139999999349e-02,3.258494476329763627e-03
8.159968680000000141e-02,3.258436420703556598e-03
8.162518259999999859e-02,3.258417069118474830e-03
8.165067049999999438e-02,3.258397717678595921e-03
8.170162240000000686e-02,3.258359015234320918e-03
8.182886339999999314e-02,3.258262261664063297e-03
8.193051390000000156e-02,3.258184861420750610e-03
8.200666909999999865e-02,3.258126812762409535e-03
8.205739989999999429e-02,3.258088114382579059e-03
8.210809939999999529e-02,3.258049416583365301e-03
8.213343739999999504e-02,3.258030067901472506e-03
8.223471150000000174e-02,3.257952674625424257e-03
8.233586090000000191e-02,3.257875283671557952e-03
8.251257400000000519e-02,3.257739855089946714e-03
8.253778790000000642e-02,3.257720508730258414e-03
8.261338329999999563e-02,3.257662470521874645e-03
8.266374179999999572e-02,3.257623779108547064e-03
8.283975550000000077e-02,3.257488363733070796e-03
8.304045720000000075e-02,3.257333612010498980e-03
8.306551080000000586e-02,3.257314268698128720e-03
8.321567409999999776e-02,3.257198211870965428e-03
8.324067490000000569e-02,3.257178869574221553e-03
8.326566829999999808e-02,3.257159527422617655e-03
8.334060340000000455e-02,3.257101501838265915e-03
8.363967260000000625e-02,3.256869412558111281e-03
8.366454680000000310e-02,3.256850072727749974e-03
8.371427300000000571e-02,3.256811393502213534e-03
8.373912499999999759e-02,3.256792054107028860e-03
8.386327459999999567e-02,3.256695359307058488e-03
8.393767620000000540e-02,3.256637344167756954e-03
8.401201190000000263e-02,3.256579330333923741e-03
8.403677589999999920e-02,3.256559992679435196e-03
8.411102400000000645e-02,3.256501980586172778e-03
8.425932399999999656e-02,3.256385960315829990e-03
8.433337620000000423e-02,3.256327952138658548e-03
8.445665230000000412e-02,3.256231274744025763e-03
8.453053160000000010e-02,3.256173270047532306e-03
8.462893709999999570e-02,3.256095932482552628e-03
8.484993209999999730e-02,3.255921931444648570e-03
8.489896399999999343e-02,3.255883266142436862e-03
8.492346929999999849e-02,3.255863933708818062e-03
8.502141990000000593e-02,3.255786605424359180e-03
8.511925789999999492e-02,3.255709279459895189e-03
8.519256259999999359e-02,3.255651286508924255e-03
8.521698349999999589e-02,3.255631955815250448e-03
8.524139740000000187e-02,3.255612625266559625e-03
8.541209930000000228e-02,3.255477315485218355e-03
8.543645739999999877e-02,3.255457986096345433e-03
8.563107309999999639e-02,3.255303356204496210e-03
8.567965800000000576e-02,3.255264700181221930e-03
8.570394000000000623e-02,3.255245372386966676e-03
8.577674509999999586e-02,3.255187389874128739e-03
8.580099970000000520e-02,3.255168062659743403e-03
8.589794970000000363e-02,3.255090755251786438e-03
8.599479040000000685e-02,3.255013450163026824e-03
8.606734940000000667e-02,3.254955472868369809e-03
8.609152209999999805e-02,3.254936147393346167e-03
8.628466029999999620e-02,3.254781548811065597e-03
8.645330230000000671e-02,3.254646282660387645e-03
8.654952159999999839e-02,3.254568990905403521e-03
8.657355969999999679e-02,3.254549668328941478e-03
8.659759109999999593e-02,3.254530345897379152e-03
8.666964550000000322e-02,3.254472379472251372e-03
8.674163999999999486e-02,3.254414414351279594e-03
8.678960310000000122e-02,3.254375771661795549e-03
8.686149819999999799e-02,3.254317808714387618e-03
8.698119120000000204e-02,3.254221206699938265e-03
8.714848529999999482e-02,3.254085969965174463e-03
8.722008450000000301e-02,3.254028013537809284e-03
8.731545890000000365e-02,3.253950740329690158e-03
8.760095880000000335e-02,3.253718934612763979e-03
8.762470840000000094e-02,3.253699618411261523e-03
8.771964279999999725e-02,3.253622355053969583e-03
8.774336039999999781e-02,3.253603039576806119e-03
8.781447459999999761e-02,3.253545094014328488e-03
8.788553120000000551e-02,3.253487149755444809e-03
8.793287040000000165e-02,3.253448520973756253e-03
8.800383150000000432e-02,3.253390578887549976e-03
8.807473540000000656e-02,3.253332638104859155e-03
8.809835729999999920e-02,3.253313324800269878e-03
8.826353389999999632e-02,3.253178135723516426e-03
8.828710539999999607e-02,3.253158823577603602e-03
8.831067049999999363e-02,3.253139511576453886e-03
8.838132819999999779e-02,3.253081576441974997e-03
8.849896570000000129e-02,3.252985020780829652e-03
8.856947319999999846e-02,3.252927089121868814e-03
8.866339600000000543e-02,3.252849848937207355e-03
8.887435929999999706e-02,3.252676066992392454e-03
8.894456929999999817e-02,3.252618142283754312e-03
8.906146280000000470e-02,3.252521603998291457e-03
8.910817729999999381e-02,3.252482989697588322e-03
8.922485650000000490e-02,3.252386456479364630e-03
8.941122649999999616e-02,3.252232010858171866e-03
8.943449539999999420e-02,3.252212705806931548e-03
8.948101510000000536e-02,3.252174096138754980e-03
8.957398210000000471e-02,3.252096878539501024e-03
8.962042940000000679e-02,3.252058270608364221e-03
8.969005530000000170e-02,3.252000359797293638e-03
8.975962719999999728e-02,3.251942450288924057e-03
8.978280580000000399e-02,3.251923147408923055e-03
8.985230589999999851e-02,3.251865239637441451e-03
8.996801999999999577e-02,3.251768729579608899e-03
9.006048429999999327e-02,3.251691524138506598e-03
9.012977020000000061e-02,3.251633621577243536e-03
9.017593120000000351e-02,3.251595020593322973e-03
9.031427279999999780e-02,3.251479221114822460e-03
9.033730919999999331e-02,3.251459921708263912e-03
9.036033960000000587e-02,3.251440622446346608e-03
9.054437240000000331e-02,3.251286233560607419e-03
9.059032220000000357e-02,3.251247637786173778e-03
9.061328829999999723e-02,3.251228340115966311e-03
9.088842950000000642e-02,3.250996779359501335e-03
9.097995829999999673e-02,3.250919597070454827e-03
9.107139520000000210e-02,3.250842417096214219e-03
9.109424000000000687e-02,3.250823122464281244e-03
9.116274030000000306e-02,3.250765239436604302e-03
9.123118909999999859e-02,3.250707357710848604e-03
9.134515649999999654e-02,3.250610891061099170e-03
9.143622810000000267e-02,3.250533720345017037e-03
9.161809969999999692e-02,3.250379385855807664e-03
9.164080830000000122e-02,3.250360094695549460e-03
9.168620859999999928e-02,3.250321512808922956e-03
9.179961109999999758e-02,3.250225060623396743e-03
9.182227469999999780e-02,3.250205770620123637e-03
9.189023229999999931e-02,3.250147901478235048e-03
9.200338330000000509e-02,3.250051455800760311e-03
9.204860469999999462e-02,3.250012878542052515e-03
9.216156120000000562e-02,3.249916437926016460e-03
9.218413590000000546e-02,3.249897150236635487e-03
9.225182690000000019e-02,3.249839288036140104e-03
9.231946820000000442e-02,3.249781427137014757e-03
9.236453490000000321e-02,3.249742853927259107e-03
9.243209369999999536e-02,3.249684995197052884e-03
9.249960320000000236e-02,3.249627137768182003e-03
9.252209549999999838e-02,3.249607852247777401e-03
9.261200969999999755e-02,3.249530711611790801e-03
9.272427989999999787e-02,3.249434289069882877e-03
9.279157679999999742e-02,3.249376437279622234e-03
9.290363000000000093e-02,3.249280020520582419e-03
9.303791570000000122e-02,3.249164325180312063e-03
9.306027779999999361e-02,3.249145043129548268e-03
9.312733189999999883e-02,3.249087197844583060e-03
9.321666239999999715e-02,3.249010072821702753e-03
9.323898160000000657e-02,3.248990791927320806e-03
9.341734349999999965e-02,3.248836549975893124e-03
9.343961480000000097e-02,3.248817270382382914e-03
9.359536559999999394e-02,3.248682317274692328e-03
9.361759449999999816e-02,3.248663038837379651e-03
9.377304960000000522e-02,3.248528093822929119e-03
9.383959440000000374e-02,3.248470262413045984e-03
9.386176549999999952e-02,3.248450985565430865e-03
9.392824739999999784e-02,3.248393155889628490e-03
9.397254260000000026e-02,3.248354603494985060e-03
9.403894620000000093e-02,3.248296775986739618e-03
9.412741149999999390e-02,3.248219674665397873e-03
9.419370589999999377e-02,3.248161850191544180e-03
9.430409309999999989e-02,3.248065478958272849e-03
9.432615499999999487e-02,3.248046205145050779e-03
9.439230989999999877e-02,3.247988384572344286e-03
9.450246499999999383e-02,3.247892019840614448e-03
9.463448200000000587e-02,3.247776386930146305e-03
9.465646689999999974e-02,3.247757115284011925e-03
9.483216279999999443e-02,3.247602947315578453e-03
9.489796490000000639e-02,3.247545136710908772e-03
9.491988880000000461e-02,3.247525866798251903e-03
9.500753380000000192e-02,3.247448788592075322e-03
9.509509800000000290e-02,3.247371712696953735e-03
9.516071830000000231e-02,3.247313907292213950e-03
9.520444000000000129e-02,3.247275371077866339e-03
9.524814160000000252e-02,3.247236835441221110e-03
9.537912649999999437e-02,3.247121231997644134e-03
9.550993169999999477e-02,3.247005633753145739e-03
9.555349359999999737e-02,3.246967102160268435e-03
9.559703569999999928e-02,3.246928571145057084e-03
9.561879930000000138e-02,3.246909305854055704e-03
9.579273010000000088e-02,3.246755188724543845e-03
9.587957719999999628e-02,3.246678133625332825e-03
9.590127669999999604e-02,3.246658870211518218e-03
9.596634569999999698e-02,3.246601080836367982e-03
9.603137069999999331e-02,3.246543292760736398e-03
9.607469620000000377e-02,3.246504768098862608e-03
9.613964780000000543e-02,3.246446982188868052e-03
9.622618180000000465e-02,3.246369936330160792e-03
9.629103129999999622e-02,3.246312153452036563e-03
9.642059930000000667e-02,3.246196591593554330e-03
9.648531809999999487e-02,3.246138812613195458e-03
9.665768969999999349e-02,3.245984741683745171e-03
9.672224980000000694e-02,3.245926967466887091e-03
9.674376029999999516e-02,3.245907709683308346e-03
9.676526600000000256e-02,3.245888452044057727e-03
9.691567219999999705e-02,3.245753652610649208e-03
9.693713980000000230e-02,3.245734396126088214e-03
9.698006060000000095e-02,3.245695883589868203e-03
9.717296979999999473e-02,3.245522584320939541e-03
9.725858440000000049e-02,3.245445566175848839e-03
9.732274600000000164e-02,3.245387804082317407e-03
9.742958790000000313e-02,3.245291536812394857e-03
9.751497720000000535e-02,3.245214525593869380e-03
9.762160879999999541e-02,3.245118264817305198e-03
9.768553189999999720e-02,3.245060510082825502e-03
9.777069770000000604e-02,3.244983505790147941e-03
9.791955950000000297e-02,3.244848753832546128e-03
9.794080700000000472e-02,3.244829504129974167e-03
9.796204990000000057e-02,3.244810254571675687e-03
9.800452190000000230e-02,3.244771755887880527e-03
9.802575099999999431e-02,3.244752506762381243e-03
9.808941070000000428e-02,3.244694760251431043e-03
9.811062140000000042e-02,3.244675511702955432e-03
9.813182759999999893e-02,3.244656263298785395e-03
9.825896829999999915e-02,3.244540775902876855e-03
9.844937149999999360e-02,3.244367554545704233e-03
9.847050470000000277e-02,3.244348308449451074e-03
9.853387700000000582e-02,3.244290571026040189e-03
9.859720869999999415e-02,3.244232834900793571e-03
9.868158759999999530e-02,3.244155855419567080e-03
9.870267110000000010e-02,3.244136610909847777e-03
9.876589439999999831e-02,3.244078878245900549e-03
9.887117689999999626e-02,3.243982660023760761e-03
9.895532220000000101e-02,3.243905688041832328e-03
9.903939609999999616e-02,3.243828718367257422e-03
9.914438809999999436e-02,3.243732509518487770e-03
9.927023199999999992e-02,3.243617063658422138e-03
9.935403930000000217e-02,3.243540102635424950e-03
9.945869920000000031e-02,3.243443904600809124e-03
9.947961800000000576e-02,3.243424665426437870e-03
9.954234789999999444e-02,3.243366948768292794e-03
9.960503830000000391e-02,3.243309233407684882e-03
9.962592630000000060e-02,3.243289995242463856e-03
9.964681000000000233e-02,3.243270757221454730e-03
9.970943470000000197e-02,3.243213044023316675e-03
9.979287320000000683e-02,3.243136095110720277e-03
9.995954120000000165e-02,3.242982204204862377e-03
9.998035519999999565e-02,3.242962968490316865e-03
1.000219702000000044e-01,3.242924497493649902e-03
1.000427710999999970e-01,3.242905262211467302e-03
1.001467112000000020e-01,3.242809087962856326e-03
1.002920464000000011e-01,3.242674450068389318e-03
1.003542684999999962e-01,3.242616750275519912e-03
1.003750006000000000e-01,3.242597517299457451e-03
1.004578862999999933e-01,3.242520586836435386e-03
1.004785970000000028e-01,3.242501354580944531e-03
1.006441294999999986e-01,3.242347501725170982e-03
1.007061340000000027e-01,3.242289809281962819e-03
1.007681004000000047e-01,3.242232118135676428e-03
1.007887474000000033e-01,3.242212888041772888e-03
1.009331579999999950e-01,3.242078281418919218e-03
1.009743802999999995e-01,3.242039823680639699e-03
1.010155856999999935e-01,3.242001366518643124e-03
1.011391013000000061e-01,3.241885998490600870e-03
1.012830123999999971e-01,3.241751409013113924e-03
1.013035545000000037e-01,3.241732182521200618e-03
1.013446261000000015e-01,3.241693729969492756e-03
1.014472322999999954e-01,3.241597601111211296e-03
1.014677410999999946e-01,3.241578375771724668e-03
1.015292426999999942e-01,3.241520700617607238e-03
1.016316624999999974e-01,3.241424578241586685e-03
1.018566236999999958e-01,3.241213121689858010e-03
1.019587146000000000e-01,3.241117010836571614e-03
1.019995224000000006e-01,3.241078567503444512e-03
1.020199202000000027e-01,3.241059346052920821e-03
1.020810889999999999e-01,3.241001682565365638e-03
1.021829558000000027e-01,3.240905579633124572e-03
1.022440270999999956e-01,3.240847919601836345e-03
1.023253987999999948e-01,3.240771041576157811e-03
1.024270225000000062e-01,3.240674947283995848e-03
1.024473352000000032e-01,3.240655728857576561e-03
1.025082489999999957e-01,3.240598074442170660e-03
1.025894110999999997e-01,3.240521203904079498e-03
1.026705091000000014e-01,3.240444335669728868e-03
1.027312905999999970e-01,3.240386686005727532e-03
1.029134196000000001e-01,3.240213744788045941e-03
1.029740576000000019e-01,3.240156100306781656e-03
1.029942623999999946e-01,3.240136885767649130e-03
1.030952267999999949e-01,3.240040815231182494e-03
1.031557580000000002e-01,3.239983174636703201e-03
1.032162536999999963e-01,3.239925535337736216e-03
1.032364110999999945e-01,3.239906322525992755e-03
1.032968595999999989e-01,3.239848684954341543e-03
1.034176504999999996e-01,3.239733413697239509e-03
1.035784859999999974e-01,3.239579726747811046e-03
1.036387349999999957e-01,3.239522096516495638e-03
1.038593488000000009e-01,3.239310796749440748e-03
1.038793813000000038e-01,3.239291588543101452e-03
1.038994099999999976e-01,3.239272380480698234e-03
1.039594729999999967e-01,3.239214757156907293e-03
1.040195012999999974e-01,3.239157135128158116e-03
1.040395030000000054e-01,3.239137928073002569e-03
1.040595009000000043e-01,3.239118721161764886e-03
1.041194715000000048e-01,3.239061101291343479e-03
1.041993786000000033e-01,3.238984276811819867e-03
1.042193458000000017e-01,3.238965071051639732e-03
1.042592687999999990e-01,3.238926659962955857e-03
1.043590092999999996e-01,3.238830634758937087e-03
1.044387331999999946e-01,3.238753817185428732e-03
1.044984860999999959e-01,3.238696205515807173e-03
1.045383024999999994e-01,3.238657798455430066e-03
1.045781035999999997e-01,3.238619391970397419e-03
1.046775404000000048e-01,3.238523378275420632e-03
1.047570218000000025e-01,3.238446569908676100e-03
1.048562888999999970e-01,3.238350562686766188e-03
1.048959693999999970e-01,3.238312160804850473e-03
1.049158040000000014e-01,3.238292960079631935e-03
1.050149209999999972e-01,3.238196958611136260e-03
1.051535277999999934e-01,3.238062562595923292e-03
1.052919521000000025e-01,3.237928173627785920e-03
1.053117120999999962e-01,3.237908975778984368e-03
1.053907153000000069e-01,3.237832185822001399e-03
1.055485441999999968e-01,3.237678612810436854e-03
1.056470674999999970e-01,3.237582634351498980e-03
1.057848460000000018e-01,3.237448270548006282e-03
1.058045140000000023e-01,3.237429076294057444e-03
1.058438389999999951e-01,3.237390688217465801e-03
1.058634960999999958e-01,3.237371494394881109e-03
1.059224453000000010e-01,3.237313913789620703e-03
1.060206211000000037e-01,3.237217948989524249e-03
1.060794830000000022e-01,3.237160371834644015e-03
1.060990963999999953e-01,3.237141179737215799e-03
1.061579148000000028e-01,3.237083604307436965e-03
1.062558730999999951e-01,3.236987648132846201e-03
1.063928632000000069e-01,3.236853315525758338e-03
1.064319707999999975e-01,3.236814936074511491e-03
1.064906052999999991e-01,3.236757367975671030e-03
1.065687344999999980e-01,3.236680612522819817e-03
1.067443161000000001e-01,3.236507921161774475e-03
1.067832950000000003e-01,3.236469546884645273e-03
1.068027790999999949e-01,3.236450359961640880e-03
1.068806801000000001e-01,3.236373613706799643e-03
1.069001465000000012e-01,3.236354427502371057e-03
1.069585242999999963e-01,3.236296869751219014e-03
1.070363119999999946e-01,3.236220128094927616e-03
1.070557500000000051e-01,3.236200943040038695e-03
1.070946155999999982e-01,3.236162573361461500e-03
1.072111278000000001e-01,3.236047467774257405e-03
1.073275134000000047e-01,3.235932367359626617e-03
1.073662806000000025e-01,3.235894001704200593e-03
1.075018556999999958e-01,3.235759726435884047e-03
1.076565896000000050e-01,3.235606277606275887e-03
1.077145573999999939e-01,3.235548736665452580e-03
1.077338731000000022e-01,3.235529556639169229e-03
1.077917994999999934e-01,3.235472017422259469e-03
1.078882741999999950e-01,3.235376121600200272e-03
1.079653919999999934e-01,3.235299407528150623e-03
1.080231942000000056e-01,3.235241873482271567e-03
1.081194624000000049e-01,3.235145986278330308e-03
1.081387057999999984e-01,3.235126809268449623e-03
1.081964153999999956e-01,3.235069279100501096e-03
1.082733136999999984e-01,3.234992574220582878e-03
1.082925297000000009e-01,3.234973398359614321e-03
1.084077544000000004e-01,3.234858346209789747e-03
1.084269466000000043e-01,3.234839171354105588e-03
1.084461354000000044e-01,3.234819996642024006e-03
1.085803620999999941e-01,3.234685777678298225e-03
1.085995238000000002e-01,3.234666604115010811e-03
1.086378370999999954e-01,3.234628257419236777e-03
1.086569886000000040e-01,3.234609084286684238e-03
1.087526959000000015e-01,3.234513220777974086e-03
1.088100798000000008e-01,3.234455704395705188e-03
1.088674334999999993e-01,3.234398189305677778e-03
1.089629559000000053e-01,3.234302333693774532e-03
1.090393136000000068e-01,3.234225651788517550e-03
1.090583945999999971e-01,3.234206481671069236e-03
1.091156177999999949e-01,3.234148972180236545e-03
1.092109230999999958e-01,3.234053125899960350e-03
1.093442109999999967e-01,3.233918947136754131e-03
1.094773366000000026e-01,3.233784775407156850e-03
1.095723272999999942e-01,3.233688942763509808e-03
1.096292821999999972e-01,3.233631444899662082e-03
1.096672357000000042e-01,3.233593113708051973e-03
1.097810174999999944e-01,3.233478123577723275e-03
1.097999696000000053e-01,3.233458959058264481e-03
1.098568065000000010e-01,3.233401466361096772e-03
1.099703920999999945e-01,3.233286484841424099e-03
1.100271409999999950e-01,3.233228996018920869e-03
1.101594412999999939e-01,3.233094860455362502e-03
1.101783283000000030e-01,3.233075698805914361e-03
1.102349700999999960e-01,3.233018214718628124e-03
1.103293085000000007e-01,3.232922410776151861e-03
1.104047211000000056e-01,3.232845770204717528e-03
1.104235662999999978e-01,3.232826610420605398e-03
1.104612467999999958e-01,3.232788291282627686e-03
1.105742115999999997e-01,3.232673337312116316e-03
1.106306506999999995e-01,3.232615862263568153e-03
1.108373482000000049e-01,3.232405131464823663e-03
1.108561197000000054e-01,3.232385974980121323e-03
1.109311741999999962e-01,3.232309350475882307e-03
1.109874317999999943e-01,3.232251883603814036e-03
1.110249209999999986e-01,3.232213573072914917e-03
1.110811310999999940e-01,3.232156108352305345e-03
1.111560337000000037e-01,3.232079490732800865e-03
1.113056877000000028e-01,3.231926262377943573e-03
1.113243802999999976e-01,3.231907109478947618e-03
1.113617560000000062e-01,3.231868804111126363e-03
1.114364699999999958e-01,3.231792195096497809e-03
1.114738081999999963e-01,3.231753891449588596e-03
1.115297920000000026e-01,3.231696437054679388e-03
1.116043934999999959e-01,3.231619833202414426e-03
1.116789450999999961e-01,3.231543231644360293e-03
1.117534470000000058e-01,3.231466632380498773e-03
1.118278993000000054e-01,3.231390035410753106e-03
1.120323877999999940e-01,3.231179405572062301e-03
1.121994194000000000e-01,3.231007084970326931e-03
1.122179632000000066e-01,3.230987938953620853e-03
1.122550414000000052e-01,3.230949647350118276e-03
1.122735759000000055e-01,3.230930501763382059e-03
1.123476835000000035e-01,3.230853920849990121e-03
1.123662027999999952e-01,3.230834775980019526e-03
1.124217421999999938e-01,3.230777342230008002e-03
1.124957521999999932e-01,3.230700765903421826e-03
1.125142469999999978e-01,3.230681622180040131e-03
1.125512277000000061e-01,3.230643335163408802e-03
1.126436261999999994e-01,3.230547620129924254e-03
1.126620968000000000e-01,3.230528477553186971e-03
1.128466364999999999e-01,3.230337059668111823e-03
1.128650739000000014e-01,3.230317918667823581e-03
1.129387933000000066e-01,3.230241356099637206e-03
1.131044863999999955e-01,3.230069098704199237e-03
1.131412740999999944e-01,3.230030820859167151e-03
1.131596634999999934e-01,3.230011682151604814e-03
1.133066709999999977e-01,3.229858577649050069e-03
1.133617497000000002e-01,3.229801165824674331e-03
1.133801033000000069e-01,3.229782028836410308e-03
1.134351462999999977e-01,3.229724618731240077e-03
1.135451522999999935e-01,3.229609802389058881e-03
1.136550518000000037e-01,3.229494991204132949e-03
1.136916614000000048e-01,3.229456721955197354e-03
1.137465535999999944e-01,3.229399319156076118e-03
1.138014194000000062e-01,3.229341917646199635e-03
1.138379818999999959e-01,3.229303650689144701e-03
1.139658583000000003e-01,3.229169720851371266e-03
1.140388660999999970e-01,3.229093192666521780e-03
1.141300601999999942e-01,3.228997535657992732e-03
1.141847416999999948e-01,3.228940143171488576e-03
1.142393970000000064e-01,3.228882751973886130e-03
1.142576096000000041e-01,3.228863621861091486e-03
1.143122300999999952e-01,3.228806232382018873e-03
1.143304311000000045e-01,3.228787102842050304e-03
1.144032063000000043e-01,3.228710586114293471e-03
1.144213927999999936e-01,3.228691457290307730e-03
1.145304515000000051e-01,3.228576687353708601e-03
1.146938450999999970e-01,3.228404542113979831e-03
1.148388887000000025e-01,3.228251533859229083e-03
1.148570062999999947e-01,3.228232408471671134e-03
1.148932327999999947e-01,3.228194158125966516e-03
1.149656517000000044e-01,3.228117659152611365e-03
1.149837492999999933e-01,3.228098534767174545e-03
1.150561112000000052e-01,3.228022038656961842e-03
1.151284276999999939e-01,3.227945544837241588e-03
1.151826351999999942e-01,3.227888175975448994e-03
1.152909738000000017e-01,3.227773442116744010e-03
1.153992105999999962e-01,3.227658713410870746e-03
1.154352669999999942e-01,3.227620471653964637e-03
1.154713121999999953e-01,3.227582230469601410e-03
1.154893305000000009e-01,3.227563110092050627e-03
1.155433686999999959e-01,3.227505749818232982e-03
1.155613758999999990e-01,3.227486630013251968e-03
1.157053318999999997e-01,3.227333676725034715e-03
1.157233138000000050e-01,3.227314558207993941e-03
1.157772427999999992e-01,3.227257203515542395e-03
1.158670687000000060e-01,3.227161615223478157e-03
1.159209308000000022e-01,3.227104263965373167e-03
1.159747678999999976e-01,3.227046913995103468e-03
1.159927079999999999e-01,3.227027797624491563e-03
1.160465118000000018e-01,3.226970449371264604e-03
1.161182114000000043e-01,3.226893987036768500e-03
1.161540446000000060e-01,3.226855756727987825e-03
1.162793738999999965e-01,3.226721955154094375e-03
1.162972671000000041e-01,3.226702841215840604e-03
1.163509300000000052e-01,3.226645500259333731e-03
1.164224420999999954e-01,3.226569047653536377e-03
1.164403133000000007e-01,3.226549934859755144e-03
1.165653348000000034e-01,3.226416149308629442e-03
1.166902222999999933e-01,3.226282370766715962e-03
1.167258798999999958e-01,3.226244149613522166e-03
1.167793458999999978e-01,3.226186818956496612e-03
1.168327873999999988e-01,3.226129489586723048e-03
1.168505957999999983e-01,3.226110380082854428e-03
1.169040048000000026e-01,3.226053052429446628e-03
1.169218023000000023e-01,3.226033943497635600e-03
1.170640854000000036e-01,3.225881077192130179e-03
1.171529245999999996e-01,3.225785540399079328e-03
1.172061957999999959e-01,3.225728220039310746e-03
1.172771863999999969e-01,3.225651794894931947e-03
1.174190388000000002e-01,3.225498951469839368e-03
1.174367582999999993e-01,3.225479846685147620e-03
1.174721893000000017e-01,3.225441637544726979e-03
1.175607201000000018e-01,3.225346117195838132e-03
1.176845512999999954e-01,3.225212394712286598e-03
1.177022308000000017e-01,3.225193292072200957e-03
1.177199077000000010e-01,3.225174189575117246e-03
1.177552535000000039e-01,3.225135985009811631e-03
1.178612272999999960e-01,3.225021374744923251e-03
1.179141783999999998e-01,3.224964071542310139e-03
1.180552655000000062e-01,3.224811269291894076e-03
1.181961841000000041e-01,3.224658476189549202e-03
1.182665804000000015e-01,3.224582083068699631e-03
1.182841728999999981e-01,3.224562985145780752e-03
1.183193502000000064e-01,3.224524789728814341e-03
1.183369348999999959e-01,3.224505692234693084e-03
1.183896732999999979e-01,3.224448400609819174e-03
1.184248192000000033e-01,3.224410206907827280e-03
1.184775183999999953e-01,3.224352917426612751e-03
1.186003924000000043e-01,3.224219246972390845e-03
1.186880815999999950e-01,3.224123772363511869e-03
1.187056117000000049e-01,3.224104677870446179e-03
1.187581862999999988e-01,3.224047395248479195e-03
1.188107377000000020e-01,3.223990113912558568e-03
1.188282496999999993e-01,3.223971020419711449e-03
1.188457591000000035e-01,3.223951927069734422e-03
1.189507612999999991e-01,3.223837369970315031e-03
1.191604881999999976e-01,3.223608271201761771e-03
1.191779488000000026e-01,3.223589180566347693e-03
1.192652134000000003e-01,3.223493729532090138e-03
1.193872765999999946e-01,3.223360104083833767e-03
1.194395511999999937e-01,3.223302838177248032e-03
1.195266247000000004e-01,3.223207397856362507e-03
1.195440318000000057e-01,3.223188310220696882e-03
1.196831975000000048e-01,3.223035614277255760e-03
1.197353428999999997e-01,3.222978355655036712e-03
1.198048347999999957e-01,3.222902012824863712e-03
1.199436978999999931e-01,3.222749334019522124e-03
1.199957301000000032e-01,3.222692081823780048e-03
1.200130692000000027e-01,3.222672998044164884e-03
1.200650713000000064e-01,3.222615747561979188e-03
1.200997268999999951e-01,3.222577581287858900e-03
1.201516915000000046e-01,3.222520332947569240e-03
1.202382493999999968e-01,3.222424921902927470e-03
1.203593257999999999e-01,3.222291352437154071e-03
1.203766123999999993e-01,3.222272271655941649e-03
1.204284575999999968e-01,3.222215030169126374e-03
1.204802804999999949e-01,3.222157789967225981e-03
1.205148166999999992e-01,3.222119630546433928e-03
1.205493428999999950e-01,3.222081471696611795e-03
1.206356155000000013e-01,3.221986077070545726e-03
1.207045890999999954e-01,3.221909763939184278e-03
1.207735233000000047e-01,3.221833453091775806e-03
1.207907507000000047e-01,3.221814375736779291e-03
1.208251981000000030e-01,3.221776221454989309e-03
1.208424181999999958e-01,3.221757144528260026e-03
1.209800902000000011e-01,3.221604534252467227e-03
1.211004249000000033e-01,3.221471007754407850e-03
1.211691339000000034e-01,3.221394710038183017e-03
1.211863051000000024e-01,3.221375635965938178e-03
1.212034738000000028e-01,3.221356562036358732e-03
1.212549653999999977e-01,3.221299341103940617e-03
1.213064352000000068e-01,3.221242121455926075e-03
1.213407361999999934e-01,3.221203975737382125e-03
1.213921696000000022e-01,3.221146758229870202e-03
1.214607136000000059e-01,3.221070470217614768e-03
1.214778435000000018e-01,3.221051398571244100e-03
1.216147962999999943e-01,3.220898830537349648e-03
1.216661138000000031e-01,3.220841619878862111e-03
1.217174097000000010e-01,3.220784410504491050e-03
1.217515948999999958e-01,3.220746271634899061e-03
1.219394424999999949e-01,3.220536518053022327e-03
1.220076789999999939e-01,3.220460248303021449e-03
1.220247321999999995e-01,3.220441181222179726e-03
1.220758774000000046e-01,3.220383980835471709e-03
1.222121599000000058e-01,3.220231452747226043e-03
1.222632267000000050e-01,3.220174257067685408e-03
1.222802442999999933e-01,3.220155192126489350e-03
1.223993007000000049e-01,3.220021741531330257e-03
1.224162993000000033e-01,3.220002677731088718e-03
1.224332954999999973e-01,3.219983614073441015e-03
1.224672809999999973e-01,3.219945487186127043e-03
1.225522032999999955e-01,3.219850172463470817e-03
1.225691807000000022e-01,3.219831109946778066e-03
1.226200987999999936e-01,3.219773923252355636e-03
1.226709956999999934e-01,3.219716737841338012e-03
1.226879567000000032e-01,3.219697676322914003e-03
1.227388254999999956e-01,3.219640492623144709e-03
1.228235601000000066e-01,3.219545189308846683e-03
1.228405000000000052e-01,3.219526129073760259e-03
1.230097705999999985e-01,3.219335534565043091e-03
1.230266849000000023e-01,3.219316475898400826e-03
1.231619152999999939e-01,3.219164011697607346e-03
1.232294748999999967e-01,3.219087783018861806e-03
1.232463589999999998e-01,3.219068726205569046e-03
1.232969973999999969e-01,3.219011556621024801e-03
1.233476151000000021e-01,3.218954388319541452e-03
1.234824939999999982e-01,3.218801945787631239e-03
1.234993434999999973e-01,3.218782891112590295e-03
1.236340570000000055e-01,3.218630458843720933e-03
1.237013586999999998e-01,3.218554246130025855e-03
1.237686238000000050e-01,3.218478035696732339e-03
1.238862498000000006e-01,3.218344672925414762e-03
1.239198366999999940e-01,3.218306570559072849e-03
1.240373193999999984e-01,3.218173216765956701e-03
1.240540935000000039e-01,3.218154166794048605e-03
1.240876350000000017e-01,3.218116067277804453e-03
1.241044023999999940e-01,3.218097017733461459e-03
1.241882051999999986e-01,3.218001772148974381e-03
1.242384596999999979e-01,3.217944626508121349e-03
1.242886938999999968e-01,3.217887482149645734e-03
1.243556412999999999e-01,3.217811291666432434e-03
1.244392748999999937e-01,3.217716056768114320e-03
1.244559949000000054e-01,3.217697010215882659e-03
1.245061412999999978e-01,3.217639871413899809e-03
1.245562676000000063e-01,3.217582733894163403e-03
1.245896739000000031e-01,3.217544642926624832e-03
1.246397665999999932e-01,3.217487507543778484e-03
1.247065254999999984e-01,3.217411329027627075e-03
1.248232677000000040e-01,3.217278022108646576e-03
1.248566024999999968e-01,3.217239935699449990e-03
1.248899284999999970e-01,3.217201849860072769e-03
1.249898531000000063e-01,3.217087595760300452e-03
1.250397853999999920e-01,3.217030470633170953e-03
1.251063309000000068e-01,3.216954305791004231e-03
1.251562167999999975e-01,3.216897183654783467e-03
1.252393156999999924e-01,3.216801982942629669e-03
1.252559289000000076e-01,3.216782943227456705e-03
1.253887550999999989e-01,3.216630630632542984e-03
1.255048625999999889e-01,3.216497364587823059e-03
1.255711616000000086e-01,3.216421215694898264e-03
1.256374255999999912e-01,3.216345069080106013e-03
1.256871006999999985e-01,3.216287960614015382e-03
1.257036547000000004e-01,3.216268924743401203e-03
1.257863919999999969e-01,3.216173747525895472e-03
1.258360081999999880e-01,3.216116642903764714e-03
1.259021328999999911e-01,3.216040505400810049e-03
1.259517035000000118e-01,3.215983403768262697e-03
1.260177674000000081e-01,3.215907270251235073e-03
1.261002985999999937e-01,3.215812106557814840e-03
1.261662846999999921e-01,3.215735978165280493e-03
1.261827758000000077e-01,3.215716946422972518e-03
1.262981534000000017e-01,3.215583728212332171e-03
1.264463413999999952e-01,3.215412457903439949e-03
1.264792483999999939e-01,3.215374399400255066e-03
1.264956988000000004e-01,3.215355370362214457e-03
1.265450368999999908e-01,3.215298284101776073e-03
1.266272243999999880e-01,3.215203143180594362e-03
1.266765113999999970e-01,3.215146060335605325e-03
1.267421974000000062e-01,3.215069951867672877e-03
1.268242572000000123e-01,3.214974819484480491e-03
1.268406628000000036e-01,3.214955793434719211e-03
1.268898668000000007e-01,3.214898716139101033e-03
1.269390516999999996e-01,3.214841640124011489e-03
1.269718310999999877e-01,3.214803590158721823e-03
1.270209843000000005e-01,3.214746516277832648e-03
1.270701184999999955e-01,3.214689443677412259e-03
1.270864922999999924e-01,3.214670419761780223e-03
1.272174071999999934e-01,3.214518233558537070e-03
1.272337621000000085e-01,3.214499210923312238e-03
1.272828141000000024e-01,3.214442143871106081e-03
1.273481874999999874e-01,3.214366056459796225e-03
1.273645256000000003e-01,3.214347034962585989e-03
1.274625101000000094e-01,3.214232908966374851e-03
1.275277914000000068e-01,3.214156827813794207e-03
1.276745521000000050e-01,3.213985653540930073e-03
1.277234348000000075e-01,3.213928598009986159e-03
1.277560128999999933e-01,3.213890561700474390e-03
1.277885826999999863e-01,3.213852525959832659e-03
1.278048645000000039e-01,3.213833508302842232e-03
1.278699709999999989e-01,3.213757439097020274e-03
1.280488429999999955e-01,3.213548260512769008e-03
1.281138253999999921e-01,3.213472199838915151e-03
1.281463043000000135e-01,3.213434170355168162e-03
1.283896338999999942e-01,3.213148967354942549e-03
1.284544438999999927e-01,3.213072918624054839e-03
1.285192213000000139e-01,3.212996872167828057e-03
1.285354105000000025e-01,3.212977860909131417e-03
1.285839659999999940e-01,3.212920827986070517e-03
1.286486780999999968e-01,3.212844786078739284e-03
1.286648511000000050e-01,3.212825775957323885e-03
1.287780048000000122e-01,3.212692709087113744e-03
1.287941615000000040e-01,3.212673700102786599e-03
1.288264688999999907e-01,3.212635682560598029e-03
1.288426195000000052e-01,3.212616674002658542e-03
1.289233422999999934e-01,3.212521633345031668e-03
1.290201430000000038e-01,3.212407589246026995e-03
1.290362693999999866e-01,3.212388582393621659e-03
1.291007547999999949e-01,3.212312556405122217e-03
1.291813162999999876e-01,3.212217527117024359e-03
1.292296290999999930e-01,3.212160511249451556e-03
1.293101103000000029e-01,3.212065487645505632e-03
1.293583749999999977e-01,3.212008475188308978e-03
1.295512538999999963e-01,3.211780438147403792e-03
1.295673142000000055e-01,3.211761435984206679e-03
1.295994287999999994e-01,3.211723432084015797e-03
1.296636341000000081e-01,3.211647425988473862e-03
1.296796805000000052e-01,3.211628424819793284e-03
1.297438461000000043e-01,3.211552421565612176e-03
1.298079799999999895e-01,3.211476420584435335e-03
1.298240085000000044e-01,3.211457420694267643e-03
1.298560595999999900e-01,3.211419421340127364e-03
1.299361528000000099e-01,3.211324425440705878e-03
1.299521654999999942e-01,3.211305426686955102e-03
1.301121842999999889e-01,3.211115446961886402e-03
1.301281753000000097e-01,3.211096449770539044e-03
1.301761367000000003e-01,3.211039459048821258e-03
1.301921198999999862e-01,3.211020462425633135e-03
1.303358805000000009e-01,3.210849499208003489e-03
1.303678057000000057e-01,3.210811508944011548e-03
1.304635345999999863e-01,3.210697541560437324e-03
1.305113727999999973e-01,3.210640559785800895e-03
1.305591932999999871e-01,3.210583579289048948e-03
1.305751296999999866e-01,3.210564586074224260e-03
1.306229268999999915e-01,3.210507607281469934e-03
1.307025501999999895e-01,3.210412645466825983e-03
1.307184690000000038e-01,3.210393653529832001e-03
1.308139412999999862e-01,3.210279704889649165e-03
1.308298465000000133e-01,3.210260713946491273e-03
1.308457499000000024e-01,3.210241723145410703e-03
1.309570191999999966e-01,3.210108791512754356e-03
1.309729071000000078e-01,3.210089801847396812e-03
1.310840685000000116e-01,3.209956878164855858e-03
1.311316801999999893e-01,3.209899913001667757e-03
1.311475470000000032e-01,3.209880924897902214e-03
1.312268518999999967e-01,3.209785986508074604e-03
1.312744117999999904e-01,3.209729025177495646e-03
1.313377983000000027e-01,3.209653078723964659e-03
1.313853181000000092e-01,3.209596120374148039e-03
1.314011542000000088e-01,3.209577134541396603e-03
1.314644795999999893e-01,3.209501192629755917e-03
1.315277744999999998e-01,3.209425252988925940e-03
1.315752256000000120e-01,3.209368299748409457e-03
1.316068501999999862e-01,3.209330331631018475e-03
1.316542729000000078e-01,3.209273380519322982e-03
1.317016785000000023e-01,3.209216430684808542e-03
1.318280101000000037e-01,3.209064570703282129e-03
1.318437929999999869e-01,3.209045588844111271e-03
1.318595740999999877e-01,3.209026607126907148e-03
1.319069059000000099e-01,3.208969662826526188e-03
1.321118145000000077e-01,3.208722918947848595e-03
1.321433106999999885e-01,3.208684960479321353e-03
1.322220182999999938e-01,3.208590066790689178e-03
1.322849506999999869e-01,3.208514154393408632e-03
1.323635740999999921e-01,3.208419267088653392e-03
1.323950104000000128e-01,3.208381313159753504e-03
1.324735684999999996e-01,3.208286430819885706e-03
1.325991646999999940e-01,3.208134626452056968e-03
1.326148558999999949e-01,3.208115651544384082e-03
1.326619182000000063e-01,3.208058727672238181e-03
1.327089637999999960e-01,3.208001805076562962e-03
1.327403182999999931e-01,3.207963857388606600e-03
1.328343374000000021e-01,3.207850017728493958e-03
1.328500008000000066e-01,3.207831044948190533e-03
1.328969798999999896e-01,3.207774127458152581e-03
1.329908881999999903e-01,3.207660296306879839e-03
1.330378174999999885e-01,3.207603382645628567e-03
1.331159962000000030e-01,3.207508529379515024e-03
1.331628814999999966e-01,3.207451619121477662e-03
1.332097502000000044e-01,3.207394710139482071e-03
1.332253693999999877e-01,3.207375740762365233e-03
1.333502575000000134e-01,3.207223990849885579e-03
1.333658601999999915e-01,3.207205022748761940e-03
1.333970603000000088e-01,3.207167086971969040e-03
1.334906168999999976e-01,3.207053283044118599e-03
1.335373705000000022e-01,3.206996382993938365e-03
1.335996832999999939e-01,3.206920518245097700e-03
1.336463988000000103e-01,3.206863621171882495e-03
1.336619671000000009e-01,3.206844655764389332e-03
1.337242217999999871e-01,3.206768795551618971e-03
1.338330979000000032e-01,3.206636045636475623e-03
1.338641891000000028e-01,3.206598118364948659e-03
1.340971431999999908e-01,3.206313681898837007e-03
1.341126591000000035e-01,3.206294720601545606e-03
1.341591960000000083e-01,3.206237837559924864e-03
1.342057167000000051e-01,3.206180955793649836e-03
1.342212201000000105e-01,3.206161995488371764e-03
1.342367215999999974e-01,3.206143035324713047e-03
1.343451823000000045e-01,3.206010318146978837e-03
1.343606696000000100e-01,3.205991359116997473e-03
1.344845033000000023e-01,3.205839691977666397e-03
1.345309115999999972e-01,3.205782819138279244e-03
1.345773037999999922e-01,3.205725947573943337e-03
1.346391352999999902e-01,3.205650120805040443e-03
1.346545888000000024e-01,3.205631164467043302e-03
1.347009383999999976e-01,3.205574296302870791e-03
1.347163848000000053e-01,3.205555340531540155e-03
1.347781523999999898e-01,3.205479518862632340e-03
1.348398918000000002e-01,3.205403699460364960e-03
1.348861778000000067e-01,3.205346836396046149e-03
1.349016029000000005e-01,3.205327882324548929e-03
1.350249404999999958e-01,3.205176254852069688e-03
1.350711631000000024e-01,3.205119396887018239e-03
1.350865670999999990e-01,3.205100444515261628e-03
1.351327686000000083e-01,3.205043588249826322e-03
1.351943459999999930e-01,3.204967781878721028e-03
1.352251241999999909e-01,3.204929879542943276e-03
1.352712784000000001e-01,3.204873027101479924e-03
1.353942793000000033e-01,3.204721426822077467e-03
1.354557378000000034e-01,3.204645630081014163e-03
1.354710980999999925e-01,3.204626681249788268e-03
1.355939177000000107e-01,3.204475095697508109e-03
1.356246051999999980e-01,3.204437200725386483e-03
1.356399463000000083e-01,3.204418253451677290e-03
1.357166260999999874e-01,3.204323519207206549e-03
1.358085847000000124e-01,3.204209842786092614e-03
1.358698557999999945e-01,3.204134061336854408e-03
1.358851692999999972e-01,3.204115116328508459e-03
1.359464059000000113e-01,3.204039337710701957e-03
1.359617106999999880e-01,3.204020393410134029e-03
1.360840875000000061e-01,3.203868844102083276e-03
1.361299504000000049e-01,3.203812015447210244e-03
1.361757979000000063e-01,3.203755188066326805e-03
1.361910769999999937e-01,3.203736245889149317e-03
1.363590336999999930e-01,3.203527891281600457e-03
1.363742921999999969e-01,3.203508950802830442e-03
1.364505592999999961e-01,3.203414250532053351e-03
1.364962990999999959e-01,3.203357432067880598e-03
1.365572616000000072e-01,3.203281676096876064e-03
1.366791052000000117e-01,3.203130170947651647e-03
1.366943280000000038e-01,3.203111233440775196e-03
1.367399861999999966e-01,3.203054421769137294e-03
1.367856292000000085e-01,3.202997611371034056e-03
1.368160494000000005e-01,3.202959738479776476e-03
1.368464628999999932e-01,3.202921866154544422e-03
1.369224669999999922e-01,3.202827187817468280e-03
1.370439857999999900e-01,3.202675709835244716e-03
1.370591680999999895e-01,3.202656775724139343e-03
1.370895276000000107e-01,3.202618907926303542e-03
1.371047048000000046e-01,3.202599974239570078e-03
1.371502263999999915e-01,3.202543174028248812e-03
1.372260621999999985e-01,3.202448509838709111e-03
1.374078974000000064e-01,3.202221330212493954e-03
1.374230395000000104e-01,3.202202399496420666e-03
1.375289872999999885e-01,3.202069888444096166e-03
1.375441161000000023e-01,3.202050958859564787e-03
1.375894923000000047e-01,3.201994170954393544e-03
1.376348535999999956e-01,3.201937384322141138e-03
1.376499707000000128e-01,3.201918455727568308e-03
1.377708478000000125e-01,3.201767032062206083e-03
1.377859499999999904e-01,3.201748104740431960e-03
1.379067079000000084e-01,3.201596691256907747e-03
1.379519649000000014e-01,3.201539913533817377e-03
1.380575068000000072e-01,3.201407437128831260e-03
1.380725775999999960e-01,3.201388512493671956e-03
1.381479070999999947e-01,3.201293891438831626e-03
1.381930851000000016e-01,3.201237120502553254e-03
1.382683489000000043e-01,3.201142505102957860e-03
1.383134874999999986e-01,3.201085737559680212e-03
1.384788700000000039e-01,3.200877600786391098e-03
1.385089183000000057e-01,3.200839759574360902e-03
1.385389600999999971e-01,3.200801918927761655e-03
1.385990242000000039e-01,3.200726239330794424e-03
1.386290464000000111e-01,3.200688400380322790e-03
1.386740676999999866e-01,3.200631643014841248e-03
1.387190742999999948e-01,3.200574886921350899e-03
1.387340732000000021e-01,3.200555968506149738e-03
1.387490705999999963e-01,3.200537050232382316e-03
1.387790603999999872e-01,3.200499214108737129e-03
1.388540065999999962e-01,3.200404626272933262e-03
1.389139343999999943e-01,3.200328958548113393e-03
1.389588633000000129e-01,3.200272209238374990e-03
1.390337125999999979e-01,3.200177629881839625e-03
1.390935630000000034e-01,3.200101968940170186e-03
1.392131866000000107e-01,3.199950653839398439e-03
1.392281324000000098e-01,3.199931740087706439e-03
1.392580190000000107e-01,3.199893913008050334e-03
1.393476405000000085e-01,3.199780435160163704e-03
1.394372043000000061e-01,3.199666962398424290e-03
1.394521260000000096e-01,3.199648050765936842e-03
1.395565333999999880e-01,3.199515673294298351e-03
1.395863497000000009e-01,3.199477852430927978e-03
1.396310622999999973e-01,3.199421122195421786e-03
1.396757604999999958e-01,3.199364393231187310e-03
1.396906566999999988e-01,3.199345483858940034e-03
1.397502257999999886e-01,3.199269847782634270e-03
1.398246513999999996e-01,3.199175305865302552e-03
1.399287808000000133e-01,3.199042953113304458e-03
1.399436501000000110e-01,3.199024046142253611e-03
1.399882484999999954e-01,3.198967326076479663e-03
1.400625477000000119e-01,3.198872795458187340e-03
1.401071081999999968e-01,3.198816078781822805e-03
1.401665002999999965e-01,3.198740458523860637e-03
1.402110277999999988e-01,3.198683744813099993e-03
1.402852089999999941e-01,3.198589224786136699e-03
1.403445257000000002e-01,3.198513611306245692e-03
1.403889966999999905e-01,3.198456902678873618e-03
1.405075174000000038e-01,3.198305685885249015e-03
1.405223254999999893e-01,3.198286784421432594e-03
1.406407338000000007e-01,3.198135577793168299e-03
1.406555278999999936e-01,3.198116677599995624e-03
1.406851112999999986e-01,3.198078877637062015e-03
1.407590425999999950e-01,3.197984380200215564e-03
1.407738242000000084e-01,3.197965481136347005e-03
1.408181597000000007e-01,3.197908784791728739e-03
1.408624812000000004e-01,3.197852089717516128e-03
1.408920210999999867e-01,3.197814293707143887e-03
1.409215548999999956e-01,3.197776498261462302e-03
1.409953622000000018e-01,3.197682012117284475e-03
1.410101189999999893e-01,3.197663115311870190e-03
1.411281181000000051e-01,3.197511945949847202e-03
1.411723423000000033e-01,3.197455259767809348e-03
1.412312863999999890e-01,3.197379680167613831e-03
1.412902058999999932e-01,3.197304102825419391e-03
1.413491007999999882e-01,3.197228527741119777e-03
1.413638207000000035e-01,3.197209634322845020e-03
1.413932558999999867e-01,3.197171847909632651e-03
1.414079712000000100e-01,3.197152954914692438e-03
1.414521079000000126e-01,3.197096276776519638e-03
1.414815248000000081e-01,3.197058492056675805e-03
1.415256386000000033e-01,3.197001816035116746e-03
1.415844356000000026e-01,3.196926249981760226e-03
1.416285173000000064e-01,3.196869576923224224e-03
1.417019563999999954e-01,3.196775124647544247e-03
1.418340509000000083e-01,3.196605119439564508e-03
1.419220455000000103e-01,3.196491788982570772e-03
1.419513649999999960e-01,3.196454013292192049e-03
1.420539353999999976e-01,3.196321802819175086e-03
1.420685821999999876e-01,3.196302916172919038e-03
1.420978713999999921e-01,3.196265143303676868e-03
1.422295982000000014e-01,3.196095172374046386e-03
1.423319681000000114e-01,3.195962980660446186e-03
1.423465864000000025e-01,3.195944096694101552e-03
1.424196550999999866e-01,3.195849678977571821e-03
1.424634784000000098e-01,3.195793030040014904e-03
1.425072881999999985e-01,3.195736382371625918e-03
1.425364872999999866e-01,3.195698617964492800e-03
1.425802747000000092e-01,3.195641972411367507e-03
1.426386369000000043e-01,3.195566446981272252e-03
1.427407133999999966e-01,3.195434282907339083e-03
1.427990101000000123e-01,3.195358763681368282e-03
1.428135805000000091e-01,3.195339884227311762e-03
1.428572830000000016e-01,3.195283246711261380e-03
1.428718475000000099e-01,3.195264367821197722e-03
1.429300907000000120e-01,3.195188853670817911e-03
1.429883100999999879e-01,3.195113341776072147e-03
1.430319592000000029e-01,3.195056709335345607e-03
1.431628265000000066e-01,3.194886819625412759e-03
1.432354788000000101e-01,3.194792441386844293e-03
1.432645294999999874e-01,3.194754691078188335e-03
1.432790526000000120e-01,3.194735816135255927e-03
1.433226130999999959e-01,3.194679192152183669e-03
1.433371303000000041e-01,3.194660317773035524e-03
1.433951844999999947e-01,3.194584821665969517e-03
1.434677192000000101e-01,3.194490454703289260e-03
1.434967228000000039e-01,3.194452708904757781e-03
1.435112223999999992e-01,3.194433836216890431e-03
1.435836984999999955e-01,3.194339474891544524e-03
1.436271665999999947e-01,3.194282859787441441e-03
1.436851036000000026e-01,3.194207374954852012e-03
1.437285409999999874e-01,3.194150762810012839e-03
1.438009075999999997e-01,3.194056412053590706e-03
1.438587745999999890e-01,3.193980933984714131e-03
1.439744389000000013e-01,3.193829984610201990e-03
1.440322361999999967e-01,3.193754513304359558e-03
1.440466819000000009e-01,3.193735645830116879e-03
1.441477613000000102e-01,3.193603577455155895e-03
1.441910593999999879e-01,3.193546978836239725e-03
1.442487698999999901e-01,3.193471515983160088e-03
1.442776165000000110e-01,3.193433785401836311e-03
1.443641216999999866e-01,3.193320597038575622e-03
1.443785341999999916e-01,3.193301732804379196e-03
1.444361698000000138e-01,3.193226277276128670e-03
1.444937823999999926e-01,3.193150824001493408e-03
1.445081820000000128e-01,3.193131961034986060e-03
1.445513720000000113e-01,3.193075372980369326e-03
1.445945492000000054e-01,3.193018786193410445e-03
1.447096254000000137e-01,3.192867894291608055e-03
1.448389767999999911e-01,3.192698151675342315e-03
1.448533421000000043e-01,3.192679292088787969e-03
1.448820682999999998e-01,3.192641573338021125e-03
1.448964292000000098e-01,3.192622714173803423e-03
1.449682127999999959e-01,3.192528420465233410e-03
1.450686501000000017e-01,3.192396415186971731e-03
1.450829925999999881e-01,3.192377557853265900e-03
1.451833503999999941e-01,3.192245560459503698e-03
1.451976815999999892e-01,3.192226704252152086e-03
1.452406666000000124e-01,3.192170136474706786e-03
1.452836389999999922e-01,3.192113569964395454e-03
1.453552312999999985e-01,3.192019295262642394e-03
1.454124797000000135e-01,3.191943878035087816e-03
1.454697057000000071e-01,3.191868463059912946e-03
1.455412064000000116e-01,3.191774197507942813e-03
1.456269609999999992e-01,3.191661083490585256e-03
1.456555347000000056e-01,3.191623379944175717e-03
1.456983846000000082e-01,3.191566825680031572e-03
1.457554983000000082e-01,3.191491421964968035e-03
1.457983189000000013e-01,3.191434870656418860e-03
1.458696586000000073e-01,3.191340621290125659e-03
1.458839222999999963e-01,3.191321771839008073e-03
1.459694756000000093e-01,3.191208678087812528e-03
1.459837296000000006e-01,3.191189829621793664e-03
1.459979821999999872e-01,3.191170981296485160e-03
1.460407317000000094e-01,3.191114437164888160e-03
1.460834685999999882e-01,3.191057894299624553e-03
1.462542916000000026e-01,3.190831735502230176e-03
1.462685177999999975e-01,3.190812889850279301e-03
1.464391248999999950e-01,3.190586753000940710e-03
1.464817456999999989e-01,3.190530221953991660e-03
1.465527527000000108e-01,3.190436006355761456e-03
1.465669498999999931e-01,3.190417163658062442e-03
1.466095335000000000e-01,3.190360636409165975e-03
1.468789426999999870e-01,3.190002659896353648e-03
1.468931083999999998e-01,3.189983820433683632e-03
1.469072727999999883e-01,3.189964981111707495e-03
1.469355974999999870e-01,3.189927302889658620e-03
1.469497577999999971e-01,3.189908463989582846e-03
1.470063852999999865e-01,3.189833109795544609e-03
1.470205387000000086e-01,3.189814271598550525e-03
1.470629908999999957e-01,3.189757757851468308e-03
1.471054309000000004e-01,3.189701245370031666e-03
1.471337174000000025e-01,3.189663571085478953e-03
1.471619985000000019e-01,3.189625897363421603e-03
1.472326774000000116e-01,3.189531715518931221e-03
1.472468090999999868e-01,3.189512879571853969e-03
1.472891960999999916e-01,3.189456372574285895e-03
1.473598140000000056e-01,3.189362197057040230e-03
1.473880516999999946e-01,3.189324527834338629e-03
1.474445108999999920e-01,3.189249191076075005e-03
1.475714650000000128e-01,3.189079691594219439e-03
1.475855641999999912e-01,3.189060859021305983e-03
1.476278540000000028e-01,3.189004362146254448e-03
1.476983098999999910e-01,3.188910203499116958e-03
1.477405673999999947e-01,3.188853709997719645e-03
1.477828127999999963e-01,3.188797217761375497e-03
1.477968919000000048e-01,3.188778387297033605e-03
1.478391212000000066e-01,3.188721896747391017e-03
1.478954080999999865e-01,3.188646577982223555e-03
1.479657366999999890e-01,3.188552432688189844e-03
1.480219755000000137e-01,3.188477118982728942e-03
1.480360319000000036e-01,3.188458290907745726e-03
1.481343890000000052e-01,3.188326498317524838e-03
1.481484346999999979e-01,3.188307671366772539e-03
1.482467172999999971e-01,3.188175886646166333e-03
1.482888185000000025e-01,3.188119409588016390e-03
1.483449347999999945e-01,3.188044108810973807e-03
1.483729850000000128e-01,3.188006459265523354e-03
1.484711190000000125e-01,3.187874690282386635e-03
1.485131564999999931e-01,3.187818219968479444e-03
1.485831927000000052e-01,3.187724105588623635e-03
1.486391978999999919e-01,3.187648816613542369e-03
1.487091747000000019e-01,3.187554708555526747e-03
1.487511448999999930e-01,3.187498245406389635e-03
1.488070868999999963e-01,3.187422963174292145e-03
1.489049347999999995e-01,3.187291224676095953e-03
1.489189077999999999e-01,3.187272405452470318e-03
1.489328795000000039e-01,3.187253586369312615e-03
1.489747867000000003e-01,3.187197129962546054e-03
1.490306446999999923e-01,3.187121856719928731e-03
1.490446059999999961e-01,3.187103038760460711e-03
1.490864818000000036e-01,3.187046585724517302e-03
1.491422980000000065e-01,3.186971316976215055e-03
1.492538676999999869e-01,3.186820786220529583e-03
1.492678081000000101e-01,3.186801970508055387e-03
1.494071399999999938e-01,3.186613821106168334e-03
1.494210660999999996e-01,3.186595006938333554e-03
1.496019868000000030e-01,3.186350435533166509e-03
1.496298013000000038e-01,3.186312811269147085e-03
1.496437066000000093e-01,3.186293999347721527e-03
1.496854149000000078e-01,3.186237564425936294e-03
1.497132139000000028e-01,3.186199941846633906e-03
1.497549028000000060e-01,3.186143509030652920e-03
1.497965800999999930e-01,3.186087077478135226e-03
1.498104698999999929e-01,3.186068267241342570e-03
1.499354206000000078e-01,3.185898981427489132e-03
1.500186632999999936e-01,3.185786130534926531e-03
1.500325325999999904e-01,3.185767322544108115e-03
1.500464005999999906e-01,3.185748514693634900e-03
1.500879968999999925e-01,3.185692091984349342e-03
1.501295816999999866e-01,3.185635670538277276e-03
1.501434407999999998e-01,3.185616863670342764e-03
1.502681146000000023e-01,3.185447608174008655e-03
1.503096496000000115e-01,3.185391192201408959e-03
1.504203534000000120e-01,3.185240755782341865e-03
1.504618463000000073e-01,3.185184344440565671e-03
1.504756747999999866e-01,3.185165540940681356e-03
1.505171525000000010e-01,3.185109131282794735e-03
1.505309757999999942e-01,3.185090328344081755e-03
1.505862565999999958e-01,3.185015117992616353e-03
1.506000735999999951e-01,3.184996315755501874e-03
1.507105640999999996e-01,3.184845902909696613e-03
1.508071769000000062e-01,3.184714299035345045e-03
1.509175157000000045e-01,3.184563903024820349e-03
1.509588719999999940e-01,3.184507506835571392e-03
1.509726549000000029e-01,3.184488708386361364e-03
1.510139960999999920e-01,3.184432313880424317e-03
1.510415505999999908e-01,3.184394718244479630e-03
1.510828728999999981e-01,3.184338325842557896e-03
1.511517183999999958e-01,3.184244341311400720e-03
1.511792477999999995e-01,3.184206748480743719e-03
1.512618058999999904e-01,3.184093973354861374e-03
1.513030680999999933e-01,3.184037587685341168e-03
1.513718133999999993e-01,3.183943614374336838e-03
1.513993026999999880e-01,3.183906026031549548e-03
1.514542664999999899e-01,3.183830851028956414e-03
1.514680043999999948e-01,3.183812057628949629e-03
1.515229432000000098e-01,3.183736885430914730e-03
1.515778621999999964e-01,3.183661715476592425e-03
1.516190383000000086e-01,3.183605339483092621e-03
1.516327611999999936e-01,3.183586547765710362e-03
1.517836311999999910e-01,3.183379848128474205e-03
1.517973393000000004e-01,3.183361058093672237e-03
1.518384559000000023e-01,3.183304688830224279e-03
1.519069588999999998e-01,3.183210742861798670e-03
1.520164995000000130e-01,3.183060436602203318e-03
1.520301864999999975e-01,3.183041648950559691e-03
1.520712402000000130e-01,3.182985286836786248e-03
1.522353442000000112e-01,3.182759850997145864e-03
1.522490115000000033e-01,3.182741065588211293e-03
1.522900061999999943e-01,3.182684710202506474e-03
1.523309898000000107e-01,3.182628356078150318e-03
1.523583061999999877e-01,3.182590787362787714e-03
1.523992714000000082e-01,3.182534435340676586e-03
1.524402256999999872e-01,3.182478084579980042e-03
1.524538746999999916e-01,3.182459301273378536e-03
1.525766605999999970e-01,3.182290257820058216e-03
1.526175671999999983e-01,3.182233912524606249e-03
1.526857206999999994e-01,3.182140006501541461e-03
1.527674646000000136e-01,3.182027323897684747e-03
1.528899987000000016e-01,3.181858309449630932e-03
1.529036075000000106e-01,3.181839530767006409e-03
1.529308215000000082e-01,3.181801973822088667e-03
1.529988354000000050e-01,3.181708083911564001e-03
1.530124344999999886e-01,3.181689306349694442e-03
1.530532246999999901e-01,3.181632974504758783e-03
1.531211842000000101e-01,3.181539090898243081e-03
1.531483596000000058e-01,3.181501538436251521e-03
1.532162769000000035e-01,3.181407659732527968e-03
1.532705890999999931e-01,3.181332559290885129e-03
1.533113106000000003e-01,3.181276235430345167e-03
1.533384523000000110e-01,3.181238686890341342e-03
1.533655891000000049e-01,3.181201138910498376e-03
1.533791557999999999e-01,3.181182365130754905e-03
1.534334102999999894e-01,3.181107271412073230e-03
1.534876456000000000e-01,3.181032179934214100e-03
1.535554128999999934e-01,3.180938318738053654e-03
1.535825114000000102e-01,3.180900775239846670e-03
1.535960588999999987e-01,3.180882003700839442e-03
1.536366940999999986e-01,3.180825689923924820e-03
1.536637782999999979e-01,3.180788148106186534e-03
1.537991277000000101e-01,3.180600447419141240e-03
1.538667576999999953e-01,3.180506602326371984e-03
1.538802801999999970e-01,3.180487833727920974e-03
1.539208404000000086e-01,3.180431528772483321e-03
1.539613898999999952e-01,3.180375225077104132e-03
1.540289487000000013e-01,3.180281388384899408e-03
1.540964779000000007e-01,3.180187555192667565e-03
1.541909690000000110e-01,3.180056194603090268e-03
1.542044630999999943e-01,3.180037429364608679e-03
1.542314475000000074e-01,3.179999899307363580e-03
1.542449379999999981e-01,3.179981134488773110e-03
1.543123727000000056e-01,3.179887312495378697e-03
1.543528192999999993e-01,3.179831020978950932e-03
1.544067316999999939e-01,3.179755967583337492e-03
1.544471535999999978e-01,3.179699679006206103e-03
1.544606252999999874e-01,3.179680916427158385e-03
1.545144999999999991e-01,3.179605867510227127e-03
1.545683559999999901e-01,3.179530820832626985e-03
1.546356496000000080e-01,3.179437015634442761e-03
1.546760118000000128e-01,3.179380734194936064e-03
1.548239160999999864e-01,3.179174379691427060e-03
1.548910987000000072e-01,3.179080587786999555e-03
1.549448237999999922e-01,3.179005556782002820e-03
1.549582522000000073e-01,3.178986799380574720e-03
1.550387978999999972e-01,3.178874257909886526e-03
1.550522180999999999e-01,3.178855501487769242e-03
1.550924717999999924e-01,3.178799233060895183e-03
1.551595380999999940e-01,3.178705455147440989e-03
1.552533822999999924e-01,3.178574171944185001e-03
1.552801845000000014e-01,3.178536663716520147e-03
1.553605633000000041e-01,3.178424142390639650e-03
1.553739557000000104e-01,3.178405389325877125e-03
1.554810536000000021e-01,3.178255369843370828e-03
1.555211962999999975e-01,3.178199114845235793e-03
1.555345749000000000e-01,3.178180363458917111e-03
1.556014505999999964e-01,3.178086608625156021e-03
1.556415623000000081e-01,3.178030357403218223e-03
1.556950283999999907e-01,3.177955357731781800e-03
1.557885499999999979e-01,3.177824113690825951e-03
1.558152600999999915e-01,3.177786616651913278e-03
1.558553166999999962e-01,3.177730372142327942e-03
1.558953630000000090e-01,3.177674128891206425e-03
1.560154403000000023e-01,3.177505406688413588e-03
1.560287764999999938e-01,3.177486660476068134e-03
1.561220982000000035e-01,3.177355440904568694e-03
1.561354252999999914e-01,3.177336695810713957e-03
1.561620760999999913e-01,3.177299206042425491e-03
1.561753998000000032e-01,3.177280461367987859e-03
1.562153639999999954e-01,3.177224228183408560e-03
1.562819484000000092e-01,3.177130509005126474e-03
1.563751188999999986e-01,3.176999308026687285e-03
1.563884245000000117e-01,3.176980565588957868e-03
1.564416352999999926e-01,3.176905597235589376e-03
1.564549352000000060e-01,3.176886855496714127e-03
1.566542979999999974e-01,3.176605746185695578e-03
1.567472471999999950e-01,3.176474572602040747e-03
1.567605212000000026e-01,3.176455834077698739e-03
1.567737939999999941e-01,3.176437095693034930e-03
1.568666723999999901e-01,3.176305930913406617e-03
1.568799361999999864e-01,3.176287193646652827e-03
1.569197210000000120e-01,3.176230982684911681e-03
1.569594957999999874e-01,3.176174772980831177e-03
1.570125131000000007e-01,3.176099828664822895e-03
1.570787596000000064e-01,3.176006151413607228e-03
1.570920054999999926e-01,3.175987416382477016e-03
1.571317365999999882e-01,3.175931212127462624e-03
1.571979329000000036e-01,3.175837541163429104e-03
1.572376372000000022e-01,3.175781340261394931e-03
1.572905608000000066e-01,3.175706407681281890e-03
1.573434665000000010e-01,3.175631477336233847e-03
1.573963545000000019e-01,3.175556549226333635e-03
1.574095736999999995e-01,3.175537817548057876e-03
1.574360087999999991e-01,3.175500354610592997e-03
1.574888657000000081e-01,3.175425430411862784e-03
1.575549119000000109e-01,3.175331778306218072e-03
1.575945263000000096e-01,3.175275588718882210e-03
1.576473301000000105e-01,3.175200671224530802e-03
1.577265025000000043e-01,3.175088299172751632e-03
1.577660738999999979e-01,3.175032115032331258e-03
1.578320039999999980e-01,3.174938477591164078e-03
1.578715488999999916e-01,3.174882296802283670e-03
1.579242600000000107e-01,3.174807391038742595e-03
1.579374350999999954e-01,3.174788664947020625e-03
1.580296294999999906e-01,3.174657586214242079e-03
1.580427957999999966e-01,3.174638861239564500e-03
1.580822879000000070e-01,3.174582687153092251e-03
1.581480862999999903e-01,3.174489066468218473e-03
1.583453172000000020e-01,3.174208225355296467e-03
1.583978706999999986e-01,3.174133339696827080e-03
1.584372742999999861e-01,3.174077176918636400e-03
1.585029253000000138e-01,3.173983575080187042e-03
1.586734907000000028e-01,3.173740226631060254e-03
1.586997152000000078e-01,3.173702790501647247e-03
1.587128258999999930e-01,3.173684072646355912e-03
1.587521514000000133e-01,3.173627919917770043e-03
1.587652576999999954e-01,3.173609202620665017e-03
1.587783628999999974e-01,3.173590485463101147e-03
1.588700692999999997e-01,3.173459469267956960e-03
1.588831659000000118e-01,3.173440753226863722e-03
1.589093558999999933e-01,3.173403321563354491e-03
1.589748119000000126e-01,3.173309744846491802e-03
1.589878999000000070e-01,3.173291029921773785e-03
1.590925649000000108e-01,3.173141315547078033e-03
1.591187202999999883e-01,3.173103888348626032e-03
1.591317965000000056e-01,3.173085174958792647e-03
1.591710184000000028e-01,3.173029035626200294e-03
1.591840902999999974e-01,3.173010322794454774e-03
1.592363669000000093e-01,3.172935472862405907e-03
1.593016885000000105e-01,3.172841913586394932e-03
1.593278096999999893e-01,3.172804490852613318e-03
1.593408685999999908e-01,3.172785779694895902e-03
1.594453019000000027e-01,3.172636095455782547e-03
1.594974929000000097e-01,3.172561256684139613e-03
1.595887860999999908e-01,3.172430294204103308e-03
1.596018237000000062e-01,3.172411585836298724e-03
1.596148602000000138e-01,3.172392877607944223e-03
1.596539634999999957e-01,3.172336753759916455e-03
1.597191142999999924e-01,3.172243216802609657e-03
1.597581921000000016e-01,3.172187096301932064e-03
1.598102808999999902e-01,3.172112270920144760e-03
1.599144076000000025e-01,3.171962626850598297e-03
1.599534375999999980e-01,3.171906512625457652e-03
1.600054629000000062e-01,3.171831695610955511e-03
1.600314690999999900e-01,3.171794287940263128e-03
1.601224578000000065e-01,3.171663365485366277e-03
1.601744281999999964e-01,3.171588555721564610e-03
1.602393673999999990e-01,3.171495046653804821e-03
1.602783183000000000e-01,3.171438942886206126e-03
1.603172596999999922e-01,3.171382840373320345e-03
1.603432153999999887e-01,3.171345439395149499e-03
1.604210574000000111e-01,3.171233239806526064e-03
1.604340273000000039e-01,3.171214540362917930e-03
1.605766279999999990e-01,3.171008855684333619e-03
1.605895854000000122e-01,3.170990157913522803e-03
1.606414046000000095e-01,3.170915368224183194e-03
1.606932071000000128e-01,3.170840580764962020e-03
1.607320479999999885e-01,3.170784491633991606e-03
1.607838212999999905e-01,3.170709708077279389e-03
1.608485145000000116e-01,3.170616231767172961e-03
1.608614499999999892e-01,3.170597536923228359e-03
1.609002502999999917e-01,3.170541453227587216e-03
1.609390411999999937e-01,3.170485370786120354e-03
1.609907479999999891e-01,3.170410596148570855e-03
1.610036719999999866e-01,3.170391902837460443e-03
1.611586801999999874e-01,3.170167593973852952e-03
1.611715907999999864e-01,3.170148902474224928e-03
1.612103165000000060e-01,3.170092828811420325e-03
1.612748385999999978e-01,3.169999375493222186e-03
1.613135394000000111e-01,3.169943305174105757e-03
1.613651261000000059e-01,3.169868546699128407e-03
1.614038053999999889e-01,3.169812479305776209e-03
1.614811359999999973e-01,3.169700348280196471e-03
1.615197874000000033e-01,3.169644284647984544e-03
1.615584295999999975e-01,3.169588222269501508e-03
1.615713082999999939e-01,3.169569535088617631e-03
1.615841859000000102e-01,3.169550848046957889e-03
1.616228127000000070e-01,3.169494787757872085e-03
1.616614302999999919e-01,3.169438728722410222e-03
1.616871702000000077e-01,3.169401356728488404e-03
1.617900888999999898e-01,3.169251874324042085e-03
1.618158083000000025e-01,3.169214505115637310e-03
1.619314953000000057e-01,3.169046350571768679e-03
1.619700393000000072e-01,3.168990301563878037e-03
1.619828852000000097e-01,3.168971618839703901e-03
1.620342587999999973e-01,3.168896889335701475e-03
1.621369571999999870e-01,3.168747437011607427e-03
1.622011106000000036e-01,3.168654033834293355e-03
1.622908828999999886e-01,3.168523275233943622e-03
1.623934189000000028e-01,3.168373845186860972e-03
1.624062313999999896e-01,3.168355167057501816e-03
1.624318533000000120e-01,3.168317811216362669e-03
1.624446626999999921e-01,3.168299133504577474e-03
1.624830848999999910e-01,3.168243101204531141e-03
1.625854998000000051e-01,3.168093687862806943e-03
1.625982971000000110e-01,3.168075011821463744e-03
1.626110933999999897e-01,3.168056335919321263e-03
1.627006394000000133e-01,3.167925608501758784e-03
1.627134276999999962e-01,3.167906933713178236e-03
1.628156977000000116e-01,3.167757540414833754e-03
1.628540323000000067e-01,3.167701520224277048e-03
1.628923579999999871e-01,3.167645501286368934e-03
1.629562139999999881e-01,3.167552139173050816e-03
1.630072808999999956e-01,3.167477451987397736e-03
1.630455704999999866e-01,3.167421438059226605e-03
1.630583317000000032e-01,3.167402767028140373e-03
1.631603855000000047e-01,3.167253403788900835e-03
1.631986391999999952e-01,3.167197394870026501e-03
1.632113883999999904e-01,3.167178725508641539e-03
1.632496301999999955e-01,3.167122718259457199e-03
1.633006053000000124e-01,3.167048043875026007e-03
1.633133465000000117e-01,3.167029375626659142e-03
1.633260867999999921e-01,3.167010707517504704e-03
1.633643016999999920e-01,3.166954704024752595e-03
1.634025077000000048e-01,3.166898701784126059e-03
1.634279734000000095e-01,3.166861367652631411e-03
1.634661645000000108e-01,3.166805367498737572e-03
1.635170720000000133e-01,3.166730702574350673e-03
1.636315560999999918e-01,3.166562714632230498e-03
1.636569861999999931e-01,3.166525385508568973e-03
1.636696997000000042e-01,3.166506721155316808e-03
1.637332525999999899e-01,3.166413401475600027e-03
1.637713725000000120e-01,3.166357411336808651e-03
1.638221851999999978e-01,3.166282759765531602e-03
1.638602844000000003e-01,3.166226772547404804e-03
1.639364561999999970e-01,3.166114801866070326e-03
1.640125926999999872e-01,3.166002836191191602e-03
1.640379637000000113e-01,3.165965515412068679e-03
1.640760126999999957e-01,3.165909535286168426e-03
1.641140530000000097e-01,3.165853556411858151e-03
1.641267311000000062e-01,3.165834897065148475e-03
1.642154506999999874e-01,3.165704285531746338e-03
1.642281210000000047e-01,3.165685627297412045e-03
1.642661260000000123e-01,3.165629653428598655e-03
1.642787924000000122e-01,3.165610995750418009e-03
1.644307130000000061e-01,3.165387114456387485e-03
1.644433667000000099e-01,3.165368458585520253e-03
1.644686711999999995e-01,3.165331147260854947e-03
1.645319154999999867e-01,3.165237871382001276e-03
1.645445614000000112e-01,3.165219216623220595e-03
1.646456939000000008e-01,3.165069983557392171e-03
1.646709672999999985e-01,3.165032676680917811e-03
1.647341338999999960e-01,3.164939411922181988e-03
1.647846497000000077e-01,3.164864802616959311e-03
1.648351500999999941e-01,3.164790195535558889e-03
1.648477727999999864e-01,3.164771544112675739e-03
1.650243888000000048e-01,3.164510438784052648e-03
1.650748157999999965e-01,3.164435842264319218e-03
1.651378279000000060e-01,3.164342599741154418e-03
1.651504273999999939e-01,3.164323951653344371e-03
1.652260043999999872e-01,3.164212066044518393e-03
1.652385972000000036e-01,3.164193418929343079e-03
1.652511891000000011e-01,3.164174771953164218e-03
1.652889589000000048e-01,3.164118831858120633e-03
1.653267200000000103e-01,3.164062893013423229e-03
1.653393052000000085e-01,3.164044247009801473e-03
1.653518894000000072e-01,3.164025601145068617e-03
1.654399518000000124e-01,3.163895083981699968e-03
1.654902521999999931e-01,3.163820505801831322e-03
1.655531061999999942e-01,3.163727286202573652e-03
1.656787426000000119e-01,3.163540857422049001e-03
1.656913010000000130e-01,3.163522215307950063e-03
1.657540787000000015e-01,3.163429006820846559e-03
1.657917338999999879e-01,3.163373083395260455e-03
1.658544735999999964e-01,3.163279880463686945e-03
1.658921060999999919e-01,3.163223960371378939e-03
1.659422694000000087e-01,3.163149402192476888e-03
1.660425504999999968e-01,3.163000292500388073e-03
1.660550813999999986e-01,3.162981654413786654e-03
1.660801403000000120e-01,3.162944378657103935e-03
1.661302469000000004e-01,3.162869828810155066e-03
1.661928588000000095e-01,3.162776644625553846e-03
1.662429313000000075e-01,3.162702099777084039e-03
1.662554471000000089e-01,3.162683463912105246e-03
1.663430311999999911e-01,3.162553016744598135e-03
1.663930586000000045e-01,3.162478478560398158e-03
1.664305691999999892e-01,3.162422576379861610e-03
1.664555715999999908e-01,3.162385308953651487e-03
1.664805702999999915e-01,3.162348042082778823e-03
1.664930682000000106e-01,3.162329408855531210e-03
1.665305562999999933e-01,3.162273510006715412e-03
1.666429701000000096e-01,3.162105820956177295e-03
1.666804245000000073e-01,3.162049927104475765e-03
1.667553079999999910e-01,3.161938143148558100e-03
1.668426296999999947e-01,3.161807734848420814e-03
1.669423700000000066e-01,3.161658705118094038e-03
1.669548332999999940e-01,3.161640077026250245e-03
1.669922178000000090e-01,3.161584193583523179e-03
1.670420506999999999e-01,3.161509684269226197e-03
1.670918687999999874e-01,3.161435177175207431e-03
1.671416719999999911e-01,3.161360672301279529e-03
1.671541205000000030e-01,3.161342046429704410e-03
1.672536749999999905e-01,3.161193044451950877e-03
1.672785544000000013e-01,3.161155795344997022e-03
1.672909925999999936e-01,3.161137170999524064e-03
1.673283020000000121e-01,3.161081298795866135e-03
1.673531702999999926e-01,3.161044051353764130e-03
1.673904657999999990e-01,3.160988181231082651e-03
1.674277529000000042e-01,3.160932312356879055e-03
1.674401801000000023e-01,3.160913689676275729e-03
1.674774562999999938e-01,3.160857822466933958e-03
1.675519836000000096e-01,3.160746091793471563e-03
1.675892347999999865e-01,3.160690228329368287e-03
1.676885310000000018e-01,3.160541265195024145e-03
1.677257518999999975e-01,3.160485406308210805e-03
1.677381571000000071e-01,3.160466786956733515e-03
1.678497620000000135e-01,3.160299219033959901e-03
1.678745530000000097e-01,3.160261983243332819e-03
1.678869471999999974e-01,3.160243365556111936e-03
1.679489041999999988e-01,3.160150279199924923e-03
1.679860673999999943e-01,3.160094429050285328e-03
1.680232224000000052e-01,3.160038580148700777e-03
1.680479877999999927e-01,3.160001348240949054e-03
1.680727495999999876e-01,3.159964116887901183e-03
1.681346381000000112e-01,3.159871040931805548e-03
1.682212436999999949e-01,3.159740740416746435e-03
1.682830775999999973e-01,3.159647672779769632e-03
1.683819645999999892e-01,3.159498771769887748e-03
1.684313863999999938e-01,3.159424324592213871e-03
1.685178394999999885e-01,3.159294047368199632e-03
1.685425322000000115e-01,3.159256826551740290e-03
1.685795646000000092e-01,3.159200996366789450e-03
1.686289283999999888e-01,3.159126558060673141e-03
1.686659417999999966e-01,3.159070730786497656e-03
1.687276127000000014e-01,3.158977688101534398e-03
1.687769332000000067e-01,3.158903256448331118e-03
1.688262392999999861e-01,3.158828827012616185e-03
1.688385635999999912e-01,3.158810220000184046e-03
1.689124902999999955e-01,3.158698580835651859e-03
1.689248083000000067e-01,3.158679974793292267e-03
1.690233197999999881e-01,3.158531131442933373e-03
1.690356296999999952e-01,3.158512526647706820e-03
1.690602468999999886e-01,3.158475317473038307e-03
1.690725540999999943e-01,3.158456713093499638e-03
1.691709795999999932e-01,3.158307883045476973e-03
1.692570549000000091e-01,3.158177664027478262e-03
1.692693477999999974e-01,3.158159061864810810e-03
1.693185104999999913e-01,3.158084654599595253e-03
1.693307990000000041e-01,3.158066053129694826e-03
1.693676590000000037e-01,3.158010249551067468e-03
1.694290743999999904e-01,3.157917246357242001e-03
1.695150186999999919e-01,3.157787047704137089e-03
1.696254544999999947e-01,3.157619659409159184e-03
1.696622505000000003e-01,3.157563865804065978e-03
1.696990385000000101e-01,3.157508073445493019e-03
1.697112993999999875e-01,3.157489476269644251e-03
1.697235594000000014e-01,3.157470879232282361e-03
1.697603340999999932e-01,3.157415088951189518e-03
1.697971007999999893e-01,3.157359299916518910e-03
1.698093545999999898e-01,3.157340703848614608e-03
1.698461106999999970e-01,3.157284916475842484e-03
1.699195991000000128e-01,3.157173345469442647e-03
1.700420092000000105e-01,3.156987404870309141e-03
1.700542452999999898e-01,3.156968811571921659e-03
1.701031812000000087e-01,3.156894439763306432e-03
1.701521028999999907e-01,3.156820070169938722e-03
1.702010106000000078e-01,3.156745702791925647e-03
1.702132353999999959e-01,3.156727111293620817e-03
1.702376821999999901e-01,3.156689928712197273e-03
1.703110016000000115e-01,3.156578384290676699e-03
1.703842895000000079e-01,3.156466844853042259e-03
1.703965010999999863e-01,3.156448255431305513e-03
1.704331305000000019e-01,3.156392487996532124e-03
1.704819576000000114e-01,3.156318133354953787e-03
1.705429717999999983e-01,3.156225193167471084e-03
1.706039642000000134e-01,3.156132256440425613e-03
1.706405491000000108e-01,3.156076496065062572e-03
1.706893168999999988e-01,3.156002150835730824e-03
1.707015065999999970e-01,3.155983564874336768e-03
1.707989933999999876e-01,3.155834882166005766e-03
1.708233563000000066e-01,3.155797712872754866e-03
1.708355364999999959e-01,3.155779128433762373e-03
1.708720719000000055e-01,3.155723375947121559e-03
1.708964245000000048e-01,3.155686208314618588e-03
1.709816312000000116e-01,3.155556125959730826e-03
1.710789583000000003e-01,3.155407468713608554e-03
1.710911203000000103e-01,3.155388887180496024e-03
1.712248452000000032e-01,3.155184499447780556e-03
1.712612974999999926e-01,3.155128760244238321e-03
1.713584657999999983e-01,3.154980128455281939e-03
1.713706078999999993e-01,3.154961550104120206e-03
1.713827491999999897e-01,3.154942971891352109e-03
1.714070292000000051e-01,3.154905815880792563e-03
1.714677142000000098e-01,3.154812928275187948e-03
1.714798486000000122e-01,3.154794351169022074e-03
1.715162467999999940e-01,3.154738620680603515e-03
1.715526370999999883e-01,3.154682891436883744e-03
1.716011457000000129e-01,3.154608587715202177e-03
1.716617619999999955e-01,3.154515711174911592e-03
1.716738827000000023e-01,3.154497136281780162e-03
1.717102396999999891e-01,3.154441412432233346e-03
1.717708175999999864e-01,3.154348542115633595e-03
1.717950427000000113e-01,3.154311394956981103e-03
1.718071539999999897e-01,3.154292821585122364e-03
1.719524231000000014e-01,3.154069951909114263e-03
1.719887211999999999e-01,3.154014237601386172e-03
1.720008188999999910e-01,3.153995666442056204e-03
1.720612944000000089e-01,3.153902812719203228e-03
1.721338370999999923e-01,3.153791392814633658e-03
1.721459244999999916e-01,3.153772823314369804e-03
1.721821818000000004e-01,3.153717115643291709e-03
1.722425937000000018e-01,3.153624272289884487e-03
1.723392086999999961e-01,3.153475730113171945e-03
1.723874958000000124e-01,3.153401462342433990e-03
1.724357695000000024e-01,3.153327196783519207e-03
1.724478358000000044e-01,3.153308630739345801e-03
1.725443358000000038e-01,3.153160107361950831e-03
1.725684523999999886e-01,3.153122977899814900e-03
1.725805093999999984e-01,3.153104413376030778e-03
1.726407819000000121e-01,3.153011592830396153e-03
1.726769353000000007e-01,3.152955902161493767e-03
1.727733073000000119e-01,3.152807399791816064e-03
1.728214731999999920e-01,3.152733151923686750e-03
1.728335125999999888e-01,3.152714590302148779e-03
1.729057311999999957e-01,3.152603223474598985e-03
1.729297972999999933e-01,3.152566102304130320e-03
1.730140025999999942e-01,3.152436182560299990e-03
1.730981668000000084e-01,3.152306269586573235e-03
1.731222062999999978e-01,3.152269152837632819e-03
1.731462423000000028e-01,3.152232036641163665e-03
1.731943045000000070e-01,3.152157805906272755e-03
1.732063179999999980e-01,3.152139248567961335e-03
1.732543633999999999e-01,3.152065020595922872e-03
1.733144016000000009e-01,3.151972238739279928e-03
1.733384109999999978e-01,3.151935126963536279e-03
1.733984199999999976e-01,3.151842349941572433e-03
1.734104193000000071e-01,3.151823794951563989e-03
1.734464122999999913e-01,3.151768130810379560e-03
1.734823977999999933e-01,3.151712467912283228e-03
1.735063840000000135e-01,3.151675360004171055e-03
1.735423570000000082e-01,3.151619699177801628e-03
1.735783226000000012e-01,3.151564039594519865e-03
1.735903095000000118e-01,3.151545486676336771e-03
1.736981541000000018e-01,3.151378516627217387e-03
1.737221104999999988e-01,3.151341413691000504e-03
1.737340874999999951e-01,3.151322862430074642e-03
1.738298734000000012e-01,3.151174457313605896e-03
1.738777465999999938e-01,3.151100258069495022e-03
1.739614929999999948e-01,3.150970414708355229e-03
1.739854131000000137e-01,3.150933317847800022e-03
1.740691075999999948e-01,3.150803483185019970e-03
1.741647092999999979e-01,3.150655108996997661e-03
1.741766557999999965e-01,3.150636562844715775e-03
1.742602584999999871e-01,3.150506743644207810e-03
1.742721985000000029e-01,3.150488198596342829e-03
1.742960759999999942e-01,3.150451108914684856e-03
1.743080134999999975e-01,3.150432564280890996e-03
1.743676888000000036e-01,3.150339843182503249e-03
1.744034841999999863e-01,3.150284212179870185e-03
1.744392723000000034e-01,3.150228582419522042e-03
1.745465922999999975e-01,3.150061700591340590e-03
1.745942689999999964e-01,3.149987534478397230e-03
1.746300178999999897e-01,3.149931911342691328e-03
1.746538464999999873e-01,3.149894829942305723e-03
1.746895831999999982e-01,3.149839208876632768e-03
1.748324572000000132e-01,3.149616737033654641e-03
1.748443581000000135e-01,3.149598198610329119e-03
1.748800558999999977e-01,3.149542584168201192e-03
1.749395360999999871e-01,3.149449896190923900e-03
1.750227742999999891e-01,3.149320138817418221e-03
1.750346623000000046e-01,3.149301602601700060e-03
1.751178553999999943e-01,3.149171852954247251e-03
1.751653764999999974e-01,3.149097713333499915e-03
1.752010089000000104e-01,3.149042110066445008e-03
1.752485075000000114e-01,3.148967974308272862e-03
1.752603801000000017e-01,3.148949440713546231e-03
1.753553322999999997e-01,3.148801176921787234e-03
1.754027891000000117e-01,3.148727048336235224e-03
1.754146513000000018e-01,3.148708516534669266e-03
1.754383733000000056e-01,3.148671453345313134e-03
1.754502330999999915e-01,3.148652921957519057e-03
1.754858076999999961e-01,3.148597328621663242e-03
1.755095200000000022e-01,3.148560267087249787e-03
1.755450826000000131e-01,3.148504675820136284e-03
1.756280337999999996e-01,3.148374967690143952e-03
1.756872607999999947e-01,3.148282323163065829e-03
1.756991036999999978e-01,3.148263794671236470e-03
1.757346278999999956e-01,3.148208210023403612e-03
1.757701449000000082e-01,3.148152626616567643e-03
1.758648217999999874e-01,3.148004410265253881e-03
1.758766529000000134e-01,3.147985883841871932e-03
1.759830964000000109e-01,3.147819152235116925e-03
1.760067416999999967e-01,3.147782102283429567e-03
1.760185632000000056e-01,3.147763577514422172e-03
1.760776588000000087e-01,3.147670955737291373e-03
1.761131066000000134e-01,3.147615384325249451e-03
1.761485473000000135e-01,3.147559814153908214e-03
1.761603593000000134e-01,3.147541291039176927e-03
1.761957903999999964e-01,3.147485722521914039e-03
1.762075992000000091e-01,3.147467199958531650e-03
1.762548265999999975e-01,3.147393111083522654e-03
1.762666314000000123e-01,3.147374589209294728e-03
1.763610418000000069e-01,3.147226419177915398e-03
1.763964326999999943e-01,3.147170857690344877e-03
1.764436094000000066e-01,3.147096777636310214e-03
1.765261384000000044e-01,3.146967142847805713e-03
1.765379252000000010e-01,3.146948624143645293e-03
1.765732805999999933e-01,3.146893068857729847e-03
1.766204101000000137e-01,3.146818997072411191e-03
1.766321905000000081e-01,3.146800479470573866e-03
1.766793043000000063e-01,3.146726410441253331e-03
1.767617233000000065e-01,3.146596794945019735e-03
1.768323376000000002e-01,3.146485701321905578e-03
1.768676341000000041e-01,3.146430156370289954e-03
1.769264459999999872e-01,3.146337584206447460e-03
1.769969946000000127e-01,3.146226502156290739e-03
1.770087499000000120e-01,3.146207988963367619e-03
1.771027646999999983e-01,3.146059888379731852e-03
1.771145130000000012e-01,3.146041376426622974e-03
1.771380073000000110e-01,3.146004352933690074e-03
1.771497532999999902e-01,3.145985841393862583e-03
1.772436933000000048e-01,3.145837754033986577e-03
1.773258498999999988e-01,3.145708184825154845e-03
1.773845098999999870e-01,3.145615639522118031e-03
1.774314240000000042e-01,3.145541605758736103e-03
1.774783255999999865e-01,3.145467574198712764e-03
1.774900490999999914e-01,3.145449066653024928e-03
1.775252149000000057e-01,3.145393544842160771e-03
1.775720916999999899e-01,3.145319517688790860e-03
1.775838090000000091e-01,3.145301011244739601e-03
1.776658084000000137e-01,3.145171469991852285e-03
1.776775194999999918e-01,3.145152964649349566e-03
1.777126481000000091e-01,3.145097449447908488e-03
1.777477698999999911e-01,3.145041935485794193e-03
1.777711804999999867e-01,3.145004926866056417e-03
1.778881874999999890e-01,3.144819892028247361e-03
1.778998838999999998e-01,3.144801389301597923e-03
1.779583546999999877e-01,3.144708877733669132e-03
1.780518680000000020e-01,3.144560866383276122e-03
1.780869227999999915e-01,3.144505364398138530e-03
1.781219708000000013e-01,3.144449863651933939e-03
1.781336518999999952e-01,3.144431363678455455e-03
1.782153982000000136e-01,3.144301867718087441e-03
1.782270732000000024e-01,3.144283368845745500e-03
1.783321136999999890e-01,3.144116885187924881e-03
1.784137691000000081e-01,3.143987405605414270e-03
1.784254311000000037e-01,3.143968909072656151e-03
1.784487527999999990e-01,3.143931916419969406e-03
1.786119197000000103e-01,3.143672983263266513e-03
1.786468646000000104e-01,3.143617501095534884e-03
1.786934471999999940e-01,3.143543526798175773e-03
1.787400177000000034e-01,3.143469554702219351e-03
1.787865760000000026e-01,3.143395584807477834e-03
1.788214868000000124e-01,3.143340108830998576e-03
1.788331221999999998e-01,3.143321617113965100e-03
1.788680239000000061e-01,3.143266142788325897e-03
1.788912879000000011e-01,3.143229160592385732e-03
1.789261782999999884e-01,3.143173688330278166e-03
1.789610618999999958e-01,3.143118217306221495e-03
1.790772912999999966e-01,3.142933322833547753e-03
1.791121454000000057e-01,3.142877857173918734e-03
1.791469927999999878e-01,3.142822392752245200e-03
1.791586071000000058e-01,3.142803904886771853e-03
1.792050565999999956e-01,3.142729954800056215e-03
1.792398859000000066e-01,3.142674493679182852e-03
1.793559346999999971e-01,3.142489632215405074e-03
1.793791354000000005e-01,3.142452661572829944e-03
1.794487197000000089e-01,3.142341752945595514e-03
1.794835016999999922e-01,3.142286300488296349e-03
1.795182768999999956e-01,3.142230849268460875e-03
1.795298671999999984e-01,3.142212365803580699e-03
1.795646334000000066e-01,3.142156916233706642e-03
1.796225623000000104e-01,3.142064503033976421e-03
1.796341458000000058e-01,3.142046020806460623e-03
1.796688918999999884e-01,3.141990574948915187e-03
1.797036312999999996e-01,3.141935130328738900e-03
1.797267871000000072e-01,3.141898167935951343e-03
1.797615153000000077e-01,3.141842725377941466e-03
1.798078092000000017e-01,3.141768803891956119e-03
1.799119267000000022e-01,3.141602488590076667e-03
1.799350557000000128e-01,3.141565531146130793e-03
1.799928654000000072e-01,3.141473139941924463e-03
1.800044251000000040e-01,3.141454662113424105e-03
1.800390997000000104e-01,3.141399229452561132e-03
1.800853221000000004e-01,3.141325321162282899e-03
1.800968759000000086e-01,3.141306844433369976e-03
1.801199812000000011e-01,3.141269891387781649e-03
1.801777314999999935e-01,3.141177511178935323e-03
1.802585508000000003e-01,3.141048184658548452e-03
1.803162567000000105e-01,3.140955812695239626e-03
1.803508714000000013e-01,3.140900391166274574e-03
1.803624081000000101e-01,3.140881917598052110e-03
1.804546756000000030e-01,3.140734133999431403e-03
1.805007915999999879e-01,3.140660245497724126e-03
1.805584201000000055e-01,3.140567887962060142e-03
1.805929883000000069e-01,3.140512475089279366e-03
1.806275499999999978e-01,3.140457063453096220e-03
1.806390690000000132e-01,3.140438593182370581e-03
1.806736218999999977e-01,3.140383183194792299e-03
1.807196819999999926e-01,3.140309305134481466e-03
1.807427077000000049e-01,3.140272366928622411e-03
1.807772407000000081e-01,3.140216960650062897e-03
1.808232744999999919e-01,3.140143087535178512e-03
1.808347811000000083e-01,3.140124619599847771e-03
1.809153068000000086e-01,3.139995347898565884e-03
1.810072923999999917e-01,3.139847617052622403e-03
1.810532676999999924e-01,3.139773754925950094e-03
1.810877415000000101e-01,3.139718359772985818e-03
1.811796394999999893e-01,3.139570645407646979e-03
1.812255711000000102e-01,3.139496791520892099e-03
1.812370520999999901e-01,3.139478328392423297e-03
1.812829690999999965e-01,3.139404477252004996e-03
1.813288744999999869e-01,3.139330628308637829e-03
1.814665209000000112e-01,3.139109094659785822e-03
1.815582272000000053e-01,3.138961416544265668e-03
1.815696871999999962e-01,3.138942957397590494e-03
1.816040630000000100e-01,3.138887580781402065e-03
1.816498871999999987e-01,3.138813747214986780e-03
1.816613414000000093e-01,3.138795289166529910e-03
1.816956999000000073e-01,3.138739915845035425e-03
1.817415009999999997e-01,3.138666086671360652e-03
1.817529494000000023e-01,3.138647629721034917e-03
1.817758442000000085e-01,3.138610716232345145e-03
1.818445113000000113e-01,3.138499979060519179e-03
1.818788350999999970e-01,3.138444612327535247e-03
1.819360270000000002e-01,3.138352337184189492e-03
1.819588987999999907e-01,3.138315428087651293e-03
1.819703336000000060e-01,3.138296973745225132e-03
1.821074950999999886e-01,3.138075532340499092e-03
1.821189206000000116e-01,3.138057079782148855e-03
1.821417693999999865e-01,3.138020175077074411e-03
1.821874582999999936e-01,3.137946367313487750e-03
1.822102985000000064e-01,3.137909464255059233e-03
1.822902165999999990e-01,3.137780307872736589e-03
1.823244565000000095e-01,3.137724957195607654e-03
1.823815087000000001e-01,3.137632708811104437e-03
1.824613518000000045e-01,3.137503566835076526e-03
1.824841577000000103e-01,3.137466670362366525e-03
1.825183612000000066e-01,3.137411326682195290e-03
1.825639559999999995e-01,3.137337537029303430e-03
1.825753528999999875e-01,3.137319089959008950e-03
1.826551111999999977e-01,3.137189964307757206e-03
1.826892827000000108e-01,3.137134626800526602e-03
1.827006717999999919e-01,3.137116181239136669e-03
1.827576066000000110e-01,3.137023955489569912e-03
1.828372853999999936e-01,3.136894845200650234e-03
1.828714228999999969e-01,3.136839514277027854e-03
1.829396786999999969e-01,3.136728856132602397e-03
1.829737969999999936e-01,3.136673528911728629e-03
1.830647481999999882e-01,3.136525995690085753e-03
1.832010903000000079e-01,3.136304712312461534e-03
1.832124475999999946e-01,3.136286272922283146e-03
1.832351600000000080e-01,3.136249394553164687e-03
1.832465151999999875e-01,3.136230955574324797e-03
1.832805764000000059e-01,3.136175639460254006e-03
1.833373309999999923e-01,3.136083448678834117e-03
1.833713754000000085e-01,3.136028135855226280e-03
1.833827221000000063e-01,3.136009698521513567e-03
1.833940681000000017e-01,3.135991261324897351e-03
1.834734705999999937e-01,3.135862204787193824e-03
1.834848109999999977e-01,3.135843768687278463e-03
1.835188279999999950e-01,3.135788461210021159e-03
1.835755089999999978e-01,3.135696284822797174e-03
1.835981764999999877e-01,3.135659415227413926e-03
1.836095091999999929e-01,3.135640980635325849e-03
1.836435030999999940e-01,3.135585677681458020e-03
1.836548329999999896e-01,3.135567243637630598e-03
1.837001456000000033e-01,3.135493508832925495e-03
1.837567706999999884e-01,3.135401343410903780e-03
1.837794158000000122e-01,3.135364478201410621e-03
1.837907373000000066e-01,3.135346045802235495e-03
1.838812844000000113e-01,3.135198591542676452e-03
1.840057139000000064e-01,3.134995856256195083e-03
1.840283283999999964e-01,3.134958997076387789e-03
1.840961552000000001e-01,3.134848422825449541e-03
1.841074572999999992e-01,3.134829994263254194e-03
1.841187585999999876e-01,3.134811565837962357e-03
1.841526585000000105e-01,3.134756281384331027e-03
1.842881956999999904e-01,3.134535155900322525e-03
1.843220644000000130e-01,3.134479877611767891e-03
1.843672131000000103e-01,3.134406175145022788e-03
1.844687570000000110e-01,3.134240352608177408e-03
1.845025925999999872e-01,3.134185080894895219e-03
1.845138698000000077e-01,3.134166657264461035e-03
1.845589715000000020e-01,3.134092964112210420e-03
1.845702452000000104e-01,3.134074541166563532e-03
1.846378728999999996e-01,3.133964006368862402e-03
1.846604099999999971e-01,3.133927162532009879e-03
1.847280048000000119e-01,3.133816634308346071e-03
1.848293504999999892e-01,3.133650851216624508e-03
1.848406076999999925e-01,3.133632431557800257e-03
1.848631201000000002e-01,3.133595592651018408e-03
1.849643917999999887e-01,3.133429824348380865e-03
1.849981367000000099e-01,3.133374570712145913e-03
1.850206299000000110e-01,3.133337735639273383e-03
1.850431204000000107e-01,3.133300901114106397e-03
1.850993345999999984e-01,3.133208817197072338e-03
1.851442936999999900e-01,3.133135152527837149e-03
1.852004771000000105e-01,3.133043074771484429e-03
1.852229458000000106e-01,3.133006244627352475e-03
1.852341791000000071e-01,3.132987829760600345e-03
1.852791054000000048e-01,3.132914171662429595e-03
1.853801499000000130e-01,3.132748448949588746e-03
1.854474822000000134e-01,3.132637973300495069e-03
1.854699209000000015e-01,3.132601149179145648e-03
1.855035738999999961e-01,3.132545914023676225e-03
1.855484350000000116e-01,3.132472269065748709e-03
1.855820736999999887e-01,3.132417036784332278e-03
1.856381246999999901e-01,3.132324985719137089e-03
1.856493328999999914e-01,3.132306575916687236e-03
1.856829533000000088e-01,3.132251347330283417e-03
1.857389738999999929e-01,3.132159302423308863e-03
1.857725781000000020e-01,3.132104077121158122e-03
1.858061762000000061e-01,3.132048853050510995e-03
1.858173741999999962e-01,3.132030445300611112e-03
1.858285715999999921e-01,3.132012037687621243e-03
1.859181260999999974e-01,3.131864781709048449e-03
1.860076375999999976e-01,3.131717534487119068e-03
1.860411932000000101e-01,3.131662319036195366e-03
1.860747429000000064e-01,3.131607104816696782e-03
1.860859246999999883e-01,3.131588700350379506e-03
1.861194663000000082e-01,3.131533487772479238e-03
1.861306454999999971e-01,3.131515083853457244e-03
1.861753555000000004e-01,3.131441469545238193e-03
1.861865313000000133e-01,3.131423066310146108e-03
1.862200548000000067e-01,3.131367857425743171e-03
1.862535721999999949e-01,3.131312649772363763e-03
1.863540881999999899e-01,3.131147034198430035e-03
1.864322298999999961e-01,3.131018229744800610e-03
1.864433903000000115e-01,3.130999829655611768e-03
1.864545501000000050e-01,3.130981429703257480e-03
1.864768676000000125e-01,3.130944630208734678e-03
1.864880254000000070e-01,3.130926230666667212e-03
1.865326496999999972e-01,3.130852633865746290e-03
1.865438040999999880e-01,3.130834235007398832e-03
1.866218664000000027e-01,3.130705446828159228e-03
1.867110404000000001e-01,3.130558268542163632e-03
1.867556113999999934e-01,3.130484682680816175e-03
1.868335852000000130e-01,3.130355912687671997e-03
1.868447216000000133e-01,3.130337517521201637e-03
1.868781270000000050e-01,3.130282332842303054e-03
1.869894350999999899e-01,3.130098392798930963e-03
1.870228146000000036e-01,3.130043213451712790e-03
1.870784339000000074e-01,3.129951250607063921e-03
1.871896228999999912e-01,3.129767335169754677e-03
1.872340799999999972e-01,3.129693772822023188e-03
1.872451927000000071e-01,3.129675382576866619e-03
1.872896366000000035e-01,3.129601822962687230e-03
1.873340699999999914e-01,3.129528265535313700e-03
1.873451765999999963e-01,3.129509876520034008e-03
1.875227942999999897e-01,3.129215670863056374e-03
1.875449847000000003e-01,3.129178897615704242e-03
1.876115401000000016e-01,3.129068581153033289e-03
1.876448089999999957e-01,3.129013424766378688e-03
1.876780718999999931e-01,3.128958269609324275e-03
1.876891582000000114e-01,3.128939884830211557e-03
1.877224133000000017e-01,3.128884731312777442e-03
1.877334971000000075e-01,3.128866347080299509e-03
1.877778253999999869e-01,3.128792811516242257e-03
1.878221432999999940e-01,3.128719278138167303e-03
1.878553748000000023e-01,3.128664129539003840e-03
1.878775259000000086e-01,3.128627364489321681e-03
1.879107476999999915e-01,3.128572217939408744e-03
1.879439635000000053e-01,3.128517072618809333e-03
1.879550342000000096e-01,3.128498691118558606e-03
1.880435759999999901e-01,3.128351644033698035e-03
1.880767684000000106e-01,3.128296503630627681e-03
1.880878311999999997e-01,3.128278123769414817e-03
1.881431356999999915e-01,3.128186226512384618e-03
1.882205345999999890e-01,3.128057576088766160e-03
1.882536958000000094e-01,3.128002442241512460e-03
1.883089514999999881e-01,3.127910555227445856e-03
1.883200006999999898e-01,3.127892178234329378e-03
1.883862823000000131e-01,3.127781919143376044e-03
1.884083709000000106e-01,3.127745167205410026e-03
1.884856608999999905e-01,3.127616539724133605e-03
1.885298123999999964e-01,3.127543041310242976e-03
1.885739535000000022e-01,3.127469545080894392e-03
1.885849871999999983e-01,3.127451171364935105e-03
1.886070525999999914e-01,3.127414424342544411e-03
1.886511757000000067e-01,3.127340931936152535e-03
1.887834830000000019e-01,3.127120467822922054e-03
1.888496018999999970e-01,3.127010243138010105e-03
1.888826526000000061e-01,3.126955132638288646e-03
1.889267112999999942e-01,3.126881653883081987e-03
1.889377244000000067e-01,3.126863284535552796e-03
1.889707596999999906e-01,3.126808177311763380e-03
1.890037893000000024e-01,3.126753071316461761e-03
1.890147979000000034e-01,3.126734702924352776e-03
1.890258058000000019e-01,3.126716334668667215e-03
1.891028433999999980e-01,3.126587760700604620e-03
1.891138461999999909e-01,3.126569393536781771e-03
1.891468507999999882e-01,3.126514292864202450e-03
1.892348349000000096e-01,3.126367363741923422e-03
1.892678184000000097e-01,3.126312267572719204e-03
1.892788116000000131e-01,3.126293902455876128e-03
1.893117874999999950e-01,3.126238807924223116e-03
1.894106805000000116e-01,3.126073531697308623e-03
1.894985421000000003e-01,3.125926628773730356e-03
1.895424575999999917e-01,3.125853180586326760e-03
1.896302582000000125e-01,3.125706290760086378e-03
1.896412303999999993e-01,3.125687930145682088e-03
1.896631729000000099e-01,3.125651209326127736e-03
1.897180179999999883e-01,3.125559409664418684e-03
1.897289852000000054e-01,3.125541050141396153e-03
1.897618828000000035e-01,3.125485972390555124e-03
1.897947747000000018e-01,3.125430895867346674e-03
1.898166994000000107e-01,3.125394178867139505e-03
1.898386216999999876e-01,3.125357462412663330e-03
1.898934161999999981e-01,3.125265673663177660e-03
1.899372404000000125e-01,3.125192245118580976e-03
1.899920063999999964e-01,3.125100462506438543e-03
1.900139083999999867e-01,3.125063750416258619e-03
1.900248585000000046e-01,3.125045394575784279e-03
1.900686524000000099e-01,3.124971972577415998e-03
1.901124362000000123e-01,3.124898552760955583e-03
1.901562099000000117e-01,3.124825135126317599e-03
1.901890336000000015e-01,3.124770073332166966e-03
1.901999735999999885e-01,3.124751719673525899e-03
1.902546639999999900e-01,3.124659953425454155e-03
1.903202717999999960e-01,3.124549838427363464e-03
1.903312041999999926e-01,3.124531486404849394e-03
1.904077136000000003e-01,3.124403026064928417e-03
1.904186409999999996e-01,3.124384675133133008e-03
1.904295678000000047e-01,3.124366324337698574e-03
1.904951152999999897e-01,3.124256222427836734e-03
1.905169594999999994e-01,3.124219522881862502e-03
1.905497210000000052e-01,3.124164474585192780e-03
1.906043111000000068e-01,3.124072730150526719e-03
1.906807108999999945e-01,3.123944293666942786e-03
1.906916227000000075e-01,3.123925946143125271e-03
1.907243542000000014e-01,3.123870904389310348e-03
1.907570802000000121e-01,3.123815863862304445e-03
1.907788943000000015e-01,3.123779170858984218e-03
1.908116109000000116e-01,3.123724132376327380e-03
1.908552242999999871e-01,3.123650749640807280e-03
1.909424211000000093e-01,3.123503990711184227e-03
1.909533179000000025e-01,3.123485646458227724e-03
1.909860046000000089e-01,3.123430614517020993e-03
1.910186856999999960e-01,3.123375583802230800e-03
1.910404699999999900e-01,3.123338897340373690e-03
1.911058079000000076e-01,3.123228841224974690e-03
1.911928904999999901e-01,3.123082107368219465e-03
1.912364169000000114e-01,3.123008743709765247e-03
1.912908110000000050e-01,3.122917042202154759e-03
1.913016879999999975e-01,3.122898702309383212e-03
1.913778093999999874e-01,3.122770326874173101e-03
1.914756353000000022e-01,3.122605282551406836e-03
1.915625497000000010e-01,3.122458585749382856e-03
1.915842721000000082e-01,3.122421912910915923e-03
1.915951324000000067e-01,3.122403576696014451e-03
1.916385674999999955e-01,3.122330233198473103e-03
1.916819926999999979e-01,3.122256891880029802e-03
1.917254080000000138e-01,3.122183552740597813e-03
1.917579631000000118e-01,3.122128549816081608e-03
1.917688136000000043e-01,3.122110215780311577e-03
1.918013613000000006e-01,3.122055214489963433e-03
1.918230566999999942e-01,3.122018547643967343e-03
1.918555952000000064e-01,3.121963548396295557e-03
1.918989712999999986e-01,3.121890217972508527e-03
1.919314968999999982e-01,3.121835221584396552e-03
1.919856940000000123e-01,3.121743563660842134e-03
1.920290406999999866e-01,3.121670239772905957e-03
1.920615442999999978e-01,3.121615248286571751e-03
1.920723776000000105e-01,3.121596918063419043e-03
1.921157048000000089e-01,3.121523598532406542e-03
1.921481936999999973e-01,3.121468610313574057e-03
1.921698498999999949e-01,3.121431952181711548e-03
1.922564505000000090e-01,3.121285325099923662e-03
1.922780946000000046e-01,3.121248669690838886e-03
1.922889157000000071e-01,3.121230342190448297e-03
1.923754625999999912e-01,3.121083727087758247e-03
1.924511593000000076e-01,3.120955446019110877e-03
1.925052100999999904e-01,3.120863820767564353e-03
1.925160184999999968e-01,3.120845496125629857e-03
1.925808558000000059e-01,3.120735551131705726e-03
1.926024634000000069e-01,3.120698903889173453e-03
1.926348702000000024e-01,3.120643934045994397e-03
1.927644430999999881e-01,3.120424066921005744e-03
1.928076146999999907e-01,3.120350782233761739e-03
1.928399870999999988e-01,3.120295820147092527e-03
1.928615656000000067e-01,3.120259179436218281e-03
1.928939289000000112e-01,3.120204219390450371e-03
1.929370715000000014e-01,3.120130941234216908e-03
1.929694221999999904e-01,3.120075984045697724e-03
1.930341071999999991e-01,3.119966073341833967e-03
1.930664415999999994e-01,3.119911119826528859e-03
1.931203202000000008e-01,3.119819533355086029e-03
1.931957250000000126e-01,3.119691318008440285e-03
1.932388002000000049e-01,3.119618055088597963e-03
1.932926308000000037e-01,3.119526479499351319e-03
1.933141587999999966e-01,3.119489850215714268e-03
1.933787285000000133e-01,3.119379965629136796e-03
1.934110052999999940e-01,3.119325025171964822e-03
1.934432766999999997e-01,3.119270085938788146e-03
1.934540325999999921e-01,3.119251773133018078e-03
1.934862968000000127e-01,3.119196835531778608e-03
1.935293073000000086e-01,3.119123587300614946e-03
1.935400585000000007e-01,3.119105275582870380e-03
1.935830571000000111e-01,3.119032030071502894e-03
1.936367920000000020e-01,3.118940476241962700e-03
1.936690256999999971e-01,3.118885545575870132e-03
1.937979070999999998e-01,3.118665835148930112e-03
1.938086434000000080e-01,3.118647526830496761e-03
1.938301141000000061e-01,3.118610910601374644e-03
1.938408484999999959e-01,3.118592602690683276e-03
1.938730483999999976e-01,3.118537679774613120e-03
1.938945119000000106e-01,3.118501065176843175e-03
1.939588884000000013e-01,3.118391224646503528e-03
1.939696156999999865e-01,3.118372918367201627e-03
1.940554130999999904e-01,3.118226473026870262e-03
1.940661351000000090e-01,3.118208167971014619e-03
1.941840380000000033e-01,3.118006821327577553e-03
1.942268940999999915e-01,3.117933608443932206e-03
1.943232856000000064e-01,3.117768887406184054e-03
1.943446994999999955e-01,3.117732284226120733e-03
1.943554054999999947e-01,3.117713982839863136e-03
1.943982237999999918e-01,3.117640778653995096e-03
1.944838319999999954e-01,3.117494376804830995e-03
1.944945304000000041e-01,3.117476077185191499e-03
1.945159254000000115e-01,3.117439478353516147e-03
1.945800963000000050e-01,3.117329685119540807e-03
1.946442459999999930e-01,3.117219896776868976e-03
1.946656244999999952e-01,3.117183301749527208e-03
1.946976878999999994e-01,3.117128410227529289e-03
1.947404309000000111e-01,3.117055223433549526e-03
1.947831644999999945e-01,3.116982038813192590e-03
1.948365683999999931e-01,3.116890561094409848e-03
1.948579257999999981e-01,3.116853970957734078e-03
1.948686037000000038e-01,3.116835676093242247e-03
1.949540053000000106e-01,3.116689322066792250e-03
1.949966921000000075e-01,3.116616148313532467e-03
1.950287011000000070e-01,3.116561269424780994e-03
1.950927033000000033e-01,3.116451515314357275e-03
1.951673459999999916e-01,3.116323475031688300e-03
1.952099861999999908e-01,3.116250312143665178e-03
1.952419602000000087e-01,3.116195441403514423e-03
1.952526169999999894e-01,3.116177151428351551e-03
1.952632733000000120e-01,3.116158861589076942e-03
1.953378507999999902e-01,3.116030836515964672e-03
1.953698038999999997e-01,3.115975970664334495e-03
1.953804537000000119e-01,3.115957682318613430e-03
1.954336943999999965e-01,3.115866242627142457e-03
1.954656318000000115e-01,3.115811380441509907e-03
1.955401321000000137e-01,3.115683373426973105e-03
1.955507726999999862e-01,3.115665087253691786e-03
1.955933293000000073e-01,3.115591943918169342e-03
1.956039669000000092e-01,3.115573658423571694e-03
1.956358766000000082e-01,3.115518802754718448e-03
1.957634629999999987e-01,3.115299392296299805e-03
1.958378500000000078e-01,3.115171411888939534e-03
1.958484744000000000e-01,3.115153129516524087e-03
1.958803442000000006e-01,3.115098283213706565e-03
1.958909662999999968e-01,3.115080001384204489e-03
1.959228292000000093e-01,3.115025156710097155e-03
1.959334490000000095e-01,3.115006875423485897e-03
1.960077715000000109e-01,3.114878910217300147e-03
1.960502288000000037e-01,3.114805790227949487e-03
1.961032876000000091e-01,3.114714393294750264e-03
1.961138976000000034e-01,3.114696114315176380e-03
1.961457242999999906e-01,3.114641278190796812e-03
1.961775457999999916e-01,3.114586443287636983e-03
1.961987571999999902e-01,3.114549887363920067e-03
1.962199664000000010e-01,3.114513331983061444e-03
1.962623777999999986e-01,3.114440222849445498e-03
1.962729793000000111e-01,3.114421945905338895e-03
1.963577700999999953e-01,3.114275735236262180e-03
1.963683663999999940e-01,3.114257459513189701e-03
1.964531160000000110e-01,3.114111258612389018e-03
1.964848876999999994e-01,3.114056435513053167e-03
1.965166543000000099e-01,3.114001613634672511e-03
1.965272419999999909e-01,3.113983339946492252e-03
1.966225058000000137e-01,3.113818882857269463e-03
1.966542501000000109e-01,3.113764066269074197e-03
1.966965679000000078e-01,3.113690979383779926e-03
1.967071458999999911e-01,3.113672708001513807e-03
1.967811761999999909e-01,3.113544812123524887e-03
1.968763171000000034e-01,3.113380384330962682e-03
1.968974531999999888e-01,3.113343846313192456e-03
1.969397187999999965e-01,3.113270771905198627e-03
1.969925378999999865e-01,3.113179431946169144e-03
1.970664609999999983e-01,3.113051561698853588e-03
1.970770192000000087e-01,3.113033295063065420e-03
1.971192461999999868e-01,3.112960229875644681e-03
1.971614641999999973e-01,3.112887166857644401e-03
1.971931218000000097e-01,3.112832371017783175e-03
1.972142239999999935e-01,3.112795841135717733e-03
1.972458730999999965e-01,3.112741047329465032e-03
1.973618762999999887e-01,3.112540147145207922e-03
1.974040424000000071e-01,3.112467096599606624e-03
1.974145824999999910e-01,3.112448834302074772e-03
1.974672747000000006e-01,3.112357524847824981e-03
1.975304867000000075e-01,3.112247957975647870e-03
1.975410200999999921e-01,3.112229697304717217e-03
1.975515529000000103e-01,3.112211436769282778e-03
1.976252668000000046e-01,3.112083616816219492e-03
1.976357951000000113e-01,3.112065357365033629e-03
1.976673767000000081e-01,3.112010579824709636e-03
1.977410474999999890e-01,3.111882770307248386e-03
1.977515696000000101e-01,3.111864512346760279e-03
1.978777918000000080e-01,3.111645427391374584e-03
1.978883066999999885e-01,3.111627171192556714e-03
1.979093348000000030e-01,3.111590659201390104e-03
1.979198480000000093e-01,3.111572403409037894e-03
1.979724056000000121e-01,3.111481126479655451e-03
1.980039335000000067e-01,3.111426361947947777e-03
1.980459629000000110e-01,3.111353344469140140e-03
1.980774791000000090e-01,3.111298582782590604e-03
1.981299948999999949e-01,3.111207316014472785e-03
1.981404964000000046e-01,3.111189063067280880e-03
1.981719976000000105e-01,3.111134305038561459e-03
1.982139913000000031e-01,3.111061296230004970e-03
1.982244884000000096e-01,3.111043044366595869e-03
1.982559761999999892e-01,3.110988289588945133e-03
1.982874589999999992e-01,3.110933536030407748e-03
1.983818773999999896e-01,3.110769282669136569e-03
1.983923656000000091e-01,3.110751032972937022e-03
1.984238268000000083e-01,3.110696284696901504e-03
1.984762509000000119e-01,3.110605040278753650e-03
1.985076987999999931e-01,3.110550295253156679e-03
1.985391417000000047e-01,3.110495551446394637e-03
1.985496216000000036e-01,3.110477303781702431e-03
1.985915353999999911e-01,3.110404314476863160e-03
1.987067530000000137e-01,3.110203605060660615e-03
1.987276944999999961e-01,3.110167114199881375e-03
1.988009722999999895e-01,3.110039400452218033e-03
1.988846853000000026e-01,3.109893450007154229e-03
1.988951469999999944e-01,3.109875206810828237e-03
1.989160685999999956e-01,3.109838720824161396e-03
1.989265286000000132e-01,3.109820478033929834e-03
1.989579052999999875e-01,3.109765750475515511e-03
1.990520057000000065e-01,3.109601575110500053e-03
1.990624585000000113e-01,3.109583334080064359e-03
1.990833626000000078e-01,3.109546852425453065e-03
1.991356132000000057e-01,3.109455650657702748e-03
1.991460616000000072e-01,3.109437410710146499e-03
1.991774037000000053e-01,3.109382691679816665e-03
1.992087408999999865e-01,3.109327973867693357e-03
1.992505160999999969e-01,3.109255018679666759e-03
1.992922826000000092e-01,3.109182065657208668e-03
1.993444783999999970e-01,3.109090877424241020e-03
1.993862251999999891e-01,3.109017929273874374e-03
1.993966604999999892e-01,3.108999692574568319e-03
1.994175294999999959e-01,3.108963219581981248e-03
1.995114131000000068e-01,3.108799097813920356e-03
1.995844031000000018e-01,3.108671455127471218e-03
1.996365224999999965e-01,3.108580285839239541e-03
1.996469448000000035e-01,3.108562052387559178e-03
1.997303031999999867e-01,3.108416189644293021e-03
1.998032133000000043e-01,3.108288566846681422e-03
1.998136268000000049e-01,3.108270335559522226e-03
1.998865065000000052e-01,3.108142720337610243e-03
1.998969157000000108e-01,3.108124490132700788e-03
1.999177325000000005e-01,3.108088030128720002e-03
1.999281401000000125e-01,3.108069800329645634e-03
1.999593595999999973e-01,3.108015111743966073e-03
1.999801699000000044e-01,3.107978653363173416e-03
2.000113813000000129e-01,3.107923966806448550e-03
2.000425878000000046e-01,3.107869281467005602e-03
2.000841888999999874e-01,3.107796369574633826e-03
2.000945879000000094e-01,3.107778141939751895e-03
2.001465743999999991e-01,3.107687005793594373e-03
2.001777597999999936e-01,3.107632325728788489e-03
2.002297248000000085e-01,3.107541194992340539e-03
2.002920649000000108e-01,3.107431842571141672e-03
2.003855387000000043e-01,3.107267823066983421e-03
2.003959220000000041e-01,3.107249599353735341e-03
2.004270686999999884e-01,3.107194929025301321e-03
2.004685900000000021e-01,3.107122037146867102e-03
2.005101026999999980e-01,3.107049147431713721e-03
2.005516069000000123e-01,3.106976259879868935e-03
2.005827293000000122e-01,3.106921595635413723e-03
2.006345894000000074e-01,3.106830491265328859e-03
2.006760676999999882e-01,3.106757610202470939e-03
2.007071709000000093e-01,3.106702950824847490e-03
2.007486343000000062e-01,3.106630073547124535e-03
2.007589988000000047e-01,3.106611854565614027e-03
2.008004515000000045e-01,3.106538979991342250e-03
2.008833311999999871e-01,3.106393237330694855e-03
2.008936887999999976e-01,3.106375020106381165e-03
2.009144022999999890e-01,3.106338586063114859e-03
2.009247581999999976e-01,3.106320369244156606e-03
2.009558228999999974e-01,3.106265719598423364e-03
2.011317653999999955e-01,3.105956061246837891e-03
2.011421102000000016e-01,3.105937847265942322e-03
2.011731412999999968e-01,3.105883206133896665e-03
2.012558674999999908e-01,3.105737502393815259e-03
2.012868810000000008e-01,3.105682865720644711e-03
2.013075541000000079e-01,3.105646441947522082e-03
2.013798931000000125e-01,3.105518962997304549e-03
2.014108874999999965e-01,3.105464331187943877e-03
2.014212180000000130e-01,3.105446120855124507e-03
2.014728621999999914e-01,3.105355071217042427e-03
2.015348177000000074e-01,3.105245816109216198e-03
2.015761108999999940e-01,3.105172982072463943e-03
2.016277153999999905e-01,3.105081942565650083e-03
2.016380346999999962e-01,3.105063735069491741e-03
2.016689895000000066e-01,3.105009113391511612e-03
2.017205703000000128e-01,3.104918079962902967e-03
2.017515123999999993e-01,3.104863461526428860e-03
2.018649262999999972e-01,3.104663204325357109e-03
2.019164569999999936e-01,3.104572183726743775e-03
2.019473690999999960e-01,3.104517572988041776e-03
2.019576721000000130e-01,3.104499369678565251e-03
2.019679745000000082e-01,3.104481166504041538e-03
2.019988788000000035e-01,3.104426557790945784e-03
2.020297782000000097e-01,3.104371950292920609e-03
2.020400770000000124e-01,3.104353748063688485e-03
2.020503753000000013e-01,3.104335545969509787e-03
2.021224483999999877e-01,3.104208135090497176e-03
2.021327424999999900e-01,3.104189934076468770e-03
2.022150761000000019e-01,3.104044330824267100e-03
2.022459424999999977e-01,3.103989731832232108e-03
2.022768043000000016e-01,3.103935134055331013e-03
2.022870904999999886e-01,3.103916935066335960e-03
2.023282301000000061e-01,3.103844140460342276e-03
2.023693612999999947e-01,3.103771348014169960e-03
2.024618760000000128e-01,3.103607572906950593e-03
2.025338026999999874e-01,3.103480199826748071e-03
2.025646205999999949e-01,3.103425613388332248e-03
2.026057038000000088e-01,3.103352833359891705e-03
2.026159733000000018e-01,3.103334638690182900e-03
2.026262423000000090e-01,3.103316444155458133e-03
2.026878453000000024e-01,3.103207279781078267e-03
2.026981106000000088e-01,3.103189086190959872e-03
2.027083755000000098e-01,3.103170892735926997e-03
2.027802146999999888e-01,3.103043542328538188e-03
2.027904752999999949e-01,3.103025349952889290e-03
2.028930535000000035e-01,3.102843433618641088e-03
2.029033084000000098e-01,3.102825242727252821e-03
2.029340702000000107e-01,3.102770670862873420e-03
2.029545755000000118e-01,3.102734290294589369e-03
2.029853295000000057e-01,3.102679720453979575e-03
2.030570707000000086e-01,3.102552395547858097e-03
2.031185430000000125e-01,3.102443265175453078e-03
2.032004772000000070e-01,3.102297765566681617e-03
2.032311940000000039e-01,3.102243205439112091e-03
2.032619061000000005e-01,3.102188646525460853e-03
2.032721425000000026e-01,3.102170460490751881e-03
2.033642465000000121e-01,3.102006792247473822e-03
2.033949385000000110e-01,3.101952238594042361e-03
2.034358541000000076e-01,3.101879502277768950e-03
2.034460817000000032e-01,3.101861318535847466e-03
2.034767614000000113e-01,3.101806768119231769e-03
2.035176605000000027e-01,3.101734036118457705e-03
2.036096534000000069e-01,3.101570397005518412e-03
2.036403083999999974e-01,3.101515853061687263e-03
2.036913899999999999e-01,3.101424949185626126e-03
2.037118189999999884e-01,3.101388588578986825e-03
2.037220326999999997e-01,3.101370408477878687e-03
2.038037242999999887e-01,3.101224972523291580e-03
2.038445577000000120e-01,3.101152257781593629e-03
2.038547648000000045e-01,3.101134079433246621e-03
2.039159966999999907e-01,3.101025012174259306e-03
2.039670091000000129e-01,3.100934126498834046e-03
2.039976105000000095e-01,3.100879596711306630e-03
2.040078099000000034e-01,3.100861420385009250e-03
2.040384051999999948e-01,3.100806892215075480e-03
2.040893870999999915e-01,3.100716014627626256e-03
2.041607403000000043e-01,3.100588791666165391e-03
2.041811223999999980e-01,3.100552443461697394e-03
2.042524434999999916e-01,3.100425228991203139e-03
2.042626302999999977e-01,3.100407056034622157e-03
2.043441055999999922e-01,3.100261677232571227e-03
2.043644693999999984e-01,3.100225333879720602e-03
2.043746505000000047e-01,3.100207162405386237e-03
2.044255486000000066e-01,3.100116307055237989e-03
2.044560813000000088e-01,3.100061795462052440e-03
2.044866094999999995e-01,3.100007285081641563e-03
2.044967845000000006e-01,3.099989115224260298e-03
2.045374795999999884e-01,3.099916437142315271e-03
2.045781665999999999e-01,3.099843761216132358e-03
2.046188455000000073e-01,3.099771087445633930e-03
2.046493494000000135e-01,3.099716583532425261e-03
2.047001790999999904e-01,3.099625746371477593e-03
2.048221189999999969e-01,3.099407750926123136e-03
2.048322773000000041e-01,3.099389585514511145e-03
2.048525925999999941e-01,3.099353255095632122e-03
2.048627494999999965e-01,3.099335090088248430e-03
2.048932169999999886e-01,3.099280595874073004e-03
2.049135262000000013e-01,3.099244267071485284e-03
2.049439862000000112e-01,3.099189774877762239e-03
2.050150420000000084e-01,3.099062631139849668e-03
2.051570798000000029e-01,3.098808363461623416e-03
2.051773628000000127e-01,3.098772041662183757e-03
2.052280618000000001e-01,3.098681239520438037e-03
2.052686119000000087e-01,3.098608600230747141e-03
2.053192883000000135e-01,3.098517804148303353e-03
2.053395553000000040e-01,3.098481486657779331e-03
2.053496881000000107e-01,3.098463328114538663e-03
2.054003444999999983e-01,3.098372537417810185e-03
2.054307323000000018e-01,3.098318064615353945e-03
2.054611157000000021e-01,3.098263593024687922e-03
2.054712424000000037e-01,3.098245436096941450e-03
2.055623609999999990e-01,3.098082029806143063e-03
2.056332030999999949e-01,3.097954943562953884e-03
2.056433213999999954e-01,3.097936788923787328e-03
2.057141355999999865e-01,3.097809710218586178e-03
2.057242499999999974e-01,3.097791556656333788e-03
2.057950363000000116e-01,3.097664485488554713e-03
2.058253659000000013e-01,3.097610028435584389e-03
2.058354746999999929e-01,3.097591876353682563e-03
2.059466395000000005e-01,3.097392212335926213e-03
2.059567424000000035e-01,3.097374061869017248e-03
2.059870480999999864e-01,3.097319611275677932e-03
2.060375477999999982e-01,3.097228862978215844e-03
2.060476461999999898e-01,3.097210713722348564e-03
2.060779386000000102e-01,3.097156266762289122e-03
2.061284160000000087e-01,3.097065524519914455e-03
2.061889725999999923e-01,3.096956638269239212e-03
2.061990636000000099e-01,3.096938491031656776e-03
2.062797741000000074e-01,3.096793317974717765e-03
2.062898606999999940e-01,3.096775171948016984e-03
2.063100324000000096e-01,3.096738880298184962e-03
2.063201175000000109e-01,3.096720734675051118e-03
2.064007806000000000e-01,3.096575574532914581e-03
2.064310212000000089e-01,3.096521141699269588e-03
2.064511790999999929e-01,3.096484853816034409e-03
2.064713350000000058e-01,3.096448566470813742e-03
2.065217162999999911e-01,3.096357850461840810e-03
2.065317911000000006e-01,3.096339707663580548e-03
2.065620123999999946e-01,3.096285280075636564e-03
2.065922293999999937e-01,3.096230853698323134e-03
2.066828537000000021e-01,3.096067581828804843e-03
2.067633754000000046e-01,3.095922460423265136e-03
2.068338060999999894e-01,3.095795486253324208e-03
2.068539246999999970e-01,3.095759209129218294e-03
2.068840989999999880e-01,3.095704794451624615e-03
2.069243245999999870e-01,3.095632243430672826e-03
2.070449544000000086e-01,3.095414603275238683e-03
2.070851486999999991e-01,3.095342060859003225e-03
2.070951960999999897e-01,3.095323925591093438e-03
2.071253352999999908e-01,3.095269520593889930e-03
2.071554700000000082e-01,3.095215116806452216e-03
2.071655139999999951e-01,3.095196982479586113e-03
2.072458480999999908e-01,3.095051912703546126e-03
2.072558875999999939e-01,3.095033779586354745e-03
2.072759653000000035e-01,3.094997513755407079e-03
2.073361867000000081e-01,3.094888719488458027e-03
2.073662907999999916e-01,3.094834324169465009e-03
2.074064228999999981e-01,3.094761798959247412e-03
2.074866636999999903e-01,3.094616754989814710e-03
2.076069667000000063e-01,3.094399205162298022e-03
2.076470522999999957e-01,3.094326692853378510e-03
2.077171832999999967e-01,3.094199801485824058e-03
2.077272001000000090e-01,3.094181674685086546e-03
2.077372164000000077e-01,3.094163548018692526e-03
2.077572476000000001e-01,3.094127295089042513e-03
2.077973040999999965e-01,3.094054790841915120e-03
2.078073169999999914e-01,3.094036665115999264e-03
2.078173295000000087e-01,3.094018539524533585e-03
2.078974117000000066e-01,3.093873539628853777e-03
2.079174273999999933e-01,3.093837290998345101e-03
2.079774630000000013e-01,3.093728548331009520e-03
2.080074742999999948e-01,3.093674178810847889e-03
2.080374812999999934e-01,3.093619810499684871e-03
2.080774838999999987e-01,3.093547321298689787e-03
2.080874832999999868e-01,3.093529199334189590e-03
2.081174788000000053e-01,3.093474834246818031e-03
2.081674615999999922e-01,3.093384228454066232e-03
2.082174324000000132e-01,3.093293626019076852e-03
2.082374174000000133e-01,3.093257385985264014e-03
2.082474091000000027e-01,3.093239266169718008e-03
2.082973607999999976e-01,3.093148669106933046e-03
2.083273260000000071e-01,3.093094312480730319e-03
2.083672729000000112e-01,3.093021838859209144e-03
2.083972280999999982e-01,3.092967485053143770e-03
2.084371616000000038e-01,3.092895015191602336e-03
2.084471438000000121e-01,3.092876898061940830e-03
2.084870678000000088e-01,3.092804430886033230e-03
2.085170057999999882e-01,3.092750081913987759e-03
2.085668927999999867e-01,3.092659502979146820e-03
2.086067939000000038e-01,3.092587042248127246e-03
2.086965433000000092e-01,3.092424013457135881e-03
2.087164823999999863e-01,3.092387786313707115e-03
2.087264513000000044e-01,3.092369672943439014e-03
2.087762883000000014e-01,3.092279108105314925e-03
2.088061847999999887e-01,3.092224770813324381e-03
2.088759266000000114e-01,3.092097988496785108e-03
2.088858878000000030e-01,3.092079877274180565e-03
2.089257278999999967e-01,3.092007433726064528e-03
2.089356867999999923e-01,3.091989323174663094e-03
2.089954299000000015e-01,3.091880662684438116e-03
2.090153405000000075e-01,3.091844443594774904e-03
2.090452027999999962e-01,3.091790115966806547e-03
2.090750607999999899e-01,3.091735789546658057e-03
2.091546613999999971e-01,3.091590924997908527e-03
2.091646092999999984e-01,3.091572817533147846e-03
2.092043963999999923e-01,3.091500389016285395e-03
2.092541195000000021e-01,3.091409856389268351e-03
2.092839478000000086e-01,3.091355538423380591e-03
2.093237121000000034e-01,3.091283116347178211e-03
2.093336520000000089e-01,3.091265011163571962e-03
2.093535303999999875e-01,3.091228801198892939e-03
2.094032181999999909e-01,3.091138278635221885e-03
2.094926263999999927e-01,3.090975346472703972e-03
2.095124896999999986e-01,3.090939140801191466e-03
2.095621397999999913e-01,3.090848628970143969e-03
2.096514802999999982e-01,3.090685716125269461e-03
2.096812520000000124e-01,3.090631414258108653e-03
2.097110194000000039e-01,3.090577113598045201e-03
2.097606224999999935e-01,3.090486615180660680e-03
2.097903787000000020e-01,3.090432317739668939e-03
2.098300471000000000e-01,3.090359923029369071e-03
2.098796219999999879e-01,3.090269432658979479e-03
2.099192735000000032e-01,3.090197042776627982e-03
2.099688274000000021e-01,3.090106558441066843e-03
2.099985541000000122e-01,3.090052269448876222e-03
2.100282766000000079e-01,3.089997981663537060e-03
2.100381832000000060e-01,3.089979886003313327e-03
2.101174188000000109e-01,3.089835125548182938e-03
2.101273211999999946e-01,3.089817031094723061e-03
2.101570255000000109e-01,3.089762748538688302e-03
2.102065233000000033e-01,3.089672280293402542e-03
2.102758006999999874e-01,3.089545630380936651e-03
2.103054839999999870e-01,3.089491353857925365e-03
2.103153775000000114e-01,3.089473261951701782e-03
2.103648379999999984e-01,3.089382804431379040e-03
2.104439506999999931e-01,3.089238079369506854e-03
2.104736103000000025e-01,3.089183809683014766e-03
2.105823263999999917e-01,3.088984831153150992e-03
2.105922068999999952e-01,3.088966743000062798e-03
2.106020869000000129e-01,3.088948654980952935e-03
2.106218455999999961e-01,3.088912479344906297e-03
2.106811104999999906e-01,3.088803955653107204e-03
2.107502319000000013e-01,3.088677350776990963e-03
2.107601044999999895e-01,3.088659264902103400e-03
2.107798483999999972e-01,3.088623093554437177e-03
2.108390689000000096e-01,3.088514582727301411e-03
2.108686728999999982e-01,3.088460329122649176e-03
2.109180036999999952e-01,3.088369909128059823e-03
2.109475966000000091e-01,3.088315658739079674e-03
2.110264907999999939e-01,3.088170996930305560e-03
2.110659267999999977e-01,3.088098669241224128e-03
2.110757846999999909e-01,3.088080587653934186e-03
2.110954989999999920e-01,3.088044424881109754e-03
2.111053555000000082e-01,3.088026343695689322e-03
2.112925411999999892e-01,3.087682826623658425e-03
2.113023884999999935e-01,3.087664748117246050e-03
2.113122353000000120e-01,3.087646669744724837e-03
2.113417730999999911e-01,3.087592435430961801e-03
2.113811502999999870e-01,3.087520124887545465e-03
2.115385858000000119e-01,3.087230904141796857e-03
2.115680920000000131e-01,3.087176679068661181e-03
2.116074270999999951e-01,3.087104380845719781e-03
2.116270919000000084e-01,3.087068232537656769e-03
2.116565857000000106e-01,3.087014011079840074e-03
2.116860752999999984e-01,3.086959790826980955e-03
2.116959042999999874e-01,3.086941717677203854e-03
2.117253885000000002e-01,3.086887499031139726e-03
2.117745196999999968e-01,3.086797137298768340e-03
2.117843446000000074e-01,3.086779065353977437e-03
2.118138165000000017e-01,3.086724850322810753e-03
2.118432842999999899e-01,3.086670636496540495e-03
2.118629271999999952e-01,3.086634494615039456e-03
2.118923880999999954e-01,3.086580282796777975e-03
2.120396314999999920e-01,3.086309241777386927e-03
2.120494441000000119e-01,3.086291173446950933e-03
2.120886898999999881e-01,3.086218901463622880e-03
2.121573525999999876e-01,3.086092430645791945e-03
2.121671598000000047e-01,3.086074363921523407e-03
2.121769665000000082e-01,3.086056297331035876e-03
2.121965785000000104e-01,3.086020164551512689e-03
2.122456006000000006e-01,3.085929834944773319e-03
2.122554037000000116e-01,3.085911769424951913e-03
2.122848102000000070e-01,3.085857573668335935e-03
2.123142125999999963e-01,3.085803379116078184e-03
2.123338119000000024e-01,3.085767250083616686e-03
2.123632075000000119e-01,3.085713057538587954e-03
2.124023953999999992e-01,3.085640802685352818e-03
2.124415759999999931e-01,3.085568549972945128e-03
2.125101246999999971e-01,3.085442112877615547e-03
2.125199154999999895e-01,3.085424050970533589e-03
2.125688631000000051e-01,3.085333743442423074e-03
2.125982261999999900e-01,3.085279560530950014e-03
2.126373706999999946e-01,3.085207318521960076e-03
2.127254195999999931e-01,3.085044781827815923e-03
2.127547610999999950e-01,3.084990605337596583e-03
2.127840984999999907e-01,3.084936430051197706e-03
2.128036546000000029e-01,3.084900313862500021e-03
2.128623119999999980e-01,3.084791968506445971e-03
2.128720866999999906e-01,3.084773911415288148e-03
2.128818608999999973e-01,3.084755854457817657e-03
2.129502678000000093e-01,3.084629459500530264e-03
2.129600385000000040e-01,3.084611403613129153e-03
2.129795784000000081e-01,3.084575292239362908e-03
2.130674858000000116e-01,3.084412797677331224e-03
2.131358331000000050e-01,3.084286420506676674e-03
2.131455952999999903e-01,3.084268367160145855e-03
2.132724621000000043e-01,3.084033685821794234e-03
2.133017284000000013e-01,3.083979531798897167e-03
2.133407438000000100e-01,3.083907328306711559e-03
2.134285025000000058e-01,3.083744878270455302e-03
2.134577473000000003e-01,3.083690730664623032e-03
2.134869882000000052e-01,3.083636584262041368e-03
2.134967342000000101e-01,3.083618535728443154e-03
2.135064798999999902e-01,3.083600487328694469e-03
2.135357139999999876e-01,3.083546342931096224e-03
2.135649441999999953e-01,3.083492199736657946e-03
2.135746866999999882e-01,3.083474152272500275e-03
2.136039116000000015e-01,3.083420010682103550e-03
2.136623492999999985e-01,3.083311731110043637e-03
2.136915621000000098e-01,3.083257593128313229e-03
2.137597099000000112e-01,3.083131275848864823e-03
2.137986417999999944e-01,3.083059097486579546e-03
2.138083735999999901e-01,3.083041053230029666e-03
2.138862125000000058e-01,3.082896703989026696e-03
2.139153947999999916e-01,3.082842575228574109e-03
2.139737473999999973e-01,3.082734321315449243e-03
2.140418054000000070e-01,3.082608031163167235e-03
2.140709664000000068e-01,3.082553908816253619e-03
2.141098416999999976e-01,3.082481747557695630e-03
2.141875709999999933e-01,3.082337431453233047e-03
2.141972852000000038e-01,3.082319392541377906e-03
2.142069989000000008e-01,3.082301353763043997e-03
2.142361375000000068e-01,3.082247238229745157e-03
2.142846929999999983e-01,3.082157048345932591e-03
2.143526521999999934e-01,3.082030788118923781e-03
2.143623588999999940e-01,3.082012751477937462e-03
2.143914764000000028e-01,3.081958642356450243e-03
2.144205899000000137e-01,3.081904534437016237e-03
2.144399966999999962e-01,3.081868463158545565e-03
2.145079067000000006e-01,3.081742217891071667e-03
2.145467027999999887e-01,3.081670080676482317e-03
2.145854918000000000e-01,3.081597945598576159e-03
2.146242738999999955e-01,3.081525812657511919e-03
2.146533558000000008e-01,3.081471714353794123e-03
2.146727415999999944e-01,3.081435649485730378e-03
2.147308883999999862e-01,3.081327458086198338e-03
2.148180791000000034e-01,3.081165179999894622e-03
2.148277647000000068e-01,3.081147149768929255e-03
2.148568191000000127e-01,3.081093059877379123e-03
2.148955522000000062e-01,3.081020941891149997e-03
2.149342783000000034e-01,3.080948826041006883e-03
2.149729974000000043e-01,3.080876712326873022e-03
2.149826760999999919e-01,3.080858684232103389e-03
2.150020321999999984e-01,3.080822628443061033e-03
2.150504146999999977e-01,3.080732491306427921e-03
2.150600899000000010e-01,3.080714464279578346e-03
2.150891128999999902e-01,3.080660383999959690e-03
2.151664885000000027e-01,3.080516175794252142e-03
2.152438362000000105e-01,3.080371976130788763e-03
2.152921644000000134e-01,3.080281855678766376e-03
2.153114925999999874e-01,3.080245808432127350e-03
2.153211560999999941e-01,3.080227785009053906e-03
2.153694670000000089e-01,3.080137669895378905e-03
2.153984482999999894e-01,3.080083602428532359e-03
2.154274257000000081e-01,3.080029536162698194e-03
2.154660562000000057e-01,3.079957449676478699e-03
2.155143344999999877e-01,3.079867344570942547e-03
2.155239888999999909e-01,3.079849323950180871e-03
2.155819060999999981e-01,3.079741203027476764e-03
2.155915575000000028e-01,3.079723183340737479e-03
2.156012083999999940e-01,3.079705163787340317e-03
2.156301585000000021e-01,3.079651105927661264e-03
2.156687526999999938e-01,3.079579030649403845e-03
2.157459203000000048e-01,3.079434886496546994e-03
2.157748510999999980e-01,3.079380834640500861e-03
2.158327009000000074e-01,3.079272734529990303e-03
2.158616201000000123e-01,3.079218686275698915e-03
2.159290829000000134e-01,3.079092578350617684e-03
2.160157899000000048e-01,3.078930449193315912e-03
2.160446845000000005e-01,3.078876408541603681e-03
2.160928336000000061e-01,3.078786343456115567e-03
2.161313451999999913e-01,3.078714293788295531e-03
2.162179710999999893e-01,3.078552189836836379e-03
2.162372166000000040e-01,3.078516168203371695e-03
2.162468386999999992e-01,3.078498157586646682e-03
2.162757023999999917e-01,3.078444126536487944e-03
2.162853228000000128e-01,3.078426116453143561e-03
2.163238000999999910e-01,3.078354077453109624e-03
2.163718870000000127e-01,3.078264031702947819e-03
2.163911188000000041e-01,3.078228014336224609e-03
2.164391907999999864e-01,3.078137973252566967e-03
2.164488039999999947e-01,3.078119965435897280e-03
2.164776408000000096e-01,3.078065942785505969e-03
2.165449117000000090e-01,3.077939894600529094e-03
2.165833429000000032e-01,3.077867869999113739e-03
2.165929496000000010e-01,3.077849864181979572e-03
2.166697880000000020e-01,3.077705822443787143e-03
2.166793908999999907e-01,3.077687817826356073e-03
2.167081969999999913e-01,3.077633804773749569e-03
2.167561987000000134e-01,3.077543785685177800e-03
2.168137867000000107e-01,3.077435767177143320e-03
2.168521701999999995e-01,3.077363757503947216e-03
2.168905469000000086e-01,3.077291749963055861e-03
2.169097326999999964e-01,3.077255746992199961e-03
2.169864589999999926e-01,3.077111740439255911e-03
2.170152243000000036e-01,3.077057740180529077e-03
2.170535721999999890e-01,3.076985741701165292e-03
2.170631580999999866e-01,3.076967742414419334e-03
2.171302475999999926e-01,3.076841751138023173e-03
2.171589939999999941e-01,3.076787756875389718e-03
2.171973164000000067e-01,3.076715766390198965e-03
2.172164752000000087e-01,3.076679771947134386e-03
2.172739411000000065e-01,3.076571791814873818e-03
2.172835173000000064e-01,3.076553795592466140e-03
2.173122433999999936e-01,3.076499807724581564e-03
2.173218178999999917e-01,3.076481812035020656e-03
2.173601115999999889e-01,3.076409830608787914e-03
2.173983986999999951e-01,3.076337851314051540e-03
2.174749525000000128e-01,3.076193899118032701e-03
2.175036532999999883e-01,3.076139919242336200e-03
2.175132193000000047e-01,3.076121926216709903e-03
2.175992951000000064e-01,3.075959994980299612e-03
2.176184184000000132e-01,3.075924011726049231e-03
2.176757782000000030e-01,3.075816065159467979e-03
2.177331230000000006e-01,3.075708123387107737e-03
2.177426789999999945e-01,3.075690133557789675e-03
2.178191117999999926e-01,3.075546219716813068e-03
2.178286640000000052e-01,3.075528231085868005e-03
2.178573182000000108e-01,3.075474265992067698e-03
2.179241631999999929e-01,3.075348352099772833e-03
2.179337108000000134e-01,3.075330364933424009e-03
2.179718971000000061e-01,3.075258417599489261e-03
2.180482495000000132e-01,3.075114529321754282e-03
2.180577917000000032e-01,3.075096543886142540e-03
2.180768747999999868e-01,3.075060573414225944e-03
2.181150360000000121e-01,3.074988634067836284e-03
2.181341140999999983e-01,3.074952665193341535e-03
2.181627281999999890e-01,3.074898712880040109e-03
2.182008742999999862e-01,3.074826778325595936e-03
2.182294795999999981e-01,3.074772828807488707e-03
2.182771467000000076e-01,3.074682915605905786e-03
2.182866789000000030e-01,3.074664933364914827e-03
2.183152728999999959e-01,3.074610987440381821e-03
2.183629213000000124e-01,3.074521080228028412e-03
2.183915053000000106e-01,3.074467137497584931e-03
2.184200856000000079e-01,3.074413195964925509e-03
2.184296115999999899e-01,3.074395215720273408e-03
2.184391371000000137e-01,3.074377235608596534e-03
2.185153263000000068e-01,3.074233399505989488e-03
2.185914888999999917e-01,3.074089571919578871e-03
2.186200430999999944e-01,3.074035638770227820e-03
2.186581095000000030e-01,3.073963729767089509e-03
2.186866548999999993e-01,3.073909799411690593e-03
2.186961692999999929e-01,3.073891822892764383e-03
2.187342224000000113e-01,3.073819918147054249e-03
2.187437346999999976e-01,3.073801942293299082e-03
2.188483421999999901e-01,3.073604216681660641e-03
2.188863688999999890e-01,3.073532320450100830e-03
2.189528997000000088e-01,3.073406507166089388e-03
2.189624024000000058e-01,3.073388534371801397e-03
2.190004093000000041e-01,3.073316644525026214e-03
2.190479086000000075e-01,3.073226785209141713e-03
2.191238862000000065e-01,3.073083017219888167e-03
2.191428763999999918e-01,3.073047076552412604e-03
2.191903449000000004e-01,3.072957227211261383e-03
2.192283121999999973e-01,3.072885350131930420e-03
2.192567834999999965e-01,3.072831443718885246e-03
2.192757622000000017e-01,3.072795506774929439e-03
2.193326885999999920e-01,3.072687699134567241e-03
2.193801159999999861e-01,3.072597863090865532e-03
2.194275330999999885e-01,3.072508030371110411e-03
2.195318148000000025e-01,3.072310410087597532e-03
2.195602466000000086e-01,3.072256516438396593e-03
2.195981499999999920e-01,3.072184660100664606e-03
2.196455200999999913e-01,3.072094842669550498e-03
2.196834088000000074e-01,3.072022991117332076e-03
2.197118210000000016e-01,3.071969103848820951e-03
2.197212909000000047e-01,3.071951141691803104e-03
2.197307604000000025e-01,3.071933179667714082e-03
2.198727543000000006e-01,3.071663765256199205e-03
2.198822172999999880e-01,3.071645805358672564e-03
2.199106037999999930e-01,3.071591926463411882e-03
2.199389867000000054e-01,3.071538048764283803e-03
2.199579066000000027e-01,3.071502130962658946e-03
2.199862834000000100e-01,3.071448255256890771e-03
2.200241133999999987e-01,3.071376422842878560e-03
2.200524815999999884e-01,3.071322549927584834e-03
2.201092071000000094e-01,3.071214807684746403e-03
2.201375644000000131e-01,3.071160938357131876e-03
2.201848184000000097e-01,3.071071158801709066e-03
2.202509568999999889e-01,3.070945473004172994e-03
2.203170755999999952e-01,3.070819793716507689e-03
2.203265195999999926e-01,3.070801840064056251e-03
2.203548489000000110e-01,3.070747979903428338e-03
2.204020563000000099e-01,3.070658215625827938e-03
2.204114964999999982e-01,3.070640263168736284e-03
2.204398149000000029e-01,3.070586406594726352e-03
2.204681296999999873e-01,3.070532551216232330e-03
2.204775670999999937e-01,3.070514599688982816e-03
2.205530521000000077e-01,3.070370992253012611e-03
2.206379417999999870e-01,3.070209444047865711e-03
2.206568017999999964e-01,3.070173545907680431e-03
2.206662310999999987e-01,3.070155597036676367e-03
2.207039446000000071e-01,3.070083802881069714e-03
2.207416516000000051e-01,3.070012010850150207e-03
2.207793520999999926e-01,3.069940220943837179e-03
2.207887762999999892e-01,3.069922273799331400e-03
2.208076233000000055e-01,3.069886379908441480e-03
2.208170462999999861e-01,3.069868433162300202e-03
2.208453126000000100e-01,3.069814593720219826e-03
2.208641548999999982e-01,3.069778701422866841e-03
2.209206720000000124e-01,3.069671027717239473e-03
2.209300901000000039e-01,3.069653082564325480e-03
2.210054204999999938e-01,3.069509526120666777e-03
2.210148349999999928e-01,3.069491582162646795e-03
2.210807251999999945e-01,3.069365978173609934e-03
2.211465958000000120e-01,3.069240380689395361e-03
2.211654124000000110e-01,3.069204496888645970e-03
2.212406625999999987e-01,3.069060966994923128e-03
2.212594712000000019e-01,3.069025085848884823e-03
2.212688748999999955e-01,3.069007145474957499e-03
2.213440899999999933e-01,3.068863627261494281e-03
2.213816879000000126e-01,3.068791871339953282e-03
2.214568647000000057e-01,3.068648365867227348e-03
2.214944434999999989e-01,3.068576616315765292e-03
2.215414081000000035e-01,3.068486932362246046e-03
2.216071417000000099e-01,3.068361380400274566e-03
2.216728558999999932e-01,3.068235834940012847e-03
2.216822421000000098e-01,3.068217900405038542e-03
2.216916278000000129e-01,3.068199966002613591e-03
2.217103981000000112e-01,3.068164097595902674e-03
2.217197827000000065e-01,3.068146163591613240e-03
2.217573169000000011e-01,3.068074428900880151e-03
2.217948448000000017e-01,3.068002696332883077e-03
2.218417457999999898e-01,3.067913033607842874e-03
2.218605033999999920e-01,3.067877169446400591e-03
2.219073904999999958e-01,3.067787511364272746e-03
2.219167666999999899e-01,3.067769580145758394e-03
2.219730156999999982e-01,3.067661995620367139e-03
2.220479922999999967e-01,3.067518557014444966e-03
2.220573626000000023e-01,3.067500627785561297e-03
2.221416773999999872e-01,3.067339270693680668e-03
2.221604097000000055e-01,3.067303415021022280e-03
2.221697752000000026e-01,3.067285487383547907e-03
2.222165969999999879e-01,3.067195851185665779e-03
2.223102110999999881e-01,3.067016588735612011e-03
2.223570032999999946e-01,3.066926962483011027e-03
2.223663606000000070e-01,3.066909037630325113e-03
2.223944300000000041e-01,3.066855263867641554e-03
2.224318503999999919e-01,3.066783567373674961e-03
2.224412045999999976e-01,3.066765643581747733e-03
2.225066723999999940e-01,3.066640180749765666e-03
2.225160234000000126e-01,3.066622258018396763e-03
2.225814691999999928e-01,3.066496802610538079e-03
2.225908169999999964e-01,3.066478880939646403e-03
2.226095114999999958e-01,3.066443037995651624e-03
2.226188581000000111e-01,3.066425116722420584e-03
2.226468957000000137e-01,3.066371353698273822e-03
2.226936171999999992e-01,3.066281751309159979e-03
2.227216454000000012e-01,3.066227991466315226e-03
2.227683511999999921e-01,3.066138394379136056e-03
2.228150472000000049e-01,3.066048800605483422e-03
2.228430601999999983e-01,3.065995045931847914e-03
2.228710694999999908e-01,3.065941292450783187e-03
2.229177441000000093e-01,3.065851705966547019e-03
2.229457441000000095e-01,3.065797955666204905e-03
2.229550765999999962e-01,3.065780039164400176e-03
2.230297230000000130e-01,3.065636711921091145e-03
2.230577089999999929e-01,3.065582966391330964e-03
2.231136703000000110e-01,3.065475478909217635e-03
2.231416458000000103e-01,3.065421736957048802e-03
2.231789409000000113e-01,3.065350082875609693e-03
2.232069080999999899e-01,3.065296343705640244e-03
2.232628321000000027e-01,3.065188868942954423e-03
2.232907888000000007e-01,3.065135133350048099e-03
2.233373755999999988e-01,3.065045576678148559e-03
2.233560075999999894e-01,3.065009754936691335e-03
2.234863880000000080e-01,3.064759017582306504e-03
2.235050075999999997e-01,3.064723200079606628e-03
2.235143168000000014e-01,3.064705291526908550e-03
2.235608570000000017e-01,3.064615750750144911e-03
2.235887763999999944e-01,3.064562027873325017e-03
2.236259969999999930e-01,3.064490399225236212e-03
2.236539083000000094e-01,3.064436679129632548e-03
2.237004194999999973e-01,3.064347148285700810e-03
2.238120067999999907e-01,3.064132287767209594e-03
2.238491901999999922e-01,3.064060671831639760e-03
2.239235384999999912e-01,3.063917446315987843e-03
2.239328302999999964e-01,3.063899543722330750e-03
2.239607033999999885e-01,3.063845836735750068e-03
2.240071507999999989e-01,3.063756327739217654e-03
2.240628751000000030e-01,3.063648921312304638e-03
2.241093013000000078e-01,3.063559419596847706e-03
2.241464354000000103e-01,3.063487820607306220e-03
2.241557180000000038e-01,3.063469921190893185e-03
2.241835634000000077e-01,3.063416223735745004e-03
2.242578007999999901e-01,3.063273036345879035e-03
2.243691109000000017e-01,3.063058271143670897e-03
2.243969298000000057e-01,3.063004582820892923e-03
2.244062019999999991e-01,3.062986686977979024e-03
2.244340163000000110e-01,3.062933000243254957e-03
2.244432869000000108e-01,3.062915104929598252e-03
2.244525572000000135e-01,3.062897209748378143e-03
2.244803657999999980e-01,3.062843524998698583e-03
2.245081708999999981e-01,3.062789841439901919e-03
2.245174384999999995e-01,3.062771947184953457e-03
2.245267056999999955e-01,3.062754053062304548e-03
2.245452390000000076e-01,3.062718265214032023e-03
2.246286198999999928e-01,3.062557226446480530e-03
2.246749292999999925e-01,3.062467765095454146e-03
2.246934503000000138e-01,3.062431981481070035e-03
2.247304878999999977e-01,3.062360415840129774e-03
2.247397462999999873e-01,3.062342524760583527e-03
2.248230551000000021e-01,3.062181510998263859e-03
2.248415639000000132e-01,3.062145731617265960e-03
2.248508177999999913e-01,3.062127842125280091e-03
2.249248349999999896e-01,3.061984730951080712e-03
2.249618344000000048e-01,3.061913178538472075e-03
2.249895799999999946e-01,3.061859515617885736e-03
2.250265689000000013e-01,3.061787966908908250e-03
2.250450609999999907e-01,3.061752193347895036e-03
2.251005282000000107e-01,3.061644875839015546e-03
2.251190143000000032e-01,3.061609104394157239e-03
2.251467404999999977e-01,3.061555448218601216e-03
2.251837034999999987e-01,3.061483908502665718e-03
2.251929433000000036e-01,3.061466023904283601e-03
2.252576112999999935e-01,3.061340835418238562e-03
2.252853204999999970e-01,3.061287185193450194e-03
2.252945560999999874e-01,3.061269302049589042e-03
2.253222606999999988e-01,3.061215653411450757e-03
2.253407286000000120e-01,3.061179888313880163e-03
2.253684274999999959e-01,3.061126241659033447e-03
2.254053541999999910e-01,3.061054714637095279e-03
2.254884169999999965e-01,3.060893786571830966e-03
2.255160978000000094e-01,3.060840146263081075e-03
2.255622248999999968e-01,3.060750748392428427e-03
2.256267871000000036e-01,3.060625596925695916e-03
2.256913308000000062e-01,3.060500451935962898e-03
2.257005498000000110e-01,3.060482574608974771e-03
2.257097684000000104e-01,3.060464697414131373e-03
2.257282046000000097e-01,3.060428943421128131e-03
2.257742883999999950e-01,3.060339560751462219e-03
2.257835039999999960e-01,3.060321684613993062e-03
2.258111486000000112e-01,3.060268056994638712e-03
2.258756396000000111e-01,3.060142930508515362e-03
2.259309029000000080e-01,3.060035684388626512e-03
2.259585295000000049e-01,3.059982063112692743e-03
2.260045663999999954e-01,3.059892696962400807e-03
2.260321838999999888e-01,3.059839078857705050e-03
2.260690022000000077e-01,3.059767589901576934e-03
2.261426206000000105e-01,3.059624618331161817e-03
2.261518211999999917e-01,3.059606747479391188e-03
2.262070170999999907e-01,3.059499525143415544e-03
2.262530033000000051e-01,3.059410176829726897e-03
2.262805905999999978e-01,3.059356569426872462e-03
2.263173683999999963e-01,3.059285094739116855e-03
2.264000965999999893e-01,3.059124284419258415e-03
2.264368549000000119e-01,3.059052816600198090e-03
2.264460436000000076e-01,3.059034949975712649e-03
2.264736073999999988e-01,3.058981350894665868e-03
2.265103538000000083e-01,3.058909887302212454e-03
2.265195395000000056e-01,3.058892021734324531e-03
2.265838287999999978e-01,3.058766966456848233e-03
2.266113757999999867e-01,3.058713373318947167e-03
2.266664597999999975e-01,3.058606190608806254e-03
2.266939967000000111e-01,3.058552601036376890e-03
2.267215303000000015e-01,3.058499012652452550e-03
2.267582365999999960e-01,3.058427563322580704e-03
2.267674121999999903e-01,3.058409701320162748e-03
2.268408040000000070e-01,3.058266810054648382e-03
2.268683197999999956e-01,3.058213228008632104e-03
2.268866618000000002e-01,3.058177507304747286e-03
2.269141719999999973e-01,3.058123927239087859e-03
2.269508470999999916e-01,3.058052488999876521e-03
2.270241795000000062e-01,3.057909618858205714e-03
2.270608369000000071e-01,3.057838186955716755e-03
2.270883260000000070e-01,3.057784614414811152e-03
2.270974883000000111e-01,3.057766757165187275e-03
2.271066502000000098e-01,3.057748900047522946e-03
2.271707733999999979e-01,3.057623903920074406e-03
2.271799324000000064e-01,3.057606047858433835e-03
2.272440349000000026e-01,3.057481059122373578e-03
2.272531909000000128e-01,3.057463204116552501e-03
2.272806568000000083e-01,3.057409639891107197e-03
2.273081193000000000e-01,3.057356076853345959e-03
2.273538827999999901e-01,3.057266807763232060e-03
2.273813365000000031e-01,3.057213247892804839e-03
2.274270852999999981e-01,3.057123984081344756e-03
2.274636777000000054e-01,3.057052575407404223e-03
2.274728249000000091e-01,3.057034723568830860e-03
2.274911181000000004e-01,3.056999020287414024e-03
2.275002641999999964e-01,3.056981168844695885e-03
2.275459891000000123e-01,3.056891913610203498e-03
2.276008468000000062e-01,3.056784811682844525e-03
2.276739698999999950e-01,3.056642016501472103e-03
2.276831085999999893e-01,3.056624167697435772e-03
2.276922469999999865e-01,3.056606319025409729e-03
2.277196599000000099e-01,3.056552773800747143e-03
2.277562052000000059e-01,3.056481382014622408e-03
2.277927448000000021e-01,3.056409992339362107e-03
2.278292784000000015e-01,3.056338604774510442e-03
2.279114577999999947e-01,3.056177990470307533e-03
2.279297157999999879e-01,3.056142299853516556e-03
2.279844812000000054e-01,3.056035231168786719e-03
2.280118590000000112e-01,3.055981698606955854e-03
2.280483574999999929e-01,3.055910323704068114e-03
2.280757276000000000e-01,3.055856793911709834e-03
2.281213370999999879e-01,3.055767580228568349e-03
2.281304578999999999e-01,3.055749737887547904e-03
2.282034112999999920e-01,3.055607003906718380e-03
2.282307627999999866e-01,3.055553480839604593e-03
2.282581110000000135e-01,3.055499958959169600e-03
2.283674710999999968e-01,3.055285883303923092e-03
2.284221314999999863e-01,3.055178852595702346e-03
2.284494568000000059e-01,3.055125339021342364e-03
2.284767789000000104e-01,3.055071826633525868e-03
2.284858855000000133e-01,3.055053989434520709e-03
2.284949917000000108e-01,3.055036152367292084e-03
2.285132031000000064e-01,3.055000478628413802e-03
2.285587253999999957e-01,3.054911296588241811e-03
2.285678287000000031e-01,3.054893460575567200e-03
2.285951365999999985e-01,3.054839953328632781e-03
2.286224411999999984e-01,3.054786447267942174e-03
2.286588422999999981e-01,3.054715107699021524e-03
2.287043354999999945e-01,3.054625936203370952e-03
2.287771058999999996e-01,3.054483268663790198e-03
2.288043888000000081e-01,3.054429770510922425e-03
2.288407608999999954e-01,3.054358441485342714e-03
2.288862180000000024e-01,3.054269283168514326e-03
2.289225770999999965e-01,3.054197958886870328e-03
2.289952781000000048e-01,3.054055316648547191e-03
2.290043640999999963e-01,3.054037486961682247e-03
2.290316199000000108e-01,3.053983998691584857e-03
2.290588725000000103e-01,3.053930511607334895e-03
2.290770390999999906e-01,3.053894854209926457e-03
2.291042862999999874e-01,3.053841369101929857e-03
2.291496909999999887e-01,3.053752229890032213e-03
2.292132426000000056e-01,3.053627440526572850e-03
2.292495498999999881e-01,3.053556135217015341e-03
2.292949259000000017e-01,3.053467006543862054e-03
2.293221471999999928e-01,3.053413530920647771e-03
2.293584371999999871e-01,3.053342231933683752e-03
2.293856509999999960e-01,3.053288759076538093e-03
2.293947215000000095e-01,3.053270935054182376e-03
2.294672728999999911e-01,3.053128347617126929e-03
2.295126057999999913e-01,3.053039234749132906e-03
2.295760568999999918e-01,3.052914482265133966e-03
2.296576112000000003e-01,3.052754095695669242e-03
2.296757304000000000e-01,3.052718455684186837e-03
2.297119646000000126e-01,3.052647177241395084e-03
2.297210222000000135e-01,3.052629357959800102e-03
2.297300794999999896e-01,3.052611538809942623e-03
2.297844156999999943e-01,3.052504626675610431e-03
2.297934705000000133e-01,3.052486808447388983e-03
2.298658959999999862e-01,3.052344267361117858e-03
2.299021001999999869e-01,3.052272999977592889e-03
2.299292495999999963e-01,3.052219550822203066e-03
2.299473475000000100e-01,3.052183918710250216e-03
2.299654439000000106e-01,3.052148287124754281e-03
2.300106785999999903e-01,3.052059210464531415e-03
2.300468599999999919e-01,3.051987951505758662e-03
2.300830356999999937e-01,3.051916694652979673e-03
2.300920787999999884e-01,3.051898880768921275e-03
2.301101637999999894e-01,3.051863253395493535e-03
2.301192058000000040e-01,3.051845439906248226e-03
2.302547927999999966e-01,3.051578253360376618e-03
2.302999706999999951e-01,3.051489197758529715e-03
2.303090051999999999e-01,3.051471387032923550e-03
2.303632049000000070e-01,3.051364525442857613e-03
2.303722368999999992e-01,3.051346715638346245e-03
2.304083616000000001e-01,3.051275477736435041e-03
2.304535094000000062e-01,3.051186433319434590e-03
2.305167015000000041e-01,3.051061776661740874e-03
2.305257274999999995e-01,3.051043969094019252e-03
2.305528034999999865e-01,3.050990547180390360e-03
2.305798762000000057e-01,3.050937126450658631e-03
2.305979230000000102e-01,3.050901513288751740e-03
2.306249904999999878e-01,3.050848094532488276e-03
2.306610755000000068e-01,3.050776871365783183e-03
2.306971549000000066e-01,3.050705650303887472e-03
2.307422462000000007e-01,3.050616626936199487e-03
2.307963440999999949e-01,3.050509803235635416e-03
2.308143739999999888e-01,3.050474196387807559e-03
2.308414161000000020e-01,3.050420787102378368e-03
2.308684550000000002e-01,3.050367379000625597e-03
2.308774673000000000e-01,3.050349576563131382e-03
2.309405432999999952e-01,3.050224963182837559e-03
2.309585618999999979e-01,3.050189360543581127e-03
2.309765790999999957e-01,3.050153758430367880e-03
2.309855871000000005e-01,3.050135957570929927e-03
2.310306220999999993e-01,3.050046955246643338e-03
2.310576389000000008e-01,3.049993555430096422e-03
2.310846525999999956e-01,3.049940156797094955e-03
2.310936564000000137e-01,3.049922357515665559e-03
2.311206658000000136e-01,3.049868960460459279e-03
2.311656745000000013e-01,3.049779967998262568e-03
2.311746752000000127e-01,3.049762169900291017e-03
2.312466680999999968e-01,3.049619789849646132e-03
2.312736595999999867e-01,3.049566399499905461e-03
2.313456217000000037e-01,3.049424031018683513e-03
2.314085700999999884e-01,3.049299465499169699e-03
2.314175613999999992e-01,3.049281670950857847e-03
2.314445330000000078e-01,3.049228288094360615e-03
2.314625123000000062e-01,3.049192700180572424e-03
2.315523879999999979e-01,3.049014768498318432e-03
2.315973128000000103e-01,3.048925807586048021e-03
2.316062966999999917e-01,3.048908015797864232e-03
2.316332463000000119e-01,3.048854641221850504e-03
2.316691743000000026e-01,3.048783476960514709e-03
2.316781554000000021e-01,3.048765686223693042e-03
2.317320348999999946e-01,3.048658944562741488e-03
2.317410135999999898e-01,3.048641154745861895e-03
2.318128305000000111e-01,3.048498840941219184e-03
2.318397561999999967e-01,3.048445475432733868e-03
2.318487307000000053e-01,3.048427687192650261e-03
2.319474273999999892e-01,3.048232025223729467e-03
2.319833067000000026e-01,3.048160879358412755e-03
2.320281480999999979e-01,3.048071949982863061e-03
2.320371153000000131e-01,3.048054164501823315e-03
2.320640149000000041e-01,3.048000808847028779e-03
2.320909113999999884e-01,3.047947454374566253e-03
2.321088406000000048e-01,3.047911885382995154e-03
2.321715820999999957e-01,3.047787398050596109e-03
2.322343067000000039e-01,3.047662917154604027e-03
2.322432658999999955e-01,3.047645134694762590e-03
2.322522248999999983e-01,3.047627352366449622e-03
2.322790995000000025e-01,3.047574006169151070e-03
2.323059711000000083e-01,3.047520661154054858e-03
2.323238837999999917e-01,3.047485098467375263e-03
2.323507502000000113e-01,3.047431755422285674e-03
2.324581846999999868e-01,3.047218395061340387e-03
2.325387281000000084e-01,3.047058387200340425e-03
2.325566228000000013e-01,3.047022831342243235e-03
2.325655695999999939e-01,3.047005053610108739e-03
2.325924081000000088e-01,3.046951721201733316e-03
2.326013536000000048e-01,3.046933943994905615e-03
2.326371319999999965e-01,3.046862836480357210e-03
2.326729050000000132e-01,3.046791731066647406e-03
2.326818474000000025e-01,3.046773955041460428e-03
2.326997311000000013e-01,3.046738403384858292e-03
2.327801908000000086e-01,3.046578427428754156e-03
2.328159418000000092e-01,3.046507330417115925e-03
2.328427513999999920e-01,3.046454009036679480e-03
2.328784928000000032e-01,3.046382915700591998e-03
2.328874271999999968e-01,3.046365142694613167e-03
2.329231616999999921e-01,3.046294051983723054e-03
2.329678222000000076e-01,3.046205191548500332e-03
2.329946143000000136e-01,3.046151876862278948e-03
2.330303324000000120e-01,3.046080792451574468e-03
2.330392609999999975e-01,3.046063021676920137e-03
2.331106779999999878e-01,3.045920860204982903e-03
2.331285288000000122e-01,3.045885321149313651e-03
2.331374536999999969e-01,3.045867551818344336e-03
2.332445258999999993e-01,3.045654330082344340e-03
2.332802056000000124e-01,3.045583260369215482e-03
2.333515489000000109e-01,3.045441127241378318e-03
2.333782970000000123e-01,3.045387829483291609e-03
2.334228703000000016e-01,3.045299002510372128e-03
2.334496101999999906e-01,3.045245707900952510e-03
2.335298114999999897e-01,3.045085831156783048e-03
2.335387211000000129e-01,3.045068067730067381e-03
2.335565391999999962e-01,3.045032541270065694e-03
2.335654477999999923e-01,3.045014778236906309e-03
2.336367038999999923e-01,3.044872678693220664e-03
2.336634193000000081e-01,3.044819393528558522e-03
2.336723237999999980e-01,3.044801632069387472e-03
2.336812279000000103e-01,3.044783870741302537e-03
2.336990351000000077e-01,3.044748348478629532e-03
2.337524487000000040e-01,3.044641784838536449e-03
2.338058500999999900e-01,3.044535225919873210e-03
2.338236478000000063e-01,3.044499707329409444e-03
2.338414441999999982e-01,3.044464189263581134e-03
2.338503419000000083e-01,3.044446430427386573e-03
2.339659810999999978e-01,3.044215577489872183e-03
2.340371152000000066e-01,3.044073525158107543e-03
2.340637848999999882e-01,3.044020257697092110e-03
2.340993398000000003e-01,3.043949236251313438e-03
2.341260025000000133e-01,3.043895971543683632e-03
2.341704334999999970e-01,3.043807199652892245e-03
2.342059722000000010e-01,3.043736184499968266e-03
2.342415055000000024e-01,3.043665171444508849e-03
2.342770335000000093e-01,3.043594160486566037e-03
2.343036759000000080e-01,3.043540903644403189e-03
2.343214358000000053e-01,3.043505399738339820e-03
2.344102153000000022e-01,3.043327888072708438e-03
2.344634667999999922e-01,3.043221387364483405e-03
2.344900880999999937e-01,3.043168138779790352e-03
2.345255783000000094e-01,3.043097142501425840e-03
2.345521925000000063e-01,3.043043896668787881e-03
2.345610633000000111e-01,3.043026148320094378e-03
2.345965428000000019e-01,3.042955156235336266e-03
2.346054117999999966e-01,3.042937408541706006e-03
2.346320169999999983e-01,3.042884166247328010e-03
2.346763521999999935e-01,3.042795431710635604e-03
2.347384073000000071e-01,3.042671208862410270e-03
2.348093075000000085e-01,3.042529247754610644e-03
2.348181685000000074e-01,3.042511503205686668e-03
2.348358895000000057e-01,3.042476014500878050e-03
2.348447495000000051e-01,3.042458270344994709e-03
2.348713275000000045e-01,3.042405038663401669e-03
2.349156175000000069e-01,3.042316321814208732e-03
2.349421875000000104e-01,3.042263093276719160e-03
2.350218795000000027e-01,3.042103414737998279e-03
2.350307325000000058e-01,3.042085673333089733e-03
2.351015444000000010e-01,3.041943746809093810e-03
2.351192441000000133e-01,3.041908266487955686e-03
2.351280933999999878e-01,3.041890526523783993e-03
2.351634874000000097e-01,3.041819567976981713e-03
2.352342594000000064e-01,3.041677657169761326e-03
2.352431044000000138e-01,3.041659918908182995e-03
2.353138523999999954e-01,3.041518017529918055e-03
2.353403775000000031e-01,3.041464806673867260e-03
2.353668995000000042e-01,3.041411596996181597e-03
2.353757394999999863e-01,3.041393860698834561e-03
2.354022575999999978e-01,3.041340652592557266e-03
2.354376103999999970e-01,3.041269710283945032e-03
2.354552846999999893e-01,3.041234239915101972e-03
2.354817938000000055e-01,3.041181035343989893e-03
2.355083000000000037e-01,3.041127831951329248e-03
2.355171346999999915e-01,3.041110097748911910e-03
2.355878003999999915e-01,3.040968228842717575e-03
2.356584449999999942e-01,3.040826368315102755e-03
2.356672740000000099e-01,3.040808636338120530e-03
2.357202415999999912e-01,3.040702247225862340e-03
2.357643721000000081e-01,3.040613593231873083e-03
2.358261409000000086e-01,3.040489483137627947e-03
2.358702515999999971e-01,3.040400836996850695e-03
2.359496301000000018e-01,3.040241282188624414e-03
2.359760837000000055e-01,3.040188099608232344e-03
2.360113504999999945e-01,3.040117191333049397e-03
2.360906815000000103e-01,3.039957655368952065e-03
2.361083069999999895e-01,3.039922204371857135e-03
2.361171193000000113e-01,3.039904479069637216e-03
2.361523650000000030e-01,3.039833579168912080e-03
2.361611755999999951e-01,3.039815854520830363e-03
2.362316486999999909e-01,3.039674062046456102e-03
2.362932953999999919e-01,3.039550000499943207e-03
2.363021006999999896e-01,3.039532277945091593e-03
2.363285148000000002e-01,3.039479111065672597e-03
2.363725318000000075e-01,3.039390502216383384e-03
2.363901362999999978e-01,3.039355059592351548e-03
2.363989380000000029e-01,3.039337338476473006e-03
2.364693401999999889e-01,3.039195574258962175e-03
2.365045335000000026e-01,3.039124695289498537e-03
2.365309250000000030e-01,3.039071537435694432e-03
2.365397214999999942e-01,3.039053818412661753e-03
2.365661089999999966e-01,3.039000662128248532e-03
2.365836990999999889e-01,3.038965225259330095e-03
2.366364615000000060e-01,3.038858917791282394e-03
2.366452541000000076e-01,3.038841200337681365e-03
2.366716299000000134e-01,3.038788048761482865e-03
2.367155830000000072e-01,3.038699465416542286e-03
2.367243726999999909e-01,3.038681749139937691e-03
2.367507396000000097e-01,3.038628601094396295e-03
2.367771036999999912e-01,3.038575454225894267e-03
2.367946780999999890e-01,3.038540023633978619e-03
2.368210373000000091e-01,3.038486878726834317e-03
2.368473935000000030e-01,3.038433734996384174e-03
2.368561781999999893e-01,3.038416020681006333e-03
2.369527889999999970e-01,3.038221171841782361e-03
2.370054692999999935e-01,3.038114897324521290e-03
2.370669146999999921e-01,3.037990916335681340e-03
2.371371186000000020e-01,3.037849231620367869e-03
2.371458925999999912e-01,3.037831521619136291e-03
2.371985299000000103e-01,3.037725264356788864e-03
2.372160731000000078e-01,3.037689846315023371e-03
2.372423854000000054e-01,3.037636720232546588e-03
2.373476056000000112e-01,3.037424227665412070e-03
2.373739032999999943e-01,3.037371107464032979e-03
2.374089624999999870e-01,3.037300282358562035e-03
2.374264900999999983e-01,3.037264870589814238e-03
2.374527791000000110e-01,3.037211753916783767e-03
2.374878266000000071e-01,3.037140933515499949e-03
2.375141088000000122e-01,3.037087819586496273e-03
2.375666644999999966e-01,3.036981595256393884e-03
2.375929380000000035e-01,3.036928484855227518e-03
2.376192085999999926e-01,3.036875375629941292e-03
2.376542315999999877e-01,3.036804565158713817e-03
2.376629865000000064e-01,3.036786862867464198e-03
2.376892493999999967e-01,3.036733756777750936e-03
2.376980029999999910e-01,3.036716055009054671e-03
2.377767712999999949e-01,3.036556744969942656e-03
2.378730081000000052e-01,3.036362047068806233e-03
2.378992477999999910e-01,3.036308950384301354e-03
2.379866925000000133e-01,3.036131969925514110e-03
2.380129196000000114e-01,3.036078878334597976e-03
2.380478846000000093e-01,3.036008091375110365e-03
2.380828445000000015e-01,3.035937306505161366e-03
2.381177992000000077e-01,3.035866523724547149e-03
2.381265371000000075e-01,3.035848828355891538e-03
2.381876933000000029e-01,3.035724964431401988e-03
2.381964286000000097e-01,3.035707270107332236e-03
2.382226326999999921e-01,3.035654187918720558e-03
2.382924959999999925e-01,3.035512641160499018e-03
2.383186895000000138e-01,3.035459563280515881e-03
2.383274200000000120e-01,3.035441870914938091e-03
2.383536096999999965e-01,3.035388794601692145e-03
2.383623388999999981e-01,3.035371102758307321e-03
2.384059802999999866e-01,3.035282645499893378e-03
2.384757899000000125e-01,3.035141120674754792e-03
2.385019633000000083e-01,3.035088051019315530e-03
2.385281337000000057e-01,3.035034982538516082e-03
2.385368566000000135e-01,3.035017293306071368e-03
2.386066279000000068e-01,3.034875784144932826e-03
2.386153478999999966e-01,3.034858096087173461e-03
2.386763789000000135e-01,3.034734283337220308e-03
2.386850963000000103e-01,3.034716596323513375e-03
2.387112466999999905e-01,3.034663536065592901e-03
2.387461093999999895e-01,3.034592790882062983e-03
2.387548243000000014e-01,3.034575104912463558e-03
2.387722530999999981e-01,3.034539733364710699e-03
2.388158196000000066e-01,3.034451306779114774e-03
2.388506670999999970e-01,3.034380567859547295e-03
2.388767992999999978e-01,3.034327515039886031e-03
2.388942192000000075e-01,3.034292147145899263e-03
2.389551789999999898e-01,3.034168363627291753e-03
2.389900061000000131e-01,3.034097633058435023e-03
2.390248282000000113e-01,3.034026904577199601e-03
2.390335329000000120e-01,3.034009222783014097e-03
2.390509413999999944e-01,3.033973859586103824e-03
2.390857546000000056e-01,3.033903134757823944e-03
2.391031593000000066e-01,3.033867773126433087e-03
2.391640657000000114e-01,3.033744011525751818e-03
2.392336540999999983e-01,3.033602577523313287e-03
2.392423512999999891e-01,3.033584898860087250e-03
2.392684407000000013e-01,3.033531863652634553e-03
2.393379988000000069e-01,3.033390442172104445e-03
2.393640777999999913e-01,3.033337411268840697e-03
2.393727702000000013e-01,3.033319734561971178e-03
2.393814622999999864e-01,3.033302057985541155e-03
2.394509874999999899e-01,3.033160650068774875e-03
2.394683656999999910e-01,3.033125299393772158e-03
2.394770542999999918e-01,3.033107624251848294e-03
2.395204924999999874e-01,3.033019250498202122e-03
2.395465516999999989e-01,3.032966227810908379e-03
2.395812928999999925e-01,3.032895532720085788e-03
2.396073454000000047e-01,3.032842512770971954e-03
2.396507600999999987e-01,3.032754148797092188e-03
2.397288867000000046e-01,3.032595101858110397e-03
2.397896341999999903e-01,3.032471405984243744e-03
2.398850634999999953e-01,3.032277039659921070e-03
2.398937369999999958e-01,3.032259370776201231e-03
2.399284278999999909e-01,3.032188696544872025e-03
2.399370997999999977e-01,3.032171028312856571e-03
2.399631137000000081e-01,3.032118024398984882e-03
2.399891248999999893e-01,3.032065021658353517e-03
2.399977946000000084e-01,3.032047354338726717e-03
2.400064640000000027e-01,3.032029687149452243e-03
2.400238020000000083e-01,3.031994353162099920e-03
2.400758081999999904e-01,3.031888354327656136e-03
2.401278031999999896e-01,3.031782360185089446e-03
2.401451323999999887e-01,3.031747029846858493e-03
2.401971123999999957e-01,3.031641041959645243e-03
2.402750613000000091e-01,3.031482068924767209e-03
2.403010385999999887e-01,3.031429080258545884e-03
2.403096970999999971e-01,3.031411417630434056e-03
2.403789537999999892e-01,3.031270121296038723e-03
2.404741491999999869e-01,3.031075852451208408e-03
2.404828015000000097e-01,3.031058192428861577e-03
2.404914533999999993e-01,3.031040532536672348e-03
2.405174073999999940e-01,3.030987553641956676e-03
2.405606577999999940e-01,3.030899258089417552e-03
2.406211953000000070e-01,3.030775649786911219e-03
2.406298423000000075e-01,3.030757991979054697e-03
2.406903622999999881e-01,3.030634390970717105e-03
2.406990068000000038e-01,3.030616734204847392e-03
2.407162948999999885e-01,3.030581421063877848e-03
2.407249384000000048e-01,3.030563764688649214e-03
2.407508671999999961e-01,3.030510796344624506e-03
2.407940756999999987e-01,3.030422518376058721e-03
2.408545545000000121e-01,3.030298934689727806e-03
2.408631931000000115e-01,3.030281280398318833e-03
2.408977444000000023e-01,3.030210664534909067e-03
2.409322906999999958e-01,3.030140050754952935e-03
2.409581972000000016e-01,3.030087091787279918e-03
2.409754665999999934e-01,3.030051786459819763e-03
2.410013685000000072e-01,3.029998829445356475e-03
2.410272675000000031e-01,3.029945873602591776e-03
2.410963181000000122e-01,3.029804663750974847e-03
2.411049480000000134e-01,3.029787013105359177e-03
2.411394645999999919e-01,3.029716411824922261e-03
2.411739763000000092e-01,3.029645812627541727e-03
2.411826035000000090e-01,3.029628163153717454e-03
2.412429849000000126e-01,3.029504620481506590e-03
2.412688580000000027e-01,3.029451675574597845e-03
2.413205958999999901e-01,3.029345789275383893e-03
2.413464606999999873e-01,3.029292847883014936e-03
2.413895624999999878e-01,3.029204614832203563e-03
2.414068011000000125e-01,3.029169322523016065e-03
2.414154199000000112e-01,3.029151676563598874e-03
2.414498921999999881e-01,3.029081094027668772e-03
2.414843594999999954e-01,3.029010513573983203e-03
2.415446655000000054e-01,3.028887002790537838e-03
2.415791193000000059e-01,3.028816428062955889e-03
2.415963442999999877e-01,3.028781141479874612e-03
2.416221795999999866e-01,3.028728212581337145e-03
2.416480121000000036e-01,3.028675284853863357e-03
2.416566223000000124e-01,3.028657642538256679e-03
2.416824512000000091e-01,3.028604716372329791e-03
2.417599210999999970e-01,3.028445944900371757e-03
2.418029492000000058e-01,3.028357743080804104e-03
2.418631757999999965e-01,3.028234265997738900e-03
2.419319876999999896e-01,3.028093157136694646e-03
2.419405877999999954e-01,3.028075519114434028e-03
2.419577871999999963e-01,3.028040243460312746e-03
2.420695529000000124e-01,3.027810964390068808e-03
2.421039319999999939e-01,3.027740421406205189e-03
2.421383061999999864e-01,3.027669880503280724e-03
2.421468989999999988e-01,3.027652245602707910e-03
2.421726755999999980e-01,3.027599341681352658e-03
2.421984493000000072e-01,3.027546438930250102e-03
2.423358633000000095e-01,3.027264310691628671e-03
2.423530345000000086e-01,3.027229047002333653e-03
2.423702045999999999e-01,3.027193783833302589e-03
2.424045410000000011e-01,3.027123259055331493e-03
2.424474547999999896e-01,3.027035106008504461e-03
2.424903609000000071e-01,3.026946956211906941e-03
2.425075211999999925e-01,3.026911697203320869e-03
2.425589948999999912e-01,3.026805923297803264e-03
2.426104575999999957e-01,3.026700154072184488e-03
2.426533348999999895e-01,3.026612016625728711e-03
2.426790577000000060e-01,3.026559135717791452e-03
2.426876313000000118e-01,3.026541509008369522e-03
2.427219227999999895e-01,3.026471003470665791e-03
2.427562094999999864e-01,3.026400500012675632e-03
2.427647804999999992e-01,3.026382874473223204e-03
2.427819213999999892e-01,3.026347623783982779e-03
2.427904914000000025e-01,3.026329998634323584e-03
2.428333369000000019e-01,3.026241874835595719e-03
2.428590405999999924e-01,3.026189002115970469e-03
2.428933078999999939e-01,3.026118506975816313e-03
2.429190052000000100e-01,3.026065636985237652e-03
2.429532641000000104e-01,3.025995145483875454e-03
2.429618280999999991e-01,3.025977522933446118e-03
2.429703917000000102e-01,3.025959900512833513e-03
2.430645720999999870e-01,3.025766062463202191e-03
2.431672726999999923e-01,3.025554620703336129e-03
2.431758290999999905e-01,3.025537001401149180e-03
2.432014966000000111e-01,3.025484144274238549e-03
2.432271614000000026e-01,3.025431288316572306e-03
2.432442696999999876e-01,3.025396051660938623e-03
2.432699298999999871e-01,3.025343197651812668e-03
2.433041394000000079e-01,3.025272727458464418e-03
2.433297933000000135e-01,3.025219876177332508e-03
2.434323820000000027e-01,3.025008482743478042e-03
2.434494759999999980e-01,3.024973252323048985e-03
2.435007505000000017e-01,3.024867564178498718e-03
2.435092952000000033e-01,3.024849949942308436e-03
2.435776420999999914e-01,3.024709040728287054e-03
2.435861840999999917e-01,3.024691427660919623e-03
2.436118083000000101e-01,3.024638589237992232e-03
2.436459698000000007e-01,3.024568139825586054e-03
2.437228154999999952e-01,3.024409636243910460e-03
2.437825677000000080e-01,3.024286362951875747e-03
2.437911024999999954e-01,3.024268753000900443e-03
2.438167052000000112e-01,3.024215923927116474e-03
2.438593703999999973e-01,3.024127878067466978e-03
2.438764344000000084e-01,3.024092660632421090e-03
2.438849659000000003e-01,3.024075052109567296e-03
2.439190891000000139e-01,3.024004619316626469e-03
2.439873211999999958e-01,3.023863759962033739e-03
2.440129033000000003e-01,3.023810939845944165e-03
2.440214300000000114e-01,3.023793333400102111e-03
2.440470086000000038e-01,3.023740514841790315e-03
2.440640594000000052e-01,3.023705303118448540e-03
2.441237280999999926e-01,3.023582066175779185e-03
2.441492959000000074e-01,3.023529252290064768e-03
2.442004234000000051e-01,3.023423628022822024e-03
2.442941295999999929e-01,3.023229995667655202e-03
2.443367113999999896e-01,3.023141986151576654e-03
2.444048268000000024e-01,3.023001177673459699e-03
2.444218526999999974e-01,3.022965976851523569e-03
2.444303651999999993e-01,3.022948376635177601e-03
2.444984545999999981e-01,3.022807579575472869e-03
2.445239831999999891e-01,3.022754782818816606e-03
2.445324922000000067e-01,3.022737184159489474e-03
2.445580172000000052e-01,3.022684388959633473e-03
2.445665250000000068e-01,3.022666790819230655e-03
2.446345763999999978e-01,3.022526010365849444e-03
2.446770990000000090e-01,3.022438026798681017e-03
2.447026089999999876e-01,3.022385238214997036e-03
2.447366182000000057e-01,3.022314855252763478e-03
2.447961227999999878e-01,3.022191690062503693e-03
2.448046222999999966e-01,3.022174095554174249e-03
2.448301190000000127e-01,3.022121312807358150e-03
2.448641105000000096e-01,3.022050937627411560e-03
2.448726075999999863e-01,3.022033344156611987e-03
2.449320792999999941e-01,3.021910193492687198e-03
2.449405739999999942e-01,3.021892601059339434e-03
2.449490685000000056e-01,3.021875008755803629e-03
2.450085216000000010e-01,3.021751866261890816e-03
2.450170137000000081e-01,3.021734274995724421e-03
2.451019187000000044e-01,3.021558369466145321e-03
2.451104075999999965e-01,3.021540779626371784e-03
2.451358724999999905e-01,3.021488010884962327e-03
2.452122512999999893e-01,3.021329711662074438e-03
2.452207362999999918e-01,3.021312123507697948e-03
2.452377055999999944e-01,3.021276947588122375e-03
2.452461897999999862e-01,3.021259359822787115e-03
2.452886062999999894e-01,3.021171422940603993e-03
2.453140527000000071e-01,3.021118662366975658e-03
2.453394963999999956e-01,3.021065902959969678e-03
2.453734173000000074e-01,3.020995558898878410e-03
2.454158117999999944e-01,3.020907631739043649e-03
2.454242898000000006e-01,3.020890046695914096e-03
2.454751518000000132e-01,3.020784539159293049e-03
2.454836277999999927e-01,3.020766955023537932e-03
2.454921035000000029e-01,3.020749371017386175e-03
2.455175287999999956e-01,3.020696619776522002e-03
2.455514250999999981e-01,3.020626286603186710e-03
2.456446157999999935e-01,3.020432881068454284e-03
2.456530859000000122e-01,3.020415299524637550e-03
2.456784945000000109e-01,3.020362555670781917e-03
2.456954322000000079e-01,3.020327393749595163e-03
2.457885682000000016e-01,3.020134012447358088e-03
2.458224271999999988e-01,3.020063695861158540e-03
2.458308912000000124e-01,3.020046117038498439e-03
2.458985927000000016e-01,3.019905491121431095e-03
2.459239759000000081e-01,3.019852758540152952e-03
2.459578162000000123e-01,3.019782450245656665e-03
2.460170254999999861e-01,3.019659415717798352e-03
2.460254828000000005e-01,3.019641839874833301e-03
2.460508530000000138e-01,3.019589113123225671e-03
2.460593091000000121e-01,3.019571537798358338e-03
2.461269477999999955e-01,3.019430939863039856e-03
2.461607601999999950e-01,3.019360644004047151e-03
2.461692125000000120e-01,3.019343070363003471e-03
2.462283710000000014e-01,3.019220058502882203e-03
2.463044108999999926e-01,3.019061909721591861e-03
2.463213055000000040e-01,3.019026766972558121e-03
2.463635369000000130e-01,3.018938912366151469e-03
2.463973167999999880e-01,3.018868631011901223e-03
2.464310920999999988e-01,3.018798351729517961e-03
2.464395352000000039e-01,3.018780782232632822e-03
2.464564204999999952e-01,3.018745643627269298e-03
2.464901877000000019e-01,3.018675367970399554e-03
2.465070695000000089e-01,3.018640230918740244e-03
2.465914613999999894e-01,3.018464553429037623e-03
2.466420826999999871e-01,3.018359153149536862e-03
2.466673893999999922e-01,3.018306454757388544e-03
2.466926936000000126e-01,3.018253757530443143e-03
2.467011276999999947e-01,3.018236192046951788e-03
2.467348614000000051e-01,3.018165931407706341e-03
2.467685904999999957e-01,3.018095672839575441e-03
2.468360347999999926e-01,3.017955161916224469e-03
2.468444640000000134e-01,3.017937598633197317e-03
2.468697499999999989e-01,3.017884909560856511e-03
2.469118875999999907e-01,3.017797097028813817e-03
2.469371666999999881e-01,3.017744411062625066e-03
2.469624431999999925e-01,3.017691726261169122e-03
2.469708680999999906e-01,3.017674164919479252e-03
2.469961411000000107e-01,3.017621481670906998e-03
2.470045649000000010e-01,3.017603920846924966e-03
2.470466795000000049e-01,3.017516118667976956e-03
2.470719447999999985e-01,3.017463438913420976e-03
2.471393063000000001e-01,3.017322965261387113e-03
2.471729802000000031e-01,3.017252731540799506e-03
2.472403140999999971e-01,3.017112270309841530e-03
2.472487295999999946e-01,3.017094713238244619e-03
2.472655596999999983e-01,3.017059599483122318e-03
2.473160429000000049e-01,3.016954261322347085e-03
2.473412806999999991e-01,3.016901593988498796e-03
2.473749271000000027e-01,3.016831372687776239e-03
2.474001589000000001e-01,3.016778708070500577e-03
2.474422061000000062e-01,3.016690936295336658e-03
2.474758387999999865e-01,3.016620721203606189e-03
2.475178731000000076e-01,3.016532955248979030e-03
2.475346848999999960e-01,3.016497849772612882e-03
2.476103236999999957e-01,3.016339881530753601e-03
2.476439334999999964e-01,3.016269676785751815e-03
2.476523351999999900e-01,3.016252125922759281e-03
2.476775387000000050e-01,3.016199474109846224e-03
2.477195389000000081e-01,3.016111723674743533e-03
2.477699295999999940e-01,3.016006427419696753e-03
2.477783271000000009e-01,3.015988878496491960e-03
2.478371014000000094e-01,3.015866039654180406e-03
2.478454965999999926e-01,3.015848491765340915e-03
2.478538915000000065e-01,3.015830944005773451e-03
2.478790744999999907e-01,3.015778301502838963e-03
2.479881714000000126e-01,3.015550197436061945e-03
2.480468959999999889e-01,3.015427381218762932e-03
2.480552839999999870e-01,3.015409836561816059e-03
2.480720593999999890e-01,3.015374747636059317e-03
2.481056066000000004e-01,3.015304571335439363e-03
2.481223785999999987e-01,3.015269483960827251e-03
2.481475343000000000e-01,3.015216853868101909e-03
2.481726874999999888e-01,3.015164224938731135e-03
2.481810714000000084e-01,3.015146682220866837e-03
2.482062211999999934e-01,3.015094054842493675e-03
2.482565132000000008e-01,3.014988803575422045e-03
2.482816552999999871e-01,3.014936179686524085e-03
2.483486886999999865e-01,3.014795855002759366e-03
2.483738215000000082e-01,3.014743235378541594e-03
2.483821985999999926e-01,3.014725695762338585e-03
2.484575793000000088e-01,3.014567845030725196e-03
2.484743275000000085e-01,3.014532768511783180e-03
2.484827011000000085e-01,3.014515230446023538e-03
2.485161928999999881e-01,3.014445079475363935e-03
2.485245651999999916e-01,3.014427542055787921e-03
2.485496802000000116e-01,3.014374930571992513e-03
2.485747927999999995e-01,3.014322320251182612e-03
2.487086833999999913e-01,3.014041751510048491e-03
2.487254145999999999e-01,3.014006682742634627e-03
2.487505094000000139e-01,3.013954080560485478e-03
2.488759453000000121e-01,3.013691087087249938e-03
2.488843054000000055e-01,3.013673555222261963e-03
2.489093842000000001e-01,3.013620960402471367e-03
2.489261020000000102e-01,3.013585897835042472e-03
2.489511765000000099e-01,3.013533304952384622e-03
2.489846052999999948e-01,3.013463182916959002e-03
2.490096739000000059e-01,3.013410592746303216e-03
2.490598036999999987e-01,3.013305415891911598e-03
2.490848647999999999e-01,3.013252829207978441e-03
2.491099233000000079e-01,3.013200243686087968e-03
2.491182755999999943e-01,3.013182715437078170e-03
2.491266276000000113e-01,3.013165187317162590e-03
2.491767337999999943e-01,3.013060021309306880e-03
2.491934336000000139e-01,3.013024967006252414e-03
2.492518742000000009e-01,3.012902281012712694e-03
2.492602217999999870e-01,3.012884754958720501e-03
2.492769159999999873e-01,3.012849703237826214e-03
2.492852627000000099e-01,3.012832177571059863e-03
2.493854013000000036e-01,3.012621879639365736e-03
2.494104296000000109e-01,3.012569308060886793e-03
2.494604787999999962e-01,3.012464168389343121e-03
2.494854995999999936e-01,3.012411600296076297e-03
2.495271954000000125e-01,3.012323989388815577e-03
2.495522095999999912e-01,3.012271424393369364e-03
2.495855579000000046e-01,3.012201339539584324e-03
2.496439065999999929e-01,3.012078696014085406e-03
2.496522411000000052e-01,3.012061176026776393e-03
2.496605752000000122e-01,3.012043656168352564e-03
2.497105742999999878e-01,3.011938539728280760e-03
2.497189065000000041e-01,3.011921020773248008e-03
2.497522325000000043e-01,3.011850946243492793e-03
2.497772241000000004e-01,3.011798391701099066e-03
2.497938838000000050e-01,3.011763355984707190e-03
2.498605114000000127e-01,3.011623218280199202e-03
2.498854920999999951e-01,3.011570668769823246e-03
2.499520953000000101e-01,3.011430542419211813e-03
2.499770668999999890e-01,3.011377997166404547e-03
2.499853901999999906e-01,3.011360482340133798e-03
