q,I
2.039995199999999811e-03,5.364554815433678590e-03
2.884988900000000096e-03,5.364281550330143693e-03
4.079990399999999622e-03,5.363735065372250699e-03
4.561568000000000220e-03,5.363461845515723331e-03
5.769977800000000191e-03,5.362642276426229059e-03
6.119985599999999866e-03,5.362369116888076985e-03
6.451031299999999968e-03,5.362095972425352797e-03
7.355307299999999833e-03,5.361276629490467453e-03
8.159980799999999243e-03,5.360457422220846722e-03
8.411115699999999196e-03,5.360184383271930295e-03
8.654966599999999385e-03,5.359911359389739512e-03
9.123135799999999504e-03,5.359365356840960909e-03
1.019997589999999989e-02,5.358000614124869797e-03
1.040197520000000000e-02,5.357727710778471299e-03
1.098571020000000016e-02,5.356909091088291400e-03
1.153995529999999985e-02,5.356090606925533251e-03
1.189511369999999950e-02,5.355545026109773815e-03
1.223997100000000053e-02,5.354999505525408904e-03
1.240880609999999926e-02,5.354726767803500223e-03
1.290206219999999980e-02,5.353908644946506895e-03
1.306234239999999949e-02,5.353635967413256959e-03
1.368470339999999959e-02,5.352545407827083955e-03
1.427996599999999984e-02,5.351455088975563650e-03
1.442494390000000071e-02,5.351182546847523328e-03
1.471061409999999993e-02,5.350637507721436176e-03
1.485138870000000076e-02,5.350365010752126775e-03
1.553614000000000037e-02,5.349002751316386979e-03
1.593287120000000043e-02,5.348185576041982435e-03
1.631996089999999955e-02,5.347368536131046589e-03
1.644696630000000090e-02,5.347096219504608033e-03
1.682223050000000025e-02,5.346279359877092324e-03
1.730993239999999850e-02,5.345190423963623420e-03
1.742972569999999902e-02,5.344918227602710702e-03
1.754870130000000042e-02,5.344646046173699185e-03
1.824627070000000087e-02,5.343013273232916083e-03
1.835995569999999966e-02,5.342741197026478275e-03
1.847294110000000100e-02,5.342469135761840869e-03
1.880782519999999944e-02,5.341653041989941932e-03
1.924527490000000132e-02,5.340565127133762094e-03
1.935309240000000069e-02,5.340293186001240748e-03
2.009162109999999835e-02,5.338390017731709479e-03
2.019492059999999922e-02,5.338118196486264962e-03
2.039995039999999843e-02,5.337574599185274625e-03
2.050169640000000168e-02,5.337302823093636149e-03
2.080394890000000080e-02,5.336487584489749136e-03
2.100303430000000082e-02,5.335944166959310543e-03
2.129817330000000064e-02,5.335129153320026900e-03
2.168544450000000137e-02,5.334042678055565465e-03
2.197141860000000058e-02,5.333227979153090485e-03
2.206591980000000008e-02,5.332956442699735185e-03
2.243994499999999934e-02,5.331870447211038005e-03
2.253248119999999924e-02,5.331598985729894304e-03
2.280783739999999934e-02,5.330784691077038347e-03
2.307990860000000075e-02,5.329970531109284870e-03
2.325952140000000015e-02,5.329427832866338692e-03
2.379022509999999951e-02,5.327800097003807488e-03
2.387752890000000017e-02,5.327528860190737861e-03
2.447993949999999891e-02,5.325630620795705240e-03
2.456479220000000116e-02,5.325359503385858166e-03
2.464935279999999965e-02,5.325088401079563181e-03
2.481760959999999849e-02,5.324546241534645029e-03
2.490131170000000130e-02,5.324275183837532711e-03
2.523334379999999863e-02,5.323191103903482727e-03
2.556106320000000112e-02,5.322107262726651598e-03
2.580412149999999905e-02,5.321294539052433617e-03
2.596489630000000173e-02,5.320752797625208710e-03
2.612468180000000056e-02,5.320211116244705739e-03
2.651993379999999928e-02,5.318857174444783890e-03
2.659827940000000085e-02,5.318586430800167388e-03
2.683194360000000153e-02,5.317774289742566683e-03
2.721692649999999866e-02,5.316421019620451958e-03
2.736940339999999888e-02,5.315879815853467166e-03
2.744532419999999931e-02,5.315609236288818158e-03
2.774693010000000085e-02,5.314527068192404294e-03
2.834051430000000121e-02,5.312363447651537868e-03
2.841384049999999897e-02,5.312093062399821791e-03
2.855992799999999832e-02,5.311552336541903487e-03
2.863269220000000045e-02,5.311281995832486079e-03
2.884988380000000005e-02,5.310471062965280327e-03
2.899377430000000047e-02,5.309930515368929856e-03
2.920828110000000047e-02,5.309119806708560360e-03
2.942122390000000143e-02,5.308309231463048151e-03
2.970277299999999829e-02,5.307228673907858976e-03
3.012016249999999867e-02,5.305608283553597988e-03
3.032670299999999999e-02,5.304798289574458488e-03
3.059992200000000162e-02,5.303718506107762271e-03
3.066784640000000048e-02,5.303448597926152704e-03
3.087072290000000135e-02,5.302638961199018959e-03
3.107227489999999856e-02,5.301829458059780301e-03
3.113916889999999993e-02,5.301559653330929246e-03
3.120591959999999970e-02,5.301289864279432572e-03
3.166923519999999964e-02,5.299401753420863483e-03
3.173487090000000344e-02,5.299132082102297851e-03
3.186573689999999681e-02,5.298592785495925654e-03
3.193096869999999948e-02,5.298323159793548801e-03
3.225514909999999819e-02,5.296975252751958893e-03
3.263991580000000226e-02,5.295358255401731891e-03
3.270360349999999749e-02,5.295088807733232608e-03
3.289392669999999935e-02,5.294280553501512152e-03
3.295712349999999763e-02,5.294011165189284503e-03
3.320870809999999784e-02,5.292933760691064492e-03
3.345840099999999873e-02,5.291856593461074718e-03
3.364445469999999966e-02,5.291048875079945590e-03
3.376792089999999802e-02,5.290510469398798481e-03
3.395227840000000080e-02,5.289702972543996150e-03
3.419654240000000178e-02,5.288626518833780890e-03
3.461985769999999935e-02,5.286743294036218982e-03
3.467990950000000155e-02,5.286474322085476553e-03
3.473985749999999872e-02,5.286205364208748647e-03
3.485944419999999905e-02,5.285667493109744847e-03
3.491908400000000301e-02,5.285398580274896022e-03
3.509739530000000052e-02,5.284591928017903784e-03
3.521576790000000012e-02,5.284054235819977963e-03
3.562697489999999689e-02,5.282172775798538167e-03
3.568533189999999883e-02,5.281904054506158727e-03
3.609118929999999975e-02,5.280023424096688331e-03
3.614879690000000201e-02,5.279754822987579345e-03
3.632107169999999885e-02,5.278949104205447884e-03
3.649253310000000194e-02,5.278143520172476170e-03
3.671990299999999818e-02,5.277069615769244305e-03
3.677652580000000115e-02,5.276801175706630903e-03
3.694587359999999820e-02,5.275995947021771236e-03
3.722640800000000250e-02,5.274654193966603344e-03
3.744932249999999990e-02,5.273581056712878593e-03
3.750484409999999685e-02,5.273312809763167595e-03
3.761564139999999667e-02,5.272776360139578601e-03
3.794609239999999911e-02,5.271167364974077216e-03
3.811024350000000172e-02,5.270363068462565609e-03
3.832801789999999709e-02,5.269290877713678038e-03
3.849054019999999937e-02,5.268486889816090778e-03
3.870617500000000238e-02,5.267415114212373184e-03
3.875989619999999775e-02,5.267147207747176901e-03
3.881354310000000030e-02,5.266879315288998387e-03
3.897404079999999826e-02,5.266075725502554136e-03
3.918701509999999999e-02,5.265004479596246609e-03
3.924007809999999902e-02,5.264736706461035400e-03
3.939883820000000120e-02,5.263933471831065691e-03
3.960952859999999909e-02,5.262862698955063194e-03
4.007953250000000078e-02,5.260454323839836369e-03
4.018323120000000248e-02,5.259919290709811311e-03
4.023498040000000192e-02,5.259651796113626147e-03
4.038983000000000156e-02,5.258849401714938560e-03
4.049273419999999818e-02,5.258314546236609807e-03
4.064660190000000256e-02,5.257512375085386137e-03
4.079988930000000291e-02,5.256710334240521053e-03
4.085085730000000137e-02,5.256443018522426180e-03
4.100338109999999980e-02,5.255641155109955394e-03
4.105409649999999799e-02,5.255373895238271351e-03
4.125633449999999841e-02,5.254305010648416957e-03
4.130673929999999910e-02,5.254037824527349639e-03
4.160788569999999964e-02,5.252435026793626088e-03
4.185718599999999762e-02,5.251099763355908390e-03
4.200605599999999995e-02,5.250298784022988489e-03
4.205556230000000173e-02,5.250031820526700893e-03
4.244953370000000004e-02,5.247896637545302299e-03
4.259633349999999985e-02,5.247096188645669970e-03
4.283988209999999713e-02,5.245762399203086554e-03
4.288842589999999899e-02,5.245495684294478045e-03
4.303372860000000133e-02,5.244695630179051042e-03
4.322670569999999962e-02,5.243629097582253561e-03
4.327481560000000227e-02,5.243362501149803623e-03
4.337087509999999757e-02,5.242829350416346179e-03
4.361009829999999698e-02,5.241496738099248390e-03
4.365778569999999997e-02,5.241230256525110549e-03
4.380053619999999676e-02,5.240430908549322496e-03
4.394282299999999891e-02,5.239631692543387891e-03
4.403742540000000344e-02,5.239098955730619837e-03
4.413182499999999953e-02,5.238566274469610290e-03
4.455414840000000015e-02,5.236169946980616038e-03
4.474056810000000273e-02,5.235105291189625677e-03
4.478705179999999814e-02,5.234839164436695842e-03
4.487987470000000256e-02,5.234306957481598549e-03
4.492621420000000171e-02,5.234040872837368921e-03
4.506494700000000103e-02,5.233242713881420920e-03
4.515719859999999669e-02,5.232710678847455471e-03
4.529522390000000065e-02,5.231912737547673997e-03
4.561565869999999884e-02,5.230051388782444056e-03
4.584316940000000146e-02,5.228722292052895640e-03
4.602436819999999873e-02,5.227659280771406944e-03
4.615980060000000190e-02,5.226862171353372118e-03
4.624986849999999927e-02,5.226330840508307436e-03
4.651902589999999671e-02,5.224737200576093192e-03
4.656373419999999819e-02,5.224471644371809879e-03
4.660839960000000282e-02,5.224206104081879735e-03
4.691986699999999705e-02,5.222347728221761985e-03
4.696419369999999677e-02,5.222082302204080623e-03
4.709692359999999994e-02,5.221286118738310313e-03
4.731731260000000133e-02,5.219959437267193518e-03
4.744905459999999853e-02,5.219163600979853310e-03
4.758043189999999756e-02,5.218367897791811177e-03
4.762414379999999753e-02,5.218102693912829611e-03
4.775503939999999753e-02,5.217307167485226230e-03
4.779859160000000246e-02,5.217042018391486111e-03
4.801576009999999894e-02,5.215716508732954650e-03
4.814559110000000280e-02,5.214921372310103720e-03
4.836120139999999790e-02,5.213596443902643839e-03
4.849010740000000291e-02,5.212801662822598436e-03
4.866145090000000006e-02,5.211742154549484432e-03
4.895985910000000274e-02,5.209888584979379365e-03
4.900234049999999814e-02,5.209623847014302478e-03
4.904478510000000180e-02,5.209359120892360570e-03
4.912956429999999763e-02,5.208829718079205362e-03
4.929868529999999888e-02,5.207771086688434137e-03
4.934087499999999932e-02,5.207506466238256970e-03
4.938302859999999656e-02,5.207241856570551074e-03
4.963519859999999950e-02,5.205654526489815817e-03
4.967710250000000050e-02,5.205390020183630652e-03
4.980260260000000244e-02,5.204596590477218905e-03
5.001106959999999935e-02,5.203274507456422289e-03
5.017721960000000314e-02,5.202217097163727016e-03
5.038413659999999711e-02,5.200895665189195910e-03
5.046666589999999897e-02,5.200367196615799173e-03
5.050787989999999672e-02,5.200102978449291924e-03
5.067240099999999886e-02,5.199046269427262321e-03
5.099985089999999749e-02,5.196933552096097073e-03
5.104063439999999979e-02,5.196669530400480595e-03
5.112210379999999887e-02,5.196141520546609764e-03
5.116278989999999832e-02,5.195877542167824312e-03
5.136573690000000025e-02,5.194557856612714609e-03
5.148712109999999814e-02,5.193766213812311440e-03
5.160821980000000059e-02,5.192974709835099061e-03
5.164852290000000040e-02,5.192710904866324785e-03
5.192976900000000062e-02,5.190864659164376622e-03
5.200984570000000140e-02,5.190337295447395444e-03
5.212973010000000046e-02,5.189546353416109488e-03
5.224933949999999855e-02,5.188755541996775342e-03
5.228914839999999897e-02,5.188491971087822938e-03
5.244808220000000271e-02,5.187437820236183265e-03
5.264607470000000344e-02,5.186120451445145815e-03
5.292201970000000311e-02,5.184276752273477701e-03
5.296132299999999765e-02,5.184013427281032073e-03
5.303984240000000211e-02,5.183486814668528987e-03
5.307905849999999814e-02,5.183223532674863243e-03
5.319653330000000124e-02,5.182433763678780114e-03
5.339175040000000011e-02,5.181117775978370810e-03
5.354741159999999722e-02,5.180065246193008011e-03
5.366386120000000287e-02,5.179276005812282965e-03
5.385738429999999827e-02,5.177960882901497253e-03
5.389600549999999657e-02,5.177697902860251174e-03
5.401170360000000226e-02,5.176909053704405878e-03
5.420398480000000047e-02,5.175594585004769828e-03
5.431902689999999756e-02,5.174806075061022179e-03
5.443382580000000193e-02,5.174017704114150171e-03
5.473877910000000263e-02,5.171916000367902250e-03
5.481475239999999971e-02,5.171390716991689646e-03
5.489062050000000081e-02,5.170865494396474464e-03
5.492851530000000121e-02,5.170602908647264039e-03
5.507983360000000272e-02,5.169552698683461782e-03
5.511759819999999949e-02,5.169290177344854943e-03
5.523073729999999903e-02,5.168502715618778810e-03
5.541878909999999742e-02,5.167190561790021945e-03
5.549383139999999881e-02,5.166665796697612369e-03
5.568099469999999995e-02,5.165354150273429590e-03
5.571835189999999743e-02,5.165091862638366248e-03
5.601631270000000107e-02,5.162994091926752412e-03
5.612764020000000215e-02,5.162207666668392619e-03
5.627573429999999793e-02,5.161159294947506755e-03
5.642343970000000125e-02,5.160111163149271214e-03
5.657075939999999664e-02,5.159063258020041287e-03
5.668099790000000193e-02,5.158277479368749731e-03
5.671769649999999774e-02,5.158015580787889305e-03
5.682764989999999905e-02,5.157229980914787917e-03
5.690083420000000003e-02,5.156706318706373408e-03
5.711982439999999800e-02,5.155135674128996474e-03
5.715624119999999919e-02,5.154873945897957103e-03
5.726535270000000094e-02,5.154088864128260512e-03
5.744674450000000071e-02,5.152780674360698393e-03
5.748295419999999850e-02,5.152519075052185323e-03
5.759144669999999994e-02,5.151734379434084674e-03
5.769973510000000333e-02,5.150949813099481994e-03
5.773578619999999995e-02,5.150688315191511400e-03
5.777181470000000013e-02,5.150426834018653234e-03
5.798751569999999883e-02,5.148858260091820557e-03
5.802338790000000079e-02,5.148596889824434697e-03
5.805923799999999912e-02,5.148335523113474824e-03
5.834524540000000231e-02,5.146245120596967988e-03
5.841652840000000069e-02,5.145722670662200397e-03
5.845213739999999963e-02,5.145461460837654974e-03
5.873623160000000093e-02,5.143372331767786208e-03
5.884241330000000020e-02,5.142589139682262646e-03
5.887776470000000151e-02,5.142328112566243482e-03
5.915981499999999754e-02,5.140240354315606282e-03
5.919497680000000012e-02,5.139979456874408346e-03
5.930033710000000291e-02,5.139196823341899388e-03
5.940551060000000272e-02,5.138414327749206249e-03
5.947552290000000103e-02,5.137892732082357215e-03
5.958038699999999854e-02,5.137110443137370835e-03
5.971991950000000299e-02,5.136067609194230020e-03
5.999801099999999693e-02,5.133982604052110890e-03
6.003268190000000254e-02,5.133722049424671238e-03
6.024028800000000294e-02,5.132158981387139468e-03
6.027481950000000005e-02,5.131898523008673017e-03
6.041274809999999662e-02,5.130856830584877397e-03
6.055036250000000314e-02,5.129815354854047431e-03
6.058471719999999894e-02,5.129555021596813799e-03
6.065336839999999757e-02,5.129034405806053021e-03
6.085885719999999804e-02,5.127472892520748386e-03
6.113176780000000032e-02,5.125391674166799617e-03
6.119980530000000002e-02,5.124871512676767819e-03
6.123379560000000166e-02,5.124611456341308761e-03
6.133565380000000067e-02,5.123831368829386002e-03
6.136956899999999882e-02,5.123571362473032000e-03
6.150504259999999696e-02,5.122531501285881340e-03
6.167396609999999807e-02,5.121231980905975763e-03
6.174140610000000001e-02,5.120712287109743452e-03
6.194328550000000044e-02,5.119153515037557292e-03
6.204397889999999777e-02,5.118374319951589715e-03
6.214450920000000322e-02,5.117595257752479039e-03
6.217798310000000050e-02,5.117335592642535506e-03
6.227829700000000329e-02,5.116556703321080597e-03
6.241179809999999883e-02,5.115518389507623526e-03
6.244512879999999933e-02,5.115258833938297889e-03
6.257827400000000317e-02,5.114220804545903040e-03
6.284371810000000114e-02,5.112145413168510920e-03
6.297602060000000168e-02,5.111108060420108644e-03
6.300905280000000663e-02,5.110848756107431307e-03
6.323979509999999582e-02,5.109034048421860416e-03
6.327268960000000109e-02,5.108774856943424161e-03
6.333842739999999416e-02,5.108256522589658434e-03
6.337127069999999585e-02,5.107997374429195520e-03
6.346969869999999347e-02,5.107220014912240702e-03
6.353523260000000505e-02,5.106701858773650231e-03
6.373143000000000558e-02,5.105147704955375308e-03
6.376407089999999722e-02,5.104888743292867494e-03
6.386189339999999437e-02,5.104111896270948669e-03
6.389446769999999887e-02,5.103852983420451711e-03
6.402459889999999321e-02,5.102817449887273211e-03
6.405709029999999415e-02,5.102558605068805916e-03
6.441341509999999604e-02,5.099712237217992813e-03
6.451025289999999524e-02,5.098936245028506259e-03
6.479989830000000561e-02,5.096609056629674249e-03
6.483200120000000288e-02,5.096350556299989072e-03
6.492821479999999479e-02,5.095575115979811449e-03
6.505627819999999784e-02,5.094541407593340329e-03
6.508825470000000057e-02,5.094283018598016154e-03
6.518409000000000009e-02,5.093507935124074251e-03
6.527978469999999589e-02,5.092732979888728306e-03
6.531165170000000075e-02,5.092474681391398646e-03
6.540715969999999491e-02,5.091699896001187185e-03
6.556603060000000538e-02,5.090408860531372114e-03
6.569285060000000509e-02,5.089376276068819337e-03
6.578780519999999354e-02,5.088602001319647745e-03
6.585103220000000646e-02,5.088085887075985587e-03
6.591419860000000130e-02,5.087569824592747501e-03
6.607185029999999848e-02,5.086279930630535281e-03
6.619770129999999475e-02,5.085248252953197996e-03
6.635467940000000509e-02,5.083958988017263023e-03
6.641736669999999398e-02,5.083443389644393129e-03
6.644868819999999454e-02,5.083185611753632607e-03
6.660507479999999703e-02,5.081896907994406902e-03
6.669873070000000015e-02,5.081123865472867741e-03
6.682340109999999889e-02,5.080093334737641186e-03
6.691675140000000188e-02,5.079320576779257183e-03
6.710306259999999912e-02,5.077775468198120548e-03
6.728885780000000427e-02,5.076230862799855151e-03
6.731977379999999622e-02,5.075973481511980578e-03
6.735067570000000114e-02,5.075716102482303108e-03
6.744329620000000247e-02,5.074944081768933274e-03
6.753578970000000126e-02,5.074172170300710223e-03
6.756659280000000545e-02,5.073914895866078051e-03
6.759738179999999486e-02,5.073657650256929545e-03
6.781251330000000188e-02,5.071857232749778580e-03
6.790450389999999614e-02,5.071085833379419643e-03
6.793513980000000230e-02,5.070828727968252833e-03
6.808811230000000325e-02,5.069543443896114450e-03
6.817973099999999342e-02,5.068772416763026901e-03
6.839303080000000423e-02,5.066973897337448060e-03
6.842344790000000343e-02,5.066717019673139949e-03
6.854498139999999629e-02,5.065689644338575506e-03
6.857533120000000593e-02,5.065432843675088913e-03
6.881764710000000396e-02,5.063378912576135642e-03
6.902897569999999483e-02,5.061582446483176186e-03
6.923965930000000601e-02,5.059786672490771547e-03
6.926970470000000379e-02,5.059530206514530754e-03
6.929973700000000014e-02,5.059273723311918589e-03
6.935976259999999949e-02,5.058760841022973305e-03
6.938975599999999688e-02,5.058504419234680950e-03
6.947965829999999676e-02,5.057735223565892196e-03
6.962923760000000462e-02,5.056453521040229875e-03
6.971883119999999767e-02,5.055684667266420462e-03
6.977849630000000636e-02,5.055172165285194523e-03
6.983811040000000026e-02,5.054659734189461372e-03
7.010574679999999337e-02,5.052354440109363236e-03
7.019473210000000407e-02,5.051586245194317377e-03
7.025399309999999509e-02,5.051074202740828481e-03
7.034279089999999346e-02,5.050306237702821902e-03
7.043147669999999527e-02,5.049538405853332829e-03
7.046101389999999409e-02,5.049282479327246720e-03
7.069686679999999390e-02,5.047235624773709073e-03
7.072629310000000391e-02,5.046979835955345793e-03
7.081449859999999763e-02,5.046212549457113929e-03
7.096126429999999319e-02,5.044934014471841310e-03
7.104917809999999889e-02,5.044167046129637878e-03
7.116622760000000658e-02,5.043144642199463151e-03
7.125388859999999547e-02,5.042377988353453563e-03
7.137060239999999667e-02,5.041355961885466211e-03
7.139975099999999741e-02,5.041100496291238756e-03
7.142888779999999327e-02,5.040845054748904590e-03
7.151622679999999899e-02,5.040078773093436409e-03
7.163251310000000316e-02,5.039057251851531381e-03
7.166155520000000445e-02,5.038801917550610014e-03
7.174861100000000380e-02,5.038035967818030314e-03
7.186452140000000599e-02,5.037014899341785319e-03
7.209578290000000222e-02,5.034973442134433978e-03
7.212463850000000454e-02,5.034718325155228789e-03
7.218231499999999690e-02,5.034208118606834509e-03
7.229752999999999874e-02,5.033187912252446924e-03
7.235506869999999702e-02,5.032677874906224882e-03
7.244129109999999927e-02,5.031912944978009401e-03
7.264207849999999855e-02,5.030128572988463997e-03
7.281374140000000661e-02,5.028599686038859318e-03
7.289942130000000298e-02,5.027835417218660258e-03
7.298500049999999406e-02,5.027071271777095764e-03
7.304199769999999980e-02,5.026561909798975443e-03
7.312741009999999819e-02,5.025797987834925221e-03
7.324113840000000264e-02,5.024779623289401045e-03
7.343973900000000388e-02,5.022998009011429496e-03
7.346806670000000095e-02,5.022743547841978032e-03
7.355298439999999327e-02,5.021980237960742798e-03
7.358126850000000496e-02,5.021725818207765750e-03
7.369429630000000342e-02,5.020708349305852934e-03
7.372252619999999923e-02,5.020454020840358668e-03
7.389167900000000178e-02,5.018928306467022524e-03
7.391983359999999836e-02,5.018674049002257859e-03
7.394797729999999514e-02,5.018419831856211176e-03
7.414468470000000477e-02,5.016640669451268887e-03
7.417274320000000198e-02,5.016386538786074198e-03
7.425685499999999661e-02,5.015624292600496560e-03
7.445274629999999727e-02,5.013846203329908220e-03
7.470385179999999847e-02,5.011561056864013812e-03
7.481518369999999585e-02,5.010545821133782426e-03
7.484299079999999493e-02,5.010292045051612138e-03
7.489857399999999554e-02,5.009784521121811267e-03
7.500961690000000626e-02,5.008769663795009999e-03
7.506507669999999688e-02,5.008262308859858999e-03
7.523121089999999789e-02,5.006740616344041751e-03
7.525886430000000571e-02,5.006487040877230857e-03
7.547972660000000500e-02,5.004459009261589923e-03
7.550728900000000521e-02,5.004205559727356763e-03
7.558991580000000432e-02,5.003445326123395244e-03
7.569994450000000485e-02,5.002431853047841458e-03
7.572742679999999726e-02,5.002178517560723799e-03
7.580981359999999780e-02,5.001418599193295338e-03
7.589211099999999821e-02,5.000658801300292451e-03
7.591952370000000505e-02,5.000405580728592252e-03
7.616579349999999526e-02,4.998127098123705987e-03
7.622041209999999567e-02,4.997620919977893705e-03
7.638403350000000369e-02,4.996102703147520772e-03
7.646571289999999632e-02,4.995343799862423002e-03
7.657448329999999581e-02,4.994332098291262914e-03
7.665595969999999815e-02,4.993573488947338629e-03
7.668309930000000163e-02,4.993320639765200762e-03
7.679156169999999670e-02,4.992309397087054540e-03
7.681865340000000597e-02,4.992056635545628202e-03
7.689987119999999732e-02,4.991298379223441627e-03
7.698100330000000324e-02,4.990540247943530197e-03
7.711603370000000290e-02,4.989276985860965734e-03
7.722388809999999881e-02,4.988266651706978194e-03
7.741227159999999885e-02,4.986499054743165002e-03
7.751971380000000078e-02,4.985489318441197089e-03
7.754655109999999962e-02,4.985236900581322718e-03
7.762700729999999494e-02,4.984479792457887498e-03
7.768059839999999494e-02,4.983975097809219788e-03
7.776091590000000497e-02,4.983218196554886278e-03
7.789459440000000290e-02,4.981956916754682642e-03
7.794800159999999700e-02,4.981452528847452738e-03
7.808135970000000536e-02,4.980191760396656363e-03
7.810800410000000304e-02,4.979939637740207932e-03
7.818788249999999995e-02,4.979183412003817220e-03
7.837394890000000391e-02,4.977419283927085256e-03
7.848007460000000490e-02,4.976411547264207938e-03
7.850658350000000452e-02,4.976159637306014349e-03
7.871833409999999531e-02,4.974144895023185561e-03
7.874476290000000100e-02,4.973893121078811104e-03
7.879759379999999591e-02,4.973389607943147148e-03
7.882399599999999340e-02,4.973137880392766372e-03
7.921897310000000636e-02,4.969363450057908554e-03
7.935019529999999544e-02,4.968105995785963673e-03
7.937641369999999530e-02,4.967854549148761033e-03
7.945501689999999451e-02,4.967100278565518209e-03
7.955970049999999683e-02,4.966094805807141389e-03
7.958584990000000525e-02,4.965843478999100967e-03
7.966424649999999386e-02,4.965089534226358250e-03
7.979473639999999646e-02,4.963833256330362279e-03
7.997706450000000022e-02,4.962075045129531008e-03
8.000307750000000551e-02,4.961823930920689248e-03
8.015897800000000573e-02,4.960317519820402546e-03
8.021087740000000521e-02,4.959815497469162449e-03
8.028866380000000691e-02,4.959062536962225744e-03
8.036637480000000111e-02,4.958309725081825464e-03
8.039226180000000332e-02,4.958058801810009443e-03
8.046987279999999465e-02,4.957306155913725372e-03
8.049572650000000329e-02,4.957055323691897213e-03
8.070225790000000454e-02,4.955048961354603654e-03
8.077957099999999446e-02,4.954296783169452427e-03
8.083107209999999820e-02,4.953795430845394504e-03
8.090826210000000296e-02,4.953043471136140373e-03
8.098537860000000477e-02,4.952291641084813865e-03
8.121628870000000000e-02,4.950036928901587266e-03
8.124190489999999487e-02,4.949786455001133414e-03
8.129311300000000018e-02,4.949285599866196962e-03
8.144654410000000400e-02,4.947783303521465642e-03
8.152315139999999349e-02,4.947032331888759175e-03
8.159968680000000141e-02,4.946281502309537136e-03
8.162518259999999859e-02,4.946031273736509193e-03
8.165067049999999438e-02,4.945781029056038614e-03
8.170162240000000686e-02,4.945280601786875355e-03
8.182886339999999314e-02,4.944029756288703496e-03
8.193051390000000156e-02,4.943029313843004362e-03
8.200666909999999865e-02,4.942279148699142352e-03
8.205739989999999429e-02,4.941779066745479246e-03
8.210809939999999529e-02,4.941279080662911924e-03
8.213343739999999504e-02,4.941029119196292153e-03
8.223471150000000174e-02,4.940029334700937400e-03
8.233586090000000191e-02,4.939029767262272108e-03
8.251257400000000519e-02,4.937281113954255715e-03
8.253778790000000642e-02,4.937031321837804382e-03
8.261338329999999563e-02,4.936282143888724022e-03
8.266374179999999572e-02,4.935782765308567056e-03
8.283975550000000077e-02,4.934035313211185096e-03
8.304045720000000075e-02,4.932039051502074348e-03
8.306551080000000586e-02,4.931789585319398643e-03
8.321567409999999776e-02,4.930293067312378416e-03
8.324067490000000569e-02,4.930043674110803041e-03
8.326566829999999808e-02,4.929794306370786743e-03
8.334060340000000455e-02,4.929046317964375611e-03
8.363967260000000625e-02,4.926055558274411439e-03
8.366454680000000310e-02,4.925806407255504081e-03
8.371427300000000571e-02,4.925308136498785135e-03
8.373912499999999759e-02,4.925059058071908254e-03
8.386327459999999567e-02,4.923813755298207633e-03
8.393767620000000540e-02,4.923066731097928972e-03
8.401201190000000263e-02,4.922319832315874728e-03
8.403677589999999920e-02,4.922070923179019085e-03
8.411102400000000645e-02,4.921324170512123009e-03
8.425932399999999656e-02,4.919831098570712734e-03
8.433337620000000423e-02,4.919084704404333257e-03
8.445665230000000412e-02,4.917841034787410852e-03
8.453053160000000010e-02,4.917095028570042832e-03
8.462893709999999570e-02,4.916100505051605209e-03
8.484993209999999730e-02,4.913863620646529914e-03
8.489896399999999343e-02,4.913366664521366493e-03
8.492346929999999849e-02,4.913118232086369393e-03
8.502141990000000593e-02,4.912124572346348618e-03
8.511925789999999492e-02,4.911131128648029733e-03
8.519256259999999359e-02,4.910386227116032669e-03
8.521698349999999589e-02,4.910137932197244925e-03
8.524139740000000187e-02,4.909889667489525204e-03
8.541209930000000228e-02,4.908152136653275328e-03
8.543645739999999877e-02,4.907903981365545169e-03
8.563107309999999639e-02,4.905919212731589193e-03
8.567965800000000576e-02,4.905423156999283267e-03
8.570394000000000623e-02,4.905175124393854058e-03
8.577674509999999586e-02,4.904431179331339603e-03
8.580099970000000520e-02,4.904183212443329748e-03
8.589794970000000363e-02,4.903191542805958487e-03
8.599479040000000685e-02,4.902200046483787092e-03
8.606734940000000667e-02,4.901456586497337890e-03
8.609152209999999805e-02,4.901208785730881180e-03
8.628466029999999620e-02,4.899226945431159157e-03
8.645330230000000671e-02,4.897493512129393739e-03
8.654952159999999839e-02,4.896503286222934209e-03
8.657355969999999679e-02,4.896255741083317507e-03
8.659759109999999593e-02,4.896008243524627851e-03
8.666964550000000322e-02,4.895265796951878828e-03
8.674163999999999486e-02,4.894523457166681697e-03
8.678960310000000122e-02,4.894028658646176581e-03
8.686149819999999799e-02,4.893286563297336023e-03
8.698119120000000204e-02,4.892049926665881926e-03
8.714848529999999482e-02,4.890319282092075136e-03
8.722008450000000301e-02,4.889577789608755970e-03
8.731545890000000365e-02,4.888589260122802246e-03
8.760095880000000335e-02,4.885625097652705577e-03
8.762470840000000094e-02,4.885378185953914709e-03
8.771964279999999725e-02,4.884390633178714060e-03
8.774336039999999781e-02,4.884143754214876829e-03
8.781447459999999761e-02,4.883403259476546722e-03
8.788553120000000551e-02,4.882662881283058101e-03
8.793287040000000165e-02,4.882169388716394581e-03
8.800383150000000432e-02,4.881429169100567379e-03
8.807473540000000656e-02,4.880689158921018393e-03
8.809835729999999920e-02,4.880442487413731364e-03
8.826353389999999632e-02,4.878716255519891659e-03
8.828710539999999607e-02,4.878469701329545515e-03
8.831067049999999363e-02,4.878223212865469283e-03
8.838132819999999779e-02,4.877483674038445884e-03
8.849896570000000129e-02,4.876251393788793957e-03
8.856947319999999846e-02,4.875512201378421132e-03
8.866339600000000543e-02,4.874526790852818682e-03
8.887435929999999706e-02,4.872310412467753017e-03
8.894456929999999817e-02,4.871571837433516516e-03
8.906146280000000470e-02,4.870341214290262004e-03
8.910817729999999381e-02,4.869849056217022236e-03
8.922485650000000490e-02,4.868618886924204123e-03
8.941122649999999616e-02,4.866651270683827399e-03
8.943449539999999420e-02,4.866405371277361148e-03
8.948101510000000536e-02,4.865913648834796143e-03
8.957398210000000471e-02,4.864930343568221564e-03
8.962042940000000679e-02,4.864438780556626721e-03
8.969005530000000170e-02,4.863701536166782635e-03
8.975962719999999728e-02,4.862964416501767972e-03
8.978280580000000399e-02,4.862718718923605792e-03
8.985230589999999851e-02,4.861981730086873364e-03
8.996801999999999577e-02,4.860753710295259884e-03
9.006048429999999327e-02,4.859771546475102726e-03
9.012977020000000061e-02,4.859035064240273954e-03
9.017593120000000351e-02,4.858544088526410391e-03
9.031427279999999780e-02,4.857071661881295563e-03
9.033730919999999331e-02,4.856826301153702521e-03
9.036033960000000587e-02,4.856580931701059284e-03
9.054437240000000331e-02,4.854618640042067737e-03
9.059032220000000357e-02,4.854128190251365098e-03
9.061328829999999723e-02,4.853882972346737316e-03
9.088842950000000642e-02,4.850941615286243937e-03
9.097995829999999673e-02,4.849961579666215925e-03
9.107139520000000210e-02,4.848981791028767266e-03
9.109424000000000687e-02,4.848736838043367532e-03
9.116274030000000306e-02,4.848002153077696913e-03
9.123118909999999859e-02,4.847267628794634138e-03
9.134515649999999654e-02,4.846043619430947906e-03
9.143622810000000267e-02,4.845064646771603777e-03
9.161809969999999692e-02,4.843107426172922614e-03
9.164080830000000122e-02,4.842862819386552393e-03
9.168620859999999928e-02,4.842373644980844417e-03
9.179961109999999758e-02,4.841150990467770095e-03
9.182227469999999780e-02,4.840906535069947406e-03
9.189023229999999931e-02,4.840173142398286436e-03
9.200338330000000509e-02,4.838951088919424964e-03
9.204860469999999462e-02,4.838462351508709264e-03
9.216156120000000562e-02,4.837240756927084842e-03
9.218413590000000546e-02,4.836996466688314386e-03
9.225182690000000019e-02,4.836263714390397032e-03
9.231946820000000442e-02,4.835531061682168605e-03
9.236453490000000321e-02,4.835042732002393928e-03
9.243209369999999536e-02,4.834310309631147627e-03
9.249960320000000236e-02,4.833577970605546816e-03
9.252209549999999838e-02,4.833333939758538769e-03
9.261200969999999755e-02,4.832357777208608901e-03
9.272427989999999787e-02,4.831137809228051860e-03
9.279157679999999742e-02,4.830406028268010091e-03
9.290363000000000093e-02,4.829186684674433537e-03
9.303791570000000122e-02,4.827723847257016192e-03
9.306027779999999361e-02,4.827480089977333189e-03
9.312733189999999883e-02,4.826748896662505159e-03
9.321666239999999715e-02,4.825774178063894047e-03
9.323898160000000657e-02,4.825530553771136336e-03
9.341734349999999965e-02,4.823581798484637313e-03
9.343961480000000097e-02,4.823338262458306755e-03
9.359536559999999394e-02,4.821633965020720967e-03
9.361759449999999816e-02,4.821390555732659594e-03
9.377304960000000522e-02,4.819686917294337819e-03
9.383959440000000374e-02,4.818957071853259035e-03
9.386176549999999952e-02,4.818713764525570098e-03
9.392824739999999784e-02,4.817984019810175184e-03
9.397254260000000026e-02,4.817497573503326004e-03
9.403894620000000093e-02,4.816768038936647227e-03
9.412741149999999390e-02,4.815795473687818455e-03
9.419370589999999377e-02,4.815066240342638811e-03
9.430409309999999989e-02,4.813851008068754933e-03
9.432615499999999487e-02,4.813608042586422706e-03
9.439230989999999877e-02,4.812879159424218560e-03
9.450246499999999383e-02,4.811664544478871063e-03
9.463448200000000587e-02,4.810207511037507822e-03
9.465646689999999974e-02,4.809964657888251595e-03
9.483216279999999443e-02,4.808022793640449703e-03
9.489796490000000639e-02,4.807294785155616021e-03
9.491988880000000461e-02,4.807052161083155521e-03
9.500753380000000192e-02,4.806081751582879508e-03
9.509509800000000290e-02,4.805111515196689061e-03
9.516071830000000231e-02,4.804383994316532500e-03
9.520444000000000129e-02,4.803899035519107116e-03
9.524814160000000252e-02,4.803414174014903823e-03
9.537912649999999437e-02,4.801959790543080392e-03
9.550993169999999477e-02,4.800505951468042425e-03
9.555349359999999737e-02,4.800021440359274888e-03
9.559703569999999928e-02,4.799536927639035111e-03
9.561879930000000138e-02,4.799294745843691451e-03
9.579273010000000088e-02,4.797357505228283178e-03
9.587957719999999628e-02,4.796389251227755474e-03
9.590127669999999604e-02,4.796147172148468828e-03
9.596634569999999698e-02,4.795421165159870387e-03
9.603137069999999331e-02,4.794695228672349145e-03
9.607469620000000377e-02,4.794211355438214063e-03
9.613964780000000543e-02,4.793485607766244556e-03
9.622618180000000465e-02,4.792518149988123435e-03
9.629103129999999622e-02,4.791792667719300437e-03
9.642059930000000667e-02,4.790342187284917994e-03
9.648531809999999487e-02,4.789617084366775204e-03
9.665768969999999349e-02,4.787684065040822071e-03
9.672224980000000694e-02,4.786959399197750729e-03
9.674376029999999516e-02,4.786717865792423227e-03
9.676526600000000256e-02,4.786476365531494408e-03
9.691567219999999705e-02,4.784786131756316001e-03
9.693713980000000230e-02,4.784544780764881516e-03
9.698006060000000095e-02,4.784061987339167932e-03
9.717296979999999473e-02,4.781890117320454145e-03
9.725858440000000049e-02,4.780925264444377959e-03
9.732274600000000164e-02,4.780201665558782981e-03
9.742958790000000313e-02,4.778996049607778587e-03
9.751497720000000535e-02,4.778031754289055119e-03
9.762160879999999541e-02,4.776826716371222400e-03
9.768553189999999720e-02,4.776103817941104029e-03
9.777069770000000604e-02,4.775140183118175771e-03
9.791955950000000297e-02,4.773454345339085345e-03
9.794080700000000472e-02,4.773213525367692167e-03
9.796204990000000057e-02,4.772972726563686277e-03
9.800452190000000230e-02,4.772491276501273499e-03
9.802575099999999431e-02,4.772250530593951170e-03
9.808941070000000428e-02,4.771528379294190381e-03
9.811062140000000042e-02,4.771287736659599564e-03
9.813182759999999893e-02,4.771047016251978544e-03
9.825896829999999915e-02,4.769603297873094110e-03
9.844937149999999360e-02,4.767438589046630627e-03
9.847050470000000277e-02,4.767198121228209164e-03
9.853387700000000582e-02,4.766476820745386977e-03
9.859720869999999415e-02,4.765755650975428068e-03
9.868158759999999530e-02,4.764794278834248373e-03
9.870267110000000010e-02,4.764553969601221725e-03
9.876589439999999831e-02,4.763833062982153650e-03
9.887117689999999626e-02,4.762631926234561081e-03
9.895532220000000101e-02,4.761671249120137152e-03
9.903939609999999616e-02,4.760710706808846289e-03
9.914438809999999436e-02,4.759510380034387422e-03
9.927023199999999992e-02,4.758070492957404592e-03
9.935403930000000217e-02,4.757110767152458036e-03
9.945869920000000031e-02,4.755911414984382614e-03
9.947961800000000576e-02,4.755671597166073912e-03
9.954234789999999444e-02,4.754952152015740931e-03
9.960503830000000391e-02,4.754232874640702475e-03
9.962592630000000060e-02,4.753993163884823875e-03
9.964681000000000233e-02,4.753753444852146758e-03
9.970943470000000197e-02,4.753034334636130169e-03
9.979287320000000683e-02,4.752075715265187926e-03
9.995954120000000165e-02,4.750159215548716354e-03
9.998035519999999565e-02,4.749919702215028329e-03
1.000219702000000044e-01,4.749440702523452344e-03
1.000427710999999970e-01,4.749201207654258142e-03
1.001467112000000020e-01,4.748004033650316154e-03
1.002920464000000011e-01,4.746328572877601439e-03
1.003542684999999962e-01,4.745610651203762721e-03
1.003750006000000000e-01,4.745371362856441906e-03
1.004578862999999933e-01,4.744414471170512078e-03
1.004785970000000028e-01,4.744175308185206302e-03
1.006441294999999986e-01,4.742262161198668689e-03
1.007061340000000027e-01,4.741544978317634683e-03
1.007681004000000047e-01,4.740827843567145365e-03
1.007887474000000033e-01,4.740588818053921918e-03
1.009331579999999950e-01,4.738916217358948683e-03
1.009743802999999995e-01,4.738438419483183631e-03
1.010155856999999935e-01,4.737960636878650773e-03
1.011391013000000061e-01,4.736527754312770157e-03
1.012830123999999971e-01,4.734856691081403869e-03
1.013035545000000037e-01,4.734618007243293972e-03
1.013446261000000015e-01,4.734140660578555794e-03
1.014472322999999954e-01,4.732947662253121635e-03
1.014677410999999946e-01,4.732709047714770377e-03
1.015292426999999942e-01,4.731993429918478732e-03
1.016316624999999974e-01,4.730800954942522042e-03
1.018566236999999958e-01,4.728178639261503523e-03
1.019587146000000000e-01,4.726987245436479503e-03
1.019995224000000006e-01,4.726510758377894077e-03
1.020199202000000027e-01,4.726272572403582110e-03
1.020810889999999999e-01,4.725557994291721894e-03
1.021829558000000027e-01,4.724367254001175277e-03
1.022440270999999956e-01,4.723652948508749901e-03
1.023253987999999948e-01,4.722700804849706661e-03
1.024270225000000062e-01,4.721510809341735067e-03
1.024473352000000032e-01,4.721272901986953326e-03
1.025082489999999957e-01,4.720559131087597414e-03
1.025894110999999997e-01,4.719607651167720234e-03
1.026705091000000014e-01,4.718656320563496646e-03
1.027312905999999970e-01,4.717943042271089890e-03
1.029134196000000001e-01,4.715803688918030444e-03
1.029740576000000019e-01,4.715090796999528780e-03
1.029942623999999946e-01,4.714853268977818070e-03
1.030952267999999949e-01,4.713665427738460666e-03
1.031557580000000002e-01,4.712952917320237418e-03
1.032162536999999963e-01,4.712240534860558105e-03
1.032364110999999945e-01,4.712003050980953164e-03
1.032968595999999989e-01,4.711290871644411953e-03
1.034176504999999996e-01,4.709866706621952843e-03
1.035784859999999974e-01,4.707968537330816002e-03
1.036387349999999957e-01,4.707256979631820049e-03
1.038593488000000009e-01,4.704648789497429748e-03
1.038793813000000038e-01,4.704411818248772047e-03
1.038994099999999976e-01,4.704174749734829110e-03
1.039594729999999967e-01,4.703463852616493641e-03
1.040195012999999974e-01,4.702752978556456499e-03
1.040395030000000054e-01,4.702516066751990555e-03
1.040595009000000043e-01,4.702279198971367341e-03
1.041194715000000048e-01,4.701568506306033277e-03
1.041993786000000033e-01,4.700621143763387792e-03
1.042193458000000017e-01,4.700384339699718167e-03
1.042592687999999990e-01,4.699910740133301720e-03
1.043590092999999996e-01,4.698727100096407490e-03
1.044387331999999946e-01,4.697780351504601826e-03
1.044984860999999959e-01,4.697070363850558428e-03
1.045383024999999994e-01,4.696597224292214413e-03
1.045781035999999997e-01,4.696124039762742883e-03
1.046775404000000048e-01,4.694941326623063883e-03
1.047570218000000025e-01,4.693995492739959363e-03
1.048562888999999970e-01,4.692813316356887407e-03
1.048959693999999970e-01,4.692340637310029976e-03
1.049158040000000014e-01,4.692104241905568386e-03
1.050149209999999972e-01,4.690922682339501021e-03
1.051535277999999934e-01,4.689269025237962144e-03
1.052919521000000025e-01,4.687615937974841905e-03
1.053117120999999962e-01,4.687379871102482880e-03
1.053907153000000069e-01,4.686435612459255266e-03
1.055485441999999968e-01,4.684547683321739313e-03
1.056470674999999970e-01,4.683368252493225366e-03
1.057848460000000018e-01,4.681717390124023534e-03
1.058045140000000023e-01,4.681481649402421952e-03
1.058438389999999951e-01,4.681010134633577062e-03
1.058634960999999958e-01,4.680774407200573133e-03
1.059224453000000010e-01,4.680067309153925978e-03
1.060206211000000037e-01,4.678889000044009379e-03
1.060794830000000022e-01,4.678182190297962631e-03
1.060990963999999953e-01,4.677946595792738596e-03
1.061579148000000028e-01,4.677239975559851354e-03
1.062558730999999951e-01,4.676062454976133084e-03
1.063928632000000069e-01,4.674414426286720332e-03
1.064319707999999975e-01,4.673943713417211439e-03
1.064906052999999991e-01,4.673237665151121038e-03
1.065687344999999980e-01,4.672296548410675640e-03
1.067443161000000001e-01,4.670179600363356248e-03
1.067832950000000003e-01,4.669709347310291823e-03
1.068027790999999949e-01,4.669474210509654694e-03
1.068806801000000001e-01,4.668533898340866857e-03
1.069001465000000012e-01,4.668298781001284023e-03
1.069585242999999963e-01,4.667593705485736065e-03
1.070363119999999946e-01,4.666653852574953118e-03
1.070557500000000051e-01,4.666418828425064093e-03
1.070946155999999982e-01,4.665948975792784739e-03
1.072111278000000001e-01,4.664539708592077907e-03
1.073275134000000047e-01,4.663130919837154068e-03
1.073662806000000025e-01,4.662661361910658796e-03
1.075018556999999958e-01,4.661018467375761636e-03
1.076565896000000050e-01,4.659141719801323037e-03
1.077145573999999939e-01,4.658438094494805198e-03
1.077338731000000022e-01,4.658203630797609109e-03
1.077917994999999934e-01,4.657500159470845565e-03
1.078882741999999950e-01,4.656328076002007148e-03
1.079653919999999934e-01,4.655390575745843064e-03
1.080231942000000056e-01,4.654687640029262462e-03
1.081194624000000049e-01,4.653516232220391256e-03
1.081387057999999984e-01,4.653282006514524068e-03
1.081964153999999956e-01,4.652579373370839023e-03
1.082733136999999984e-01,4.651642663153405556e-03
1.082925297000000009e-01,4.651408634998051642e-03
1.084077544000000004e-01,4.650004066156372164e-03
1.084269466000000043e-01,4.649770024818917005e-03
1.084461354000000044e-01,4.649536004802781557e-03
1.085803620999999941e-01,4.647898116195822195e-03
1.085995238000000002e-01,4.647664214458291539e-03
1.086378370999999954e-01,4.647196341944913496e-03
1.086569886000000040e-01,4.646962441315777466e-03
1.087526959000000015e-01,4.645793230728554810e-03
1.088100798000000008e-01,4.645091841755610157e-03
1.088674334999999993e-01,4.644390578048599415e-03
1.089629559000000053e-01,4.643221939757451004e-03
1.090393136000000068e-01,4.642287391348428639e-03
1.090583945999999971e-01,4.642053797579843467e-03
1.091156177999999949e-01,4.641352967098126038e-03
1.092109230999999958e-01,4.640185196565011459e-03
1.093442109999999967e-01,4.638550958775942284e-03
1.094773366000000026e-01,4.636917273252025989e-03
1.095723272999999942e-01,4.635750755380542952e-03
1.096292821999999972e-01,4.635050956973250577e-03
1.096672357000000042e-01,4.634584572104096488e-03
1.097810174999999944e-01,4.633185496162496239e-03
1.097999696000000053e-01,4.632952382093501013e-03
1.098568065000000010e-01,4.632253124619564039e-03
1.099703920999999945e-01,4.630854814772109376e-03
1.100271409999999950e-01,4.630155952814965330e-03
1.101594412999999939e-01,4.628525513438040001e-03
1.101783283000000030e-01,4.628292642053326300e-03
1.102349700999999960e-01,4.627594050117350005e-03
1.103293085000000007e-01,4.626430081847014361e-03
1.104047211000000056e-01,4.625499123552230876e-03
1.104235662999999978e-01,4.625266429073884335e-03
1.104612467999999958e-01,4.624801095220736243e-03
1.105742115999999997e-01,4.623405183226731233e-03
1.106306506999999995e-01,4.622707510613045974e-03
1.108373482000000049e-01,4.620150141137184356e-03
1.108561197000000054e-01,4.619917710826208952e-03
1.109311741999999962e-01,4.618988106954161760e-03
1.109874317999999943e-01,4.618291115424178091e-03
1.110249209999999986e-01,4.617826523256578913e-03
1.110811310999999940e-01,4.617129686030862525e-03
1.111560337000000037e-01,4.616200709206748007e-03
1.113056877000000028e-01,4.614343493553319658e-03
1.113243802999999976e-01,4.614111465148078642e-03
1.113617560000000062e-01,4.613647286621118566e-03
1.114364699999999958e-01,4.612719105677363929e-03
1.114738081999999963e-01,4.612255061058717111e-03
1.115297920000000026e-01,4.611559136180651275e-03
1.116043934999999959e-01,4.610631476557875211e-03
1.116789450999999961e-01,4.609704025412362377e-03
1.117534470000000058e-01,4.608776679864788790e-03
1.118278993000000054e-01,4.607849563103514137e-03
1.120323877999999940e-01,4.605301091723790034e-03
1.121994194000000000e-01,4.603217088545497049e-03
1.122179632000000066e-01,4.602985632145615777e-03
1.122550414000000052e-01,4.602522681481971065e-03
1.122735759000000055e-01,4.602291239409400832e-03
1.123476835000000035e-01,4.601365499622598991e-03
1.123662027999999952e-01,4.601134180969671320e-03
1.124217421999999938e-01,4.600440085364706534e-03
1.124957521999999932e-01,4.599514818872426324e-03
1.125142469999999978e-01,4.599283451164897993e-03
1.125512277000000061e-01,4.598820869853026405e-03
1.126436261999999994e-01,4.597664752032059460e-03
1.126620968000000000e-01,4.597433598745358577e-03
1.128466364999999999e-01,4.595122412448872894e-03
1.128650739000000014e-01,4.594891428458252637e-03
1.129387933000000066e-01,4.593967316850453009e-03
1.131044863999999955e-01,4.591888871150587997e-03
1.131412740999999944e-01,4.591427124706119051e-03
1.131596634999999934e-01,4.591196256046623653e-03
1.133066709999999977e-01,4.589349973681439675e-03
1.133617497000000002e-01,4.588657757518342650e-03
1.133801033000000069e-01,4.588427145239600685e-03
1.134351462999999977e-01,4.587735021332073164e-03
1.135451522999999935e-01,4.586351403426447426e-03
1.136550518000000037e-01,4.584968148699012334e-03
1.136916614000000048e-01,4.584507213063638599e-03
1.137465535999999944e-01,4.583815746108845478e-03
1.138014194000000062e-01,4.583124558412577515e-03
1.138379818999999959e-01,4.582663693823507169e-03
1.139658583000000003e-01,4.581051351992192384e-03
1.140388660999999970e-01,4.580130349522106535e-03
1.141300601999999942e-01,4.578979305945514965e-03
1.141847416999999948e-01,4.578288829303486795e-03
1.142393970000000064e-01,4.577598558069378466e-03
1.142576096000000041e-01,4.577368463471302197e-03
1.143122300999999952e-01,4.576678198372052114e-03
1.143304311000000045e-01,4.576448176857955685e-03
1.144032063000000043e-01,4.575528086683360723e-03
1.144213927999999936e-01,4.575298158753906934e-03
1.145304515000000051e-01,4.573918548928608899e-03
1.146938450999999970e-01,4.571849893419711701e-03
1.148388887000000025e-01,4.570012036221010598e-03
1.148570062999999947e-01,4.569782295879776073e-03
1.148932327999999947e-01,4.569323031110149314e-03
1.149656517000000044e-01,4.568404466414601253e-03
1.149837492999999933e-01,4.568174883072414171e-03
1.150561112000000052e-01,4.567256590502106854e-03
1.151284276999999939e-01,4.566338611431383469e-03
1.151826351999999942e-01,4.565650191278508747e-03
1.152909738000000017e-01,4.564273760680605078e-03
1.153992105999999962e-01,4.562897713411775621e-03
1.154352669999999942e-01,4.562439057183791287e-03
1.154713121999999953e-01,4.561980558260596806e-03
1.154893305000000009e-01,4.561751341044376941e-03
1.155433686999999959e-01,4.561063635026605702e-03
1.155613758999999990e-01,4.560834516024387872e-03
1.157053318999999997e-01,4.559001463722586397e-03
1.157233138000000050e-01,4.558772263747261008e-03
1.157772427999999992e-01,4.558085196740237731e-03
1.158670687000000060e-01,4.556940111997732912e-03
1.159209308000000022e-01,4.556253232939966487e-03
1.159747678999999976e-01,4.555566440592353009e-03
1.159927079999999999e-01,4.555337581278980259e-03
1.160465118000000018e-01,4.554651054347073555e-03
1.161182114000000043e-01,4.553735720116598891e-03
1.161540446000000060e-01,4.553278088230497574e-03
1.162793738999999965e-01,4.551677070548544070e-03
1.162972671000000041e-01,4.551448331164553718e-03
1.163509300000000052e-01,4.550762416558747428e-03
1.164224420999999954e-01,4.549847943443883873e-03
1.164403133000000007e-01,4.549619379314188972e-03
1.165653348000000034e-01,4.548019593842459948e-03
1.166902222999999933e-01,4.546420407425117750e-03
1.167258798999999958e-01,4.545963751590192080e-03
1.167793458999999978e-01,4.545278607642185519e-03
1.168327873999999988e-01,4.544593665394960035e-03
1.168505957999999983e-01,4.544365331397892498e-03
1.169040048000000026e-01,4.543680505669725304e-03
1.169218023000000023e-01,4.543452288363793688e-03
1.170640854000000036e-01,4.541626732510783797e-03
1.171529245999999996e-01,4.540486222006629054e-03
1.172061957999999959e-01,4.539801996316733534e-03
1.172771863999999969e-01,4.538889959768478179e-03
1.174190388000000002e-01,4.537066495122181291e-03
1.174367582999999993e-01,4.536838574352096767e-03
1.174721893000000017e-01,4.536382824044163896e-03
1.175607201000000018e-01,4.535243627707108080e-03
1.176845512999999954e-01,4.533649393528755428e-03
1.177022308000000017e-01,4.533421728133595237e-03
1.177199077000000010e-01,4.533194072078292058e-03
1.177552535000000039e-01,4.532738757980762923e-03
1.178612272999999960e-01,4.531372995753231263e-03
1.179141783999999998e-01,4.530690259924729721e-03
1.180552655000000062e-01,4.528870382984883335e-03
1.181961841000000041e-01,4.527051178150663310e-03
1.182665804000000015e-01,4.526141919298458556e-03
1.182841728999999981e-01,4.525914536219241557e-03
1.183193502000000064e-01,4.525460021766388417e-03
1.183369348999999959e-01,4.525232798814483003e-03
1.183896732999999979e-01,4.524551176027974235e-03
1.184248192000000033e-01,4.524096696904487264e-03
1.184775183999999953e-01,4.523415275560055925e-03
1.186003924000000043e-01,4.521825456575825040e-03
1.186880815999999950e-01,4.520690285031119318e-03
1.187056117000000049e-01,4.520463328632517638e-03
1.187581862999999988e-01,4.519782471498206763e-03
1.188107377000000020e-01,4.519101636407471187e-03
1.188282496999999993e-01,4.518874693061632371e-03
1.188457591000000035e-01,4.518647731196925692e-03
1.189507612999999991e-01,4.517286695052434575e-03
1.191604881999999976e-01,4.514565723839931467e-03
1.191779488000000026e-01,4.514339195730227190e-03
1.192652134000000003e-01,4.513206055948242208e-03
1.193872765999999946e-01,4.511620155796666407e-03
1.194395511999999937e-01,4.510940758294255254e-03
1.195266247000000004e-01,4.509808472819192351e-03
1.195440318000000057e-01,4.509582057424146861e-03
1.196831975000000048e-01,4.507771287049081380e-03
1.197353428999999997e-01,4.507092493461784324e-03
1.198048347999999957e-01,4.506187468095142548e-03
1.199436978999999931e-01,4.504378174132083607e-03
1.199957301000000032e-01,4.503699948519203182e-03
1.200130692000000027e-01,4.503473850069541692e-03
1.200650713000000064e-01,4.502795821489540863e-03
1.200997268999999951e-01,4.502343741901643215e-03
1.201516915000000046e-01,4.501665709992494664e-03
1.202382493999999968e-01,4.500536151560757293e-03
1.203593257999999999e-01,4.498955165951021816e-03
1.203766123999999993e-01,4.498729354489950337e-03
1.204284575999999968e-01,4.498051927634724549e-03
1.204802804999999949e-01,4.497374636272087264e-03
1.205148166999999992e-01,4.496923238912897171e-03
1.205493428999999950e-01,4.496471831513121527e-03
1.206356155000000013e-01,4.495343629347682210e-03
1.207045890999999954e-01,4.494441154538853130e-03
1.207735233000000047e-01,4.493538991018224994e-03
1.207907507000000047e-01,4.493313564700169953e-03
1.208251981000000030e-01,4.492862548102421333e-03
1.208424181999999958e-01,4.492637018199973492e-03
1.209800902000000011e-01,4.490833690772250662e-03
1.211004249000000033e-01,4.489256238547431437e-03
1.211691339000000034e-01,4.488355150013659776e-03
1.211863051000000024e-01,4.488129930385233689e-03
1.212034738000000028e-01,4.487904768736452124e-03
1.212549653999999977e-01,4.487229230503496195e-03
1.213064352000000068e-01,4.486553665551179168e-03
1.213407361999999934e-01,4.486103439897133442e-03
1.213921696000000022e-01,4.485428124091229984e-03
1.214607136000000059e-01,4.484527926260157421e-03
1.214778435000000018e-01,4.484302806467666859e-03
1.216147962999999943e-01,4.482503113369000480e-03
1.216661138000000031e-01,4.481828342018215165e-03
1.217174097000000010e-01,4.481153787709955295e-03
1.217515948999999958e-01,4.480704138573095123e-03
1.219394424999999949e-01,4.478231828975111697e-03
1.220076789999999939e-01,4.477333150965659252e-03
1.220247321999999995e-01,4.477108432532346353e-03
1.220758774000000046e-01,4.476434738123197601e-03
1.222121599000000058e-01,4.474638322408268018e-03
1.222632267000000050e-01,4.473964882863925609e-03
1.222802442999999933e-01,4.473740419600155324e-03
1.223993007000000049e-01,4.472169611782883698e-03
1.224162993000000033e-01,4.471945314867720178e-03
1.224332954999999973e-01,4.471720996243979014e-03
1.224672809999999973e-01,4.471272308719705275e-03
1.225522032999999955e-01,4.470150966283636430e-03
1.225691807000000022e-01,4.469926664218751983e-03
1.226200987999999936e-01,4.469253899069101574e-03
1.226709956999999934e-01,4.468581512986360103e-03
1.226879567000000032e-01,4.468357191715125604e-03
1.227388254999999956e-01,4.467684893975620505e-03
1.228235601000000066e-01,4.466564444409450337e-03
1.228405000000000052e-01,4.466340328493663761e-03
1.230097705999999985e-01,4.464100652220825451e-03
1.230266849000000023e-01,4.463876580377117327e-03
1.231619152999999939e-01,4.462085754946465768e-03
1.232294748999999967e-01,4.461190677102078693e-03
1.232463589999999998e-01,4.460966875999217846e-03
1.232969973999999969e-01,4.460295655361866743e-03
1.233476151000000021e-01,4.459624526900471744e-03
1.234824939999999982e-01,4.457835630586955318e-03
1.234993434999999973e-01,4.457611960141954002e-03
1.236340570000000055e-01,4.455823752434101385e-03
1.237013586999999998e-01,4.454930091530762311e-03
1.237686238000000050e-01,4.454036519542726308e-03
1.238862498000000006e-01,4.452473161156535360e-03
1.239198366999999940e-01,4.452026555392677581e-03
1.240373193999999984e-01,4.450463952871984430e-03
1.240540935000000039e-01,4.450240764032651654e-03
1.240876350000000017e-01,4.449794524588351896e-03
1.241044023999999940e-01,4.449571386450677270e-03
1.241882051999999986e-01,4.448455881478898151e-03
1.242384596999999979e-01,4.447786703571074245e-03
1.242886938999999968e-01,4.447117693272648921e-03
1.243556412999999999e-01,4.446225720823641925e-03
1.244392748999999937e-01,4.445111284192313633e-03
1.244559949000000054e-01,4.444888416423756726e-03
1.245061412999999978e-01,4.444219770304981380e-03
1.245562676000000063e-01,4.443551237735737791e-03
1.245896739000000031e-01,4.443105709131791627e-03
1.246397665999999932e-01,4.442437432121072900e-03
1.247065254999999984e-01,4.441546612668522895e-03
1.248232677000000040e-01,4.439988045653335894e-03
1.248566024999999968e-01,4.439542871806062552e-03
1.248899284999999970e-01,4.439097561809769200e-03
1.249898531000000063e-01,4.437762468108517704e-03
1.250397853999999920e-01,4.437095073456813824e-03
1.251063309000000068e-01,4.436205355499792287e-03
1.251562167999999975e-01,4.435538228558705102e-03
1.252393156999999924e-01,4.434426577620252836e-03
1.252559289000000076e-01,4.434204216572678811e-03
1.253887550999999989e-01,4.432426244510998849e-03
1.255048625999999889e-01,4.430871140244984317e-03
1.255711616000000086e-01,4.429982696697387125e-03
1.256374255999999912e-01,4.429094561515013913e-03
1.256871006999999985e-01,4.428428612038988813e-03
1.257036547000000004e-01,4.428206557086520646e-03
1.257863919999999969e-01,4.427097025115466628e-03
1.258360081999999880e-01,4.426431302028681347e-03
1.259021328999999911e-01,4.425543824629066952e-03
1.259517035000000118e-01,4.424878447094222900e-03
1.260177674000000081e-01,4.423991364693630711e-03
1.261002985999999937e-01,4.422882927575543660e-03
1.261662846999999921e-01,4.421996219504372230e-03
1.261827758000000077e-01,4.421774537396167340e-03
1.262981534000000017e-01,4.420223510301109562e-03
1.264463413999999952e-01,4.418230280881630008e-03
1.264792483999999939e-01,4.417787493626547032e-03
1.264956988000000004e-01,4.417566009694555429e-03
1.265450368999999908e-01,4.416901936777527064e-03
1.266272243999999880e-01,4.415795352284816906e-03
1.266765113999999970e-01,4.415131477829054192e-03
1.267421974000000062e-01,4.414246505811496128e-03
1.268242572000000123e-01,4.413140612473275513e-03
1.268406628000000036e-01,4.412919411332731287e-03
1.268898668000000007e-01,4.412256089383745014e-03
1.269390516999999996e-01,4.411592736815430488e-03
1.269718310999999877e-01,4.411150671219055130e-03
1.270209843000000005e-01,4.410487602587290223e-03
1.270701184999999955e-01,4.409824681116440714e-03
1.270864922999999924e-01,4.409603744011659360e-03
1.272174071999999934e-01,4.407836479714516420e-03
1.272337621000000085e-01,4.407615566996413506e-03
1.272828141000000024e-01,4.406953129632308272e-03
1.273481874999999874e-01,4.406069849495999023e-03
1.273645256000000003e-01,4.405849104836154391e-03
1.274625101000000094e-01,4.404524763965523594e-03
1.275277914000000068e-01,4.403642302446876718e-03
1.276745521000000050e-01,4.401657054732472686e-03
1.277234348000000075e-01,4.400995442992139926e-03
1.277560128999999933e-01,4.400554479169427324e-03
1.277885826999999863e-01,4.400113641129097496e-03
1.278048645000000039e-01,4.399893175734889521e-03
1.278699709999999989e-01,4.399011470773930670e-03
1.280488429999999955e-01,4.396588027208949388e-03
1.281138253999999921e-01,4.395707141728924169e-03
1.281463043000000135e-01,4.395266816940779017e-03
1.283896338999999942e-01,4.391965384395027372e-03
1.284544438999999927e-01,4.391085494186919118e-03
1.285192213000000139e-01,4.390205896772575792e-03
1.285354105000000025e-01,4.389985909769968456e-03
1.285839659999999940e-01,4.389326277557550546e-03
1.286486780999999968e-01,4.388446954667016286e-03
1.286648511000000050e-01,4.388227181241024545e-03
1.287780048000000122e-01,4.386688857302366816e-03
1.287941615000000040e-01,4.386469103309626090e-03
1.288264688999999907e-01,4.386029841177637584e-03
1.288426195000000052e-01,4.385810092697286014e-03
1.289233422999999934e-01,4.384712013124824823e-03
1.290201430000000038e-01,4.383394474208541017e-03
1.290362693999999866e-01,4.383174877828711728e-03
1.291007547999999949e-01,4.382296991453813947e-03
1.291813162999999876e-01,4.381199776325903419e-03
1.292296290999999930e-01,4.380541624362054194e-03
1.293101103000000029e-01,4.379444898433502639e-03
1.293583749999999977e-01,4.378786813557948403e-03
1.295512538999999963e-01,4.376156379573119433e-03
1.295673142000000055e-01,4.375937143212561484e-03
1.295994287999999994e-01,4.375498938784317011e-03
1.296636341000000081e-01,4.374622676212157335e-03
1.296796805000000052e-01,4.374403620466627528e-03
1.297438461000000043e-01,4.373527486872111521e-03
1.298079799999999895e-01,4.372651557234794734e-03
1.298240085000000044e-01,4.372432687148478624e-03
1.298560595999999900e-01,4.371994708346722130e-03
1.299361528000000099e-01,4.370900383615670959e-03
1.299521654999999942e-01,4.370681430895178438e-03
1.301121842999999889e-01,4.368493585721196573e-03
1.301281753000000097e-01,4.368275035967620831e-03
1.301761367000000003e-01,4.367618814056846432e-03
1.301921198999999862e-01,4.367400125932520936e-03
1.303358805000000009e-01,4.365432663954284601e-03
1.303678057000000057e-01,4.364995616357417348e-03
1.304635345999999863e-01,4.363684624813996167e-03
1.305113727999999973e-01,4.363029244110176556e-03
1.305591932999999871e-01,4.362374132732220640e-03
1.305751296999999866e-01,4.362155671317798598e-03
1.306229268999999915e-01,4.361500573549384127e-03
1.307025501999999895e-01,4.360408985515575042e-03
1.307184690000000038e-01,4.360190688559114139e-03
1.308139412999999862e-01,4.358881359138489994e-03
1.308298465000000133e-01,4.358663136796448768e-03
1.308457499000000024e-01,4.358444817170553827e-03
1.309570191999999966e-01,4.356917972729313845e-03
1.309729071000000078e-01,4.356699726356890769e-03
1.310840685000000116e-01,4.355173522874432497e-03
1.311316801999999893e-01,4.354519656320959657e-03
1.311475470000000032e-01,4.354301648289907525e-03
1.312268518999999967e-01,4.353212044111409371e-03
1.312744117999999904e-01,4.352558250457725167e-03
1.313377983000000027e-01,4.351686987679116887e-03
1.313853181000000092e-01,4.351033551745163257e-03
1.314011542000000088e-01,4.350815797354691886e-03
1.314644795999999893e-01,4.349944764226234065e-03
1.315277744999999998e-01,4.349074079418581602e-03
1.315752256000000120e-01,4.348421149896201238e-03
1.316068501999999862e-01,4.347985907135763599e-03
1.316542729000000078e-01,4.347333082052626078e-03
1.317016785000000023e-01,4.346680467608787964e-03
1.318280101000000037e-01,4.344940476264695477e-03
1.318437929999999869e-01,4.344723120938958488e-03
1.318595740999999877e-01,4.344505519747047725e-03
1.319069059000000099e-01,4.343853303587035669e-03
1.321118145000000077e-01,4.341028406027594606e-03
1.321433106999999885e-01,4.340593984656716635e-03
1.322220182999999938e-01,4.339507894653472225e-03
1.322849506999999869e-01,4.338639487251660064e-03
1.323635740999999921e-01,4.337554070865822300e-03
1.323950104000000128e-01,4.337119956466224321e-03
1.324735684999999996e-01,4.336035153203579399e-03
1.325991646999999940e-01,4.334299730175511858e-03
1.326148558999999949e-01,4.334082983910426609e-03
1.326619182000000063e-01,4.333432464020512895e-03
1.327089637999999960e-01,4.332781832732555613e-03
1.327403182999999931e-01,4.332348391182122907e-03
1.328343374000000021e-01,4.331048010012338717e-03
1.328500008000000066e-01,4.330831443153637314e-03
1.328969798999999896e-01,4.330181381381157345e-03
1.329908881999999903e-01,4.328881669109184427e-03
1.330378174999999885e-01,4.328231923199753715e-03
1.331159962000000030e-01,4.327149512291849319e-03
1.331628814999999966e-01,4.326500170057060064e-03
1.332097502000000044e-01,4.325850711118482683e-03
1.332253693999999877e-01,4.325634404145919064e-03
1.333502575000000134e-01,4.323903509069255101e-03
1.333658601999999915e-01,4.323687361842470586e-03
1.333970603000000088e-01,4.323254690126348762e-03
1.334906168999999976e-01,4.321957187568528820e-03
1.335373705000000022e-01,4.321308716275446341e-03
1.335996832999999939e-01,4.320444278049308945e-03
1.336463988000000103e-01,4.319795883960720999e-03
1.336619671000000009e-01,4.319579852729988657e-03
1.337242217999999871e-01,4.318715622676240311e-03
1.338330979000000032e-01,4.317203638083894242e-03
1.338641891000000028e-01,4.316771971951191902e-03
1.340971431999999908e-01,4.313534415122154478e-03
1.341126591000000035e-01,4.313318653783468348e-03
1.341591960000000083e-01,4.312671521106424197e-03
1.342057167000000051e-01,4.312024530860113052e-03
1.342212201000000105e-01,4.311808789393909921e-03
1.342367215999999974e-01,4.311593184710681495e-03
1.343451823000000045e-01,4.310083923035568261e-03
1.343606696000000100e-01,4.309868427304484016e-03
1.344845033000000023e-01,4.308144554159940021e-03
1.345309115999999972e-01,4.307498100670377299e-03
1.345773037999999922e-01,4.306852080905015229e-03
1.346391352999999902e-01,4.305990704555730589e-03
1.346545888000000024e-01,4.305775376749910316e-03
1.347009383999999976e-01,4.305129361830905936e-03
1.347163848000000053e-01,4.304913997270076904e-03
1.347781523999999898e-01,4.304053064504188841e-03
1.348398918000000002e-01,4.303192303341538474e-03
1.348861778000000067e-01,4.302546860624229842e-03
1.349016029000000005e-01,4.302331624744868202e-03
1.350249404999999958e-01,4.300610938059647170e-03
1.350711631000000024e-01,4.299965807386573607e-03
1.350865670999999990e-01,4.299750804482915800e-03
1.351327686000000083e-01,4.299105843790708426e-03
1.351943459999999930e-01,4.298246255742013862e-03
1.352251241999999909e-01,4.297816342396851633e-03
1.352712784000000001e-01,4.297171720188708820e-03
1.353942793000000033e-01,4.295453277160175311e-03
1.354557378000000034e-01,4.294594201141694115e-03
1.354710980999999925e-01,4.294379624042348256e-03
1.355939177000000107e-01,4.292662215270553160e-03
1.356246051999999980e-01,4.292233147790606475e-03
1.356399463000000083e-01,4.292018631143024003e-03
1.357166260999999874e-01,4.290945703175411130e-03
1.358085847000000124e-01,4.289658845448580948e-03
1.358698557999999945e-01,4.288801109801014706e-03
1.358851692999999972e-01,4.288586832191330217e-03
1.359464059000000113e-01,4.287729335863282171e-03
1.359617106999999880e-01,4.287514983164543783e-03
1.360840875000000061e-01,4.285800727381001984e-03
1.361299504000000049e-01,4.285158065247928437e-03
1.361757979000000063e-01,4.284515619530507649e-03
1.361910769999999937e-01,4.284301406152562011e-03
1.363590336999999930e-01,4.281946219111733114e-03
1.363742921999999969e-01,4.281732261821696167e-03
1.364505592999999961e-01,4.280662287809352054e-03
1.364962990999999959e-01,4.280020625738966550e-03
1.365572616000000072e-01,4.279164990650098643e-03
1.366791052000000117e-01,4.277454382196787218e-03
1.366943280000000038e-01,4.277240488292366472e-03
1.367399861999999966e-01,4.276599329260550100e-03
1.367856292000000085e-01,4.275958084057973965e-03
1.368160494000000005e-01,4.275530724337999779e-03
1.368464628999999932e-01,4.275103342204863988e-03
1.369224669999999922e-01,4.274035155839016852e-03
1.370439857999999900e-01,4.272326605372271310e-03
1.370591680999999895e-01,4.272113315005708276e-03
1.370895276000000107e-01,4.271686153019529572e-03
1.371047048000000046e-01,4.271472665373064921e-03
1.371502263999999915e-01,4.270832419581707499e-03
1.372260621999999985e-01,4.269765488054567265e-03
1.374078974000000064e-01,4.267205818496221797e-03
1.374230395000000104e-01,4.266992746816037664e-03
1.375289872999999885e-01,4.265500350751455852e-03
1.375441161000000023e-01,4.265287153508975047e-03
1.375894923000000047e-01,4.264647979910575308e-03
1.376348535999999956e-01,4.264008780215725047e-03
1.376499707000000128e-01,4.263795642923015952e-03
1.377708478000000125e-01,4.262091606027014132e-03
1.377859499999999904e-01,4.261878674017625761e-03
1.379067079000000084e-01,4.260175557267383874e-03
1.379519649000000014e-01,4.259536973897898489e-03
1.380575068000000072e-01,4.258047580209381455e-03
1.380725775999999960e-01,4.257834960175762087e-03
1.381479070999999947e-01,4.256771463675143759e-03
1.381930851000000016e-01,4.256133483422605383e-03
1.382683489000000043e-01,4.255070464507778281e-03
1.383134874999999986e-01,4.254432681506604454e-03
1.384788700000000039e-01,4.252095434520362406e-03
1.385089183000000057e-01,4.251670747332478816e-03
1.385389600999999971e-01,4.251246078671025615e-03
1.385990242000000039e-01,4.250396508198281235e-03
1.386290464000000111e-01,4.249971931550061872e-03
1.386740676999999866e-01,4.249335145000160234e-03
1.387190742999999948e-01,4.248698452038958753e-03
1.387340732000000021e-01,4.248486243337264504e-03
1.387490705999999963e-01,4.248273885522560987e-03
1.387790603999999872e-01,4.247849677277253100e-03
1.388540065999999962e-01,4.246788967195544613e-03
1.389139343999999943e-01,4.245940386300776220e-03
1.389588633000000129e-01,4.245304267726000315e-03
1.390337125999999979e-01,4.244244223746650863e-03
1.390935630000000034e-01,4.243396457454071125e-03
1.392131866000000107e-01,4.241701078384400164e-03
1.392281324000000098e-01,4.241489320502635045e-03
1.392580190000000107e-01,4.241065702619452663e-03
1.393476405000000085e-01,4.239795041671836316e-03
1.394372043000000061e-01,4.238524751092804729e-03
1.394521260000000096e-01,4.238313181265857855e-03
1.395565333999999880e-01,4.236831660212945876e-03
1.395863497000000009e-01,4.236408498856296216e-03
1.396310622999999973e-01,4.235773936041400609e-03
1.396757604999999958e-01,4.235139487727816211e-03
1.396906566999999988e-01,4.234927828219492429e-03
1.397502257999999886e-01,4.234081955509633871e-03
1.398246513999999996e-01,4.233025003168261295e-03
1.399287808000000133e-01,4.231545628554510274e-03
1.399436501000000110e-01,4.231334253994187451e-03
1.399882484999999954e-01,4.230700485707067880e-03
1.400625477000000119e-01,4.229644494998179884e-03
1.401071081999999968e-01,4.229010839411242832e-03
1.401665002999999965e-01,4.228166331196886105e-03
1.402110277999999988e-01,4.227533134582617952e-03
1.402852089999999941e-01,4.226477633083017618e-03
1.403445257000000002e-01,4.225633668411805412e-03
1.403889966999999905e-01,4.225000764526313374e-03
1.405075174000000038e-01,4.223313648955204051e-03
1.405223254999999893e-01,4.223102835712552391e-03
1.406407338000000007e-01,4.221416450958147097e-03
1.406555278999999936e-01,4.221205747804784685e-03
1.406851112999999986e-01,4.220784259119200049e-03
1.407590425999999950e-01,4.219730960957529357e-03
1.407738242000000084e-01,4.219520307456402393e-03
1.408181597000000007e-01,4.218888288669842869e-03
1.408624812000000004e-01,4.218256596115630037e-03
1.408920210999999867e-01,4.217835374494141934e-03
1.409215548999999956e-01,4.217414271569226367e-03
1.409953622000000018e-01,4.216361768731018145e-03
1.410101189999999893e-01,4.216151344836051654e-03
1.411281181000000051e-01,4.214468043618220007e-03
1.411723423000000033e-01,4.213836727081747557e-03
1.412312863999999890e-01,4.212995673245791342e-03
1.412902058999999932e-01,4.212154574604027625e-03
1.413491007999999882e-01,4.211313605256992477e-03
1.413638207000000035e-01,4.211103250945291351e-03
1.413932558999999867e-01,4.210682890211163779e-03
1.414079712000000100e-01,4.210472823992839932e-03
1.414521079000000126e-01,4.209842347265826436e-03
1.414815248000000081e-01,4.209422194088287099e-03
1.415256386000000033e-01,4.208792031474603568e-03
1.415844356000000026e-01,4.207951676033630690e-03
1.416285173000000064e-01,4.207321755460553467e-03
1.417019563999999954e-01,4.206271996897839593e-03
1.418340509000000083e-01,4.204382937585644971e-03
1.419220455000000103e-01,4.203124341658732478e-03
1.419513649999999960e-01,4.202704925337306593e-03
1.420539353999999976e-01,4.201236914535916300e-03
1.420685821999999876e-01,4.201027267617942970e-03
1.420978713999999921e-01,4.200607873798234589e-03
1.422295982000000014e-01,4.198721961999332501e-03
1.423319681000000114e-01,4.197255426098295099e-03
1.423465864000000025e-01,4.197046006548010681e-03
1.424196550999999866e-01,4.195998898840809337e-03
1.424634784000000098e-01,4.195370887500672261e-03
1.425072881999999985e-01,4.194743016128332086e-03
1.425364872999999866e-01,4.194324502072164368e-03
1.425802747000000092e-01,4.193696555380406824e-03
1.426386369000000043e-01,4.192859736883496231e-03
1.427407133999999966e-01,4.191395449325237277e-03
1.427990101000000123e-01,4.190559085011680805e-03
1.428135805000000091e-01,4.190350045079694122e-03
1.428572830000000016e-01,4.189723027473773488e-03
1.428718475000000099e-01,4.189513843340733797e-03
1.429300907000000120e-01,4.188677994530439798e-03
1.429883100999999879e-01,4.187842003981294241e-03
1.430319592000000029e-01,4.187215423353144415e-03
1.431628265000000066e-01,4.185335621674792471e-03
1.432354788000000101e-01,4.184291808634716184e-03
1.432645294999999874e-01,4.183874373347376205e-03
1.432790526000000120e-01,4.183665582599433580e-03
1.433226130999999959e-01,4.183039699875500811e-03
1.433371303000000041e-01,4.182830880089557016e-03
1.433951844999999947e-01,4.181996208920559996e-03
1.434677192000000101e-01,4.180953330128321654e-03
1.434967228000000039e-01,4.180536375109229590e-03
1.435112223999999992e-01,4.180327901836465923e-03
1.435836984999999955e-01,4.179285279207106685e-03
1.436271665999999947e-01,4.178660020395577428e-03
1.436851036000000026e-01,4.177826137231696428e-03
1.437285409999999874e-01,4.177201155302112494e-03
1.438009075999999997e-01,4.176159413875293012e-03
1.438587745999999890e-01,4.175326429298048536e-03
1.439744389000000013e-01,4.173660772884823025e-03
1.440322361999999967e-01,4.172828099623882014e-03
1.440466819000000009e-01,4.172620108524911428e-03
1.441477613000000102e-01,4.171163480351540963e-03
1.441910593999999879e-01,4.170539457141106236e-03
1.442487698999999901e-01,4.169707581802877504e-03
1.442776165000000110e-01,4.169291582617409495e-03
1.443641216999999866e-01,4.168044188438951164e-03
1.443785341999999916e-01,4.167836467767509039e-03
1.444361698000000138e-01,4.167005043456777774e-03
1.444937823999999926e-01,4.166174037042379499e-03
1.445081820000000128e-01,4.165966223199566582e-03
1.445513720000000113e-01,4.165343197244424957e-03
1.445945492000000054e-01,4.164720042608792590e-03
1.447096254000000137e-01,4.163058821060112991e-03
1.448389767999999911e-01,4.161191158139017354e-03
1.448533421000000043e-01,4.160983672451093983e-03
1.448820682999999998e-01,4.160568598718153953e-03
1.448964292000000098e-01,4.160361152236661218e-03
1.449682127999999959e-01,4.159324076502039780e-03
1.450686501000000017e-01,4.157872644139123074e-03
1.450829925999999881e-01,4.157665231092188413e-03
1.451833503999999941e-01,4.156214496091150019e-03
1.451976815999999892e-01,4.156007301645579799e-03
1.452406666000000124e-01,4.155385676988677945e-03
1.452836389999999922e-01,4.154764043437884392e-03
1.453552312999999985e-01,4.153728738275664321e-03
1.454124797000000135e-01,4.152900228952663420e-03
1.454697057000000071e-01,4.152072296074615053e-03
1.455412064000000116e-01,4.151037432022590228e-03
1.456269609999999992e-01,4.149796060630607172e-03
1.456555347000000056e-01,4.149382100417756646e-03
1.456983846000000082e-01,4.148761570572282939e-03
1.457554983000000082e-01,4.147934527244749418e-03
1.457983189000000013e-01,4.147314308973986188e-03
1.458696586000000073e-01,4.146280550299225043e-03
1.458839222999999963e-01,4.146074040173896788e-03
1.459694756000000093e-01,4.144834135842847406e-03
1.459837296000000006e-01,4.144627475848591987e-03
1.459979821999999872e-01,4.144421089374491010e-03
1.460407317000000094e-01,4.143801252491172843e-03
1.460834685999999882e-01,4.143181560832342493e-03
1.462542916000000026e-01,4.140704238226616644e-03
1.462685177999999975e-01,4.140497894885196255e-03
1.464391248999999950e-01,4.138022279149850685e-03
1.464817456999999989e-01,4.137403669330527202e-03
1.465527527000000108e-01,4.136372652525255322e-03
1.465669498999999931e-01,4.136166550224590864e-03
1.466095335000000000e-01,4.135548141838476036e-03
1.468789426999999870e-01,4.131634359414609534e-03
1.468931083999999998e-01,4.131428340311447782e-03
1.469072727999999883e-01,4.131222409470677349e-03
1.469355974999999870e-01,4.130810875699232262e-03
1.469497577999999971e-01,4.130604968812143750e-03
1.470063852999999865e-01,4.129781771401724519e-03
1.470205387000000086e-01,4.129575763312689878e-03
1.470629908999999957e-01,4.128958523304663772e-03
1.471054309000000004e-01,4.128341366369391204e-03
1.471337174000000025e-01,4.127929921142839756e-03
1.471619985000000019e-01,4.127518415632692485e-03
1.472326774000000116e-01,4.126490506000482852e-03
1.472468090999999868e-01,4.126284728569874598e-03
1.472891960999999916e-01,4.125667878192129656e-03
1.473598140000000056e-01,4.124640277839218376e-03
1.473880516999999946e-01,4.124229261978001881e-03
1.474445108999999920e-01,4.123407465374148012e-03
1.475714650000000128e-01,4.121558941396133782e-03
1.475855641999999912e-01,4.121353304521842113e-03
1.476278540000000028e-01,4.120737603053347894e-03
1.476983098999999910e-01,4.119711008156947199e-03
1.477405673999999947e-01,4.119095378207137184e-03
1.477828127999999963e-01,4.118479960159670064e-03
1.477968919000000048e-01,4.118274633987853428e-03
1.478391212000000066e-01,4.117659076286033122e-03
1.478954080999999865e-01,4.116838695052397849e-03
1.479657366999999890e-01,4.115813465311750352e-03
1.480219755000000137e-01,4.114993356099209965e-03
1.480360319000000036e-01,4.114788443261073111e-03
1.481343890000000052e-01,4.113353728188078560e-03
1.481484346999999979e-01,4.113148689142254177e-03
1.482467172999999971e-01,4.111714727074476834e-03
1.482888185000000025e-01,4.111100579869632690e-03
1.483449347999999945e-01,4.110281306036711081e-03
1.483729850000000128e-01,4.109871988400985374e-03
1.484711190000000125e-01,4.108439297285400478e-03
1.485131564999999931e-01,4.107825311374204043e-03
1.485831927000000052e-01,4.106802419793937134e-03
1.486391978999999919e-01,4.105984158841345481e-03
1.487091747000000019e-01,4.104961873105687428e-03
1.487511448999999930e-01,4.104348522924249759e-03
1.488070868999999963e-01,4.103530942434406754e-03
1.489049347999999995e-01,4.102100808469893480e-03
1.489189077999999999e-01,4.101896339697407197e-03
1.489328795000000039e-01,4.101692137796275790e-03
1.489747867000000003e-01,4.101079494318928334e-03
1.490306446999999923e-01,4.100262491603512589e-03
1.490446059999999961e-01,4.100058299489691901e-03
1.490864818000000036e-01,4.099445815450358452e-03
1.491422980000000065e-01,4.098629228236397130e-03
1.492538676999999869e-01,4.096996767989887281e-03
1.492678081000000101e-01,4.096792842534134615e-03
1.494071399999999938e-01,4.094753008689691783e-03
1.494210660999999996e-01,4.094549237174557182e-03
1.496019868000000030e-01,4.091899762379867973e-03
1.496298013000000038e-01,4.091492180194963510e-03
1.496437066000000093e-01,4.091288364519760079e-03
1.496854149000000078e-01,4.090677388961854073e-03
1.497132139000000028e-01,4.090270023690435915e-03
1.497549028000000060e-01,4.089658988360595111e-03
1.497965800999999930e-01,4.089048168314409794e-03
1.498104698999999929e-01,4.088844806707960314e-03
1.499354206000000078e-01,4.087012855856276584e-03
1.500186632999999936e-01,4.085792124455885251e-03
1.500325325999999904e-01,4.085588880586871023e-03
1.500464005999999906e-01,4.085385358737268595e-03
1.500879968999999925e-01,4.084775141524919946e-03
1.501295816999999866e-01,4.084165036906300776e-03
1.501434407999999998e-01,4.083961739044825005e-03
1.502681146000000023e-01,4.082132304587416521e-03
1.503096496000000115e-01,4.081522955988714160e-03
1.504203534000000120e-01,4.079897747731070501e-03
1.504618463000000073e-01,4.079288455915268570e-03
1.504756747999999866e-01,4.079085498465005906e-03
1.505171525000000010e-01,4.078476199440675062e-03
1.505309757999999942e-01,4.078273247336451982e-03
1.505862565999999958e-01,4.077461208401669292e-03
1.506000735999999951e-01,4.077258395486636766e-03
1.507105640999999996e-01,4.075634932543027895e-03
1.508071769000000062e-01,4.074215236890774312e-03
1.509175157000000045e-01,4.072593422189771210e-03
1.509588719999999940e-01,4.071985327476434179e-03
1.509726549000000029e-01,4.071782746825399618e-03
1.510139960999999920e-01,4.071174656675573614e-03
1.510415505999999908e-01,4.070769485544926437e-03
1.510828728999999981e-01,4.070161671191533000e-03
1.511517183999999958e-01,4.069148882161969204e-03
1.511792477999999995e-01,4.068744078997287884e-03
1.512618058999999904e-01,4.067529265636012602e-03
1.513030680999999933e-01,4.066922059104683546e-03
1.513718133999999993e-01,4.065909898927564693e-03
1.513993026999999880e-01,4.065505476834746675e-03
1.514542664999999899e-01,4.064696239098963305e-03
1.514680043999999948e-01,4.064493811197764095e-03
1.515229432000000098e-01,4.063684767138898112e-03
1.515778621999999964e-01,4.062876059255882306e-03
1.516190383000000086e-01,4.062269630892985720e-03
1.516327611999999936e-01,4.062067521160452402e-03
1.517836311999999910e-01,4.059844537466536507e-03
1.517973393000000004e-01,4.059642502633272268e-03
1.518384559000000023e-01,4.059036736017642040e-03
1.519069588999999998e-01,4.058027029209540677e-03
1.520164995000000130e-01,4.056411831488772150e-03
1.520301864999999975e-01,4.056210288637529873e-03
1.520712402000000130e-01,4.055604914424998375e-03
1.522353442000000112e-01,4.053183997906090359e-03
1.522490115000000033e-01,4.052982418227645336e-03
1.522900061999999943e-01,4.052377413885124326e-03
1.523309898000000107e-01,4.051772872442830145e-03
1.523583061999999877e-01,4.051369602830562355e-03
1.523992714000000082e-01,4.050764958474143036e-03
1.524402256999999872e-01,4.050160577866122706e-03
1.524538746999999916e-01,4.049959053668092217e-03
1.525766605999999970e-01,4.048146030520676994e-03
1.526175671999999983e-01,4.047542007078229823e-03
1.526857206999999994e-01,4.046535387321509476e-03
1.527674646000000136e-01,4.045327677581612817e-03
1.528899987000000016e-01,4.043517130645109259e-03
1.529036075000000106e-01,4.043316042645038466e-03
1.529308215000000082e-01,4.042913787700459956e-03
1.529988354000000050e-01,4.041908438604757854e-03
1.530124344999999886e-01,4.041707392074508562e-03
1.530532246999999901e-01,4.041104427158958602e-03
1.531211842000000101e-01,4.040099621391104491e-03
1.531483596000000058e-01,4.039697396803774813e-03
1.532162769000000035e-01,4.038693237928658863e-03
1.532705890999999931e-01,4.037889697561447208e-03
1.533113106000000003e-01,4.037287180498133447e-03
1.533384523000000110e-01,4.036885600363950000e-03
1.533655891000000049e-01,4.036484035160728401e-03
1.533791557999999999e-01,4.036283460437012187e-03
1.534334102999999894e-01,4.035480328505894505e-03
1.534876456000000000e-01,4.034677834206775240e-03
1.535554128999999934e-01,4.033674643716447447e-03
1.535825114000000102e-01,4.033273371420787769e-03
1.535960588999999987e-01,4.033072752339160981e-03
1.536366940999999986e-01,4.032471312998540426e-03
1.536637782999999979e-01,4.032070293974745166e-03
1.537991277000000101e-01,4.030065512141584559e-03
1.538667576999999953e-01,4.029063760495682316e-03
1.538802801999999970e-01,4.028863214254588612e-03
1.539208404000000086e-01,4.028262130517514666e-03
1.539613898999999952e-01,4.027661270762978099e-03
1.540289487000000013e-01,4.026660249001665255e-03
1.540964779000000007e-01,4.025659295526434929e-03
1.541909690000000110e-01,4.024258213705950681e-03
1.542044630999999943e-01,4.024058052719893183e-03
1.542314475000000074e-01,4.023657811974948144e-03
1.542449379999999981e-01,4.023457941314504890e-03
1.543123727000000056e-01,4.022457765210228631e-03
1.543528192999999993e-01,4.021857805415415127e-03
1.544067316999999939e-01,4.021058018457265328e-03
1.544471535999999978e-01,4.020458465957680617e-03
1.544606252999999874e-01,4.020258333384995469e-03
1.545144999999999991e-01,4.019458851393140075e-03
1.545683559999999901e-01,4.018659771575762429e-03
1.546356496000000080e-01,4.017660907359811573e-03
1.546760118000000128e-01,4.017061594900884353e-03
1.548239160999999864e-01,4.014865697868178450e-03
1.548910987000000072e-01,4.013867808732861017e-03
1.549448237999999922e-01,4.013069933841163436e-03
1.549582522000000073e-01,4.012870350347106339e-03
1.550387978999999972e-01,4.011673791916899566e-03
1.550522180999999999e-01,4.011474228878147454e-03
1.550924717999999924e-01,4.010876024216506429e-03
1.551595380999999940e-01,4.009879273543398050e-03
1.552533822999999924e-01,4.008484502832306701e-03
1.552801845000000014e-01,4.008085997800526004e-03
1.553605633000000041e-01,4.006890712665901050e-03
1.553739557000000104e-01,4.006691736539256393e-03
1.554810536000000021e-01,4.005098658573931839e-03
1.555211962999999975e-01,4.004501758869587549e-03
1.555345749000000000e-01,4.004302630212275109e-03
1.556014505999999964e-01,4.003307460527190387e-03
1.556415623000000081e-01,4.002710887710579993e-03
1.556950283999999907e-01,4.001915128607984491e-03
1.557885499999999979e-01,4.000522947583240452e-03
1.558152600999999915e-01,4.000125339138028632e-03
1.558553166999999962e-01,3.999529163528237757e-03
1.558953630000000090e-01,3.998932949268846869e-03
1.560154403000000023e-01,3.997144764470041307e-03
1.560287764999999938e-01,3.996946167513787916e-03
1.561220982000000035e-01,3.995556271680167013e-03
1.561354252999999914e-01,3.995357553438768500e-03
1.561620760999999913e-01,3.994960462882191435e-03
1.561753998000000032e-01,3.994761981832468944e-03
1.562153639999999954e-01,3.994166354031509353e-03
1.562819484000000092e-01,3.993174153271055078e-03
1.563751188999999986e-01,3.991785763648809417e-03
1.563884245000000117e-01,3.991587195056108851e-03
1.564416352999999926e-01,3.990794174482060509e-03
1.564549352000000060e-01,3.990595676194663190e-03
1.566542979999999974e-01,3.987622924719866346e-03
1.567472471999999950e-01,3.986236015972448830e-03
1.567605212000000026e-01,3.986038104100013239e-03
1.567737939999999941e-01,3.985839999640603502e-03
1.568666723999999901e-01,3.984454241364195244e-03
1.568799361999999864e-01,3.984256392010998571e-03
1.569197210000000120e-01,3.983662523210436575e-03
1.569594957999999874e-01,3.983068876429176827e-03
1.570125131000000007e-01,3.982277394586206803e-03
1.570787596000000064e-01,3.981288589230845033e-03
1.570920054999999926e-01,3.981090636515379096e-03
1.571317365999999882e-01,3.980497419165561143e-03
1.571979329000000036e-01,3.979509013823570758e-03
1.572376372000000022e-01,3.978915725219677249e-03
1.572905608000000066e-01,3.978125309844809422e-03
1.573434665000000010e-01,3.977335074634224393e-03
1.573963545000000019e-01,3.976544594978856373e-03
1.574095736999999995e-01,3.976347385109513591e-03
1.574360087999999991e-01,3.975952154163037849e-03
1.574888657000000081e-01,3.975162345220512733e-03
1.575549119000000109e-01,3.974175277099440545e-03
1.575945263000000096e-01,3.973583158233449930e-03
1.576473301000000105e-01,3.972793918825647148e-03
1.577265025000000043e-01,3.971610223584991217e-03
1.577660738999999979e-01,3.971018134701184872e-03
1.578320039999999980e-01,3.970032350984874052e-03
1.578715488999999916e-01,3.969440776316098506e-03
1.579242600000000107e-01,3.968652434095380765e-03
1.579374350999999954e-01,3.968455138221140335e-03
1.580296294999999906e-01,3.967075924336190516e-03
1.580427957999999966e-01,3.966878922716078962e-03
1.580822879000000070e-01,3.966288034293337372e-03
1.581480862999999903e-01,3.965303299281362596e-03
1.583453172000000020e-01,3.962350676902709132e-03
1.583978706999999986e-01,3.961563924129132136e-03
1.584372742999999861e-01,3.960973646781737120e-03
1.585029253000000138e-01,3.959990247012533729e-03
1.586734907000000028e-01,3.957435106751079797e-03
1.586997152000000078e-01,3.957042028079736477e-03
1.587128258999999930e-01,3.956845459906961106e-03
1.587521514000000133e-01,3.956256246048405617e-03
1.587652576999999954e-01,3.956059799811275854e-03
1.587783628999999974e-01,3.955863371545138840e-03
1.588700692999999997e-01,3.954488905485105225e-03
1.588831659000000118e-01,3.954292616865895046e-03
1.589093558999999933e-01,3.953899756196202313e-03
1.589748119000000126e-01,3.952918679488054941e-03
1.589878999000000070e-01,3.952722133681647008e-03
1.590925649000000108e-01,3.951152504141939442e-03
1.591187202999999883e-01,3.950760473021491977e-03
1.591317965000000056e-01,3.950564297471445205e-03
1.591710184000000028e-01,3.949976156632647832e-03
1.591840902999999974e-01,3.949779760954963588e-03
1.592363669000000093e-01,3.948995830543693131e-03
1.593016885000000105e-01,3.948015728771107728e-03
1.593278096999999893e-01,3.947623663613757626e-03
1.593408685999999908e-01,3.947427714336009495e-03
1.594453019000000027e-01,3.945860504897992158e-03
1.594974929000000097e-01,3.945076992101176003e-03
1.595887860999999908e-01,3.943706467638150373e-03
1.596018237000000062e-01,3.943510531754288069e-03
1.596148602000000138e-01,3.943314766261947837e-03
1.596539634999999957e-01,3.942727846794513887e-03
1.597191142999999924e-01,3.941749369019842929e-03
1.597581921000000016e-01,3.941162717548871673e-03
1.598102808999999902e-01,3.940380257840602439e-03
1.599144076000000025e-01,3.938815828986264207e-03
1.599534375999999980e-01,3.938229464935890690e-03
1.600054629000000062e-01,3.937447753668782066e-03
1.600314690999999900e-01,3.937057007949325109e-03
1.601224578000000065e-01,3.935689208588557912e-03
1.601744281999999964e-01,3.934908170362400384e-03
1.602393673999999990e-01,3.933931857655940945e-03
1.602783183000000000e-01,3.933346074990439964e-03
1.603172596999999922e-01,3.932760841753875358e-03
1.603432153999999887e-01,3.932370256405361489e-03
1.604210574000000111e-01,3.931199936313670498e-03
1.604340273000000039e-01,3.931004652495148285e-03
1.605766279999999990e-01,3.928859481925031823e-03
1.605895854000000122e-01,3.928664555322545875e-03
1.606414046000000095e-01,3.927884843628000333e-03
1.606932071000000128e-01,3.927105379740605459e-03
1.607320479999999885e-01,3.926520830374724026e-03
1.607838212999999905e-01,3.925741456493019553e-03
1.608485145000000116e-01,3.924767917740182473e-03
1.608614499999999892e-01,3.924573224681080809e-03
1.609002502999999917e-01,3.923988775684945744e-03
1.609390411999999937e-01,3.923404828130967574e-03
1.609907479999999891e-01,3.922626548772704599e-03
1.610036719999999866e-01,3.922431767210789351e-03
1.611586801999999874e-01,3.920097426952098667e-03
1.611715907999999864e-01,3.919902949255895525e-03
1.612103165000000060e-01,3.919319381929010221e-03
1.612748385999999978e-01,3.918347333844504968e-03
1.613135394000000111e-01,3.917764233493829101e-03
1.613651261000000059e-01,3.916987039548145387e-03
1.614038053999999889e-01,3.916403993515242890e-03
1.614811359999999973e-01,3.915238494664399424e-03
1.615197874000000033e-01,3.914655726829290722e-03
1.615584295999999975e-01,3.914073070894349103e-03
1.615713082999999939e-01,3.913879021950665560e-03
1.615841859000000102e-01,3.913684775214455736e-03
1.616228127000000070e-01,3.913102819956967675e-03
1.616614302999999919e-01,3.912520322945501131e-03
1.616871702000000077e-01,3.912132119771417199e-03
1.617900888999999898e-01,3.910580146159055651e-03
1.618158083000000025e-01,3.910192051266223739e-03
1.619314953000000057e-01,3.908447125338640298e-03
1.619700393000000072e-01,3.907865352278443345e-03
1.619828852000000097e-01,3.907671732095515001e-03
1.620342587999999973e-01,3.906896717498482483e-03
1.621369571999999870e-01,3.905346735246145295e-03
1.622011106000000036e-01,3.904378400582960047e-03
1.622908828999999886e-01,3.903023314492969683e-03
1.623934189000000028e-01,3.901474960003854884e-03
1.624062313999999896e-01,3.901281409498081644e-03
1.624318533000000120e-01,3.900894682650823692e-03
1.624446626999999921e-01,3.900701195714528259e-03
1.624830848999999910e-01,3.900120774423500997e-03
1.625854998000000051e-01,3.898574059357191608e-03
1.625982971000000110e-01,3.898380649564439897e-03
1.626110933999999897e-01,3.898187398382510580e-03
1.627006394000000133e-01,3.896834378212973155e-03
1.627134276999999962e-01,3.896641444133614601e-03
1.628156977000000116e-01,3.895095787149508663e-03
1.628540323000000067e-01,3.894516605103404226e-03
1.628923579999999871e-01,3.893937198791036242e-03
1.629562139999999881e-01,3.892971788470822331e-03
1.630072808999999956e-01,3.892199918336340832e-03
1.630455704999999866e-01,3.891620909608343656e-03
1.630583317000000032e-01,3.891427878761470529e-03
1.631603855000000047e-01,3.889884691874408162e-03
1.631986391999999952e-01,3.889306331131865777e-03
1.632113883999999904e-01,3.889113700431830623e-03
1.632496301999999955e-01,3.888535376051784152e-03
1.633006053000000124e-01,3.887764238904277588e-03
1.633133465000000117e-01,3.887571363001426483e-03
1.633260867999999921e-01,3.887378688761287948e-03
1.633643016999999920e-01,3.886800615731837195e-03
1.634025077000000048e-01,3.886222706199446084e-03
1.634279734000000095e-01,3.885837165533408653e-03
1.634661645000000108e-01,3.885259224472809112e-03
1.635170720000000133e-01,3.884488923142607238e-03
1.636315560999999918e-01,3.882756113488375176e-03
1.636569861999999931e-01,3.882371571930058347e-03
1.636696997000000042e-01,3.882178996839963023e-03
1.637332525999999899e-01,3.881216712297533289e-03
1.637713725000000120e-01,3.880639667045692083e-03
1.638221851999999978e-01,3.879870555139316134e-03
1.638602844000000003e-01,3.879293494823132793e-03
1.639364561999999970e-01,3.878139989230650151e-03
1.640125926999999872e-01,3.876986938425729719e-03
1.640379637000000113e-01,3.876602520293878987e-03
1.640760126999999957e-01,3.876025849621642962e-03
1.641140530000000097e-01,3.875449590962706282e-03
1.641267311000000062e-01,3.875257543640521496e-03
1.642154506999999874e-01,3.873913381647266403e-03
1.642281210000000047e-01,3.873721650161788665e-03
1.642661260000000123e-01,3.873145652694968098e-03
1.642787924000000122e-01,3.872953520443844864e-03
1.644307130000000061e-01,3.870650948577620751e-03
1.644433667000000099e-01,3.870458927298357256e-03
1.644686711999999995e-01,3.870075508482448152e-03
1.645319154999999867e-01,3.869116777763833507e-03
1.645445614000000112e-01,3.868924760063545236e-03
1.646456939000000008e-01,3.867391312060810323e-03
1.646709672999999985e-01,3.867007978762139475e-03
1.647341338999999960e-01,3.866050382673037137e-03
1.647846497000000077e-01,3.865283970343048273e-03
1.648351500999999941e-01,3.864517733540079412e-03
1.648477727999999864e-01,3.864326397386651322e-03
1.650243888000000048e-01,3.861646868508710525e-03
1.650748157999999965e-01,3.860881199071183184e-03
1.651378279000000060e-01,3.859924979160603113e-03
1.651504273999999939e-01,3.859733821423764252e-03
1.652260043999999872e-01,3.858586524252805884e-03
1.652385972000000036e-01,3.858395638065292583e-03
1.652511891000000011e-01,3.858204318541039960e-03
1.652889589000000048e-01,3.857630880416967108e-03
1.653267200000000103e-01,3.857057620091122220e-03
1.653393052000000085e-01,3.856866611496328860e-03
1.653518894000000072e-01,3.856675362817287445e-03
1.654399518000000124e-01,3.855338328564335282e-03
1.654902521999999931e-01,3.854574072437420579e-03
1.655531061999999942e-01,3.853619637372006704e-03
1.656787426000000119e-01,3.851710956073174132e-03
1.656913010000000130e-01,3.851520387348760909e-03
1.657540787000000015e-01,3.850566460159854810e-03
1.657917338999999879e-01,3.849994089299472576e-03
1.658544735999999964e-01,3.849040748188718199e-03
1.658921060999999919e-01,3.848468706526879390e-03
1.659422694000000087e-01,3.847706233776316230e-03
1.660425504999999968e-01,3.846181972017339180e-03
1.660550813999999986e-01,3.845991251422812250e-03
1.660801403000000120e-01,3.845610388832542727e-03
1.661302469000000004e-01,3.844848612664984819e-03
1.661928588000000095e-01,3.843896373766629918e-03
1.662429313000000075e-01,3.843135150133233664e-03
1.662554471000000089e-01,3.842945009837175734e-03
1.663430311999999911e-01,3.841612633840792244e-03
1.663930586000000045e-01,3.840851533760493864e-03
1.664305691999999892e-01,3.840281299003068041e-03
1.664555715999999908e-01,3.839900827184931486e-03
1.664805702999999915e-01,3.839520406095075014e-03
1.664930682000000106e-01,3.839330516649433912e-03
1.665305562999999933e-01,3.838759812526676331e-03
1.666429701000000096e-01,3.837049163196459747e-03
1.666804245000000073e-01,3.836479389902466928e-03
1.667553079999999910e-01,3.835339800648443920e-03
1.668426296999999947e-01,3.834010574613350934e-03
1.669423700000000066e-01,3.832491738662314410e-03
1.669548332999999940e-01,3.832302027363242419e-03
1.669922178000000090e-01,3.831732867675577241e-03
1.670420506999999999e-01,3.830974120899594600e-03
1.670918687999999874e-01,3.830215467306111437e-03
1.671416719999999911e-01,3.829456916163665077e-03
1.671541205000000030e-01,3.829267251286285097e-03
1.672536749999999905e-01,3.827750692207258949e-03
1.672785544000000013e-01,3.827371972906778996e-03
1.672909925999999936e-01,3.827182350767867162e-03
1.673283020000000121e-01,3.826613967952660275e-03
1.673531702999999926e-01,3.826234976148941598e-03
1.673904657999999990e-01,3.825666970306439065e-03
1.674277529000000042e-01,3.825098335381303324e-03
1.674401801000000023e-01,3.824909203922574608e-03
1.674774562999999938e-01,3.824341181779624538e-03
1.675519836000000096e-01,3.823205100459863177e-03
1.675892347999999865e-01,3.822637603010353713e-03
1.676885310000000018e-01,3.821123937674303708e-03
1.677257518999999975e-01,3.820556528714600872e-03
1.677381571000000071e-01,3.820367522387982991e-03
1.678497620000000135e-01,3.818665774468600529e-03
1.678745530000000097e-01,3.818287614669463835e-03
1.678869471999999974e-01,3.818098738675396262e-03
1.679489041999999988e-01,3.817153577852055914e-03
1.679860673999999943e-01,3.816586972352232435e-03
1.680232224000000052e-01,3.816020191970133629e-03
1.680479877999999927e-01,3.815642551559437178e-03
1.680727495999999876e-01,3.815265050559540905e-03
1.681346381000000112e-01,3.814320536192690892e-03
1.682212436999999949e-01,3.812999373342191439e-03
1.682830775999999973e-01,3.812055950992560265e-03
1.683819645999999892e-01,3.810546894958930907e-03
1.684313863999999938e-01,3.809792678335264474e-03
1.685178394999999885e-01,3.808473140228794442e-03
1.685425322000000115e-01,3.808095772013022576e-03
1.685795646000000092e-01,3.807530666562493078e-03
1.686289283999999888e-01,3.806776822576102715e-03
1.686659417999999966e-01,3.806211726582902667e-03
1.687276127000000014e-01,3.805270326637674293e-03
1.687769332000000067e-01,3.804517010521811168e-03
1.688262392999999861e-01,3.803763807994386612e-03
1.688385635999999912e-01,3.803575833973341785e-03
1.689124902999999955e-01,3.802446487717826319e-03
1.689248083000000067e-01,3.802258302730768605e-03
1.690233197999999881e-01,3.800753614185603448e-03
1.690356296999999952e-01,3.800565700207876162e-03
1.690602468999999886e-01,3.800189648780235522e-03
1.690725540999999943e-01,3.800001256955568268e-03
1.691709795999999932e-01,3.798497430134941191e-03
1.692570549000000091e-01,3.797182342025506949e-03
1.692693477999999974e-01,3.796994317625043604e-03
1.693185104999999913e-01,3.796243218396224209e-03
1.693307990000000041e-01,3.796055133674407483e-03
1.693676590000000037e-01,3.795491975345062757e-03
1.694290743999999904e-01,3.794553199541946323e-03
1.695150186999999919e-01,3.793239071160837105e-03
1.696254544999999947e-01,3.791550736904104012e-03
1.696622505000000003e-01,3.790987897212343485e-03
1.696990385000000101e-01,3.790425297848400935e-03
1.697112993999999875e-01,3.790237680552304301e-03
1.697235594000000014e-01,3.790050384615779866e-03
1.697603340999999932e-01,3.789487840640298495e-03
1.697971007999999893e-01,3.788925271353351960e-03
1.698093545999999898e-01,3.788737961971329771e-03
1.698461106999999970e-01,3.788175786120171525e-03
1.699195991000000128e-01,3.787051875172089358e-03
1.700420092000000105e-01,3.785178701874276300e-03
1.700542452999999898e-01,3.784991787938308920e-03
1.701031812000000087e-01,3.784242913023729265e-03
1.701521028999999907e-01,3.783493940142775014e-03
1.702010106000000078e-01,3.782745813743287715e-03
1.702132353999999959e-01,3.782558330438526469e-03
1.702376821999999901e-01,3.782184170003546463e-03
1.703110016000000115e-01,3.781062140384797935e-03
1.703842895000000079e-01,3.779940392725112275e-03
1.703965010999999863e-01,3.779753199948836847e-03
1.704331305000000019e-01,3.779192542689343345e-03
1.704819576000000114e-01,3.778445041459722441e-03
1.705429717999999983e-01,3.777510798915870507e-03
1.706039642000000134e-01,3.776576667669165419e-03
1.706405491000000108e-01,3.776016466718548886e-03
1.706893168999999988e-01,3.775269640610627846e-03
1.707015065999999970e-01,3.775083116786745463e-03
1.707989933999999876e-01,3.773589841699340804e-03
1.708233563000000066e-01,3.773216356436777472e-03
1.708355364999999959e-01,3.773030179607352128e-03
1.708720719000000055e-01,3.772470144336387016e-03
1.708964245000000048e-01,3.772097225505553764e-03
1.709816312000000116e-01,3.770791758936705047e-03
1.710789583000000003e-01,3.769300463067726693e-03
1.710911203000000103e-01,3.769113821527586995e-03
1.712248452000000032e-01,3.767064666727143636e-03
1.712612974999999926e-01,3.766506029384695392e-03
1.713584657999999983e-01,3.765016605070897835e-03
1.713706078999999993e-01,3.764830460626168978e-03
1.713827491999999897e-01,3.764644279468984129e-03
1.714070292000000051e-01,3.764271848686992668e-03
1.714677142000000098e-01,3.763341443212308342e-03
1.714798486000000122e-01,3.763155198528305573e-03
1.715162467999999940e-01,3.762597180192638925e-03
1.715526370999999883e-01,3.762039342408206397e-03
1.716011457000000129e-01,3.761295353184984733e-03
1.716617619999999955e-01,3.760365737968323491e-03
1.716738827000000023e-01,3.760179888111541552e-03
1.717102396999999891e-01,3.759622242103739190e-03
1.717708175999999864e-01,3.758692995498713520e-03
1.717950427000000113e-01,3.758321692113856041e-03
1.718071539999999897e-01,3.758135474001348276e-03
1.719524231000000014e-01,3.755907015262227849e-03
1.719887211999999999e-01,3.755350085341506612e-03
1.720008188999999910e-01,3.755164273791140872e-03
1.720612944000000089e-01,3.754236670183073738e-03
1.721338370999999923e-01,3.753123274557893484e-03
1.721459244999999916e-01,3.752937479373698749e-03
1.721821818000000004e-01,3.752381233391505286e-03
1.722425937000000018e-01,3.751454100213772163e-03
1.723392086999999961e-01,3.749971145734025055e-03
1.723874958000000124e-01,3.749229582414173503e-03
1.724357695000000024e-01,3.748488619368646989e-03
1.724478358000000044e-01,3.748303211534102872e-03
1.725443358000000038e-01,3.746821560185058502e-03
1.725684523999999886e-01,3.746451498172149834e-03
1.725805093999999984e-01,3.746265977393913125e-03
1.726407819000000121e-01,3.745340324091996510e-03
1.726769353000000007e-01,3.744785241864901845e-03
1.727733073000000119e-01,3.743305086556257110e-03
1.728214731999999920e-01,3.742565459863716765e-03
1.728335125999999888e-01,3.742380315647574930e-03
1.729057311999999957e-01,3.741270920207362231e-03
1.729297972999999933e-01,3.740901225813942233e-03
1.730140025999999942e-01,3.739607154892493623e-03
1.730981668000000084e-01,3.738314180373066269e-03
1.731222062999999978e-01,3.737944585995365936e-03
1.731462423000000028e-01,3.737575138395019328e-03
1.731943045000000070e-01,3.736836636511225562e-03
1.732063179999999980e-01,3.736651906961843857e-03
1.732543633999999999e-01,3.735913806749729948e-03
1.733144016000000009e-01,3.734990560279205941e-03
1.733384109999999978e-01,3.734621685389496060e-03
1.733984199999999976e-01,3.733699281818820062e-03
1.734104193000000071e-01,3.733515083742534359e-03
1.734464122999999913e-01,3.732961748156449037e-03
1.734823977999999933e-01,3.732407987917330493e-03
1.735063840000000135e-01,3.732039719920793915e-03
1.735423570000000082e-01,3.731486447081912728e-03
1.735783226000000012e-01,3.730933281676880684e-03
1.735903095000000118e-01,3.730749189870597761e-03
1.736981541000000018e-01,3.729090630578124881e-03
1.737221104999999988e-01,3.728722416244960661e-03
1.737340874999999951e-01,3.728538131214184474e-03
1.738298734000000012e-01,3.727064802533510985e-03
1.738777465999999938e-01,3.726328334634950064e-03
1.739614929999999948e-01,3.725039880915617229e-03
1.739854131000000137e-01,3.724672384189490169e-03
1.740691075999999948e-01,3.723384676396043064e-03
1.741647092999999979e-01,3.721913657390827409e-03
1.741766557999999965e-01,3.721729697527630717e-03
1.742602584999999871e-01,3.720442982972250925e-03
1.742721985000000029e-01,3.720259165799659224e-03
1.742960759999999942e-01,3.719891826873339673e-03
1.743080134999999975e-01,3.719707906583603375e-03
1.743676888000000036e-01,3.718789700988517789e-03
1.744034841999999863e-01,3.718238636866954584e-03
1.744392723000000034e-01,3.717687984012939609e-03
1.745465922999999975e-01,3.716035417540876785e-03
1.745942689999999964e-01,3.715301617258963407e-03
1.746300178999999897e-01,3.714751034436210471e-03
1.746538464999999873e-01,3.714384448757074297e-03
1.746895831999999982e-01,3.713833853602582433e-03
1.748324572000000132e-01,3.711633915414847430e-03
1.748443581000000135e-01,3.711450918389578614e-03
1.748800558999999977e-01,3.710900998572234499e-03
1.749395360999999871e-01,3.709984620551560162e-03
1.750227742999999891e-01,3.708702514540019018e-03
1.750346623000000046e-01,3.708519282766979935e-03
1.751178553999999943e-01,3.707238134152764705e-03
1.751653764999999974e-01,3.706505811786468905e-03
1.752010089000000104e-01,3.705956688427106387e-03
1.752485075000000114e-01,3.705225001144232637e-03
1.752603801000000017e-01,3.705041740808060358e-03
1.753553322999999997e-01,3.703578713988760814e-03
1.754027891000000117e-01,3.702847310282151531e-03
1.754146513000000018e-01,3.702664905430361805e-03
1.754383733000000056e-01,3.702299360756698427e-03
1.754502330999999915e-01,3.702116435440134124e-03
1.754858076999999961e-01,3.701568069207406431e-03
1.755095200000000022e-01,3.701202597151850328e-03
1.755450826000000131e-01,3.700654414999423551e-03
1.756280337999999996e-01,3.699375812433399607e-03
1.756872607999999947e-01,3.698462895431293800e-03
1.756991036999999978e-01,3.698280275542761321e-03
1.757346278999999956e-01,3.697732717872051315e-03
1.757701449000000082e-01,3.697184907324502050e-03
1.758648217999999874e-01,3.695725366853883607e-03
1.758766529000000134e-01,3.695542433001640197e-03
1.759830964000000109e-01,3.693901017399475826e-03
1.760067416999999967e-01,3.693536317444806420e-03
1.760185632000000056e-01,3.693354322468935490e-03
1.760776588000000087e-01,3.692442814074543660e-03
1.761131066000000134e-01,3.691896142491087572e-03
1.761485473000000135e-01,3.691349647953703298e-03
1.761603593000000134e-01,3.691167180128431240e-03
1.761957903999999964e-01,3.690620754831628117e-03
1.762075992000000091e-01,3.690438646815474323e-03
1.762548265999999975e-01,3.689710019598792332e-03
1.762666314000000123e-01,3.689527942728171740e-03
1.763610418000000069e-01,3.688071258849537088e-03
1.763964326999999943e-01,3.687525681759899927e-03
1.764436094000000066e-01,3.686797728612330530e-03
1.765261384000000044e-01,3.685523873679645134e-03
1.765379252000000010e-01,3.685342186718868537e-03
1.765732805999999933e-01,3.684796330981607738e-03
1.766204101000000137e-01,3.684069521752142678e-03
1.766321905000000081e-01,3.683887622683655778e-03
1.766793043000000063e-01,3.683160150836035929e-03
1.767617233000000065e-01,3.681888319889707085e-03
1.768323376000000002e-01,3.680798279217216938e-03
1.768676341000000041e-01,3.680253644617252455e-03
1.769264459999999872e-01,3.679345523067890315e-03
1.769969946000000127e-01,3.678256256203789928e-03
1.770087499000000120e-01,3.678074734421612861e-03
1.771027646999999983e-01,3.676623185863991256e-03
1.771145130000000012e-01,3.676441634171560661e-03
1.771380073000000110e-01,3.676079036123253759e-03
1.771497532999999902e-01,3.675897439585744560e-03
1.772436933000000048e-01,3.674447172009370679e-03
1.773258498999999988e-01,3.673178145410018695e-03
1.773845098999999870e-01,3.672271993799670984e-03
1.774314240000000042e-01,3.671547530700418772e-03
1.774783255999999865e-01,3.670822928784916398e-03
1.774900490999999914e-01,3.670641943929400883e-03
1.775252149000000057e-01,3.670098975015162034e-03
1.775720916999999899e-01,3.669374244903629480e-03
1.775838090000000091e-01,3.669193783255677611e-03
1.776658084000000137e-01,3.667926700755252609e-03
1.776775194999999918e-01,3.667745883050889822e-03
1.777126481000000091e-01,3.667202662520224928e-03
1.777477698999999911e-01,3.666660286167876259e-03
1.777711804999999867e-01,3.666298797317754047e-03
1.778881874999999890e-01,3.664490181068423124e-03
1.778998838999999998e-01,3.664309633772192855e-03
1.779583546999999877e-01,3.663405939535681246e-03
1.780518680000000020e-01,3.661960873900255240e-03
1.780869227999999915e-01,3.661419077898565161e-03
1.781219708000000013e-01,3.660877156775982268e-03
1.781336518999999952e-01,3.660696482616425732e-03
1.782153982000000136e-01,3.659432994701929120e-03
1.782270732000000024e-01,3.659252417578831313e-03
1.783321136999999890e-01,3.657628210657899986e-03
1.784137691000000081e-01,3.656365649827187248e-03
1.784254311000000037e-01,3.656185624600687308e-03
1.784487527999999990e-01,3.655825184224260112e-03
1.786119197000000103e-01,3.653301903832323512e-03
1.786468646000000104e-01,3.652761552421813617e-03
1.786934471999999940e-01,3.652040911250030355e-03
1.787400177000000034e-01,3.651320274694126386e-03
1.787865760000000026e-01,3.650600492552041193e-03
1.788214868000000124e-01,3.650060209580823726e-03
1.788331221999999998e-01,3.649880377493552788e-03
1.788680239000000061e-01,3.649340194128030540e-03
1.788912879000000011e-01,3.648980581220797204e-03
1.789261782999999884e-01,3.648440726777892832e-03
1.789610618999999958e-01,3.647901019595977453e-03
1.790772912999999966e-01,3.646102634952446547e-03
1.791121454000000057e-01,3.645563580910933608e-03
1.791469927999999878e-01,3.645024277587689560e-03
1.791586071000000058e-01,3.644844954836738270e-03
1.792050565999999956e-01,3.644125936508973030e-03
1.792398859000000066e-01,3.643586926655181715e-03
1.793559346999999971e-01,3.641790943862543029e-03
1.793791354000000005e-01,3.641432044404958011e-03
1.794487197000000089e-01,3.640354926163599531e-03
1.794835016999999922e-01,3.639816403907659200e-03
1.795182768999999956e-01,3.639278584474743474e-03
1.795298671999999984e-01,3.639098911656309370e-03
1.795646334000000066e-01,3.638560875662586597e-03
1.796225623000000104e-01,3.637664254915122086e-03
1.796341458000000058e-01,3.637484787628985760e-03
1.796688918999999884e-01,3.636946924885629297e-03
1.797036312999999996e-01,3.636408923676523984e-03
1.797267871000000072e-01,3.636050339671976789e-03
1.797615153000000077e-01,3.635512803475511850e-03
1.798078092000000017e-01,3.634796088081272344e-03
1.799119267000000022e-01,3.633183667621742944e-03
1.799350557000000128e-01,3.632825688135479271e-03
1.799928654000000072e-01,3.631930358713995801e-03
1.800044251000000040e-01,3.631751269958546739e-03
1.800390997000000104e-01,3.631214476918931226e-03
1.800853221000000004e-01,3.630498853022935506e-03
1.800968759000000086e-01,3.630319863410795458e-03
1.801199812000000011e-01,3.629961966779625664e-03
1.801777314999999935e-01,3.629067321838904195e-03
1.802585508000000003e-01,3.627815777476577422e-03
1.803162567000000105e-01,3.626921481450447182e-03
1.803508714000000013e-01,3.626385153104864922e-03
1.803624081000000101e-01,3.626206397925713087e-03
1.804546756000000030e-01,3.624777355010621194e-03
1.805007915999999879e-01,3.624062597173411358e-03
1.805584201000000055e-01,3.623169756589224300e-03
1.805929883000000069e-01,3.622634270068921664e-03
1.806275499999999978e-01,3.622098887460865890e-03
1.806390690000000132e-01,3.621920226477511051e-03
1.806736218999999977e-01,3.621385008423291547e-03
1.807196819999999926e-01,3.620671041087423180e-03
1.807427077000000049e-01,3.620314313789673409e-03
1.807772407000000081e-01,3.619778904188543627e-03
1.808232744999999919e-01,3.619065755497138243e-03
1.808347811000000083e-01,3.618887671998089871e-03
1.809153068000000086e-01,3.617639495464049313e-03
1.810072923999999917e-01,3.616213417543658569e-03
1.810532676999999924e-01,3.615500849281449210e-03
1.810877415000000101e-01,3.614966756513479304e-03
1.811796394999999893e-01,3.613542088414977132e-03
1.812255711000000102e-01,3.612829840167823894e-03
1.812370520999999901e-01,3.612652222383899540e-03
1.812829690999999965e-01,3.611940036675408486e-03
1.813288744999999869e-01,3.611228523334522166e-03
1.814665209000000112e-01,3.609094283404034806e-03
1.815582272000000053e-01,3.607672110697116540e-03
1.815696871999999962e-01,3.607494440550733199e-03
1.816040630000000100e-01,3.606961305697891588e-03
1.816498871999999987e-01,3.606250386472446140e-03
1.816613414000000093e-01,3.606072995958615156e-03
1.816956999000000073e-01,3.605539942110548915e-03
1.817415009999999997e-01,3.604830010548619110e-03
1.817529494000000023e-01,3.604651845554954562e-03
1.817758442000000085e-01,3.604297015515361361e-03
1.818445113000000113e-01,3.603231959694534921e-03
1.818788350999999970e-01,3.602699536372821164e-03
1.819360270000000002e-01,3.601812356283365466e-03
1.819588987999999907e-01,3.601457465632118115e-03
1.819703336000000060e-01,3.601280215046279935e-03
1.821074950999999886e-01,3.599152523425630957e-03
1.821189206000000116e-01,3.598975045960889525e-03
1.821417693999999865e-01,3.598620693108291971e-03
1.821874582999999936e-01,3.597911453625109342e-03
1.822102985000000064e-01,3.597557307762854189e-03
1.822902165999999990e-01,3.596317300350312246e-03
1.823244565000000095e-01,3.595785655362274645e-03
1.823815087000000001e-01,3.594900376071737819e-03
1.824613518000000045e-01,3.593661652042397237e-03
1.824841577000000103e-01,3.593307932633096630e-03
1.825183612000000066e-01,3.592776744606682084e-03
1.825639559999999995e-01,3.592069289757703759e-03
1.825753528999999875e-01,3.591892263299213770e-03
1.826551111999999977e-01,3.590654441702077673e-03
1.826892827000000108e-01,3.590123913402350035e-03
1.827006717999999919e-01,3.589947421132417150e-03
1.827576066000000110e-01,3.589063252027471351e-03
1.828372853999999936e-01,3.587826585955689040e-03
1.828714228999999969e-01,3.587296374826742362e-03
1.829396786999999969e-01,3.586237292915446170e-03
1.829737969999999936e-01,3.585707250872429645e-03
1.830647481999999882e-01,3.584295415502372455e-03
1.832010903000000079e-01,3.582178225923911188e-03
1.832124475999999946e-01,3.582001796014429740e-03
1.832351600000000080e-01,3.581649423844201607e-03
1.832465151999999875e-01,3.581472574781992008e-03
1.832805764000000059e-01,3.580944077767659033e-03
1.833373309999999923e-01,3.580062336880845009e-03
1.833713754000000085e-01,3.579533826999276112e-03
1.833827221000000063e-01,3.579357594369467731e-03
1.833940681000000017e-01,3.579181419434821800e-03
1.834734705999999937e-01,3.577948016558431775e-03
1.834848109999999977e-01,3.577772256432610719e-03
1.835188279999999950e-01,3.577243820148032737e-03
1.835755089999999978e-01,3.576363653566627838e-03
1.835981764999999877e-01,3.576011343342596575e-03
1.836095091999999929e-01,3.575835699629189950e-03
1.836435030999999940e-01,3.575307677764759037e-03
1.836548329999999896e-01,3.575131332526365439e-03
1.837001456000000033e-01,3.574427597142795093e-03
1.837567706999999884e-01,3.573547900316573298e-03
1.837794158000000122e-01,3.573196436341388206e-03
1.837907373000000066e-01,3.573020507016218608e-03
1.838812844000000113e-01,3.571613581338420502e-03
1.840057139000000064e-01,3.569680706743144031e-03
1.840283283999999964e-01,3.569328820815571412e-03
1.840961552000000001e-01,3.568275362522254062e-03
1.841074572999999992e-01,3.568099639356924965e-03
1.841187585999999876e-01,3.567924196597758568e-03
1.841526585000000105e-01,3.567397202234422280e-03
1.842881956999999904e-01,3.565290945089066073e-03
1.843220644000000130e-01,3.564764787383702723e-03
1.843672131000000103e-01,3.564062999715737062e-03
1.844687570000000110e-01,3.562484802227523870e-03
1.845025925999999872e-01,3.561958944833914283e-03
1.845138698000000077e-01,3.561784033762815591e-03
1.845589715000000020e-01,3.561082818423084648e-03
1.845702452000000104e-01,3.560907560916181432e-03
1.846378728999999996e-01,3.559856016152490067e-03
1.846604099999999971e-01,3.559505927068029249e-03
1.847280048000000119e-01,3.558455225153113032e-03
1.848293504999999892e-01,3.556879560363383503e-03
1.848406076999999925e-01,3.556704789451703170e-03
1.848631201000000002e-01,3.556354860056204058e-03
1.849643917999999887e-01,3.554780683300975269e-03
1.849981367000000099e-01,3.554255446057952815e-03
1.850206299000000110e-01,3.553905803634819279e-03
1.850431204000000107e-01,3.553556532188872213e-03
1.850993345999999984e-01,3.552682120163470035e-03
1.851442936999999900e-01,3.551983336743578645e-03
1.852004771000000105e-01,3.551109432529928750e-03
1.852229458000000106e-01,3.550760525125842577e-03
1.852341791000000071e-01,3.550585577428590819e-03
1.852791054000000048e-01,3.549886914792228440e-03
1.853801499000000130e-01,3.548315582229353074e-03
1.854474822000000134e-01,3.547268177175834022e-03
1.854699209000000015e-01,3.546919349331811248e-03
1.855035738999999961e-01,3.546396383797291961e-03
1.855484350000000116e-01,3.545698560449511792e-03
1.855820736999999887e-01,3.545174979476184082e-03
1.856381246999999901e-01,3.544303502923717812e-03
1.856493328999999914e-01,3.544129332742844158e-03
1.856829533000000088e-01,3.543606155867082188e-03
1.857389738999999929e-01,3.542734753139115383e-03
1.857725781000000020e-01,3.542211839456528566e-03
1.858061762000000061e-01,3.541689553932561487e-03
1.858173741999999962e-01,3.541515510429084704e-03
1.858285715999999921e-01,3.541341125033294415e-03
1.859181260999999974e-01,3.539948189307953220e-03
1.860076375999999976e-01,3.538555362757074899e-03
1.860411932000000101e-01,3.538033596859815801e-03
1.860747429000000064e-01,3.537511254958739578e-03
1.860859246999999883e-01,3.537337289585893666e-03
1.861194663000000082e-01,3.536815416014305047e-03
1.861306454999999971e-01,3.536641503046621376e-03
1.861753555000000004e-01,3.535945678485802671e-03
1.861865313000000133e-01,3.535772087035273046e-03
1.862200548000000067e-01,3.535250248814915484e-03
1.862535721999999949e-01,3.534728774164912733e-03
1.863540881999999899e-01,3.533164846876191232e-03
1.864322298999999961e-01,3.531948865580239894e-03
1.864433903000000115e-01,3.531775312356104108e-03
1.864545501000000050e-01,3.531601268379964617e-03
1.864768676000000125e-01,3.531254492837044776e-03
1.864880254000000070e-01,3.531080555202379973e-03
1.865326496999999972e-01,3.530385843420106792e-03
1.865438040999999880e-01,3.530212815488099377e-03
1.866218664000000027e-01,3.528997844264368782e-03
1.867110404000000001e-01,3.527609599385845771e-03
1.867556113999999934e-01,3.526916122848787298e-03
1.868335852000000130e-01,3.525702289404934828e-03
1.868447216000000133e-01,3.525529384512987325e-03
1.868781270000000050e-01,3.525008913423620643e-03
1.869894350999999899e-01,3.523276859181187666e-03
1.870228146000000036e-01,3.522756895298707284e-03
1.870784339000000074e-01,3.521891113595928754e-03
1.871896228999999912e-01,3.520160286558163525e-03
1.872340799999999972e-01,3.519468306326413876e-03
1.872451927000000071e-01,3.519295101841866946e-03
1.872896366000000035e-01,3.518602910070939629e-03
1.873340699999999914e-01,3.517911046726500575e-03
1.873451765999999963e-01,3.517738161413237665e-03
1.875227942999999897e-01,3.514972911371002425e-03
1.875449847000000003e-01,3.514627030529551745e-03
1.876115401000000016e-01,3.513590676813969048e-03
1.876448089999999957e-01,3.513073175870108211e-03
1.876780718999999931e-01,3.512555314078411386e-03
1.876891582000000114e-01,3.512382365984702704e-03
1.877224133000000017e-01,3.511864486223776911e-03
1.877334971000000075e-01,3.511691962280090191e-03
1.877778253999999869e-01,3.511001794868549592e-03
1.878221432999999940e-01,3.510311674183068647e-03
1.878553748000000023e-01,3.509793914407335208e-03
1.878775259000000086e-01,3.509448577420365943e-03
1.879107476999999915e-01,3.508931423567256212e-03
1.879439635000000053e-01,3.508414096555469847e-03
1.879550342000000096e-01,3.508241910173964459e-03
1.880435759999999901e-01,3.506862790361891732e-03
1.880767684000000106e-01,3.506345843121249587e-03
1.880878311999999997e-01,3.506173213604259729e-03
1.881431356999999915e-01,3.505312359439423982e-03
1.882205345999999890e-01,3.504106842063014690e-03
1.882536958000000094e-01,3.503589821735673526e-03
1.883089514999999881e-01,3.502729267353542515e-03
1.883200006999999898e-01,3.502556851001089027e-03
1.883862823000000131e-01,3.501524884211108194e-03
1.884083709000000106e-01,3.501180496722299147e-03
1.884856608999999905e-01,3.499976808472353429e-03
1.885298123999999964e-01,3.499288703724845462e-03
1.885739535000000022e-01,3.498601126352393880e-03
1.885849871999999983e-01,3.498429327467418581e-03
1.886070525999999914e-01,3.498085106564020798e-03
1.886511757000000067e-01,3.497398022962933724e-03
1.887834830000000019e-01,3.495336952447330135e-03
1.888496018999999970e-01,3.494306543806799045e-03
1.888826526000000061e-01,3.493791375718838417e-03
1.889267112999999942e-01,3.493104942864088801e-03
1.889377244000000067e-01,3.492933099772505944e-03
1.889707596999999906e-01,3.492418311679681801e-03
1.890037893000000024e-01,3.491903971037267282e-03
1.890147979000000034e-01,3.491732398353803064e-03
1.890258058000000019e-01,3.491560769489635528e-03
1.891028433999999980e-01,3.490360339604919784e-03
1.891138461999999909e-01,3.490189001105993647e-03
1.891468507999999882e-01,3.489674858668084453e-03
1.892348349000000096e-01,3.488303581083133757e-03
1.892678184000000097e-01,3.487789913982283340e-03
1.892788116000000131e-01,3.487618122107501249e-03
1.893117874999999950e-01,3.487104112773921263e-03
1.894106805000000116e-01,3.485563041461504918e-03
1.894985421000000003e-01,3.484194049137801386e-03
1.895424575999999917e-01,3.483509437260760670e-03
1.896302582000000125e-01,3.482140632340020511e-03
1.896412303999999993e-01,3.481969951478885387e-03
1.896631729000000099e-01,3.481628019797729061e-03
1.897180179999999883e-01,3.480773420539544534e-03
1.897289852000000054e-01,3.480602198719584366e-03
1.897618828000000035e-01,3.480089477872597842e-03
1.897947747000000018e-01,3.479576593692044594e-03
1.898166994000000107e-01,3.479235104161363789e-03
1.898386216999999876e-01,3.478893273841887797e-03
1.898934161999999981e-01,3.478039084010509964e-03
1.899372404000000125e-01,3.477355898318685180e-03
1.899920063999999964e-01,3.476502555802258188e-03
1.900139083999999867e-01,3.476160970414108719e-03
1.900248585000000046e-01,3.475989935796528884e-03
1.900686524000000099e-01,3.475307622245564065e-03
1.901124362000000123e-01,3.474624894143030392e-03
1.901562099000000117e-01,3.473942710412339027e-03
1.901890336000000015e-01,3.473430586241305507e-03
1.901999735999999885e-01,3.473259861974583532e-03
1.902546639999999900e-01,3.472407876258696516e-03
1.903202717999999960e-01,3.471384503827325881e-03
1.903312041999999926e-01,3.471214349614084021e-03
1.904077136000000003e-01,3.470021058703565663e-03
1.904186409999999996e-01,3.469851359944166411e-03
1.904295678000000047e-01,3.469680327123551063e-03
1.904951152999999897e-01,3.468658655929839421e-03
1.905169594999999994e-01,3.468318320739033171e-03
1.905497210000000052e-01,3.467807257908585815e-03
1.906043111000000068e-01,3.466956112838993995e-03
1.906807108999999945e-01,3.465764778031829585e-03
1.906916227000000075e-01,3.465594531137077255e-03
1.907243542000000014e-01,3.465084121513476584e-03
1.907570802000000121e-01,3.464573708808863471e-03
1.907788943000000015e-01,3.464233842949786951e-03
1.908116109000000116e-01,3.463723820187502699e-03
1.908552242999999871e-01,3.463043909183047275e-03
1.909424211000000093e-01,3.461683620773718141e-03
1.909533179000000025e-01,3.461513873767294459e-03
1.909860046000000089e-01,3.461004354456773992e-03
1.910186856999999960e-01,3.460494680127356934e-03
1.910404699999999900e-01,3.460154969222575469e-03
1.911058079000000076e-01,3.459136119563484355e-03
1.911928904999999901e-01,3.457777570143438090e-03
1.912364169000000114e-01,3.457099080891812282e-03
1.912908110000000050e-01,3.456251064355128026e-03
1.913016879999999975e-01,3.456081136394241991e-03
1.913778093999999874e-01,3.454893672765129743e-03
1.914756353000000022e-01,3.453368097054749716e-03
1.915625497000000010e-01,3.452012846381855189e-03
1.915842721000000082e-01,3.451673635538800126e-03
1.915951324000000067e-01,3.451504435147127736e-03
1.916385674999999955e-01,3.450826874263633430e-03
1.916819926999999979e-01,3.450149660480109418e-03
1.917254080000000138e-01,3.449472375976385743e-03
1.917579631000000118e-01,3.448964880984986894e-03
1.917688136000000043e-01,3.448795631987339790e-03
1.918013613000000006e-01,3.448287548276435070e-03
1.918230566999999942e-01,3.447948937122239776e-03
1.918555952000000064e-01,3.447441618320943365e-03
1.918989712999999986e-01,3.446764645032732687e-03
1.919314968999999982e-01,3.446257978521577447e-03
1.919856940000000123e-01,3.445412112767927502e-03
1.920290406999999866e-01,3.444736359327342946e-03
1.920615442999999978e-01,3.444229201672396271e-03
1.920723776000000105e-01,3.444059877458129342e-03
1.921157048000000089e-01,3.443383729593527467e-03
1.921481936999999973e-01,3.442877592774184342e-03
1.921698498999999949e-01,3.442539399447003788e-03
1.922564505000000090e-01,3.441188489792362890e-03
1.922780946000000046e-01,3.440850875263353186e-03
1.922889157000000071e-01,3.440681930538417709e-03
1.923754625999999912e-01,3.439331462999077778e-03
1.924511593000000076e-01,3.438150811630317702e-03
1.925052100999999904e-01,3.437307499360034782e-03
1.925160184999999968e-01,3.437138904302941729e-03
1.925808558000000059e-01,3.436126985504011147e-03
1.926024634000000069e-01,3.435790014381186110e-03
1.926348702000000024e-01,3.435284686932466459e-03
1.927644430999999881e-01,3.433262562761358206e-03
1.928076146999999907e-01,3.432589122437624488e-03
1.928399870999999988e-01,3.432084521633377294e-03
1.928615656000000067e-01,3.431747631763887914e-03
1.928939289000000112e-01,3.431242649545288795e-03
1.929370715000000014e-01,3.430569279569500429e-03
1.929694221999999904e-01,3.430064800828306042e-03
1.930341071999999991e-01,3.429054985125640307e-03
1.930664415999999994e-01,3.428550782596022101e-03
1.931203202000000008e-01,3.427709806611477835e-03
1.931957250000000126e-01,3.426533401528341662e-03
1.932388002000000049e-01,3.425861478076359847e-03
1.932926308000000037e-01,3.425020853489224582e-03
1.933141587999999966e-01,3.424685253550813820e-03
1.933787285000000133e-01,3.423677315719856479e-03
1.934110052999999940e-01,3.423173789430735033e-03
1.934432766999999997e-01,3.422670268011658926e-03
1.934540325999999921e-01,3.422502748303313854e-03
1.934862968000000127e-01,3.421998845370181723e-03
1.935293073000000086e-01,3.421327770732705137e-03
1.935400585000000007e-01,3.421159845790772060e-03
1.935830571000000111e-01,3.420489134898425411e-03
1.936367920000000020e-01,3.419650511368122099e-03
1.936690256999999971e-01,3.419147421720924226e-03
1.937979070999999998e-01,3.417136021658580183e-03
1.938086434000000080e-01,3.416968914415406504e-03
1.938301141000000061e-01,3.416633200726466781e-03
1.938408484999999959e-01,3.416466304932136780e-03
1.938730483999999976e-01,3.415963716091212094e-03
1.938945119000000106e-01,3.415628800780290148e-03
1.939588884000000013e-01,3.414623828600902179e-03
1.939696156999999865e-01,3.414456669332798996e-03
1.940554130999999904e-01,3.413117509427058063e-03
1.940661351000000090e-01,3.412949845749425545e-03
1.941840380000000033e-01,3.411109902891302798e-03
1.942268940999999915e-01,3.410440812266162577e-03
1.943232856000000064e-01,3.408936554560757989e-03
1.943446994999999955e-01,3.408601871844026913e-03
1.943554054999999947e-01,3.408435089698069308e-03
1.943982237999999918e-01,3.407766654920867111e-03
1.944838319999999954e-01,3.406430865000652491e-03
1.944945304000000041e-01,3.406263712409054144e-03
1.945159254000000115e-01,3.405929962699666327e-03
1.945800963000000050e-01,3.404927889335822733e-03
1.946442459999999930e-01,3.403926522450005827e-03
1.946656244999999952e-01,3.403593083440064650e-03
1.946976878999999994e-01,3.403092317036387950e-03
1.947404309000000111e-01,3.402425240533069311e-03
1.947831644999999945e-01,3.401758029425693605e-03
1.948365683999999931e-01,3.400924929045084835e-03
1.948579257999999981e-01,3.400591508019674188e-03
1.948686037000000038e-01,3.400424771179242408e-03
1.949540053000000106e-01,3.399091910657342421e-03
1.949966921000000075e-01,3.398425004544093457e-03
1.950287011000000070e-01,3.397925642461987247e-03
1.950927033000000033e-01,3.396926839280360252e-03
1.951673459999999916e-01,3.395761136896376792e-03
1.952099861999999908e-01,3.395095607757630564e-03
1.952419602000000087e-01,3.394596853571112387e-03
1.952526169999999894e-01,3.394430285182597519e-03
1.952632733000000120e-01,3.394263830351147010e-03
1.953378507999999902e-01,3.393100024179725952e-03
1.953698038999999997e-01,3.392600934358663313e-03
1.953804537000000119e-01,3.392434489253389265e-03
1.954336943999999965e-01,3.391603682471322923e-03
1.954656318000000115e-01,3.391105280597763935e-03
1.955401321000000137e-01,3.389942151599315955e-03
1.955507726999999862e-01,3.389776128006141871e-03
1.955933293000000073e-01,3.389111710183605707e-03
1.956039669000000092e-01,3.388945982923333416e-03
1.956358766000000082e-01,3.388447484571313791e-03
1.957634629999999987e-01,3.386455517412100165e-03
1.958378500000000078e-01,3.385294885748420853e-03
1.958484744000000000e-01,3.385128844497173415e-03
1.958803442000000006e-01,3.384631161677991232e-03
1.958909662999999968e-01,3.384465611904432202e-03
1.959228292000000093e-01,3.383967660255943546e-03
1.959334490000000095e-01,3.383802166249110822e-03
1.960077715000000109e-01,3.382642179957047034e-03
1.960502288000000037e-01,3.381979238029447950e-03
1.961032876000000091e-01,3.381151024587962951e-03
1.961138976000000034e-01,3.380985112727194312e-03
1.961457242999999906e-01,3.380488045543138340e-03
1.961775457999999916e-01,3.379991333906054007e-03
1.961987571999999902e-01,3.379660146860574959e-03
1.962199664000000010e-01,3.379329470296119249e-03
1.962623777999999986e-01,3.378666823475517597e-03
1.962729793000000111e-01,3.378501148729937988e-03
1.963577700999999953e-01,3.377177712723146430e-03
1.963683663999999940e-01,3.377011978389047372e-03
1.964531160000000110e-01,3.375689385352536633e-03
1.964848876999999994e-01,3.375193417377213810e-03
1.965166543000000099e-01,3.374697228865271206e-03
1.965272419999999909e-01,3.374532234817364303e-03
1.966225058000000137e-01,3.373044562834082247e-03
1.966542501000000109e-01,3.372548744042038870e-03
1.966965679000000078e-01,3.371888742275729132e-03
1.967071458999999911e-01,3.371722878804223143e-03
1.967811761999999909e-01,3.370567564085090798e-03
1.968763171000000034e-01,3.369082370670707042e-03
1.968974531999999888e-01,3.368752131779991464e-03
1.969397187999999965e-01,3.368092162515136379e-03
1.969925378999999865e-01,3.367267579375415442e-03
1.970664609999999983e-01,3.366113340505151857e-03
1.970770192000000087e-01,3.365948421986597258e-03
1.971192461999999868e-01,3.365289690417200448e-03
1.971614641999999973e-01,3.364630061745633744e-03
1.971931218000000097e-01,3.364135905924297686e-03
1.972142239999999935e-01,3.363806145933421598e-03
1.972458730999999965e-01,3.363312650201734713e-03
1.973618762999999887e-01,3.361501323683593629e-03
1.974040424000000071e-01,3.360843037736092540e-03
1.974145824999999910e-01,3.360678462521363413e-03
1.974672747000000006e-01,3.359855596208217911e-03
1.975304867000000075e-01,3.358868435979050701e-03
1.975410200999999921e-01,3.358704023729629055e-03
1.975515529000000103e-01,3.358540040936618815e-03
1.976252668000000046e-01,3.357388970710709943e-03
1.976357951000000113e-01,3.357224892138963197e-03
1.976673767000000081e-01,3.356731244848257505e-03
1.977410474999999890e-01,3.355581356735797428e-03
1.977515696000000101e-01,3.355416676662066177e-03
1.978777918000000080e-01,3.353446251439617335e-03
1.978883066999999885e-01,3.353282233772975334e-03
1.979093348000000030e-01,3.352954166044298974e-03
1.979198480000000093e-01,3.352790144272924794e-03
1.979724056000000121e-01,3.351969327995264845e-03
1.980039335000000067e-01,3.351476812826232037e-03
1.980459629000000110e-01,3.350820754599814939e-03
1.980774791000000090e-01,3.350328449529472747e-03
1.981299948999999949e-01,3.349508928048668902e-03
1.981404964000000046e-01,3.349344924674137799e-03
1.981719976000000105e-01,3.348853052986425303e-03
1.982139913000000031e-01,3.348197675354356445e-03
1.982244884000000096e-01,3.348033440523225795e-03
1.982559761999999892e-01,3.347541864394317727e-03
1.982874589999999992e-01,3.347050003541675051e-03
1.983818773999999896e-01,3.345575997414656447e-03
1.983923656000000091e-01,3.345412821533942302e-03
1.984238268000000083e-01,3.344921452069265968e-03
1.984762509000000119e-01,3.344103023640847706e-03
1.985076987999999931e-01,3.343611609045004339e-03
1.985391417000000047e-01,3.343121188458074780e-03
1.985496216000000036e-01,3.342957631308543336e-03
1.985915353999999911e-01,3.342302602507828905e-03
1.987067530000000137e-01,3.340504122147244792e-03
1.987276944999999961e-01,3.340177072368113401e-03
1.988009722999999895e-01,3.339032678206634106e-03
1.988846853000000026e-01,3.337726158358702514e-03
1.988951469999999944e-01,3.337562775353923507e-03
1.989160685999999956e-01,3.337236016524049859e-03
1.989265286000000132e-01,3.337073092219334895e-03
1.989579052999999875e-01,3.336582945233474221e-03
1.990520057000000065e-01,3.335113755706962946e-03
1.990624585000000113e-01,3.334950217104207162e-03
1.990833626000000078e-01,3.334623857953541645e-03
1.991356132000000057e-01,3.333808237602637822e-03
1.991460616000000072e-01,3.333645360165090124e-03
1.991774037000000053e-01,3.333155799643679803e-03
1.992087408999999865e-01,3.332666518453039801e-03
1.992505160999999969e-01,3.332014571193919316e-03
1.992922826000000092e-01,3.331362548127398977e-03
1.993444783999999970e-01,3.330547802258428634e-03
1.993862251999999891e-01,3.329896139473421252e-03
1.993966604999999892e-01,3.329732935177358907e-03
1.994175294999999959e-01,3.329406991938101568e-03
1.995114131000000068e-01,3.327941428644438579e-03
1.995844031000000018e-01,3.326801630143755208e-03
1.996365224999999965e-01,3.325988491208560580e-03
1.996469448000000035e-01,3.325825970662437715e-03
1.997303031999999867e-01,3.324523987550597089e-03
1.998032133000000043e-01,3.323385872820313735e-03
1.998136268000000049e-01,3.323223221872297593e-03
1.998865065000000052e-01,3.322085943576377418e-03
1.998969157000000108e-01,3.321923163264693928e-03
1.999177325000000005e-01,3.321598645807731336e-03
1.999281401000000125e-01,3.321435833604471661e-03
1.999593595999999973e-01,3.320948796274463682e-03
1.999801699000000044e-01,3.320623639242572481e-03
2.000113813000000129e-01,3.320136678439747965e-03
2.000425878000000046e-01,3.319649388389387529e-03
2.000841888999999874e-01,3.318999745060768718e-03
2.000945879000000094e-01,3.318837320282752839e-03
2.001465743999999991e-01,3.318025591831696985e-03
2.001777597999999936e-01,3.317539349823651375e-03
2.002297248000000085e-01,3.316728074214050394e-03
2.002920649000000108e-01,3.315754635198363276e-03
2.003855387000000043e-01,3.314295091587644241e-03
2.003959220000000041e-01,3.314133271428055302e-03
2.004270686999999884e-01,3.313647491799715395e-03
2.004685900000000021e-01,3.312998963743077688e-03
2.005101026999999980e-01,3.312350526088239742e-03
2.005516069000000123e-01,3.311703000823093806e-03
2.005827293000000122e-01,3.311217597602915483e-03
2.006345894000000074e-01,3.310407534975880889e-03
2.006760676999999882e-01,3.309760359035066567e-03
2.007071709000000093e-01,3.309274586400601757e-03
2.007486343000000062e-01,3.308627118596019472e-03
2.007589988000000047e-01,3.308465620198191865e-03
2.008004515000000045e-01,3.307818667826108346e-03
2.008833311999999871e-01,3.306524611804606464e-03
2.008936887999999976e-01,3.306363263522748858e-03
2.009144022999999890e-01,3.306039924373495916e-03
2.009247581999999976e-01,3.305878168274055222e-03
2.009558228999999974e-01,3.305393739985122009e-03
2.011317653999999955e-01,3.302646702419143043e-03
2.011421102000000016e-01,3.302485278479684160e-03
2.011731412999999968e-01,3.302001310303237253e-03
2.012558674999999908e-01,3.300710324015202358e-03
2.012868810000000008e-01,3.300226084025602302e-03
2.013075541000000079e-01,3.299903361746021890e-03
2.013798931000000125e-01,3.298774125756386618e-03
2.014108874999999965e-01,3.298290788306077262e-03
2.014212180000000130e-01,3.298128904121309934e-03
2.014728621999999914e-01,3.297323313332682290e-03
2.015348177000000074e-01,3.296356035735679459e-03
2.015761108999999940e-01,3.295711325348952420e-03
2.016277153999999905e-01,3.294906106011668417e-03
2.016380346999999962e-01,3.294745274766760525e-03
2.016689895000000066e-01,3.294262043307281864e-03
2.017205703000000128e-01,3.293456855652678646e-03
2.017515123999999993e-01,3.292974043403700500e-03
2.018649262999999972e-01,3.291204284539905791e-03
2.019164569999999936e-01,3.290399795922510466e-03
2.019473690999999960e-01,3.289917496065452012e-03
2.019576721000000130e-01,3.289757017370480412e-03
2.019679745000000082e-01,3.289595817817494907e-03
2.019988788000000035e-01,3.289113480891060672e-03
2.020297782000000097e-01,3.288630888130331283e-03
2.020400770000000124e-01,3.288470793234351836e-03
2.020503753000000013e-01,3.288309897170056239e-03
2.021224483999999877e-01,3.287185477756705918e-03
2.021327424999999900e-01,3.287024022481733424e-03
2.022150761000000019e-01,3.285739631082100400e-03
2.022459424999999977e-01,3.285258191137556839e-03
2.022768043000000016e-01,3.284775842353511357e-03
2.022870904999999886e-01,3.284615737832969912e-03
2.023282301000000061e-01,3.283974121545357814e-03
2.023693612999999947e-01,3.283331793918868157e-03
2.024618760000000128e-01,3.281888262086300311e-03
2.025338026999999874e-01,3.280765670184502669e-03
2.025646205999999949e-01,3.280284876810046941e-03
2.026057038000000088e-01,3.279643729302649142e-03
2.026159733000000018e-01,3.279483618558473243e-03
2.026262423000000090e-01,3.279323467867692292e-03
2.026878453000000024e-01,3.278361663663026480e-03
2.026981106000000088e-01,3.278201693760172258e-03
2.027083755000000098e-01,3.278041753450588146e-03
2.027802146999999888e-01,3.276920545969964557e-03
2.027904752999999949e-01,3.276761015875713067e-03
2.028930535000000035e-01,3.275160260032899343e-03
2.029033084000000098e-01,3.275000336190386427e-03
2.029340702000000107e-01,3.274519854735022818e-03
2.029545755000000118e-01,3.274199739822080974e-03
2.029853295000000057e-01,3.273720648163036193e-03
2.030570707000000086e-01,3.272600907663933672e-03
2.031185430000000125e-01,3.271641495447503815e-03
2.032004772000000070e-01,3.270363804454536061e-03
2.032311940000000039e-01,3.269884153953777489e-03
2.032619061000000005e-01,3.269404988056829556e-03
2.032721425000000026e-01,3.269245070843745417e-03
2.033642465000000121e-01,3.267808594990143610e-03
2.033949385000000110e-01,3.267329094155757650e-03
2.034358541000000076e-01,3.266691225366133693e-03
2.034460817000000032e-01,3.266531494453799988e-03
2.034767614000000113e-01,3.266052896926878012e-03
2.035176605000000027e-01,3.265414639120044985e-03
2.036096534000000069e-01,3.263979577916544233e-03
2.036403083999999974e-01,3.263501503456636005e-03
2.036913899999999999e-01,3.262704764966088689e-03
2.037118189999999884e-01,3.262385715075014417e-03
2.037220326999999997e-01,3.262226339284179759e-03
2.038037242999999887e-01,3.260951889611196555e-03
2.038445577000000120e-01,3.260315427860451670e-03
2.038547648000000045e-01,3.260156220462851698e-03
2.039159966999999907e-01,3.259201006141901422e-03
2.039670091000000129e-01,3.258405257189046778e-03
2.039976105000000095e-01,3.257927865161060286e-03
2.040078099000000034e-01,3.257768765062879230e-03
2.040384051999999948e-01,3.257291869895340922e-03
2.040893870999999915e-01,3.256496701251852810e-03
2.041607403000000043e-01,3.255383729963189435e-03
2.041811223999999980e-01,3.255065423206869417e-03
2.042524434999999916e-01,3.253952866775215898e-03
2.042626302999999977e-01,3.253794422114338232e-03
2.043441055999999922e-01,3.252523272768750081e-03
2.043644693999999984e-01,3.252205830399128132e-03
2.043746505000000047e-01,3.252046744441518169e-03
2.044255486000000066e-01,3.251252700471541062e-03
2.044560813000000088e-01,3.250776946064913835e-03
2.044866094999999995e-01,3.250300536696240639e-03
2.044967845000000006e-01,3.250142278360278539e-03
2.045374795999999884e-01,3.249506948028605367e-03
2.045781665999999999e-01,3.248873033000902570e-03
2.046188455000000073e-01,3.248238426218937828e-03
2.046493494000000135e-01,3.247762826915231126e-03
2.047001790999999904e-01,3.246969726309844456e-03
2.048221189999999969e-01,3.245068352506480427e-03
2.048322773000000041e-01,3.244909458978172557e-03
2.048525925999999941e-01,3.244592654423870699e-03
2.048627494999999965e-01,3.244434605835193677e-03
2.048932169999999886e-01,3.243959538007547619e-03
2.049135262000000013e-01,3.243642818180183466e-03
2.049439862000000112e-01,3.243167878593066281e-03
2.050150420000000084e-01,3.242059755951085843e-03
2.051570798000000029e-01,3.239844870333121948e-03
2.051773628000000127e-01,3.239528910126419740e-03
2.052280618000000001e-01,3.238738245949929814e-03
2.052686119000000087e-01,3.238106068423335718e-03
2.053192883000000135e-01,3.237315701489835995e-03
2.053395553000000040e-01,3.236999638152284874e-03
2.053496881000000107e-01,3.236842090663803913e-03
2.054003444999999983e-01,3.236051961409411055e-03
2.054307323000000018e-01,3.235577960340200922e-03
2.054611157000000021e-01,3.235104901541639884e-03
2.054712424000000037e-01,3.234946516785731224e-03
2.055623609999999990e-01,3.233525622655747823e-03
2.056332030999999949e-01,3.232421221912865766e-03
2.056433213999999954e-01,3.232264143859484972e-03
2.057141355999999865e-01,3.231160224675175881e-03
2.057242499999999974e-01,3.231002057673871934e-03
2.057950363000000116e-01,3.229898796112788684e-03
2.058253659000000013e-01,3.229425776138478317e-03
2.058354746999999929e-01,3.229268348912925010e-03
2.059466395000000005e-01,3.227535063996299705e-03
2.059567424000000035e-01,3.227378066820514330e-03
2.059870480999999864e-01,3.226905838177787124e-03
2.060375477999999982e-01,3.226118636431195112e-03
2.060476461999999898e-01,3.225961311659408196e-03
2.060779386000000102e-01,3.225488662768620680e-03
2.061284160000000087e-01,3.224701912589545121e-03
2.061889725999999923e-01,3.223757866100586487e-03
2.061990636000000099e-01,3.223600879352009254e-03
2.062797741000000074e-01,3.222342645306451939e-03
2.062898606999999940e-01,3.222185939940044874e-03
2.063100324000000096e-01,3.221871057650432888e-03
2.063201175000000109e-01,3.221713834396988316e-03
2.064007806000000000e-01,3.220456739912639418e-03
2.064310212000000089e-01,3.219985556577295398e-03
2.064511790999999929e-01,3.219671561611207530e-03
2.064713350000000058e-01,3.219356847636643641e-03
2.065217162999999911e-01,3.218571734589803415e-03
2.065317911000000006e-01,3.218415040099625955e-03
2.065620123999999946e-01,3.217943632198927342e-03
2.065922293999999937e-01,3.217473403612067587e-03
2.066828537000000021e-01,3.216060771119889482e-03
2.067633754000000046e-01,3.214805741031423122e-03
2.068338060999999894e-01,3.213708590102583133e-03
2.068539246999999970e-01,3.213394992350940196e-03
2.068840989999999880e-01,3.212924718177646941e-03
2.069243245999999870e-01,3.212298327480467806e-03
2.070449544000000086e-01,3.210418788296820654e-03
2.070851486999999991e-01,3.209792011400691963e-03
2.070951960999999897e-01,3.209635455615631773e-03
2.071253352999999908e-01,3.209165847180693153e-03
2.071554700000000082e-01,3.208696194123106075e-03
2.071655139999999951e-01,3.208539900428057472e-03
2.072458480999999908e-01,3.207288422376449767e-03
2.072558875999999939e-01,3.207132060245679230e-03
2.072759653000000035e-01,3.206819139418487247e-03
2.073361867000000081e-01,3.205881057148382215e-03
2.073662907999999916e-01,3.205412158275063560e-03
2.074064228999999981e-01,3.204786340896680075e-03
2.074866636999999903e-01,3.203536806840811928e-03
2.076069667000000063e-01,3.201662684988801008e-03
2.076470522999999957e-01,3.201038281071933323e-03
2.077171832999999967e-01,3.199945424549707935e-03
2.077272001000000090e-01,3.199789447824159892e-03
2.077372164000000077e-01,3.199633758729144520e-03
2.077572476000000001e-01,3.199321905617484411e-03
2.077973040999999965e-01,3.198697457419610347e-03
2.078073169999999914e-01,3.198542192387147411e-03
2.078173295000000087e-01,3.198385730310212248e-03
2.078974117000000066e-01,3.197138241547080057e-03
2.079174273999999933e-01,3.196827127090529682e-03
2.079774630000000013e-01,3.195891933545527523e-03
2.080074742999999948e-01,3.195424611941183150e-03
2.080374812999999934e-01,3.194957085534292328e-03
2.080774838999999987e-01,3.194334197808900832e-03
2.080874832999999868e-01,3.194178464180018415e-03
2.081174788000000053e-01,3.193711740767271861e-03
2.081674615999999922e-01,3.192933098732047940e-03
2.082174324000000132e-01,3.192154293525362868e-03
2.082374174000000133e-01,3.191843555550924905e-03
2.082474091000000027e-01,3.191687661067050836e-03
2.082973607999999976e-01,3.190910355071167707e-03
2.083273260000000071e-01,3.190443868513837076e-03
2.083672729000000112e-01,3.189821523808191936e-03
2.083972280999999982e-01,3.189354934280668602e-03
2.084371616000000038e-01,3.188733148827345432e-03
2.084471438000000121e-01,3.188577899593579047e-03
2.084870678000000088e-01,3.187955972162281795e-03
2.085170057999999882e-01,3.187489682565699221e-03
2.085668927999999867e-01,3.186713602136936972e-03
2.086067939000000038e-01,3.186092284465485199e-03
2.086965433000000092e-01,3.184694180959287552e-03
2.087164823999999863e-01,3.184384590495366318e-03
2.087264513000000044e-01,3.184228986515128153e-03
2.087762883000000014e-01,3.183452763082811592e-03
2.088061847999999887e-01,3.182987879767744301e-03
2.088759266000000114e-01,3.181902217913515699e-03
2.088858878000000030e-01,3.181746932687338006e-03
2.089257278999999967e-01,3.181126425384786689e-03
2.089356867999999923e-01,3.180971732906467606e-03
2.089954299000000015e-01,3.180041224410917571e-03
2.090153405000000075e-01,3.179731715054626498e-03
2.090452027999999962e-01,3.179266668503697314e-03
2.090750607999999899e-01,3.178802375845928268e-03
2.091546613999999971e-01,3.177563126678025276e-03
2.091646092999999984e-01,3.177407777148705779e-03
2.092043963999999923e-01,3.176788705055789194e-03
2.092541195000000021e-01,3.176014809965418528e-03
2.092839478000000086e-01,3.175550879916540312e-03
2.093237121000000034e-01,3.174932168858735689e-03
2.093336520000000089e-01,3.174777101076652844e-03
2.093535303999999875e-01,3.174467509144454289e-03
2.094032181999999909e-01,3.173694115722534761e-03
2.094926263999999927e-01,3.172303087084854967e-03
2.095124896999999986e-01,3.171994367049096875e-03
2.095621397999999913e-01,3.171220972086495702e-03
2.096514802999999982e-01,3.169831398492137849e-03
2.096812520000000124e-01,3.169367922630158662e-03
2.097110194000000039e-01,3.168904215517828141e-03
2.097606224999999935e-01,3.168132751199032385e-03
2.097903787000000020e-01,3.167670034723432931e-03
2.098300471000000000e-01,3.167052422608608326e-03
2.098796219999999879e-01,3.166281207470503841e-03
2.099192735000000032e-01,3.165663950015526733e-03
2.099688274000000021e-01,3.164893022201866433e-03
2.099985541000000122e-01,3.164430397559668540e-03
2.100282766000000079e-01,3.163968454886631476e-03
2.100381832000000060e-01,3.163814609421250045e-03
2.101174188000000109e-01,3.162582063915843691e-03
2.101273211999999946e-01,3.162427602255770635e-03
2.101570255000000109e-01,3.161965919491767536e-03
2.102065233000000033e-01,3.161195922238087871e-03
2.102758006999999874e-01,3.160117826725922143e-03
2.103054839999999870e-01,3.159656228012153265e-03
2.103153775000000114e-01,3.159502576229623709e-03
2.103648379999999984e-01,3.158733117473197776e-03
2.104439506999999931e-01,3.157502574487121468e-03
2.104736103000000025e-01,3.157041072970325282e-03
2.105823263999999917e-01,3.155349791104171322e-03
2.105922068999999952e-01,3.155196078232023593e-03
2.106020869000000129e-01,3.155042969579347628e-03
2.106218455999999961e-01,3.154735456488278692e-03
2.106811104999999906e-01,3.153813406556851221e-03
2.107502319000000013e-01,3.152739086953011520e-03
2.107601044999999895e-01,3.152585308016611632e-03
2.107798483999999972e-01,3.152278276893099272e-03
2.108390689000000096e-01,3.151357304428505871e-03
2.108686728999999982e-01,3.150897262344349529e-03
2.109180036999999952e-01,3.150130067587784011e-03
2.109475966000000091e-01,3.149669960509586704e-03
2.110264907999999939e-01,3.148443215787206581e-03
2.110659267999999977e-01,3.147829966133408076e-03
2.110757846999999909e-01,3.147676627808317779e-03
2.110954989999999920e-01,3.147369860688234346e-03
2.111053555000000082e-01,3.147217484927130465e-03
2.112925411999999892e-01,3.144307320149946315e-03
2.113023884999999935e-01,3.144154112959164291e-03
2.113122353000000120e-01,3.144000816957423679e-03
2.113417730999999911e-01,3.143541252769592714e-03
2.113811502999999870e-01,3.142929535296773956e-03
2.115385858000000119e-01,3.140482762767011875e-03
2.115680920000000131e-01,3.140023306161629502e-03
2.116074270999999951e-01,3.139412249521769411e-03
2.116270919000000084e-01,3.139106885544870953e-03
2.116565857000000106e-01,3.138648437870135074e-03
2.116860752999999984e-01,3.138189843728605641e-03
2.116959042999999874e-01,3.138036960047604646e-03
2.117253885000000002e-01,3.137578935203652608e-03
2.117745196999999968e-01,3.136815418805738616e-03
2.117843446000000074e-01,3.136663011670900395e-03
2.118138165000000017e-01,3.136204576403484913e-03
2.118432842999999899e-01,3.135747050674516593e-03
2.118629271999999952e-01,3.135441166073396017e-03
2.118923880999999954e-01,3.134983727369899161e-03
2.120396314999999920e-01,3.132695832281975120e-03
2.120494441000000119e-01,3.132543281493020953e-03
2.120886898999999881e-01,3.131933059137347302e-03
2.121573525999999876e-01,3.130866849881548328e-03
2.121671598000000047e-01,3.130714327840225606e-03
2.121769665000000082e-01,3.130561645329013772e-03
2.121965785000000104e-01,3.130257286681093799e-03
2.122456006000000006e-01,3.129495726995715731e-03
2.122554037000000116e-01,3.129343608573633469e-03
2.122848102000000070e-01,3.128886313733925551e-03
2.123142125999999963e-01,3.128430181382763162e-03
2.123338119000000024e-01,3.128125633827960866e-03
2.123632075000000119e-01,3.127668319960423288e-03
2.124023953999999992e-01,3.127060155116493084e-03
2.124415759999999931e-01,3.126451127317174741e-03
2.125101246999999971e-01,3.125386850505504528e-03
2.125199154999999895e-01,3.125234349541882589e-03
2.125688631000000051e-01,3.124473755222376831e-03
2.125982261999999900e-01,3.124017847933670093e-03
2.126373706999999946e-01,3.123410010198049511e-03
2.127254195999999931e-01,3.122042389543871772e-03
2.127547610999999950e-01,3.121586709976613937e-03
2.127840984999999907e-01,3.121131212501866876e-03
2.128036546000000029e-01,3.120827219702910008e-03
2.128623119999999980e-01,3.119916817680908581e-03
2.128720866999999906e-01,3.119764274050091778e-03
2.128818608999999973e-01,3.119613061458388105e-03
2.129502678000000093e-01,3.118550871397710381e-03
2.129600385000000040e-01,3.118399312848733028e-03
2.129795784000000081e-01,3.118095480004201732e-03
2.130674858000000116e-01,3.116730291519566147e-03
2.131358331000000050e-01,3.115669773998692993e-03
2.131455952999999903e-01,3.115517335738766155e-03
2.132724621000000043e-01,3.113548234587718011e-03
2.133017284000000013e-01,3.113093870659050869e-03
2.133407438000000100e-01,3.112488510028482182e-03
2.134285025000000058e-01,3.111125432771466841e-03
2.134577473000000003e-01,3.110671377235654355e-03
2.134869882000000052e-01,3.110217675653684233e-03
2.134967342000000101e-01,3.110066475114196989e-03
2.135064798999999902e-01,3.109914885536278067e-03
2.135357139999999876e-01,3.109461704343232172e-03
2.135649441999999953e-01,3.109007867219564392e-03
2.135746866999999882e-01,3.108856720313339910e-03
2.136039116000000015e-01,3.108402878203598944e-03
2.136623492999999985e-01,3.107496025775020095e-03
2.136915621000000098e-01,3.107042756471685603e-03
2.137597099000000112e-01,3.105985198160464943e-03
2.137986417999999944e-01,3.105380429655367740e-03
2.138083735999999901e-01,3.105229867693953295e-03
2.138862125000000058e-01,3.104021638047146144e-03
2.139153947999999916e-01,3.103568756068302709e-03
2.139737473999999973e-01,3.102663202406809925e-03
2.140418054000000070e-01,3.101607829953631143e-03
2.140709664000000068e-01,3.101155613136337245e-03
2.141098416999999976e-01,3.100551777435884334e-03
2.141875709999999933e-01,3.099345956326002207e-03
2.141972852000000038e-01,3.099195289113473514e-03
2.142069989000000008e-01,3.099044988404727873e-03
2.142361375000000068e-01,3.098593026715196208e-03
2.142846929999999983e-01,3.097839872785032849e-03
2.143526521999999934e-01,3.096785613909454858e-03
2.143623588999999940e-01,3.096634814461346474e-03
2.143914764000000028e-01,3.096182805397121665e-03
2.144205899000000137e-01,3.095731388374384305e-03
2.144399966999999962e-01,3.095430278544733863e-03
2.145079067000000006e-01,3.094376690613240017e-03
2.145467027999999887e-01,3.093775728267746019e-03
2.145854918000000000e-01,3.093173527312501232e-03
2.146242738999999955e-01,3.092571794668432308e-03
2.146533558000000008e-01,3.092121555362994934e-03
2.146727415999999944e-01,3.091820983143078131e-03
2.147308883999999862e-01,3.090918695938364019e-03
2.148180791000000034e-01,3.089567015004305618e-03
2.148277647000000068e-01,3.089416395032041143e-03
2.148568191000000127e-01,3.088966322812378672e-03
2.148955522000000062e-01,3.088365500087657083e-03
2.149342783000000034e-01,3.087764812961723334e-03
2.149729974000000043e-01,3.087164575495029983e-03
2.149826760999999919e-01,3.087015014057857554e-03
2.150020321999999984e-01,3.086714125061768184e-03
2.150504146999999977e-01,3.085963860253582939e-03
2.150600899000000010e-01,3.085813911232429107e-03
2.150891128999999902e-01,3.085364008446994134e-03
2.151664885000000027e-01,3.084164789760770586e-03
2.152438362000000105e-01,3.082966087617954477e-03
2.152921644000000134e-01,3.082217019603149775e-03
2.153114925999999874e-01,3.081917226093006720e-03
2.153211560999999941e-01,3.081767037273984260e-03
2.153694670000000089e-01,3.081018956784051330e-03
2.153984482999999894e-01,3.080569131340975438e-03
2.154274257000000081e-01,3.080119954890013934e-03
2.154660562000000057e-01,3.079521604169847392e-03
2.155143344999999877e-01,3.078772794581166941e-03
2.155239888999999909e-01,3.078623817690831661e-03
2.155819060999999981e-01,3.077725853494166740e-03
2.155915575000000028e-01,3.077576551895148341e-03
2.156012083999999940e-01,3.077426834057562025e-03
2.156301585000000021e-01,3.076978302235155917e-03
2.156687526999999938e-01,3.076380641503192234e-03
2.157459203000000048e-01,3.075184463551296210e-03
2.157748510999999980e-01,3.074736506943933669e-03
2.158327009000000074e-01,3.073839959516589965e-03
2.158616201000000123e-01,3.073391626947676904e-03
2.159290829000000134e-01,3.072346709760091516e-03
2.160157899000000048e-01,3.071003001280210847e-03
2.160446845000000005e-01,3.070556195915587032e-03
2.160928336000000061e-01,3.069810407383253940e-03
2.161313451999999913e-01,3.069213418187590348e-03
2.162179710999999893e-01,3.067871758307971763e-03
2.162372166000000040e-01,3.067573562514468687e-03
2.162468386999999992e-01,3.067424728870661328e-03
2.162757023999999917e-01,3.066977575141740901e-03
2.162853228000000128e-01,3.066828439976813838e-03
2.163238000999999910e-01,3.066232693813386416e-03
2.163718870000000127e-01,3.065487883517229849e-03
2.163911188000000041e-01,3.065190065200097680e-03
2.164391907999999864e-01,3.064445969403665690e-03
2.164488039999999947e-01,3.064296494400057125e-03
2.164776408000000096e-01,3.063850697245469167e-03
2.165449117000000090e-01,3.062808063392596491e-03
2.165833429000000032e-01,3.062213960588408557e-03
2.165929496000000010e-01,3.062064491237221232e-03
2.166697880000000020e-01,3.060875030037669628e-03
2.166793908999999907e-01,3.060725885935315811e-03
2.167081969999999913e-01,3.060280486332178380e-03
2.167561987000000134e-01,3.059537124190374758e-03
2.168137867000000107e-01,3.058645814200409378e-03
2.168521701999999995e-01,3.058051642909693363e-03
2.168905469000000086e-01,3.057457675708438825e-03
2.169097326999999964e-01,3.057160207717563808e-03
2.169864589999999926e-01,3.055973259159460408e-03
2.170152243000000036e-01,3.055528099844756658e-03
2.170535721999999890e-01,3.054933686016889690e-03
2.170631580999999866e-01,3.054785524182685938e-03
2.171302475999999926e-01,3.053747273580894803e-03
2.171589939999999941e-01,3.053302436076145605e-03
2.171973164000000067e-01,3.052709618863955979e-03
2.172164752000000087e-01,3.052413254833337940e-03
2.172739411000000065e-01,3.051523372619859009e-03
2.172835173000000064e-01,3.051375679239346893e-03
2.173122433999999936e-01,3.050930588702936101e-03
2.173218178999999917e-01,3.050782933766763710e-03
2.173601115999999889e-01,3.050190145192158142e-03
2.173983986999999951e-01,3.049598258262267627e-03
2.174749525000000128e-01,3.048413422405731737e-03
2.175036532999999883e-01,3.047969472865195983e-03
2.175132193000000047e-01,3.047821577179106196e-03
2.175992951000000064e-01,3.046489438632272312e-03
2.176184184000000132e-01,3.046194157113763304e-03
2.176757782000000030e-01,3.045307143579781446e-03
2.177331230000000006e-01,3.044420060114287618e-03
2.177426789999999945e-01,3.044272187617341145e-03
2.178191117999999926e-01,3.043089516990236335e-03
2.178286640000000052e-01,3.042941671764842499e-03
2.178573182000000108e-01,3.042498822119164663e-03
2.179241631999999929e-01,3.041464620196640371e-03
2.179337108000000134e-01,3.041316966869329896e-03
2.179718971000000061e-01,3.040726580855531314e-03
2.180482495000000132e-01,3.039546100989105274e-03
2.180577917000000032e-01,3.039398609422797829e-03
2.180768747999999868e-01,3.039103726530681133e-03
2.181150360000000121e-01,3.038513919070572316e-03
2.181341140999999983e-01,3.038218417027413552e-03
2.181627281999999890e-01,3.037775875589939032e-03
2.182008742999999862e-01,3.037186195635406625e-03
2.182294795999999981e-01,3.036744092698179503e-03
2.182771467000000076e-01,3.036007592782884266e-03
2.182866789000000030e-01,3.035859825739997773e-03
2.183152728999999959e-01,3.035417907377218824e-03
2.183629213000000124e-01,3.034681214771729925e-03
2.183915053000000106e-01,3.034239195852784284e-03
2.184200856000000079e-01,3.033797101170225378e-03
2.184296115999999899e-01,3.033650242030800498e-03
2.184391371000000137e-01,3.033503295580168742e-03
2.185153263000000068e-01,3.032325788557280449e-03
2.185914888999999917e-01,3.031148144408547622e-03
2.186200430999999944e-01,3.030706849102904939e-03
2.186581095000000030e-01,3.030118266855454014e-03
2.186866548999999993e-01,3.029677495521513296e-03
2.186961692999999929e-01,3.029530530132248760e-03
2.187342224000000113e-01,3.028942424556630483e-03
2.187437346999999976e-01,3.028795817714495867e-03
2.188483421999999901e-01,3.027179200266941119e-03
2.188863688999999890e-01,3.026591378427458557e-03
2.189528997000000088e-01,3.025563309560583107e-03
2.189624024000000058e-01,3.025416475870984501e-03
2.190004093000000041e-01,3.024829496528585755e-03
2.190479086000000075e-01,3.024095734713486746e-03
2.191238862000000065e-01,3.022921563321725232e-03
2.191428763999999918e-01,3.022628487761179397e-03
2.191903449000000004e-01,3.021895309976783527e-03
2.192283121999999973e-01,3.021309437244836492e-03
2.192567834999999965e-01,3.020868710815757287e-03
2.192757622000000017e-01,3.020576002318484891e-03
2.193326885999999920e-01,3.019696906629412269e-03
2.193801159999999861e-01,3.018964307096845198e-03
2.194275330999999885e-01,3.018232248826365795e-03
2.195318148000000025e-01,3.016621503272065227e-03
2.195602466000000086e-01,3.016182394828686303e-03
2.195981499999999920e-01,3.015597263258711341e-03
2.196455200999999913e-01,3.014866744716535561e-03
2.196834088000000074e-01,3.014281714107551469e-03
2.197118210000000016e-01,3.013842684625963209e-03
2.197212909000000047e-01,3.013696810216030721e-03
2.197307604000000025e-01,3.013549811923397354e-03
2.198727543000000006e-01,3.011358227332849597e-03
2.198822172999999880e-01,3.011212486792684811e-03
2.199106037999999930e-01,3.010773733112892016e-03
2.199389867000000054e-01,3.010335598712651772e-03
2.199579066000000027e-01,3.010043868155128522e-03
2.199862834000000100e-01,3.009606123381405960e-03
2.200241133999999987e-01,3.009022432111328142e-03
2.200524815999999884e-01,3.008584818161588303e-03
2.201092071000000094e-01,3.007708658725099637e-03
2.201375644000000131e-01,3.007271424083096494e-03
2.201848184000000097e-01,3.006542190327392804e-03
2.202509568999999889e-01,3.005521971009434030e-03
2.203170755999999952e-01,3.004502095086439197e-03
2.203265195999999926e-01,3.004355922508415797e-03
2.203548489000000110e-01,3.003919319484554123e-03
2.204020563000000099e-01,3.003191022603005078e-03
2.204114964999999982e-01,3.003044956777962699e-03
2.204398149000000029e-01,3.002608378454566223e-03
2.204681296999999873e-01,3.002171240551352368e-03
2.204775670999999937e-01,3.002025646103330739e-03
2.205530521000000077e-01,3.000861760876789158e-03
2.206379417999999870e-01,2.999552077718050692e-03
2.206568017999999964e-01,2.999261112344928960e-03
2.206662310999999987e-01,2.999115890878390703e-03
2.207039446000000071e-01,2.998533916295233973e-03
2.207416516000000051e-01,2.997951929137616673e-03
2.207793520999999926e-01,2.997370958413480158e-03
2.207887762999999892e-01,2.997225258865006316e-03
2.208076233000000055e-01,2.996935104985776199e-03
2.208170462999999861e-01,2.996789263887035190e-03
2.208453126000000100e-01,2.996354029914917016e-03
2.208641548999999982e-01,2.996063406415468752e-03
2.209206720000000124e-01,2.995192400487972900e-03
2.209300901000000039e-01,2.995046329693838109e-03
2.210054204999999938e-01,2.993885195180893966e-03
2.210148349999999928e-01,2.993740519282453352e-03
2.210807251999999945e-01,2.992724285992696964e-03
2.211465958000000120e-01,2.991708507038427778e-03
2.211654124000000110e-01,2.991419080017172945e-03
2.212406625999999987e-01,2.990258541513161981e-03
2.212594712000000019e-01,2.989969220879947452e-03
2.212688748999999955e-01,2.989823944487263966e-03
2.213440899999999933e-01,2.988665049714703432e-03
2.213816879000000126e-01,2.988085568270659395e-03
2.214568647000000057e-01,2.986926940381806270e-03
2.214944434999999989e-01,2.986347284423749183e-03
2.215414081000000035e-01,2.985623667875914912e-03
2.216071417000000099e-01,2.984611318174887340e-03
2.216728558999999932e-01,2.983599310832545440e-03
2.216822421000000098e-01,2.983454498263852887e-03
2.216916278000000129e-01,2.983309760406421384e-03
2.217103981000000112e-01,2.983020795198875353e-03
2.217197827000000065e-01,2.982875780812855628e-03
2.217573169000000011e-01,2.982297334725231546e-03
2.217948448000000017e-01,2.981719195809513865e-03
2.218417457999999898e-01,2.980997051108693653e-03
2.218605033999999920e-01,2.980707866208102616e-03
2.219073904999999958e-01,2.979986470905071887e-03
2.219167666999999899e-01,2.979841543468864963e-03
2.219730156999999982e-01,2.978975150595772423e-03
2.220479922999999967e-01,2.977820663920247718e-03
2.220573626000000023e-01,2.977676250211263448e-03
2.221416773999999872e-01,2.976377402081442029e-03
2.221604097000000055e-01,2.976089450238534294e-03
2.221697752000000026e-01,2.975945295655182867e-03
2.222165969999999879e-01,2.975224204807998523e-03
2.223102110999999881e-01,2.973782525989429864e-03
2.223570032999999946e-01,2.973062613408284510e-03
2.223663606000000070e-01,2.972918899191800187e-03
2.223944300000000041e-01,2.972486555391893378e-03
2.224318503999999919e-01,2.971910938040768242e-03
2.224412045999999976e-01,2.971766494971765215e-03
2.225066723999999940e-01,2.970759306975795811e-03
2.225160234000000126e-01,2.970614549140713264e-03
2.225814691999999928e-01,2.969607714956694084e-03
2.225908169999999964e-01,2.969464216810005063e-03
2.226095114999999958e-01,2.969175666057389910e-03
2.226188581000000111e-01,2.969031968058521813e-03
2.226468957000000137e-01,2.968600949541949901e-03
2.226936171999999992e-01,2.967881860166396348e-03
2.227216454000000012e-01,2.967450450573219742e-03
2.227683511999999921e-01,2.966731585834451058e-03
2.228150472000000049e-01,2.966013133644666063e-03
2.228430601999999983e-01,2.965582477914615895e-03
2.228710694999999908e-01,2.965151121706511694e-03
2.229177441000000093e-01,2.964432822289946121e-03
2.229457441000000095e-01,2.964001914247959418e-03
2.229550765999999962e-01,2.963858815455234792e-03
2.230297230000000130e-01,2.962710847994896434e-03
2.230577089999999929e-01,2.962279431029067860e-03
2.231136703000000110e-01,2.961419642221179305e-03
2.231416458000000103e-01,2.960988993614816194e-03
2.231789409000000113e-01,2.960414799248105387e-03
2.232069080999999899e-01,2.959985040810780583e-03
2.232628321000000027e-01,2.959125271817172886e-03
2.232907888000000007e-01,2.958695612918151030e-03
2.233373755999999988e-01,2.957978587874567598e-03
2.233560075999999894e-01,2.957692635173561364e-03
2.234863880000000080e-01,2.955687575913306005e-03
2.235050075999999997e-01,2.955401296080220532e-03
2.235143168000000014e-01,2.955257985967021332e-03
2.235608570000000017e-01,2.954542494144912594e-03
2.235887763999999944e-01,2.954113008651240713e-03
2.236259969999999930e-01,2.953540792050011240e-03
2.236539083000000094e-01,2.953112120865700619e-03
2.237004194999999973e-01,2.952397362080670835e-03
2.238120067999999907e-01,2.950681709367629878e-03
2.238491901999999922e-01,2.950110930953360119e-03
2.239235384999999912e-01,2.948968457076970619e-03
2.239328302999999964e-01,2.948825534203504753e-03
2.239607033999999885e-01,2.948396951376731565e-03
2.240071507999999989e-01,2.947683016457860235e-03
2.240628751000000030e-01,2.946827320920873596e-03
2.241093013000000078e-01,2.946113617240371865e-03
2.241464354000000103e-01,2.945543027428856615e-03
2.241557180000000038e-01,2.945401263583878517e-03
2.241835634000000077e-01,2.944973538000301028e-03
2.242578007999999901e-01,2.943832661996230796e-03
2.243691109000000017e-01,2.942122639381582975e-03
2.243969298000000057e-01,2.941695777263555849e-03
2.244062019999999991e-01,2.941554035968187066e-03
2.244340163000000110e-01,2.941126527708196655e-03
2.244432869000000108e-01,2.940984103625378463e-03
2.244525572000000135e-01,2.940842068720471089e-03
2.244803657999999980e-01,2.940415100140810617e-03
2.245081708999999981e-01,2.939987716260798745e-03
2.245174384999999995e-01,2.939845071101387323e-03
2.245267056999999955e-01,2.939703161714181216e-03
2.245452390000000076e-01,2.939418617103416176e-03
2.246286198999999928e-01,2.938138122964815708e-03
2.246749292999999925e-01,2.937427005604314589e-03
2.246934503000000138e-01,2.937142551573771257e-03
2.247304878999999977e-01,2.936574584644067488e-03
2.247397462999999873e-01,2.936432274534318994e-03
2.248230551000000021e-01,2.935152786064650337e-03
2.248415639000000132e-01,2.934869494117127095e-03
2.248508177999999913e-01,2.934727600362650041e-03
2.249248349999999896e-01,2.933590526241929616e-03
2.249618344000000048e-01,2.933022876043984289e-03
2.249895799999999946e-01,2.932597869164610838e-03
2.250265689000000013e-01,2.932029531027847188e-03
2.250450609999999907e-01,2.931745881302675726e-03
2.251005282000000107e-01,2.930894240989924491e-03
2.251190143000000032e-01,2.930611418446389151e-03
2.251467404999999977e-01,2.930186031206911609e-03
2.251837034999999987e-01,2.929618419851704337e-03
2.251929433000000036e-01,2.929476253339181532e-03
2.252576112999999935e-01,2.928484579761412351e-03
2.252853204999999970e-01,2.928059117596086731e-03
2.252945560999999874e-01,2.927918086229391956e-03
2.253222606999999988e-01,2.927492736929840789e-03
2.253407286000000120e-01,2.927209409336530010e-03
2.253684274999999959e-01,2.926784780701475238e-03
2.254053541999999910e-01,2.926218210264119879e-03
2.254884169999999965e-01,2.924943847049553923e-03
2.255160978000000094e-01,2.924520185949235074e-03
2.255622248999999968e-01,2.923812214460544401e-03
2.256267871000000036e-01,2.922822113086948493e-03
2.256913308000000062e-01,2.921832417501026881e-03
2.257005498000000110e-01,2.921690880189789334e-03
2.257097684000000104e-01,2.921550216726738307e-03
2.257282046000000097e-01,2.921267615205194474e-03
2.257742883999999950e-01,2.920560202712950155e-03
2.257835039999999960e-01,2.920419144140106154e-03
2.258111486000000112e-01,2.919995434988347741e-03
2.258756396000000111e-01,2.919006937142587955e-03
2.259309029000000080e-01,2.918159138249493481e-03
2.259585295000000049e-01,2.917736667714808992e-03
2.260045663999999954e-01,2.917030245433677865e-03
2.260321838999999888e-01,2.916606805516982516e-03
2.260690022000000077e-01,2.916043385326950576e-03
2.261426206000000105e-01,2.914915102134537066e-03
2.261518211999999917e-01,2.914773922692005543e-03
2.262070170999999907e-01,2.913927959659383827e-03
2.262530033000000051e-01,2.913223178237514532e-03
2.262805905999999978e-01,2.912800530816004978e-03
2.263173683999999963e-01,2.912236868347518794e-03
2.264000965999999893e-01,2.910969554207820491e-03
2.264368549000000119e-01,2.910406937377383110e-03
2.264460436000000076e-01,2.910266380767359377e-03
2.264736073999999988e-01,2.909843680623715005e-03
2.265103538000000083e-01,2.909280274765343056e-03
2.265195395000000056e-01,2.909140152038546413e-03
2.265838287999999978e-01,2.908155477481432372e-03
2.266113757999999867e-01,2.907733706598008856e-03
2.266664597999999975e-01,2.906890519072931854e-03
2.266939967000000111e-01,2.906468141632334058e-03
2.267215303000000015e-01,2.906046376676273742e-03
2.267582365999999960e-01,2.905485057156761714e-03
2.267674121999999903e-01,2.905344636156534811e-03
2.268408040000000070e-01,2.904220307497934559e-03
2.268683197999999956e-01,2.903798630715795533e-03
2.268866618000000002e-01,2.903518379647935816e-03
2.269141719999999973e-01,2.903097152118794873e-03
2.269508470999999916e-01,2.902535269828840185e-03
2.270241795000000062e-01,2.901413159078997193e-03
2.270608369000000071e-01,2.900852133701525316e-03
2.270883260000000070e-01,2.900431506441266717e-03
2.270974883000000111e-01,2.900291403365233295e-03
2.271066502000000098e-01,2.900150988940591954e-03
2.271707733999999979e-01,2.899169365116389431e-03
2.271799324000000064e-01,2.899029508824387587e-03
2.272440349000000026e-01,2.898047857682755930e-03
2.272531909000000128e-01,2.897908285621051371e-03
2.272806568000000083e-01,2.897487774975834179e-03
2.273081193000000000e-01,2.897067842213751129e-03
2.273538827999999901e-01,2.896368099781424302e-03
2.273813365000000031e-01,2.895947988240172698e-03
2.274270852999999981e-01,2.895247585748373081e-03
2.274636777000000054e-01,2.894687430494068733e-03
2.274728249000000091e-01,2.894547647221541471e-03
2.274911181000000004e-01,2.894267712095022118e-03
2.275002641999999964e-01,2.894127646521639854e-03
2.275459891000000123e-01,2.893429240925812600e-03
2.276008468000000062e-01,2.892589944608096268e-03
2.276739698999999950e-01,2.891470837521858440e-03
2.276831085999999893e-01,2.891331890889416948e-03
2.276922469999999865e-01,2.891191770488890991e-03
2.277196599000000099e-01,2.890772853682101792e-03
2.277562052000000059e-01,2.890213802982392367e-03
2.277927448000000021e-01,2.889654759384187657e-03
2.278292784000000015e-01,2.889096561169732930e-03
2.279114577999999947e-01,2.887839312665019861e-03
2.279297157999999879e-01,2.887560178283527651e-03
2.279844812000000054e-01,2.886723477402554014e-03
2.280118590000000112e-01,2.886304597263575529e-03
2.280483574999999929e-01,2.885747109925953461e-03
2.280757276000000000e-01,2.885328613598930718e-03
2.281213370999999879e-01,2.884631454016281082e-03
2.281304578999999999e-01,2.884492038826410622e-03
2.282034112999999920e-01,2.883376677177274753e-03
2.282307627999999866e-01,2.882959726063717004e-03
2.282581110000000135e-01,2.882541158308022690e-03
2.283674710999999968e-01,2.880870080038093559e-03
2.284221314999999863e-01,2.880035361088066972e-03
2.284494568000000059e-01,2.879618101975921652e-03
2.284767789000000104e-01,2.879200857330531382e-03
2.284858855000000133e-01,2.879061122112692387e-03
2.284949917000000108e-01,2.878922350919517741e-03
2.285132031000000064e-01,2.878644429117783489e-03
2.285587253999999957e-01,2.877949058090686647e-03
2.285678287000000031e-01,2.877808912779662980e-03
2.285951365999999985e-01,2.877392314801456054e-03
2.286224411999999984e-01,2.876975354489439904e-03
2.286588422999999981e-01,2.876419592294915655e-03
2.287043354999999945e-01,2.875725096541388581e-03
2.287771058999999996e-01,2.874613737876831072e-03
2.288043888000000081e-01,2.874196586872973264e-03
2.288407608999999954e-01,2.873641675560721642e-03
2.288862180000000024e-01,2.872946751923451374e-03
2.289225770999999965e-01,2.872392653360876773e-03
2.289952781000000048e-01,2.871282052966019765e-03
2.290043640999999963e-01,2.871143393940695215e-03
2.290316199000000108e-01,2.870727620372107852e-03
2.290588725000000103e-01,2.870312006457311545e-03
2.290770390999999906e-01,2.870034181326243990e-03
2.291042862999999874e-01,2.869618193766276023e-03
2.291496909999999887e-01,2.868924870605955076e-03
2.292132426000000056e-01,2.867955505510677745e-03
2.292495498999999881e-01,2.867401378179356211e-03
2.292949259000000017e-01,2.866708851814198968e-03
2.293221471999999928e-01,2.866293073754603779e-03
2.293584371999999871e-01,2.865739246246363538e-03
2.293856509999999960e-01,2.865324610144469927e-03
2.293947215000000095e-01,2.865186153907372992e-03
2.294672728999999911e-01,2.864078791796843739e-03
2.295126057999999913e-01,2.863387506346687893e-03
2.295760568999999918e-01,2.862420008246323398e-03
2.296576112000000003e-01,2.861176237050639531e-03
2.296757304000000000e-01,2.860900099757272309e-03
2.297119646000000126e-01,2.860347001218443378e-03
2.297210222000000135e-01,2.860208460440332931e-03
2.297300794999999896e-01,2.860070864962939094e-03
2.297844156999999943e-01,2.859242690840450071e-03
2.297934705000000133e-01,2.859103804679525261e-03
2.298658959999999862e-01,2.857999605216205666e-03
2.299021001999999869e-01,2.857447614507920616e-03
2.299292495999999963e-01,2.857033862002035431e-03
2.299473475000000100e-01,2.856758199793692048e-03
2.299654439000000106e-01,2.856482173192384077e-03
2.300106785999999903e-01,2.855793232758914273e-03
2.300468599999999919e-01,2.855240971807212601e-03
2.300830356999999937e-01,2.854690238982173466e-03
2.300920787999999884e-01,2.854552264516805379e-03
2.301101637999999894e-01,2.854275848929952678e-03
2.301192058000000040e-01,2.854138442095751488e-03
2.302547927999999966e-01,2.852072350855281661e-03
2.302999706999999951e-01,2.851383701711846051e-03
2.303090051999999999e-01,2.851245805594504815e-03
2.303632049000000070e-01,2.850420362453962887e-03
2.303722368999999992e-01,2.850282613124411907e-03
2.304083616000000001e-01,2.849732503453635338e-03
2.304535094000000062e-01,2.849045044136503616e-03
2.305167015000000041e-01,2.848082544976084703e-03
2.305257274999999995e-01,2.847944590239429637e-03
2.305528034999999865e-01,2.847532254673933692e-03
2.305798762000000057e-01,2.847120122386707398e-03
2.305979230000000102e-01,2.846845486342220160e-03
2.306249904999999878e-01,2.846432949700528590e-03
2.306610755000000068e-01,2.845883147135564156e-03
2.306971549000000066e-01,2.845333715276645876e-03
2.307422462000000007e-01,2.844647617927477910e-03
2.307963440999999949e-01,2.843823460773468523e-03
2.308143739999999888e-01,2.843548440897427938e-03
2.308414161000000020e-01,2.843137199649644828e-03
2.308684550000000002e-01,2.842724862494461300e-03
2.308774673000000000e-01,2.842588017292136966e-03
2.309405432999999952e-01,2.841627645253656277e-03
2.309585618999999979e-01,2.841353723665496472e-03
2.309765790999999957e-01,2.841079324924408820e-03
2.309855871000000005e-01,2.840941824977320004e-03
2.310306220999999993e-01,2.840256598761864079e-03
2.310576389000000008e-01,2.839845978146971969e-03
2.310846525999999956e-01,2.839433945722736382e-03
2.310936564000000137e-01,2.839297991946394990e-03
2.311206658000000136e-01,2.838886498457031393e-03
2.311656745000000013e-01,2.838201444570392917e-03
2.311746752000000127e-01,2.838064770463218350e-03
2.312466680999999968e-01,2.836969160648315346e-03
2.312736595999999867e-01,2.836558051089605511e-03
2.313456217000000037e-01,2.835462997303086000e-03
2.314085700999999884e-01,2.834506344802872110e-03
2.314175613999999992e-01,2.834369182632232032e-03
2.314445330000000078e-01,2.833958276513147152e-03
2.314625123000000062e-01,2.833685129822819011e-03
2.315523879999999979e-01,2.832318675875212469e-03
2.315973128000000103e-01,2.831635318873327364e-03
2.316062966999999917e-01,2.831498615999035202e-03
2.316332463000000119e-01,2.831088806751435889e-03
2.316691743000000026e-01,2.830542734634545598e-03
2.316781554000000021e-01,2.830405242673303574e-03
2.317320348999999946e-01,2.829586397009825442e-03
2.317410135999999898e-01,2.829450030740423509e-03
2.318128305000000111e-01,2.828358370931229743e-03
2.318397561999999967e-01,2.827948592351157975e-03
2.318487307000000053e-01,2.827812448280745718e-03
2.319474273999999892e-01,2.826311599485044259e-03
2.319833067000000026e-01,2.825766560611679429e-03
2.320281480999999979e-01,2.825084971404147501e-03
2.320371153000000131e-01,2.824949535158422561e-03
2.320640149000000041e-01,2.824540515424875040e-03
2.320909113999999884e-01,2.824131926081950832e-03
2.321088406000000048e-01,2.823859398798667444e-03
2.321715820999999957e-01,2.822905197891155404e-03
2.322343067000000039e-01,2.821952822972422815e-03
2.322432658999999955e-01,2.821816247912437969e-03
2.322522248999999983e-01,2.821679910034481480e-03
2.322790995000000025e-01,2.821272117973138739e-03
2.323059711000000083e-01,2.820863619605215502e-03
2.323238837999999917e-01,2.820591984463290732e-03
2.323507502000000113e-01,2.820183131045326912e-03
2.324581846999999868e-01,2.818551829805370119e-03
2.325387281000000084e-01,2.817328767911147450e-03
2.325566228000000013e-01,2.817057563659057344e-03
2.325655695999999939e-01,2.816921588858795067e-03
2.325924081000000088e-01,2.816513681528756263e-03
2.326013536000000048e-01,2.816377183120212686e-03
2.326371319999999965e-01,2.815834487745549810e-03
2.326729050000000132e-01,2.815291010417649096e-03
2.326818474000000025e-01,2.815155432006763436e-03
2.326997311000000013e-01,2.814884662595644720e-03
2.327801908000000086e-01,2.813662635301539001e-03
2.328159418000000092e-01,2.813120002505802107e-03
2.328427513999999920e-01,2.812713425681825832e-03
2.328784928000000032e-01,2.812171096037663093e-03
2.328874271999999968e-01,2.812035064517714577e-03
2.329231616999999921e-01,2.811492783887409915e-03
2.329678222000000076e-01,2.810814306482540756e-03
2.329946143000000136e-01,2.810408238340604548e-03
2.330303324000000120e-01,2.809866311998387902e-03
2.330392609999999975e-01,2.809730753975074082e-03
2.331106779999999878e-01,2.808647627075448912e-03
2.331285288000000122e-01,2.808376398375650191e-03
2.331374536999999969e-01,2.808240818644238378e-03
2.332445258999999993e-01,2.806616531031153570e-03
2.332802056000000124e-01,2.806075954540255754e-03
2.333515489000000109e-01,2.804993162544132650e-03
2.333782970000000123e-01,2.804587170246307382e-03
2.334228703000000016e-01,2.803912173331556124e-03
2.334496101999999906e-01,2.803506760141173844e-03
2.335298114999999897e-01,2.802290006858611585e-03
2.335387211000000129e-01,2.802155218105994820e-03
2.335565391999999962e-01,2.801884849427833772e-03
2.335654477999999923e-01,2.801749673844325904e-03
2.336367038999999923e-01,2.800669709594136476e-03
2.336634193000000081e-01,2.800264716311185505e-03
2.336723237999999980e-01,2.800129162559622607e-03
2.336812279000000103e-01,2.799994022819817310e-03
2.336990351000000077e-01,2.799724519709049630e-03
2.337524487000000040e-01,2.798914978063368145e-03
2.338058500999999900e-01,2.798105467242908810e-03
2.338236478000000063e-01,2.797835535903395697e-03
2.338414441999999982e-01,2.797566288297929828e-03
2.338503419000000083e-01,2.797431184177345646e-03
2.339659810999999978e-01,2.795678630604181078e-03
2.340371152000000066e-01,2.794601800006609859e-03
2.340637848999999882e-01,2.794197573272504988e-03
2.340993398000000003e-01,2.793659271010984473e-03
2.341260025000000133e-01,2.793254684747121207e-03
2.341704334999999970e-01,2.792582151916467303e-03
2.342059722000000010e-01,2.792043194669557079e-03
2.342415055000000024e-01,2.791505406326788303e-03
2.342770335000000093e-01,2.790967745933065416e-03
2.343036759000000080e-01,2.790564086928915607e-03
2.343214358000000053e-01,2.790294546921892344e-03
2.344102153000000022e-01,2.788950503421210644e-03
2.344634667999999922e-01,2.788144774330971951e-03
2.344900880999999937e-01,2.787741538204096137e-03
2.345255783000000094e-01,2.787204248999735484e-03
2.345521925000000063e-01,2.786801396050907990e-03
2.345610633000000111e-01,2.786667624199105214e-03
2.345965428000000019e-01,2.786130052284475304e-03
2.346054117999999966e-01,2.785996124214813567e-03
2.346320169999999983e-01,2.785593866208740856e-03
2.346763521999999935e-01,2.784922544895185401e-03
2.347384073000000071e-01,2.783983783095913492e-03
2.348093075000000085e-01,2.782910079444187758e-03
2.348181685000000074e-01,2.782776232961006214e-03
2.348358895000000057e-01,2.782508680703552929e-03
2.348447495000000051e-01,2.782374144184881701e-03
2.348713275000000045e-01,2.781972230887059215e-03
2.349156175000000069e-01,2.781302254021240927e-03
2.349421875000000104e-01,2.780900121436137400e-03
2.350218795000000027e-01,2.779694517161494273e-03
2.350307325000000058e-01,2.779561264715488516e-03
2.351015444000000010e-01,2.778489684456575057e-03
2.351192441000000133e-01,2.778221494481623605e-03
2.351280933999999878e-01,2.778088159200364868e-03
2.351634874000000097e-01,2.777552964813754036e-03
2.352342594000000064e-01,2.776482246411761910e-03
2.352431044000000138e-01,2.776349328193180102e-03
2.353138523999999954e-01,2.775280049263082957e-03
2.353403775000000031e-01,2.774877889831135671e-03
2.353668995000000042e-01,2.774477125976486640e-03
2.353757394999999863e-01,2.774343741731999900e-03
2.354022575999999978e-01,2.773942937908318012e-03
2.354376103999999970e-01,2.773408835956197704e-03
2.354552846999999893e-01,2.773141030857675157e-03
2.354817938000000055e-01,2.772740813591119489e-03
2.355083000000000037e-01,2.772340639303362293e-03
2.355171346999999915e-01,2.772206698970893467e-03
2.355878003999999915e-01,2.771138625185271855e-03
2.356584449999999942e-01,2.770071479200958680e-03
2.356672740000000099e-01,2.769938600077800385e-03
2.357202415999999912e-01,2.769137748284087978e-03
2.357643721000000081e-01,2.768471580366782623e-03
2.358261409000000086e-01,2.767537626165441581e-03
2.358702515999999971e-01,2.766871761177363935e-03
2.359496301000000018e-01,2.765672526690821000e-03
2.359760837000000055e-01,2.765272985767785584e-03
2.360113504999999945e-01,2.764741052988851401e-03
2.360906815000000103e-01,2.763543519807357997e-03
2.361083069999999895e-01,2.763277266446674367e-03
2.361171193000000113e-01,2.763143333277747870e-03
2.361523650000000030e-01,2.762611444327128362e-03
2.361611755999999951e-01,2.762478899289226054e-03
2.362316486999999909e-01,2.761414825100214944e-03
2.362932953999999919e-01,2.760484320565750709e-03
2.363021006999999896e-01,2.760351377402724387e-03
2.363285148000000002e-01,2.759953457728519469e-03
2.363725318000000075e-01,2.759288531711987739e-03
2.363901362999999978e-01,2.759023026137915821e-03
2.363989380000000029e-01,2.758889753394043378e-03
2.364693401999999889e-01,2.757828279738197379e-03
2.365045335000000026e-01,2.757296390461843640e-03
2.365309250000000030e-01,2.756898960796790032e-03
2.365397214999999942e-01,2.756766103809788794e-03
2.365661089999999966e-01,2.756367395781415472e-03
2.365836990999999889e-01,2.756102375201589707e-03
2.366364615000000060e-01,2.755306384293044770e-03
2.366452541000000076e-01,2.755174565925798402e-03
2.366716299000000134e-01,2.754776175589109671e-03
2.367155830000000072e-01,2.754113217656004205e-03
2.367243726999999909e-01,2.753980019371510095e-03
2.367507396000000097e-01,2.753583132329871005e-03
2.367771036999999912e-01,2.753185980296233085e-03
2.367946780999999890e-01,2.752920337216353645e-03
2.368210373000000091e-01,2.752523090076613912e-03
2.368473935000000030e-01,2.752125359080456572e-03
2.368561781999999893e-01,2.751993200204621865e-03
2.369527889999999970e-01,2.750536957762959259e-03
2.370054692999999935e-01,2.749742079651388248e-03
2.370669146999999921e-01,2.748815966253351575e-03
2.371371186000000020e-01,2.747757906456283709e-03
2.371458925999999912e-01,2.747625657587086847e-03
2.371985299000000103e-01,2.746832331722412392e-03
2.372160731000000078e-01,2.746567661310477838e-03
2.372423854000000054e-01,2.746171563339319145e-03
2.373476056000000112e-01,2.744586774794455838e-03
2.373739032999999943e-01,2.744189841160568893e-03
2.374089624999999870e-01,2.743662012665878339e-03
2.374264900999999983e-01,2.743397652016456734e-03
2.374527791000000110e-01,2.743001831709280993e-03
2.374878266000000071e-01,2.742474292460406107e-03
2.375141088000000122e-01,2.742078674906426542e-03
2.375666644999999966e-01,2.741286665429078055e-03
2.375929380000000035e-01,2.740890754282870705e-03
2.376192085999999926e-01,2.740495592045318497e-03
2.376542315999999877e-01,2.739967927944684904e-03
2.376629865000000064e-01,2.739835720643130166e-03
2.376892493999999967e-01,2.739440118878241123e-03
2.376980029999999910e-01,2.739309460913814161e-03
2.377767712999999949e-01,2.738123504387500809e-03
2.378730081000000052e-01,2.736673868073245895e-03
2.378992477999999910e-01,2.736279511787179791e-03
2.379866925000000133e-01,2.734963299779694535e-03
2.380129196000000114e-01,2.734568125511449479e-03
2.380478846000000093e-01,2.734042397512096486e-03
2.380828445000000015e-01,2.733516850510946464e-03
2.381177992000000077e-01,2.732990730888897827e-03
2.381265371000000075e-01,2.732859066999880279e-03
2.381876933000000029e-01,2.731939431909793155e-03
2.381964286000000097e-01,2.731807434048932805e-03
2.382226326999999921e-01,2.731413240121097728e-03
2.382924959999999925e-01,2.730362596745967377e-03
2.383186895000000138e-01,2.729968259686375853e-03
2.383274200000000120e-01,2.729837013653368515e-03
2.383536096999999965e-01,2.729444183850415935e-03
2.383623388999999981e-01,2.729311918084415239e-03
2.384059802999999866e-01,2.728656031489646271e-03
2.384757899000000125e-01,2.727606863959479086e-03
2.385019633000000083e-01,2.727213195412941070e-03
2.385281337000000057e-01,2.726819810486119308e-03
2.385368566000000135e-01,2.726687687336885966e-03
2.386066279000000068e-01,2.725639962860706283e-03
2.386153478999999966e-01,2.725508025069210780e-03
2.386763789000000135e-01,2.724591202422957468e-03
2.386850963000000103e-01,2.724460063391157070e-03
2.387112466999999905e-01,2.724067570647561911e-03
2.387461093999999895e-01,2.723542422694263509e-03
2.387548243000000014e-01,2.723412663468208032e-03
2.387722530999999981e-01,2.723150106541043485e-03
2.388158196000000066e-01,2.722495536220541183e-03
2.388506670999999970e-01,2.721972307556750053e-03
2.388767992999999978e-01,2.721579750352705763e-03
2.388942192000000075e-01,2.721318109648968205e-03
2.389551789999999898e-01,2.720401320530535603e-03
2.389900061000000131e-01,2.719878642851233843e-03
2.390248282000000113e-01,2.719355281435364285e-03
2.390335329000000120e-01,2.719224868195814840e-03
2.390509413999999944e-01,2.718963010476635640e-03
2.390857546000000056e-01,2.718440029294467378e-03
2.391031593000000066e-01,2.718179559451873104e-03
2.391640657000000114e-01,2.717264419650939049e-03
2.392336540999999983e-01,2.716219626165168946e-03
2.392423512999999891e-01,2.716089216284002083e-03
2.392684407000000013e-01,2.715696491091086715e-03
2.393379988000000069e-01,2.714652642720028364e-03
2.393640777999999913e-01,2.714261006316391351e-03
2.393727702000000013e-01,2.714131041244475552e-03
2.393814622999999864e-01,2.714000443253630247e-03
2.394509874999999899e-01,2.712956159380001692e-03
2.394683656999999910e-01,2.712696016687548596e-03
2.394770542999999918e-01,2.712565650865781525e-03
2.395204924999999874e-01,2.711913094798046407e-03
2.395465516999999989e-01,2.711523188884545996e-03
2.395812928999999925e-01,2.711001141907361505e-03
2.396073454000000047e-01,2.710609745377254385e-03
2.396507600999999987e-01,2.709959016024325162e-03
2.397288867000000046e-01,2.708786880043694955e-03
2.397896341999999903e-01,2.707875922408747252e-03
2.398850634999999953e-01,2.706443784433404734e-03
2.398937369999999958e-01,2.706313881757905094e-03
2.399284278999999909e-01,2.705794103093102712e-03
2.399370997999999977e-01,2.705663864095557772e-03
2.399631137000000081e-01,2.705274069457511057e-03
2.399891248999999893e-01,2.704883804461646109e-03
2.399977946000000084e-01,2.704753725450281289e-03
2.400064640000000027e-01,2.704624106070089001e-03
2.400238020000000083e-01,2.704363637430375836e-03
2.400758081999999904e-01,2.703584229781160874e-03
2.401278031999999896e-01,2.702805362913227646e-03
2.401451323999999887e-01,2.702545299172811298e-03
2.401971123999999957e-01,2.701766059480886339e-03
2.402750613000000091e-01,2.700597716551965660e-03
2.403010385999999887e-01,2.700207879212899575e-03
2.403096970999999971e-01,2.700078189159523401e-03
2.403789537999999892e-01,2.699041099225572317e-03
2.404741491999999869e-01,2.697615107550568707e-03
2.404828015000000097e-01,2.697485197558851990e-03
2.404914533999999993e-01,2.697355089042650662e-03
2.405174073999999940e-01,2.696967180016474151e-03
2.405606577999999940e-01,2.696318660257850629e-03
2.406211953000000070e-01,2.695412455805418044e-03
2.406298423000000075e-01,2.695283325363445961e-03
2.406903622999999881e-01,2.694376590914216059e-03
2.406990068000000038e-01,2.694246670295485317e-03
2.407162948999999885e-01,2.693988792450500210e-03
2.407249384000000048e-01,2.693858855060596476e-03
2.407508671999999961e-01,2.693471134825489114e-03
2.407940756999999987e-01,2.692824214750916614e-03
2.408545545000000121e-01,2.691918271988658767e-03
2.408631931000000115e-01,2.691788661748243522e-03
2.408977444000000023e-01,2.691271623662160831e-03
2.409322906999999958e-01,2.690754562727548649e-03
2.409581972000000016e-01,2.690366583984937256e-03
2.409754665999999934e-01,2.690108752886384829e-03
2.410013685000000072e-01,2.689720564648345920e-03
2.410272675000000031e-01,2.689333223807541424e-03
2.410963181000000122e-01,2.688299814411307821e-03
2.411049480000000134e-01,2.688170239734086458e-03
2.411394645999999919e-01,2.687654471457799274e-03
2.411739763000000092e-01,2.687137469197956995e-03
2.411826035000000090e-01,2.687008892955340157e-03
2.412429849000000126e-01,2.686105544746537638e-03
2.412688580000000027e-01,2.685719000242935920e-03
2.413205958999999901e-01,2.684944985990819245e-03
2.413464606999999873e-01,2.684557902760718352e-03
2.413895624999999878e-01,2.683913424909225003e-03
2.414068011000000125e-01,2.683655200089424698e-03
2.414154199000000112e-01,2.683526647375714114e-03
2.414498921999999881e-01,2.683011545810258438e-03
2.414843594999999954e-01,2.682496334723860967e-03
2.415446655000000054e-01,2.681594052921271783e-03
2.415791193000000059e-01,2.681079714068279607e-03
2.415963442999999877e-01,2.680821182034312435e-03
2.416221795999999866e-01,2.680434819483465229e-03
2.416480121000000036e-01,2.680049732816491836e-03
2.416566223000000124e-01,2.679920109244464735e-03
2.416824512000000091e-01,2.679534579603369548e-03
2.417599210999999970e-01,2.678376772854667957e-03
2.418029492000000058e-01,2.677733830075933186e-03
2.418631757999999965e-01,2.676833288252278373e-03
2.419319876999999896e-01,2.675805842228535462e-03
2.419405877999999954e-01,2.675677273294649935e-03
2.419577871999999963e-01,2.675421022764281655e-03
2.420695529000000124e-01,2.673751459985173468e-03
2.421039319999999939e-01,2.673237780751395141e-03
2.421383061999999864e-01,2.672724232877434370e-03
2.421468989999999988e-01,2.672595787900919687e-03
2.421726755999999980e-01,2.672211112607610593e-03
2.421984493000000072e-01,2.671825798338796614e-03
2.423358633000000095e-01,2.669774087908883490e-03
2.423530345000000086e-01,2.669517773300995010e-03
2.423702045999999999e-01,2.669261604036641047e-03
2.424045410000000011e-01,2.668749595607547865e-03
2.424474547999999896e-01,2.668109012263409144e-03
2.424903609000000071e-01,2.667468780452491358e-03
2.425075211999999925e-01,2.667213188883190214e-03
2.425589948999999912e-01,2.666444909430552585e-03
2.426104575999999957e-01,2.665676640070233864e-03
2.426533348999999895e-01,2.665037786153133352e-03
2.426790577000000060e-01,2.664653530585799155e-03
2.426876313000000118e-01,2.664525455076390253e-03
2.427219227999999895e-01,2.664013644818686525e-03
2.427562094999999864e-01,2.663502748078611961e-03
2.427647804999999992e-01,2.663374871220204089e-03
2.427819213999999892e-01,2.663119109614424558e-03
2.427904914000000025e-01,2.662991439443324147e-03
2.428333369000000019e-01,2.662352381057424538e-03
2.428590405999999924e-01,2.661969604220052171e-03
2.428933078999999939e-01,2.661458793056972749e-03
2.429190052000000100e-01,2.661075124254759852e-03
2.429532641000000104e-01,2.660563583012876161e-03
2.429618280999999991e-01,2.660436690215916503e-03
2.429703917000000102e-01,2.660309325825086554e-03
2.430645720999999870e-01,2.658905505992602454e-03
2.431672726999999923e-01,2.657373739663708087e-03
2.431758290999999905e-01,2.657246676296375499e-03
2.432014966000000111e-01,2.656864523495505292e-03
2.432271614000000026e-01,2.656481712113423384e-03
2.432442696999999876e-01,2.656227253613245142e-03
2.432699298999999871e-01,2.655844687822050271e-03
2.433041394000000079e-01,2.655334848842643824e-03
2.433297933000000135e-01,2.654952056243356680e-03
2.434323820000000027e-01,2.653424214189075911e-03
2.434494759999999980e-01,2.653170334853759138e-03
2.435007505000000017e-01,2.652406123967670712e-03
2.435092952000000033e-01,2.652279091333815952e-03
2.435776420999999914e-01,2.651260735346615098e-03
2.435861840999999917e-01,2.651133616288034022e-03
2.436118083000000101e-01,2.650752438601776135e-03
2.436459698000000007e-01,2.650243765972783074e-03
2.437228154999999952e-01,2.649099130971071473e-03
2.437825677000000080e-01,2.648209466482976705e-03
2.437911024999999954e-01,2.648083344752472524e-03
2.438167052000000112e-01,2.647701946396735419e-03
2.438593703999999973e-01,2.647066867166317054e-03
2.438764344000000084e-01,2.646813298776570355e-03
2.438849659000000003e-01,2.646685466895747942e-03
2.439190891000000139e-01,2.646178204220053527e-03
2.439873211999999958e-01,2.645163041284333445e-03
2.440129033000000003e-01,2.644782537145327819e-03
2.440214300000000114e-01,2.644655315273041710e-03
2.440470086000000038e-01,2.644274476321576209e-03
2.440640594000000052e-01,2.644021759589805422e-03
2.441237280999999926e-01,2.643133172097737738e-03
2.441492959000000074e-01,2.642754023997668632e-03
2.442004234000000051e-01,2.641993218662609319e-03
2.442941295999999929e-01,2.640598990172430237e-03
2.443367113999999896e-01,2.639966506824589342e-03
2.444048268000000024e-01,2.638953247641288857e-03
2.444218526999999974e-01,2.638700660212565073e-03
2.444303651999999993e-01,2.638574755414757091e-03
2.444984545999999981e-01,2.637562046312427830e-03
2.445239831999999891e-01,2.637182508554550969e-03
2.445324922000000067e-01,2.637056328434962422e-03
2.445580172000000052e-01,2.636676606464046207e-03
2.445665250000000068e-01,2.636550017218731307e-03
2.446345763999999978e-01,2.635539246118909652e-03
2.446770990000000090e-01,2.634907919532876192e-03
2.447026089999999876e-01,2.634528049846914487e-03
2.447366182000000057e-01,2.634022804768255260e-03
2.447961227999999878e-01,2.633138983964936584e-03
2.448046222999999966e-01,2.633013538714902135e-03
2.448301190000000127e-01,2.632634470861986136e-03
2.448641105000000096e-01,2.632129793117321363e-03
2.448726075999999863e-01,2.632003761634170175e-03
2.449320792999999941e-01,2.631120062274208173e-03
2.449405739999999942e-01,2.630994202088862786e-03
2.449490685000000056e-01,2.630868019471930760e-03
2.450085216000000010e-01,2.629984672654753653e-03
2.450170137000000081e-01,2.629858302012445543e-03
2.451019187000000044e-01,2.628598869037841474e-03
2.451104075999999965e-01,2.628472208710813576e-03
2.451358724999999905e-01,2.628094388222741804e-03
2.452122512999999893e-01,2.626961183373841425e-03
2.452207362999999918e-01,2.626834624997079030e-03
2.452377055999999944e-01,2.626582115225204947e-03
2.452461897999999862e-01,2.626456914893688255e-03
2.452886062999999894e-01,2.625826756025627026e-03
2.453140527000000071e-01,2.625449225939290900e-03
2.453394963999999956e-01,2.625072923437853957e-03
2.453734173000000074e-01,2.624568348446888830e-03
2.454158117999999944e-01,2.623940153709463947e-03
2.454242898000000006e-01,2.623814056789695263e-03
2.454751518000000132e-01,2.623059954334407574e-03
2.454836277999999927e-01,2.622934678031286007e-03
2.454921035000000029e-01,2.622807943835648529e-03
2.455175287999999956e-01,2.622431349884882506e-03
2.455514250999999981e-01,2.621928001775213155e-03
2.456446157999999935e-01,2.620546496059149560e-03
2.456530859000000122e-01,2.620420567044364196e-03
2.456784945000000109e-01,2.620043623167899512e-03
2.456954322000000079e-01,2.619792709507730907e-03
2.457885682000000016e-01,2.618412418463523898e-03
2.458224271999999988e-01,2.617910779743016884e-03
2.458308912000000124e-01,2.617784845241051365e-03
2.458985927000000016e-01,2.616781641606830047e-03
2.459239759000000081e-01,2.616405383553736114e-03
2.459578162000000123e-01,2.615903458500685921e-03
2.460170254999999861e-01,2.615027077361474234e-03
2.460254828000000005e-01,2.614901021398414061e-03
2.460508530000000138e-01,2.614524644464705574e-03
2.460593091000000121e-01,2.614400435879911389e-03
2.461269477999999955e-01,2.613397518958612137e-03
2.461607601999999950e-01,2.612897636839780872e-03
2.461692125000000120e-01,2.612771412132913144e-03
2.462283710000000014e-01,2.611896034747726233e-03
2.463044108999999926e-01,2.610769142916869508e-03
2.463213055000000040e-01,2.610519294056199043e-03
2.463635369000000130e-01,2.609893992042245942e-03
2.463973167999999880e-01,2.609394410440298191e-03
2.464310920999999988e-01,2.608893478191004738e-03
2.464395352000000039e-01,2.608769256526997492e-03
2.464564204999999952e-01,2.608519455872023406e-03
2.464901877000000019e-01,2.608019267314433225e-03
2.465070695000000089e-01,2.607769876606358915e-03
2.465914613999999894e-01,2.606520190385323149e-03
2.466420826999999871e-01,2.605771338268465971e-03
2.466673893999999922e-01,2.605396134239833499e-03
2.466926936000000126e-01,2.605021913154731417e-03
2.467011276999999947e-01,2.604897501786786283e-03
2.467348614000000051e-01,2.604398098765366501e-03
2.467685904999999957e-01,2.603898884231896794e-03
2.468360347999999926e-01,2.602902565792934025e-03
2.468444640000000134e-01,2.602777888453651923e-03
2.468697499999999989e-01,2.602403220059142010e-03
2.469118875999999907e-01,2.601780174476064824e-03
2.469371666999999881e-01,2.601406617341005690e-03
2.469624431999999925e-01,2.601033000473580801e-03
2.469708680999999906e-01,2.600908506791269840e-03
2.469961411000000107e-01,2.600533964167726052e-03
2.470045649000000010e-01,2.600408935182672420e-03
2.470466795000000049e-01,2.599787578050367226e-03
2.470719447999999985e-01,2.599413586631852541e-03
2.471393063000000001e-01,2.598418001587951033e-03
2.471729802000000031e-01,2.597919680179055189e-03
2.472403140999999971e-01,2.596924893504316129e-03
2.472487295999999946e-01,2.596800474874474615e-03
2.472655596999999983e-01,2.596551051039471154e-03
2.473160429000000049e-01,2.595805399113262045e-03
2.473412806999999991e-01,2.595432432207502374e-03
2.473749271000000027e-01,2.594935548123277706e-03
2.474001589000000001e-01,2.594563266216246781e-03
2.474422061000000062e-01,2.593942038737819498e-03
2.474758387999999865e-01,2.593444611924656217e-03
2.475178731000000076e-01,2.592824341097680133e-03
2.475346848999999960e-01,2.592576308328666933e-03
2.476103236999999957e-01,2.591458095064611174e-03
2.476439334999999964e-01,2.590962909960981171e-03
2.476523351999999900e-01,2.590837813748363746e-03
2.476775387000000050e-01,2.590466891649685979e-03
2.477195389000000081e-01,2.589846085633914271e-03
2.477699295999999940e-01,2.589102521851245186e-03
2.477783271000000009e-01,2.588978308617611093e-03
2.478371014000000094e-01,2.588110618020773249e-03
2.478454965999999926e-01,2.587986901692506270e-03
2.478538915000000065e-01,2.587863610343060523e-03
2.478790744999999907e-01,2.587491197103719120e-03
2.479881714000000126e-01,2.585881746920256925e-03
2.480468959999999889e-01,2.585015154265000482e-03
2.480552839999999870e-01,2.584891745647790659e-03
2.480720593999999890e-01,2.584643260942362086e-03
2.481056066000000004e-01,2.584148270307996560e-03
2.481223785999999987e-01,2.583901230627933844e-03
2.481475343000000000e-01,2.583530323714102947e-03
2.481726874999999888e-01,2.583159392971172766e-03
2.481810714000000084e-01,2.583035254378382092e-03
2.482062211999999934e-01,2.582664822694703734e-03
2.482565132000000008e-01,2.581923278226624322e-03
2.482816552999999871e-01,2.581552294484057344e-03
2.483486886999999865e-01,2.580564134816185160e-03
2.483738215000000082e-01,2.580193543171141034e-03
2.483821985999999926e-01,2.580070160529531354e-03
2.484575793000000088e-01,2.578958597651822681e-03
2.484743275000000085e-01,2.578711849134078613e-03
2.484827011000000085e-01,2.578589273618742735e-03
2.485161928999999881e-01,2.578095100397900363e-03
2.485245651999999916e-01,2.577971153266682847e-03
2.485496802000000116e-01,2.577601818866031951e-03
2.485747927999999995e-01,2.577231534908084546e-03
2.487086833999999913e-01,2.575258218776379365e-03
2.487254145999999999e-01,2.575012998038391301e-03
2.487505094000000139e-01,2.574642378094074962e-03
2.488759453000000121e-01,2.572795873828989752e-03
2.488843054000000055e-01,2.572672312673946436e-03
2.489093842000000001e-01,2.572303581274503967e-03
2.489261020000000102e-01,2.572056629383977309e-03
2.489511765000000099e-01,2.571687645531439952e-03
2.489846052999999948e-01,2.571195953463965411e-03
2.490096739000000059e-01,2.570826419988884830e-03
2.490598036999999987e-01,2.570088313030592219e-03
2.490848647999999999e-01,2.569719713726491793e-03
2.491099233000000079e-01,2.569350215240209095e-03
2.491182755999999943e-01,2.569227440509570543e-03
2.491266276000000113e-01,2.569105032942439054e-03
2.491767337999999943e-01,2.568367360528532161e-03
2.491934336000000139e-01,2.568121485589370829e-03
2.492518742000000009e-01,2.567262142789157077e-03
2.492602217999999870e-01,2.567138966415106419e-03
2.492769159999999873e-01,2.566893262889440464e-03
2.492852627000000099e-01,2.566770439425687146e-03
2.493854013000000036e-01,2.565297419730443781e-03
2.494104296000000109e-01,2.564929593699235687e-03
2.494604787999999962e-01,2.564192355473874155e-03
2.494854995999999936e-01,2.563824669709913965e-03
2.495271954000000125e-01,2.563211345780211457e-03
2.495522095999999912e-01,2.562844052998683453e-03
2.495855579000000046e-01,2.562353010861972633e-03
2.496439065999999929e-01,2.561496331899112706e-03
2.496522411000000052e-01,2.561373078907608347e-03
2.496605752000000122e-01,2.561250805220491138e-03
2.497105742999999878e-01,2.560516488216223185e-03
2.497189065000000041e-01,2.560393215712141509e-03
2.497522325000000043e-01,2.559903260201253430e-03
2.497772241000000004e-01,2.559535623897648757e-03
2.497938838000000050e-01,2.559291018081993364e-03
2.498605114000000127e-01,2.558312782080011949e-03
2.498854920999999951e-01,2.557945236151716508e-03
2.499520953000000101e-01,2.556967033270221915e-03
2.499770668999999890e-01,2.556599698052301837e-03
2.499853901999999906e-01,2.556477380937320024e-03
