q,I
2.039995199999999811e-03,5.291509485959825995e-03
2.884988900000000096e-03,5.291470336639133611e-03
4.079990399999999622e-03,5.291392039510171841e-03
4.561568000000000220e-03,5.291352891701894649e-03
5.769977800000000191e-03,5.291235451301739071e-03
6.119985599999999866e-03,5.291196305509886233e-03
6.451031299999999968e-03,5.291157160222123221e-03
7.355307299999999833e-03,5.291039727383253441e-03
8.159980799999999243e-03,5.290922299080842543e-03
8.411115699999999196e-03,5.290883157321434223e-03
8.654966599999999385e-03,5.290844016066038533e-03
9.123135799999999504e-03,5.290765735067262492e-03
1.019997589999999989e-02,5.290570041390004787e-03
1.040197520000000000e-02,5.290530904166425644e-03
1.098571020000000016e-02,5.290413495519284345e-03
1.153995529999999985e-02,5.290296091407346857e-03
1.189511369999999950e-02,5.290217824518841060e-03
1.223997100000000053e-02,5.290139559645801182e-03
1.240880609999999926e-02,5.290100427965056459e-03
1.290206219999999980e-02,5.289983035945858107e-03
1.306234239999999949e-02,5.289943906280435322e-03
1.368470339999999959e-02,5.289787392656723763e-03
1.427996599999999984e-02,5.289630887093394428e-03
1.442494390000000071e-02,5.289591761961915176e-03
1.471061409999999993e-02,5.289513513210163630e-03
1.485138870000000076e-02,5.289474389589853172e-03
1.553614000000000037e-02,5.289278779043698163e-03
1.593287120000000043e-02,5.289161418759987313e-03
1.631996089999999955e-02,5.289044063008981403e-03
1.644696630000000090e-02,5.289004945432522128e-03
1.682223050000000025e-02,5.288887595724755045e-03
1.730993239999999850e-02,5.288731136497724222e-03
1.742972569999999902e-02,5.288692022949822817e-03
1.754870130000000042e-02,5.288652909905456126e-03
1.824627070000000087e-02,5.288418242212901237e-03
1.835995569999999966e-02,5.288379132692998252e-03
1.847294110000000100e-02,5.288340023676553654e-03
1.880782519999999944e-02,5.288222699647893849e-03
1.924527490000000132e-02,5.288066274657600603e-03
1.935309240000000069e-02,5.288027169668527323e-03
2.009162109999999835e-02,5.287753448839196783e-03
2.019492059999999922e-02,5.287714347876937108e-03
2.039995039999999843e-02,5.287636147462336685e-03
2.050169640000000168e-02,5.287597048009982925e-03
2.080394890000000080e-02,5.287479752672594700e-03
2.100303430000000082e-02,5.287401558297336046e-03
2.129817330000000064e-02,5.287284270508729733e-03
2.168544450000000137e-02,5.287127893835598391e-03
2.197141860000000058e-02,5.287010616614163348e-03
2.206591980000000008e-02,5.286971525213362069e-03
2.243994499999999934e-02,5.286815164641492544e-03
2.253248119999999924e-02,5.286776075756322198e-03
2.280783739999999934e-02,5.286658812119429500e-03
2.307990860000000075e-02,5.286541553010220586e-03
2.325952140000000015e-02,5.286463382786018954e-03
2.379022509999999951e-02,5.286228884186012188e-03
2.387752890000000017e-02,5.286189802846486506e-03
2.447993949999999891e-02,5.285916247552687429e-03
2.456479220000000116e-02,5.285877170236720143e-03
2.464935279999999965e-02,5.285838093423655265e-03
2.481760959999999849e-02,5.285759941306194566e-03
2.490131170000000130e-02,5.285720866001792674e-03
2.523334379999999863e-02,5.285564569812816263e-03
2.556106320000000112e-02,5.285408281669191563e-03
2.580412149999999905e-02,5.285291070840909648e-03
2.596489630000000173e-02,5.285212932802598254e-03
2.612468180000000056e-02,5.285134796775339643e-03
2.651993379999999928e-02,5.284939465504948607e-03
2.659827940000000085e-02,5.284900400758995795e-03
2.683194360000000153e-02,5.284783209537212596e-03
2.721692649999999866e-02,5.284587900887390173e-03
2.736940339999999888e-02,5.284509780945842450e-03
2.744532419999999931e-02,5.284470721728979845e-03
2.774693010000000085e-02,5.284314489887350329e-03
2.834051430000000121e-02,5.284002050326326756e-03
2.841384049999999897e-02,5.283962997642503018e-03
2.855992799999999832e-02,5.283884893782258250e-03
2.863269220000000045e-02,5.283845842605821609e-03
2.884988380000000005e-02,5.283728692091232970e-03
2.899377430000000047e-02,5.283650594260318883e-03
2.920828110000000047e-02,5.283533451282038627e-03
2.942122390000000143e-02,5.283416312825192813e-03
2.970277299999999829e-02,5.283260135249046897e-03
3.012016249999999867e-02,5.283025883954383002e-03
3.032670299999999999e-02,5.282908765087811036e-03
3.059992200000000162e-02,5.282752613630498778e-03
3.066784640000000048e-02,5.282713577021713909e-03
3.087072290000000135e-02,5.282596470208543622e-03
3.107227489999999856e-02,5.282479367914988920e-03
3.113916889999999993e-02,5.282440334821420815e-03
3.120591959999999970e-02,5.282401302230024798e-03
3.166923519999999964e-02,5.282128088149467410e-03
3.173487090000000344e-02,5.282089059574869572e-03
3.186573689999999681e-02,5.282011003931914341e-03
3.193096869999999948e-02,5.281971976863489293e-03
3.225514909999999819e-02,5.281776849051819482e-03
3.263991580000000226e-02,5.281542712243571594e-03
3.270360349999999749e-02,5.281503691199055349e-03
3.289392669999999935e-02,5.281386631077064631e-03
3.295712349999999763e-02,5.281347612040221927e-03
3.320870809999999784e-02,5.281191540911769552e-03
3.345840099999999873e-02,5.281035477813158727e-03
3.364445469999999966e-02,5.280918435758483881e-03
3.376792089999999802e-02,5.280840410231042031e-03
3.395227840000000080e-02,5.280723375703269898e-03
3.419654240000000178e-02,5.280567336690865192e-03
3.461985769999999935e-02,5.280294287735328232e-03
3.467990950000000155e-02,5.280255282748410814e-03
3.473985749999999872e-02,5.280216278263155476e-03
3.485944419999999905e-02,5.280138270797571191e-03
3.491908400000000301e-02,5.280099267817238776e-03
3.509739530000000052e-02,5.279982261885938187e-03
3.521576790000000012e-02,5.279904260439731607e-03
3.562697489999999689e-02,5.279631271177324427e-03
3.568533189999999883e-02,5.279592274717396019e-03
3.609118929999999975e-02,5.279319313539829715e-03
3.614879690000000201e-02,5.279280321091744249e-03
3.632107169999999885e-02,5.279163346756173165e-03
3.649253310000000194e-02,5.279046376933298722e-03
3.671990299999999818e-02,5.278890424188917123e-03
3.677652580000000115e-02,5.278851437256219283e-03
3.694587359999999820e-02,5.278734479466196117e-03
3.722640800000000250e-02,5.278539559842449803e-03
3.744932249999999990e-02,5.278383633166509881e-03
3.750484409999999685e-02,5.278344652750651192e-03
3.761564139999999667e-02,5.278266693422609471e-03
3.794609239999999911e-02,5.278032827467460213e-03
3.811024350000000172e-02,5.277915901255759469e-03
3.832801789999999709e-02,5.277760006656010208e-03
3.849054019999999937e-02,5.277643090967856776e-03
3.870617500000000238e-02,5.277487210398684563e-03
3.875989619999999775e-02,5.277448241509002588e-03
3.881354310000000030e-02,5.277409273120378143e-03
3.897404079999999826e-02,5.277292370960648751e-03
3.918701509999999999e-02,5.277136508428282094e-03
3.924007809999999902e-02,5.277097544047640830e-03
3.939883820000000120e-02,5.276980653911392607e-03
3.960952859999999909e-02,5.276824807409437323e-03
4.007953250000000078e-02,5.276474182081633373e-03
4.018323120000000248e-02,5.276396270851339658e-03
4.023498040000000192e-02,5.276357315987427812e-03
4.038983000000000156e-02,5.276240454400355634e-03
4.049273419999999818e-02,5.276162549179536088e-03
4.064660190000000256e-02,5.276045695103869469e-03
4.079988930000000291e-02,5.275928845534717804e-03
4.085085730000000137e-02,5.275889896679751903e-03
4.100338109999999980e-02,5.275773053118929488e-03
4.105409649999999799e-02,5.275734106266684494e-03
4.125633449999999841e-02,5.275578323864110394e-03
4.130673929999999910e-02,5.275539379515046222e-03
4.160788569999999964e-02,5.275305723933179126e-03
4.185718599999999762e-02,5.275111024713795976e-03
4.200605599999999995e-02,5.274994211188452874e-03
4.205556230000000173e-02,5.274955274347694310e-03
4.244953370000000004e-02,5.274643797638098666e-03
4.259633349999999985e-02,5.274527002129048014e-03
4.283988209999999713e-02,5.274332352955005999e-03
4.288842589999999899e-02,5.274293424621285392e-03
4.303372860000000133e-02,5.274176642622053872e-03
4.322670569999999962e-02,5.274020940294027460e-03
4.327481560000000227e-02,5.273982015962769276e-03
4.337087509999999757e-02,5.273904168800963924e-03
4.361009829999999698e-02,5.273709559650750778e-03
4.365778569999999997e-02,5.273670639321388631e-03
4.380053619999999676e-02,5.273553881334387683e-03
4.394282299999999891e-02,5.273437127848955991e-03
4.403742540000000344e-02,5.273359294692729453e-03
4.413182499999999953e-02,5.273281463537016385e-03
4.455414840000000015e-02,5.272931248091020616e-03
4.474056810000000273e-02,5.272775609782977095e-03
4.478705179999999814e-02,5.272736701456000145e-03
4.487987470000000256e-02,5.272658886301979236e-03
4.492621420000000171e-02,5.272619979474924869e-03
4.506494700000000103e-02,5.272503261993606062e-03
4.515719859999999669e-02,5.272425452839048232e-03
4.529522390000000065e-02,5.272308742856696151e-03
4.561565869999999884e-02,5.272036437060505752e-03
4.584316940000000146e-02,5.271841947915648086e-03
4.602436819999999873e-02,5.271686365596102257e-03
4.615980060000000190e-02,5.271569684103988122e-03
4.624986849999999927e-02,5.271491898941240567e-03
4.651902589999999671e-02,5.271258555445931457e-03
4.656373419999999819e-02,5.271219666612256445e-03
4.660839960000000282e-02,5.271180778278231234e-03
4.691986699999999705e-02,5.270908573929770392e-03
4.696419369999999677e-02,5.270869689592686848e-03
4.709692359999999994e-02,5.270753039578930828e-03
4.731731260000000133e-02,5.270558632880231568e-03
4.744905459999999853e-02,5.270441994855179849e-03
4.758043189999999756e-02,5.270325361325526106e-03
4.762414379999999753e-02,5.270286484481236274e-03
4.775503939999999753e-02,5.270169856945020048e-03
4.779859160000000246e-02,5.270130982098471598e-03
4.801576009999999894e-02,5.269936615356810017e-03
4.814559110000000280e-02,5.269820001304399010e-03
4.836120139999999790e-02,5.269625654537128494e-03
4.849010740000000291e-02,5.269509052468476958e-03
4.866145090000000006e-02,5.269353590033474394e-03
4.895985910000000274e-02,5.269081549992748505e-03
4.900234049999999814e-02,5.269042689126591551e-03
4.904478510000000180e-02,5.269003828759606482e-03
4.912956429999999763e-02,5.268926109523132915e-03
4.929868529999999888e-02,5.268770677039897980e-03
4.934087499999999932e-02,5.268731820166908802e-03
4.938302859999999656e-02,5.268692963792999569e-03
4.963519859999999950e-02,5.268459836030389525e-03
4.967710250000000050e-02,5.268420983150004337e-03
4.980260260000000244e-02,5.268304427503021393e-03
5.001106959999999935e-02,5.268110178071510989e-03
5.017721960000000314e-02,5.267954787507786452e-03
5.038413659999999711e-02,5.267760560529086492e-03
5.046666589999999897e-02,5.267682873229927697e-03
5.050787989999999672e-02,5.267644030328626041e-03
5.067240099999999886e-02,5.267488663712133722e-03
5.099985089999999749e-02,5.267177954422444346e-03
5.104063439999999979e-02,5.267139118005742006e-03
5.112210379999999887e-02,5.267061446668592703e-03
5.116278989999999832e-02,5.267022611748150944e-03
5.136573690000000025e-02,5.266828444626647440e-03
5.148712109999999814e-02,5.266711950338029066e-03
5.160821980000000059e-02,5.266595460537343287e-03
5.164852290000000040e-02,5.266556631601043530e-03
5.192976900000000062e-02,5.266284843008080425e-03
5.200984570000000140e-02,5.266207193611597420e-03
5.212973010000000046e-02,5.266090723255954439e-03
5.224933949999999855e-02,5.265974257387047962e-03
5.228914839999999897e-02,5.265935436427700636e-03
5.244808220000000271e-02,5.265780157575282970e-03
5.264607470000000344e-02,5.265586070224892792e-03
5.292201970000000311e-02,5.265314368867312668e-03
5.296132299999999765e-02,5.265275556381106802e-03
5.303984240000000211e-02,5.265197932903799456e-03
5.307905849999999814e-02,5.265159121912616445e-03
5.319653330000000124e-02,5.265042691928909294e-03
5.339175040000000011e-02,5.264848651921841087e-03
5.354741159999999722e-02,5.264693428884667341e-03
5.366386120000000287e-02,5.264577016838065983e-03
5.385738429999999827e-02,5.264383006724012923e-03
5.389600549999999657e-02,5.264344206195652361e-03
5.401170360000000226e-02,5.264227807599460192e-03
5.420398480000000047e-02,5.264033819901145668e-03
5.431902689999999756e-02,5.263917433259087363e-03
5.443382580000000193e-02,5.263801051099366302e-03
5.473877910000000263e-02,5.263490720585507938e-03
5.481475239999999971e-02,5.263413142936727331e-03
5.489062050000000081e-02,5.263335567279640859e-03
5.492851530000000121e-02,5.263296780197997127e-03
5.507983360000000272e-02,5.263141636850289344e-03
5.511759819999999949e-02,5.263102852258025842e-03
5.523073729999999903e-02,5.262986501468495948e-03
5.541878909999999742e-02,5.262792593442516126e-03
5.549383139999999881e-02,5.262715033716744081e-03
5.568099469999999995e-02,5.262521143113262599e-03
5.571835189999999743e-02,5.262482366485791985e-03
5.601631270000000107e-02,5.262172171383455027e-03
5.612764020000000215e-02,5.262055856431646812e-03
5.627573429999999793e-02,5.261900776796037127e-03
5.642343970000000125e-02,5.261745705121972927e-03
5.657075939999999664e-02,5.261590641408880886e-03
5.668099790000000193e-02,5.261474348848139970e-03
5.671769649999999774e-02,5.261435585656267476e-03
5.682764989999999905e-02,5.261319299065471584e-03
5.690083420000000003e-02,5.261241777159001917e-03
5.711982439999999800e-02,5.261009223378088247e-03
5.715624119999999919e-02,5.260970466155554491e-03
5.726535270000000094e-02,5.260854197472297766e-03
5.744674450000000071e-02,5.260660426280643065e-03
5.748295419999999850e-02,5.260621673534328184e-03
5.759144669999999994e-02,5.260505418279234555e-03
5.769973510000000333e-02,5.260389167499685860e-03
5.773578619999999995e-02,5.260350418234426700e-03
5.777181470000000013e-02,5.260311669466367045e-03
5.798751569999999883e-02,5.260079187299910794e-03
5.802338790000000079e-02,5.260040442012394249e-03
5.805923799999999912e-02,5.260001697222098024e-03
5.834524540000000231e-02,5.259691756797181712e-03
5.841652840000000069e-02,5.259614276662182009e-03
5.845213739999999963e-02,5.259575537340379497e-03
5.873623160000000093e-02,5.259265640659878394e-03
5.884241330000000020e-02,5.259149437605668137e-03
5.887776470000000151e-02,5.259110704248283821e-03
5.915981499999999754e-02,5.258800855279562557e-03
5.919497680000000012e-02,5.258762126394668328e-03
5.930033710000000291e-02,5.258645942721376816e-03
5.940551060000000272e-02,5.258529763520022014e-03
5.947552290000000103e-02,5.258452313203373224e-03
5.958038699999999854e-02,5.258336141454591703e-03
5.971991950000000299e-02,5.258181252744915067e-03
5.999801099999999693e-02,5.257871499170238896e-03
6.003268190000000254e-02,5.257832782208700199e-03
6.024028800000000294e-02,5.257600490869687206e-03
6.027481950000000005e-02,5.257561777384837064e-03
6.041274809999999662e-02,5.257406928411724294e-03
6.055036250000000314e-02,5.257252087384277350e-03
6.058471719999999894e-02,5.257213378368831222e-03
6.065336839999999757e-02,5.257135961827715150e-03
6.085885719999999804e-02,5.256903724121081076e-03
6.113176780000000032e-02,5.256594101648894013e-03
6.119980530000000002e-02,5.256516700995274120e-03
6.123379560000000166e-02,5.256478001413024403e-03
6.133565380000000067e-02,5.256361905644818880e-03
6.136956899999999882e-02,5.256323208048195236e-03
6.150504259999999696e-02,5.256168422625174738e-03
6.167396609999999807e-02,5.255974952013771698e-03
6.174140610000000001e-02,5.255897567243297298e-03
6.194328550000000044e-02,5.255665424842093439e-03
6.204397889999999777e-02,5.255549360340596755e-03
6.214450920000000322e-02,5.255433300304887187e-03
6.217798310000000050e-02,5.255394614618622527e-03
6.227829700000000329e-02,5.255278560536840414e-03
6.241179809999999883e-02,5.255123828707011432e-03
6.244512879999999933e-02,5.255085146989840056e-03
6.257827400000000317e-02,5.254930425081951947e-03
6.284371810000000114e-02,5.254621005076412499e-03
6.297602060000000168e-02,5.254466306977690834e-03
6.300905280000000663e-02,5.254427633692910528e-03
6.323979509999999582e-02,5.254156934585503883e-03
6.327268960000000109e-02,5.254118265268071727e-03
6.333842739999999416e-02,5.254040928120860300e-03
6.337127069999999585e-02,5.254002260291035925e-03
6.346969869999999347e-02,5.253886259776698563e-03
6.353523260000000505e-02,5.253808928579592995e-03
6.373143000000000558e-02,5.253576946887491411e-03
6.376407089999999722e-02,5.253538285007366103e-03
6.386189339999999437e-02,5.253422302341403428e-03
6.389446769999999887e-02,5.253383642444259607e-03
6.402459889999999321e-02,5.253229007812618492e-03
6.405709029999999415e-02,5.253190350393881908e-03
6.441341509999999604e-02,5.252765151501087235e-03
6.451025289999999524e-02,5.252649198574300959e-03
6.479989830000000561e-02,5.252301366553198403e-03
6.483200120000000288e-02,5.252262721028334858e-03
6.492821479999999479e-02,5.252146787426615303e-03
6.505627819999999784e-02,5.251992216227139090e-03
6.508825470000000057e-02,5.251953574665833326e-03
6.518409000000000009e-02,5.251837652954238073e-03
6.527978469999999589e-02,5.251721735701087718e-03
6.531165170000000075e-02,5.251683097607373618e-03
6.540715969999999491e-02,5.251567186298341725e-03
6.556603060000000538e-02,5.251374010689558239e-03
6.569285060000000509e-02,5.251219479117468468e-03
6.578780519999999354e-02,5.251103585638474368e-03
6.585103220000000646e-02,5.251026325795236926e-03
6.591419860000000130e-02,5.250949067932818640e-03
6.607185029999999848e-02,5.250755931942229296e-03
6.619770129999999475e-02,5.250601432062277155e-03
6.635467940000000509e-02,5.250408318352122253e-03
6.641736669999999398e-02,5.250331076333518074e-03
6.644868819999999454e-02,5.250292456066805134e-03
6.660507479999999703e-02,5.250099362158630600e-03
6.669873070000000015e-02,5.249983511753684301e-03
6.682340109999999889e-02,5.249829051476633847e-03
6.691675140000000188e-02,5.249713211465637137e-03
6.710306259999999912e-02,5.249481544806067733e-03
6.728885780000000427e-02,5.249249895961281831e-03
6.731977379999999622e-02,5.249211289552345797e-03
6.735067570000000114e-02,5.249172683638269124e-03
6.744329620000000247e-02,5.249056868864582052e-03
6.753578970000000126e-02,5.248941058543783560e-03
6.756659280000000545e-02,5.248902456093051082e-03
6.759738179999999486e-02,5.248863854137008830e-03
6.781251330000000188e-02,5.248593654296376809e-03
6.790450389999999614e-02,5.248477861784794224e-03
6.793513980000000230e-02,5.248439265270250786e-03
6.808811230000000325e-02,5.248246290116622380e-03
6.817973099999999342e-02,5.248130510959504030e-03
6.839303080000000423e-02,5.247860376902175293e-03
6.842344790000000343e-02,5.247821788300612890e-03
6.854498139999999629e-02,5.247667438839252393e-03
6.857533120000000593e-02,5.247628852710132380e-03
6.881764710000000396e-02,5.247320181476201016e-03
6.902897569999999483e-02,5.247050120101663488e-03
6.923965930000000601e-02,5.246780082948905057e-03
6.926970470000000379e-02,5.246741508189950269e-03
6.929973700000000014e-02,5.246702933925201720e-03
6.935976259999999949e-02,5.246625786878438696e-03
6.938975599999999688e-02,5.246587214096451977e-03
6.947965829999999676e-02,5.246471498715638178e-03
6.962923760000000462e-02,5.246278649631454585e-03
6.971883119999999767e-02,5.246162946110876669e-03
6.977849630000000636e-02,5.246085812901102492e-03
6.983811040000000026e-02,5.246008681667749078e-03
7.010574679999999337e-02,5.245661615574456413e-03
7.019473210000000407e-02,5.245545935769247575e-03
7.025399309999999509e-02,5.245468818369134270e-03
7.034279089999999346e-02,5.245353145973685738e-03
7.043147669999999527e-02,5.245237478023743669e-03
7.046101389999999409e-02,5.245198923028334716e-03
7.069686679999999390e-02,5.244890500844989062e-03
7.072629310000000391e-02,5.244851950294464674e-03
7.081449859999999763e-02,5.244736301605857319e-03
7.096126429999999319e-02,5.244543563667780801e-03
7.104917809999999889e-02,5.244427926830177132e-03
7.116622760000000658e-02,5.244273751292457750e-03
7.125388859999999547e-02,5.244158124823203489e-03
7.137060239999999667e-02,5.244003963109059203e-03
7.139975099999999741e-02,5.243965423914646179e-03
7.142888779999999327e-02,5.243926885213939793e-03
7.151622679999999899e-02,5.243811272073481064e-03
7.163251310000000316e-02,5.243657128129989783e-03
7.166155520000000445e-02,5.243618593378083018e-03
7.174861100000000380e-02,5.243502992083753401e-03
7.186452140000000599e-02,5.243348863934218541e-03
7.209578290000000222e-02,5.243040631322803090e-03
7.212463850000000454e-02,5.243002104466977682e-03
7.218231499999999690e-02,5.242925052235550797e-03
7.229752999999999874e-02,5.242770953693623968e-03
7.235506869999999702e-02,5.242693907382975707e-03
7.244129109999999927e-02,5.242578341617240047e-03
7.264207849999999855e-02,5.242308705430145065e-03
7.281374140000000661e-02,5.242077607936398639e-03
7.289942130000000298e-02,5.241962065848244576e-03
7.298500049999999406e-02,5.241846528198831554e-03
7.304199769999999980e-02,5.241769505565192430e-03
7.312741009999999819e-02,5.241653975313347209e-03
7.324113840000000264e-02,5.241499941881425442e-03
7.343973900000000388e-02,5.241230402359531478e-03
7.346806670000000095e-02,5.241191898685785590e-03
7.355298439999999327e-02,5.241076390622762329e-03
7.358126850000000496e-02,5.241037888921101263e-03
7.369429630000000342e-02,5.240883887044326880e-03
7.372252619999999923e-02,5.240845387807583841e-03
7.389167900000000178e-02,5.240614402738863302e-03
7.391983359999999836e-02,5.240575906952699495e-03
7.394797729999999514e-02,5.240537411659308177e-03
7.414468470000000477e-02,5.240267958406421775e-03
7.417274320000000198e-02,5.240229467055988397e-03
7.425685499999999661e-02,5.240113995961524426e-03
7.445274629999999727e-02,5.239844580655220532e-03
7.470385179999999847e-02,5.239498225023800360e-03
7.481518369999999585e-02,5.239344301997150323e-03
7.484299079999999493e-02,5.239305822472076213e-03
7.489857399999999554e-02,5.239228864899758004e-03
7.500961690000000626e-02,5.239074955666314128e-03
7.506507669999999688e-02,5.238998004004996774e-03
7.523121089999999789e-02,5.238767160842073244e-03
7.525886430000000571e-02,5.238728688705402391e-03
7.547972660000000500e-02,5.238420929340893879e-03
7.550728900000000521e-02,5.238382461636353904e-03
7.558991580000000432e-02,5.238267061477121581e-03
7.569994450000000485e-02,5.238113201491515283e-03
7.572742679999999726e-02,5.238074737726099508e-03
7.580981359999999780e-02,5.237959349383677736e-03
7.589211099999999821e-02,5.237843965472188147e-03
7.591952370000000505e-02,5.237805505153002653e-03
7.616579349999999526e-02,5.237459384431954884e-03
7.622041209999999567e-02,5.237382474130750781e-03
7.638403350000000369e-02,5.237151755039515071e-03
7.646571289999999632e-02,5.237036402137968359e-03
7.657448329999999581e-02,5.236882605158918631e-03
7.665595969999999815e-02,5.236767262591481356e-03
7.668309930000000163e-02,5.236728816053162067e-03
7.679156169999999670e-02,5.236575034820262382e-03
7.681865340000000597e-02,5.236536590742127059e-03
7.689987119999999732e-02,5.236421261459715641e-03
7.698100330000000324e-02,5.236305936605160742e-03
7.711603370000000290e-02,5.236113738353247171e-03
7.722388809999999881e-02,5.235959988606330578e-03
7.741227159999999885e-02,5.235690945486331030e-03
7.751971380000000078e-02,5.235537217380953692e-03
7.754655109999999962e-02,5.235498786584112836e-03
7.762700729999999494e-02,5.235383497144230000e-03
7.768059839999999494e-02,5.235306639976387323e-03
7.776091590000000497e-02,5.235191357912724781e-03
7.789459440000000290e-02,5.234999230974157931e-03
7.794800159999999700e-02,5.234922383640488661e-03
7.808135970000000536e-02,5.234730273910085524e-03
7.810800410000000304e-02,5.234691853438952838e-03
7.818788249999999995e-02,5.234576594974916890e-03
7.837394890000000391e-02,5.234307675763772739e-03
7.848007460000000490e-02,5.234154018456831960e-03
7.850658350000000452e-02,5.234115605358756300e-03
7.871833409999999531e-02,5.233808318267216785e-03
7.874476290000000100e-02,5.233769909592220215e-03
7.879759379999999591e-02,5.233693093716347382e-03
7.882399599999999340e-02,5.233654686515515353e-03
7.921897310000000636e-02,5.233078637463574496e-03
7.935019529999999544e-02,5.232886645676913806e-03
7.937641369999999530e-02,5.232848248793236894e-03
7.945501689999999451e-02,5.232733061089300981e-03
7.955970049999999683e-02,5.232579484360559696e-03
7.958584990000000525e-02,5.232541091406259573e-03
7.966424649999999386e-02,5.232425915490048103e-03
7.979473639999999646e-02,5.232233965451776013e-03
7.997706450000000022e-02,5.231965256022643070e-03
8.000307750000000551e-02,5.231926870925467619e-03
8.015897800000000573e-02,5.231696570652906962e-03
8.021087740000000521e-02,5.231619807822984573e-03
8.028866380000000691e-02,5.231504667260208560e-03
8.036637480000000111e-02,5.231389531115494818e-03
8.039226180000000332e-02,5.231351153382380985e-03
8.046987279999999465e-02,5.231236023128214840e-03
8.049572650000000329e-02,5.231197647358522620e-03
8.070225790000000454e-02,5.230890658870441037e-03
8.077957099999999446e-02,5.230775546285324276e-03
8.083107209999999820e-02,5.230698807015742198e-03
8.090826210000000296e-02,5.230583701791671238e-03
8.098537860000000477e-02,5.230468600983984202e-03
8.121628870000000000e-02,5.230123325056573388e-03
8.124190489999999487e-02,5.230084963517788420e-03
8.129311300000000018e-02,5.230008241911924920e-03
8.144654410000000400e-02,5.229778088867899181e-03
8.152315139999999349e-02,5.229663018968135936e-03
8.159968680000000141e-02,5.229547953482896125e-03
8.162518259999999859e-02,5.229509599302072619e-03
8.165067049999999438e-02,5.229471245611763859e-03
8.170162240000000686e-02,5.229394539702479812e-03
8.182886339999999314e-02,5.229202783511898225e-03
8.193051390000000156e-02,5.229049387386674325e-03
8.200666909999999865e-02,5.228934345441642491e-03
8.205739989999999429e-02,5.228857653263289766e-03
8.210809939999999529e-02,5.228780963046266578e-03
8.213343739999999504e-02,5.228742618673212252e-03
8.223471150000000174e-02,5.228589246084029522e-03
8.233586090000000191e-02,5.228435881338999204e-03
8.251257400000000519e-02,5.228167511908811925e-03
8.253778790000000642e-02,5.228129175379588219e-03
8.261338329999999563e-02,5.228014168732772991e-03
8.266374179999999572e-02,5.227937500085588600e-03
8.283975550000000077e-02,5.227669175258888024e-03
8.304045720000000075e-02,5.227362547717767129e-03
8.306551080000000586e-02,5.227324221480187695e-03
8.321567409999999776e-02,5.227094274344249412e-03
8.324067490000000569e-02,5.227055951536361406e-03
8.326566829999999808e-02,5.227017629218485943e-03
8.334060340000000455e-02,5.226902665204254811e-03
8.363967260000000625e-02,5.226442853235808809e-03
8.366454680000000310e-02,5.226404538755657740e-03
8.371427300000000571e-02,5.226327911264686335e-03
8.373912499999999759e-02,5.226289598253838244e-03
8.386327459999999567e-02,5.226098040545904509e-03
8.393767620000000540e-02,5.225983111797830559e-03
8.401201190000000263e-02,5.225868187456994204e-03
8.403677589999999920e-02,5.225829880322769086e-03
8.411102400000000645e-02,5.225714961857899979e-03
8.425932399999999656e-02,5.225485138148152839e-03
8.433337620000000423e-02,5.225370232902787349e-03
8.445665230000000412e-02,5.225178733951643846e-03
8.453053160000000010e-02,5.225063840455186626e-03
8.462893709999999570e-02,5.224910655979513041e-03
8.484993209999999730e-02,5.224566019541709329e-03
8.489896399999999343e-02,5.224489439050094587e-03
8.492346929999999849e-02,5.224451149538313771e-03
8.502141990000000593e-02,5.224297996384723135e-03
8.511925789999999492e-02,5.224144851060420064e-03
8.519256259999999359e-02,5.224029997204731809e-03
8.521698349999999589e-02,5.223991713564724547e-03
8.524139740000000187e-02,5.223953430413970020e-03
8.541209930000000228e-02,5.223685462057206345e-03
8.543645739999999877e-02,5.223647182820177065e-03
8.563107309999999639e-02,5.223340966534077527e-03
8.567965800000000576e-02,5.223264417353910144e-03
8.570394000000000623e-02,5.223226143497381596e-03
8.577674509999999586e-02,5.223111324862576843e-03
8.580099970000000520e-02,5.223073052962418257e-03
8.589794970000000363e-02,5.222919970252339755e-03
8.599479040000000685e-02,5.222766895366631745e-03
8.606734940000000667e-02,5.222652094336752322e-03
8.609152209999999805e-02,5.222613828304698350e-03
8.628466029999999620e-02,5.222307717650289706e-03
8.645330230000000671e-02,5.222039896494517011e-03
8.654952159999999839e-02,5.221886866588505184e-03
8.657355969999999679e-02,5.221848610334001509e-03
8.659759109999999593e-02,5.221810354568267448e-03
8.666964550000000322e-02,5.221695590203851225e-03
8.674163999999999486e-02,5.221580830238194137e-03
8.678960310000000122e-02,5.221504326038037790e-03
8.686149819999999799e-02,5.221389573403219762e-03
8.698119120000000204e-02,5.221198328785414504e-03
8.714848529999999482e-02,5.220930606843447383e-03
8.722008450000000301e-02,5.220815876197261625e-03
8.731545890000000365e-02,5.220662908842286197e-03
8.760095880000000335e-02,5.220204053673752065e-03
8.762470840000000094e-02,5.220165818917966126e-03
8.771964279999999725e-02,5.220012884779191321e-03
8.774336039999999781e-02,5.219974652465524806e-03
8.781447459999999761e-02,5.219859958454625866e-03
8.788553120000000551e-02,5.219745268838856152e-03
8.793287040000000165e-02,5.219668811536689636e-03
8.800383150000000432e-02,5.219554129245792401e-03
8.807473540000000656e-02,5.219439451349444994e-03
8.809835729999999920e-02,5.219401226360487027e-03
8.826353389999999632e-02,5.219133665108640838e-03
8.828710539999999607e-02,5.219095444025564565e-03
8.831067049999999363e-02,5.219057223430581365e-03
8.838132819999999779e-02,5.218942564574747915e-03
8.849896570000000129e-02,5.218751476244650259e-03
8.856947319999999846e-02,5.218636829103979503e-03
8.866339600000000543e-02,5.218483973082923590e-03
8.887435929999999706e-02,5.218140075585692671e-03
8.894456929999999817e-02,5.218025451870571610e-03
8.906146280000000470e-02,5.217834422104146962e-03
8.910817729999999381e-02,5.217758013613035470e-03
8.922485650000000490e-02,5.217567000923193157e-03
8.941122649999999616e-02,5.217261405987261118e-03
8.943449539999999420e-02,5.217223208815348692e-03
8.948101510000000536e-02,5.217146815934893198e-03
8.957398210000000471e-02,5.216994036027091004e-03
8.962042940000000679e-02,5.216917648999548282e-03
8.969005530000000170e-02,5.216803072116074289e-03
8.975962719999999728e-02,5.216688499621759470e-03
8.978280580000000399e-02,5.216650309765607889e-03
8.985230589999999851e-02,5.216535743123167611e-03
8.996801999999999577e-02,5.216344808471417779e-03
9.006048429999999327e-02,5.216192069526635021e-03
9.012977020000000061e-02,5.216077520437293474e-03
9.017593120000000351e-02,5.216001156815349392e-03
9.031427279999999780e-02,5.215772077649600755e-03
9.033730919999999331e-02,5.215733899494851174e-03
9.036033960000000587e-02,5.215695721827441796e-03
9.054437240000000331e-02,5.215390318035788980e-03
9.059032220000000357e-02,5.215313971961806246e-03
9.061328829999999723e-02,5.215275799655804366e-03
9.088842950000000642e-02,5.214817769995233436e-03
9.097995829999999673e-02,5.214665109034391163e-03
9.107139520000000210e-02,5.214512455869088278e-03
9.109424000000000687e-02,5.214474293795668541e-03
9.116274030000000306e-02,5.214359810498639565e-03
9.123118909999999859e-02,5.214245331585896925e-03
9.134515649999999654e-02,5.214054543140419010e-03
9.143622810000000267e-02,5.213901921151539547e-03
9.161809969999999692e-02,5.213596700551614144e-03
9.164080830000000122e-02,5.213558550168160242e-03
9.168620859999999928e-02,5.213482250862140274e-03
9.179961109999999758e-02,5.213291511118693482e-03
9.182227469999999780e-02,5.213253364630703393e-03
9.189023229999999931e-02,5.213138928088442876e-03
9.200338330000000509e-02,5.212948210255450437e-03
9.204860469999999462e-02,5.212871926530151211e-03
9.216156120000000562e-02,5.212681225736252866e-03
9.218413590000000546e-02,5.212643087037862472e-03
9.225182690000000019e-02,5.212528673863342857e-03
9.231946820000000442e-02,5.212414265069508293e-03
9.236453490000000321e-02,5.212337994973936621e-03
9.243209369999999536e-02,5.212223593480825451e-03
9.249960320000000236e-02,5.212109196367891925e-03
9.252209549999999838e-02,5.212071064970311661e-03
9.261200969999999755e-02,5.211918544246071233e-03
9.272427989999999787e-02,5.211727904289619080e-03
9.279157679999999742e-02,5.211613526154693088e-03
9.290363000000000093e-02,5.211422905660715102e-03
9.303791570000000122e-02,5.211194177122601898e-03
9.306027779999999361e-02,5.211156057402225109e-03
9.312733189999999883e-02,5.211041701159770459e-03
9.321666239999999715e-02,5.210889232979790640e-03
9.323898160000000657e-02,5.210851117150749022e-03
9.341734349999999965e-02,5.210546208027726917e-03
9.343961480000000097e-02,5.210508096575861871e-03
9.359536559999999394e-02,5.210241330029024946e-03
9.361759449999999816e-02,5.210203222467344082e-03
9.377304960000000522e-02,5.209936483150169259e-03
9.383959440000000374e-02,5.209822173592880759e-03
9.386176549999999952e-02,5.209784071379431301e-03
9.392824739999999784e-02,5.209669767655944993e-03
9.397254260000000026e-02,5.209593567604312719e-03
9.403894620000000093e-02,5.209479271172586488e-03
9.412741149999999390e-02,5.209326882735439666e-03
9.419370589999999377e-02,5.209212596511087444e-03
9.430409309999999989e-02,5.209022129190971073e-03
9.432615499999999487e-02,5.208984037184897359e-03
9.439230989999999877e-02,5.208869764082612805e-03
9.450246499999999383e-02,5.208679318630890683e-03
9.463448200000000587e-02,5.208450800123825587e-03
9.465646689999999974e-02,5.208412715406505675e-03
9.483216279999999443e-02,5.208108055158013061e-03
9.489796490000000639e-02,5.207993815580486997e-03
9.491988880000000461e-02,5.207955736692844104e-03
9.500753380000000192e-02,5.207803425999680408e-03
9.509509800000000290e-02,5.207651123077971199e-03
9.516071830000000231e-02,5.207536900986420476e-03
9.520444000000000129e-02,5.207460755353662124e-03
9.524814160000000252e-02,5.207384611663443651e-03
9.537912649999999437e-02,5.207156192247754285e-03
9.550993169999999477e-02,5.206927790312732875e-03
9.555349359999999737e-02,5.206851660218649903e-03
9.559703569999999928e-02,5.206775532066649712e-03
9.561879930000000138e-02,5.206737468718880893e-03
9.579273010000000088e-02,5.206432979413465681e-03
9.587957719999999628e-02,5.206280746411067265e-03
9.590127669999999604e-02,5.206242689373963978e-03
9.596634569999999698e-02,5.206128521174821153e-03
9.603137069999999331e-02,5.206014357343921074e-03
9.607469620000000377e-02,5.205938250549923922e-03
9.613964780000000543e-02,5.205824093998690297e-03
9.622618180000000465e-02,5.205671892057725687e-03
9.629103129999999622e-02,5.205557745697204919e-03
9.642059930000000667e-02,5.205329466076920840e-03
9.648531809999999487e-02,5.205215332816821860e-03
9.665768969999999349e-02,5.204910998802637044e-03
9.672224980000000694e-02,5.204796881551410244e-03
9.674376029999999516e-02,5.204758843437840704e-03
9.676526600000000256e-02,5.204720805809302450e-03
9.691567219999999705e-02,5.204454555990244147e-03
9.693713980000000230e-02,5.204416522241864240e-03
9.698006060000000095e-02,5.204340456199896443e-03
9.717296979999999473e-02,5.203998183015854685e-03
9.725858440000000049e-02,5.203846074208128177e-03
9.732274600000000164e-02,5.203731997693394548e-03
9.742958790000000313e-02,5.203541879865107751e-03
9.751497720000000535e-02,5.203389794328750449e-03
9.762160879999999541e-02,5.203199698315208975e-03
9.768553189999999720e-02,5.203085646523708356e-03
9.777069770000000604e-02,5.202933584253969720e-03
9.791955950000000297e-02,5.202667493940691529e-03
9.794080700000000472e-02,5.202629482977246152e-03
9.796204990000000057e-02,5.202591472498396645e-03
9.800452190000000230e-02,5.202515452994434068e-03
9.802575099999999431e-02,5.202477443969304519e-03
9.808941070000000428e-02,5.202363419801178841e-03
9.811062140000000042e-02,5.202325412714189044e-03
9.813182759999999893e-02,5.202287406111799455e-03
9.825896829999999915e-02,5.202059376671587347e-03
9.844937149999999360e-02,5.201717365212009739e-03
9.847050470000000277e-02,5.201679366360793984e-03
9.853387700000000582e-02,5.201565372713298600e-03
9.859720869999999415e-02,5.201451383425128618e-03
9.868158759999999530e-02,5.201299404488030249e-03
9.870267110000000010e-02,5.201261410964563153e-03
9.876589439999999831e-02,5.201147433299687511e-03
9.887117689999999626e-02,5.200957480210237002e-03
9.895532220000000101e-02,5.200805526454700331e-03
9.903939609999999616e-02,5.200653580446291252e-03
9.914438809999999436e-02,5.200463658829142070e-03
9.927023199999999992e-02,5.200235768864358565e-03
9.935403930000000217e-02,5.200083851902525395e-03
9.945869920000000031e-02,5.199893966590986641e-03
9.947961800000000576e-02,5.199855990980716512e-03
9.954234789999999444e-02,5.199742067053660620e-03
9.960503830000000391e-02,5.199628147482233433e-03
9.962592630000000060e-02,5.199590175259604166e-03
9.964681000000000233e-02,5.199552203520974025e-03
9.970943470000000197e-02,5.199438291208407885e-03
9.979287320000000683e-02,5.199286414899464623e-03
9.995954120000000165e-02,5.198982685506230335e-03
9.998035519999999565e-02,5.198944721509262540e-03
1.000219702000000044e-01,5.198868794966668601e-03
1.000427710999999970e-01,5.198830832420927098e-03
1.001467112000000020e-01,5.198641026948826356e-03
1.002920464000000011e-01,5.198375319603852802e-03
1.003542684999999962e-01,5.198261452282524828e-03
1.003750006000000000e-01,5.198223497476004047e-03
1.004578862999999933e-01,5.198071683086192933e-03
1.004785970000000028e-01,5.198033730697706675e-03
1.006441294999999986e-01,5.197730128998532574e-03
1.007061340000000027e-01,5.197616286339608663e-03
1.007681004000000047e-01,5.197502448032190886e-03
1.007887474000000033e-01,5.197464502896669350e-03
1.009331579999999950e-01,5.197198900484356447e-03
1.009743802999999995e-01,5.197123018431658650e-03
1.010155856999999935e-01,5.197047138312439404e-03
1.011391013000000061e-01,5.196819509555537613e-03
1.012830123999999971e-01,5.196553964663432057e-03
1.013035545000000037e-01,5.196516031612023745e-03
1.013446261000000015e-01,5.196440166958860886e-03
1.014472322999999954e-01,5.196250513782438817e-03
1.014677410999999946e-01,5.196212584596789780e-03
1.015292426999999942e-01,5.196098799939003615e-03
1.016316624999999974e-01,5.195909168505712279e-03
1.018566236999999958e-01,5.195492021866003271e-03
1.019587146000000000e-01,5.195302429078893676e-03
1.019995224000000006e-01,5.195226595345094241e-03
1.020199202000000027e-01,5.195188679202679231e-03
1.020810889999999999e-01,5.195074933673065123e-03
1.021829558000000027e-01,5.194885367449255699e-03
1.022440270999999956e-01,5.194771633509774958e-03
1.023253987999999948e-01,5.194619995017355114e-03
1.024270225000000062e-01,5.194430457765702829e-03
1.024473352000000032e-01,5.194392551763861096e-03
1.025082489999999957e-01,5.194278836654924250e-03
1.025894110999999997e-01,5.194127223268352363e-03
1.026705091000000014e-01,5.193975617605598588e-03
1.027312905999999970e-01,5.193861918426946611e-03
1.029134196000000001e-01,5.193520846954570794e-03
1.029740576000000019e-01,5.193407165150853641e-03
1.029942623999999946e-01,5.193369272181509733e-03
1.030952267999999949e-01,5.193179814572996753e-03
1.031557580000000002e-01,5.193066145798295834e-03
1.032162536999999963e-01,5.192952481366129927e-03
1.032364110999999945e-01,5.192914594187086549e-03
1.032968595999999989e-01,5.192800935544655654e-03
1.034176504999999996e-01,5.192573631285527132e-03
1.035784859999999974e-01,5.192270585954025450e-03
1.036387349999999957e-01,5.192156951913434217e-03
1.038593488000000009e-01,5.191740330900319542e-03
1.038793813000000038e-01,5.191702459156158703e-03
1.038994099999999976e-01,5.191664587894263133e-03
1.039594729999999967e-01,5.191550977001789004e-03
1.040195012999999974e-01,5.191437370448865295e-03
1.040395030000000054e-01,5.191399502562165681e-03
1.040595009000000043e-01,5.191361635157652407e-03
1.041194715000000048e-01,5.191248035836820360e-03
1.041993786000000033e-01,5.191096576825184050e-03
1.042193458000000017e-01,5.191058713277483215e-03
1.042592687999999990e-01,5.190982987628343058e-03
1.043590092999999996e-01,5.190793681941056545e-03
1.044387331999999946e-01,5.190642246067532321e-03
1.044984860999999959e-01,5.190528674223062605e-03
1.045383024999999994e-01,5.190452962069964406e-03
1.045781035999999997e-01,5.190377251844466647e-03
1.046775404000000048e-01,5.190187984714421734e-03
1.047570218000000025e-01,5.190036579684152544e-03
1.048562888999999970e-01,5.189847334237836229e-03
1.048959693999999970e-01,5.189771639431957177e-03
1.049158040000000014e-01,5.189733792751680466e-03
1.050149209999999972e-01,5.189544566577010062e-03
1.051535277999999934e-01,5.189279670165188735e-03
1.052919521000000025e-01,5.189014797355661138e-03
1.053117120999999962e-01,5.188976960309379417e-03
1.053907153000000069e-01,5.188825616940568285e-03
1.055485441999999968e-01,5.188522953318229144e-03
1.056470674999999970e-01,5.188333804203764180e-03
1.057848460000000018e-01,5.188069015665253830e-03
1.058045140000000023e-01,5.188031190656916536e-03
1.058438389999999951e-01,5.187955542084426996e-03
1.058634960999999958e-01,5.187917718520351947e-03
1.059224453000000010e-01,5.187804250716188115e-03
1.060206211000000037e-01,5.187615147336294662e-03
1.060794830000000022e-01,5.187501691084275487e-03
1.060990963999999953e-01,5.187463873296223327e-03
1.061579148000000028e-01,5.187350422819691879e-03
1.062558730999999951e-01,5.187161348317230122e-03
1.063928632000000069e-01,5.186896664224779213e-03
1.064319707999999975e-01,5.186821044528905182e-03
1.064906052999999991e-01,5.186707618593691498e-03
1.065687344999999980e-01,5.186556390749111171e-03
1.067443161000000001e-01,5.186216156241644192e-03
1.067832950000000003e-01,5.186140553864656937e-03
1.068027790999999949e-01,5.186102753397648681e-03
1.068806801000000001e-01,5.185951556339546756e-03
1.069001465000000012e-01,5.185913758277455043e-03
1.069585242999999963e-01,5.185800366976691181e-03
1.070363119999999946e-01,5.185649185308728072e-03
1.070557500000000051e-01,5.185611391093891340e-03
1.070946155999999982e-01,5.185535804107043768e-03
1.072111278000000001e-01,5.185309054686956277e-03
1.073275134000000047e-01,5.185082322576167746e-03
1.073662806000000025e-01,5.185006749052169066e-03
1.075018556999999958e-01,5.184742256861405406e-03
1.076565896000000050e-01,5.184440008913413639e-03
1.077145573999999939e-01,5.184326673863398627e-03
1.077338731000000022e-01,5.184288896474644956e-03
1.077917994999999934e-01,5.184175567191987889e-03
1.078882741999999950e-01,5.183986694665338943e-03
1.079653919999999934e-01,5.183835605293713074e-03
1.080231942000000056e-01,5.183722293310219845e-03
1.081194624000000049e-01,5.183533449613600408e-03
1.081387057999999984e-01,5.183495682315647328e-03
1.081964153999999956e-01,5.183382383304227167e-03
1.082733136999999984e-01,5.183231324681222829e-03
1.082925297000000009e-01,5.183193561226361393e-03
1.084077544000000004e-01,5.182966990584647084e-03
1.084269466000000043e-01,5.182929230492141180e-03
1.084461354000000044e-01,5.182891470879934237e-03
1.085803620999999941e-01,5.182627167042237228e-03
1.085995238000000002e-01,5.182589411272140942e-03
1.086378370999999954e-01,5.182513901172657034e-03
1.086569886000000040e-01,5.182476146843150583e-03
1.087526959000000015e-01,5.182287382398863274e-03
1.088100798000000008e-01,5.182174129494210822e-03
1.088674334999999993e-01,5.182060880910827408e-03
1.089629559000000053e-01,5.181872142873960620e-03
1.090393136000000068e-01,5.181721161085814202e-03
1.090583945999999971e-01,5.181683416838816364e-03
1.091156177999999949e-01,5.181570186978198475e-03
1.092109230999999958e-01,5.181381480143750808e-03
1.093442109999999967e-01,5.181117310733808316e-03
1.094773366000000026e-01,5.180853164839257716e-03
1.095723272999999942e-01,5.180664503595939878e-03
1.096292821999999972e-01,5.180551312607700395e-03
1.096672357000000042e-01,5.180475854347804665e-03
1.097810174999999944e-01,5.180249491082295973e-03
1.097999696000000053e-01,5.180211765550368427e-03
1.098568065000000010e-01,5.180098591833028933e-03
1.099703920999999945e-01,5.179872257349559493e-03
1.100271409999999950e-01,5.179759096583096481e-03
1.101594412999999939e-01,5.179495071580593121e-03
1.101783283000000030e-01,5.179457355641300421e-03
1.102349700999999960e-01,5.179344210700884479e-03
1.103293085000000007e-01,5.179155645390532206e-03
1.104047211000000056e-01,5.179004801772867789e-03
1.104235662999999978e-01,5.178967092067192010e-03
1.104612467999999958e-01,5.178891674093888051e-03
1.105742115999999997e-01,5.178665431680228720e-03
1.106306506999999995e-01,5.178552316945014833e-03
1.108373482000000049e-01,5.178137599824156681e-03
1.108561197000000054e-01,5.178099901143365900e-03
1.109311741999999962e-01,5.177949111212899400e-03
1.109874317999999943e-01,5.177836023796907917e-03
1.110249209999999986e-01,5.177760634582202759e-03
1.110811310999999940e-01,5.177647554353981621e-03
1.111560337000000037e-01,5.177496787424480836e-03
1.113056877000000028e-01,5.177195276562758693e-03
1.113243802999999976e-01,5.177157589860873627e-03
1.113617560000000062e-01,5.177082217894144953e-03
1.114364699999999958e-01,5.176931479709207320e-03
1.114738081999999963e-01,5.176856113490736419e-03
1.115297920000000026e-01,5.176743067755307584e-03
1.116043934999999959e-01,5.176592346813554263e-03
1.116789450999999961e-01,5.176441633534522961e-03
1.117534470000000058e-01,5.176290927917791274e-03
1.118278993000000054e-01,5.176140229962846590e-03
1.120323877999999940e-01,5.175725850088130041e-03
1.121994194000000000e-01,5.175386855095628555e-03
1.122179632000000066e-01,5.175349191378857301e-03
1.122550414000000052e-01,5.175273865381052607e-03
1.122735759000000055e-01,5.175236203100105903e-03
1.123476835000000035e-01,5.175085558762716927e-03
1.123662027999999952e-01,5.175047898874921871e-03
1.124217421999999938e-01,5.174934922082839728e-03
1.124957521999999932e-01,5.174784293060061442e-03
1.125142469999999978e-01,5.174746637000617218e-03
1.125512277000000061e-01,5.174671326317527298e-03
1.126436261999999994e-01,5.174483057983403356e-03
1.126620968000000000e-01,5.174445405752004651e-03
1.128466364999999999e-01,5.174068909751887956e-03
1.128650739000000014e-01,5.174031262783112921e-03
1.129387933000000066e-01,5.173880679691512767e-03
1.131044863999999955e-01,5.173541895717435370e-03
1.131412740999999944e-01,5.173466615650925034e-03
1.131596634999999934e-01,5.173428976335082974e-03
1.133066709999999977e-01,5.173127879023961713e-03
1.133617497000000002e-01,5.173014975422413064e-03
1.133801033000000069e-01,5.172977341844848913e-03
1.134351462999999977e-01,5.172864443980989234e-03
1.135451522999999935e-01,5.172638661162235439e-03
1.136550518000000037e-01,5.172412895553872743e-03
1.136916614000000048e-01,5.172337644175361432e-03
1.137465535999999944e-01,5.172224770692475555e-03
1.138014194000000062e-01,5.172111901511467977e-03
1.138379818999999959e-01,5.172036657780567509e-03
1.139658583000000003e-01,5.171773319777012330e-03
1.140388660999999970e-01,5.171622851431316795e-03
1.141300601999999942e-01,5.171434776750725298e-03
1.141847416999999948e-01,5.171321937676109058e-03
1.142393970000000064e-01,5.171209102901502819e-03
1.142576096000000041e-01,5.171171492265469287e-03
1.143122300999999952e-01,5.171058663223943724e-03
1.143304311000000045e-01,5.171021054498859890e-03
1.144032063000000043e-01,5.170870624375773460e-03
1.144213927999999936e-01,5.170833018039158388e-03
1.145304515000000051e-01,5.170607390050759727e-03
1.146938450999999970e-01,5.170268980307420742e-03
1.148388887000000025e-01,5.169968204120524782e-03
1.148570062999999947e-01,5.169930609245978852e-03
1.148932327999999947e-01,5.169855420929177041e-03
1.149656517000000044e-01,5.169705050025240160e-03
1.149837492999999933e-01,5.169667458492856714e-03
1.150561112000000052e-01,5.169517097137438927e-03
1.151284276999999939e-01,5.169366743420362488e-03
1.151826351999999942e-01,5.169253983144763039e-03
1.152909738000000017e-01,5.169028475481421588e-03
1.153992105999999962e-01,5.168802985000244682e-03
1.154352669999999942e-01,5.168727825324516759e-03
1.154713121999999953e-01,5.168652667557731457e-03
1.154893305000000009e-01,5.168615089390060993e-03
1.155433686999999959e-01,5.168502357750362486e-03
1.155613758999999990e-01,5.168464781491568724e-03
1.157053318999999997e-01,5.168164188597651650e-03
1.157233138000000050e-01,5.168126616632928196e-03
1.157772427999999992e-01,5.168013903601324788e-03
1.158670687000000060e-01,5.167826058089864880e-03
1.159209308000000022e-01,5.167713356507320187e-03
1.159747678999999976e-01,5.167600659217792824e-03
1.159927079999999999e-01,5.167563094408529623e-03
1.160465118000000018e-01,5.167450402842659052e-03
1.161182114000000043e-01,5.167300154098652780e-03
1.161540446000000060e-01,5.167225032588144105e-03
1.162793738999999965e-01,5.166962122323174797e-03
1.162972671000000041e-01,5.166924565621352529e-03
1.163509300000000052e-01,5.166811898376625148e-03
1.164224420999999954e-01,5.166661682058933981e-03
1.164403133000000007e-01,5.166624129171504091e-03
1.165653348000000034e-01,5.166361272308245788e-03
1.166902222999999933e-01,5.166098438803598536e-03
1.167258798999999958e-01,5.166023347806534931e-03
1.167793458999999978e-01,5.165910714885694165e-03
1.168327873999999988e-01,5.165798086254305872e-03
1.168505957999999983e-01,5.165760544330358708e-03
1.169040048000000026e-01,5.165647921418028456e-03
1.169218023000000023e-01,5.165610381400282183e-03
1.170640854000000036e-01,5.165310078413818187e-03
1.171529245999999996e-01,5.165122404533158997e-03
1.172061957999999959e-01,5.165009805922107615e-03
1.172771863999999969e-01,5.164859681110444897e-03
1.174190388000000002e-01,5.164559454352928534e-03
1.174367582999999993e-01,5.164521928151749944e-03
1.174721893000000017e-01,5.164446877178334797e-03
1.175607201000000018e-01,5.164259258079809296e-03
1.176845512999999954e-01,5.163996611344224066e-03
1.177022308000000017e-01,5.163959092286806753e-03
1.177199077000000010e-01,5.163921573705636085e-03
1.177552535000000039e-01,5.163846537971783154e-03
1.178612272999999960e-01,5.163621442197890467e-03
1.179141783999999998e-01,5.163508900738510501e-03
1.180552655000000062e-01,5.163208811127850510e-03
1.181961841000000041e-01,5.162908751982725995e-03
1.182665804000000015e-01,5.162758733833438390e-03
1.182841728999999981e-01,5.162721230485924941e-03
1.183193502000000064e-01,5.162646225218813119e-03
1.183369348999999959e-01,5.162608723299086377e-03
1.183896732999999979e-01,5.162496220395213289e-03
1.184248192000000033e-01,5.162421220838682781e-03
1.184775183999999953e-01,5.162308725072670308e-03
1.186003924000000043e-01,5.162046251605969562e-03
1.186880815999999950e-01,5.161858784831641588e-03
1.187056117000000049e-01,5.161821292904046100e-03
1.187581862999999988e-01,5.161708819975383694e-03
1.188107377000000020e-01,5.161596351328104695e-03
1.188282496999999993e-01,5.161558862730411534e-03
1.188457591000000035e-01,5.161521374608363071e-03
1.189507612999999991e-01,5.161296455864584042e-03
1.191604881999999976e-01,5.160846669741452585e-03
1.191779488000000026e-01,5.160809190655582177e-03
1.192652134000000003e-01,5.160621802358610760e-03
1.193872765999999946e-01,5.160359478712105326e-03
1.194395511999999937e-01,5.160247061423463288e-03
1.195266247000000004e-01,5.160059708783288832e-03
1.195440318000000057e-01,5.160022239681330558e-03
1.196831975000000048e-01,5.159722503977154547e-03
1.197353428999999997e-01,5.159610110930253069e-03
1.198048347999999957e-01,5.159460260187816866e-03
1.199436978999999931e-01,5.159160581512840793e-03
1.199957301000000032e-01,5.159048209849889481e-03
1.200130692000000027e-01,5.159010753579217588e-03
1.200650713000000064e-01,5.158898387617687382e-03
1.200997268999999951e-01,5.158823479352197573e-03
1.201516915000000046e-01,5.158711120516954775e-03
1.202382493999999968e-01,5.158523865292664705e-03
1.203593257999999999e-01,5.158261727928868147e-03
1.203766123999999993e-01,5.158224281633833758e-03
1.204284575999999968e-01,5.158111945598699115e-03
1.204802804999999949e-01,5.157999613837891892e-03
1.205148166999999992e-01,5.157924728371842370e-03
1.205493428999999950e-01,5.157849844805205766e-03
1.206356155000000013e-01,5.157662644199016537e-03
1.207045890999999954e-01,5.157512892260900095e-03
1.207735233000000047e-01,5.157363147919481229e-03
1.207907507000000047e-01,5.157325713021046650e-03
1.208251981000000030e-01,5.157250844648397607e-03
1.208424181999999958e-01,5.157213411174275952e-03
1.209800902000000011e-01,5.156913960470257095e-03
1.211004249000000033e-01,5.156651966024385428e-03
1.211691339000000034e-01,5.156502265353983885e-03
1.211863051000000024e-01,5.156464841372883183e-03
1.212034738000000028e-01,5.156427417866275321e-03
1.212549653999999977e-01,5.156315150193877157e-03
1.213064352000000068e-01,5.156202886792365589e-03
1.213407361999999934e-01,5.156128046897177387e-03
1.213921696000000022e-01,5.156015790613172924e-03
1.214607136000000059e-01,5.155866122210400922e-03
1.214778435000000018e-01,5.155828706295760913e-03
1.216147962999999943e-01,5.155529396057976187e-03
1.216661138000000031e-01,5.155417162546001644e-03
1.217174097000000010e-01,5.155304933303142545e-03
1.217515948999999958e-01,5.155230116179434358e-03
1.219394424999999949e-01,5.154818655910195328e-03
1.220076789999999939e-01,5.154669048221029344e-03
1.220247321999999995e-01,5.154631647484250907e-03
1.220758774000000046e-01,5.154519448118791841e-03
1.222121599000000058e-01,5.154220270672747392e-03
1.222632267000000050e-01,5.154108086953103698e-03
1.222802442999999933e-01,5.154070693328100840e-03
1.223993007000000049e-01,5.153808951225422388e-03
1.224162993000000033e-01,5.153771561392504232e-03
1.224332954999999973e-01,5.153734172033527274e-03
1.224672809999999973e-01,5.153659394737701398e-03
1.225522032999999955e-01,5.153472459792081233e-03
1.225691807000000022e-01,5.153435074224758765e-03
1.226200987999999936e-01,5.153322920366234725e-03
1.226709956999999934e-01,5.153210770772641107e-03
1.226879567000000032e-01,5.153173388522585240e-03
1.227388254999999956e-01,5.153061244615372676e-03
1.228235601000000066e-01,5.152874347579999501e-03
1.228405000000000052e-01,5.152836969594330220e-03
1.230097705999999985e-01,5.152463215794325473e-03
1.230266849000000023e-01,5.152425843019887812e-03
1.231619152999999939e-01,5.152126877876314973e-03
1.232294748999999967e-01,5.151977406671996718e-03
1.232463589999999998e-01,5.151940040054918402e-03
1.232969973999999969e-01,5.151827943045170916e-03
1.233476151000000021e-01,5.151715850297623397e-03
1.234824939999999982e-01,5.151416957139228793e-03
1.234993434999999973e-01,5.151379597625160497e-03
1.236340570000000055e-01,5.151080738557051175e-03
1.237013586999999998e-01,5.150931320384946957e-03
1.237686238000000050e-01,5.150781909786813703e-03
1.238862498000000006e-01,5.150520459463355828e-03
1.239198366999999940e-01,5.150445763630598014e-03
1.240373193999999984e-01,5.150184343123681736e-03
1.240540935000000039e-01,5.150146999229821693e-03
1.240876350000000017e-01,5.150072312861828788e-03
1.241044023999999940e-01,5.150034970387673376e-03
1.241882051999999986e-01,5.149848265114162667e-03
1.242384596999999979e-01,5.149736247627744942e-03
1.242886938999999968e-01,5.149624234399389003e-03
1.243556412999999999e-01,5.149474890051529245e-03
1.244392748999999937e-01,5.149288220260474051e-03
1.244559949000000054e-01,5.149250887721380093e-03
1.245061412999999978e-01,5.149138892941985263e-03
1.245562676000000063e-01,5.149026902419573219e-03
1.245896739000000031e-01,5.148952244436089468e-03
1.246397665999999932e-01,5.148840261007989541e-03
1.247065254999999984e-01,5.148690956391319476e-03
1.248232677000000040e-01,5.148429691518156479e-03
1.248566024999999968e-01,5.148355048667089748e-03
1.248899284999999970e-01,5.148280407707404166e-03
1.249898531000000063e-01,5.148056496175235260e-03
1.250397853999999920e-01,5.147944546791363707e-03
1.251063309000000068e-01,5.147795287564494067e-03
1.251562167999999975e-01,5.147683348107679954e-03
1.252393156999999924e-01,5.147496791799550941e-03
1.252559289000000076e-01,5.147459481955897996e-03
1.253887550999999989e-01,5.147161020220293245e-03
1.255048625999999889e-01,5.146899891011070399e-03
1.255711616000000086e-01,5.146750684715418328e-03
1.256374255999999912e-01,5.146601485979301720e-03
1.256871006999999985e-01,5.146489591887889146e-03
1.257036547000000004e-01,5.146452294802255668e-03
1.257863919999999969e-01,5.146265816460013007e-03
1.258360081999999880e-01,5.146153935123064585e-03
1.259021328999999911e-01,5.146004766620111172e-03
1.259517035000000118e-01,5.145892895202025356e-03
1.260177674000000081e-01,5.145743739923338243e-03
1.261002985999999937e-01,5.145557306450651569e-03
1.261662846999999921e-01,5.145408168172427993e-03
1.261827758000000077e-01,5.145370884783309791e-03
1.262981534000000017e-01,5.145109914280141319e-03
1.264463413999999952e-01,5.144774414768280013e-03
1.264792483999999939e-01,5.144699864513808604e-03
1.264956988000000004e-01,5.144662590094749473e-03
1.265450368999999908e-01,5.144550769669361569e-03
1.266272243999999880e-01,5.144364411733624853e-03
1.266765113999999970e-01,5.144252602635850276e-03
1.267421974000000062e-01,5.144103530445635029e-03
1.268242572000000123e-01,5.143917200825754051e-03
1.268406628000000036e-01,5.143879936317407794e-03
1.268898668000000007e-01,5.143768145623366615e-03
1.269390516999999996e-01,5.143656359175758502e-03
1.269718310999999877e-01,5.143581837236451543e-03
1.270209843000000005e-01,5.143470057865841272e-03
1.270701184999999955e-01,5.143358282741134109e-03
1.270864922999999924e-01,5.143321025309671203e-03
1.272174071999999934e-01,5.143022982840116282e-03
1.272337621000000085e-01,5.142985729654024792e-03
1.272828141000000024e-01,5.142873972925576104e-03
1.273481874999999874e-01,5.142724970557337183e-03
1.273645256000000003e-01,5.142687721144299610e-03
1.274625101000000094e-01,5.142464234569180288e-03
1.275277914000000068e-01,5.142315252950323615e-03
1.276745521000000050e-01,5.141980071890606303e-03
1.277234348000000075e-01,5.141868353356914868e-03
1.277560128999999933e-01,5.141793876691594725e-03
1.277885826999999863e-01,5.141719401911900786e-03
1.278048645000000039e-01,5.141682165229153993e-03
1.278699709999999989e-01,5.141533223211923118e-03
1.280488429999999955e-01,5.141123671548985738e-03
1.281138253999999921e-01,5.140974757809857812e-03
1.281463043000000135e-01,5.140900303767758674e-03
1.283896338999999942e-01,5.140341958526780178e-03
1.284544438999999927e-01,5.140193084365058708e-03
1.285192213000000139e-01,5.140044217740384613e-03
1.285354105000000025e-01,5.140007002261748337e-03
1.285839659999999940e-01,5.139895358652075280e-03
1.286486780999999968e-01,5.139746507099670139e-03
1.286648511000000050e-01,5.139709295389070093e-03
1.287780048000000122e-01,5.139448826600658167e-03
1.287941615000000040e-01,5.139411618657404798e-03
1.288264688999999907e-01,5.139337204183656860e-03
1.288426195000000052e-01,5.139299997653026114e-03
1.289233422999999934e-01,5.139113972062897898e-03
1.290201430000000038e-01,5.138890756891966761e-03
1.290362693999999866e-01,5.138853556011260988e-03
1.291007547999999949e-01,5.138704757196015105e-03
1.291813162999999876e-01,5.138518769268552409e-03
1.292296290999999930e-01,5.138407182160534270e-03
1.293101103000000029e-01,5.138221213060543274e-03
1.293583749999999977e-01,5.138109637248254244e-03
1.295512538999999963e-01,5.137663376351829687e-03
1.295673142000000055e-01,5.137626191002358199e-03
1.295994287999999994e-01,5.137551821714890325e-03
1.296636341000000081e-01,5.137403088785737898e-03
1.296796805000000052e-01,5.137365906729667552e-03
1.297438461000000043e-01,5.137217183209635309e-03
1.298079799999999895e-01,5.137068467216331438e-03
1.298240085000000044e-01,5.137031289393963022e-03
1.298560595999999900e-01,5.136956935160402055e-03
1.299361528000000099e-01,5.136771057807754289e-03
1.299521654999999942e-01,5.136733883748208392e-03
1.301121842999999889e-01,5.136362169018980454e-03
1.301281753000000097e-01,5.136325000132414657e-03
1.301761367000000003e-01,5.136213496294272755e-03
1.301921198999999862e-01,5.136176329288632929e-03
1.303358805000000009e-01,5.135841847395719931e-03
1.303678057000000057e-01,5.135767523257660574e-03
1.304635345999999863e-01,5.135544562126014706e-03
1.305113727999999973e-01,5.135433087906200560e-03
1.305591932999999871e-01,5.135321617916497466e-03
1.305751296999999866e-01,5.135284462193447953e-03
1.306229268999999915e-01,5.135172997843885992e-03
1.307025501999999895e-01,5.134987233327606947e-03
1.307184690000000038e-01,5.134950081834153274e-03
1.308139412999999862e-01,5.134727182741936555e-03
1.308298465000000133e-01,5.134690034537781403e-03
1.308457499000000024e-01,5.134652886803664322e-03
1.309570191999999966e-01,5.134392865820169675e-03
1.309729071000000078e-01,5.134355721844702236e-03
1.310840685000000116e-01,5.134095727170495671e-03
1.311316801999999893e-01,5.133984307927864053e-03
1.311475470000000032e-01,5.133947169119871569e-03
1.312268518999999967e-01,5.133761482125088690e-03
1.312744117999999904e-01,5.133650075564344731e-03
1.313377983000000027e-01,5.133501540058552082e-03
1.313853181000000092e-01,5.133390143360245378e-03
1.314011542000000088e-01,5.133353012066657790e-03
1.314644795999999893e-01,5.133204491588219502e-03
1.315277744999999998e-01,5.133055978622669963e-03
1.315752256000000120e-01,5.132944598828428212e-03
1.316068501999999862e-01,5.132870347979831029e-03
1.316542729000000078e-01,5.132758975228104287e-03
1.317016785000000023e-01,5.132647606701489992e-03
1.318280101000000037e-01,5.132350644618503474e-03
1.318437929999999869e-01,5.132313526470343341e-03
1.318595740999999877e-01,5.132276408791658362e-03
1.319069059000000099e-01,5.132165058571504582e-03
1.321118145000000077e-01,5.131682589758819295e-03
1.321433106999999885e-01,5.131608370826519841e-03
1.322220182999999938e-01,5.131422831706773831e-03
1.322849506999999869e-01,5.131274408856195332e-03
1.323635740999999921e-01,5.131088890848576126e-03
1.323950104000000128e-01,5.131014686929313492e-03
1.324735684999999996e-01,5.130829185340003706e-03
1.325991646999999940e-01,5.130532407187149598e-03
1.326148558999999949e-01,5.130495312028594476e-03
1.326619182000000063e-01,5.130384029366541303e-03
1.327089637999999960e-01,5.130272750925032182e-03
1.327403182999999931e-01,5.130198567642040887e-03
1.328343374000000021e-01,5.129976029046676156e-03
1.328500008000000066e-01,5.129938940921872220e-03
1.328969798999999896e-01,5.129827679360527901e-03
1.329908881999999903e-01,5.129605168895923044e-03
1.330378174999999885e-01,5.129493919992312093e-03
1.331159962000000030e-01,5.129308514527994821e-03
1.331628814999999966e-01,5.129197276874240818e-03
1.332097502000000044e-01,5.129086043438628277e-03
1.332253693999999877e-01,5.129048966564066399e-03
1.333502575000000134e-01,5.128752368439246437e-03
1.333658601999999915e-01,5.128715295782316878e-03
1.333970603000000088e-01,5.128641151874445067e-03
1.334906168999999976e-01,5.128418731396465133e-03
1.335373705000000022e-01,5.128307527482569260e-03
1.335996832999999939e-01,5.128159262156545793e-03
1.336463988000000103e-01,5.128048068080982326e-03
1.336619671000000009e-01,5.128011004326152311e-03
1.337242217999999871e-01,5.127862753990697527e-03
1.338330979000000032e-01,5.127603333937173595e-03
1.338641891000000028e-01,5.127529218137189329e-03
1.340971431999999908e-01,5.126973409345801126e-03
1.341126591000000035e-01,5.126936359172435190e-03
1.341591960000000083e-01,5.126825211461527761e-03
1.342057167000000051e-01,5.126714067964219419e-03
1.342212201000000105e-01,5.126677021068221443e-03
1.342367215999999974e-01,5.126639974640241453e-03
1.343451823000000045e-01,5.126380662752406600e-03
1.343606696000000100e-01,5.126343620069501172e-03
1.344845033000000023e-01,5.126047295456000706e-03
1.345309115999999972e-01,5.125936181448539561e-03
1.345773037999999922e-01,5.125825071652921096e-03
1.346391352999999902e-01,5.125676931810453467e-03
1.346545888000000024e-01,5.125639898019780476e-03
1.347009383999999976e-01,5.125528799455004655e-03
1.347163848000000053e-01,5.125491767536000283e-03
1.347781523999999898e-01,5.125343644538540681e-03
1.348398918000000002e-01,5.125195529027094625e-03
1.348861778000000067e-01,5.125084447305815888e-03
1.349016029000000005e-01,5.125047421000979500e-03
1.350249404999999958e-01,5.124751227402900636e-03
1.350711631000000024e-01,5.124640162521617442e-03
1.350865670999999990e-01,5.124603141829944634e-03
1.351327686000000083e-01,5.124492082561197918e-03
1.351943459999999930e-01,5.124344010083720612e-03
1.352251241999999909e-01,5.124269976650956161e-03
1.352712784000000001e-01,5.124158930009115043e-03
1.353942793000000033e-01,5.123862826205260318e-03
1.354557378000000034e-01,5.123714785524727429e-03
1.354710980999999925e-01,5.123677776523449801e-03
1.355939177000000107e-01,5.123381721342778680e-03
1.356246051999999980e-01,5.123307712222216655e-03
1.356399463000000083e-01,5.123270708363029773e-03
1.357166260999999874e-01,5.123085696078688057e-03
1.358085847000000124e-01,5.122863696761056906e-03
1.358698557999999945e-01,5.122715706562736178e-03
1.358851692999999972e-01,5.122678710181489438e-03
1.359464059000000113e-01,5.122530729329207409e-03
1.359617106999999880e-01,5.122493735284268900e-03
1.360840875000000061e-01,5.122197799745817522e-03
1.361299504000000049e-01,5.122086831627764569e-03
1.361757979000000063e-01,5.121975867714303153e-03
1.361910769999999937e-01,5.121938880677488759e-03
1.363590336999999930e-01,5.121532054101416744e-03
1.363742921999999969e-01,5.121495072669652628e-03
1.364505592999999961e-01,5.121310172516556174e-03
1.364962990999999959e-01,5.121199238028796216e-03
1.365572616000000072e-01,5.121051331916047326e-03
1.366791052000000117e-01,5.120755542103762326e-03
1.366943280000000038e-01,5.120718570478274660e-03
1.367399861999999966e-01,5.120607658402998030e-03
1.367856292000000085e-01,5.120496750529448908e-03
1.368160494000000005e-01,5.120422814281232193e-03
1.368464628999999932e-01,5.120348879900348156e-03
1.369224669999999922e-01,5.120164052116837720e-03
1.370439857999999900e-01,5.119868351934108233e-03
1.370591680999999895e-01,5.119831391511508144e-03
1.370895276000000107e-01,5.119757472066289658e-03
1.371047048000000046e-01,5.119720513043653047e-03
1.371502263999999915e-01,5.119609638775788132e-03
1.372260621999999985e-01,5.119424857662051645e-03
1.374078974000000064e-01,5.118981430580403676e-03
1.374230395000000104e-01,5.118944481356101084e-03
1.375289872999999885e-01,5.118685849847170490e-03
1.375441161000000023e-01,5.118648904354659683e-03
1.375894923000000047e-01,5.118538070675413172e-03
1.376348535999999956e-01,5.118427241193929458e-03
1.376499707000000128e-01,5.118390298966201193e-03
1.377708478000000125e-01,5.118094777933336788e-03
1.377859499999999904e-01,5.118057839902752024e-03
1.379067079000000084e-01,5.117762352444234046e-03
1.379519649000000014e-01,5.117651552340575158e-03
1.380575068000000072e-01,5.117393035082594410e-03
1.380725775999999960e-01,5.117356105910423648e-03
1.381479070999999947e-01,5.117171467041961748e-03
1.381930851000000016e-01,5.117060689314362198e-03
1.382683489000000043e-01,5.116876069090038615e-03
1.383134874999999986e-01,5.116765302548122521e-03
1.384788700000000039e-01,5.116359194443997373e-03
1.385089183000000057e-01,5.116285362664410585e-03
1.385389600999999971e-01,5.116211532748554322e-03
1.385990242000000039e-01,5.116063878507756679e-03
1.386290464000000111e-01,5.115990054182551622e-03
1.386740676999999866e-01,5.115879321188942022e-03
1.387190742999999948e-01,5.115768592387780027e-03
1.387340732000000021e-01,5.115731683718963488e-03
1.387490705999999963e-01,5.115694775516113624e-03
1.387790603999999872e-01,5.115620960507626970e-03
1.388540065999999962e-01,5.115436431137557194e-03
1.389139343999999943e-01,5.115288816024902985e-03
1.389588633000000129e-01,5.115178109580448620e-03
1.390337125999999979e-01,5.114993608153462455e-03
1.390935630000000034e-01,5.114846015393580657e-03
1.392131866000000107e-01,5.114550852223006400e-03
1.392281324000000098e-01,5.114513958921868345e-03
1.392580190000000107e-01,5.114440173715983050e-03
1.393476405000000085e-01,5.114218829271047900e-03
1.394372043000000061e-01,5.113997501583435711e-03
1.394521260000000096e-01,5.113960615264565718e-03
1.395565333999999880e-01,5.113702424064287509e-03
1.395863497000000009e-01,5.113628659338353283e-03
1.396310622999999973e-01,5.113518015739733358e-03
1.396757604999999958e-01,5.113407376329014327e-03
1.396906566999999988e-01,5.113370497456045868e-03
1.397502257999999886e-01,5.113222986617352653e-03
1.398246513999999996e-01,5.113038608537421280e-03
1.399287808000000133e-01,5.112780498765128953e-03
1.399436501000000110e-01,5.112743627801283504e-03
1.399882484999999954e-01,5.112633017700691715e-03
1.400625477000000119e-01,5.112448676835957412e-03
1.401071081999999968e-01,5.112338077898312926e-03
1.401665002999999965e-01,5.112190619159407735e-03
1.402110277999999988e-01,5.112080029988203510e-03
1.402852089999999941e-01,5.111895724003439646e-03
1.403445257000000002e-01,5.111748287585411374e-03
1.403889966999999905e-01,5.111637715153857613e-03
1.405075174000000038e-01,5.111342875793052284e-03
1.405223254999999893e-01,5.111306022964998315e-03
1.406407338000000007e-01,5.111011217074447333e-03
1.406555278999999936e-01,5.110974368429894998e-03
1.406851112999999986e-01,5.110900672534981516e-03
1.407590425999999950e-01,5.110716440931123601e-03
1.407738242000000084e-01,5.110679596004590215e-03
1.408181597000000007e-01,5.110569064013331664e-03
1.408624812000000004e-01,5.110458536204345696e-03
1.408920210999999867e-01,5.110384853321744796e-03
1.409215548999999956e-01,5.110311172297918314e-03
1.409953622000000018e-01,5.110126977869392656e-03
1.410101189999999893e-01,5.110090140377514592e-03
1.411281181000000051e-01,5.109795457167807392e-03
1.411723423000000033e-01,5.109684958629221764e-03
1.412312863999999890e-01,5.109537633747663656e-03
1.412902058999999932e-01,5.109390316297826584e-03
1.413491007999999882e-01,5.109243006279162377e-03
1.413638207000000035e-01,5.109206179935580142e-03
1.413932558999999867e-01,5.109132528641638013e-03
1.414079712000000100e-01,5.109095703691261640e-03
1.414521079000000126e-01,5.108985231626417614e-03
1.414815248000000081e-01,5.108911585905136742e-03
1.415256386000000033e-01,5.108801120805700133e-03
1.415844356000000026e-01,5.108653840506953425e-03
1.416285173000000064e-01,5.108543385157970733e-03
1.417019563999999954e-01,5.108359302195067397e-03
1.418340509000000083e-01,5.108027982107685334e-03
1.419220455000000103e-01,5.107807122936881827e-03
1.419513649999999960e-01,5.107733506926384268e-03
1.420539353999999976e-01,5.107475865508058661e-03
1.420685821999999876e-01,5.107439061447293510e-03
1.420978713999999921e-01,5.107365454718035790e-03
1.422295982000000014e-01,5.107034247404451839e-03
1.423319681000000114e-01,5.106776667697509632e-03
1.423465864000000025e-01,5.106739872452204128e-03
1.424196550999999866e-01,5.106555903183407873e-03
1.424634784000000098e-01,5.106445527188435522e-03
1.425072881999999985e-01,5.106335155367832355e-03
1.425364872999999866e-01,5.106261576473164303e-03
1.425802747000000092e-01,5.106151211609469276e-03
1.426386369000000043e-01,5.106004064950349711e-03
1.427407133999999966e-01,5.105746576150209555e-03
1.427990101000000123e-01,5.105599449894006325e-03
1.428135805000000091e-01,5.105562669489004286e-03
1.428572830000000016e-01,5.105452331056054872e-03
1.428718475000000099e-01,5.105415552505599731e-03
1.429300907000000120e-01,5.105268442939764340e-03
1.429883100999999879e-01,5.105121340790968153e-03
1.430319592000000029e-01,5.105011019046692619e-03
1.431628265000000066e-01,5.104680078842684446e-03
1.432354788000000101e-01,5.104496239394617878e-03
1.432645294999999874e-01,5.104422706859412968e-03
1.432790526000000120e-01,5.104385941286847424e-03
1.433226130999999959e-01,5.104275647349448483e-03
1.433371303000000041e-01,5.104238883630345634e-03
1.433951844999999947e-01,5.104091833387489063e-03
1.434677192000000101e-01,5.103908031008529828e-03
1.434967228000000039e-01,5.103834513299942283e-03
1.435112223999999992e-01,5.103797755140548377e-03
1.435836984999999955e-01,5.103613971292356340e-03
1.436271665999999947e-01,5.103503706542105757e-03
1.436851036000000026e-01,5.103356693359771372e-03
1.437285409999999874e-01,5.103246438336222005e-03
1.438009075999999997e-01,5.103062689226437430e-03
1.438587745999999890e-01,5.102915698274360611e-03
1.439744389000000013e-01,5.102621738597088764e-03
1.440322361999999967e-01,5.102474769870814740e-03
1.440466819000000009e-01,5.102438028846701008e-03
1.441477613000000102e-01,5.102180854640560141e-03
1.441910593999999879e-01,5.102070644067536499e-03
1.442487698999999901e-01,5.101923703117125682e-03
1.442776165000000110e-01,5.101850235419099801e-03
1.443641216999999866e-01,5.101629843432933624e-03
1.443785341999999916e-01,5.101593113055070267e-03
1.444361698000000138e-01,5.101446196171379420e-03
1.444937823999999926e-01,5.101299286691746843e-03
1.445081820000000128e-01,5.101262560478719496e-03
1.445513720000000113e-01,5.101152384615639974e-03
1.445945492000000054e-01,5.101042212916922017e-03
1.447096254000000137e-01,5.100748442077160903e-03
1.448389767999999911e-01,5.100417985271520939e-03
1.448533421000000043e-01,5.100381270161521811e-03
1.448820682999999998e-01,5.100307841328932841e-03
1.448964292000000098e-01,5.100271127606323049e-03
1.449682127999999959e-01,5.100087565931263334e-03
1.450686501000000017e-01,5.099830599009395546e-03
1.450829925999999881e-01,5.099793891298817772e-03
1.451833503999999941e-01,5.099536950271558490e-03
1.451976815999999892e-01,5.099500246260017453e-03
1.452406666000000124e-01,5.099390136999250138e-03
1.452836389999999922e-01,5.099280031899483361e-03
1.453552312999999985e-01,5.099096532645436448e-03
1.454124797000000135e-01,5.098949741562726345e-03
1.454697057000000071e-01,5.098802957875739165e-03
1.455412064000000116e-01,5.098619488666027329e-03
1.456269609999999992e-01,5.098399340865422680e-03
1.456555347000000056e-01,5.098325961962214652e-03
1.456983846000000082e-01,5.098215897072855794e-03
1.457554983000000082e-01,5.098069150356052473e-03
1.457983189000000013e-01,5.097959095169845960e-03
1.458696586000000073e-01,5.097775679099570550e-03
1.458839222999999963e-01,5.097738997271389697e-03
1.459694756000000093e-01,5.097518916003765561e-03
1.459837296000000006e-01,5.097482237409237636e-03
1.459979821999999872e-01,5.097445559276607592e-03
1.460407317000000094e-01,5.097335527650155920e-03
1.460834685999999882e-01,5.097225500180483336e-03
1.462542916000000026e-01,5.096785431866942759e-03
1.462685177999999975e-01,5.096748762509047993e-03
1.464391248999999950e-01,5.096308766229479953e-03
1.464817456999999989e-01,5.096198777547538208e-03
1.465527527000000108e-01,5.096015472310071008e-03
1.465669498999999931e-01,5.095978812647301154e-03
1.466095335000000000e-01,5.095868836428827167e-03
1.468789426999999870e-01,5.095172416836555966e-03
1.468931083999999998e-01,5.095135767788381252e-03
1.469072727999999883e-01,5.095099119201703698e-03
1.469355974999999870e-01,5.095025823412537361e-03
1.469497577999999971e-01,5.094989176210031230e-03
1.470063852999999865e-01,5.094842592013629559e-03
1.470205387000000086e-01,5.094805947117824266e-03
1.470629908999999957e-01,5.094696015198638475e-03
1.471054309000000004e-01,5.094586087431356332e-03
1.471337174000000025e-01,5.094512804559596722e-03
1.471619985000000019e-01,5.094439523532993085e-03
1.472326774000000116e-01,5.094256329038283730e-03
1.472468090999999868e-01,5.094219691523027733e-03
1.472891960999999916e-01,5.094109781744551348e-03
1.473598140000000056e-01,5.093926608004115293e-03
1.473880516999999946e-01,5.093853341736069747e-03
1.474445108999999920e-01,5.093706814733578274e-03
1.475714650000000128e-01,5.093377155951641852e-03
1.475855641999999912e-01,5.093340529503276315e-03
1.476278540000000028e-01,5.093230652924672468e-03
1.476983098999999910e-01,5.093047534513365712e-03
1.477405673999999947e-01,5.092937668998323390e-03
1.477828127999999963e-01,5.092827807631723075e-03
1.477968919000000048e-01,5.092791188098013018e-03
1.478391212000000066e-01,5.092681332262366002e-03
1.478954080999999865e-01,5.092534864267094646e-03
1.479657366999999890e-01,5.092351789642292695e-03
1.480219755000000137e-01,5.092205338237148181e-03
1.480360319000000036e-01,5.092168726537895165e-03
1.481343890000000052e-01,5.091912457543949430e-03
1.481484346999999979e-01,5.091875849530642928e-03
1.482467172999999971e-01,5.091619606337014804e-03
1.482888185000000025e-01,5.091509794735545741e-03
1.483449347999999945e-01,5.091363385715729113e-03
1.483729850000000128e-01,5.091290183969491602e-03
1.484711190000000125e-01,5.091033992365871785e-03
1.485131564999999931e-01,5.090924202872396109e-03
1.485831927000000052e-01,5.090741229593569173e-03
1.486391978999999919e-01,5.090594859259066178e-03
1.487091747000000019e-01,5.090411906700748751e-03
1.487511448999999930e-01,5.090302140690545693e-03
1.488070868999999963e-01,5.090155792455744108e-03
1.489049347999999995e-01,5.089899700767897862e-03
1.489189077999999999e-01,5.089863118082269683e-03
1.489328795000000039e-01,5.089826535856938235e-03
1.489747867000000003e-01,5.089716791942531723e-03
1.490306446999999923e-01,5.089570473166937781e-03
1.490446059999999961e-01,5.089533894623714770e-03
1.490864818000000036e-01,5.089424161754955295e-03
1.491422980000000065e-01,5.089277857706056910e-03
1.492538676999999869e-01,5.088985271695375262e-03
1.492678081000000101e-01,5.088948700514635270e-03
1.494071399999999938e-01,5.088583014010194736e-03
1.494210660999999996e-01,5.088546447890028232e-03
1.496019868000000030e-01,5.088071130184643881e-03
1.496298013000000038e-01,5.087998011282754939e-03
1.496437066000000093e-01,5.087961452521629763e-03
1.496854149000000078e-01,5.087851778997722237e-03
1.497132139000000028e-01,5.087778665614308728e-03
1.497549028000000060e-01,5.087668998988087617e-03
1.497965800999999930e-01,5.087559336500239310e-03
1.498104698999999929e-01,5.087522783257142876e-03
1.499354206000000078e-01,5.087193824759360036e-03
1.500186632999999936e-01,5.086974539781878232e-03
1.500325325999999904e-01,5.086937993894533223e-03
1.500464005999999906e-01,5.086901448466827486e-03
1.500879968999999925e-01,5.086791814941594471e-03
1.501295816999999866e-01,5.086682185553084538e-03
1.501434407999999998e-01,5.086645643342890127e-03
1.502681146000000023e-01,5.086316784131450323e-03
1.503096496000000115e-01,5.086207172666201357e-03
1.504203534000000120e-01,5.085914895643132115e-03
1.504618463000000073e-01,5.085805299340508644e-03
1.504756747999999866e-01,5.085768768158591482e-03
1.505171525000000010e-01,5.085659177369057996e-03
1.505309757999999942e-01,5.085622648024587696e-03
1.505862565999999958e-01,5.085476535240864883e-03
1.506000735999999951e-01,5.085440008193292498e-03
1.507105640999999996e-01,5.085147808348611936e-03
1.508071769000000062e-01,5.084892157596993326e-03
1.509175157000000045e-01,5.084600012862813996e-03
1.509588719999999940e-01,5.084490466164007239e-03
1.509726549000000029e-01,5.084453951516010144e-03
1.510139960999999920e-01,5.084344410326865557e-03
1.510415505999999908e-01,5.084271385162983554e-03
1.510828728999999981e-01,5.084161850860328610e-03
1.511517183999999958e-01,5.083979302870726517e-03
1.511792477999999995e-01,5.083906286888146067e-03
1.512618058999999904e-01,5.083687249956542371e-03
1.513030680999999933e-01,5.083577737687024894e-03
1.513718133999999993e-01,5.083395226416639878e-03
1.513993026999999880e-01,5.083322225120793028e-03
1.514542664999999899e-01,5.083176228036005023e-03
1.514680043999999948e-01,5.083139729912078235e-03
1.515229432000000098e-01,5.082993742004364261e-03
1.515778621999999964e-01,5.082847761437993099e-03
1.516190383000000086e-01,5.082738280830439472e-03
1.516327611999999936e-01,5.082701788212164173e-03
1.517836311999999910e-01,5.082300399687706208e-03
1.517973393000000004e-01,5.082263912574176874e-03
1.518384559000000023e-01,5.082154453985185567e-03
1.519069588999999998e-01,5.081972032176436567e-03
1.520164995000000130e-01,5.081680181129621596e-03
1.520301864999999975e-01,5.081643701812266559e-03
1.520712402000000130e-01,5.081534266611525789e-03
1.522353442000000112e-01,5.081096567072612182e-03
1.522490115000000033e-01,5.081060095090888379e-03
1.522900061999999943e-01,5.080950681896392526e-03
1.523309898000000107e-01,5.080841272827308491e-03
1.523583061999999877e-01,5.080768335739941320e-03
1.523992714000000082e-01,5.080658933546198727e-03
1.524402256999999872e-01,5.080549535477562641e-03
1.524538746999999916e-01,5.080513070371319925e-03
1.525766605999999970e-01,5.080184905037354696e-03
1.526175671999999983e-01,5.080075524840953552e-03
1.526857206999999994e-01,5.079893233677867243e-03
1.527674646000000136e-01,5.079674499401303465e-03
1.528899987000000016e-01,5.079346428909237328e-03
1.529036075000000106e-01,5.079309978922636262e-03
1.529308215000000082e-01,5.079237080323598802e-03
1.529988354000000050e-01,5.079054841841432882e-03
1.530124344999999886e-01,5.079018395518918212e-03
1.530532246999999901e-01,5.078909059299433794e-03
1.531211842000000101e-01,5.078726841425955374e-03
1.531483596000000058e-01,5.078653957482106435e-03
1.532162769000000035e-01,5.078471755635468460e-03
1.532705890999999931e-01,5.078326002399790630e-03
1.533113106000000003e-01,5.078216692280266946e-03
1.533384523000000110e-01,5.078143821156368837e-03
1.533655891000000049e-01,5.078070951863512122e-03
1.533791557999999999e-01,5.078034517903893749e-03
1.534334102999999894e-01,5.077888786642631262e-03
1.534876456000000000e-01,5.077743062705167461e-03
1.535554128999999934e-01,5.077560918081887482e-03
1.535825114000000102e-01,5.077488063436255174e-03
1.535960588999999987e-01,5.077451636799983591e-03
1.536366940999999986e-01,5.077342359636832780e-03
1.536637782999999979e-01,5.077269510482915194e-03
1.537991277000000101e-01,5.076905292168506882e-03
1.538667576999999953e-01,5.076723200169117392e-03
1.538802801999999970e-01,5.076686783141842567e-03
1.539208404000000086e-01,5.076577534804649003e-03
1.539613898999999952e-01,5.076468290584584819e-03
1.540289487000000013e-01,5.076286226033170645e-03
1.540964779000000007e-01,5.076104172916768263e-03
1.541909690000000110e-01,5.075849317762611695e-03
1.542044630999999943e-01,5.075812911712874326e-03
1.542314475000000074e-01,5.075740100984921406e-03
1.542449379999999981e-01,5.075703696306972136e-03
1.543123727000000056e-01,5.075521679776064804e-03
1.543528192999999993e-01,5.075412475344317359e-03
1.544067316999999939e-01,5.075266875836393146e-03
1.544471535999999978e-01,5.075157681005830132e-03
1.544606252999999874e-01,5.075121283643425733e-03
1.545144999999999991e-01,5.074975698764748119e-03
1.545683559999999901e-01,5.074830121200120045e-03
1.546356496000000080e-01,5.074648159528781857e-03
1.546760118000000128e-01,5.074538988010792936e-03
1.548239160999999864e-01,5.074138727633875634e-03
1.548910987000000072e-01,5.073956809377368204e-03
1.549448237999999922e-01,5.073811282996489209e-03
1.549582522000000073e-01,5.073774902543526540e-03
1.550387978999999972e-01,5.073556629419277014e-03
1.550522180999999999e-01,5.073520252164130488e-03
1.550924717999999924e-01,5.073411123139628595e-03
1.551595380999999940e-01,5.073229250567820245e-03
1.552533822999999924e-01,5.072974648150677286e-03
1.552801845000000014e-01,5.072901908713291566e-03
1.553605633000000041e-01,5.072683701361165899e-03
1.553739557000000104e-01,5.072647335067376195e-03
1.554810536000000021e-01,5.072356421155337254e-03
1.555211962999999975e-01,5.072247335971867728e-03
1.555345749000000000e-01,5.072210975157144010e-03
1.556014505999999964e-01,5.072029177931332462e-03
1.556415623000000081e-01,5.071920105073959677e-03
1.556950283999999907e-01,5.071774680987926887e-03
1.557885499999999979e-01,5.071520206410212207e-03
1.558152600999999915e-01,5.071447503495549701e-03
1.558553166999999962e-01,5.071338452546382200e-03
1.558953630000000090e-01,5.071229405704350338e-03
1.560154403000000023e-01,5.070902289819175998e-03
1.560287764999999938e-01,5.070865945891074589e-03
1.561220982000000035e-01,5.070611551169212743e-03
1.561354252999999914e-01,5.070575210890911413e-03
1.561620760999999913e-01,5.070502531702874606e-03
1.561753998000000032e-01,5.070466192793126117e-03
1.562153639999999954e-01,5.070357178800727858e-03
1.562819484000000092e-01,5.070175497936283034e-03
1.563751188999999986e-01,5.069921163882140300e-03
1.563884245000000117e-01,5.069884832270180053e-03
1.564416352999999926e-01,5.069739510382266154e-03
1.564549352000000060e-01,5.069703181050374402e-03
1.566542979999999974e-01,5.069158295787765632e-03
1.567472471999999950e-01,5.068904051103484236e-03
1.567605212000000026e-01,5.068867732257756505e-03
1.567737939999999941e-01,5.068831413867744967e-03
1.568666723999999901e-01,5.068577197900514010e-03
1.568799361999999864e-01,5.068540883156806218e-03
1.569197210000000120e-01,5.068431941660382460e-03
1.569594957999999874e-01,5.068323004265681136e-03
1.570125131000000007e-01,5.068177760785859756e-03
1.570787596000000064e-01,5.067996216688876870e-03
1.570920054999999926e-01,5.067959909236370575e-03
1.571317365999999882e-01,5.067850989612755069e-03
1.571979329000000036e-01,5.067669466019004108e-03
1.572376372000000022e-01,5.067560557329536287e-03
1.572905608000000066e-01,5.067415352121405411e-03
1.573434665000000010e-01,5.067270154201424653e-03
1.573963545000000019e-01,5.067124963569368500e-03
1.574095736999999995e-01,5.067088667049978595e-03
1.574360087999999991e-01,5.067016075377590162e-03
1.574888657000000081e-01,5.066870897497965931e-03
1.575549119000000109e-01,5.066689435394963227e-03
1.575945263000000096e-01,5.066580563597551656e-03
1.576473301000000105e-01,5.066435407575866495e-03
1.577265025000000043e-01,5.066217687202285123e-03
1.577660738999999979e-01,5.066108833161817038e-03
1.578320039999999980e-01,5.065927418865492221e-03
1.578715488999999916e-01,5.065818575750280495e-03
1.579242600000000107e-01,5.065673457969105051e-03
1.579374350999999954e-01,5.065637179661809306e-03
1.580296294999999906e-01,5.065383244253498195e-03
1.580427957999999966e-01,5.065346969587099062e-03
1.580822879000000070e-01,5.065238148318032887e-03
1.581480862999999903e-01,5.065056788637513872e-03
1.583453172000000020e-01,5.064512777844575389e-03
1.583978706999999986e-01,5.064367725587299619e-03
1.584372742999999861e-01,5.064258941170415342e-03
1.585029253000000138e-01,5.064077642905977748e-03
1.586734907000000028e-01,5.063606320628883696e-03
1.586997152000000078e-01,5.063533816330341268e-03
1.587128258999999930e-01,5.063497564863227510e-03
1.587521514000000133e-01,5.063388813189838647e-03
1.587652576999999954e-01,5.063352563541332653e-03
1.587783628999999974e-01,5.063316314347456049e-03
1.588700692999999997e-01,5.063062582720503912e-03
1.588831659000000118e-01,5.063026337163682375e-03
1.589093558999999933e-01,5.062953847413857213e-03
1.589748119000000126e-01,5.062772630994010620e-03
1.589878999000000070e-01,5.062736389073729804e-03
1.590925649000000108e-01,5.062446470073467091e-03
1.591187202999999883e-01,5.062373994868080498e-03
1.591317965000000056e-01,5.062337757947232841e-03
1.591710184000000028e-01,5.062229049910943121e-03
1.591840902999999974e-01,5.062192814807817652e-03
1.592363669000000093e-01,5.062047878938960750e-03
1.593016885000000105e-01,5.061866719326391789e-03
1.593278096999999893e-01,5.061794258661910136e-03
1.593408685999999908e-01,5.061758029011028358e-03
1.594453019000000027e-01,5.061468208159742438e-03
1.594974929000000097e-01,5.061323308636556800e-03
1.595887860999999908e-01,5.061069751958515925e-03
1.596018237000000062e-01,5.061033531392669822e-03
1.596148602000000138e-01,5.060997311280937029e-03
1.596539634999999957e-01,5.060888653670937189e-03
1.597191142999999924e-01,5.060707566736768852e-03
1.597581921000000016e-01,5.060598920025614206e-03
1.598102808999999902e-01,5.060454064100995165e-03
1.599144076000000025e-01,5.060164374045412507e-03
1.599534375999999980e-01,5.060055747765454526e-03
1.600054629000000062e-01,5.059910919081082002e-03
1.600314690999999900e-01,5.059838507462346112e-03
1.601224578000000065e-01,5.059585081095063948e-03
1.601744281999999964e-01,5.059440276013245363e-03
1.602393673999999990e-01,5.059259279871959787e-03
1.602783183000000000e-01,5.059150687632765070e-03
1.603172596999999922e-01,5.059042099477438145e-03
1.603432153999999887e-01,5.058969709642665777e-03
1.604210574000000111e-01,5.058752551027769981e-03
1.604340273000000039e-01,5.058716359513091600e-03
1.605766279999999990e-01,5.058318282794014784e-03
1.605895854000000122e-01,5.058282096723053928e-03
1.606414046000000095e-01,5.058137356975054427e-03
1.606932071000000128e-01,5.057992624483947930e-03
1.607320479999999885e-01,5.057884079877621349e-03
1.607838212999999905e-01,5.057739360084881515e-03
1.608485145000000116e-01,5.057558470546996525e-03
1.608614499999999892e-01,5.057522293999720461e-03
1.609002502999999917e-01,5.057413767078473843e-03
1.609390411999999937e-01,5.057305244237775624e-03
1.609907479999999891e-01,5.057160553464316692e-03
1.610036719999999866e-01,5.057124381904187609e-03
1.611586801999999874e-01,5.056690358542551521e-03
1.611715907999999864e-01,5.056654192875351811e-03
1.612103165000000060e-01,5.056545698593323777e-03
1.612748385999999978e-01,5.056364883854104313e-03
1.613135394000000111e-01,5.056256400448690992e-03
1.613651261000000059e-01,5.056111762252405578e-03
1.614038053999999889e-01,5.056003288363195187e-03
1.614811359999999973e-01,5.055786352818055635e-03
1.615197874000000033e-01,5.055677891161847182e-03
1.615584295999999975e-01,5.055569433583025594e-03
1.615713082999999939e-01,5.055533281962816018e-03
1.615841859000000102e-01,5.055497130795501975e-03
1.616228127000000070e-01,5.055388680011736226e-03
1.616614302999999919e-01,5.055280233304784016e-03
1.616871702000000077e-01,5.055207937764854415e-03
1.617900888999999898e-01,5.054918773722019004e-03
1.618158083000000025e-01,5.054846487240141455e-03
1.619314953000000057e-01,5.054521220487709875e-03
1.619700393000000072e-01,5.054412806387449317e-03
1.619828852000000097e-01,5.054376669259484818e-03
1.620342587999999973e-01,5.054232125275412088e-03
1.621369571999999870e-01,5.053943059037855311e-03
1.622011106000000036e-01,5.053762407351235914e-03
1.622908828999999886e-01,5.053509514000439733e-03
1.623934189000000028e-01,5.053220520182352682e-03
1.624062313999999896e-01,5.053184397991568148e-03
1.624318533000000120e-01,5.053112154967417599e-03
1.624446626999999921e-01,5.053076034134034236e-03
1.624830848999999910e-01,5.052967674348856492e-03
1.625854998000000051e-01,5.052678734829633457e-03
1.625982971000000110e-01,5.052642619425578088e-03
1.626110933999999897e-01,5.052606504473928194e-03
1.627006394000000133e-01,5.052353712478874388e-03
1.627134276999999962e-01,5.052317601146170782e-03
1.628156977000000116e-01,5.052028726767258428e-03
1.628540323000000067e-01,5.051920406337594323e-03
1.628923579999999871e-01,5.051812089978288851e-03
1.629562139999999881e-01,5.051631571756844130e-03
1.630072808999999956e-01,5.051487165319140660e-03
1.630455704999999866e-01,5.051378865238351917e-03
1.630583317000000032e-01,5.051342766115684245e-03
1.631603855000000047e-01,5.051053989410182049e-03
1.631986391999999952e-01,5.050945705604757176e-03
1.632113883999999904e-01,5.050909611906972269e-03
1.632496301999999955e-01,5.050801333526006021e-03
1.633006053000000124e-01,5.050656968679369078e-03
1.633133465000000117e-01,5.050620878597536327e-03
1.633260867999999921e-01,5.050584788967806341e-03
1.633643016999999920e-01,5.050476522790288414e-03
1.634025077000000048e-01,5.050368260680253817e-03
1.634279734000000095e-01,5.050296088199807826e-03
1.634661645000000108e-01,5.050187832868339652e-03
1.635170720000000133e-01,5.050043498752466997e-03
1.636315560999999918e-01,5.049718773424153630e-03
1.636569861999999931e-01,5.049646617209913903e-03
1.636696997000000042e-01,5.049610539780343202e-03
1.637332525999999899e-01,5.049430159408941493e-03
1.637713725000000120e-01,5.049321936606746865e-03
1.638221851999999978e-01,5.049177645860764355e-03
1.638602844000000003e-01,5.049069432543786158e-03
1.639364561999999970e-01,5.048853018103834252e-03
1.640125926999999872e-01,5.048636619921379430e-03
1.640379637000000113e-01,5.048564490806392233e-03
1.640760126999999957e-01,5.048456300520176229e-03
1.641140530000000097e-01,5.048348114297731247e-03
1.641267311000000062e-01,5.048312053126507645e-03
1.642154506999999874e-01,5.048059637569405830e-03
1.642281210000000047e-01,5.048023580009847883e-03
1.642661260000000123e-01,5.047915410039608211e-03
1.642787924000000122e-01,5.047879354285695307e-03
1.644307130000000061e-01,5.047446720444720945e-03
1.644433667000000099e-01,5.047410670558232643e-03
1.644686711999999995e-01,5.047338572139144393e-03
1.645319154999999867e-01,5.047158333988711193e-03
1.645445614000000112e-01,5.047122287712303007e-03
1.646456939000000008e-01,5.046833933745015037e-03
1.646709672999999985e-01,5.046761849764999121e-03
1.647341338999999960e-01,5.046581647710085723e-03
1.647846497000000077e-01,5.046437494186203215e-03
1.648351500999999941e-01,5.046293347879792120e-03
1.648477727999999864e-01,5.046257312430868676e-03
1.650243888000000048e-01,5.045752863501742035e-03
1.650748157999999965e-01,5.045608751471024334e-03
1.651378279000000060e-01,5.045428621578041881e-03
1.651504273999999939e-01,5.045392596952039989e-03
1.652260043999999872e-01,5.045176458664168452e-03
1.652385972000000036e-01,5.045140437194089132e-03
1.652511891000000011e-01,5.045104416174911281e-03
1.652889589000000048e-01,5.044996355821953875e-03
1.653267200000000103e-01,5.044888299525910128e-03
1.653393052000000085e-01,5.044852281662214229e-03
1.653518894000000072e-01,5.044816264249204693e-03
1.654399518000000124e-01,5.044564154978209598e-03
1.654902521999999931e-01,5.044420102453085926e-03
1.655531061999999942e-01,5.044240046936432353e-03
1.656787426000000119e-01,5.043879969698679237e-03
1.656913010000000130e-01,5.043843964453025366e-03
1.657540787000000015e-01,5.043663944982641062e-03
1.657917338999999879e-01,5.043555938706452760e-03
1.658544735999999964e-01,5.043375937255623921e-03
1.658921060999999919e-01,5.043267941790564521e-03
1.659422694000000087e-01,5.043123954142805614e-03
1.660425504999999968e-01,5.042836000465272979e-03
1.660550813999999986e-01,5.042800008282158873e-03
1.660801403000000120e-01,5.042728025266774577e-03
1.661302469000000004e-01,5.042584064639788442e-03
1.661928588000000095e-01,5.042404123986967725e-03
1.662429313000000075e-01,5.042260179568907284e-03
1.662554471000000089e-01,5.042224194589969670e-03
1.663430311999999911e-01,5.041972312342279244e-03
1.663930586000000045e-01,5.041828389532696832e-03
1.664305691999999892e-01,5.041720452151597816e-03
1.664555715999999908e-01,5.041648496148041191e-03
1.664805702999999915e-01,5.041576541944869927e-03
1.664930682000000106e-01,5.041540565518313338e-03
1.665305562999999933e-01,5.041432638938971381e-03
1.666429701000000096e-01,5.041108883501876567e-03
1.666804245000000073e-01,5.041000973122395507e-03
1.667553079999999910e-01,5.040785164511482445e-03
1.668426296999999947e-01,5.040533408268925430e-03
1.669423700000000066e-01,5.040245713839128922e-03
1.669548332999999940e-01,5.040209754059418561e-03
1.669922178000000090e-01,5.040101877419168527e-03
1.670420506999999999e-01,5.039958048195161168e-03
1.670918687999999874e-01,5.039814226166753827e-03
1.671416719999999911e-01,5.039670411333293382e-03
1.671541205000000030e-01,5.039634458749120589e-03
1.672536749999999905e-01,5.039346854262324177e-03
1.672785544000000013e-01,5.039274957636729300e-03
1.672909925999999936e-01,5.039239009998128238e-03
1.673283020000000121e-01,5.039131169780227716e-03
1.673531702999999926e-01,5.039059278549349631e-03
1.673904657999999990e-01,5.038951445074448497e-03
1.674277529000000042e-01,5.038843615644976286e-03
1.674401801000000023e-01,5.038807673400814459e-03
1.674774562999999938e-01,5.038699849365363415e-03
1.675519836000000096e-01,5.038484213429188577e-03
1.675892347999999865e-01,5.038376401528187228e-03
1.676885310000000018e-01,5.038088922898144653e-03
1.677257518999999975e-01,5.037981125825929940e-03
1.677381571000000071e-01,5.037945194367245659e-03
1.678497620000000135e-01,5.037621831455494671e-03
1.678745530000000097e-01,5.037549977972333864e-03
1.678869471999999974e-01,5.037514051904687894e-03
1.679489041999999988e-01,5.037334428303950548e-03
1.679860673999999943e-01,5.037226659533517760e-03
1.680232224000000052e-01,5.037118894805416545e-03
1.680479877999999927e-01,5.037047053898915071e-03
1.680727495999999876e-01,5.036975214788910575e-03
1.681346381000000112e-01,5.036795624872802100e-03
1.682212436999999949e-01,5.036544217850206194e-03
1.682830775999999973e-01,5.036364654875730672e-03
1.683819645999999892e-01,5.036077377462231525e-03
1.684313863999999938e-01,5.035933749529488204e-03
1.685178394999999885e-01,5.035682417928208192e-03
1.685425322000000115e-01,5.035610612938700922e-03
1.685795646000000092e-01,5.035502908820642734e-03
1.686289283999999888e-01,5.035359309612683250e-03
1.686659417999999966e-01,5.035251614918675143e-03
1.687276127000000014e-01,5.035072132736379859e-03
1.687769332000000067e-01,5.034928555067032414e-03
1.688262392999999861e-01,5.034784984576271688e-03
1.688385635999999912e-01,5.034749093075212290e-03
1.689124902999999955e-01,5.034533753489353267e-03
1.689248083000000067e-01,5.034497865128486835e-03
1.690233197999999881e-01,5.034210774389160335e-03
1.690356296999999952e-01,5.034174890065115995e-03
1.690602468999999886e-01,5.034103122762661857e-03
1.690725540999999943e-01,5.034067239784088127e-03
1.691709795999999932e-01,5.033780192100299929e-03
1.692570549000000091e-01,5.033529048919030413e-03
1.692693477999999974e-01,5.033493173115235683e-03
1.693185104999999913e-01,5.033349674383601376e-03
1.693307990000000041e-01,5.033313800821621886e-03
1.693676590000000037e-01,5.033206182825337473e-03
1.694290743999999904e-01,5.033026828463895049e-03
1.695150186999999919e-01,5.032775751184805080e-03
1.696254544999999947e-01,5.032452969810826023e-03
1.696622505000000003e-01,5.032345384086360507e-03
1.696990385000000101e-01,5.032237802394916304e-03
1.697112993999999875e-01,5.032201942727311181e-03
1.697235594000000014e-01,5.032166083507770386e-03
1.697603340999999932e-01,5.032058508537612905e-03
1.697971007999999893e-01,5.031950937599920758e-03
1.698093545999999898e-01,5.031915081516770416e-03
1.698461106999999970e-01,5.031807515955464237e-03
1.699195991000000128e-01,5.031592396928847091e-03
1.700420092000000105e-01,5.031233901053776270e-03
1.700542452999999898e-01,5.031198053929653892e-03
1.701031812000000087e-01,5.031054669912330551e-03
1.701521028999999907e-01,5.030911293060351050e-03
1.702010106000000078e-01,5.030767923373523701e-03
1.702132353999999959e-01,5.030732082071412599e-03
1.702376821999999901e-01,5.030660400810255811e-03
1.703110016000000115e-01,5.030445367772950691e-03
1.703842895000000079e-01,5.030230350853578947e-03
1.703965010999999863e-01,5.030194516267273708e-03
1.704331305000000019e-01,5.030087015194084632e-03
1.704819576000000114e-01,5.029943686697018954e-03
1.705429717999999983e-01,5.029764536146893311e-03
1.706039642000000134e-01,5.029585396786178178e-03
1.706405491000000108e-01,5.029477918540141597e-03
1.706893168999999988e-01,5.029334620477469639e-03
1.707015065999999970e-01,5.029298797080421386e-03
1.707989933999999876e-01,5.029012226013377523e-03
1.708233563000000066e-01,5.028940587720773063e-03
1.708355364999999959e-01,5.028904769245654861e-03
1.708720719000000055e-01,5.028797316504669476e-03
1.708964245000000048e-01,5.028725683580889325e-03
1.709816312000000116e-01,5.028474982438882641e-03
1.710789583000000003e-01,5.028188493686087078e-03
1.710911203000000103e-01,5.028152684604675175e-03
1.712248452000000032e-01,5.027758814224954180e-03
1.712612974999999926e-01,5.027651404421127831e-03
1.713584657999999983e-01,5.027364997950940079e-03
1.713706078999999993e-01,5.027329199153965540e-03
1.713827491999999897e-01,5.027293400804151539e-03
1.714070292000000051e-01,5.027221805445650400e-03
1.714677142000000098e-01,5.027042824872547666e-03
1.714798486000000122e-01,5.027007030098932898e-03
1.715162467999999940e-01,5.026899648460267725e-03
1.715526370999999883e-01,5.026792270844084552e-03
1.716011457000000129e-01,5.026649106946772839e-03
1.716617619999999955e-01,5.026470162130525915e-03
1.716738827000000023e-01,5.026434374507970405e-03
1.717102396999999891e-01,5.026327014321577483e-03
1.717708175999999864e-01,5.026148089614556475e-03
1.717950427000000113e-01,5.026076522859385977e-03
1.718071539999999897e-01,5.026040740152055812e-03
1.719524231000000014e-01,5.025611382511849592e-03
1.719887211999999999e-01,5.025504053153119141e-03
1.720008188999999910e-01,5.025468277593636394e-03
1.720612944000000089e-01,5.025289406495783706e-03
1.721338370999999923e-01,5.025074775917478739e-03
1.721459244999999916e-01,5.025039005717418100e-03
1.721821818000000004e-01,5.024931697796994508e-03
1.722425937000000018e-01,5.024752860194108169e-03
1.723392086999999961e-01,5.024466743248300581e-03
1.723874958000000124e-01,5.024323695490597215e-03
1.724357695000000024e-01,5.024180654876008074e-03
1.724478358000000044e-01,5.024144895838366515e-03
1.725443358000000038e-01,5.023858839606785975e-03
1.725684523999999886e-01,5.023787330012445367e-03
1.725805093999999984e-01,5.023751575884700948e-03
1.726407819000000121e-01,5.023572811940729514e-03
1.726769353000000007e-01,5.023465558929703263e-03
1.727733073000000119e-01,5.023179570534749665e-03
1.728214731999999920e-01,5.023036587046219616e-03
1.728335125999999888e-01,5.023000842289549427e-03
1.729057311999999957e-01,5.022786383118212940e-03
1.729297972999999933e-01,5.022714900296626483e-03
1.730140025999999942e-01,5.022464724473176684e-03
1.730981668000000084e-01,5.022214570505606837e-03
1.731222062999999978e-01,5.022143101957628718e-03
1.731462423000000028e-01,5.022071635193296746e-03
1.731943045000000070e-01,5.021928707016421259e-03
1.732063179999999980e-01,5.021892976087100925e-03
1.732543633999999999e-01,5.021750056828544646e-03
1.733144016000000009e-01,5.021571417788171961e-03
1.733384109999999978e-01,5.021499965292968402e-03
1.733984199999999976e-01,5.021321341857115997e-03
1.734104193000000071e-01,5.021285618507369784e-03
1.734464122999999913e-01,5.021178451133004490e-03
1.734823977999999933e-01,5.021071287770553261e-03
1.735063840000000135e-01,5.020999847757699058e-03
1.735423570000000082e-01,5.020892691081286704e-03
1.735783226000000012e-01,5.020785538416381623e-03
1.735903095000000118e-01,5.020749821752837350e-03
1.736981541000000018e-01,5.020428391835370097e-03
1.737221104999999988e-01,5.020356967866825872e-03
1.737340874999999951e-01,5.020321256551017741e-03
1.738298734000000012e-01,5.020035582064688064e-03
1.738777465999999938e-01,5.019892755514621975e-03
1.739614929999999948e-01,5.019642826203603303e-03
1.739854131000000137e-01,5.019571421838136052e-03
1.740691075999999948e-01,5.019321520589907319e-03
1.741647092999999979e-01,5.019035945886378587e-03
1.741766557999999965e-01,5.019000251052437543e-03
1.742602584999999871e-01,5.018750399683497877e-03
1.742721985000000029e-01,5.018714708411958075e-03
1.742960759999999942e-01,5.018643327204565241e-03
1.743080134999999975e-01,5.018607637268700065e-03
1.743676888000000036e-01,5.018429194267819311e-03
1.744034841999999863e-01,5.018322133809747544e-03
1.744392723000000034e-01,5.018215077358311078e-03
1.745465922999999975e-01,5.017893932040977216e-03
1.745942689999999964e-01,5.017751212361501630e-03
1.746300178999999897e-01,5.017644177274865717e-03
1.746538464999999873e-01,5.017572822775716139e-03
1.746895831999999982e-01,5.017465794364441879e-03
1.748324572000000132e-01,5.017037720767241263e-03
1.748443581000000135e-01,5.017002050859540110e-03
1.748800558999999977e-01,5.016895043805734596e-03
1.749395360999999871e-01,5.016716707613549410e-03
1.750227742999999891e-01,5.016467055627281575e-03
1.750346623000000046e-01,5.016431392837113548e-03
1.751178553999999943e-01,5.016181765758812895e-03
1.751653764999999974e-01,5.016039131498088374e-03
1.752010089000000104e-01,5.015932160471934208e-03
1.752485075000000114e-01,5.015789538662459787e-03
1.752603801000000017e-01,5.015753884321658834e-03
1.753553322999999997e-01,5.015468665602059069e-03
1.754027891000000117e-01,5.015326066912296522e-03
1.754146513000000018e-01,5.015290418351248981e-03
1.754383733000000056e-01,5.015219122562778950e-03
1.754502330999999915e-01,5.015183475335337378e-03
1.754858076999999961e-01,5.015076536320098831e-03
1.755095200000000022e-01,5.015005245865609453e-03
1.755450826000000131e-01,5.014898313517699921e-03
1.756280337999999996e-01,5.014648820261246101e-03
1.756872607999999947e-01,5.014470624124839522e-03
1.756991036999999978e-01,5.014434986230525103e-03
1.757346278999999956e-01,5.014328075214171884e-03
1.757701449000000082e-01,5.014221168196827255e-03
1.758648217999999874e-01,5.013936102366509454e-03
1.758766529000000134e-01,5.013900471137065079e-03
1.759830964000000109e-01,5.013579810061342436e-03
1.760067416999999967e-01,5.013508556930588306e-03
1.760185632000000056e-01,5.013472931031527635e-03
1.760776588000000087e-01,5.013294808198472292e-03
1.761131066000000134e-01,5.013187939828089162e-03
1.761485473000000135e-01,5.013081075454650301e-03
1.761603593000000134e-01,5.013045454885031380e-03
1.761957903999999964e-01,5.012938595840316959e-03
1.762075992000000091e-01,5.012902977046874466e-03
1.762548265999999975e-01,5.012760506313605410e-03
1.762666314000000123e-01,5.012724889740215184e-03
1.763610418000000069e-01,5.012439973137248345e-03
1.763964326999999943e-01,5.012333136736431098e-03
1.764436094000000066e-01,5.012190694416662762e-03
1.765261384000000044e-01,5.011941437446741816e-03
1.765379252000000010e-01,5.011905831083736211e-03
1.765732805999999933e-01,5.011799014657244977e-03
1.766204101000000137e-01,5.011656598968492610e-03
1.766321905000000081e-01,5.011620996155755590e-03
1.766793043000000063e-01,5.011478589342527670e-03
1.767617233000000065e-01,5.011229394503233757e-03
1.768323376000000002e-01,5.011015816230699957e-03
1.768676341000000041e-01,5.010909033083608792e-03
1.769264459999999872e-01,5.010731070044214391e-03
1.769969946000000127e-01,5.010517529035343233e-03
1.770087499000000120e-01,5.010481940419527630e-03
1.771027646999999983e-01,5.010197247460329226e-03
1.771145130000000012e-01,5.010161662836073310e-03
1.771380073000000110e-01,5.010090494918006780e-03
1.771497532999999902e-01,5.010054911624184891e-03
1.772436933000000048e-01,5.009770261236974956e-03
1.773258498999999988e-01,5.009521215425835443e-03
1.773845098999999870e-01,5.009343338860858079e-03
1.774314240000000042e-01,5.009201045588321764e-03
1.774783255999999865e-01,5.009058759407868447e-03
1.774900490999999914e-01,5.009023188970920110e-03
1.775252149000000057e-01,5.008916480319320318e-03
1.775720916999999899e-01,5.008774208321875934e-03
1.775838090000000091e-01,5.008738641430521971e-03
1.776658084000000137e-01,5.008489685599256704e-03
1.776775194999999918e-01,5.008454122253012258e-03
1.777126481000000091e-01,5.008347434872790355e-03
1.777477698999999911e-01,5.008240751480569353e-03
1.777711804999999867e-01,5.008169631434295291e-03
1.778881874999999890e-01,5.007814057785046034e-03
1.778998838999999998e-01,5.007778502856497817e-03
1.779583546999999877e-01,5.007600734858647963e-03
1.780518680000000020e-01,5.007316329094011094e-03
1.780869227999999915e-01,5.007209684239798814e-03
1.781219708000000013e-01,5.007103043371385204e-03
1.781336518999999952e-01,5.007067497300855471e-03
1.782153982000000136e-01,5.006818687205707823e-03
1.782270732000000024e-01,5.006783144677558889e-03
1.783321136999999890e-01,5.006463281847313776e-03
1.784137691000000081e-01,5.006214524437052095e-03
1.784254311000000037e-01,5.006178989434765907e-03
1.784487527999999990e-01,5.006107920758067972e-03
1.786119197000000103e-01,5.005610489591533728e-03
1.786468646000000104e-01,5.005503908483438340e-03
1.786934471999999940e-01,5.005361806534215120e-03
1.787400177000000034e-01,5.005219711664454785e-03
1.787865760000000026e-01,5.005077623873501608e-03
1.788214868000000124e-01,5.004971062675596903e-03
1.788331221999999998e-01,5.004935543161033798e-03
1.788680239000000061e-01,5.004828987271628393e-03
1.788912879000000011e-01,5.004757952223761082e-03
1.789261782999999884e-01,5.004651402969581900e-03
1.789610618999999958e-01,5.004544857696230538e-03
1.790772912999999966e-01,5.004189735532591464e-03
1.791121454000000057e-01,5.004083207507055257e-03
1.791469927999999878e-01,5.003976683461410120e-03
1.791586071000000058e-01,5.003941176330558259e-03
1.792050565999999956e-01,5.003799152228465691e-03
1.792398859000000066e-01,5.003692638794465797e-03
1.793559346999999971e-01,5.003337622750706967e-03
1.793791354000000005e-01,5.003266624846582598e-03
1.794487197000000089e-01,5.003053641742889225e-03
1.794835016999999922e-01,5.002947156157822560e-03
1.795182768999999956e-01,5.002840674550272995e-03
1.795298671999999984e-01,5.002805181565078002e-03
1.795646334000000066e-01,5.002698705260683054e-03
1.796225623000000104e-01,5.002521253591681732e-03
1.796341458000000058e-01,5.002485764583457402e-03
1.796688918999999884e-01,5.002379300210054239e-03
1.797036312999999996e-01,5.002272839813235762e-03
1.797267871000000072e-01,5.002201868424340642e-03
1.797615153000000077e-01,5.002095414654646362e-03
1.798078092000000017e-01,5.001953482480052393e-03
1.799119267000000022e-01,5.001634160928536584e-03
1.799350557000000128e-01,5.001563205442401475e-03
1.799928654000000072e-01,5.001385824456470661e-03
1.800044251000000040e-01,5.001350349584189614e-03
1.800390997000000104e-01,5.001243927616989132e-03
1.800853221000000004e-01,5.001102037843099639e-03
1.800968759000000086e-01,5.001066566503661014e-03
1.801199812000000011e-01,5.000995625149356159e-03
1.801777314999999935e-01,5.000818279490614436e-03
1.802585508000000003e-01,5.000570014111674691e-03
1.803162567000000105e-01,5.000392694942161313e-03
1.803508714000000013e-01,5.000286308737641842e-03
1.803624081000000101e-01,5.000250847552191111e-03
1.804546756000000030e-01,4.999967173958913373e-03
1.805007915999999879e-01,4.999825347754473931e-03
1.805584201000000055e-01,4.999648074928361892e-03
1.805929883000000069e-01,4.999541716527862792e-03
1.806275499999999978e-01,4.999435362098777168e-03
1.806390690000000132e-01,4.999399911504717048e-03
1.806736218999999977e-01,4.999293562370310182e-03
1.807196819999999926e-01,4.999151769700881445e-03
1.807427077000000049e-01,4.999080876013270967e-03
1.807772407000000081e-01,4.998974538790393156e-03
1.808232744999999919e-01,4.998832762002413353e-03
1.808347811000000083e-01,4.998797318908153493e-03
1.809153068000000086e-01,4.998549229598483155e-03
1.810072923999999917e-01,4.998265725421265591e-03
1.810532676999999924e-01,4.998123983916473619e-03
1.810877415000000101e-01,4.998017682417869173e-03
1.811796394999999893e-01,4.997734231155156852e-03
1.812255711000000102e-01,4.997592516105041002e-03
1.812370520999999901e-01,4.997557088444495345e-03
1.812829690999999965e-01,4.997415382211030897e-03
1.813288744999999869e-01,4.997273683030459442e-03
1.814665209000000112e-01,4.996848627800953499e-03
1.815582272000000053e-01,4.996565292903573478e-03
1.815696871999999962e-01,4.996529878024246613e-03
1.816040630000000100e-01,4.996423636030175412e-03
1.816498871999999987e-01,4.996281986206267678e-03
1.816613414000000093e-01,4.996246574851654319e-03
1.816956999000000073e-01,4.996140343431527617e-03
1.817415009999999997e-01,4.995998707705299503e-03
1.817529494000000023e-01,4.995963299874916531e-03
1.817758442000000085e-01,4.995892485535907528e-03
1.818445113000000113e-01,4.995680053090299257e-03
1.818788350999999970e-01,4.995573842813510503e-03
1.819360270000000002e-01,4.995396834493749313e-03
1.819588987999999907e-01,4.995326034248693745e-03
1.819703336000000060e-01,4.995290634786686210e-03
1.821074950999999886e-01,4.994865875588432730e-03
1.821189206000000116e-01,4.994830481850583322e-03
1.821417693999999865e-01,4.994759695695589335e-03
1.821874582999999936e-01,4.994618128668372112e-03
1.822102985000000064e-01,4.994547347796187906e-03
1.822902165999999990e-01,4.994299628609524463e-03
1.823244565000000095e-01,4.994193469846286947e-03
1.823815087000000001e-01,4.994016547376729440e-03
1.824613518000000045e-01,4.993768874403105469e-03
1.824841577000000103e-01,4.993698114656856465e-03
1.825183612000000066e-01,4.993591978337675111e-03
1.825639559999999995e-01,4.993450469405650606e-03
1.825753528999999875e-01,4.993415093272571270e-03
1.826551111999999977e-01,4.993167472659598705e-03
1.826892827000000108e-01,4.993061356138721839e-03
1.827006717999999919e-01,4.993025984844925991e-03
1.827576066000000110e-01,4.992849134974062034e-03
1.828372853999999936e-01,4.992601563628185947e-03
1.828714228999999969e-01,4.992495468220075998e-03
1.829396786999999969e-01,4.992283289277503130e-03
1.829737969999999936e-01,4.992177205742641226e-03
1.830647481999999882e-01,4.991894335663356677e-03
1.832010903000000079e-01,4.991470083301508508e-03
1.832124475999999946e-01,4.991434731795426662e-03
1.832351600000000080e-01,4.991364030101782048e-03
1.832465151999999875e-01,4.991328679914371069e-03
1.832805764000000059e-01,4.991222631989013225e-03
1.833373309999999923e-01,4.991045894236906255e-03
1.833713754000000085e-01,4.990939856859528435e-03
1.833827221000000063e-01,4.990904511945937899e-03
1.833940681000000017e-01,4.990869167471799657e-03
1.834734705999999937e-01,4.990621768456948021e-03
1.834848109999999977e-01,4.990586427498130626e-03
1.835188279999999950e-01,4.990480407257952451e-03
1.835755089999999978e-01,4.990303715644728126e-03
1.835981764999999877e-01,4.990233042074738827e-03
1.836095091999999929e-01,4.990197705948703176e-03
1.836435030999999940e-01,4.990091700206368032e-03
1.836548329999999896e-01,4.990056365837485831e-03
1.837001456000000033e-01,4.989915032754555294e-03
1.837567706999999884e-01,4.989738376283848337e-03
1.837794158000000122e-01,4.989667716769951265e-03
1.837907373000000066e-01,4.989632387671785220e-03
1.838812844000000113e-01,4.989349770696692790e-03
1.840057139000000064e-01,4.988961218243478934e-03
1.840283283999999964e-01,4.988890578050717700e-03
1.840961552000000001e-01,4.988678668008785302e-03
1.841074572999999992e-01,4.988643351205052957e-03
1.841187585999999876e-01,4.988608034840116313e-03
1.841526585000000105e-01,4.988502088379362549e-03
1.842881956999999904e-01,4.988078342039453140e-03
1.843220644000000130e-01,4.987972415329233050e-03
1.843672131000000103e-01,4.987831185859462231e-03
1.844687570000000110e-01,4.987513445221494930e-03
1.845025925999999872e-01,4.987407539573186603e-03
1.845138698000000077e-01,4.987372238567935705e-03
1.845589715000000020e-01,4.987231038933638387e-03
1.845702452000000104e-01,4.987195740121782260e-03
1.846378728999999996e-01,4.986983956462473846e-03
1.846604099999999971e-01,4.986913365418552124e-03
1.847280048000000119e-01,4.986701602813324065e-03
1.848293504999999892e-01,4.986383988508322554e-03
1.848406076999999925e-01,4.986348700222609752e-03
1.848631201000000002e-01,4.986278124966762003e-03
1.849643917999999887e-01,4.985960558019216123e-03
1.849981367000000099e-01,4.985854710261793457e-03
1.850206299000000110e-01,4.985784147282195169e-03
1.850431204000000107e-01,4.985713586056175935e-03
1.850993345999999984e-01,4.985537190662254169e-03
1.851442936999999900e-01,4.985396082237134215e-03
1.852004771000000105e-01,4.985219706567220466e-03
1.852229458000000106e-01,4.985149159367331315e-03
1.852341791000000071e-01,4.985113886424721169e-03
1.852791054000000048e-01,4.984972799036460102e-03
1.853801499000000130e-01,4.984655378047779008e-03
1.854474822000000134e-01,4.984443783772034980e-03
1.854699209000000015e-01,4.984373255851731570e-03
1.855035738999999961e-01,4.984267467256976725e-03
1.855484350000000116e-01,4.984126421930067455e-03
1.855820736999999887e-01,4.984020642534277117e-03
1.856381246999999901e-01,4.983844352301539798e-03
1.856493328999999914e-01,4.983809095569005469e-03
1.856829533000000088e-01,4.983703327998959508e-03
1.857389738999999929e-01,4.983527057474615961e-03
1.857725781000000020e-01,4.983421300414918667e-03
1.858061762000000061e-01,4.983315547296184381e-03
1.858173741999999962e-01,4.983280297132322741e-03
1.858285715999999921e-01,4.983245047406447553e-03
1.859181260999999974e-01,4.982963065360813092e-03
1.860076375999999976e-01,4.982681111334197159e-03
1.860411932000000101e-01,4.982575385796865312e-03
1.860747429000000064e-01,4.982469664199211043e-03
1.860859246999999883e-01,4.982434424541904230e-03
1.861194663000000082e-01,4.982328708196440137e-03
1.861306454999999971e-01,4.982293470289969779e-03
1.861753555000000004e-01,4.982152523040418376e-03
1.861865313000000133e-01,4.982117287322074435e-03
1.862200548000000067e-01,4.982011582792931700e-03
1.862535721999999949e-01,4.981905882202042335e-03
1.863540881999999899e-01,4.981588804057550043e-03
1.864322298999999961e-01,4.981342212223779931e-03
1.864433903000000115e-01,4.981306986568800194e-03
1.864545501000000050e-01,4.981271761351384504e-03
1.864768676000000125e-01,4.981201312228704034e-03
1.864880254000000070e-01,4.981166088323598848e-03
1.865326496999999972e-01,4.981025197076926862e-03
1.865438040999999880e-01,4.980989975358740725e-03
1.866218664000000027e-01,4.980743435578078096e-03
1.867110404000000001e-01,4.980461702068408880e-03
1.867556113999999934e-01,4.980320845808333848e-03
1.868335852000000130e-01,4.980074364187074727e-03
1.868447216000000133e-01,4.980039154275629071e-03
1.868781270000000050e-01,4.979933527164693598e-03
1.869894350999999899e-01,4.979581465209255084e-03
1.870228146000000036e-01,4.979475855146220029e-03
1.870784339000000074e-01,4.979299847115837944e-03
1.871896228999999912e-01,4.978947863831581847e-03
1.872340799999999972e-01,4.978807082753140302e-03
1.872451927000000071e-01,4.978771888575997395e-03
1.872896366000000035e-01,4.978631116236079644e-03
1.873340699999999914e-01,4.978490350886534584e-03
1.873451765999999963e-01,4.978455160641153711e-03
1.875227942999999897e-01,4.977892176125330720e-03
1.875449847000000003e-01,4.977821810922821409e-03
1.876115401000000016e-01,4.977610725796386901e-03
1.876448089999999957e-01,4.977505189128561026e-03
1.876780718999999931e-01,4.977399656390504856e-03
1.876891582000000114e-01,4.977364479684402189e-03
1.877224133000000017e-01,4.977258952186060063e-03
1.877334971000000075e-01,4.977223777226634852e-03
1.877778253999999869e-01,4.977083081754271089e-03
1.878221432999999940e-01,4.976942393267171257e-03
1.878553748000000023e-01,4.976836881485471528e-03
1.878775259000000086e-01,4.976766542480345022e-03
1.879107476999999915e-01,4.976661037246509975e-03
1.879439635000000053e-01,4.976555535940825267e-03
1.879550342000000096e-01,4.976520369711986622e-03
1.880435759999999901e-01,4.976239055592491904e-03
1.880767684000000106e-01,4.976133569998388538e-03
1.880878311999999997e-01,4.976098409006397306e-03
1.881431356999999915e-01,4.975922610592231968e-03
1.882205345999999890e-01,4.975676511137954068e-03
1.882536958000000094e-01,4.975571046487595704e-03
1.883089514999999881e-01,4.975395280795412607e-03
1.883200006999999898e-01,4.975360128965685205e-03
1.883862823000000131e-01,4.975149227147562803e-03
1.884083709000000106e-01,4.975078930030829225e-03
1.884856608999999905e-01,4.974832903861274233e-03
1.885298123999999964e-01,4.974692327073175144e-03
1.885739535000000022e-01,4.974551757262185916e-03
1.885849871999999983e-01,4.974516615899639456e-03
1.886070525999999914e-01,4.974446334482560128e-03
1.886511757000000067e-01,4.974305776880701309e-03
1.887834830000000019e-01,4.973884145928677593e-03
1.888496018999999970e-01,4.973673353992531972e-03
1.888826526000000061e-01,4.973567963908614303e-03
1.889267112999999942e-01,4.973427449898646865e-03
1.889377244000000067e-01,4.973392322485761276e-03
1.889707596999999906e-01,4.973286942861656311e-03
1.890037893000000024e-01,4.973181567159735104e-03
1.890147979000000034e-01,4.973146442797324318e-03
1.890258058000000019e-01,4.973111318870573720e-03
1.891028433999999980e-01,4.972865463584242099e-03
1.891138461999999909e-01,4.972830343143307304e-03
1.891468507999999882e-01,4.972724984434693900e-03
1.892348349000000096e-01,4.972444047047211088e-03
1.892678184000000097e-01,4.972338702714677872e-03
1.892788116000000131e-01,4.972303588808316306e-03
1.893117874999999950e-01,4.972198249702903909e-03
1.894106805000000116e-01,4.971882255905616527e-03
1.894985421000000003e-01,4.971601402144021180e-03
1.895424575999999917e-01,4.971460985713853885e-03
1.896302582000000125e-01,4.971180173752727006e-03
1.896412303999999993e-01,4.971145074216696755e-03
1.896631729000000099e-01,4.971074876450661852e-03
1.897180179999999883e-01,4.970899389653564600e-03
1.897289852000000054e-01,4.970864293600186015e-03
1.897618828000000035e-01,4.970759008051373745e-03
1.897947747000000018e-01,4.970653726419907090e-03
1.898166994000000107e-01,4.970583540841687180e-03
1.898386216999999876e-01,4.970513357004590141e-03
1.898934161999999981e-01,4.970337905027580674e-03
1.899372404000000125e-01,4.970197551279099610e-03
1.899920063999999964e-01,4.970022118884122320e-03
1.900139083999999867e-01,4.969951948971971546e-03
1.900248585000000046e-01,4.969916864668621863e-03
1.900686524000000099e-01,4.969776531805665878e-03
1.901124362000000123e-01,4.969636205903600959e-03
1.901562099000000117e-01,4.969495886961946586e-03
1.901890336000000015e-01,4.969390652323280207e-03
1.901999735999999885e-01,4.969355574980398316e-03
1.902546639999999900e-01,4.969180194790095637e-03
1.903202717999999960e-01,4.968969752914569396e-03
1.903312041999999926e-01,4.968934680790740993e-03
1.904077136000000003e-01,4.968689188100562128e-03
1.904186409999999996e-01,4.968654119455621909e-03
1.904295678000000047e-01,4.968619051245560386e-03
1.904951152999999897e-01,4.968408651115827600e-03
1.905169594999999994e-01,4.968338521217588281e-03
1.905497210000000052e-01,4.968233329630727078e-03
1.906043111000000068e-01,4.968058019014126234e-03
1.906807108999999945e-01,4.967812602407964059e-03
1.906916227000000075e-01,4.967777544631526987e-03
1.907243542000000014e-01,4.967672373909774904e-03
1.907570802000000121e-01,4.967567207099809513e-03
1.907788943000000015e-01,4.967497098065974150e-03
1.908116109000000116e-01,4.967391937774801210e-03
1.908552242999999871e-01,4.967251730137066910e-03
1.909424211000000093e-01,4.966971335718555099e-03
1.909533179000000025e-01,4.966936288371455108e-03
1.909860046000000089e-01,4.966831148936987420e-03
1.910186856999999960e-01,4.966726013412529200e-03
1.910404699999999900e-01,4.966655925235034796e-03
1.911058079000000076e-01,4.966445671127990742e-03
1.911928904999999901e-01,4.966165356643091611e-03
1.912364169000000114e-01,4.966025209824225482e-03
1.912908110000000050e-01,4.965850036071924045e-03
1.913016879999999975e-01,4.965815002624286364e-03
1.913778093999999874e-01,4.965569780648515855e-03
1.914756353000000022e-01,4.965254526512068861e-03
1.915625497000000010e-01,4.964974330133297906e-03
1.915842721000000082e-01,4.964904285379307010e-03
1.915951324000000067e-01,4.964869263653423105e-03
1.916385674999999955e-01,4.964729181090316544e-03
1.916819926999999979e-01,4.964589105471288108e-03
1.917254080000000138e-01,4.964449036795865952e-03
1.917579631000000118e-01,4.964343989845957338e-03
1.917688136000000043e-01,4.964308975063912166e-03
1.918013613000000006e-01,4.964203933321087447e-03
1.918230566999999942e-01,4.964133907662066081e-03
1.918555952000000064e-01,4.964028872427668840e-03
1.918989712999999986e-01,4.963888831522599542e-03
1.919314968999999982e-01,4.963783805399031579e-03
1.919856940000000123e-01,4.963608770535998284e-03
1.920290406999999866e-01,4.963468750453696107e-03
1.920615442999999978e-01,4.963363739946362145e-03
1.920723776000000105e-01,4.963328737311368567e-03
1.921157048000000089e-01,4.963188731108713822e-03
1.921481936999999973e-01,4.963083731010355625e-03
1.921698498999999949e-01,4.963013733113130592e-03
1.922564505000000090e-01,4.962733758870213618e-03
1.922780946000000046e-01,4.962663769645685695e-03
1.922889157000000071e-01,4.962628775683739640e-03
1.923754625999999912e-01,4.962348839596330066e-03
1.924511593000000076e-01,4.962103918279843484e-03
1.925052100999999904e-01,4.961928987486453717e-03
1.925160184999999968e-01,4.961894002628202890e-03
1.925808558000000059e-01,4.961684102579748575e-03
1.926024634000000069e-01,4.961614139364079780e-03
1.926348702000000024e-01,4.961509197790711992e-03
1.927644430999999881e-01,4.961089470496645240e-03
1.928076146999999907e-01,4.960949575263464556e-03
1.928399870999999988e-01,4.960844658387576073e-03
1.928615656000000067e-01,4.960774715969566880e-03
1.928939289000000112e-01,4.960669805591606460e-03
1.929370715000000014e-01,4.960529931151984491e-03
1.929694221999999904e-01,4.960425029870419583e-03
1.930341071999999991e-01,4.960215239001126639e-03
1.930664415999999994e-01,4.960110349413160077e-03
1.931203202000000008e-01,4.959935542094171153e-03
1.931957250000000126e-01,4.959690830034193393e-03
1.932388002000000049e-01,4.959551004096738984e-03
1.932926308000000037e-01,4.959376231416187143e-03
1.933141587999999966e-01,4.959306325374264988e-03
1.933787285000000133e-01,4.959096617637750483e-03
1.934110052999999940e-01,4.958991769613063649e-03
1.934432766999999997e-01,4.958886925483771239e-03
1.934540325999999921e-01,4.958851978306220119e-03
1.934862968000000127e-01,4.958747139370477293e-03
1.935293073000000086e-01,4.958607360181494297e-03
1.935400585000000007e-01,4.958572416466245671e-03
1.935830571000000111e-01,4.958432645932158919e-03
1.936367920000000020e-01,4.958257942500573015e-03
1.936690256999999971e-01,4.958153125633603213e-03
1.937979070999999998e-01,4.957733897102707850e-03
1.938086434000000080e-01,4.957698964203722906e-03
1.938301141000000061e-01,4.957629099703230770e-03
1.938408484999999959e-01,4.957594168101694086e-03
1.938730483999999976e-01,4.957489375892740364e-03
1.938945119000000106e-01,4.957419516582461071e-03
1.939588884000000013e-01,4.957209949031805146e-03
1.939696156999999865e-01,4.957175022620262730e-03
1.940554130999999904e-01,4.956895626896083012e-03
1.940661351000000090e-01,4.956860704376382307e-03
1.941840380000000033e-01,4.956476585195339693e-03
1.942268940999999915e-01,4.956336918462885162e-03
1.943232856000000064e-01,4.956022693601968426e-03
1.943446994999999955e-01,4.955952870609705435e-03
1.943554054999999947e-01,4.955917959761752499e-03
1.943982237999999918e-01,4.955778320692111848e-03
1.944838319999999954e-01,4.955499063295831612e-03
1.944945304000000041e-01,4.955464158065876062e-03
1.945159254000000115e-01,4.955394348902179835e-03
1.945800963000000050e-01,4.955184931780825738e-03
1.946442459999999930e-01,4.954975530212736047e-03
1.946656244999999952e-01,4.954905733146004743e-03
1.946976878999999994e-01,4.954801040785830439e-03
1.947404309000000111e-01,4.954661457019663394e-03
1.947831644999999945e-01,4.954521880164328498e-03
1.948365683999999931e-01,4.954347418812996874e-03
1.948579257999999981e-01,4.954277637295461181e-03
1.948686037000000038e-01,4.954242747184607783e-03
1.949540053000000106e-01,4.953963641842546589e-03
1.949966921000000075e-01,4.953824099534639112e-03
1.950287011000000070e-01,4.953719447337224212e-03
1.950927033000000033e-01,4.953510154598956411e-03
1.951673459999999916e-01,4.953265999379491587e-03
1.952099861999999908e-01,4.953126491607557150e-03
1.952419602000000087e-01,4.953021865310490088e-03
1.952526169999999894e-01,4.952986990741262835e-03
1.952632733000000120e-01,4.952952116603763152e-03
1.953378507999999902e-01,4.952708009724413225e-03
1.953698038999999997e-01,4.952603398963487981e-03
1.953804537000000119e-01,4.952568529572742503e-03
1.954336943999999965e-01,4.952394189092009132e-03
1.954656318000000115e-01,4.952289589981058275e-03
1.955401321000000137e-01,4.952045540488855466e-03
1.955507726999999862e-01,4.952010678001324967e-03
1.955933293000000073e-01,4.951871232364939840e-03
1.956039669000000092e-01,4.951836372034060067e-03
1.956358766000000082e-01,4.951731793630124306e-03
1.957634629999999987e-01,4.951313518830938003e-03
1.958378500000000078e-01,4.951069553876165201e-03
1.958484744000000000e-01,4.951034703464565236e-03
1.958803442000000006e-01,4.950930154816916319e-03
1.958909662999999968e-01,4.950895306129999250e-03
1.959228292000000093e-01,4.950790762656236826e-03
1.959334490000000095e-01,4.950755915693888162e-03
1.960077715000000109e-01,4.950511999028517351e-03
1.960502288000000037e-01,4.950372627560547557e-03
1.961032876000000091e-01,4.950198422924187262e-03
1.961138976000000034e-01,4.950163583289905571e-03
1.961457242999999906e-01,4.950059066973275593e-03
1.961775457999999916e-01,4.949954554535393632e-03
1.961987571999999902e-01,4.949884881731490653e-03
1.962199664000000010e-01,4.949815210651518568e-03
1.962623777999999986e-01,4.949675873662452881e-03
1.962729793000000111e-01,4.949641040492595671e-03
1.963577700999999953e-01,4.949362390644242334e-03
1.963683663999999940e-01,4.949327561352078429e-03
1.964531160000000110e-01,4.949048942523547219e-03
1.964848876999999994e-01,4.948944467570804383e-03
1.965166543000000099e-01,4.948839996494871010e-03
1.965272419999999909e-01,4.948805173664309193e-03
1.966225058000000137e-01,4.948491787571107463e-03
1.966542501000000109e-01,4.948387333292021857e-03
1.966965679000000078e-01,4.948248066948808185e-03
1.967071458999999911e-01,4.948213251439495877e-03
1.967811761999999909e-01,4.947969554930996099e-03
1.968763171000000034e-01,4.947656261847735264e-03
1.968974531999999888e-01,4.947586645897929236e-03
1.969397187999999965e-01,4.947447419164247365e-03
1.969925378999999865e-01,4.947273395431736262e-03
1.970664609999999983e-01,4.947029780283255899e-03
1.970770192000000087e-01,4.946994979840697859e-03
1.971192461999999868e-01,4.946855782373606007e-03
1.971614641999999973e-01,4.946716591791690612e-03
1.971931218000000097e-01,4.946612203373371500e-03
1.972142239999999935e-01,4.946542613245770090e-03
1.972458730999999965e-01,4.946438231281304922e-03
1.973618762999999887e-01,4.946055530537883139e-03
1.974040424000000071e-01,4.945916379536318026e-03
1.974145824999999910e-01,4.945881592861227187e-03
1.974672747000000006e-01,4.945707665937626799e-03
1.975304867000000075e-01,4.945498967821765866e-03
1.975410200999999921e-01,4.945464186307691606e-03
1.975515529000000103e-01,4.945429405223578101e-03
1.976252668000000046e-01,4.945185949675110632e-03
1.976357951000000113e-01,4.945151172030971994e-03
1.976673767000000081e-01,4.945046841678455048e-03
1.977410474999999890e-01,4.944803419237017716e-03
1.977515696000000101e-01,4.944768646322065739e-03
1.978777918000000080e-01,4.944351404872917785e-03
1.978883066999999885e-01,4.944316637546069572e-03
1.979093348000000030e-01,4.944247104181709838e-03
1.979198480000000093e-01,4.944212338144182706e-03
1.979724056000000121e-01,4.944038514402964227e-03
1.980039335000000067e-01,4.943934225315206252e-03
1.980459629000000110e-01,4.943795179214197262e-03
1.980774791000000090e-01,4.943690899150191519e-03
1.981299948999999949e-01,4.943517107636623276e-03
1.981404964000000046e-01,4.943482350622850109e-03
1.981719976000000105e-01,4.943378082159302807e-03
1.982139913000000031e-01,4.943239063555425125e-03
1.982244884000000096e-01,4.943204309978523406e-03
1.982559761999999892e-01,4.943100051824886147e-03
1.982874589999999992e-01,4.942995797537147809e-03
1.983818773999999896e-01,4.942683057867345263e-03
1.983923656000000091e-01,4.942648311162597431e-03
1.984238268000000083e-01,4.942544073624921368e-03
1.984762509000000119e-01,4.942370352983688903e-03
1.985076987999999931e-01,4.942266125751888783e-03
1.985391417000000047e-01,4.942161902384400313e-03
1.985496216000000036e-01,4.942127162120686819e-03
1.985915353999999911e-01,4.941988205358728743e-03
1.987067530000000137e-01,4.941606109680871453e-03
1.987276944999999961e-01,4.941536643319837351e-03
1.988009722999999895e-01,4.941293524576202169e-03
1.988846853000000026e-01,4.941015700333660846e-03
1.988951469999999944e-01,4.940980974234526583e-03
1.989160685999999956e-01,4.940911523323315326e-03
1.989265286000000132e-01,4.940876798511392720e-03
1.989579052999999875e-01,4.940772626650128015e-03
1.990520057000000065e-01,4.940460134235015281e-03
1.990624585000000113e-01,4.940425415000563453e-03
1.990833626000000078e-01,4.940355977818884463e-03
1.991356132000000057e-01,4.940182392371611324e-03
1.991460616000000072e-01,4.940147676568882283e-03
1.991774037000000053e-01,4.940043531734621476e-03
1.992087408999999865e-01,4.939939390760642556e-03
1.992505160999999969e-01,4.939800542133029708e-03
1.992922826000000092e-01,4.939661700367352359e-03
1.993444783999999970e-01,4.939488157808980852e-03
1.993862251999999891e-01,4.939349331480732616e-03
1.993966604999999892e-01,4.939314625970556843e-03
1.994175294999999959e-01,4.939245216236564338e-03
1.995114131000000068e-01,4.938932893656099686e-03
1.995844031000000018e-01,4.938690000100129027e-03
1.996365224999999965e-01,4.938516517562270385e-03
1.996469448000000035e-01,4.938481822340623321e-03
1.997303031999999867e-01,4.938204275995461585e-03
1.998032133000000043e-01,4.937961445441763596e-03
1.998136268000000049e-01,4.937926757076566836e-03
1.998865065000000052e-01,4.937683950517880553e-03
1.998969157000000108e-01,4.937649265580387227e-03
1.999177325000000005e-01,4.937579896990696229e-03
1.999281401000000125e-01,4.937545213338492486e-03
1.999593595999999973e-01,4.937441164952158582e-03
1.999801699000000044e-01,4.937371801503193970e-03
2.000113813000000129e-01,4.937267759542479650e-03
2.000425878000000046e-01,4.937163721436804015e-03
2.000841888999999874e-01,4.937025009959053815e-03
2.000945879000000094e-01,4.936990333160505735e-03
2.001465743999999991e-01,4.936816955591206979e-03
2.001777597999999936e-01,4.936712934188652868e-03
2.002297248000000085e-01,4.936539573749123069e-03
2.002920649000000108e-01,4.936331555351817016e-03
2.003855387000000043e-01,4.936019556655584298e-03
2.003959220000000041e-01,4.935984892274331709e-03
2.004270686999999884e-01,4.935880901699074043e-03
2.004685900000000021e-01,4.935742253591329266e-03
2.005101026999999980e-01,4.935603612332058535e-03
2.005516069000000123e-01,4.935464977920965210e-03
2.005827293000000122e-01,4.935361006606175764e-03
2.006345894000000074e-01,4.935187729640759871e-03
2.006760676999999882e-01,4.935049115770714576e-03
2.007071709000000093e-01,4.934945159861202878e-03
2.007486343000000062e-01,4.934806557971870879e-03
2.007589988000000047e-01,4.934771908569122838e-03
2.008004515000000045e-01,4.934633315236467040e-03
2.008833311999999871e-01,4.934356149105115392e-03
2.008936887999999976e-01,4.934321505263693057e-03
2.009144022999999890e-01,4.934252218863885431e-03
2.009247581999999976e-01,4.934217576305482793e-03
2.009558228999999974e-01,4.934113651196896273e-03
2.011317653999999955e-01,4.933524814950430819e-03
2.011421102000000016e-01,4.933490181372731515e-03
2.011731412999999968e-01,4.933386283204815176e-03
2.012558674999999908e-01,4.933109240235165720e-03
2.012868810000000008e-01,4.933005356175194228e-03
2.013075541000000079e-01,4.932936102272717817e-03
2.013798931000000125e-01,4.932693727078191204e-03
2.014108874999999965e-01,4.932589858405870067e-03
2.014212180000000130e-01,4.932555236370042388e-03
2.014728621999999914e-01,4.932382132600712440e-03
2.015348177000000074e-01,4.932174422179499799e-03
2.015761108999999940e-01,4.932035957111579640e-03
2.016277153999999905e-01,4.931862885389952725e-03
2.016380346999999962e-01,4.931828272327324833e-03
2.016689895000000066e-01,4.931724435702888008e-03
2.017205703000000128e-01,4.931551383206180493e-03
2.017515123999999993e-01,4.931447556834139823e-03
2.018649262999999972e-01,4.931066893025703307e-03
2.019164569999999936e-01,4.930893881105161483e-03
2.019473690999999960e-01,4.930790079077274242e-03
2.019576721000000130e-01,4.930755479255371707e-03
2.019679745000000082e-01,4.930720879860350792e-03
2.019988788000000035e-01,4.930617084237682787e-03
2.020297782000000097e-01,4.930513292457493202e-03
2.020400770000000124e-01,4.930478696051434663e-03
2.020503753000000013e-01,4.930444100072373104e-03
2.021224483999999877e-01,4.930201940172324049e-03
2.021327424999999900e-01,4.930167347608589538e-03
2.022150761000000019e-01,4.929890622465274777e-03
2.022459424999999977e-01,4.929786857579267385e-03
2.022768043000000016e-01,4.929683096534716660e-03
2.022870904999999886e-01,4.929648510373400676e-03
2.023282301000000061e-01,4.929510169995910372e-03
2.023693612999999947e-01,4.929371836446340242e-03
2.024618760000000128e-01,4.929060610922349900e-03
2.025338026999999874e-01,4.928818570519012850e-03
2.025646205999999949e-01,4.928714845316810311e-03
2.026057038000000088e-01,4.928576551019295780e-03
2.026159733000000018e-01,4.928541978511329080e-03
2.026262423000000090e-01,4.928507406429949965e-03
2.026878453000000024e-01,4.928299982898705703e-03
2.026981106000000088e-01,4.928265413802869824e-03
2.027083755000000098e-01,4.928230845133742960e-03
2.027802146999999888e-01,4.927988876390104918e-03
2.027904752999999949e-01,4.927954311132408047e-03
2.028930535000000035e-01,4.927608682009261554e-03
2.029033084000000098e-01,4.927574121441911752e-03
2.029340702000000107e-01,4.927470442298327070e-03
2.029545755000000118e-01,4.927401325000973706e-03
2.029853295000000057e-01,4.927297652252169563e-03
2.030570707000000086e-01,4.927055764091585639e-03
2.031185430000000125e-01,4.926848448006178327e-03
2.032004772000000070e-01,4.926572050426140416e-03
2.032311940000000039e-01,4.926468408365212125e-03
2.032619061000000005e-01,4.926364770139297737e-03
2.032721425000000026e-01,4.926330224916323011e-03
2.033642465000000121e-01,4.926019337082288528e-03
2.033949385000000110e-01,4.925915715473000618e-03
2.034358541000000076e-01,4.925777559291639150e-03
2.034460817000000032e-01,4.925743021311250296e-03
2.034767614000000113e-01,4.925639409925875248e-03
2.035176605000000027e-01,4.925501267375417477e-03
2.036096534000000069e-01,4.925190471552795372e-03
2.036403083999999974e-01,4.925086880610910975e-03
2.036913899999999999e-01,4.924914237558161365e-03
2.037118189999999884e-01,4.924845183317655938e-03
2.037220326999999997e-01,4.924810656836036901e-03
2.038037242999999887e-01,4.924534460311479414e-03
2.038445577000000120e-01,4.924396372266662096e-03
2.038547648000000045e-01,4.924361851319775454e-03
2.039159966999999907e-01,4.924154734577797059e-03
2.039670091000000129e-01,4.923982148997988785e-03
2.039976105000000095e-01,4.923878602757684499e-03
2.040078099000000034e-01,4.923844088195360874e-03
2.040384051999999948e-01,4.923740547062159696e-03
2.040893870999999915e-01,4.923567987017895588e-03
2.041607403000000043e-01,4.923326420827833089e-03
2.041811223999999980e-01,4.923257405745907686e-03
2.042524434999999916e-01,4.923015866360528660e-03
2.042626302999999977e-01,4.922981362435953530e-03
2.043441055999999922e-01,4.922705346352021158e-03
2.043644693999999984e-01,4.922636346584793182e-03
2.043746505000000047e-01,4.922601847339123753e-03
2.044255486000000066e-01,4.922429357490960312e-03
2.044560813000000088e-01,4.922325868685521050e-03
2.044866094999999995e-01,4.922222383707668472e-03
2.044967845000000006e-01,4.922187889565464436e-03
2.045374795999999884e-01,4.922049917249357587e-03
2.045781665999999999e-01,4.921911951736716515e-03
2.046188455000000073e-01,4.921773993027103201e-03
2.046493494000000135e-01,4.921670528459168303e-03
2.047001790999999904e-01,4.921498096015268497e-03
2.048221189999999969e-01,4.921084301509073833e-03
2.048322773000000041e-01,4.921049821396212588e-03
2.048525925999999941e-01,4.920980862445898697e-03
2.048627494999999965e-01,4.920946383608250027e-03
2.048932169999999886e-01,4.920842949644911243e-03
2.049135262000000013e-01,4.920773995794307069e-03
2.049439862000000112e-01,4.920670568205510673e-03
2.050150420000000084e-01,4.920429252037509388e-03
2.051570798000000029e-01,4.919946682157363277e-03
2.051773628000000127e-01,4.919877750399937952e-03
2.052280618000000001e-01,4.919705428440272754e-03
2.052686119000000087e-01,4.919567578517705653e-03
2.053192883000000135e-01,4.919395275670472578e-03
2.053395553000000040e-01,4.919326357504240528e-03
2.053496881000000107e-01,4.919291899058205603e-03
2.054003444999999983e-01,4.919119613197511440e-03
2.054307323000000018e-01,4.919016246776483810e-03
2.054611157000000021e-01,4.918912884176985210e-03
2.054712424000000037e-01,4.918878430826132374e-03
2.055623609999999990e-01,4.918568369774510389e-03
2.056332030999999949e-01,4.918327234951305922e-03
2.056433213999999954e-01,4.918292788817278313e-03
2.057141355999999865e-01,4.918051677763330375e-03
2.057242499999999974e-01,4.918017235024843559e-03
2.057950363000000116e-01,4.917776147736929900e-03
2.058253659000000013e-01,4.917672830978937239e-03
2.058354746999999929e-01,4.917638392908122054e-03
2.059466395000000005e-01,4.917259602133713763e-03
2.059567424000000035e-01,4.917225169154293765e-03
2.059870480999999864e-01,4.917121872761346692e-03
2.060375477999999982e-01,4.916949720590701144e-03
2.060476461999999898e-01,4.916915291429020674e-03
2.060779386000000102e-01,4.916812006489253151e-03
2.061284160000000087e-01,4.916639873405700620e-03
2.061889725999999923e-01,4.916433327701036013e-03
2.061990636000000099e-01,4.916398904901128630e-03
2.062797741000000074e-01,4.916123537767977392e-03
2.062898606999999940e-01,4.916089118784435635e-03
2.063100324000000096e-01,4.916020282089307754e-03
2.063201175000000109e-01,4.915985864377701679e-03
2.064007806000000000e-01,4.915710537947448958e-03
2.064310212000000089e-01,4.915607297531082893e-03
2.064511790999999929e-01,4.915538472706266170e-03
2.064713350000000058e-01,4.915469649576937813e-03
2.065217162999999911e-01,4.915297599171486627e-03
2.065317911000000006e-01,4.915263190361954075e-03
2.065620123999999946e-01,4.915159966476027355e-03
2.065922293999999937e-01,4.915056746404571075e-03
2.066828537000000021e-01,4.914747109073524210e-03
2.067633754000000046e-01,4.914471904703839739e-03
2.068338060999999894e-01,4.914231123122804294e-03
2.068539246999999970e-01,4.914162332197924248e-03
2.068840989999999880e-01,4.914059148987731142e-03
2.069243245999999870e-01,4.913921577304323184e-03
2.070449544000000086e-01,4.913508902913207334e-03
2.070851486999999991e-01,4.913371358334405262e-03
2.070951960999999897e-01,4.913336973248403662e-03
2.071253352999999908e-01,4.913233820530832005e-03
2.071554700000000082e-01,4.913130671623763476e-03
2.071655139999999951e-01,4.913096289501665305e-03
2.072458480999999908e-01,4.912821247765451760e-03
2.072558875999999939e-01,4.912786869453341504e-03
2.072759653000000035e-01,4.912718114099367921e-03
2.073361867000000081e-01,4.912511858196521274e-03
2.073662907999999916e-01,4.912408735959192078e-03
2.074064228999999981e-01,4.912271245568312385e-03
2.074866636999999903e-01,4.911996285100225616e-03
2.076069667000000063e-01,4.911583895175997312e-03
2.076470522999999957e-01,4.911446445407080877e-03
2.077171832999999967e-01,4.911205924598170680e-03
2.077272001000000090e-01,4.911171566174691097e-03
2.077372164000000077e-01,4.911137208174170057e-03
2.077572476000000001e-01,4.911068493442164069e-03
2.077973040999999965e-01,4.910931069053538385e-03
2.078073169999999914e-01,4.910896714013712402e-03
2.078173295000000087e-01,4.910862359396982874e-03
2.078974117000000066e-01,4.910587537687091143e-03
2.079174273999999933e-01,4.910518836488408922e-03
2.079774630000000013e-01,4.910312743040831998e-03
2.080074742999999948e-01,4.910209702025134654e-03
2.080374812999999934e-01,4.910106664814637388e-03
2.080774838999999987e-01,4.909969287786092838e-03
2.080874832999999868e-01,4.909934944585745038e-03
2.081174788000000053e-01,4.909831917521437217e-03
2.081674615999999922e-01,4.909660214201662203e-03
2.082174324000000132e-01,4.909488521448928354e-03
2.082374174000000133e-01,4.909419847306469714e-03
2.082474091000000027e-01,4.909385510869050673e-03
2.082973607999999976e-01,4.909213835021889252e-03
2.083273260000000071e-01,4.909110834584601464e-03
2.083672729000000112e-01,4.908973506584167479e-03
2.083972280999999982e-01,4.908870515020640792e-03
2.084371616000000038e-01,4.908733198851054740e-03
2.084471438000000121e-01,4.908698870864941326e-03
2.084870678000000088e-01,4.908561563145242765e-03
2.085170057999999882e-01,4.908458586791320487e-03
2.085668927999999867e-01,4.908286967983186214e-03
2.086067939000000038e-01,4.908149680540106578e-03
2.086965433000000092e-01,4.907840808500972887e-03
2.087164823999999863e-01,4.907772174915686451e-03
2.087264513000000044e-01,4.907737858756615855e-03
2.087762883000000014e-01,4.907566284294775580e-03
2.088061847999999887e-01,4.907463344684781514e-03
2.088759266000000114e-01,4.907223167039178116e-03
2.088858878000000030e-01,4.907188857635715745e-03
2.089257278999999967e-01,4.907051624243648040e-03
2.089356867999999923e-01,4.907017316951129901e-03
2.089954299000000015e-01,4.906811482060153586e-03
2.090153405000000075e-01,4.906742873806743503e-03
2.090452027999999962e-01,4.906639964592179534e-03
2.090750607999999899e-01,4.906537059176124815e-03
2.091546613999999971e-01,4.906262663302908035e-03
2.091646092999999984e-01,4.906228365717692566e-03
2.092043963999999923e-01,4.906091179596972288e-03
2.092541195000000021e-01,4.905919706439692239e-03
2.092839478000000086e-01,4.905816827608587907e-03
2.093237121000000034e-01,4.905679661740016545e-03
2.093336520000000089e-01,4.905645371327573001e-03
2.093535303999999875e-01,4.905576791768288120e-03
2.094032181999999909e-01,4.905405350252382488e-03
2.094926263999999927e-01,4.905096782097059273e-03
2.095124896999999986e-01,4.905028216035279588e-03
2.095621397999999913e-01,4.904856808261251304e-03
2.096514802999999982e-01,4.904548300834410228e-03
2.096812520000000124e-01,4.904445472615173891e-03
2.097110194000000039e-01,4.904342648190348521e-03
2.097606224999999935e-01,4.904171282581057216e-03
2.097903787000000020e-01,4.904068468274205145e-03
2.098300471000000000e-01,4.903931388433311819e-03
2.098796219999999879e-01,4.903760048116035525e-03
2.099192735000000032e-01,4.903622983448847374e-03
2.099688274000000021e-01,4.903451662097497131e-03
2.099985541000000122e-01,4.903348874343649647e-03
2.100282766000000079e-01,4.903246090382342229e-03
2.100381832000000060e-01,4.903211829904722402e-03
2.101174188000000109e-01,4.902937761251587381e-03
2.101273211999999946e-01,4.902903504566005419e-03
2.101570255000000109e-01,4.902800737036835770e-03
2.102065233000000033e-01,4.902629466246999704e-03
2.102758006999999874e-01,4.902389704833450337e-03
2.103054839999999870e-01,4.902286956259958861e-03
2.103153775000000114e-01,4.902252707577815956e-03
2.103648379999999984e-01,4.902081470484466463e-03
2.104439506999999931e-01,4.901807513033832643e-03
2.104736103000000025e-01,4.901704785937826755e-03
2.105823263999999917e-01,4.901328152339020673e-03
2.105922068999999952e-01,4.901293915446971843e-03
2.106020869000000129e-01,4.901259678975818102e-03
2.106218455999999961e-01,4.901191207296583599e-03
2.106811104999999906e-01,4.900985802361351035e-03
2.107502319000000013e-01,4.900746182421682889e-03
2.107601044999999895e-01,4.900711952685169771e-03
2.107798483999999972e-01,4.900643494474851355e-03
2.108390689000000096e-01,4.900438129943647005e-03
2.108686728999999982e-01,4.900335453358889079e-03
2.109180036999999952e-01,4.900164334133145887e-03
2.109475966000000091e-01,4.900061667646585413e-03
2.110264907999999939e-01,4.899787908860487803e-03
2.110659267999999977e-01,4.899651039563561288e-03
2.110757846999999909e-01,4.899616823291038509e-03
2.110954989999999920e-01,4.899548392007655601e-03
2.111053555000000082e-01,4.899514176996958535e-03
2.112925411999999892e-01,4.898864171700961778e-03
2.113023884999999935e-01,4.898829965101128732e-03
2.113122353000000120e-01,4.898795758921689440e-03
2.113417730999999911e-01,4.898693142906408032e-03
2.113811502999999870e-01,4.898556327438639661e-03
2.115385858000000119e-01,4.898009132829432392e-03
2.115680920000000131e-01,4.897906545819868951e-03
2.116074270999999951e-01,4.897769769024166130e-03
2.116270919000000084e-01,4.897701383147851084e-03
2.116565857000000106e-01,4.897598807485215380e-03
2.116860752999999984e-01,4.897496235604383540e-03
2.116959042999999874e-01,4.897462045817933644e-03
2.117253885000000002e-01,4.897359478979578656e-03
2.117745196999999968e-01,4.897188542652287056e-03
2.117843446000000074e-01,4.897154356647313161e-03
2.118138165000000017e-01,4.897051801153022750e-03
2.118432842999999899e-01,4.896949249439695728e-03
2.118629271999999952e-01,4.896880883731220303e-03
2.118923880999999954e-01,4.896778338318961456e-03
2.120396314999999920e-01,4.896265667961495482e-03
2.120494441000000119e-01,4.896231493297520040e-03
2.120886898999999881e-01,4.896094798840851248e-03
2.121573525999999876e-01,4.895855599708071569e-03
2.121671598000000047e-01,4.895821430083008990e-03
2.121769665000000082e-01,4.895787260877715666e-03
2.121965785000000104e-01,4.895718923726592904e-03
2.122456006000000006e-01,4.895548088195850363e-03
2.122554037000000116e-01,4.895513922349203732e-03
2.122848102000000070e-01,4.895411427327855079e-03
2.123142125999999963e-01,4.895308936084410631e-03
2.123338119000000024e-01,4.895240610687484444e-03
2.123632075000000119e-01,4.895138125740204973e-03
2.124023953999999992e-01,4.895001485020014989e-03
2.124415759999999931e-01,4.894864851014734883e-03
2.125101246999999971e-01,4.894625757662269400e-03
2.125199154999999895e-01,4.894591603147448004e-03
2.125688631000000051e-01,4.894420836867971643e-03
2.125982261999999900e-01,4.894318382135101272e-03
2.126373706999999946e-01,4.894181781698300759e-03
2.127254195999999931e-01,4.893874455257129184e-03
2.127547610999999950e-01,4.893772020660538610e-03
2.127840984999999907e-01,4.893669589838802597e-03
2.128036546000000029e-01,4.893601304721570053e-03
2.128623119999999980e-01,4.893396459435127473e-03
2.128720866999999906e-01,4.893362320021943032e-03
2.128818608999999973e-01,4.893328181028005694e-03
2.129502678000000093e-01,4.893089219811988695e-03
2.129600385000000040e-01,4.893055084172820077e-03
2.129795784000000081e-01,4.892986814152073226e-03
2.130674858000000116e-01,4.892679619812269690e-03
2.131358331000000050e-01,4.892440714357611763e-03
2.131455952999999903e-01,4.892406586683850991e-03
2.132724621000000043e-01,4.891962965063882673e-03
2.133017284000000013e-01,4.891860600902267660e-03
2.133407438000000100e-01,4.891724121219951683e-03
2.134285025000000058e-01,4.891417066447130250e-03
2.134577473000000003e-01,4.891314722397560946e-03
2.134869882000000052e-01,4.891212382118644703e-03
2.134967342000000101e-01,4.891178269530038411e-03
2.135064798999999902e-01,4.891144157360620241e-03
2.135357139999999876e-01,4.891041823365130901e-03
2.135649441999999953e-01,4.890939493139789818e-03
2.135746866999999882e-01,4.890905383902389124e-03
2.136039116000000015e-01,4.890803058703422322e-03
2.136623492999999985e-01,4.890598419613638448e-03
2.136915621000000098e-01,4.890496105722439736e-03
2.137597099000000112e-01,4.890257387966598368e-03
2.137986417999999944e-01,4.890120987032585409e-03
2.138083735999999901e-01,4.890086887845709364e-03
2.138862125000000058e-01,4.889814109423781807e-03
2.139153947999999916e-01,4.889711824423233384e-03
2.139737473999999973e-01,4.889507265724383003e-03
2.140418054000000070e-01,4.889268632954076738e-03
2.140709664000000068e-01,4.889166368044609891e-03
2.141098416999999976e-01,4.889030020691265480e-03
2.141875709999999933e-01,4.888757346070628403e-03
2.141972852000000038e-01,4.888723263626043071e-03
2.142069989000000008e-01,4.888689181599756815e-03
2.142361375000000068e-01,4.888586938031574611e-03
2.142846929999999983e-01,4.888416540452137499e-03
2.143526521999999934e-01,4.888178001411364916e-03
2.143623588999999940e-01,4.888143926078803228e-03
2.143914764000000028e-01,4.888041702590925630e-03
2.144205899000000137e-01,4.887939482867410118e-03
2.144399966999999962e-01,4.887871338476334863e-03
2.145079067000000006e-01,4.887632846281768015e-03
2.145467027999999887e-01,4.887496574228124106e-03
2.145854918000000000e-01,4.887360308864921801e-03
2.146242738999999955e-01,4.887224050192080435e-03
2.146533558000000008e-01,4.887121860577441253e-03
2.146727415999999944e-01,4.887053736258231175e-03
2.147308883999999862e-01,4.886849373333931879e-03
2.148180791000000034e-01,4.886542857164089503e-03
2.148277647000000068e-01,4.886508801901688626e-03
2.148568191000000127e-01,4.886406638622625524e-03
2.148955522000000062e-01,4.886270426768371360e-03
2.149342783000000034e-01,4.886134221600682559e-03
2.149729974000000043e-01,4.885998023119113298e-03
2.149826760999999919e-01,4.885963974543405287e-03
2.150020321999999984e-01,4.885895878645561165e-03
2.150504146999999977e-01,4.885725646212717502e-03
2.150600899000000010e-01,4.885691600979594380e-03
2.150891128999999902e-01,4.885589467786989777e-03
2.151664885000000027e-01,4.885317130988412956e-03
2.152438362000000105e-01,4.885044820923695186e-03
2.152921644000000134e-01,4.884874640707541696e-03
2.153114925999999874e-01,4.884806571544453475e-03
2.153211560999999941e-01,4.884772537589434672e-03
2.153694670000000089e-01,4.884602374078120084e-03
2.153984482999999894e-01,4.884500280982207072e-03
2.154274257000000081e-01,4.884398191644265426e-03
2.154660562000000057e-01,4.884262078372478971e-03
2.155143344999999877e-01,4.884091946176394305e-03
2.155239888999999909e-01,4.884057920989681029e-03
2.155819060999999981e-01,4.883853778635684206e-03
2.155915575000000028e-01,4.883819756371119564e-03
2.156012083999999940e-01,4.883785734523843521e-03
2.156301585000000021e-01,4.883683671486414857e-03
2.156687526999999938e-01,4.883547593280108436e-03
2.157459203000000048e-01,4.883275456900143877e-03
2.157748510999999980e-01,4.883173412643487289e-03
2.158327009000000074e-01,4.882969335396327056e-03
2.158616201000000123e-01,4.882867302405826011e-03
2.159290829000000134e-01,4.882629240029882564e-03
2.160157899000000048e-01,4.882323189868502909e-03
2.160446845000000005e-01,4.882221180656273751e-03
2.160928336000000061e-01,4.882051173644316906e-03
2.161313451999999913e-01,4.881915175541874131e-03
2.162179710999999893e-01,4.881609204206594638e-03
2.162372166000000040e-01,4.881541215163359010e-03
2.162468386999999992e-01,4.881507221267155847e-03
2.162757023999999917e-01,4.881405242080131233e-03
2.162853228000000128e-01,4.881371249851691220e-03
2.163238000999999910e-01,4.881235285106989494e-03
2.163718870000000127e-01,4.881065338555885987e-03
2.163911188000000041e-01,4.880997362853537781e-03
2.164391907999999864e-01,4.880827430892229792e-03
2.164488039999999947e-01,4.880793445750575797e-03
2.164776408000000096e-01,4.880691492825911526e-03
2.165449117000000090e-01,4.880453617255275413e-03
2.165833429000000032e-01,4.880317697526117063e-03
2.165929496000000010e-01,4.880283718635545186e-03
2.166697880000000020e-01,4.880011902511673105e-03
2.166793908999999907e-01,4.879977927371181336e-03
2.167081969999999913e-01,4.879876004449380973e-03
2.167561987000000134e-01,4.879706141245314203e-03
2.168137867000000107e-01,4.879502319147448024e-03
2.168521701999999995e-01,4.879366446079710928e-03
2.168905469000000086e-01,4.879230579676125702e-03
2.169097326999999964e-01,4.879162648973254732e-03
2.169864589999999926e-01,4.878890942820071457e-03
2.170152243000000036e-01,4.878789059883515376e-03
2.170535721999999890e-01,4.878653221797769543e-03
2.170631580999999866e-01,4.878619263317228102e-03
2.171302475999999926e-01,4.878381565611207386e-03
2.171589939999999941e-01,4.878279701410755988e-03
2.171973164000000067e-01,4.878143888304434933e-03
2.172164752000000087e-01,4.878075984249130928e-03
2.172739411000000065e-01,4.877872282072278839e-03
2.172835173000000064e-01,4.877838333166282549e-03
2.173122433999999936e-01,4.877736488945546948e-03
2.173218178999999917e-01,4.877702541704284980e-03
2.173601115999999889e-01,4.877566756900760664e-03
2.173983986999999951e-01,4.877430978755825826e-03
2.174749525000000128e-01,4.877159442438830199e-03
2.175036532999999883e-01,4.877057623185307791e-03
2.175132193000000047e-01,4.877023684266052102e-03
2.175992951000000064e-01,4.876718252714876307e-03
2.176184184000000132e-01,4.876650383612646592e-03
2.176757782000000030e-01,4.876446786288735069e-03
2.177331230000000006e-01,4.876243203938079689e-03
2.177426789999999945e-01,4.876209275001915609e-03
2.178191117999999926e-01,4.875937858483119121e-03
2.178286640000000052e-01,4.875903933289480428e-03
2.178573182000000108e-01,4.875802160203594575e-03
2.179241631999999929e-01,4.875564704221810840e-03
2.179337108000000134e-01,4.875530783601687325e-03
2.179718971000000061e-01,4.875395105278593384e-03
2.180482495000000132e-01,4.875123768585518449e-03
2.180577917000000032e-01,4.875089853369436732e-03
2.180768747999999868e-01,4.875022024184101459e-03
2.181150360000000121e-01,4.874886370800936980e-03
2.181341140999999983e-01,4.874818546603001956e-03
2.181627281999999890e-01,4.874716813423135564e-03
2.182008742999999862e-01,4.874581175000838699e-03
2.182294795999999981e-01,4.874479450547496151e-03
2.182771467000000076e-01,4.874309918102075548e-03
2.182866789000000030e-01,4.874276012859528849e-03
2.183152728999999959e-01,4.874174299624528528e-03
2.183629213000000124e-01,4.874004785875346926e-03
2.183915053000000106e-01,4.873903082610868409e-03
2.184200856000000079e-01,4.873801383085086744e-03
2.184296115999999899e-01,4.873767484074047543e-03
2.184391371000000137e-01,4.873733585478226549e-03
2.185153263000000068e-01,4.873462411664595921e-03
2.185914888999999917e-01,4.873191264430897125e-03
2.186200430999999944e-01,4.873089591070324349e-03
2.186581095000000030e-01,4.872954032402719918e-03
2.186866548999999993e-01,4.872852367761637549e-03
2.186961692999999929e-01,4.872818480378513124e-03
2.187342224000000113e-01,4.872682934997074264e-03
2.187437346999999976e-01,4.872649049689728624e-03
2.188483421999999901e-01,4.872276338706221094e-03
2.188863688999999890e-01,4.872140819892148596e-03
2.189528997000000088e-01,4.871903677946408558e-03
2.189624024000000058e-01,4.871869802185536773e-03
2.190004093000000041e-01,4.871734303292296620e-03
2.190479086000000075e-01,4.871564939012253473e-03
2.191238862000000065e-01,4.871293977740350986e-03
2.191428763999999918e-01,4.871226241571078447e-03
2.191903449000000004e-01,4.871056908408204905e-03
2.192283121999999973e-01,4.870921449344601736e-03
2.192567834999999965e-01,4.870819859402580540e-03
2.192757622000000017e-01,4.870752134848234903e-03
2.193326885999999920e-01,4.870548971139609419e-03
2.193801159999999861e-01,4.870379679454044444e-03
2.194275330999999885e-01,4.870210398135579877e-03
2.195318148000000025e-01,4.869838015723530582e-03
2.195602466000000086e-01,4.869736465590278514e-03
2.195981499999999920e-01,4.869601071216493084e-03
2.196455200999999913e-01,4.869431837576226711e-03
2.196834088000000074e-01,4.869296458124935077e-03
2.197118210000000016e-01,4.869194927888345452e-03
2.197212909000000047e-01,4.869161085305015978e-03
2.197307604000000025e-01,4.869127243136154443e-03
2.198727543000000006e-01,4.868619660332040161e-03
2.198822172999999880e-01,4.868585824793338589e-03
2.199106037999999930e-01,4.868484320663056183e-03
2.199389867000000054e-01,4.868382820261628677e-03
2.199579066000000027e-01,4.868315155398770903e-03
2.199862834000000100e-01,4.868213661211495853e-03
2.200241133999999987e-01,4.868078341427845707e-03
2.200524815999999884e-01,4.867976855939397905e-03
2.201092071000000094e-01,4.867773896145895056e-03
2.201375644000000131e-01,4.867672421840451430e-03
2.201848184000000097e-01,4.867503306280658408e-03
2.202509568999999889e-01,4.867266561889048611e-03
2.203170755999999952e-01,4.867029837786362133e-03
2.203265195999999926e-01,4.866996021713682237e-03
2.203548489000000110e-01,4.866894575979088290e-03
2.204020563000000099e-01,4.866725508034305293e-03
2.204114964999999982e-01,4.866691695687096718e-03
2.204398149000000029e-01,4.866590261129507405e-03
2.204681296999999873e-01,4.866488830297281860e-03
2.204775670999999937e-01,4.866455020847566294e-03
2.205530521000000077e-01,4.866184560150091203e-03
2.206379417999999870e-01,4.865880323523805347e-03
2.206568017999999964e-01,4.865812719936463485e-03
2.206662310999999987e-01,4.865778918763253268e-03
2.207039446000000071e-01,4.865643718208555353e-03
2.207416516000000051e-01,4.865508524273416506e-03
2.207793520999999926e-01,4.865373336957378760e-03
2.207887762999999892e-01,4.865339541162734191e-03
2.208076233000000055e-01,4.865271950814054232e-03
2.208170462999999861e-01,4.865238156260404817e-03
2.208453126000000100e-01,4.865136775080737379e-03
2.208641548999999982e-01,4.865069189695984259e-03
2.209206720000000124e-01,4.864866443467906303e-03
2.209300901000000039e-01,4.864832653877421316e-03
2.210054204999999938e-01,4.864562352041339882e-03
2.210148349999999928e-01,4.864528566172702378e-03
2.210807251999999945e-01,4.864292076669854588e-03
2.211465958000000120e-01,4.864055607426392112e-03
2.211654124000000110e-01,4.863988048506232530e-03
2.212406625999999987e-01,4.863717829360455353e-03
2.212594712000000019e-01,4.863650278707630503e-03
2.212688748999999955e-01,4.863616504001214320e-03
2.213440899999999933e-01,4.863346321228545661e-03
2.213816879000000126e-01,4.863211239760644594e-03
2.214568647000000057e-01,4.862941096660074007e-03
2.214944434999999989e-01,4.862806035026328959e-03
2.215414081000000035e-01,4.862637217280202026e-03
2.216071417000000099e-01,4.862400889786277873e-03
2.216728558999999932e-01,4.862164582533119381e-03
2.216822421000000098e-01,4.862130826006347620e-03
2.216916278000000129e-01,4.862097069892391474e-03
2.217103981000000112e-01,4.862029558903689305e-03
2.217197827000000065e-01,4.861995804028932007e-03
2.217573169000000011e-01,4.861860788659288016e-03
2.217948448000000017e-01,4.861725779897165846e-03
2.218417457999999898e-01,4.861557028235637644e-03
2.218605033999999920e-01,4.861489530461348546e-03
2.219073904999999958e-01,4.861320793251123346e-03
2.219167666999999899e-01,4.861287047047614662e-03
2.219730156999999982e-01,4.861084578496334060e-03
2.220479922999999967e-01,4.860814643545091109e-03
2.220573626000000023e-01,4.860780903533653587e-03
2.221416773999999872e-01,4.860477262003236147e-03
2.221604097000000055e-01,4.860409790647331023e-03
2.221697752000000026e-01,4.860376055588274020e-03
2.222165969999999879e-01,4.860207386483260394e-03
2.223102110999999881e-01,4.859870079219774479e-03
2.223570032999999946e-01,4.859701441059372309e-03
2.223663606000000070e-01,4.859667714664983248e-03
2.223944300000000041e-01,4.859566537956651507e-03
2.224318503999999919e-01,4.859431641453921223e-03
2.224412045999999976e-01,4.859397918359606786e-03
2.225066723999999940e-01,4.859161868246895249e-03
2.225160234000000126e-01,4.859128148452016190e-03
2.225814691999999928e-01,4.858892121434565600e-03
2.225908169999999964e-01,4.858858404938665686e-03
2.226095114999999958e-01,4.858790973184098395e-03
2.226188581000000111e-01,4.858757257925208108e-03
2.226468957000000137e-01,4.858656114622832319e-03
2.226936171999999992e-01,4.858487550698470207e-03
2.227216454000000012e-01,4.858386417291303203e-03
2.227683511999999921e-01,4.858217869857781035e-03
2.228150472000000049e-01,4.858049332729936186e-03
2.228430601999999983e-01,4.857948215399791707e-03
2.228710694999999908e-01,4.857847101778866791e-03
2.229177441000000093e-01,4.857678587320785578e-03
2.229457441000000095e-01,4.857577483591280811e-03
2.229550765999999962e-01,4.857543783172214337e-03
2.230297230000000130e-01,4.857274194655325679e-03
2.230577089999999929e-01,4.857173105760379840e-03
2.231136703000000110e-01,4.856970939094405054e-03
2.231416458000000103e-01,4.856869861323416006e-03
2.231789409000000113e-01,4.856735096729222767e-03
2.232069080999999899e-01,4.856634027608774072e-03
2.232628321000000027e-01,4.856431900489426544e-03
2.232907888000000007e-01,4.856330842489957854e-03
2.233373755999999988e-01,4.856162420727845597e-03
2.233560075999999894e-01,4.856095054905730513e-03
2.234863880000000080e-01,4.855623540269218136e-03
2.235050075999999997e-01,4.855556187623201285e-03
2.235143168000000014e-01,4.855522511917697605e-03
2.235608570000000017e-01,4.855354139565316862e-03
2.235887763999999944e-01,4.855253121093603373e-03
2.236259969999999930e-01,4.855118435561064059e-03
2.236539083000000094e-01,4.855017425733331934e-03
2.237004194999999973e-01,4.854849084252199458e-03
2.238120067999999907e-01,4.854445106673449355e-03
2.238491901999999922e-01,4.854310460648009889e-03
2.239235384999999912e-01,4.854041188345820622e-03
2.239328302999999964e-01,4.854007531159346134e-03
2.239607033999999885e-01,4.853906562068188713e-03
2.240071507999999989e-01,4.853738288476528925e-03
2.240628751000000030e-01,4.853536373740384435e-03
2.241093013000000078e-01,4.853368122770350575e-03
2.241464354000000103e-01,4.853233529396963099e-03
2.241557180000000038e-01,4.853199882081752140e-03
2.241835634000000077e-01,4.853098942603213499e-03
2.242578007999999901e-01,4.852829788752320746e-03
2.243691109000000017e-01,4.852426107311823451e-03
2.243969298000000057e-01,4.852325196200975820e-03
2.244062019999999991e-01,4.852291559986108595e-03
2.244340163000000110e-01,4.852190653807686091e-03
2.244432869000000108e-01,4.852157019236777273e-03
2.244525572000000135e-01,4.852123385077030879e-03
2.244803657999999980e-01,4.852022485063757495e-03
2.245081708999999981e-01,4.851921588749173037e-03
2.245174384999999995e-01,4.851887957466234809e-03
2.245267056999999955e-01,4.851854326594204000e-03
2.245452390000000076e-01,4.851787066083067604e-03
2.246286198999999928e-01,4.851484414123147758e-03
2.246749292999999925e-01,4.851316288526234637e-03
2.246934503000000138e-01,4.851249041163187628e-03
2.247304878999999977e-01,4.851114551367244516e-03
2.247397462999999873e-01,4.851080929945173620e-03
2.248230551000000021e-01,4.850778355631845187e-03
2.248415639000000132e-01,4.850711121413556898e-03
2.248508177999999913e-01,4.850677504920629900e-03
2.249248349999999896e-01,4.850408587761497956e-03
2.249618344000000048e-01,4.850274139037656293e-03
2.249895799999999946e-01,4.850173306806437185e-03
2.250265689000000013e-01,4.850038869580096390e-03
2.250450609999999907e-01,4.849971653430276697e-03
2.251005282000000107e-01,4.849770014834163187e-03
2.251190143000000032e-01,4.849702805253177512e-03
2.251467404999999977e-01,4.849601993960313620e-03
2.251837034999999987e-01,4.849467584650067609e-03
2.251929433000000036e-01,4.849433983348676140e-03
2.252576112999999935e-01,4.849198785731312356e-03
2.252853204999999970e-01,4.849097992908751008e-03
2.252945560999999874e-01,4.849064396121922742e-03
2.253222606999999988e-01,4.848963608223862305e-03
2.253407286000000120e-01,4.848896418343749508e-03
2.253684274999999959e-01,4.848795636600943329e-03
2.254053541999999910e-01,4.848661266688665712e-03
2.254884169999999965e-01,4.848358958387588569e-03
2.255160978000000094e-01,4.848258196338426675e-03
2.255622248999999968e-01,4.848090267794082260e-03
2.256267871000000036e-01,4.847855185059756454e-03
2.256913308000000062e-01,4.847620122422094564e-03
2.257005498000000110e-01,4.847586543685659943e-03
2.257097684000000104e-01,4.847552965359250635e-03
2.257282046000000097e-01,4.847485809936924288e-03
2.257742883999999950e-01,4.847317928556874912e-03
2.257835039999999960e-01,4.847284353510911831e-03
2.258111486000000112e-01,4.847183630833252523e-03
2.258756396000000111e-01,4.846948625601972364e-03
2.259309029000000080e-01,4.846747208534818961e-03
2.259585295000000049e-01,4.846646505535197498e-03
2.260045663999999954e-01,4.846478675400438252e-03
2.260321838999999888e-01,4.846377982237679016e-03
2.260690022000000077e-01,4.846243730425471054e-03
2.261426206000000105e-01,4.845975246471212125e-03
2.261518211999999917e-01,4.845941687820885628e-03
2.262070170999999907e-01,4.845740344523783924e-03
2.262530033000000051e-01,4.845572569709794344e-03
2.262805905999999978e-01,4.845471909737709276e-03
2.263173683999999963e-01,4.845337702176698638e-03
2.264000965999999893e-01,4.845035759127109404e-03
2.264368549000000119e-01,4.844901572865100391e-03
2.264460436000000076e-01,4.844868027323581336e-03
2.264736073999999988e-01,4.844767393156100381e-03
2.265103538000000083e-01,4.844633219999077214e-03
2.265195395000000056e-01,4.844599677733615536e-03
2.265838287999999978e-01,4.844364893340174713e-03
2.266113757999999867e-01,4.844264277598970755e-03
2.266664597999999975e-01,4.844063057170642367e-03
2.266939967000000111e-01,4.843962452482959355e-03
2.267215303000000015e-01,4.843861851479536705e-03
2.267582365999999960e-01,4.843727722538997311e-03
2.267674121999999903e-01,4.843694191327051375e-03
2.268408040000000070e-01,4.843425956366423715e-03
2.268683197999999956e-01,4.843325375008916168e-03
2.268866618000000002e-01,4.843258322816678361e-03
2.269141719999999973e-01,4.843157747597360598e-03
2.269508470999999916e-01,4.843023653033625558e-03
2.270241795000000062e-01,4.842755483545545421e-03
2.270608369000000071e-01,4.842621408620531587e-03
2.270883260000000070e-01,4.842520856722032190e-03
2.270974883000000111e-01,4.842487340240681469e-03
2.271066502000000098e-01,4.842453824168327370e-03
2.271707733999999979e-01,4.842219223115341344e-03
2.271799324000000064e-01,4.842185710315300221e-03
2.272440349000000026e-01,4.841951132166218662e-03
2.272531909000000128e-01,4.841917622637857341e-03
2.272806568000000083e-01,4.841817096506639481e-03
2.273081193000000000e-01,4.841716574055548138e-03
2.273538827999999901e-01,4.841549044815074074e-03
2.273813365000000031e-01,4.841448532177297821e-03
2.274270852999999981e-01,4.841281019291192138e-03
2.274636777000000054e-01,4.841147016340960341e-03
2.274728249000000091e-01,4.841113516625424919e-03
2.274911181000000004e-01,4.841046518420493924e-03
2.275002641999999964e-01,4.841013019931284835e-03
2.275459891000000123e-01,4.840845533616316802e-03
2.276008468000000062e-01,4.840644563526143133e-03
2.276739698999999950e-01,4.840376626292173905e-03
2.276831085999999893e-01,4.840343135976761524e-03
2.276922469999999865e-01,4.840309646070115046e-03
2.277196599000000099e-01,4.840209178801652135e-03
2.277562052000000059e-01,4.840075228163843828e-03
2.277927448000000021e-01,4.839941284063497065e-03
2.278292784000000015e-01,4.839807346499571880e-03
2.279114577999999947e-01,4.839506010878774807e-03
2.279297157999999879e-01,4.839439051900548162e-03
2.279844812000000054e-01,4.839238184768632732e-03
2.280118590000000112e-01,4.839137756716269806e-03
2.280483574999999929e-01,4.839003858363531869e-03
2.280757276000000000e-01,4.838903438886852509e-03
2.281213370999999879e-01,4.838736081258933341e-03
2.281304578999999999e-01,4.838702610958271234e-03
2.282034112999999920e-01,4.838434863251269910e-03
2.282307627999999866e-01,4.838334464597269201e-03
2.282581110000000135e-01,4.838234069617229800e-03
2.283674710999999968e-01,4.837832526433405791e-03
2.284221314999999863e-01,4.837631776880669393e-03
2.284494568000000059e-01,4.837531407613474173e-03
2.284767789000000104e-01,4.837431042018952229e-03
2.284858855000000133e-01,4.837397587636791015e-03
2.284949917000000108e-01,4.837364133662581250e-03
2.285132031000000064e-01,4.837297226938409855e-03
2.285587253999999957e-01,4.837129967268384220e-03
2.285678287000000031e-01,4.837096516558210199e-03
2.285951365999999985e-01,4.836996166875805366e-03
2.286224411999999984e-01,4.836895820864896799e-03
2.286588422999999981e-01,4.836762031894774674e-03
2.287043354999999945e-01,4.836594804859874544e-03
2.287771058999999996e-01,4.836327262813193591e-03
2.288043888000000081e-01,4.836226941274800184e-03
2.288407608999999954e-01,4.836093184932649565e-03
2.288862180000000024e-01,4.835925998679965580e-03
2.289225770999999965e-01,4.835792257016946136e-03
2.289952781000000048e-01,4.835524793260822379e-03
2.290043640999999963e-01,4.835491362125823173e-03
2.290316199000000108e-01,4.835391071166626059e-03
2.290588725000000103e-01,4.835290783876180880e-03
2.290770390999999906e-01,4.835223927720615211e-03
2.291042862999999874e-01,4.835123646544217668e-03
2.291496909999999887e-01,4.834956519401443359e-03
2.292132426000000056e-01,4.834722558518394359e-03
2.292495498999999881e-01,4.834588875550287559e-03
2.292949259000000017e-01,4.834421781008057910e-03
2.293221471999999928e-01,4.834321529172013431e-03
2.293584371999999871e-01,4.834187865760974402e-03
2.293856509999999960e-01,4.834087622480418706e-03
2.293947215000000095e-01,4.834054208868216081e-03
2.294672728999999911e-01,4.833786914635629026e-03
2.295126057999999913e-01,4.833619868977801978e-03
2.295760568999999918e-01,4.833386022162305257e-03
2.296576112000000003e-01,4.833085391291105405e-03
2.296757304000000000e-01,4.833018588909751383e-03
2.297119646000000126e-01,4.832884989033002163e-03
2.297210222000000135e-01,4.832851590081536572e-03
2.297300794999999896e-01,4.832818191537294715e-03
2.297844156999999943e-01,4.832617808820798520e-03
2.297934705000000133e-01,4.832584413126214673e-03
2.298658959999999862e-01,4.832317262223167695e-03
2.299021001999999869e-01,4.832183696540162665e-03
2.299292495999999963e-01,4.832083526551257495e-03
2.299473475000000100e-01,4.832016748593652086e-03
2.299654439000000106e-01,4.831949972263707357e-03
2.300106785999999903e-01,4.831783038559995559e-03
2.300468599999999919e-01,4.831649498921453123e-03
2.300830356999999937e-01,4.831515965792923702e-03
2.300920787999999884e-01,4.831482583528068538e-03
2.301101637999999894e-01,4.831415820218619948e-03
2.301192058000000040e-01,4.831382439174204332e-03
2.302547927999999966e-01,4.830881772322420838e-03
2.302999706999999951e-01,4.830714903709089174e-03
2.303090051999999999e-01,4.830681531206490117e-03
2.303632049000000070e-01,4.830481304731282059e-03
2.303722368999999992e-01,4.830447935075287899e-03
2.304083616000000001e-01,4.830314460518084219e-03
2.304535094000000062e-01,4.830147626470036350e-03
2.305167015000000041e-01,4.829914075878872885e-03
2.305257274999999995e-01,4.829880713134825435e-03
2.305528034999999865e-01,4.829780627342024346e-03
2.305798762000000057e-01,4.829680545207507003e-03
2.305979230000000102e-01,4.829613825817120377e-03
2.306249904999999878e-01,4.829513749779944416e-03
2.306610755000000068e-01,4.829380320753854337e-03
2.306971549000000066e-01,4.829246898230610263e-03
2.307422462000000007e-01,4.829080129220380407e-03
2.307963440999999949e-01,4.828880019817937894e-03
2.308143739999999888e-01,4.828813319934613900e-03
2.308414161000000020e-01,4.828713273156694415e-03
2.308684550000000002e-01,4.828613230035320482e-03
2.308774673000000000e-01,4.828579883140810859e-03
2.309405432999999952e-01,4.828346466253732525e-03
2.309585618999999979e-01,4.828279779370702948e-03
2.309765790999999957e-01,4.828213094112496911e-03
2.309855871000000005e-01,4.828179752092534235e-03
2.310306220999999993e-01,4.828013048085844257e-03
2.310576389000000008e-01,4.827913030555684368e-03
2.310846525999999956e-01,4.827813016680815826e-03
2.310936564000000137e-01,4.827779679534608195e-03
2.311206658000000136e-01,4.827679670532811218e-03
2.311656745000000013e-01,4.827512996984782007e-03
2.311746752000000127e-01,4.827479663493368725e-03
2.312466680999999968e-01,4.827213010178831205e-03
2.312736595999999867e-01,4.827113021884750152e-03
2.313456217000000037e-01,4.826846404296283172e-03
2.314085700999999884e-01,4.826613135216832953e-03
2.314175613999999992e-01,4.826579812686294241e-03
2.314445330000000078e-01,4.826479847529402400e-03
2.314625123000000062e-01,4.826413206120640405e-03
2.315523879999999979e-01,4.826080023425723120e-03
2.315973128000000103e-01,4.825913447294776989e-03
2.316062966999999917e-01,4.825880133285768980e-03
2.316332463000000119e-01,4.825780193693020824e-03
2.316691743000000026e-01,4.825646946582622457e-03
2.316781554000000021e-01,4.825613635819176253e-03
2.317320348999999946e-01,4.825413779757633213e-03
2.317410135999999898e-01,4.825380471833782756e-03
2.318128305000000111e-01,4.825114023044382514e-03
2.318397561999999967e-01,4.825014111440603139e-03
2.318487307000000053e-01,4.824980808383698069e-03
2.319474273999999892e-01,4.824614501522227032e-03
2.319833067000000026e-01,4.824481311191628277e-03
2.320281480999999979e-01,4.824314832400897028e-03
2.320371153000000131e-01,4.824281537858911631e-03
2.320640149000000041e-01,4.824181656665510465e-03
2.320909113999999884e-01,4.824081779120566703e-03
2.321088406000000048e-01,4.824015196117280475e-03
2.321715820999999957e-01,4.823782168374277611e-03
2.322343067000000039e-01,4.823549160491079520e-03
2.322432658999999955e-01,4.823515875271548389e-03
2.322522248999999983e-01,4.823482590457553107e-03
2.322790995000000025e-01,4.823382738446315571e-03
2.323059711000000083e-01,4.823282890082288173e-03
2.323238837999999917e-01,4.823216326532331517e-03
2.323507502000000113e-01,4.823116484246170628e-03
2.324581846999999868e-01,4.822717151564630440e-03
2.325387281000000084e-01,4.822417690335029442e-03
2.325566228000000013e-01,4.822351147850490426e-03
2.325655695999999939e-01,4.822317877215680747e-03
2.325924081000000088e-01,4.822218067741601034e-03
2.326013536000000048e-01,4.822184798726941550e-03
2.326371319999999965e-01,4.822051726717676429e-03
2.326729050000000132e-01,4.821918661187885383e-03
2.326818474000000025e-01,4.821885395817790583e-03
2.326997311000000013e-01,4.821818866292209259e-03
2.327801908000000086e-01,4.821519503469364962e-03
2.328159418000000092e-01,4.821386463852311149e-03
2.328427513999999920e-01,4.821286688390061248e-03
2.328784928000000032e-01,4.821153660107709710e-03
2.328874271999999968e-01,4.821120404048888884e-03
2.329231616999999921e-01,4.820987383861862104e-03
2.329678222000000076e-01,4.820821117734865567e-03
2.329946143000000136e-01,4.820721362915014914e-03
2.330303324000000120e-01,4.820588362154333215e-03
2.330392609999999975e-01,4.820555112975689373e-03
2.331106779999999878e-01,4.820289134114565978e-03
2.331285288000000122e-01,4.820222643445366308e-03
2.331374536999999969e-01,4.820189398717677695e-03
2.332445258999999993e-01,4.819790493540862704e-03
2.332802056000000124e-01,4.819657538092961442e-03
2.333515489000000109e-01,4.819391646612056559e-03
2.333782970000000123e-01,4.819291943979820379e-03
2.334228703000000016e-01,4.819125781013905950e-03
2.334496101999999906e-01,4.819026088086838730e-03
2.335298114999999897e-01,4.818727031139668181e-03
2.335387211000000129e-01,4.818693804611601066e-03
2.335565391999999962e-01,4.818627352768145231e-03
2.335654477999999923e-01,4.818594127452943861e-03
2.336367038999999923e-01,4.818328339483226447e-03
2.336634193000000081e-01,4.818228675664134805e-03
2.336723237999999980e-01,4.818195455199587168e-03
2.336812279000000103e-01,4.818162235139094793e-03
2.336990351000000077e-01,4.818095796230657465e-03
2.337524487000000040e-01,4.817896489205312008e-03
2.338058500999999900e-01,4.817697196728365494e-03
2.338236478000000063e-01,4.817630769135330775e-03
2.338414441999999982e-01,4.817564343158677563e-03
2.338503419000000083e-01,4.817531130776457268e-03
2.339659810999999978e-01,4.817099406573386970e-03
2.340371152000000066e-01,4.816833764074329380e-03
2.340637848999999882e-01,4.816734154801849757e-03
2.340993398000000003e-01,4.816601348093012096e-03
2.341260025000000133e-01,4.816501747302113362e-03
2.341704334999999970e-01,4.816335754060532479e-03
2.342059722000000010e-01,4.816202966735829739e-03
2.342415055000000024e-01,4.816070185871632742e-03
2.342770335000000093e-01,4.815937411467722910e-03
2.343036759000000080e-01,4.815837834903855148e-03
2.343214358000000053e-01,4.815771452546475061e-03
2.344102153000000022e-01,4.815439564980671973e-03
2.344634667999999922e-01,4.815240451815751624e-03
2.344900880999999937e-01,4.815140900682031433e-03
2.345255783000000094e-01,4.815008171486694598e-03
2.345521925000000063e-01,4.814908628827583442e-03
2.345610633000000111e-01,4.814875448748407935e-03
2.345965428000000019e-01,4.814742732466148825e-03
2.346054117999999966e-01,4.814709554404247686e-03
2.346320169999999983e-01,4.814610022639866961e-03
2.346763521999999935e-01,4.814444144434915605e-03
2.347384073000000071e-01,4.814211931891688480e-03
2.348093075000000085e-01,4.813946570331333746e-03
2.348181685000000074e-01,4.813913401951308568e-03
2.348358895000000057e-01,4.813847066401235643e-03
2.348447495000000051e-01,4.813813899231180957e-03
2.348713275000000045e-01,4.813714400140820839e-03
2.349156175000000069e-01,4.813548576389211492e-03
2.349421875000000104e-01,4.813449086977348093e-03
2.350218795000000027e-01,4.813150640515652216e-03
2.350307325000000058e-01,4.813117481813633698e-03
2.351015444000000010e-01,4.812852226710792776e-03
2.351192441000000133e-01,4.812785916966469749e-03
2.351280933999999878e-01,4.812752762698852861e-03
2.351634874000000097e-01,4.812620149659531388e-03
2.352342594000000064e-01,4.812354942927647879e-03
2.352431044000000138e-01,4.812321793899779730e-03
2.353138523999999954e-01,4.812056616184547282e-03
2.353403775000000031e-01,4.811957181190448449e-03
2.353668995000000042e-01,4.811857749822521027e-03
2.353757394999999863e-01,4.811824606839040959e-03
2.354022575999999978e-01,4.811725180306226750e-03
2.354376103999999970e-01,4.811592617236163175e-03
2.354552846999999893e-01,4.811526338118113366e-03
2.354817938000000055e-01,4.811426922462652862e-03
2.355083000000000037e-01,4.811327510432820802e-03
2.355171346999999915e-01,4.811294373895099591e-03
2.355878003999999915e-01,4.811029296093678742e-03
2.356584449999999942e-01,4.810764244068387388e-03
2.356672740000000099e-01,4.810731114377247639e-03
2.357202415999999912e-01,4.810532344687813190e-03
2.357643721000000081e-01,4.810366714352720154e-03
2.358261409000000086e-01,4.810134848793278482e-03
2.358702515999999971e-01,4.809969242613838618e-03
2.359496301000000018e-01,4.809671176850208694e-03
2.359760837000000055e-01,4.809571828840576366e-03
2.360113504999999945e-01,4.809439370461998306e-03
2.360906815000000103e-01,4.809141362651741386e-03
2.361083069999999895e-01,4.809075143120189640e-03
2.361171193000000113e-01,4.809042033958053734e-03
2.361523650000000030e-01,4.808909601332492581e-03
2.361611755999999951e-01,4.808876494181923804e-03
2.362316486999999909e-01,4.808611651460616317e-03
2.362932953999999919e-01,4.808379935198534710e-03
2.363021006999999896e-01,4.808346834484194220e-03
2.363285148000000002e-01,4.808247534754765511e-03
2.363725318000000075e-01,4.808082043249642563e-03
2.363901362999999978e-01,4.808015849462750693e-03
2.363989380000000029e-01,4.807982753172413901e-03
2.364693401999999889e-01,4.807717997327010453e-03
2.365045335000000026e-01,4.807585629054769716e-03
2.365309250000000030e-01,4.807486357072165810e-03
2.365397214999999942e-01,4.807453267215368482e-03
2.365661089999999966e-01,4.807354000057089544e-03
2.365836990999999889e-01,4.807287823961790656e-03
2.366364615000000060e-01,4.807089305323632329e-03
2.366452541000000076e-01,4.807056220290860729e-03
2.366716299000000134e-01,4.806956967604203608e-03
2.367155830000000072e-01,4.806791554498326957e-03
2.367243726999999909e-01,4.806758473083015855e-03
2.367507396000000097e-01,4.806659231247911029e-03
2.367771036999999912e-01,4.806559993029979605e-03
2.367946780999999890e-01,4.806493836227256934e-03
2.368210373000000091e-01,4.806394604037068918e-03
2.368473935000000030e-01,4.806295375463164390e-03
2.368561781999999893e-01,4.806262300075378122e-03
2.369527889999999970e-01,4.805898497328158110e-03
2.370054692999999935e-01,4.805700079954788873e-03
2.370669146999999921e-01,4.805468611295451997e-03
2.371371186000000020e-01,4.805204099783173463e-03
2.371458925999999912e-01,4.805171037651294851e-03
2.371985299000000103e-01,4.804972673293200075e-03
2.372160731000000078e-01,4.804906555052958737e-03
2.372423854000000054e-01,4.804807380703883697e-03
2.373476056000000112e-01,4.804410719441831040e-03
2.373739032999999943e-01,4.804311563158780371e-03
2.374089624999999870e-01,4.804179360401326405e-03
2.374264900999999983e-01,4.804113261430798497e-03
2.374527791000000110e-01,4.804014115985310446e-03
2.374878266000000071e-01,4.803881927676903474e-03
2.375141088000000122e-01,4.803782790659444531e-03
2.375666644999999966e-01,4.803584527459593863e-03
2.375929380000000035e-01,4.803485401276833509e-03
2.376192085999999926e-01,4.803386278705271302e-03
2.376542315999999877e-01,4.803254120893740188e-03
2.376629865000000064e-01,4.803221082443780848e-03
2.376892493999999967e-01,4.803121969501294823e-03
2.376980029999999910e-01,4.803088932656024088e-03
2.377767712999999949e-01,4.802791619101144313e-03
2.378730081000000052e-01,4.802428279988228861e-03
2.378992477999999910e-01,4.802329195925061044e-03
2.379866925000000133e-01,4.801998941779232755e-03
2.380129196000000114e-01,4.801899873354170331e-03
2.380478846000000093e-01,4.801767787733757752e-03
2.380828445000000015e-01,4.801635708527839108e-03
2.381177992000000077e-01,4.801503635735789900e-03
2.381265371000000075e-01,4.801470618539971369e-03
2.381876933000000029e-01,4.801239509392187833e-03
2.381964286000000097e-01,4.801206495402852124e-03
2.382226326999999921e-01,4.801107455839792766e-03
2.382924959999999925e-01,4.800843367971248908e-03
2.383186895000000138e-01,4.800744341632651006e-03
2.383274200000000120e-01,4.800711333654465209e-03
2.383536096999999965e-01,4.800612312124262308e-03
2.383623388999999981e-01,4.800579305748766713e-03
2.384059802999999866e-01,4.800414279881476745e-03
2.384757899000000125e-01,4.800150259326259675e-03
2.385019633000000083e-01,4.800051258227932584e-03
2.385281337000000057e-01,4.799952260734373019e-03
2.385368566000000135e-01,4.799919262371097652e-03
2.386066279000000068e-01,4.799655289882584844e-03
2.386153478999999966e-01,4.799622295123807253e-03
2.386763789000000135e-01,4.799391343025035533e-03
2.386850963000000103e-01,4.799358351469750969e-03
2.387112466999999905e-01,4.799259379206615057e-03
2.387461093999999895e-01,4.799127421794622053e-03
2.387548243000000014e-01,4.799094433442605868e-03
2.387722530999999981e-01,4.799028457939610165e-03
2.388158196000000066e-01,4.798863526188343331e-03
2.388506670999999970e-01,4.798731587993222344e-03
2.388767992999999978e-01,4.798632638549833393e-03
2.388942192000000075e-01,4.798566674255679704e-03
2.389551789999999898e-01,4.798335811834430337e-03
2.389900061000000131e-01,4.798203899255595352e-03
2.390248282000000113e-01,4.798071993079983805e-03
2.390335329000000120e-01,4.798039017536440652e-03
2.390509413999999944e-01,4.797973067649936516e-03
2.390857546000000056e-01,4.797841172678622874e-03
2.391031593000000066e-01,4.797775227593698011e-03
2.391640657000000114e-01,4.797544432399339365e-03
2.392336540999999983e-01,4.797280690466547773e-03
2.392423512999999891e-01,4.797247724525202997e-03
2.392684407000000013e-01,4.797148829100533231e-03
2.393379988000000069e-01,4.796885125567309019e-03
2.393640777999999913e-01,4.796786243341200420e-03
2.393727702000000013e-01,4.796753283399050709e-03
2.393814622999999864e-01,4.796720323856842362e-03
2.394509874999999899e-01,4.796456661914381969e-03
2.394683656999999910e-01,4.796390750427435672e-03
2.394770542999999918e-01,4.796357795283660332e-03
2.395204924999999874e-01,4.796193025561863200e-03
2.395465516999999989e-01,4.796094168526440944e-03
2.395812928999999925e-01,4.795962364742689145e-03
2.396073454000000047e-01,4.795863516102026602e-03
2.396507600999999987e-01,4.795698776362329607e-03
2.397288867000000046e-01,4.795402270010879799e-03
2.397896341999999903e-01,4.795171676339411541e-03
2.398850634999999953e-01,4.794809354414068109e-03
2.398937369999999958e-01,4.794776418454423615e-03
2.399284278999999909e-01,4.794644678610951102e-03
2.399370997999999977e-01,4.794611744648723597e-03
2.399631137000000081e-01,4.794512945159032542e-03
2.399891248999999893e-01,4.794414149264705945e-03
2.399977946000000084e-01,4.794381218098661863e-03
2.400064640000000027e-01,4.794348287332068220e-03
2.400238020000000083e-01,4.794282426997453425e-03
2.400758081999999904e-01,4.794084855578644930e-03
2.401278031999999896e-01,4.793887298537341697e-03
2.401451323999999887e-01,4.793821449385044994e-03
2.401971123999999957e-01,4.793623911511400541e-03
2.402750613000000091e-01,4.793327631651851488e-03
2.403010385999999887e-01,4.793228878884786201e-03
2.403096970999999971e-01,4.793195962094224695e-03
2.403789537999999892e-01,4.792932642140035338e-03
2.404741491999999869e-01,4.792570618912748645e-03
2.404828015000000097e-01,4.792537710104910996e-03
2.404914533999999993e-01,4.792504801695952193e-03
2.405174073999999940e-01,4.792406078863725369e-03
2.405606577999999940e-01,4.792241548790609346e-03
2.406211953000000070e-01,4.792011223446257691e-03
2.406298423000000075e-01,4.791978321421586084e-03
2.406903622999999881e-01,4.791748018418570676e-03
2.406990068000000038e-01,4.791715119585312349e-03
2.407162948999999885e-01,4.791649323115531114e-03
2.407249384000000048e-01,4.791616425478809581e-03
2.407508671999999961e-01,4.791517734962222504e-03
2.407940756999999987e-01,4.791353258745125951e-03
2.408545545000000121e-01,4.791123008791650130e-03
2.408631931000000115e-01,4.791090117536360438e-03
2.408977444000000023e-01,4.790958556502883381e-03
2.409322906999999958e-01,4.790827001849312476e-03
2.409581972000000016e-01,4.790728340045812862e-03
2.409754665999999934e-01,4.790662567503559989e-03
2.410013685000000072e-01,4.790563911680612366e-03
2.410272675000000031e-01,4.790465259445458868e-03
2.410963181000000122e-01,4.790202204359012700e-03
2.411049480000000134e-01,4.790169324266905365e-03
2.411394645999999919e-01,4.790037807884504548e-03
2.411739763000000092e-01,4.789906297879271621e-03
2.411826035000000090e-01,4.789873421374420646e-03
2.412429849000000126e-01,4.789643296998348336e-03
2.412688580000000027e-01,4.789544678243165370e-03
2.413205958999999901e-01,4.789347451491336727e-03
2.413464606999999873e-01,4.789248843494335432e-03
2.413895624999999878e-01,4.789084504800688105e-03
2.414068011000000125e-01,4.789018772111996655e-03
2.414154199000000112e-01,4.788985906365113114e-03
2.414498921999999881e-01,4.788854447361474628e-03
2.414843594999999954e-01,4.788722994730984679e-03
2.415446655000000054e-01,4.788492967962274666e-03
2.415791193000000059e-01,4.788361532856264847e-03
2.415963442999999877e-01,4.788295817692585221e-03
2.416221795999999866e-01,4.788197247933904423e-03
2.416480121000000036e-01,4.788098681758942883e-03
2.416566223000000124e-01,4.788065827163632930e-03
2.416824512000000091e-01,4.787967265766985420e-03
2.417599210999999970e-01,4.787671603076249817e-03
2.418029492000000058e-01,4.787507359959516061e-03
2.418631757999999965e-01,4.787277436314860482e-03
2.419319876999999896e-01,4.787014690315925108e-03
2.419405877999999954e-01,4.786981848856951792e-03
2.419577871999999963e-01,4.786916167133116809e-03
2.420695529000000124e-01,4.786489274724433848e-03
2.421039319999999939e-01,4.786357936742116799e-03
2.421383061999999864e-01,4.786226605125132490e-03
2.421468989999999988e-01,4.786193773215454556e-03
2.421726755999999980e-01,4.786095279873271019e-03
2.421984493000000072e-01,4.785996790110817745e-03
2.423358633000000095e-01,4.785471571834767381e-03
2.423530345000000086e-01,4.785405926708537552e-03
2.423702045999999999e-01,4.785340283173136755e-03
2.424045410000000011e-01,4.785209000873571518e-03
2.424474547999999896e-01,4.785044906945541687e-03
2.424903609000000071e-01,4.784880822956666391e-03
2.425075211999999925e-01,4.784815192143927927e-03
2.425589948999999912e-01,4.784618309246405424e-03
2.426104575999999957e-01,4.784421440658380084e-03
2.426533348999999895e-01,4.784257394431769457e-03
2.426790577000000060e-01,4.784158971465010159e-03
2.426876313000000118e-01,4.784126164604105176e-03
2.427219227999999895e-01,4.783994941134610962e-03
2.427562094999999864e-01,4.783863724023071709e-03
2.427647804999999992e-01,4.783830920738726782e-03
2.427819213999999892e-01,4.783765315361632360e-03
2.427904914000000025e-01,4.783732513269076288e-03
2.428333369000000019e-01,4.783568508765973122e-03
2.428590405999999924e-01,4.783470110831604914e-03
2.428933078999999939e-01,4.783338919147286754e-03
2.429190052000000100e-01,4.783240529555058893e-03
2.429532641000000104e-01,4.783109348993223875e-03
2.429618280999999991e-01,4.783076554845812345e-03
2.429703917000000102e-01,4.783043761095384476e-03
2.430645720999999870e-01,4.782683056054533657e-03
2.431672726999999923e-01,4.782289614446639733e-03
2.431758290999999905e-01,4.782256830226763560e-03
2.432014966000000111e-01,4.782158479949474156e-03
2.432271614000000026e-01,4.782060133245231125e-03
2.432442696999999876e-01,4.781994570760525129e-03
2.432699298999999871e-01,4.781896230010746450e-03
2.433041394000000079e-01,4.781765114568544209e-03
2.433297933000000135e-01,4.781666782154484797e-03
2.434323820000000027e-01,4.781273488218192383e-03
2.434494759999999980e-01,4.781207944784867520e-03
2.435007505000000017e-01,4.781011324007612348e-03
2.435092952000000033e-01,4.780978555266817732e-03
2.435776420999999914e-01,4.780716419623785331e-03
2.435861840999999917e-01,4.780683654453668323e-03
2.436118083000000101e-01,4.780585361323541789e-03
2.436459698000000007e-01,4.780454309370543893e-03
2.437228154999999952e-01,4.780159465680190560e-03
2.437825677000000080e-01,4.779930165020241338e-03
2.437911024999999954e-01,4.779897409369323127e-03
2.438167052000000112e-01,4.779799144796086953e-03
2.438593703999999973e-01,4.779635378437977096e-03
2.438764344000000084e-01,4.779569874670310144e-03
2.438849659000000003e-01,4.779537123381116456e-03
2.439190891000000139e-01,4.779406122189443391e-03
2.439873211999999958e-01,4.779144138835646899e-03
2.440129033000000003e-01,4.779045901618795243e-03
2.440214300000000114e-01,4.779013156672478300e-03
2.440470086000000038e-01,4.778914924212371122e-03
2.440640594000000052e-01,4.778849437887197800e-03
2.441237280999999926e-01,4.778620248234285474e-03
2.441492959000000074e-01,4.778522030041876430e-03
2.442004234000000051e-01,4.778325604356366101e-03
2.442941295999999929e-01,4.777965527647774768e-03
2.443367113999999896e-01,4.777801872263855686e-03
2.444048268000000024e-01,4.777540044248378658e-03
2.444218526999999974e-01,4.777474591205535352e-03
2.444303651999999993e-01,4.777441865278213122e-03
2.444984545999999981e-01,4.777180072117722179e-03
2.445239831999999891e-01,4.777081906216895657e-03
2.445324922000000067e-01,4.777049185042073036e-03
2.445580172000000052e-01,4.776951023893064377e-03
2.445665250000000068e-01,4.776918304302135362e-03
2.446345763999999978e-01,4.776656561828091646e-03
2.446770990000000090e-01,4.776492985649343631e-03
2.447026089999999876e-01,4.776394844692682766e-03
2.447366182000000057e-01,4.776263995625806835e-03
2.447961227999999878e-01,4.776035024997861943e-03
2.448046222999999966e-01,4.776002316491403943e-03
2.448301190000000127e-01,4.775904193346666021e-03
2.448641105000000096e-01,4.775773368027718194e-03
2.448726075999999863e-01,4.775740662687260642e-03
2.449320792999999941e-01,4.775511736384690717e-03
2.449405739999999942e-01,4.775479034209803401e-03
2.449490685000000056e-01,4.775446332430797330e-03
2.450085216000000010e-01,4.775217431055896709e-03
2.450170137000000081e-01,4.775184732441995969e-03
2.451019187000000044e-01,4.774857768061393538e-03
2.451104075999999965e-01,4.774825073799039699e-03
2.451358724999999905e-01,4.774726993385152753e-03
2.452122512999999893e-01,4.774432773501327554e-03
2.452207362999999918e-01,4.774400084380439960e-03
2.452377055999999944e-01,4.774334707325424663e-03
2.452461897999999862e-01,4.774302019391068845e-03
2.452886062999999894e-01,4.774138585650677946e-03
2.453140527000000071e-01,4.774040530151488042e-03
2.453394963999999956e-01,4.773942478210707781e-03
2.453734173000000074e-01,4.773811747825053818e-03
2.454158117999999944e-01,4.773648343738189949e-03
2.454242898000000006e-01,4.773615664106751512e-03
2.454751518000000132e-01,4.773419594619690391e-03
2.454836277999999927e-01,4.773386917755379627e-03
2.454921035000000029e-01,4.773354241286335148e-03
2.455175287999999956e-01,4.773256214250587784e-03
2.455514250999999981e-01,4.773125517069573380e-03
2.456446157999999935e-01,4.772766132425547425e-03
2.456530859000000122e-01,4.772733463465193664e-03
2.456784945000000109e-01,4.772635458955020588e-03
2.456954322000000079e-01,4.772570124590687878e-03
2.457885682000000016e-01,4.772210813834299251e-03
2.458224271999999988e-01,4.772080167229070594e-03
2.458308912000000124e-01,4.772047506565253901e-03
2.458985927000000016e-01,4.771786235474093432e-03
2.459239759000000081e-01,4.771688265331600932e-03
2.459578162000000123e-01,4.771557644004143471e-03
2.460170254999999861e-01,4.771329071884522141e-03
2.460254828000000005e-01,4.771296420304047166e-03
2.460508530000000138e-01,4.771198467931779194e-03
2.460593091000000121e-01,4.771165817930573053e-03
2.461269477999999955e-01,4.770904632134924557e-03
2.461607601999999950e-01,4.770774048711894956e-03
2.461692125000000120e-01,4.770741403842876892e-03
2.462283710000000014e-01,4.770512900813164703e-03
2.463044108999999926e-01,4.770219139621023098e-03
2.463213055000000040e-01,4.770153863697345481e-03
2.463635369000000130e-01,4.769990680793916027e-03
2.463973167999999880e-01,4.769860141573848897e-03
2.464310920999999988e-01,4.769729608666929688e-03
2.464395352000000039e-01,4.769696976426554547e-03
2.464564204999999952e-01,4.769631713129346244e-03
2.464901877000000019e-01,4.769501191269289245e-03
2.465070695000000089e-01,4.769435932706117889e-03
2.465914613999999894e-01,4.769109663558713727e-03
2.466420826999999871e-01,4.768913921002798824e-03
2.466673893999999922e-01,4.768816055048946678e-03
2.466926936000000126e-01,4.768718192644529584e-03
2.467011276999999947e-01,4.768685572631624348e-03
2.467348614000000051e-01,4.768555096523689057e-03
2.467685904999999957e-01,4.768424626724716668e-03
2.468360347999999926e-01,4.768163706051757600e-03
2.468444640000000134e-01,4.768131092741658209e-03
2.468697499999999989e-01,4.768033255176962540e-03
2.469118875999999907e-01,4.767870200453188344e-03
2.469371666999999881e-01,4.767772372349032665e-03
2.469624431999999925e-01,4.767674547792238177e-03
2.469708680999999906e-01,4.767641940394864823e-03
2.469961411000000107e-01,4.767544120567545826e-03
2.470045649000000010e-01,4.767511514746755955e-03
2.470466795000000049e-01,4.767348491553980924e-03
2.470719447999999985e-01,4.767250682367188581e-03
2.471393063000000001e-01,4.766989875206812527e-03
2.471729802000000031e-01,4.766859481082890565e-03
2.472403140999999971e-01,4.766598711745046076e-03
2.472487295999999946e-01,4.766566117350642083e-03
2.472655596999999983e-01,4.766500929743496505e-03
2.473160429000000049e-01,4.766305376375000805e-03
2.473412806999999991e-01,4.766207605008141411e-03
2.473749271000000027e-01,4.766077248699464308e-03
2.474001589000000001e-01,4.765979485603080365e-03
2.474422061000000062e-01,4.765816554984845382e-03
2.474758387999999865e-01,4.765686217578292937e-03
2.475178731000000076e-01,4.765523304678909514e-03
2.475346848999999960e-01,4.765458142275334069e-03
2.476103236999999957e-01,4.765164930946134102e-03
2.476439334999999964e-01,4.765034625034628678e-03
2.476523351999999900e-01,4.765002049540735182e-03
2.476775387000000050e-01,4.764904325420855555e-03
2.477195389000000081e-01,4.764741459759546695e-03
2.477699295999999940e-01,4.764546033952904436e-03
2.477783271000000009e-01,4.764513464362576771e-03
2.478371014000000094e-01,4.764285488247690589e-03
2.478454965999999926e-01,4.764252921805207756e-03
2.478538915000000065e-01,4.764220355756143728e-03
2.478790744999999907e-01,4.764122659969681310e-03
2.479881714000000126e-01,4.763699352476664754e-03
2.480468959999999889e-01,4.763471445208058812e-03
2.480552839999999870e-01,4.763438888599894235e-03
2.480720593999999890e-01,4.763373776564001905e-03
2.481056066000000004e-01,4.763243557211146485e-03
2.481223785999999987e-01,4.763178449894509524e-03
2.481475343000000000e-01,4.763080791868518939e-03
2.481726874999999888e-01,4.762983137381679097e-03
2.481810714000000084e-01,4.762950586672635121e-03
2.482062211999999934e-01,4.762852936904240532e-03
2.482565132000000008e-01,4.762657647983297229e-03
2.482816552999999871e-01,4.762560008830181262e-03
2.483486886999999865e-01,4.762299655052709343e-03
2.483738215000000082e-01,4.762202028871906703e-03
2.483821985999999926e-01,4.762169487597893609e-03
2.484575793000000088e-01,4.761876633817083843e-03
2.484743275000000085e-01,4.761811559522253524e-03
2.484827011000000085e-01,4.761779022964136507e-03
2.485161928999999881e-01,4.761648880661810239e-03
2.485245651999999916e-01,4.761616346068727260e-03
2.485496802000000116e-01,4.761518744646614509e-03
2.485747927999999995e-01,4.761421146761072969e-03
2.487086833999999913e-01,4.760900684420376477e-03
2.487254145999999999e-01,4.760835633698533471e-03
2.487505094000000139e-01,4.760738060561896245e-03
2.488759453000000121e-01,4.760250247898091536e-03
2.488843054000000055e-01,4.760217730195331030e-03
2.489093842000000001e-01,4.760120179443375586e-03
2.489261020000000102e-01,4.760055147571980692e-03
2.489511765000000099e-01,4.759957602709378489e-03
2.489846052999999948e-01,4.759827548389225851e-03
2.490096739000000059e-01,4.759730011771164983e-03
2.490598036999999987e-01,4.759534949134500321e-03
2.490848647999999999e-01,4.759437423115333611e-03
2.491099233000000079e-01,4.759339900628578243e-03
2.491182755999999943e-01,4.759307393918033556e-03
2.491266276000000113e-01,4.759274887599924085e-03
2.491767337999999943e-01,4.759079857933237734e-03
2.491934336000000139e-01,4.759014851183852347e-03
2.492518742000000009e-01,4.758787339922269585e-03
2.492602217999999870e-01,4.758754839883177351e-03
2.492769159999999873e-01,4.758689840981754696e-03
2.492852627000000099e-01,4.758657342119629839e-03
2.493854013000000036e-01,4.758267386375880995e-03
2.494104296000000109e-01,4.758169906266464244e-03
2.494604787999999962e-01,4.757974956638729054e-03
2.494854995999999936e-01,4.757877487119827747e-03
2.495271954000000125e-01,4.757715045765676873e-03
2.495522095999999912e-01,4.757617585659386014e-03
2.495855579000000046e-01,4.757487644340929051e-03
2.496439065999999929e-01,4.757260262129882171e-03
2.496522411000000052e-01,4.757227780525430036e-03
2.496605752000000122e-01,4.757195299312781678e-03
2.497105742999999878e-01,4.757000420270784263e-03
2.497189065000000041e-01,4.756967941802571660e-03
2.497522325000000043e-01,4.756838031849793848e-03
2.497772241000000004e-01,4.756740603501224442e-03
2.497938838000000050e-01,4.756675653228781969e-03
2.498605114000000127e-01,4.756415867816831365e-03
2.498854920999999951e-01,4.756318454753933125e-03
2.499520953000000101e-01,4.756058703829453560e-03
2.499770668999999890e-01,4.755961303698290864e-03
2.499853901999999906e-01,4.755928837771527910e-03
