q,I
2.039995199999999811e-03,8.481738812549367151e-03
2.884988900000000096e-03,8.481293203964864955e-03
4.079990399999999622e-03,8.480402071007180770e-03
4.561568000000000220e-03,8.479956546628810224e-03
5.769977800000000191e-03,8.478620141874551250e-03
6.119985599999999866e-03,8.478174729747085456e-03
6.451031299999999968e-03,8.477729345671621355e-03
7.355307299999999833e-03,8.476393361765147821e-03
8.159980799999999243e-03,8.475057630307798393e-03
8.411115699999999196e-03,8.474612442571104187e-03
8.654966599999999385e-03,8.474167282865643566e-03
9.123135799999999504e-03,8.473277047595668271e-03
1.019997589999999989e-02,8.471051949972772596e-03
1.040197520000000000e-02,8.470607014543555385e-03
1.098571020000000016e-02,8.469272376326827251e-03
1.153995529999999985e-02,8.467937990239919610e-03
1.189511369999999950e-02,8.467048539594271631e-03
1.223997100000000053e-02,8.466159201008991581e-03
1.240880609999999926e-02,8.465714573692330672e-03
1.290206219999999980e-02,8.464380859733668452e-03
1.306234239999999949e-02,8.463936344363123115e-03
1.368470339999999959e-02,8.462158562985301613e-03
1.427996599999999984e-02,8.460381229393139357e-03
1.442494390000000071e-02,8.459936965878663007e-03
1.471061409999999993e-02,8.459048522796048034e-03
1.485138870000000076e-02,8.458604343312787696e-03
1.553614000000000037e-02,8.456383864965879779e-03
1.593287120000000043e-02,8.455051913403953054e-03
1.631996089999999955e-02,8.453720213658673724e-03
1.644696630000000090e-02,8.453276369500974108e-03
1.682223050000000025e-02,8.451945004949178858e-03
1.730993239999999850e-02,8.450170243087348765e-03
1.742972569999999902e-02,8.449726622633227380e-03
1.754870130000000042e-02,8.449283029849680160e-03
1.824627070000000087e-02,8.446622060270489105e-03
1.835995569999999966e-02,8.446178663233020953e-03
1.847294110000000100e-02,8.445735293899548149e-03
1.880782519999999944e-02,8.444405353209534851e-03
1.924527490000000132e-02,8.442632489722512804e-03
1.935309240000000069e-02,8.442189343781608332e-03
2.009162109999999835e-02,8.439088101831790367e-03
2.019492059999999922e-02,8.438645178606664007e-03
2.039995039999999843e-02,8.437759416358974612e-03
2.050169640000000168e-02,8.437316577232486028e-03
2.080394890000000080e-02,8.435988226206904070e-03
2.100303430000000082e-02,8.435102797916160106e-03
2.129817330000000064e-02,8.433774865093921630e-03
2.168544450000000137e-02,8.432004677252333963e-03
2.197141860000000058e-02,8.430677329364732672e-03
2.206591980000000008e-02,8.430234935411019467e-03
2.243994499999999934e-02,8.428465639485425986e-03
2.253248119999999924e-02,8.428023384926040459e-03
2.280783739999999934e-02,8.426696788021324422e-03
2.307990860000000075e-02,8.425370441286590337e-03
2.325952140000000015e-02,8.424486349830099044e-03
2.379022509999999951e-02,8.421834741811620381e-03
2.387752890000000017e-02,8.421392904797098122e-03
2.447993949999999891e-02,8.418300822119032661e-03
2.456479220000000116e-02,8.417859206626748456e-03
2.464935279999999965e-02,8.417417619345229571e-03
2.481760959999999849e-02,8.416534528710287177e-03
2.490131170000000130e-02,8.416093024025152886e-03
2.523334379999999863e-02,8.414327286893522051e-03
2.556106320000000112e-02,8.412561992776824982e-03
2.580412149999999905e-02,8.411238314462599758e-03
2.596489630000000173e-02,8.410355999970085469e-03
2.612468180000000056e-02,8.409473797290395805e-03
2.651993379999999928e-02,8.407268776741538135e-03
2.659827940000000085e-02,8.406827855572009470e-03
2.683194360000000153e-02,8.405505259248597164e-03
2.721692649999999866e-02,8.403301485640704907e-03
2.736940339999999888e-02,8.402420169604967945e-03
2.744532419999999931e-02,8.401979552954606106e-03
2.774693010000000085e-02,8.400217366128974114e-03
2.834051430000000121e-02,8.396694320626922267e-03
2.841384049999999897e-02,8.396254065113274712e-03
2.855992799999999832e-02,8.395373636868560738e-03
2.863269220000000045e-02,8.394933463838906776e-03
2.884988380000000005e-02,8.393613110239358729e-03
2.899377430000000047e-02,8.392733012219322219e-03
2.920828110000000047e-02,8.391413075432684748e-03
2.942122390000000143e-02,8.390093385533401588e-03
2.970277299999999829e-02,8.388334188603885008e-03
3.012016249999999867e-02,8.385696219962168046e-03
3.032670299999999999e-02,8.384377609186617966e-03
3.059992200000000162e-02,8.382619848481308658e-03
3.066784640000000048e-02,8.382180478726630746e-03
3.087072290000000135e-02,8.380862530861265744e-03
3.107227489999999856e-02,8.379544830507724279e-03
3.113916889999999993e-02,8.379105651959433895e-03
3.120591959999999970e-02,8.378666503335329904e-03
3.166923519999999964e-02,8.375593224104400589e-03
3.173487090000000344e-02,8.375154292593381053e-03
3.186573689999999681e-02,8.374276516453614191e-03
3.193096869999999948e-02,8.373837670623258608e-03
3.225514909999999819e-02,8.371643850725219230e-03
3.263991580000000226e-02,8.369012178491607237e-03
3.270360349999999749e-02,8.368573662580218800e-03
3.289392669999999935e-02,8.367258279124671974e-03
3.295712349999999763e-02,8.366819873238125205e-03
3.320870809999999784e-02,8.365066525817534474e-03
3.345840099999999873e-02,8.363313618099672830e-03
3.364445469999999966e-02,8.361999229755544619e-03
3.376792089999999802e-02,8.361123105656474708e-03
3.395227840000000080e-02,8.359809126954916361e-03
3.419654240000000178e-02,8.358057543531983644e-03
3.461985769999999935e-02,8.354993325924049696e-03
3.467990950000000155e-02,8.354555692976372086e-03
3.473985749999999872e-02,8.354118085334700031e-03
3.485944419999999905e-02,8.353242953021082495e-03
3.491908400000000301e-02,8.352805429472904761e-03
3.509739530000000052e-02,8.351493015907752310e-03
3.521576790000000012e-02,8.350618216317971104e-03
3.562697489999999689e-02,8.347557271132469148e-03
3.568533189999999883e-02,8.347120101502725903e-03
3.609118929999999975e-02,8.344060694147734450e-03
3.614879690000000201e-02,8.343623749055424990e-03
3.632107169999999885e-02,8.342313066000431321e-03
3.649253310000000194e-02,8.341002634263324292e-03
3.671990299999999818e-02,8.339255777208251161e-03
3.677652580000000115e-02,8.338819128731675412e-03
3.694587359999999820e-02,8.337509355712089884e-03
3.722640800000000250e-02,8.335326945711006574e-03
3.744932249999999990e-02,8.333581508026731421e-03
3.750484409999999685e-02,8.333145218249239997e-03
3.761564139999999667e-02,8.332272720647279640e-03
3.794609239999999911e-02,8.329655882054424337e-03
3.811024350000000172e-02,8.328347836893543882e-03
3.832801789999999709e-02,8.326604153363465627e-03
3.849054019999999937e-02,8.325296678210355322e-03
3.870617500000000238e-02,8.323553765337301374e-03
3.875989619999999775e-02,8.323118107002131991e-03
3.881354310000000030e-02,8.322682473822394164e-03
3.897404079999999826e-02,8.321375735482462038e-03
3.918701509999999999e-02,8.319633801863427977e-03
3.924007809999999902e-02,8.319198390973999574e-03
3.939883820000000120e-02,8.317892311395442759e-03
3.960952859999999909e-02,8.316151254705972384e-03
4.007953250000000078e-02,8.312235477927455707e-03
4.018323120000000248e-02,8.311365603175418712e-03
4.023498040000000192e-02,8.310930706327988512e-03
4.038983000000000156e-02,8.309626182286641155e-03
4.049273419999999818e-02,8.308756637276237464e-03
4.064660190000000256e-02,8.307452528856253821e-03
4.079988930000000291e-02,8.306148659298250719e-03
4.085085730000000137e-02,8.305714095767439617e-03
4.100338109999999980e-02,8.304410555385719969e-03
4.105409649999999799e-02,8.303976092051246205e-03
4.125633449999999841e-02,8.302238533398448653e-03
4.130673929999999910e-02,8.301804206720084928e-03
4.160788569999999964e-02,8.299198847365808415e-03
4.185718599999999762e-02,8.297028453915077095e-03
4.200605599999999995e-02,8.295726550900500360e-03
4.205556230000000173e-02,8.295292638239724209e-03
4.244953370000000004e-02,8.291822303894483270e-03
4.259633349999999985e-02,8.290521383573867462e-03
4.283988209999999713e-02,8.288353721476938996e-03
4.288842589999999899e-02,8.287920267434849275e-03
4.303372860000000133e-02,8.286620075506598987e-03
4.322670569999999962e-02,8.284886868395978377e-03
4.327481560000000227e-02,8.284453634544291026e-03
4.337087509999999757e-02,8.283587242786442234e-03
4.361009829999999698e-02,8.281421760578380406e-03
4.365778569999999997e-02,8.280988736504780318e-03
4.380053619999999676e-02,8.279689852250410667e-03
4.394282299999999891e-02,8.278391211985994258e-03
4.403742540000000344e-02,8.277525588929695796e-03
4.413182499999999953e-02,8.276660065370738256e-03
4.455414840000000015e-02,8.272766587211587488e-03
4.474056810000000273e-02,8.271036850041733890e-03
4.478705179999999814e-02,8.270604485098899394e-03
4.487987470000000256e-02,8.269739843968476611e-03
4.492621420000000171e-02,8.269307554962900333e-03
4.506494700000000103e-02,8.268010870878608060e-03
4.515719859999999669e-02,8.267146543578197601e-03
4.529522390000000065e-02,8.265850259756199123e-03
4.561565869999999884e-02,8.262826550028688419e-03
4.584316940000000146e-02,8.260667566113311794e-03
4.602436819999999873e-02,8.258940873628892523e-03
4.615980060000000190e-02,8.257646124999185044e-03
4.624986849999999927e-02,8.256783101040804373e-03
4.651902589999999671e-02,8.254194682489206930e-03
4.656373419999999819e-02,8.253763371881696342e-03
4.660839960000000282e-02,8.253332092024355526e-03
4.691986699999999705e-02,8.250313880368374125e-03
4.696419369999999677e-02,8.249882808924568003e-03
4.709692359999999994e-02,8.248589776530208806e-03
4.731731260000000133e-02,8.246435258918001499e-03
4.744905459999999853e-02,8.245142864472917305e-03
4.758043189999999756e-02,8.243850717666470138e-03
4.762414379999999753e-02,8.243420059804914060e-03
4.775503939999999753e-02,8.242128241172107933e-03
4.779859160000000246e-02,8.241697680789854263e-03
4.801576009999999894e-02,8.239545331964389166e-03
4.814559110000000280e-02,8.238254229610875862e-03
4.836120139999999790e-02,8.236102952024919321e-03
4.849010740000000291e-02,8.234812511461438514e-03
4.866145090000000006e-02,8.233092288670041878e-03
4.895985910000000274e-02,8.230082960270203307e-03
4.900234049999999814e-02,8.229653162117826076e-03
4.904478510000000180e-02,8.229223383016489105e-03
4.912956429999999763e-02,8.228363922004568870e-03
4.929868529999999888e-02,8.226645321115238010e-03
4.934087499999999932e-02,8.226215740962123518e-03
4.938302859999999656e-02,8.225786176811534720e-03
4.963519859999999950e-02,8.223209420238405259e-03
4.967710250000000050e-02,8.222780048413060733e-03
4.980260260000000244e-02,8.221492099577324200e-03
5.001106959999999935e-02,8.219346080731680659e-03
5.017721960000000314e-02,8.217629732499736814e-03
5.038413659999999711e-02,8.215484911727671119e-03
5.046666589999999897e-02,8.214627178277172925e-03
5.050787989999999672e-02,8.214198335432819353e-03
5.067240099999999886e-02,8.212483284937900987e-03
5.099985089999999749e-02,8.209054480317444155e-03
5.104063439999999979e-02,8.208626007841286765e-03
5.112210379999999887e-02,8.207769114415607373e-03
5.116278989999999832e-02,8.207340721601730227e-03
5.136573690000000025e-02,8.205199126398405457e-03
5.148712109999999814e-02,8.203914474350411032e-03
5.160821980000000059e-02,8.202630086860349459e-03
5.164852290000000040e-02,8.202202013155220420e-03
5.192976900000000062e-02,8.199206197236375351e-03
5.200984570000000140e-02,8.198350503592875815e-03
5.212973010000000046e-02,8.197067148726998320e-03
5.224933949999999855e-02,8.195784034878941110e-03
5.228914839999999897e-02,8.195356394958918864e-03
5.244808220000000271e-02,8.193646067622803800e-03
5.264607470000000344e-02,8.191508741674886560e-03
5.292201970000000311e-02,8.188517632289957562e-03
5.296132299999999765e-02,8.188090445446112586e-03
5.303984240000000211e-02,8.187236134413642188e-03
5.307905849999999814e-02,8.186809026396017069e-03
5.319653330000000124e-02,8.185527834105258554e-03
5.339175040000000011e-02,8.183393060176694100e-03
5.354741159999999722e-02,8.181685720935628209e-03
5.366386120000000287e-02,8.180405511043913752e-03
5.385738429999999827e-02,8.178272327928202273e-03
5.389600549999999657e-02,8.177845774595966788e-03
5.401170360000000226e-02,8.176566286606663445e-03
5.420398480000000047e-02,8.174434312995733018e-03
5.431902689999999756e-02,8.173155442270981647e-03
5.443382580000000193e-02,8.171876836912938050e-03
5.473877910000000263e-02,8.168468345591661101e-03
5.481475239999999971e-02,8.167616483545019068e-03
5.489062050000000081e-02,8.166764736606510131e-03
5.492851530000000121e-02,8.166338914214333125e-03
5.507983360000000272e-02,8.164635858118950845e-03
5.511759819999999949e-02,8.164210146422157255e-03
5.523073729999999903e-02,8.162933215933754205e-03
5.541878909999999742e-02,8.160805512325645591e-03
5.549383139999999881e-02,8.159954603880038501e-03
5.568099469999999995e-02,8.157827837645374378e-03
5.571835189999999743e-02,8.157402559466165465e-03
5.601631270000000107e-02,8.154001322661986670e-03
5.612764020000000215e-02,8.152726299599647938e-03
5.627573429999999793e-02,8.151026621927447494e-03
5.642343970000000125e-02,8.149327395806899021e-03
5.657075939999999664e-02,8.147628583252698384e-03
5.668099790000000193e-02,8.146354749403734996e-03
5.671769649999999774e-02,8.145930187823707119e-03
5.682764989999999905e-02,8.144656689368695926e-03
5.690083420000000003e-02,8.143807820258249647e-03
5.711982439999999800e-02,8.141261839326086394e-03
5.715624119999999919e-02,8.140837589009960323e-03
5.726535270000000094e-02,8.139565044602562610e-03
5.744674450000000071e-02,8.137444644474831762e-03
5.748295419999999850e-02,8.137020630985257116e-03
5.759144669999999994e-02,8.135748795311889200e-03
5.769973510000000333e-02,8.134477197535213214e-03
5.773578619999999995e-02,8.134053371505717278e-03
5.777181470000000013e-02,8.133629578705274532e-03
5.798751569999999883e-02,8.131087409883649975e-03
5.802338790000000079e-02,8.130663831808744926e-03
5.805923799999999912e-02,8.130240249200145278e-03
5.834524540000000231e-02,8.126852580441561516e-03
5.841652840000000069e-02,8.126005947870277440e-03
5.845213739999999963e-02,8.125582652903836148e-03
5.873623160000000093e-02,8.122197338064844618e-03
5.884241330000000020e-02,8.120928265072151209e-03
5.887776470000000151e-02,8.120505317080667362e-03
5.915981499999999754e-02,8.117122518041445731e-03
5.919497680000000012e-02,8.116699809254638784e-03
5.930033710000000291e-02,8.115431763181359462e-03
5.940551060000000272e-02,8.114163980020849820e-03
5.947552290000000103e-02,8.113318912773306163e-03
5.958038699999999854e-02,8.112051501255398631e-03
5.971991950000000299e-02,8.110362038023644429e-03
5.999801099999999693e-02,8.106984305273332025e-03
6.003268190000000254e-02,8.106562226026424456e-03
6.024028800000000294e-02,8.104030186403049160e-03
6.027481950000000005e-02,8.103608280132021738e-03
6.041274809999999662e-02,8.101920912462255361e-03
6.055036250000000314e-02,8.100233930785781869e-03
6.058471719999999894e-02,8.099812250882371806e-03
6.065336839999999757e-02,8.098968992337293726e-03
6.085885719999999804e-02,8.096439821687151026e-03
6.113176780000000032e-02,8.093069062661441618e-03
6.119980530000000002e-02,8.092226636184031777e-03
6.123379560000000166e-02,8.091805470862032182e-03
6.133565380000000067e-02,8.090542120397151496e-03
6.136956899999999882e-02,8.090121039636993805e-03
6.150504259999999696e-02,8.088437040381186646e-03
6.167396609999999807e-02,8.086332588476304040e-03
6.174140610000000001e-02,8.085491032633996406e-03
6.194328550000000044e-02,8.082966899693675919e-03
6.204397889999999777e-02,8.081705182445376306e-03
6.214450920000000322e-02,8.080443713999909197e-03
6.217798310000000050e-02,8.080023259114402223e-03
6.227829700000000329e-02,8.078762110122471654e-03
6.241179809999999883e-02,8.077080961117212229e-03
6.244512879999999933e-02,8.076660702898346561e-03
6.257827400000000317e-02,8.074980075797875620e-03
6.284371810000000114e-02,8.071620030874866736e-03
6.297602060000000168e-02,8.069940639514222233e-03
6.300905280000000663e-02,8.069520852138726066e-03
6.323979509999999582e-02,8.066583140918983513e-03
6.327268960000000109e-02,8.066163559726696741e-03
6.333842739999999416e-02,8.065324492634758091e-03
6.337127069999999585e-02,8.064904991641148879e-03
6.346969869999999347e-02,8.063646644292526283e-03
6.353523260000000505e-02,8.062807912128216667e-03
6.373143000000000558e-02,8.060292266092517963e-03
6.376407089999999722e-02,8.059873123701986539e-03
6.386189339999999437e-02,8.058615718004032841e-03
6.389446769999999887e-02,8.058196657033141544e-03
6.402459889999999321e-02,8.056520604845589587e-03
6.405709029999999415e-02,8.056101665698617298e-03
6.441341509999999604e-02,8.051495020834640096e-03
6.451025289999999524e-02,8.050239186979581824e-03
6.479989830000000561e-02,8.046473154157695457e-03
6.483200120000000288e-02,8.046054851145355985e-03
6.492821479999999479e-02,8.044800028560214478e-03
6.505627819999999784e-02,8.043127334613644694e-03
6.508825470000000057e-02,8.042709233739763972e-03
6.518409000000000009e-02,8.041455082770262303e-03
6.527978469999999589e-02,8.040201167763919368e-03
6.531165170000000075e-02,8.039783224052406835e-03
6.540715969999999491e-02,8.038529620436284800e-03
6.556603060000000538e-02,8.036440772833637960e-03
6.569285060000000509e-02,8.034770130963890880e-03
6.578780519999999354e-02,8.033517464822842111e-03
6.585103220000000646e-02,8.032682478582554852e-03
6.591419860000000130e-02,8.031847582334215516e-03
6.607185029999999848e-02,8.029760837510682703e-03
6.619770129999999475e-02,8.028091859718231721e-03
6.635467940000000509e-02,8.026006260735435438e-03
6.641736669999999398e-02,8.025172227204429437e-03
6.644868819999999454e-02,8.024755249574957658e-03
6.660507479999999703e-02,8.022670675116715111e-03
6.669873070000000015e-02,8.021420270269901537e-03
6.682340109999999889e-02,8.019753411675696261e-03
6.691675140000000188e-02,8.018503516180780152e-03
6.710306259999999912e-02,8.016004498311142534e-03
6.728885780000000427e-02,8.013506397588163882e-03
6.731977379999999622e-02,8.013090148106681923e-03
6.735067570000000114e-02,8.012673890724842513e-03
6.744329620000000247e-02,8.011425364069972924e-03
6.753578970000000126e-02,8.010177019616876101e-03
6.756659280000000545e-02,8.009760959849341819e-03
6.759738179999999486e-02,8.009344967851763850e-03
6.781251330000000188e-02,8.006433482282285588e-03
6.790450389999999614e-02,8.005186080724820130e-03
6.793513980000000230e-02,8.004770330495751887e-03
6.808811230000000325e-02,8.002692056595251541e-03
6.817973099999999342e-02,8.001445328656141623e-03
6.839303080000000423e-02,7.998537344796139564e-03
6.842344790000000343e-02,7.998122014180786624e-03
6.854498139999999629e-02,7.996460934050191732e-03
6.857533120000000593e-02,7.996045751182448078e-03
6.881764710000000396e-02,7.992725123876821131e-03
6.902897569999999483e-02,7.989820885032437869e-03
6.923965930000000601e-02,7.986917916674515436e-03
6.926970470000000379e-02,7.986503358042938011e-03
6.929973700000000014e-02,7.986088736166506788e-03
6.935976259999999949e-02,7.985259688947215009e-03
6.938975599999999688e-02,7.984845199030339916e-03
6.947965829999999676e-02,7.983601842079234359e-03
6.962923760000000462e-02,7.981530121303611822e-03
6.971883119999999767e-02,7.980287395110594387e-03
6.977849630000000636e-02,7.979459030952523041e-03
6.983811040000000026e-02,7.978630811467202905e-03
7.010574679999999337e-02,7.974904956376862794e-03
7.019473210000000407e-02,7.973663421111330460e-03
7.025399309999999509e-02,7.972835908621869749e-03
7.034279089999999346e-02,7.971594813779203995e-03
7.043147669999999527e-02,7.970353969736490227e-03
7.046101389999999409e-02,7.969940376192329035e-03
7.069686679999999390e-02,7.966632701935868338e-03
7.072629310000000391e-02,7.966219372071804000e-03
7.081449859999999763e-02,7.964979524611438128e-03
7.096126429999999319e-02,7.962913612473117644e-03
7.104917809999999889e-02,7.961674328864392497e-03
7.116622760000000658e-02,7.960022378923497371e-03
7.125388859999999547e-02,7.958783691349145123e-03
7.137060239999999667e-02,7.957132417242834474e-03
7.139975099999999741e-02,7.956719679857473387e-03
7.142888779999999327e-02,7.956306996634479600e-03
7.151622679999999899e-02,7.955068984136373991e-03
7.163251310000000316e-02,7.953418635686423932e-03
7.166155520000000445e-02,7.953006143883526932e-03
7.174861100000000380e-02,7.951768734651361997e-03
7.186452140000000599e-02,7.950119219583948529e-03
7.209578290000000222e-02,7.946821441391371116e-03
7.212463850000000454e-02,7.946409340599674964e-03
7.218231499999999690e-02,7.945585174486638480e-03
7.229752999999999874e-02,7.943937259778238724e-03
7.235506869999999702e-02,7.943113404638848379e-03
7.244129109999999927e-02,7.941877874029504986e-03
7.264207849999999855e-02,7.938995794130392428e-03
7.281374140000000661e-02,7.936526521356988134e-03
7.289942130000000298e-02,7.935292190400997092e-03
7.298500049999999406e-02,7.934058082784153573e-03
7.304199769999999980e-02,7.933235467812375930e-03
7.312741009999999819e-02,7.932001783081371604e-03
7.324113840000000264e-02,7.930357235022958418e-03
7.343973900000000388e-02,7.927480219904513639e-03
7.346806670000000095e-02,7.927069317951262670e-03
7.355298439999999327e-02,7.925836736590228387e-03
7.358126850000000496e-02,7.925425895895595388e-03
7.369429630000000342e-02,7.923782988454605367e-03
7.372252619999999923e-02,7.923372336391407492e-03
7.389167900000000178e-02,7.920908856256852690e-03
7.391983359999999836e-02,7.920498307256796169e-03
7.394797729999999514e-02,7.920087858524528512e-03
7.414468470000000477e-02,7.917215338437460365e-03
7.417274320000000198e-02,7.916805022669004543e-03
7.425685499999999661e-02,7.915574404535523009e-03
7.445274629999999727e-02,7.912703846827472826e-03
7.470385179999999847e-02,7.909014865516907078e-03
7.481518369999999585e-02,7.907376045033413445e-03
7.484299079999999493e-02,7.906966398009987462e-03
7.489857399999999554e-02,7.906147141998925293e-03
7.500961690000000626e-02,7.904509001935684787e-03
7.506507669999999688e-02,7.903690056883967696e-03
7.523121089999999789e-02,7.901233940848772716e-03
7.525886430000000571e-02,7.900824652442092408e-03
7.547972660000000500e-02,7.897551462738201106e-03
7.550728900000000521e-02,7.897142405313754138e-03
7.558991580000000432e-02,7.895915474936576056e-03
7.569994450000000485e-02,7.894279858709055825e-03
7.572742679999999726e-02,7.893871012600649911e-03
7.580981359999999780e-02,7.892644640020637925e-03
7.589211099999999821e-02,7.891418483044074228e-03
7.591952370000000505e-02,7.891009864670091647e-03
7.616579349999999526e-02,7.887333094889438165e-03
7.622041209999999567e-02,7.886516310045492417e-03
7.638403350000000369e-02,7.884066520310876319e-03
7.646571289999999632e-02,7.882842018078626417e-03
7.657448329999999581e-02,7.881209633271173479e-03
7.665595969999999815e-02,7.879985670701696379e-03
7.668309930000000163e-02,7.879577713659687357e-03
7.679156169999999670e-02,7.877946182334425590e-03
7.681865340000000597e-02,7.877538403739855685e-03
7.689987119999999732e-02,7.876315064691358225e-03
7.698100330000000324e-02,7.875091954356783566e-03
7.711603370000000290e-02,7.873053979860725193e-03
7.722388809999999881e-02,7.871424129650814519e-03
7.741227159999999885e-02,7.868572737228676436e-03
7.751971380000000078e-02,7.866943967410932118e-03
7.754655109999999962e-02,7.866536786166293885e-03
7.762700729999999494e-02,7.865315570507304052e-03
7.768059839999999494e-02,7.864501482157911991e-03
7.776091590000000497e-02,7.863280643548615709e-03
7.789459440000000290e-02,7.861246264017364080e-03
7.794800159999999700e-02,7.860432765834609800e-03
7.808135970000000536e-02,7.858399347256064468e-03
7.810800410000000304e-02,7.857992709757250643e-03
7.818788249999999995e-02,7.856773116209643526e-03
7.837394890000000391e-02,7.853928040619882062e-03
7.848007460000000490e-02,7.852302929989446803e-03
7.850658350000000452e-02,7.851896686199800676e-03
7.871833409999999531e-02,7.848647756952634516e-03
7.874476290000000100e-02,7.848241773145924610e-03
7.879759379999999591e-02,7.847429862306590231e-03
7.882399599999999340e-02,7.847023968148295753e-03
7.921897310000000636e-02,7.840938089320169738e-03
7.935019529999999544e-02,7.838910720180133559e-03
7.937641369999999530e-02,7.838505329882654998e-03
7.945501689999999451e-02,7.837289272131562831e-03
7.955970049999999683e-02,7.835668293991428918e-03
7.958584990000000525e-02,7.835263131867983843e-03
7.966424649999999386e-02,7.834047663627104890e-03
7.979473639999999646e-02,7.832022445709151126e-03
7.997706450000000022e-02,7.829188194187274713e-03
8.000307750000000551e-02,7.828783412142131803e-03
8.015897800000000573e-02,7.826355205062498349e-03
8.021087740000000521e-02,7.825546016444863764e-03
8.028866380000000691e-02,7.824332336619442205e-03
8.036637480000000111e-02,7.823118952593004910e-03
8.039226180000000332e-02,7.822714503380330184e-03
8.046987279999999465e-02,7.821501422991860089e-03
8.049572650000000329e-02,7.821097175736323875e-03
8.070225790000000454e-02,7.817863537617901135e-03
8.077957099999999446e-02,7.816651283013278592e-03
8.083107209999999820e-02,7.815843326214136702e-03
8.090826210000000296e-02,7.814631482282870592e-03
8.098537860000000477e-02,7.813419880746557550e-03
8.121628870000000000e-02,7.809786530673568442e-03
8.124190489999999487e-02,7.809382896783158279e-03
8.129311300000000018e-02,7.808575849173252439e-03
8.144654410000000400e-02,7.806155136757817262e-03
8.152315139999999349e-02,7.804945093690663499e-03
8.159968680000000141e-02,7.803735328040170560e-03
8.162518259999999859e-02,7.803332180637861069e-03
8.165067049999999438e-02,7.802928974209801145e-03
8.170162240000000686e-02,7.802122695361016040e-03
8.182886339999999314e-02,7.800107386875099365e-03
8.193051390000000156e-02,7.798495553717187459e-03
8.200666909999999865e-02,7.797287005268217254e-03
8.205739989999999429e-02,7.796481317446707013e-03
8.210809939999999529e-02,7.795675845152242635e-03
8.213343739999999504e-02,7.795273177497781363e-03
8.223471150000000174e-02,7.793662543543664750e-03
8.233586090000000191e-02,7.792052303025682504e-03
8.251257400000000519e-02,7.789235518722743834e-03
8.253778790000000642e-02,7.788833110204457753e-03
8.261338329999999563e-02,7.787626361622066243e-03
8.266374179999999572e-02,7.786822001186510626e-03
8.283975550000000077e-02,7.784007361390088767e-03
8.304045720000000075e-02,7.780792141296195147e-03
8.306551080000000586e-02,7.780390364934332628e-03
8.321567409999999776e-02,7.777980207176306802e-03
8.324067490000000569e-02,7.777578541216018451e-03
8.326566829999999808e-02,7.777176933335137703e-03
8.334060340000000455e-02,7.775972351371345133e-03
8.363967260000000625e-02,7.771156162643567435e-03
8.366454680000000310e-02,7.770754947637855715e-03
8.371427300000000571e-02,7.769952564997768298e-03
8.373912499999999759e-02,7.769551513547376040e-03
8.386327459999999567e-02,7.767546304606621349e-03
8.393767620000000540e-02,7.766343459712323101e-03
8.401201190000000263e-02,7.765140845772318737e-03
8.403677589999999920e-02,7.764740108033899545e-03
8.411102400000000645e-02,7.763537742698029855e-03
8.425932399999999656e-02,7.761133865626402943e-03
8.433337620000000423e-02,7.759932143376881315e-03
8.445665230000000412e-02,7.757929904283390569e-03
8.453053160000000010e-02,7.756728948494649202e-03
8.462893709999999570e-02,7.755127910824863996e-03
8.484993209999999730e-02,7.751527017071669842e-03
8.489896399999999343e-02,7.750727033509022604e-03
8.492346929999999849e-02,7.750327149712620337e-03
8.502141990000000593e-02,7.748727676481048654e-03
8.511925789999999492e-02,7.747128594712657419e-03
8.519256259999999359e-02,7.745929651153270548e-03
8.521698349999999589e-02,7.745529992090598170e-03
8.524139740000000187e-02,7.745130404429043450e-03
8.541209930000000228e-02,7.742333818845428643e-03
8.543645739999999877e-02,7.741934430890191378e-03
8.563107309999999639e-02,7.738740173457821052e-03
8.567965800000000576e-02,7.737941857800677628e-03
8.570394000000000623e-02,7.737542666519370109e-03
8.577674509999999586e-02,7.736345440970823599e-03
8.580099970000000520e-02,7.735946380483482016e-03
8.589794970000000363e-02,7.734350559905088518e-03
8.599479040000000685e-02,7.732755011127582373e-03
8.606734940000000667e-02,7.731558664124661868e-03
8.609152209999999805e-02,7.731159908938731173e-03
8.628466029999999620e-02,7.727970972835437879e-03
8.645330230000000671e-02,7.725181849947151090e-03
8.654952159999999839e-02,7.723588633364472829e-03
8.657355969999999679e-02,7.723190327562640643e-03
8.659759109999999593e-02,7.722792141864242600e-03
8.666964550000000322e-02,7.721597633812705627e-03
8.674163999999999486e-02,7.720403304920126289e-03
8.678960310000000122e-02,7.719607284336707682e-03
8.686149819999999799e-02,7.718413440478330383e-03
8.698119120000000204e-02,7.716423963316921056e-03
8.714848529999999482e-02,7.713639947781699910e-03
8.722008450000000301e-02,7.712447193349189836e-03
8.731545890000000365e-02,7.710857023760701520e-03
8.760095880000000335e-02,7.706089232051170114e-03
8.762470840000000094e-02,7.705692114876344645e-03
8.771964279999999725e-02,7.704103776425158014e-03
8.774336039999999781e-02,7.703706684373990907e-03
8.781447459999999761e-02,7.702515726692596779e-03
8.788553120000000551e-02,7.701324975761207788e-03
8.793287040000000165e-02,7.700531335550043523e-03
8.800383150000000432e-02,7.699340829305412366e-03
8.807473540000000656e-02,7.698150790120922640e-03
8.809835729999999920e-02,7.697754079729658000e-03
8.826353389999999632e-02,7.694978047603862580e-03
8.828710539999999607e-02,7.694581559500023385e-03
8.831067049999999363e-02,7.694185242214042313e-03
8.838132819999999779e-02,7.692996004911772934e-03
8.849896570000000129e-02,7.691014473794312301e-03
8.856947319999999846e-02,7.689825887947482862e-03
8.866339600000000543e-02,7.688241423233379938e-03
8.887435929999999706e-02,7.684677828343198722e-03
8.894456929999999817e-02,7.683490334361450270e-03
8.906146280000000470e-02,7.681511851151351898e-03
8.910817729999999381e-02,7.680720620360271221e-03
8.922485650000000490e-02,7.678742943860791294e-03
8.941122649999999616e-02,7.675579805182777306e-03
8.943449539999999420e-02,7.675184500568707838e-03
8.948101510000000536e-02,7.674394065360207011e-03
8.957398210000000471e-02,7.672813426903040378e-03
8.962042940000000679e-02,7.672023279098607977e-03
8.969005530000000170e-02,7.670838238386212815e-03
8.975962719999999728e-02,7.669653427668151995e-03
8.978280580000000399e-02,7.669258489451318862e-03
8.985230589999999851e-02,7.668073886191095409e-03
8.996801999999999577e-02,7.666100108313629244e-03
9.006048429999999327e-02,7.664521553271530681e-03
9.012977020000000061e-02,7.663337891739722095e-03
9.017593120000000351e-02,7.662548752897769232e-03
9.031427279999999780e-02,7.660182419457700100e-03
9.033730919999999331e-02,7.659788106637671623e-03
9.036033960000000587e-02,7.659393756244392212e-03
9.054437240000000331e-02,7.656240335108335966e-03
9.059032220000000357e-02,7.655452192319737482e-03
9.061328829999999723e-02,7.655058120719739068e-03
9.088842950000000642e-02,7.650331750720661649e-03
9.097995829999999673e-02,7.648757037829526789e-03
9.107139520000000210e-02,7.647182804779689702e-03
9.109424000000000687e-02,7.646789197390857322e-03
9.116274030000000306e-02,7.645608782541333734e-03
9.123118909999999859e-02,7.644428698405251153e-03
9.134515649999999654e-02,7.642462181428312518e-03
9.143622810000000267e-02,7.640889387596802411e-03
9.161809969999999692e-02,7.637745194496916440e-03
9.164080830000000122e-02,7.637352239235368524e-03
9.168620859999999928e-02,7.636566398772065729e-03
9.179961109999999758e-02,7.634602354382018403e-03
9.182227469999999780e-02,7.634209717028706682e-03
9.189023229999999931e-02,7.633031652449210301e-03
9.200338330000000509e-02,7.631068696861370224e-03
9.204860469999999462e-02,7.630283657459946585e-03
9.216156120000000562e-02,7.628321524930129285e-03
9.218413590000000546e-02,7.627929139234633678e-03
9.225182690000000019e-02,7.626752234218517508e-03
9.231946820000000442e-02,7.625575489502700414e-03
9.236453490000000321e-02,7.624791221995964700e-03
9.243209369999999536e-02,7.623614924074411520e-03
9.249960320000000236e-02,7.622438741166394360e-03
9.252209549999999838e-02,7.622046883337458244e-03
9.261200969999999755e-02,7.620479212156112438e-03
9.272427989999999787e-02,7.618519985741012933e-03
9.279157679999999742e-02,7.617344850809199854e-03
9.290363000000000093e-02,7.615386844440109014e-03
9.303791570000000122e-02,7.613037852273411149e-03
9.306027779999999361e-02,7.612646444512083214e-03
9.312733189999999883e-02,7.611472362057759844e-03
9.321666239999999715e-02,7.609907310421157485e-03
9.323898160000000657e-02,7.609516169322066981e-03
9.341734349999999965e-02,7.606387238507942607e-03
9.343961480000000097e-02,7.605996226390519463e-03
9.359536559999999394e-02,7.603260045176052709e-03
9.361759449999999816e-02,7.602869282341550260e-03
9.377304960000000522e-02,7.600134210196271556e-03
9.383959440000000374e-02,7.598962636772012627e-03
9.386176549999999952e-02,7.598572015222152150e-03
9.392824739999999784e-02,7.597400566686492683e-03
9.397254260000000026e-02,7.596619675903025157e-03
9.403894620000000093e-02,7.595448618280939770e-03
9.412741149999999390e-02,7.593887437495406775e-03
9.419370589999999377e-02,7.592716946737449075e-03
9.430409309999999989e-02,7.590766305894954859e-03
9.432615499999999487e-02,7.590376364408340550e-03
9.439230989999999877e-02,7.589206499202642148e-03
9.450246499999999383e-02,7.587256994925940801e-03
9.463448200000000587e-02,7.584918567597570896e-03
9.465646689999999974e-02,7.584528744758223945e-03
9.483216279999999443e-02,7.581412372227351419e-03
9.489796490000000639e-02,7.580244049882799151e-03
9.491988880000000461e-02,7.579854709708571878e-03
9.500753380000000192e-02,7.578297461394650249e-03
9.509509800000000290e-02,7.576740488291605277e-03
9.516071830000000231e-02,7.575573058241491867e-03
9.520444000000000129e-02,7.574794860417757153e-03
9.524814160000000252e-02,7.574016881749776747e-03
9.537912649999999437e-02,7.571683195555848483e-03
9.550993169999999477e-02,7.569350559961923047e-03
9.555349359999999737e-02,7.568573195203324305e-03
9.559703569999999928e-02,7.567795774415078496e-03
9.561879930000000138e-02,7.567407252144477993e-03
9.579273010000000088e-02,7.564299204853255909e-03
9.587957719999999628e-02,7.562745891138577918e-03
9.590127669999999604e-02,7.562357487204048392e-03
9.596634569999999698e-02,7.561192838595486021e-03
9.603137069999999331e-02,7.560028270279905115e-03
9.607469620000000377e-02,7.559252061882433017e-03
9.613964780000000543e-02,7.558087825766814094e-03
9.622618180000000465e-02,7.556535903218444122e-03
9.629103129999999622e-02,7.555372135205865904e-03
9.642059930000000667e-02,7.553045598295926241e-03
9.648531809999999487e-02,7.551882538192327722e-03
9.665768969999999349e-02,7.548782115677473217e-03
9.672224980000000694e-02,7.547619847070495547e-03
9.674376029999999516e-02,7.547232459355047995e-03
9.676526600000000256e-02,7.546845150929715716e-03
9.691567219999999705e-02,7.544134377976754145e-03
9.693713980000000230e-02,7.543747381809961204e-03
9.698006060000000095e-02,7.542973096970576226e-03
9.717296979999999473e-02,7.539490127364213180e-03
9.725858440000000049e-02,7.537942982353865520e-03
9.732274600000000164e-02,7.536782602545003158e-03
9.742958790000000313e-02,7.534849442007549199e-03
9.751497720000000535e-02,7.533303231857590293e-03
9.762160879999999541e-02,7.531371101536669076e-03
9.768553189999999720e-02,7.530212015306020877e-03
9.777069770000000604e-02,7.528667026183121815e-03
9.791955950000000297e-02,7.525964256352767577e-03
9.794080700000000472e-02,7.525578134218027099e-03
9.796204990000000057e-02,7.525192058091851634e-03
9.800452190000000230e-02,7.524420277133109410e-03
9.802575099999999431e-02,7.524034309586027577e-03
9.808941070000000428e-02,7.522876570346623618e-03
9.811062140000000042e-02,7.522490838450142381e-03
9.813182759999999893e-02,7.522104877968382834e-03
9.825896829999999915e-02,7.519790524011023096e-03
9.844937149999999360e-02,7.516320544327595096e-03
9.847050470000000277e-02,7.515935081073867735e-03
9.853387700000000582e-02,7.514778900674513873e-03
9.859720869999999415e-02,7.513622968442137430e-03
9.868158759999999530e-02,7.512082067746555548e-03
9.870267110000000010e-02,7.511696904559043986e-03
9.876589439999999831e-02,7.510541397233676426e-03
9.887117689999999626e-02,7.508616335716727062e-03
9.895532220000000101e-02,7.507076702111627198e-03
9.903939609999999616e-02,7.505537239243692191e-03
9.914438809999999436e-02,7.503613598767843590e-03
9.927023199999999992e-02,7.501306211939061039e-03
9.935403930000000217e-02,7.499768251967563540e-03
9.945869920000000031e-02,7.497846362630702227e-03
9.947961800000000576e-02,7.497462092600892976e-03
9.954234789999999444e-02,7.496309229564289932e-03
9.960503830000000391e-02,7.495156717575128004e-03
9.962592630000000060e-02,7.494772655640240255e-03
9.964681000000000233e-02,7.494388558114213963e-03
9.970943470000000197e-02,7.493236319541646956e-03
9.979287320000000683e-02,7.491700362624351128e-03
9.995954120000000165e-02,7.488629889486658059e-03
9.998035519999999565e-02,7.488246159584818935e-03
1.000219702000000044e-01,7.487478736611724410e-03
1.000427710999999970e-01,7.487095019966903166e-03
1.001467112000000020e-01,7.485177079258742774e-03
1.002920464000000011e-01,7.482493046358743016e-03
1.003542684999999962e-01,7.481342925475757862e-03
1.003750006000000000e-01,7.480959578903031981e-03
1.004578862999999933e-01,7.479426791183017495e-03
1.004785970000000028e-01,7.479043728687189037e-03
1.006441294999999986e-01,7.475979209427671170e-03
1.007061340000000027e-01,7.474830491320290891e-03
1.007681004000000047e-01,7.473681793134924305e-03
1.007887474000000033e-01,7.473298922277757383e-03
1.009331579999999950e-01,7.470620073444762289e-03
1.009743802999999995e-01,7.469854818499057324e-03
1.010155856999999935e-01,7.469089555523406726e-03
1.011391013000000061e-01,7.466794752346679435e-03
1.012830123999999971e-01,7.464118661965037961e-03
1.013035545000000037e-01,7.463736422330153816e-03
1.013446261000000015e-01,7.462971963526337377e-03
1.014472322999999954e-01,7.461061615774001836e-03
1.014677410999999946e-01,7.460679467440410606e-03
1.015292426999999942e-01,7.459533571777218416e-03
1.016316624999999974e-01,7.457624107042815954e-03
1.018566236999999958e-01,7.453425304539339560e-03
1.019587146000000000e-01,7.451517827018777629e-03
1.019995224000000006e-01,7.450754943210010500e-03
1.020199202000000027e-01,7.450373641640456630e-03
1.020810889999999999e-01,7.449229606037433699e-03
1.021829558000000027e-01,7.447323246908946030e-03
1.022440270999999956e-01,7.446179664704114486e-03
1.023253987999999948e-01,7.444655442138247564e-03
1.024270225000000062e-01,7.442750391472504300e-03
1.024473352000000032e-01,7.442369597389987199e-03
1.025082489999999957e-01,7.441227005270601574e-03
1.025894110999999997e-01,7.439703967305221800e-03
1.026705091000000014e-01,7.438181142195225519e-03
1.027312905999999970e-01,7.437039499195446587e-03
1.029134196000000001e-01,7.433615226945481692e-03
1.029740576000000019e-01,7.432474202379766269e-03
1.029942623999999946e-01,7.432094119338616446e-03
1.030952267999999949e-01,7.430192961855038719e-03
1.031557580000000002e-01,7.429052654570757197e-03
1.032162536999999963e-01,7.427912588581634008e-03
1.032364110999999945e-01,7.427532478033438065e-03
1.032968595999999989e-01,7.426392823546784996e-03
1.034176504999999996e-01,7.424113713375550018e-03
1.035784859999999974e-01,7.421076184084483308e-03
1.036387349999999957e-01,7.419937611598335925e-03
1.038593488000000009e-01,7.415764248729632413e-03
1.038793813000000038e-01,7.415385155521712728e-03
1.038994099999999976e-01,7.415005781547424554e-03
1.039594729999999967e-01,7.413868436161659414e-03
1.040195012999999974e-01,7.412731042798585517e-03
1.040395030000000054e-01,7.412352014382349134e-03
1.040595009000000043e-01,7.411973095014615619e-03
1.041194715000000048e-01,7.410836016153806230e-03
1.041993786000000033e-01,7.409320365600249349e-03
1.042193458000000017e-01,7.408941522872324915e-03
1.042592687999999990e-01,7.408183823882739417e-03
1.043590092999999996e-01,7.406290349530108251e-03
1.044387331999999946e-01,7.404775798002657602e-03
1.044984860999999959e-01,7.403639957960685657e-03
1.045383024999999994e-01,7.402883181035020167e-03
1.045781035999999997e-01,7.402126230654698658e-03
1.046775404000000048e-01,7.400234322662885451e-03
1.047570218000000025e-01,7.398721501869310463e-03
1.048562888999999970e-01,7.396830517668454182e-03
1.048959693999999970e-01,7.396074565414073078e-03
1.049158040000000014e-01,7.395696416754956280e-03
1.050149209999999972e-01,7.393806638901052886e-03
1.051535277999999934e-01,7.391161882171992832e-03
1.052919521000000025e-01,7.388518091562006410e-03
1.053117120999999962e-01,7.388140601593566267e-03
1.053907153000000069e-01,7.386630542911632250e-03
1.055485441999999968e-01,7.383611454750696294e-03
1.056470674999999970e-01,7.381725570414933608e-03
1.057848460000000018e-01,7.379085754381730332e-03
1.058045140000000023e-01,7.378708855081139890e-03
1.058438389999999951e-01,7.377954927850407553e-03
1.058634960999999958e-01,7.377578028273707247e-03
1.059224453000000010e-01,7.376447487805568894e-03
1.060206211000000037e-01,7.374563524659341791e-03
1.060794830000000022e-01,7.373433483200919798e-03
1.060990963999999953e-01,7.373056802239067939e-03
1.061579148000000028e-01,7.371927135185673760e-03
1.062558730999999951e-01,7.370044606323053471e-03
1.063928632000000069e-01,7.367409927421787914e-03
1.064319707999999975e-01,7.366657471305932195e-03
1.064906052999999991e-01,7.365528753146687035e-03
1.065687344999999980e-01,7.364024397168155399e-03
1.067443161000000001e-01,7.360640433512652750e-03
1.067832950000000003e-01,7.359888801746982366e-03
1.068027790999999949e-01,7.359512939259362473e-03
1.068806801000000001e-01,7.358010013506077231e-03
1.069001465000000012e-01,7.357634143428158288e-03
1.069585242999999963e-01,7.356507220335273441e-03
1.070363119999999946e-01,7.355005166543663805e-03
1.070557500000000051e-01,7.354629455029705436e-03
1.070946155999999982e-01,7.353878533422661401e-03
1.072111278000000001e-01,7.351626274882181247e-03
1.073275134000000047e-01,7.349374892419740200e-03
1.073662806000000025e-01,7.348624439380569036e-03
1.075018556999999958e-01,7.345999004146368770e-03
1.076565896000000050e-01,7.343000101311459790e-03
1.077145573999999939e-01,7.341875737862012252e-03
1.077338731000000022e-01,7.341501140230383138e-03
1.077917994999999934e-01,7.340377053832644431e-03
1.078882741999999950e-01,7.338504346313441500e-03
1.079653919999999934e-01,7.337006418851029464e-03
1.080231942000000056e-01,7.335883366107768741e-03
1.081194624000000049e-01,7.334011785220423928e-03
1.081387057999999984e-01,7.333637586015619332e-03
1.081964153999999956e-01,7.332515036297473227e-03
1.082733136999999984e-01,7.331018501293393858e-03
1.082925297000000009e-01,7.330644747473458872e-03
1.084077544000000004e-01,7.328400871427174883e-03
1.084269466000000043e-01,7.328026996444729317e-03
1.084461354000000044e-01,7.327653167875002906e-03
1.085803620999999941e-01,7.325036718876001308e-03
1.085995238000000002e-01,7.324663118035893913e-03
1.086378370999999954e-01,7.323915690472934323e-03
1.086569886000000040e-01,7.323542056321865300e-03
1.087526959000000015e-01,7.321674506920921276e-03
1.088100798000000008e-01,7.320554209022487636e-03
1.088674334999999993e-01,7.319434145965293334e-03
1.089629559000000053e-01,7.317567501437648864e-03
1.090393136000000068e-01,7.316074962065806896e-03
1.090583945999999971e-01,7.315701915889409428e-03
1.091156177999999949e-01,7.314582569880774543e-03
1.092109230999999958e-01,7.312717520445668161e-03
1.093442109999999967e-01,7.310107702207433410e-03
1.094773366000000026e-01,7.307498807201153954e-03
1.095723272999999942e-01,7.305636046820764180e-03
1.096292821999999972e-01,7.304518553879560568e-03
1.096672357000000042e-01,7.303773902501161860e-03
1.097810174999999944e-01,7.301539874775845630e-03
1.097999696000000053e-01,7.301167673564632789e-03
1.098568065000000010e-01,7.300051229953535489e-03
1.099703920999999945e-01,7.297818579865503891e-03
1.100271409999999950e-01,7.296702895385772866e-03
1.101594412999999939e-01,7.294099864220170322e-03
1.101783283000000030e-01,7.293728087512697800e-03
1.102349700999999960e-01,7.292612746150036254e-03
1.103293085000000007e-01,7.290754567069435664e-03
1.104047211000000056e-01,7.289268400282309691e-03
1.104235662999999978e-01,7.288896952114098937e-03
1.104612467999999958e-01,7.288154170718869410e-03
1.105742115999999997e-01,7.285925783797626148e-03
1.106306506999999995e-01,7.284812204626189142e-03
1.108373482000000049e-01,7.280730248539463330e-03
1.108561197000000054e-01,7.280359248065366995e-03
1.109311741999999962e-01,7.278875447793381123e-03
1.109874317999999943e-01,7.277763050628137560e-03
1.110249209999999986e-01,7.277021581165682255e-03
1.110811310999999940e-01,7.275909426890794091e-03
1.111560337000000037e-01,7.274426768845447880e-03
1.113056877000000028e-01,7.271462898852932427e-03
1.113243802999999976e-01,7.271092699473175394e-03
1.113617560000000062e-01,7.270351931704601041e-03
1.114364699999999958e-01,7.268870734770739236e-03
1.114738081999999963e-01,7.268130190117419454e-03
1.115297920000000026e-01,7.267019672300022506e-03
1.116043934999999959e-01,7.265539472031335572e-03
1.116789450999999961e-01,7.264059651198123864e-03
1.117534470000000058e-01,7.262579928371678921e-03
1.118278993000000054e-01,7.261100640629287832e-03
1.120323877999999940e-01,7.257034624117945573e-03
1.121994194000000000e-01,7.253709846535101244e-03
1.122179632000000066e-01,7.253340639394883875e-03
1.122550414000000052e-01,7.252602085884616613e-03
1.122735759000000055e-01,7.252232882222879769e-03
1.123476835000000035e-01,7.250756026573487896e-03
1.123662027999999952e-01,7.250387100872346564e-03
1.124217421999999938e-01,7.249279870648443064e-03
1.124957521999999932e-01,7.247803928478663456e-03
1.125142469999999978e-01,7.247434773597466115e-03
1.125512277000000061e-01,7.246696849437466934e-03
1.126436261999999994e-01,7.244852748103351378e-03
1.126620968000000000e-01,7.244484084285920077e-03
1.128466364999999999e-01,7.240797740422321750e-03
1.128650739000000014e-01,7.240429408685180798e-03
1.129387933000000066e-01,7.238955483226575983e-03
1.131044863999999955e-01,7.235640658058193654e-03
1.131412740999999944e-01,7.234904256096146360e-03
1.131596634999999934e-01,7.234536049817706128e-03
1.133066709999999977e-01,7.231591794989070988e-03
1.133617497000000002e-01,7.230487885785672961e-03
1.133801033000000069e-01,7.230120237683856574e-03
1.134351462999999977e-01,7.229016438500862791e-03
1.135451522999999935e-01,7.226810240954453617e-03
1.136550518000000037e-01,7.224604609562860179e-03
1.136916614000000048e-01,7.223869712118179479e-03
1.137465535999999944e-01,7.222767104057906118e-03
1.138014194000000062e-01,7.221665152036986675e-03
1.138379818999999959e-01,7.220930259672242446e-03
1.139658583000000003e-01,7.218359632311504952e-03
1.140388660999999970e-01,7.216891359145102998e-03
1.141300601999999942e-01,7.215056324192744772e-03
1.141847416999999948e-01,7.213955569770085473e-03
1.142393970000000064e-01,7.212855269750996501e-03
1.142576096000000041e-01,7.212488468103785307e-03
1.143122300999999952e-01,7.211388043540125498e-03
1.143304311000000045e-01,7.211021394180804935e-03
1.144032063000000043e-01,7.209554667839025363e-03
1.144213927999999936e-01,7.209188214912869673e-03
1.145304515000000051e-01,7.206989135105762966e-03
1.146938450999999970e-01,7.203691792526373434e-03
1.148388887000000025e-01,7.200762606748278664e-03
1.148570062999999947e-01,7.200396383377601767e-03
1.148932327999999947e-01,7.199664490050130400e-03
1.149656517000000044e-01,7.198200466766317522e-03
1.149837492999999933e-01,7.197834589266937505e-03
1.150561112000000052e-01,7.196371073216642836e-03
1.151284276999999939e-01,7.194908224060253717e-03
1.151826351999999942e-01,7.193811138971574308e-03
1.152909738000000017e-01,7.191617769018445253e-03
1.153992105999999962e-01,7.189425022073718877e-03
1.154352669999999942e-01,7.188694084189576131e-03
1.154713121999999953e-01,7.187963528073647648e-03
1.154893305000000009e-01,7.187598320312400639e-03
1.155433686999999959e-01,7.186502478746160764e-03
1.155613758999999990e-01,7.186137491744658441e-03
1.157053318999999997e-01,7.183216901653209641e-03
1.157233138000000050e-01,7.182851588928279921e-03
1.157772427999999992e-01,7.181757032066486170e-03
1.158670687000000060e-01,7.179932610419143164e-03
1.159209308000000022e-01,7.178838285154314110e-03
1.159747678999999976e-01,7.177744090976697321e-03
1.159927079999999999e-01,7.177379530841335523e-03
1.160465118000000018e-01,7.176285919307560761e-03
1.161182114000000043e-01,7.174827702650874058e-03
1.161540446000000060e-01,7.174098620293344747e-03
1.162793738999999965e-01,7.171548353871655748e-03
1.162972671000000041e-01,7.171183922068788755e-03
1.163509300000000052e-01,7.170091382946010804e-03
1.164224420999999954e-01,7.168634718004642838e-03
1.164403133000000007e-01,7.168270670029321112e-03
1.165653348000000034e-01,7.165722453165594696e-03
1.166902222999999933e-01,7.163175296474730107e-03
1.167258798999999958e-01,7.162448125363858262e-03
1.167793458999999978e-01,7.161356845763224011e-03
1.168327873999999988e-01,7.160266010292220401e-03
1.168505957999999983e-01,7.159902321077037460e-03
1.169040048000000026e-01,7.158811663201264906e-03
1.169218023000000023e-01,7.158448244934405638e-03
1.170640854000000036e-01,7.155540977607616551e-03
1.171529245999999996e-01,7.153724814633400861e-03
1.172061957999999959e-01,7.152635196927415416e-03
1.172771863999999969e-01,7.151182929862400471e-03
1.174190388000000002e-01,7.148279493800448019e-03
1.174367582999999993e-01,7.147916545659484429e-03
1.174721893000000017e-01,7.147190862638346485e-03
1.175607201000000018e-01,7.145376940302289315e-03
1.176845512999999954e-01,7.142838704487630003e-03
1.177022308000000017e-01,7.142476276885923944e-03
1.177199077000000010e-01,7.142113863101561856e-03
1.177552535000000039e-01,7.141388995458674942e-03
1.178612272999999960e-01,7.139214604498951393e-03
1.179141783999999998e-01,7.138127647838696070e-03
1.180552655000000062e-01,7.135230631498509085e-03
1.181961841000000041e-01,7.132334702389861274e-03
1.182665804000000015e-01,7.130887394197063696e-03
1.182841728999999981e-01,7.130525352700272171e-03
1.183193502000000064e-01,7.129801918632477226e-03
1.183369348999999959e-01,7.129440277381868252e-03
1.183896732999999979e-01,7.128355409597439581e-03
1.184248192000000033e-01,7.127631933255581045e-03
1.184775183999999953e-01,7.126547439668958796e-03
1.186003924000000043e-01,7.124016997477478595e-03
1.186880815999999950e-01,7.122210316000420621e-03
1.187056117000000049e-01,7.121849156672493096e-03
1.187581862999999988e-01,7.120765642443239486e-03
1.188107377000000020e-01,7.119682084613312457e-03
1.188282496999999993e-01,7.119320880268438165e-03
1.188457591000000035e-01,7.118959614188257769e-03
1.189507612999999991e-01,7.116793771139809724e-03
1.191604881999999976e-01,7.112463832900871828e-03
1.191779488000000026e-01,7.112103525566054914e-03
1.192652134000000003e-01,7.110300462698100274e-03
1.193872765999999946e-01,7.107777037473891196e-03
1.194395511999999937e-01,7.106696140764902359e-03
1.195266247000000004e-01,7.104894535782715556e-03
1.195440318000000057e-01,7.104534293528268554e-03
1.196831975000000048e-01,7.101653442435133107e-03
1.197353428999999997e-01,7.100573599611196413e-03
1.198048347999999957e-01,7.099133737949464215e-03
1.199436978999999931e-01,7.096255517525464421e-03
1.199957301000000032e-01,7.095176700074533847e-03
1.200130692000000027e-01,7.094817008435304329e-03
1.200650713000000064e-01,7.093738587942915313e-03
1.200997268999999951e-01,7.093019419865119989e-03
1.201516915000000046e-01,7.091940819236036350e-03
1.202382493999999968e-01,7.090144263936187623e-03
1.203593257999999999e-01,7.087629681099824781e-03
1.203766123999999993e-01,7.087270527585710043e-03
1.204284575999999968e-01,7.086193019110799927e-03
1.204802804999999949e-01,7.085115775165845911e-03
1.205148166999999992e-01,7.084397908294008672e-03
1.205493428999999950e-01,7.083679968704746470e-03
1.206356155000000013e-01,7.081885777283883528e-03
1.207045890999999954e-01,7.080450454815834585e-03
1.207735233000000047e-01,7.079015793321953402e-03
1.207907507000000047e-01,7.078657409698395353e-03
1.208251981000000030e-01,7.077940164449982724e-03
1.208424181999999958e-01,7.077581466301476054e-03
1.209800902000000011e-01,7.074713940585812197e-03
1.211004249000000033e-01,7.072205502803546005e-03
1.211691339000000034e-01,7.070772706633056230e-03
1.211863051000000024e-01,7.070414621328079824e-03
1.212034738000000028e-01,7.070056681578829744e-03
1.212549653999999977e-01,7.068982650095528321e-03
1.213064352000000068e-01,7.067908444313248002e-03
1.213407361999999934e-01,7.067192658985515380e-03
1.213921696000000022e-01,7.066118957378455731e-03
1.214607136000000059e-01,7.064687800650292643e-03
1.214778435000000018e-01,7.064329792899460767e-03
1.216147962999999943e-01,7.061468746082919835e-03
1.216661138000000031e-01,7.060395974029642224e-03
1.217174097000000010e-01,7.059323687206812449e-03
1.217515948999999958e-01,7.058608918113658953e-03
1.219394424999999949e-01,7.054678937046254816e-03
1.220076789999999939e-01,7.053250443420310510e-03
1.220247321999999995e-01,7.052893159521991286e-03
1.220758774000000046e-01,7.051822486066210843e-03
1.222121599000000058e-01,7.048967138095345655e-03
1.222632267000000050e-01,7.047896781339402575e-03
1.222802442999999933e-01,7.047540018035579681e-03
1.223993007000000049e-01,7.045043535085373544e-03
1.224162993000000033e-01,7.044687131179644402e-03
1.224332954999999973e-01,7.044330657350765523e-03
1.224672809999999973e-01,7.043617540068103366e-03
1.225522032999999955e-01,7.041835566801661790e-03
1.225691807000000022e-01,7.041479047676814547e-03
1.226200987999999936e-01,7.040409803874110584e-03
1.226709956999999934e-01,7.039341482857457317e-03
1.226879567000000032e-01,7.038984833162830260e-03
1.227388254999999956e-01,7.037916615834545649e-03
1.228235601000000066e-01,7.036136154855677886e-03
1.228405000000000052e-01,7.035779958733490852e-03
1.230097705999999985e-01,7.032221384540500962e-03
1.230266849000000023e-01,7.031865183991285739e-03
1.231619152999999939e-01,7.029019899033629726e-03
1.232294748999999967e-01,7.027597891440924560e-03
1.232463589999999998e-01,7.027242276104145140e-03
1.232969973999999969e-01,7.026175855960270500e-03
1.233476151000000021e-01,7.025109583790978100e-03
1.234824939999999982e-01,7.022267802612273957e-03
1.234993434999999973e-01,7.021912371978480082e-03
1.236340570000000055e-01,7.019071643238088652e-03
1.237013586999999998e-01,7.017652205578235082e-03
1.237686238000000050e-01,7.016232828912906047e-03
1.238862498000000006e-01,7.013749548646309485e-03
1.239198366999999940e-01,7.013040123080863976e-03
1.240373193999999984e-01,7.010558178171524477e-03
1.240540935000000039e-01,7.010203678104735998e-03
1.240876350000000017e-01,7.009495017276899664e-03
1.241044023999999940e-01,7.009140620468462708e-03
1.241882051999999986e-01,7.007368969938057753e-03
1.242384596999999979e-01,7.006306183088490888e-03
1.242886938999999968e-01,7.005243747831929602e-03
1.243556412999999999e-01,7.003827122820450654e-03
1.244392748999999937e-01,7.002057516810634985e-03
1.244559949000000054e-01,7.001703614919974061e-03
1.245061412999999978e-01,7.000641727078221570e-03
1.245562676000000063e-01,6.999580045156625872e-03
1.245896739000000031e-01,6.998872632195265488e-03
1.246397665999999932e-01,6.997811472166644807e-03
1.247065254999999984e-01,6.996397020043293100e-03
1.248232677000000040e-01,6.993922289894698163e-03
1.248566024999999968e-01,6.993215477143252534e-03
1.248899284999999970e-01,6.992508253192231647e-03
1.249898531000000063e-01,6.990388567849526238e-03
1.250397853999999920e-01,6.989328985327602009e-03
1.251063309000000068e-01,6.987916434663359391e-03
1.251562167999999975e-01,6.986857340256877325e-03
1.252393156999999924e-01,6.985092573312889387e-03
1.252559289000000076e-01,6.984739503582670581e-03
1.253887550999999989e-01,6.981917014360145696e-03
1.255048625999999889e-01,6.979448427763943266e-03
1.255711616000000086e-01,6.978038068099569162e-03
1.256374255999999912e-01,6.976628361527123685e-03
1.256871006999999985e-01,6.975571374371088672e-03
1.257036547000000004e-01,6.975218829996509065e-03
1.257863919999999969e-01,6.973457941395111784e-03
1.258360081999999880e-01,6.972401265160710696e-03
1.259021328999999911e-01,6.970992621679679598e-03
1.259517035000000118e-01,6.969936643399070493e-03
1.260177674000000081e-01,6.968528753673613844e-03
1.261002985999999937e-01,6.966769762121204947e-03
1.261662846999999921e-01,6.965362482377905097e-03
1.261827758000000077e-01,6.965010621204146928e-03
1.262981534000000017e-01,6.962549295427354623e-03
1.264463413999999952e-01,6.959386490938566407e-03
1.264792483999999939e-01,6.958683934787423045e-03
1.264956988000000004e-01,6.958332397412351523e-03
1.265450368999999908e-01,6.957278737959269981e-03
1.266272243999999880e-01,6.955522966560039044e-03
1.266765113999999970e-01,6.954469576765181203e-03
1.267421974000000062e-01,6.953065424489490026e-03
1.268242572000000123e-01,6.951310851630239894e-03
1.268406628000000036e-01,6.950959843725753803e-03
1.268898668000000007e-01,6.949907510599240799e-03
1.269390516999999996e-01,6.948854996425595648e-03
1.269718310999999877e-01,6.948153720791309766e-03
1.270209843000000005e-01,6.947101805034968172e-03
1.270701184999999955e-01,6.946050185975226159e-03
1.270864922999999924e-01,6.945699723010451479e-03
1.272174071999999934e-01,6.942896249421762374e-03
1.272337621000000085e-01,6.942545753354910192e-03
1.272828141000000024e-01,6.941495007408657672e-03
1.273481874999999874e-01,6.940093778100984295e-03
1.273645256000000003e-01,6.939743645853294410e-03
1.274625101000000094e-01,6.937642963877673798e-03
1.275277914000000068e-01,6.936243451578475924e-03
1.276745521000000050e-01,6.933094689822569615e-03
1.277234348000000075e-01,6.932045275071087830e-03
1.277560128999999933e-01,6.931345907736843372e-03
1.277885826999999863e-01,6.930646834369192169e-03
1.278048645000000039e-01,6.930297156825479012e-03
1.278699709999999989e-01,6.928898757911139406e-03
1.280488429999999955e-01,6.925055602571617876e-03
1.281138253999999921e-01,6.923658748561460283e-03
1.281463043000000135e-01,6.922960572656602397e-03
1.283896338999999942e-01,6.917725556719274416e-03
1.284544438999999927e-01,6.916330458197343829e-03
1.285192213000000139e-01,6.914935970944468581e-03
1.285354105000000025e-01,6.914587086893236346e-03
1.285839659999999940e-01,6.913541251298039279e-03
1.286486780999999968e-01,6.912147152441889403e-03
1.286648511000000050e-01,6.911798754204947874e-03
1.287780048000000122e-01,6.909359903904100340e-03
1.287941615000000040e-01,6.909011470919091541e-03
1.288264688999999907e-01,6.908315231493642773e-03
1.288426195000000052e-01,6.907966780739093794e-03
1.289233422999999934e-01,6.906226141099279514e-03
1.290201430000000038e-01,6.904137435364055865e-03
1.290362693999999866e-01,6.903789262233399511e-03
1.291007547999999949e-01,6.902397799085484634e-03
1.291813162999999876e-01,6.900658609176498794e-03
1.292296290999999930e-01,6.899615439878641759e-03
1.293101103000000029e-01,6.897877127718940633e-03
1.293583749999999977e-01,6.896833878481460102e-03
1.295512538999999963e-01,6.892665013081170772e-03
1.295673142000000055e-01,6.892317447595381133e-03
1.295994287999999994e-01,6.891623002788178042e-03
1.296636341000000081e-01,6.890234375322470441e-03
1.296796805000000052e-01,6.889887217965329734e-03
1.297438461000000043e-01,6.888498719966954821e-03
1.298079799999999895e-01,6.887110595455144500e-03
1.298240085000000044e-01,6.886763838096772276e-03
1.298560595999999900e-01,6.886069652118327958e-03
1.299361528000000099e-01,6.884335664475839910e-03
1.299521654999999942e-01,6.883988599634182325e-03
1.301121842999999889e-01,6.880521861303761505e-03
1.301281753000000097e-01,6.880175756562310722e-03
1.301761367000000003e-01,6.879135845105868730e-03
1.301921198999999862e-01,6.878789326969312473e-03
1.303358805000000009e-01,6.875672136105149060e-03
1.303678057000000057e-01,6.874979753350327245e-03
1.304635345999999863e-01,6.872902751722555909e-03
1.305113727999999973e-01,6.871864413684752350e-03
1.305591932999999871e-01,6.870826699422665634e-03
1.305751296999999866e-01,6.870480529891130096e-03
1.306229268999999915e-01,6.869442723163269628e-03
1.307025501999999895e-01,6.867713476750171575e-03
1.307184690000000038e-01,6.867367650506125618e-03
1.308139412999999862e-01,6.865293677389880909e-03
1.308298465000000133e-01,6.864947975604696571e-03
1.308457499000000024e-01,6.864602002971106030e-03
1.309570191999999966e-01,6.862183619015458681e-03
1.309729071000000078e-01,6.861837756572471310e-03
1.310840685000000116e-01,6.859420486291915343e-03
1.311316801999999893e-01,6.858384942533088391e-03
1.311475470000000032e-01,6.858039599508244065e-03
1.312268518999999967e-01,6.856313889206823789e-03
1.312744117999999904e-01,6.855278251453010563e-03
1.313377983000000027e-01,6.853898486361570570e-03
1.313853181000000092e-01,6.852863580101490118e-03
1.314011542000000088e-01,6.852518743857004789e-03
1.314644795999999893e-01,6.851139250453774053e-03
1.315277744999999998e-01,6.849760516805194002e-03
1.315752256000000120e-01,6.848726579082421197e-03
1.316068501999999862e-01,6.848037350338259666e-03
1.316542729000000078e-01,6.847003531530081177e-03
1.317016785000000023e-01,6.845970179356659566e-03
1.318280101000000037e-01,6.843214942579402792e-03
1.318437929999999869e-01,6.842870873492018328e-03
1.318595740999999877e-01,6.842526137165229512e-03
1.319069059000000099e-01,6.841493432952916280e-03
1.321118145000000077e-01,6.837020938493905062e-03
1.321433106999999885e-01,6.836333178669065647e-03
1.322220182999999938e-01,6.834613495378117666e-03
1.322849506999999869e-01,6.833238797510208205e-03
1.323635740999999921e-01,6.831520433903729567e-03
1.323950104000000128e-01,6.830833153298115218e-03
1.324735684999999996e-01,6.829116054141603186e-03
1.325991646999999940e-01,6.826368843109436625e-03
1.326148558999999949e-01,6.826025878521506732e-03
1.326619182000000063e-01,6.824996171184068497e-03
1.327089637999999960e-01,6.823966071279075410e-03
1.327403182999999931e-01,6.823280119001431249e-03
1.328343374000000021e-01,6.821221857040125208e-03
1.328500008000000066e-01,6.820879211934276730e-03
1.328969798999999896e-01,6.819850249738545513e-03
1.329908881999999903e-01,6.817793136342504938e-03
1.330378174999999885e-01,6.816764730731381117e-03
1.331159962000000030e-01,6.815051840166555172e-03
1.331628814999999966e-01,6.814024257013431493e-03
1.332097502000000044e-01,6.812996267617342332e-03
1.332253693999999877e-01,6.812654061439374006e-03
1.333502575000000134e-01,6.809914860590251216e-03
1.333658601999999915e-01,6.809572985093815395e-03
1.333970603000000088e-01,6.808888196920936074e-03
1.334906168999999976e-01,6.806834945281695255e-03
1.335373705000000022e-01,6.805808923158042194e-03
1.335996832999999939e-01,6.804441252694861178e-03
1.336463988000000103e-01,6.803415214841264727e-03
1.336619671000000009e-01,6.803073447927809186e-03
1.337242217999999871e-01,6.801705994801452923e-03
1.338330979000000032e-01,6.799313659896671566e-03
1.338641891000000028e-01,6.798630918455240632e-03
1.340971431999999908e-01,6.793508853784264827e-03
1.341126591000000035e-01,6.793167500508245221e-03
1.341591960000000083e-01,6.792143780596011926e-03
1.342057167000000051e-01,6.791120345344023659e-03
1.342212201000000105e-01,6.790778971457397950e-03
1.342367215999999974e-01,6.790437951227835077e-03
1.343451823000000045e-01,6.788050438712211858e-03
1.343606696000000100e-01,6.787709624520838099e-03
1.344845033000000023e-01,6.784982979967080739e-03
1.345309115999999972e-01,6.783960312433607968e-03
1.345773037999999922e-01,6.782938704793347456e-03
1.346391352999999902e-01,6.781576370182257341e-03
1.346545888000000024e-01,6.781235803660860990e-03
1.347009383999999976e-01,6.780213957452549747e-03
1.347163848000000053e-01,6.779873251264018769e-03
1.347781523999999898e-01,6.778511719885998120e-03
1.348398918000000002e-01,6.777150477549892006e-03
1.348861778000000067e-01,6.776129776838104787e-03
1.349016029000000005e-01,6.775789287457222899e-03
1.350249404999999958e-01,6.773068188827200548e-03
1.350711631000000024e-01,6.772047941727130094e-03
1.350865670999999990e-01,6.771707946581946580e-03
1.351327686000000083e-01,6.770688026172464770e-03
1.351943459999999930e-01,6.769328942127257956e-03
1.352251241999999909e-01,6.768649020202025662e-03
1.352712784000000001e-01,6.767629717931262015e-03
1.353942793000000033e-01,6.764912580457226217e-03
1.354557378000000034e-01,6.763554148263609470e-03
1.354710980999999925e-01,6.763215024240649791e-03
1.355939177000000107e-01,6.760499551919099508e-03
1.356246051999999980e-01,6.759821336329737557e-03
1.356399463000000083e-01,6.759482258329205066e-03
1.357166260999999874e-01,6.757785796153363382e-03
1.358085847000000124e-01,6.755751440831986310e-03
1.358698557999999945e-01,6.754395446294333798e-03
1.358851692999999972e-01,6.754056836889695166e-03
1.359464059000000113e-01,6.752701270206678923e-03
1.359617106999999880e-01,6.752362409362009169e-03
1.360840875000000061e-01,6.749652651527374668e-03
1.361299504000000049e-01,6.748636809131702309e-03
1.361757979000000063e-01,6.747621448032902099e-03
1.361910769999999937e-01,6.747282801490337052e-03
1.363590336999999930e-01,6.743560085616193828e-03
1.363742921999999969e-01,6.743221994594717113e-03
1.364505592999999961e-01,6.741530886115869835e-03
1.364962990999999959e-01,6.740516952358925444e-03
1.365572616000000072e-01,6.739164668318578175e-03
1.366791052000000117e-01,6.736461359729876107e-03
1.366943280000000038e-01,6.736123219567201337e-03
1.367399861999999966e-01,6.735110124041473155e-03
1.367856292000000085e-01,6.734096706810753334e-03
1.368160494000000005e-01,6.733421407372460268e-03
1.368464628999999932e-01,6.732746007134332578e-03
1.369224669999999922e-01,6.731058039361604954e-03
1.370439857999999900e-01,6.728358207031681984e-03
1.370591680999999895e-01,6.728021420088852421e-03
1.370895276000000107e-01,6.727346273557218044e-03
1.371047048000000046e-01,6.727008932407488491e-03
1.371502263999999915e-01,6.725997422979117062e-03
1.372260621999999985e-01,6.724311751652820891e-03
1.374078974000000064e-01,6.720267651147081821e-03
1.374230395000000104e-01,6.719931196512297054e-03
1.375289872999999885e-01,6.717573354986980036e-03
1.375441161000000023e-01,6.717236485161755082e-03
1.375894923000000047e-01,6.716226922267959538e-03
1.376348535999999956e-01,6.715217197627387433e-03
1.376499707000000128e-01,6.714880414737707179e-03
1.377708478000000125e-01,6.712188594766786177e-03
1.377859499999999904e-01,6.711852263431671364e-03
1.379067079000000084e-01,6.709162142154726644e-03
1.379519649000000014e-01,6.708153403624617789e-03
1.380575068000000072e-01,6.705801001390771995e-03
1.380725775999999960e-01,6.705465301538303738e-03
1.381479070999999947e-01,6.703785598686633554e-03
1.381930851000000016e-01,6.702777965610469228e-03
1.382683489000000043e-01,6.701099117813196122e-03
1.383134874999999986e-01,6.700091761349447061e-03
1.384788700000000039e-01,6.696400750582733909e-03
1.385089183000000057e-01,6.695730231095973518e-03
1.385389600999999971e-01,6.695059719737692788e-03
1.385990242000000039e-01,6.693717957213526394e-03
1.386290464000000111e-01,6.693047566775362466e-03
1.386740676999999866e-01,6.692042112055337708e-03
1.387190742999999948e-01,6.691036813101643339e-03
1.387340732000000021e-01,6.690701752005290791e-03
1.387490705999999963e-01,6.690366286089954352e-03
1.387790603999999872e-01,6.689696666362438503e-03
1.388540065999999962e-01,6.688021936999797787e-03
1.389139343999999943e-01,6.686681935968137071e-03
1.389588633000000129e-01,6.685677667111528458e-03
1.390337125999999979e-01,6.684004088267646131e-03
1.390935630000000034e-01,6.682665753071671821e-03
1.392131866000000107e-01,6.679988999931550306e-03
1.392281324000000098e-01,6.679654795055649068e-03
1.392580190000000107e-01,6.678986084688730458e-03
1.393476405000000085e-01,6.676980219002697815e-03
1.394372043000000061e-01,6.674974966585132431e-03
1.394521260000000096e-01,6.674641106354284141e-03
1.395565333999999880e-01,6.672302392996736463e-03
1.395863497000000009e-01,6.671634442435176240e-03
1.396310622999999973e-01,6.670632914184196349e-03
1.396757604999999958e-01,6.669631597208935600e-03
1.396906566999999988e-01,6.669297337463213869e-03
1.397502257999999886e-01,6.667962219831096403e-03
1.398246513999999996e-01,6.666294121425043323e-03
1.399287808000000133e-01,6.663959305635102845e-03
1.399436501000000110e-01,6.663625626652365692e-03
1.399882484999999954e-01,6.662625467925116333e-03
1.400625477000000119e-01,6.660959099689180672e-03
1.401071081999999968e-01,6.659958995705109186e-03
1.401665002999999965e-01,6.658626348614328332e-03
1.402110277999999988e-01,6.657627244506065731e-03
1.402852089999999941e-01,6.655961409722516500e-03
1.403445257000000002e-01,6.654629712822839396e-03
1.403889966999999905e-01,6.653631017891448868e-03
1.405075174000000038e-01,6.650969045543828756e-03
1.405223254999999893e-01,6.650636454756778809e-03
1.406407338000000007e-01,6.647975685099343987e-03
1.406555278999999936e-01,6.647643294114895587e-03
1.406851112999999986e-01,6.646978264449711696e-03
1.407590425999999950e-01,6.645316631787411520e-03
1.407738242000000084e-01,6.644984291196933367e-03
1.408181597000000007e-01,6.643987055173558934e-03
1.408624812000000004e-01,6.642990589421770599e-03
1.408920210999999867e-01,6.642325982491801596e-03
1.409215548999999956e-01,6.641661648506949622e-03
1.409953622000000018e-01,6.640001308848625036e-03
1.410101189999999893e-01,6.639669413017079691e-03
1.411281181000000051e-01,6.637014121465727341e-03
1.411723423000000033e-01,6.636018013998584882e-03
1.412312863999999890e-01,6.634691580499100030e-03
1.412902058999999932e-01,6.633364868043333494e-03
1.413491007999999882e-01,6.632038335916077762e-03
1.413638207000000035e-01,6.631706382511728254e-03
1.413932558999999867e-01,6.631043363002264192e-03
1.414079712000000100e-01,6.630712139190518897e-03
1.414521079000000126e-01,6.629717674302031127e-03
1.414815248000000081e-01,6.629055081658387534e-03
1.415256386000000033e-01,6.628061294500123268e-03
1.415844356000000026e-01,6.626735739127971418e-03
1.416285173000000064e-01,6.625742379527331874e-03
1.417019563999999954e-01,6.624086867247971737e-03
1.418340509000000083e-01,6.621107648243686368e-03
1.419220455000000103e-01,6.619123099432101635e-03
1.419513649999999960e-01,6.618461807874099177e-03
1.420539353999999976e-01,6.616146831051160013e-03
1.420685821999999876e-01,6.615816261658950641e-03
1.420978713999999921e-01,6.615154829506203135e-03
1.422295982000000014e-01,6.612181474111535583e-03
1.423319681000000114e-01,6.609869054430724672e-03
1.423465864000000025e-01,6.609538894243907961e-03
1.424196550999999866e-01,6.607887917518571325e-03
1.424634784000000098e-01,6.606897878816884312e-03
1.425072881999999985e-01,6.605908118942889137e-03
1.425364872999999866e-01,6.605248405226297158e-03
1.425802747000000092e-01,6.604258297615984812e-03
1.426386369000000043e-01,6.602939182994911269e-03
1.427407133999999966e-01,6.600630730402641706e-03
1.427990101000000123e-01,6.599312373436257151e-03
1.428135805000000091e-01,6.598982893939827309e-03
1.428572830000000016e-01,6.597994664710993967e-03
1.428718475000000099e-01,6.597664765960071891e-03
1.429300907000000120e-01,6.596347407689644865e-03
1.429883100999999879e-01,6.595029517488549924e-03
1.430319592000000029e-01,6.594042080343874394e-03
1.431628265000000066e-01,6.591079075482455044e-03
1.432354788000000101e-01,6.589433985589053522e-03
1.432645294999999874e-01,6.588776116752585212e-03
1.432790526000000120e-01,6.588446975190311722e-03
1.433226130999999959e-01,6.587460778506347772e-03
1.433371303000000041e-01,6.587131520949079423e-03
1.433951844999999947e-01,6.585815990608086951e-03
1.434677192000000101e-01,6.584172564940185893e-03
1.434967228000000039e-01,6.583515642024764802e-03
1.435112223999999992e-01,6.583187176848658874e-03
1.435836984999999955e-01,6.581544028741285329e-03
1.436271665999999947e-01,6.580558848690428939e-03
1.436851036000000026e-01,6.579244598606833958e-03
1.437285409999999874e-01,6.578259938734918287e-03
1.438009075999999997e-01,6.576618365608325953e-03
1.438587745999999890e-01,6.575306003082701141e-03
1.439744389000000013e-01,6.572681625888941725e-03
1.440322361999999967e-01,6.571369607617791667e-03
1.440466819000000009e-01,6.571042044003974972e-03
1.441477613000000102e-01,6.568747008464900436e-03
1.441910593999999879e-01,6.567763920229326667e-03
1.442487698999999901e-01,6.566453406720436717e-03
1.442776165000000110e-01,6.565797929300747418e-03
1.443641216999999866e-01,6.563832845524198746e-03
1.443785341999999916e-01,6.563505765506934611e-03
1.444361698000000138e-01,6.562195924656536068e-03
1.444937823999999926e-01,6.560887023768799051e-03
1.445081820000000128e-01,6.560559610537745889e-03
1.445513720000000113e-01,6.559578402983409599e-03
1.445945492000000054e-01,6.558596769096139076e-03
1.447096254000000137e-01,6.555980022516601745e-03
1.448389767999999911e-01,6.553038611027754180e-03
1.448533421000000043e-01,6.552711823529219770e-03
1.448820682999999998e-01,6.552057950492779989e-03
1.448964292000000098e-01,6.551731236465254370e-03
1.449682127999999959e-01,6.550097930369611597e-03
1.450686501000000017e-01,6.547812133018192891e-03
1.450829925999999881e-01,6.547485379337541003e-03
1.451833503999999941e-01,6.545200863025571296e-03
1.451976815999999892e-01,6.544874604499243201e-03
1.452406666000000124e-01,6.543895661812834663e-03
1.452836389999999922e-01,6.542916607767863130e-03
1.453552312999999985e-01,6.541286624459805368e-03
1.454124797000000135e-01,6.539981766335908192e-03
1.454697057000000071e-01,6.538678263497547591e-03
1.455412064000000116e-01,6.537048801572349459e-03
1.456269609999999992e-01,6.535094345408423190e-03
1.456555347000000056e-01,6.534442336951508043e-03
1.456983846000000082e-01,6.533465327165209439e-03
1.457554983000000082e-01,6.532163375365059900e-03
1.457983189000000013e-01,6.531186977437334652e-03
1.458696586000000073e-01,6.529559291300665765e-03
1.458839222999999963e-01,6.529234358022241273e-03
1.459694756000000093e-01,6.527282343038301460e-03
1.459837296000000006e-01,6.526956948836190597e-03
1.459979821999999872e-01,6.526632261582393860e-03
1.460407317000000094e-01,6.525656366317481895e-03
1.460834685999999882e-01,6.524680763991622286e-03
1.462542916000000026e-01,6.520781262325399917e-03
1.462685177999999975e-01,6.520456503143266629e-03
1.464391248999999950e-01,6.516559956073625544e-03
1.464817456999999989e-01,6.515586371037994026e-03
1.465527527000000108e-01,6.513963534115200203e-03
1.465669498999999931e-01,6.513639202230050301e-03
1.466095335000000000e-01,6.512665882691841442e-03
1.468789426999999870e-01,6.506506840364549224e-03
1.468931083999999998e-01,6.506182503482301968e-03
1.469072727999999883e-01,6.505858387907872270e-03
1.469355974999999870e-01,6.505210985813055305e-03
1.469497577999999971e-01,6.504886903899064626e-03
1.470063852999999865e-01,6.503591605060378943e-03
1.470205387000000086e-01,6.503267210027346285e-03
1.470629908999999957e-01,6.502296018913730248e-03
1.471054309000000004e-01,6.501324958137457560e-03
1.471337174000000025e-01,6.500677516953542318e-03
1.471619985000000019e-01,6.500029879441128478e-03
1.472326774000000116e-01,6.498412850960608687e-03
1.472468090999999868e-01,6.498088904920093674e-03
1.472891960999999916e-01,6.497118269417072496e-03
1.473598140000000056e-01,6.495501615419633536e-03
1.473880516999999946e-01,6.494854949780688551e-03
1.474445108999999920e-01,6.493562117612830531e-03
1.475714650000000128e-01,6.490654036724006863e-03
1.475855641999999912e-01,6.490330227100701843e-03
1.476278540000000028e-01,6.489361901611429527e-03
1.476983098999999910e-01,6.487746720133629776e-03
1.477405673999999947e-01,6.486778350505833027e-03
1.477828127999999963e-01,6.485810448115397059e-03
1.477968919000000048e-01,6.485487306460839194e-03
1.478391212000000066e-01,6.484518923659994723e-03
1.478954080999999865e-01,6.483228559010708117e-03
1.479657366999999890e-01,6.481616031847158531e-03
1.480219755000000137e-01,6.480326032057942033e-03
1.480360319000000036e-01,6.480003807168779537e-03
1.481343890000000052e-01,6.477747114454943632e-03
1.481484346999999979e-01,6.477424483076659259e-03
1.482467172999999971e-01,6.475169220195362181e-03
1.482888185000000025e-01,6.474203600661151449e-03
1.483449347999999945e-01,6.472914900594204865e-03
1.483729850000000128e-01,6.472271326895396096e-03
1.484711190000000125e-01,6.470018309800647065e-03
1.485131564999999931e-01,6.469052651589963718e-03
1.485831927000000052e-01,6.467444121932282124e-03
1.486391978999999919e-01,6.466157262607999737e-03
1.487091747000000019e-01,6.464549884140607938e-03
1.487511448999999930e-01,6.463585397842717094e-03
1.488070868999999963e-01,6.462299855909525888e-03
1.489049347999999995e-01,6.460051438855548764e-03
1.489189077999999999e-01,6.459729770486963285e-03
1.489328795000000039e-01,6.459408788959369006e-03
1.489747867000000003e-01,6.458445688517899103e-03
1.490306446999999923e-01,6.457161043352148584e-03
1.490446059999999961e-01,6.456840011020016645e-03
1.490864818000000036e-01,6.455877097615977424e-03
1.491422980000000065e-01,6.454593231375671016e-03
1.492538676999999869e-01,6.452026904492211626e-03
1.492678081000000101e-01,6.451706415244095813e-03
1.494071399999999938e-01,6.448499488372750124e-03
1.494210660999999996e-01,6.448179295841480717e-03
1.496019868000000030e-01,6.444014766692695087e-03
1.496298013000000038e-01,6.443374003818864472e-03
1.496437066000000093e-01,6.443053544063706214e-03
1.496854149000000078e-01,6.442093336802797755e-03
1.497132139000000028e-01,6.441453025424921479e-03
1.497549028000000060e-01,6.440492519968137042e-03
1.497965800999999930e-01,6.439532490215904743e-03
1.498104698999999929e-01,6.439213100018240273e-03
1.499354206000000078e-01,6.436333740384454077e-03
1.500186632999999936e-01,6.434415223875696380e-03
1.500325325999999904e-01,6.434095988635789472e-03
1.500464005999999906e-01,6.433776019704197900e-03
1.500879968999999925e-01,6.432816963614014158e-03
1.501295816999999866e-01,6.431858115649458259e-03
1.501434407999999998e-01,6.431538663974578109e-03
1.502681146000000023e-01,6.428663814605113658e-03
1.503096496000000115e-01,6.427706566762698449e-03
1.504203534000000120e-01,6.425152764133755350e-03
1.504618463000000073e-01,6.424195352239434401e-03
1.504756747999999866e-01,6.423876560101298913e-03
1.505171525000000010e-01,6.422919016145135600e-03
1.505309757999999942e-01,6.422600200148043635e-03
1.505862565999999958e-01,6.421324241639605850e-03
1.506000735999999951e-01,6.421005740780686387e-03
1.507105640999999996e-01,6.418454896239588273e-03
1.508071769000000062e-01,6.416224584132451496e-03
1.509175157000000045e-01,6.413676898290849790e-03
1.509588719999999940e-01,6.412721583987646135e-03
1.509726549000000029e-01,6.412403433000649772e-03
1.510139960999999920e-01,6.411448017661942368e-03
1.510415505999999908e-01,6.410811605419690709e-03
1.510828728999999981e-01,6.409856766514153599e-03
1.511517183999999958e-01,6.408265791346845486e-03
1.511792477999999995e-01,6.407630148177725395e-03
1.512618058999999904e-01,6.405721942642314537e-03
1.513030680999999933e-01,6.404768233609848399e-03
1.513718133999999993e-01,6.403178142615502562e-03
1.513993026999999880e-01,6.402543189796683701e-03
1.514542664999999899e-01,6.401272148230372806e-03
1.514680043999999948e-01,6.400954056389497604e-03
1.515229432000000098e-01,6.399683330857382051e-03
1.515778621999999964e-01,6.398413329285933086e-03
1.516190383000000086e-01,6.397460996264659958e-03
1.516327611999999936e-01,6.397143619104303514e-03
1.517836311999999910e-01,6.393652432825311718e-03
1.517973393000000004e-01,6.393335137985432098e-03
1.518384559000000023e-01,6.392384075353824829e-03
1.519069588999999998e-01,6.390798534945483361e-03
1.520164995000000130e-01,6.388262049884931709e-03
1.520301864999999975e-01,6.387945874286013286e-03
1.520712402000000130e-01,6.386995354315572887e-03
1.522353442000000112e-01,6.383193941670178145e-03
1.522490115000000033e-01,6.382877520916529004e-03
1.522900061999999943e-01,6.381927513702164920e-03
1.523309898000000107e-01,6.380978624620406436e-03
1.523583061999999877e-01,6.380345356923136819e-03
1.523992714000000082e-01,6.379396060770920265e-03
1.524402256999999872e-01,6.378447365543589952e-03
1.524538746999999916e-01,6.378130949016637928e-03
1.525766605999999970e-01,6.375284584686279586e-03
1.526175671999999983e-01,6.374336453494186192e-03
1.526857206999999994e-01,6.372756271931337077e-03
1.527674646000000136e-01,6.370860354465292946e-03
1.528899987000000016e-01,6.368018491888100159e-03
1.529036075000000106e-01,6.367702900577933665e-03
1.529308215000000082e-01,6.367071485280111423e-03
1.529988354000000050e-01,6.365493532475861860e-03
1.530124344999999886e-01,6.365177974492858444e-03
1.530532246999999901e-01,6.364231697992808225e-03
1.531211842000000101e-01,6.362654737106588146e-03
1.531483596000000058e-01,6.362023103860259439e-03
1.532162769000000035e-01,6.360447496312321945e-03
1.532705890999999931e-01,6.359186290397935044e-03
1.533113106000000003e-01,6.358240647158569167e-03
1.533384523000000110e-01,6.357610425923747310e-03
1.533655891000000049e-01,6.356980206382336490e-03
1.533791557999999999e-01,6.356665621703725018e-03
1.534334102999999894e-01,6.355405030635519897e-03
1.534876456000000000e-01,6.354145944645972835e-03
1.535554128999999934e-01,6.352571690823264478e-03
1.535825114000000102e-01,6.351941934720471868e-03
1.535960588999999987e-01,6.351627087049925742e-03
1.536366940999999986e-01,6.350683571744534725e-03
1.536637782999999979e-01,6.350054361215219136e-03
1.537991277000000101e-01,6.346908566507848508e-03
1.538667576999999953e-01,6.345336979590268309e-03
1.538802801999999970e-01,6.345022126956827505e-03
1.539208404000000086e-01,6.344078951655019068e-03
1.539613898999999952e-01,6.343136273667245202e-03
1.540289487000000013e-01,6.341566024440050547e-03
1.540964779000000007e-01,6.339995721740889455e-03
1.541909690000000110e-01,6.337797566713971806e-03
1.542044630999999943e-01,6.337483491094892708e-03
1.542314475000000074e-01,6.336855522621085909e-03
1.542449379999999981e-01,6.336542171212471847e-03
1.543123727000000056e-01,6.334973145575530616e-03
1.543528192999999993e-01,6.334031997567442229e-03
1.544067316999999939e-01,6.332777417684619034e-03
1.544471535999999978e-01,6.331837131146019274e-03
1.544606252999999874e-01,6.331522954599839298e-03
1.545144999999999991e-01,6.330268870312600639e-03
1.545683559999999901e-01,6.329015680125626292e-03
1.546356496000000080e-01,6.327448948508405772e-03
1.546760118000000128e-01,6.326508815211501387e-03
1.548239160999999864e-01,6.323065047671373035e-03
1.548910987000000072e-01,6.321499968498272420e-03
1.549448237999999922e-01,6.320248869356300155e-03
1.549582522000000073e-01,6.319935774796700372e-03
1.550387978999999972e-01,6.318059453372041299e-03
1.550522180999999999e-01,6.317746347728876027e-03
1.550924717999999924e-01,6.316808228950806375e-03
1.551595380999999940e-01,6.315245179743315430e-03
1.552533822999999924e-01,6.313058286079549671e-03
1.552801845000000014e-01,6.312433379402336911e-03
1.553605633000000041e-01,6.310559034888539413e-03
1.553739557000000104e-01,6.310247227640257070e-03
1.554810536000000021e-01,6.307749160794707058e-03
1.555211962999999975e-01,6.306813539388818855e-03
1.555345749000000000e-01,6.306501228413994263e-03
1.556014505999999964e-01,6.304940760977282253e-03
1.556415623000000081e-01,6.304005738277462280e-03
1.556950283999999907e-01,6.302758064463919764e-03
1.557885499999999979e-01,6.300575311830657749e-03
1.558152600999999915e-01,6.299951993442241480e-03
1.558553166999999962e-01,6.299017560060401338e-03
1.558953630000000090e-01,6.298082944974106763e-03
1.560154403000000023e-01,6.295279791957679970e-03
1.560287764999999938e-01,6.294968518172731897e-03
1.561220982000000035e-01,6.292790077877705515e-03
1.561354252999999914e-01,6.292478418271986278e-03
1.561620760999999913e-01,6.291855965134930152e-03
1.561753998000000032e-01,6.291544890806930433e-03
1.562153639999999954e-01,6.290611136622083210e-03
1.562819484000000092e-01,6.289056020893402793e-03
1.563751188999999986e-01,6.286880263158571222e-03
1.563884245000000117e-01,6.286568817854293161e-03
1.564416352999999926e-01,6.285326182495174288e-03
1.564549352000000060e-01,6.285014873438735626e-03
1.566542979999999974e-01,6.280356341211543354e-03
1.567472471999999950e-01,6.278182631665202990e-03
1.567605212000000026e-01,6.277872627893080724e-03
1.567737939999999941e-01,6.277562118232644581e-03
1.568666723999999901e-01,6.275390807706663319e-03
1.568799361999999864e-01,6.275080883882862455e-03
1.569197210000000120e-01,6.274150230930223768e-03
1.569594957999999874e-01,6.273220069428762577e-03
1.570125131000000007e-01,6.271979849545768378e-03
1.570787596000000064e-01,6.270430782304724053e-03
1.570920054999999926e-01,6.270120447627142504e-03
1.571317365999999882e-01,6.269191041913577990e-03
1.571979329000000036e-01,6.267642600536054397e-03
1.572376372000000022e-01,6.266712794977226213e-03
1.572905608000000066e-01,6.265474568130674493e-03
1.573434665000000010e-01,6.264236661691654010e-03
1.573963545000000019e-01,6.262997981264886369e-03
1.574095736999999995e-01,6.262689345546507309e-03
1.574360087999999991e-01,6.262069956319224646e-03
1.574888657000000081e-01,6.260832752871653938e-03
1.575549119000000109e-01,6.259286543871478425e-03
1.575945263000000096e-01,6.258359025067634397e-03
1.576473301000000105e-01,6.257122857980523811e-03
1.577265025000000043e-01,6.255268760237135857e-03
1.577660738999999979e-01,6.254340968763777257e-03
1.578320039999999980e-01,6.252797126443827673e-03
1.578715488999999916e-01,6.251870444453013105e-03
1.579242600000000107e-01,6.250635835079422324e-03
1.579374350999999954e-01,6.250326618681744349e-03
1.580296294999999906e-01,6.248166636221264350e-03
1.580427957999999966e-01,6.247858105991740789e-03
1.580822879000000070e-01,6.246932761414839344e-03
1.581480862999999903e-01,6.245390544965500647e-03
1.583453172000000020e-01,6.240766628964221005e-03
1.583978706999999986e-01,6.239534823503607025e-03
1.584372742999999861e-01,6.238610328087540111e-03
1.585029253000000138e-01,6.237070342576258968e-03
1.586734907000000028e-01,6.233069708843674665e-03
1.586997152000000078e-01,6.232454144080973833e-03
1.587128258999999930e-01,6.232146274166543674e-03
1.587521514000000133e-01,6.231223873152960668e-03
1.587652576999999954e-01,6.230916281283370266e-03
1.587783628999999974e-01,6.230608726737066685e-03
1.588700692999999997e-01,6.228456963488653714e-03
1.588831659000000118e-01,6.228149696899841319e-03
1.589093558999999933e-01,6.227534408141520428e-03
1.589748119000000126e-01,6.225998795015012972e-03
1.589878999000000070e-01,6.225690795963981228e-03
1.590925649000000108e-01,6.223233521251788150e-03
1.591187202999999883e-01,6.222620081076593243e-03
1.591317965000000056e-01,6.222312936349366774e-03
1.591710184000000028e-01,6.221392440709249544e-03
1.591840902999999974e-01,6.221084694619110483e-03
1.592363669000000093e-01,6.219857868876021122e-03
1.593016885000000105e-01,6.218323651807835563e-03
1.593278096999999893e-01,6.217709840077186717e-03
1.593408685999999908e-01,6.217403135002491643e-03
1.594453019000000027e-01,6.214950164095721721e-03
1.594974929000000097e-01,6.213723702213029901e-03
1.595887860999999908e-01,6.211578653555593910e-03
1.596018237000000062e-01,6.211271805827393508e-03
1.596148602000000138e-01,6.210965386992351074e-03
1.596539634999999957e-01,6.210047045876042338e-03
1.597191142999999924e-01,6.208515584581910177e-03
1.597581921000000016e-01,6.207597719486020703e-03
1.598102808999999902e-01,6.206373113586810368e-03
1.599144076000000025e-01,6.203924737635429718e-03
1.599534375999999980e-01,6.203007213018483894e-03
1.600054629000000062e-01,6.201783999205604317e-03
1.600314690999999900e-01,6.201172621543575743e-03
1.601224578000000065e-01,6.199032035840306570e-03
1.601744281999999964e-01,6.197810091200054231e-03
1.602393673999999990e-01,6.196282423790265906e-03
1.602783183000000000e-01,6.195365730400005655e-03
1.603172596999999922e-01,6.194450367769908927e-03
1.603432153999999887e-01,6.193838978892575627e-03
1.604210574000000111e-01,6.192008285834544982e-03
1.604340273000000039e-01,6.191702548186882489e-03
1.605766279999999990e-01,6.188346426438300421e-03
1.605895854000000122e-01,6.188041499795396069e-03
1.606414046000000095e-01,6.186821691816732707e-03
1.606932071000000128e-01,6.185602378932548648e-03
1.607320479999999885e-01,6.184687926603856488e-03
1.607838212999999905e-01,6.183468598814416579e-03
1.608485145000000116e-01,6.181945981866178962e-03
1.608614499999999892e-01,6.181641469825660019e-03
1.609002502999999917e-01,6.180726932887414121e-03
1.609390411999999937e-01,6.179813602773590736e-03
1.609907479999999891e-01,6.178596520239913389e-03
1.610036719999999866e-01,6.178291684929181765e-03
1.611586801999999874e-01,6.174640767415674747e-03
1.611715907999999864e-01,6.174336597241987523e-03
1.612103165000000060e-01,6.173423690225528573e-03
1.612748385999999978e-01,6.171903449392444549e-03
1.613135394000000111e-01,6.170991529272602111e-03
1.613651261000000059e-01,6.169776213412653081e-03
1.614038053999999889e-01,6.168864249003236030e-03
1.614811359999999973e-01,6.167041604267003464e-03
1.615197874000000033e-01,6.166130116930334908e-03
1.615584295999999975e-01,6.165218837747398449e-03
1.615713082999999939e-01,6.164915495248649360e-03
1.615841859000000102e-01,6.164611637411634287e-03
1.616228127000000070e-01,6.163702022026733805e-03
1.616614302999999919e-01,6.162790940632018911e-03
1.616871702000000077e-01,6.162183837720346981e-03
1.617900888999999898e-01,6.159757226313902594e-03
1.618158083000000025e-01,6.159150226518611548e-03
1.619314953000000057e-01,6.156422139907981837e-03
1.619700393000000072e-01,6.155512285556105807e-03
1.619828852000000097e-01,6.155209761998864208e-03
1.620342587999999973e-01,6.153998214184493859e-03
1.621369571999999870e-01,6.151574821500786598e-03
1.622011106000000036e-01,6.150060953352507777e-03
1.622908828999999886e-01,6.147942663712747946e-03
1.623934189000000028e-01,6.145522047555667354e-03
1.624062313999999896e-01,6.145219415688769372e-03
1.624318533000000120e-01,6.144615083091843274e-03
1.624446626999999921e-01,6.144312587840014377e-03
1.624830848999999910e-01,6.143405151206592606e-03
1.625854998000000051e-01,6.140987688761469394e-03
1.625982971000000110e-01,6.140685286926785176e-03
1.626110933999999897e-01,6.140383282062921756e-03
1.627006394000000133e-01,6.138268335982054354e-03
1.627134276999999962e-01,6.137967072706086193e-03
1.628156977000000116e-01,6.135551069978487787e-03
1.628540323000000067e-01,6.134646049501821588e-03
1.628923579999999871e-01,6.133740377959931087e-03
1.629562139999999881e-01,6.132231434905299414e-03
1.630072808999999956e-01,6.131025296021956963e-03
1.630455704999999866e-01,6.130120330011339623e-03
1.630583317000000032e-01,6.129818586032738381e-03
1.631603855000000047e-01,6.127407032342393166e-03
1.631986391999999952e-01,6.126503411751090845e-03
1.632113883999999904e-01,6.126202586765557012e-03
1.632496301999999955e-01,6.125298955612393410e-03
1.633006053000000124e-01,6.124093896470232841e-03
1.633133465000000117e-01,6.123792376125201595e-03
1.633260867999999921e-01,6.123491362336392664e-03
1.633643016999999920e-01,6.122588140788780796e-03
1.634025077000000048e-01,6.121685259392994904e-03
1.634279734000000095e-01,6.121082611832126541e-03
1.634661645000000108e-01,6.120179520890510309e-03
1.635170720000000133e-01,6.118976011599177277e-03
1.636315560999999918e-01,6.116268553525408026e-03
1.636569861999999931e-01,6.115668147914828275e-03
1.636696997000000042e-01,6.115367155240370931e-03
1.637332525999999899e-01,6.113863571851338614e-03
1.637713725000000120e-01,6.112962149755563415e-03
1.638221851999999978e-01,6.111760852723560969e-03
1.638602844000000003e-01,6.110859212009238893e-03
1.639364561999999970e-01,6.109057268967783144e-03
1.640125926999999872e-01,6.107256178065076715e-03
1.640379637000000113e-01,6.106655572734918415e-03
1.640760126999999957e-01,6.105754489643841661e-03
1.641140530000000097e-01,6.104854380836704890e-03
1.641267311000000062e-01,6.104554426693144242e-03
1.642154506999999874e-01,6.102454939923027642e-03
1.642281210000000047e-01,6.102155723045084475e-03
1.642661260000000123e-01,6.101255972607351301e-03
1.642787924000000122e-01,6.100955699204983762e-03
1.644307130000000061e-01,6.097359442879844889e-03
1.644433667000000099e-01,6.097059341590861659e-03
1.644686711999999995e-01,6.096460704042730092e-03
1.645319154999999867e-01,6.094963492352496563e-03
1.645445614000000112e-01,6.094663332013295493e-03
1.646456939000000008e-01,6.092268610342771624e-03
1.646709672999999985e-01,6.091669917853608299e-03
1.647341338999999960e-01,6.090174916618501869e-03
1.647846497000000077e-01,6.088977907173552181e-03
1.648351500999999941e-01,6.087781208952434790e-03
1.648477727999999864e-01,6.087482581580928344e-03
1.650243888000000048e-01,6.083298807854922718e-03
1.650748157999999965e-01,6.082102909263353667e-03
1.651378279000000060e-01,6.080610053472245043e-03
1.651504273999999939e-01,6.080311676529307971e-03
1.652260043999999872e-01,6.078520343068531499e-03
1.652385972000000036e-01,6.078222598333341518e-03
1.652511891000000011e-01,6.077923741383916764e-03
1.652889589000000048e-01,6.077028445229486903e-03
1.653267200000000103e-01,6.076133525551014221e-03
1.653393052000000085e-01,6.075835401125441806e-03
1.653518894000000072e-01,6.075536656818163531e-03
1.654399518000000124e-01,6.073449555028961021e-03
1.654902521999999931e-01,6.072256136732313674e-03
1.655531061999999942e-01,6.070766426815306198e-03
1.656787426000000119e-01,6.067786852791388214e-03
1.656913010000000130e-01,6.067489610941006681e-03
1.657540787000000015e-01,6.066000516859642103e-03
1.657917338999999879e-01,6.065106921996803353e-03
1.658544735999999964e-01,6.063618981437930711e-03
1.658921060999999919e-01,6.062726021610846845e-03
1.659422694000000087e-01,6.061535925081417558e-03
1.660425504999999968e-01,6.059157066488816967e-03
1.660550813999999986e-01,6.058859193284515769e-03
1.660801403000000120e-01,6.058264893439520987e-03
1.661302469000000004e-01,6.057076062844943438e-03
1.661928588000000095e-01,6.055589787465516516e-03
1.662429313000000075e-01,6.054402058787405894e-03
1.662554471000000089e-01,6.054105526708770946e-03
1.663430311999999911e-01,6.052026021645220619e-03
1.663930586000000045e-01,6.050838203069812057e-03
1.664305691999999892e-01,6.049948751619595860e-03
1.664555715999999908e-01,6.049354940279456569e-03
1.664805702999999915e-01,6.048761224294177570e-03
1.664930682000000106e-01,6.048465169966293908e-03
1.665305562999999933e-01,6.047574323497464932e-03
1.666429701000000096e-01,6.044905049533367582e-03
1.666804245000000073e-01,6.044016266661978234e-03
1.667553079999999910e-01,6.042238365775299061e-03
1.668426296999999947e-01,6.040164515372126695e-03
1.669423700000000066e-01,6.037794607981697946e-03
1.669548332999999940e-01,6.037498695636719752e-03
1.669922178000000090e-01,6.036610842815393410e-03
1.670420506999999999e-01,6.035427259146125024e-03
1.670918687999999874e-01,6.034243778212170818e-03
1.671416719999999911e-01,6.033060423611694145e-03
1.671541205000000030e-01,6.032764495256271245e-03
1.672536749999999905e-01,6.030398697302229161e-03
1.672785544000000013e-01,6.029808231836707166e-03
1.672909925999999936e-01,6.029512320105900013e-03
1.673283020000000121e-01,6.028625762644413029e-03
1.673531702999999926e-01,6.028034505054954278e-03
1.673904657999999990e-01,6.027148779330886684e-03
1.674277529000000042e-01,6.026261381549348310e-03
1.674401801000000023e-01,6.025966615282031709e-03
1.674774562999999938e-01,6.025080672879401869e-03
1.675519836000000096e-01,6.023308468918545273e-03
1.675892347999999865e-01,6.022423633002019563e-03
1.676885310000000018e-01,6.020062843952909797e-03
1.677257518999999975e-01,6.019177957544376810e-03
1.677381571000000071e-01,6.018883308571002129e-03
1.678497620000000135e-01,6.016229340049038081e-03
1.678745530000000097e-01,6.015639494026701201e-03
1.678869471999999974e-01,6.015345075775068578e-03
1.679489041999999988e-01,6.013870879122570033e-03
1.679860673999999943e-01,6.012987506733066985e-03
1.680232224000000052e-01,6.012103616004986148e-03
1.680479877999999927e-01,6.011514854608806385e-03
1.680727495999999876e-01,6.010926413498089704e-03
1.681346381000000112e-01,6.009453233471662680e-03
1.682212436999999949e-01,6.007393367300009612e-03
1.682830775999999973e-01,6.005922458287010247e-03
1.683819645999999892e-01,6.003569636758443115e-03
1.684313863999999938e-01,6.002393816415272157e-03
1.685178394999999885e-01,6.000336676159577325e-03
1.685425322000000115e-01,5.999747941848505156e-03
1.685795646000000092e-01,5.998867177727616219e-03
1.686289283999999888e-01,5.997691772104383340e-03
1.686659417999999966e-01,5.996810858242607178e-03
1.687276127000000014e-01,5.995343584154713516e-03
1.687769332000000067e-01,5.994169119219520253e-03
1.688262392999999861e-01,5.992994809940185852e-03
1.688385635999999912e-01,5.992702039240420733e-03
1.689124902999999955e-01,5.990941437065513617e-03
1.689248083000000067e-01,5.990648074257579579e-03
1.690233197999999881e-01,5.988302878863122937e-03
1.690356296999999952e-01,5.988010128073695953e-03
1.690602468999999886e-01,5.987424035909266751e-03
1.690725540999999943e-01,5.987130050510598538e-03
1.691709795999999932e-01,5.984786245750539461e-03
1.692570549000000091e-01,5.982736909036751906e-03
1.692693477999999974e-01,5.982443722231623080e-03
1.693185104999999913e-01,5.981273419705801855e-03
1.693307990000000041e-01,5.980980039144634039e-03
1.693676590000000037e-01,5.980102621538272399e-03
1.694290743999999904e-01,5.978639642422149333e-03
1.695150186999999919e-01,5.976591525780295018e-03
1.696254544999999947e-01,5.973960828110569214e-03
1.696622505000000003e-01,5.973083625336769037e-03
1.696990385000000101e-01,5.972206956688584124e-03
1.697112993999999875e-01,5.971914504499646094e-03
1.697235594000000014e-01,5.971622856938605360e-03
1.697603340999999932e-01,5.970746205409543407e-03
1.697971007999999893e-01,5.969869416148017131e-03
1.698093545999999898e-01,5.969577677162299541e-03
1.698461106999999970e-01,5.968701784587407931e-03
1.699195991000000128e-01,5.966950892794017046e-03
1.700420092000000105e-01,5.964032114374435457e-03
1.700542452999999898e-01,5.963741211344180705e-03
1.701031812000000087e-01,5.962574435355908441e-03
1.701521028999999907e-01,5.961407281018201061e-03
1.702010106000000078e-01,5.960242135500977770e-03
1.702132353999999959e-01,5.959949687061875251e-03
1.702376821999999901e-01,5.959366803208738898e-03
1.703110016000000115e-01,5.957619097145642161e-03
1.703842895000000079e-01,5.955871809683634110e-03
1.703965010999999863e-01,5.955579973216927094e-03
1.704331305000000019e-01,5.954706742099480539e-03
1.704819576000000114e-01,5.953542425327601299e-03
1.705429717999999983e-01,5.952087184480964362e-03
1.706039642000000134e-01,5.950632021160803115e-03
1.706405491000000108e-01,5.949759527131249885e-03
1.706893168999999988e-01,5.948596361791396760e-03
1.707015065999999970e-01,5.948306011511296683e-03
1.707989933999999876e-01,5.945980177559238161e-03
1.708233563000000066e-01,5.945398217408858453e-03
1.708355364999999959e-01,5.945108653740496796e-03
1.708720719000000055e-01,5.944236114575039004e-03
1.708964245000000048e-01,5.943655487060857737e-03
1.709816312000000116e-01,5.941622401998168830e-03
1.710789583000000003e-01,5.939300070080137661e-03
1.710911203000000103e-01,5.939009162714475008e-03
1.712248452000000032e-01,5.935818494814310009e-03
1.712612974999999926e-01,5.934948705269930784e-03
1.713584657999999983e-01,5.932629604550676908e-03
1.713706078999999993e-01,5.932339765280158703e-03
1.713827491999999897e-01,5.932049825302284848e-03
1.714070292000000051e-01,5.931469748368865119e-03
1.714677142000000098e-01,5.930021108354379886e-03
1.714798486000000122e-01,5.929730943467534376e-03
1.715162467999999940e-01,5.928862205554476239e-03
1.715526370999999883e-01,5.927993850221985155e-03
1.716011457000000129e-01,5.926835411650973814e-03
1.716617619999999955e-01,5.925388118067281829e-03
1.716738827000000023e-01,5.925098819666422580e-03
1.717102396999999891e-01,5.924230632845696801e-03
1.717708175999999864e-01,5.922783905408689903e-03
1.717950427000000113e-01,5.922206154429704439e-03
1.718071539999999897e-01,5.921915838878805648e-03
1.719524231000000014e-01,5.918446949154941225e-03
1.719887211999999999e-01,5.917580011081099989e-03
1.720008188999999910e-01,5.917290591604416027e-03
1.720612944000000089e-01,5.915847038133059330e-03
1.721338370999999923e-01,5.914113824601962589e-03
1.721459244999999916e-01,5.913824349912206665e-03
1.721821818000000004e-01,5.912958748890253038e-03
1.722425937000000018e-01,5.911515777150979853e-03
1.723392086999999961e-01,5.909207759650310192e-03
1.723874958000000124e-01,5.908053341327572892e-03
1.724357695000000024e-01,5.906900306450657903e-03
1.724478358000000044e-01,5.906611606895112269e-03
1.725443358000000038e-01,5.904305779609511813e-03
1.725684523999999886e-01,5.903730125949165422e-03
1.725805093999999984e-01,5.903441053880097156e-03
1.726407819000000121e-01,5.902000484769196267e-03
1.726769353000000007e-01,5.901136826982557489e-03
1.727733073000000119e-01,5.898833548050047212e-03
1.728214731999999920e-01,5.897682851534503945e-03
1.728335125999999888e-01,5.897394559520570748e-03
1.729057311999999957e-01,5.895668338929678336e-03
1.729297972999999933e-01,5.895093130028805119e-03
1.730140025999999942e-01,5.893079293471235880e-03
1.730981668000000084e-01,5.891067824159898145e-03
1.731222062999999978e-01,5.890492611316263880e-03
1.731462423000000028e-01,5.889917735817677344e-03
1.731943045000000070e-01,5.888768878476349777e-03
1.732063179999999980e-01,5.888481382391302747e-03
1.732543633999999999e-01,5.887333375783117967e-03
1.733144016000000009e-01,5.885896625676711666e-03
1.733384109999999978e-01,5.885322935443072952e-03
1.733984199999999976e-01,5.883888026267226554e-03
1.734104193000000071e-01,5.883601731244006774e-03
1.734464122999999913e-01,5.882740934160110395e-03
1.734823977999999933e-01,5.881878997735731814e-03
1.735063840000000135e-01,5.881306610319795777e-03
1.735423570000000082e-01,5.880445780002734046e-03
1.735783226000000012e-01,5.879585148221544953e-03
1.735903095000000118e-01,5.879299000825614907e-03
1.736981541000000018e-01,5.876718959802953654e-03
1.737221104999999988e-01,5.876146420680653133e-03
1.737340874999999951e-01,5.875859692168152425e-03
1.738298734000000012e-01,5.873567969718086756e-03
1.738777465999999938e-01,5.872422411646030169e-03
1.739614929999999948e-01,5.870418297017497913e-03
1.739854131000000137e-01,5.869847211522416855e-03
1.740691075999999948e-01,5.867844471288334411e-03
1.741647092999999979e-01,5.865556775286274484e-03
1.741766557999999965e-01,5.865270570493867110e-03
1.742602584999999871e-01,5.863269438163890533e-03
1.742721985000000029e-01,5.862983528454544443e-03
1.742960759999999942e-01,5.862412427124772188e-03
1.743080134999999975e-01,5.862126234773697500e-03
1.743676888000000036e-01,5.860698659315208454e-03
1.744034841999999863e-01,5.859841665746440796e-03
1.744392723000000034e-01,5.858985633560059164e-03
1.745465922999999975e-01,5.856415584452882156e-03
1.745942689999999964e-01,5.855274826229242731e-03
1.746300178999999897e-01,5.854418590906172205e-03
1.746538464999999873e-01,5.853848906282394654e-03
1.746895831999999982e-01,5.852992521767055346e-03
1.748324572000000132e-01,5.849572403402490163e-03
1.748443581000000135e-01,5.849288173143720078e-03
1.748800558999999977e-01,5.848433105082890410e-03
1.749395360999999871e-01,5.847008223175677484e-03
1.750227742999999891e-01,5.845015123102994224e-03
1.750346623000000046e-01,5.844730178047363549e-03
1.751178553999999943e-01,5.842739038746776192e-03
1.751653764999999974e-01,5.841600476523958058e-03
1.752010089000000104e-01,5.840746769365904277e-03
1.752485075000000114e-01,5.839609579730698288e-03
1.752603801000000017e-01,5.839324413994351724e-03
1.753553322999999997e-01,5.837050467102289017e-03
1.754027891000000117e-01,5.835913580430107488e-03
1.754146513000000018e-01,5.835630457252658984e-03
1.754383733000000056e-01,5.835062345143777508e-03
1.754502330999999915e-01,5.834777893911174441e-03
1.754858076999999961e-01,5.833925520125876618e-03
1.755095200000000022e-01,5.833357496011755058e-03
1.755450826000000131e-01,5.832505466092609801e-03
1.756280337999999996e-01,5.830518347976901446e-03
1.756872607999999947e-01,5.829099671563886878e-03
1.756991036999999978e-01,5.828815821397672313e-03
1.757346278999999956e-01,5.827964980570565431e-03
1.757701449000000082e-01,5.827113435892679674e-03
1.758648217999999874e-01,5.824845531863402648e-03
1.758766529000000134e-01,5.824560778195951583e-03
1.759830964000000109e-01,5.822010139783849285e-03
1.760067416999999967e-01,5.821443393337880426e-03
1.760185632000000056e-01,5.821160897359791211e-03
1.760776588000000087e-01,5.819744460420160290e-03
1.761131066000000134e-01,5.818895089226951492e-03
1.761485473000000135e-01,5.818046091122270648e-03
1.761603593000000134e-01,5.817762317658773177e-03
1.761957903999999964e-01,5.816913399398050168e-03
1.762075992000000091e-01,5.816630495545394366e-03
1.762548265999999975e-01,5.815498313744831005e-03
1.762666314000000123e-01,5.815215448915953336e-03
1.763610418000000069e-01,5.812952077631174629e-03
1.763964326999999943e-01,5.812104885231450871e-03
1.764436094000000066e-01,5.810973892547562428e-03
1.765261384000000044e-01,5.808994514076646319e-03
1.765379252000000010e-01,5.808712446031174398e-03
1.765732805999999933e-01,5.807864206614057716e-03
1.766204101000000137e-01,5.806735609822575618e-03
1.766321905000000081e-01,5.806452948977828751e-03
1.766793043000000063e-01,5.805322539332646165e-03
1.767617233000000065e-01,5.803347137474891212e-03
1.768323376000000002e-01,5.801653883892469131e-03
1.768676341000000041e-01,5.800808117096580008e-03
1.769264459999999872e-01,5.799397357552730885e-03
1.769969946000000127e-01,5.797705388342724517e-03
1.770087499000000120e-01,5.797423423133961362e-03
1.771027646999999983e-01,5.795168987191759609e-03
1.771145130000000012e-01,5.794886877636564945e-03
1.771380073000000110e-01,5.794323898475636433e-03
1.771497532999999902e-01,5.794041653661592510e-03
1.772436933000000048e-01,5.791789677345671183e-03
1.773258498999999988e-01,5.789818686398445421e-03
1.773845098999999870e-01,5.788411343792483447e-03
1.774314240000000042e-01,5.787286475636839803e-03
1.774783255999999865e-01,5.786161137281363095e-03
1.774900490999999914e-01,5.785880197171433884e-03
1.775252149000000057e-01,5.785037294701911997e-03
1.775720916999999899e-01,5.783911389608809711e-03
1.775838090000000091e-01,5.783631694662690233e-03
1.776658084000000137e-01,5.781663995697150851e-03
1.776775194999999918e-01,5.781383349755645634e-03
1.777126481000000091e-01,5.780539449308751999e-03
1.777477698999999911e-01,5.779697587712172638e-03
1.777711804999999867e-01,5.779136546317747807e-03
1.778881874999999890e-01,5.776327951688802788e-03
1.778998838999999998e-01,5.776047834694675656e-03
1.779583546999999877e-01,5.774644743495002328e-03
1.780518680000000020e-01,5.772401507876652113e-03
1.780869227999999915e-01,5.771560426468823161e-03
1.781219708000000013e-01,5.770718963786708629e-03
1.781336518999999952e-01,5.770438376590656358e-03
1.782153982000000136e-01,5.768477123959444425e-03
1.782270732000000024e-01,5.768196717615038313e-03
1.783321136999999890e-01,5.765675179058219260e-03
1.784137691000000081e-01,5.763715328070395487e-03
1.784254311000000037e-01,5.763436168331751569e-03
1.784487527999999990e-01,5.762876853279758592e-03
1.786119197000000103e-01,5.758960298168391487e-03
1.786468646000000104e-01,5.758121718124463266e-03
1.786934471999999940e-01,5.757003074102151619e-03
1.787400177000000034e-01,5.755884319566726554e-03
1.787865760000000026e-01,5.754767573015863100e-03
1.788214868000000124e-01,5.753928820300620132e-03
1.788331221999999998e-01,5.753649874490295718e-03
1.788680239000000061e-01,5.752811278639861220e-03
1.788912879000000011e-01,5.752253446149556242e-03
1.789261782999999884e-01,5.751415555843430484e-03
1.789610618999999958e-01,5.750577964008556781e-03
1.790772912999999966e-01,5.747787089521650371e-03
1.791121454000000057e-01,5.746950828303773462e-03
1.791469927999999878e-01,5.746113877525102671e-03
1.791586071000000058e-01,5.745835987421160813e-03
1.792050565999999956e-01,5.744720047652412433e-03
1.792398859000000066e-01,5.743883645535866056e-03
1.793559346999999971e-01,5.741096929994421103e-03
1.793791354000000005e-01,5.740540235701650611e-03
1.794487197000000089e-01,5.738868925020681848e-03
1.794835016999999922e-01,5.738033259111981893e-03
1.795182768999999956e-01,5.737199274929260032e-03
1.795298671999999984e-01,5.736920269904578241e-03
1.795646334000000066e-01,5.736085655496882610e-03
1.796225623000000104e-01,5.734694743539778608e-03
1.796341458000000058e-01,5.734416182097757872e-03
1.796688918999999884e-01,5.733581794401049030e-03
1.797036312999999996e-01,5.732746993906345616e-03
1.797267871000000072e-01,5.732190630180094594e-03
1.797615153000000077e-01,5.731356873608508401e-03
1.798078092000000017e-01,5.730245091063617714e-03
1.799119267000000022e-01,5.727743608813910293e-03
1.799350557000000128e-01,5.727188477222618437e-03
1.799928654000000072e-01,5.725799568770431960e-03
1.800044251000000040e-01,5.725521707532065831e-03
1.800390997000000104e-01,5.724689255817947374e-03
1.800853221000000004e-01,5.723579463603220389e-03
1.800968759000000086e-01,5.723301788624086256e-03
1.801199812000000011e-01,5.722746621489512540e-03
1.801777314999999935e-01,5.721358812076846913e-03
1.802585508000000003e-01,5.719417946268140311e-03
1.803162567000000105e-01,5.718030552531878571e-03
1.803508714000000013e-01,5.717198645818800072e-03
1.803624081000000101e-01,5.716921380585951451e-03
1.804546756000000030e-01,5.714705470310858446e-03
1.805007915999999879e-01,5.713596746960566790e-03
1.805584201000000055e-01,5.712212181821441949e-03
1.805929883000000069e-01,5.711381893955973232e-03
1.806275499999999978e-01,5.710551796694658504e-03
1.806390690000000132e-01,5.710274585238627083e-03
1.806736218999999977e-01,5.709444806770913247e-03
1.807196819999999926e-01,5.708337477306402695e-03
1.807427077000000049e-01,5.707784404611614647e-03
1.807772407000000081e-01,5.706953947501120818e-03
1.808232744999999919e-01,5.705848382079920997e-03
1.808347811000000083e-01,5.705572477981321958e-03
1.809153068000000086e-01,5.703636983928821874e-03
1.810072923999999917e-01,5.701425558640039158e-03
1.810532676999999924e-01,5.700320835416298679e-03
1.810877415000000101e-01,5.699493042442702918e-03
1.811796394999999893e-01,5.697284220357573710e-03
1.812255711000000102e-01,5.696179842939221895e-03
1.812370520999999901e-01,5.695904832970898751e-03
1.812829690999999965e-01,5.694800461367621053e-03
1.813288744999999869e-01,5.693697639482494903e-03
1.814665209000000112e-01,5.690389201746092612e-03
1.815582272000000053e-01,5.688184602721556467e-03
1.815696871999999962e-01,5.687909246027285891e-03
1.816040630000000100e-01,5.687082822495088084e-03
1.816498871999999987e-01,5.685980639660332715e-03
1.816613414000000093e-01,5.685705917158918356e-03
1.816956999000000073e-01,5.684879515882164565e-03
1.817415009999999997e-01,5.683779545106796421e-03
1.817529494000000023e-01,5.683502841681896053e-03
1.817758442000000085e-01,5.682953133469244474e-03
1.818445113000000113e-01,5.681302426887119457e-03
1.818788350999999970e-01,5.680477232611469765e-03
1.819360270000000002e-01,5.679102236617749808e-03
1.819588987999999907e-01,5.678552140046383249e-03
1.819703336000000060e-01,5.678277563542604746e-03
1.821074950999999886e-01,5.674980368281079719e-03
1.821189206000000116e-01,5.674705132720774849e-03
1.821417693999999865e-01,5.674156132022481133e-03
1.821874582999999936e-01,5.673056718353725568e-03
1.822102985000000064e-01,5.672508141750172081e-03
1.822902165999999990e-01,5.670586658304463921e-03
1.823244565000000095e-01,5.669762525785789972e-03
1.823815087000000001e-01,5.668390795533985622e-03
1.824613518000000045e-01,5.666471714986646459e-03
1.824841577000000103e-01,5.665923839496185901e-03
1.825183612000000066e-01,5.665100462096723036e-03
1.825639559999999995e-01,5.664004493853593697e-03
1.825753528999999875e-01,5.663730080125684366e-03
1.826551111999999977e-01,5.661812355225497896e-03
1.826892827000000108e-01,5.660990279769974841e-03
1.827006717999999919e-01,5.660717107975866969e-03
1.827576066000000110e-01,5.659346908479172093e-03
1.828372853999999936e-01,5.657431218574885713e-03
1.828714228999999969e-01,5.656609574550329998e-03
1.829396786999999969e-01,5.654969406214939431e-03
1.829737969999999936e-01,5.654147981923722879e-03
1.830647481999999882e-01,5.651961179135028476e-03
1.832010903000000079e-01,5.648681486403921495e-03
1.832124475999999946e-01,5.648408137213245701e-03
1.832351600000000080e-01,5.647862623547872211e-03
1.832465151999999875e-01,5.647588215078372907e-03
1.832805764000000059e-01,5.646770018898574287e-03
1.833373309999999923e-01,5.645403953635990714e-03
1.833713754000000085e-01,5.644585549206944386e-03
1.833827221000000063e-01,5.644312577989770048e-03
1.833940681000000017e-01,5.644039742169430947e-03
1.834734705999999937e-01,5.642129244769599622e-03
1.834848109999999977e-01,5.641857376326812716e-03
1.835188279999999950e-01,5.641038867698937136e-03
1.835755089999999978e-01,5.639675926491375182e-03
1.835981764999999877e-01,5.639130096244454257e-03
1.836095091999999929e-01,5.638858434878372093e-03
1.836435030999999940e-01,5.638040709306024918e-03
1.836548329999999896e-01,5.637767283747322639e-03
1.837001456000000033e-01,5.636677577641175003e-03
1.837567706999999884e-01,5.635315212015823416e-03
1.837794158000000122e-01,5.634771239987131086e-03
1.837907373000000066e-01,5.634498755089588015e-03
1.838812844000000113e-01,5.632319870886935698e-03
1.840057139000000064e-01,5.629327215446493053e-03
1.840283283999999964e-01,5.628781878848887130e-03
1.840961552000000001e-01,5.627151129586738416e-03
1.841074572999999992e-01,5.626878949771868012e-03
1.841187585999999876e-01,5.626607455552046222e-03
1.841526585000000105e-01,5.625791283234338538e-03
1.842881956999999904e-01,5.622530188360286285e-03
1.843220644000000130e-01,5.621715755053566764e-03
1.843672131000000103e-01,5.620629139131769723e-03
1.844687570000000110e-01,5.618185864612538181e-03
1.845025925999999872e-01,5.617371823562003659e-03
1.845138698000000077e-01,5.617101387335348903e-03
1.845589715000000020e-01,5.616015690174550566e-03
1.845702452000000104e-01,5.615744362113631385e-03
1.846378728999999996e-01,5.614116241913693663e-03
1.846604099999999971e-01,5.613574528403464728e-03
1.847280048000000119e-01,5.611948140422515913e-03
1.848293504999999892e-01,5.609509026542914938e-03
1.848406076999999925e-01,5.609238725330758894e-03
1.848631201000000002e-01,5.608697144589611279e-03
1.849643917999999887e-01,5.606260919839691458e-03
1.849981367000000099e-01,5.605447452039153018e-03
1.850206299000000110e-01,5.604906376524675798e-03
1.850431204000000107e-01,5.604366187303689434e-03
1.850993345999999984e-01,5.603012544506249214e-03
1.851442936999999900e-01,5.601931340871869024e-03
1.852004771000000105e-01,5.600578625356515856e-03
1.852229458000000106e-01,5.600039102327260612e-03
1.852341791000000071e-01,5.599768111550725014e-03
1.852791054000000048e-01,5.598686858695282702e-03
1.853801499000000130e-01,5.596255240814898037e-03
1.854474822000000134e-01,5.594634207274482539e-03
1.854699209000000015e-01,5.594094562391528289e-03
1.855035738999999961e-01,5.593285721914620021e-03
1.855484350000000116e-01,5.592205845614384337e-03
1.855820736999999887e-01,5.591395336559830224e-03
1.856381246999999901e-01,5.590047199434977979e-03
1.856493328999999914e-01,5.589777858787017828e-03
1.856829533000000088e-01,5.588968151341764355e-03
1.857389738999999929e-01,5.587619872002997853e-03
1.857725781000000020e-01,5.586810640520105051e-03
1.858061762000000061e-01,5.586002892151028902e-03
1.858173741999999962e-01,5.585733755604900541e-03
1.858285715999999921e-01,5.585463769451175231e-03
1.859181260999999974e-01,5.583308912512622256e-03
1.860076375999999976e-01,5.581153864656484588e-03
1.860411932000000101e-01,5.580346943350556442e-03
1.860747429000000064e-01,5.579538538718147554e-03
1.860859246999999883e-01,5.579269422147117158e-03
1.861194663000000082e-01,5.578462084912172957e-03
1.861306454999999971e-01,5.578193068703709775e-03
1.861753555000000004e-01,5.577116506889933691e-03
1.861865313000000133e-01,5.576848246555361766e-03
1.862200548000000067e-01,5.576040802792309181e-03
1.862535721999999949e-01,5.575234189773748891e-03
1.863540881999999899e-01,5.572815186600853753e-03
1.864322298999999961e-01,5.570934339653014523e-03
1.864433903000000115e-01,5.570666008473076566e-03
1.864545501000000050e-01,5.570396462215483797e-03
1.864768676000000125e-01,5.569860578527490932e-03
1.864880254000000070e-01,5.569591272589434136e-03
1.865326496999999972e-01,5.568516534031403217e-03
1.865438040999999880e-01,5.568249431207498469e-03
1.866218664000000027e-01,5.566370219237007193e-03
1.867110404000000001e-01,5.564222842613710321e-03
1.867556113999999934e-01,5.563150572123016710e-03
1.868335852000000130e-01,5.561273210259193994e-03
1.868447216000000133e-01,5.561006216783649474e-03
1.868781270000000050e-01,5.560200873276187859e-03
1.869894350999999899e-01,5.557522939997032105e-03
1.870228146000000036e-01,5.556718566300384611e-03
1.870784339000000074e-01,5.555379829280085620e-03
1.871896228999999912e-01,5.552703632107369898e-03
1.872340799999999972e-01,5.551633815978875876e-03
1.872451927000000071e-01,5.551365829387482249e-03
1.872896366000000035e-01,5.550295351224575693e-03
1.873340699999999914e-01,5.549225566720653556e-03
1.873451765999999963e-01,5.548958300748198583e-03
1.875227942999999897e-01,5.544683328337097865e-03
1.875449847000000003e-01,5.544148277390630042e-03
1.876115401000000016e-01,5.542546120961893037e-03
1.876448089999999957e-01,5.541746607471711127e-03
1.876780718999999931e-01,5.540946143768361518e-03
1.876891582000000114e-01,5.540678503960851618e-03
1.877224133000000017e-01,5.539877911206753623e-03
1.877334971000000075e-01,5.539611284902154660e-03
1.877778253999999869e-01,5.538544532947165845e-03
1.878221432999999940e-01,5.537477782545362562e-03
1.878553748000000023e-01,5.536677229879365808e-03
1.878775259000000086e-01,5.536143090589371388e-03
1.879107476999999915e-01,5.535343919806086192e-03
1.879439635000000053e-01,5.534544260250909981e-03
1.879550342000000096e-01,5.534278321348104490e-03
1.880435759999999901e-01,5.532146557043874507e-03
1.880767684000000106e-01,5.531347575649088119e-03
1.880878311999999997e-01,5.531080464231820371e-03
1.881431356999999915e-01,5.529750430682707323e-03
1.882205345999999890e-01,5.527887298216540429e-03
1.882536958000000094e-01,5.527087799190263419e-03
1.883089514999999881e-01,5.525757972579875207e-03
1.883200006999999898e-01,5.525491236605678189e-03
1.883862823000000131e-01,5.523896883780197824e-03
1.884083709000000106e-01,5.523364398725383664e-03
1.884856608999999905e-01,5.521504571375886704e-03
1.885298123999999964e-01,5.520440964307958727e-03
1.885739535000000022e-01,5.519378538360816995e-03
1.885849871999999983e-01,5.519113148420978603e-03
1.886070525999999914e-01,5.518580819256250873e-03
1.886511757000000067e-01,5.517519407585566235e-03
1.887834830000000019e-01,5.514334940507905139e-03
1.888496018999999970e-01,5.512742638715530281e-03
1.888826526000000061e-01,5.511946482089830936e-03
1.889267112999999942e-01,5.510885964381526114e-03
1.889377244000000067e-01,5.510620241744861036e-03
1.889707596999999906e-01,5.509824848537226566e-03
1.890037893000000024e-01,5.509030488950020059e-03
1.890147979000000034e-01,5.508765380095757488e-03
1.890258058000000019e-01,5.508500126565961212e-03
1.891028433999999980e-01,5.506645538452971562e-03
1.891138461999999909e-01,5.506380940509375196e-03
1.891468507999999882e-01,5.505586793643118919e-03
1.892348349000000096e-01,5.503468194941600264e-03
1.892678184000000097e-01,5.502674981939138441e-03
1.892788116000000131e-01,5.502409168532331092e-03
1.893117874999999950e-01,5.501615033418204466e-03
1.894106805000000116e-01,5.499234594590020862e-03
1.894985421000000003e-01,5.497120253452952507e-03
1.895424575999999917e-01,5.496062632243105435e-03
1.896302582000000125e-01,5.493948081189897921e-03
1.896412303999999993e-01,5.493684758614276846e-03
1.896631729000000099e-01,5.493156697213025935e-03
1.897180179999999883e-01,5.491836984776220579e-03
1.897289852000000054e-01,5.491572282261811266e-03
1.897618828000000035e-01,5.490780445211731857e-03
1.897947747000000018e-01,5.489988145826192600e-03
1.898166994000000107e-01,5.489460971866192383e-03
1.898386216999999876e-01,5.488932936049146366e-03
1.898934161999999981e-01,5.487613669541792361e-03
1.899372404000000125e-01,5.486558537988492183e-03
1.899920063999999964e-01,5.485241032308501435e-03
1.900139083999999867e-01,5.484713373736196940e-03
1.900248585000000046e-01,5.484448942181739152e-03
1.900686524000000099e-01,5.483395611313216476e-03
1.901124362000000123e-01,5.482341155320548907e-03
1.901562099000000117e-01,5.481287920038230982e-03
1.901890336000000015e-01,5.480496731186335936e-03
1.901999735999999885e-01,5.480232948094997288e-03
1.902546639999999900e-01,5.478917929041067850e-03
1.903202717999999960e-01,5.477337257614802411e-03
1.903312041999999926e-01,5.477074785507168170e-03
1.904077136000000003e-01,5.475231879618419444e-03
1.904186409999999996e-01,5.474970465634135426e-03
1.904295678000000047e-01,5.474705783101213932e-03
1.904951152999999897e-01,5.473128607564653816e-03
1.905169594999999994e-01,5.472603369450764615e-03
1.905497210000000052e-01,5.471814091458352368e-03
1.906043111000000068e-01,5.470500021016124273e-03
1.906807108999999945e-01,5.468660688270096486e-03
1.906916227000000075e-01,5.468397761504813041e-03
1.907243542000000014e-01,5.467609748879226871e-03
1.907570802000000121e-01,5.466821666692639643e-03
1.907788943000000015e-01,5.466297244150207166e-03
1.908116109000000116e-01,5.465510011338582663e-03
1.908552242999999871e-01,5.464460562672183996e-03
1.909424211000000093e-01,5.462360195472907264e-03
1.909533179000000025e-01,5.462098324672039554e-03
1.909860046000000089e-01,5.461311991160414103e-03
1.910186856999999960e-01,5.460525217076211968e-03
1.910404699999999900e-01,5.460000842443674292e-03
1.911058079000000076e-01,5.458428244817283177e-03
1.911928904999999901e-01,5.456330860116752682e-03
1.912364169000000114e-01,5.455283920812653564e-03
1.912908110000000050e-01,5.453975324110037215e-03
1.913016879999999975e-01,5.453712791623710476e-03
1.913778093999999874e-01,5.451879833101283893e-03
1.914756353000000022e-01,5.449525517937988707e-03
1.915625497000000010e-01,5.447434320331312821e-03
1.915842721000000082e-01,5.446910480889192302e-03
1.915951324000000067e-01,5.446649539197555984e-03
1.916385674999999955e-01,5.445603851266902704e-03
1.916819926999999979e-01,5.444558900745937423e-03
1.917254080000000138e-01,5.443513668292408909e-03
1.917579631000000118e-01,5.442730814759096786e-03
1.917688136000000043e-01,5.442469644998874749e-03
1.918013613000000006e-01,5.441685273437802707e-03
1.918230566999999942e-01,5.441162596488523760e-03
1.918555952000000064e-01,5.440379988214012752e-03
1.918989712999999986e-01,5.439335077909691722e-03
1.919314968999999982e-01,5.438553916943198938e-03
1.919856940000000123e-01,5.437248378887445284e-03
1.920290406999999866e-01,5.436206115707899710e-03
1.920615442999999978e-01,5.435423511450701226e-03
1.920723776000000105e-01,5.435161967432280972e-03
1.921157048000000089e-01,5.434118524560287503e-03
1.921481936999999973e-01,5.433338245446919096e-03
1.921698498999999949e-01,5.432816151256214185e-03
1.922564505000000090e-01,5.430732045097689219e-03
1.922780946000000046e-01,5.430211225636976877e-03
1.922889157000000071e-01,5.429950470698852519e-03
1.923754625999999912e-01,5.427866843577066648e-03
1.924511593000000076e-01,5.426045768602524508e-03
1.925052100999999904e-01,5.424744821655350102e-03
1.925160184999999968e-01,5.424484776092282703e-03
1.925808558000000059e-01,5.422923511384075343e-03
1.926024634000000069e-01,5.422403851925544985e-03
1.926348702000000024e-01,5.421624626601295044e-03
1.927644430999999881e-01,5.418505131718601847e-03
1.928076146999999907e-01,5.417466547062386832e-03
1.928399870999999988e-01,5.416688704788495158e-03
1.928615656000000067e-01,5.416168917985085367e-03
1.928939289000000112e-01,5.415390045495781582e-03
1.929370715000000014e-01,5.414351307248523905e-03
1.929694221999999904e-01,5.413573518385795744e-03
1.930341071999999991e-01,5.412015669077438473e-03
1.930664415999999994e-01,5.411238369960543609e-03
1.931203202000000008e-01,5.409941182482251240e-03
1.931957250000000126e-01,5.408127175889610588e-03
1.932388002000000049e-01,5.407091201687213092e-03
1.932926308000000037e-01,5.405794329773293966e-03
1.933141587999999966e-01,5.405277114968486986e-03
1.933787285000000133e-01,5.403722540246030763e-03
1.934110052999999940e-01,5.402946238671317569e-03
1.934432766999999997e-01,5.402169888305110093e-03
1.934540325999999921e-01,5.401911871548641976e-03
1.934862968000000127e-01,5.401134512478182430e-03
1.935293073000000086e-01,5.400099875343324952e-03
1.935400585000000007e-01,5.399840819179814629e-03
1.935830571000000111e-01,5.398806932032992369e-03
1.936367920000000020e-01,5.397513850522763813e-03
1.936690256999999971e-01,5.396738126368386991e-03
1.937979070999999998e-01,5.393636955669437946e-03
1.938086434000000080e-01,5.393379719437041420e-03
1.938301141000000061e-01,5.392861582709096782e-03
1.938408484999999959e-01,5.392604840243570528e-03
1.938730483999999976e-01,5.391829950855312782e-03
1.938945119000000106e-01,5.391313674179320885e-03
1.939588884000000013e-01,5.389764133425675036e-03
1.939696156999999865e-01,5.389506669920393102e-03
1.940554130999999904e-01,5.387442138123455480e-03
1.940661351000000090e-01,5.387183388703494988e-03
1.941840380000000033e-01,5.384347290730918771e-03
1.942268940999999915e-01,5.383315731933605366e-03
1.943232856000000064e-01,5.380997239102555674e-03
1.943446994999999955e-01,5.380480965749455217e-03
1.943554054999999947e-01,5.380224177095930226e-03
1.943982237999999918e-01,5.379193783668104363e-03
1.944838319999999954e-01,5.377135297935039387e-03
1.944945304000000041e-01,5.376877522956408605e-03
1.945159254000000115e-01,5.376363301594929041e-03
1.945800963000000050e-01,5.374818476503470319e-03
1.946442459999999930e-01,5.373275126599826382e-03
1.946656244999999952e-01,5.372761472737923663e-03
1.946976878999999994e-01,5.371989466578798791e-03
1.947404309000000111e-01,5.370961517269718863e-03
1.947831644999999945e-01,5.369933134834945637e-03
1.948365683999999931e-01,5.368649723783748724e-03
1.948579257999999981e-01,5.368135873903301727e-03
1.948686037000000038e-01,5.367878875116125804e-03
1.949540053000000106e-01,5.365825154738460175e-03
1.949966921000000075e-01,5.364796980811190746e-03
1.950287011000000070e-01,5.364027763736269050e-03
1.950927033000000033e-01,5.362488958556024810e-03
1.951673459999999916e-01,5.360692336321758004e-03
1.952099861999999908e-01,5.359666971564674108e-03
1.952419602000000087e-01,5.358898830507680816e-03
1.952526169999999894e-01,5.358642001614364291e-03
1.952632733000000120e-01,5.358385441448707681e-03
1.953378507999999902e-01,5.356592675022911997e-03
1.953698038999999997e-01,5.355823481774252444e-03
1.953804537000000119e-01,5.355566872436632458e-03
1.954336943999999965e-01,5.354287165690489216e-03
1.954656318000000115e-01,5.353519461444865984e-03
1.955401321000000137e-01,5.351727456463124810e-03
1.955507726999999862e-01,5.351471763012253212e-03
1.955933293000000073e-01,5.350448139285684385e-03
1.956039669000000092e-01,5.350193130863538371e-03
1.956358766000000082e-01,5.349424875674263329e-03
1.957634629999999987e-01,5.346356170815706223e-03
1.958378500000000078e-01,5.344568922698429876e-03
1.958484744000000000e-01,5.344313001751826823e-03
1.958803442000000006e-01,5.343546267435990253e-03
1.958909662999999968e-01,5.343291510537363266e-03
1.959228292000000093e-01,5.342524046136932353e-03
1.959334490000000095e-01,5.342269397916206246e-03
1.960077715000000109e-01,5.340482974721887099e-03
1.960502288000000037e-01,5.339461792394240708e-03
1.961032876000000091e-01,5.338186289901446571e-03
1.961138976000000034e-01,5.337930517994053312e-03
1.961457242999999906e-01,5.337164781115985406e-03
1.961775457999999916e-01,5.336399845854519590e-03
1.961987571999999902e-01,5.335889744914441672e-03
1.962199664000000010e-01,5.335380853379438106e-03
1.962623777999999986e-01,5.334359860004946052e-03
1.962729793000000111e-01,5.334104563715411258e-03
1.963577700999999953e-01,5.332066705723065812e-03
1.963683663999999940e-01,5.331811206250652510e-03
1.964531160000000110e-01,5.329774915774737089e-03
1.964848876999999994e-01,5.329011209301900281e-03
1.965166543000000099e-01,5.328246910300778356e-03
1.965272419999999909e-01,5.327993103740332782e-03
1.966225058000000137e-01,5.325701956081658681e-03
1.966542501000000109e-01,5.324938296322381109e-03
1.966965679000000078e-01,5.323922627997253187e-03
1.967071458999999911e-01,5.323666607248321407e-03
1.967811761999999909e-01,5.321888136284261966e-03
1.968763171000000034e-01,5.319601570803579940e-03
1.968974531999999888e-01,5.319092899643494340e-03
1.969397187999999965e-01,5.318076708519023539e-03
1.969925378999999865e-01,5.316807237713428586e-03
1.970664609999999983e-01,5.315030133815307894e-03
1.970770192000000087e-01,5.314776169897233657e-03
1.971192461999999868e-01,5.313762526999540881e-03
1.971614641999999973e-01,5.312746611726291285e-03
1.971931218000000097e-01,5.311985973992531564e-03
1.972142239999999935e-01,5.311478069643755726e-03
1.972458730999999965e-01,5.310718929251505467e-03
1.973618762999999887e-01,5.307930462050910320e-03
1.974040424000000071e-01,5.306917192724712462e-03
1.974145824999999910e-01,5.306663850141091730e-03
1.974672747000000006e-01,5.305397063389262480e-03
1.975304867000000075e-01,5.303877379811713574e-03
1.975410200999999921e-01,5.303624352924920897e-03
1.975515529000000103e-01,5.303372356679165144e-03
1.976252668000000046e-01,5.301600495722156095e-03
1.976357951000000113e-01,5.301348216144070521e-03
1.976673767000000081e-01,5.300587930095163915e-03
1.977410474999999890e-01,5.298818424233228686e-03
1.977515696000000101e-01,5.298564621120998783e-03
1.978777918000000080e-01,5.295532325399779534e-03
1.978883066999999885e-01,5.295280037164917276e-03
1.979093348000000030e-01,5.294775363062943253e-03
1.979198480000000093e-01,5.294523045479397790e-03
1.979724056000000121e-01,5.293259653256387164e-03
1.980039335000000067e-01,5.292501479109972852e-03
1.980459629000000110e-01,5.291492006816068613e-03
1.980774791000000090e-01,5.290734204038024385e-03
1.981299948999999949e-01,5.289473451541275122e-03
1.981404964000000046e-01,5.289221042626561335e-03
1.981719976000000105e-01,5.288464111143848997e-03
1.982139913000000031e-01,5.287455867455914324e-03
1.982244884000000096e-01,5.287202848631391248e-03
1.982559761999999892e-01,5.286446475291136510e-03
1.982874589999999992e-01,5.285689357194794241e-03
1.983818773999999896e-01,5.283421457082582672e-03
1.983923656000000091e-01,5.283170889054455283e-03
1.984238268000000083e-01,5.282414704817280093e-03
1.984762509000000119e-01,5.281155524537991218e-03
1.985076987999999931e-01,5.280399077133758438e-03
1.985391417000000047e-01,5.279644968336598410e-03
1.985496216000000036e-01,5.279393384254709061e-03
1.985915353999999911e-01,5.278385054605358451e-03
1.987067530000000137e-01,5.275618485319214651e-03
1.987276944999999961e-01,5.275115260624116398e-03
1.988009722999999895e-01,5.273354447053582583e-03
1.988846853000000026e-01,5.271344978947343184e-03
1.988951469999999944e-01,5.271093602667524525e-03
1.989160685999999956e-01,5.270590848188824208e-03
1.989265286000000132e-01,5.270340557791690535e-03
1.989579052999999875e-01,5.269586337728979046e-03
1.990520057000000065e-01,5.267326346479584732e-03
1.990624585000000113e-01,5.267074493015414145e-03
1.990833626000000078e-01,5.266572496434134866e-03
1.991356132000000057e-01,5.265318061385321040e-03
1.991460616000000072e-01,5.265067749135121135e-03
1.991774037000000053e-01,5.264314538632831018e-03
1.992087408999999865e-01,5.263561943282641167e-03
1.992505160999999969e-01,5.262559423090976303e-03
1.992922826000000092e-01,5.261556618072075857e-03
1.993444783999999970e-01,5.260303649312832695e-03
1.993862251999999891e-01,5.259301481716727351e-03
1.993966604999999892e-01,5.259050229137841002e-03
1.994175294999999959e-01,5.258548825073022098e-03
1.995114131000000068e-01,5.256295034458146644e-03
1.995844031000000018e-01,5.254541931547911451e-03
1.996365224999999965e-01,5.253291937274313060e-03
1.996469448000000035e-01,5.253042177325762015e-03
1.997303031999999867e-01,5.251039492523267710e-03
1.998032133000000043e-01,5.249289505124848064e-03
1.998136268000000049e-01,5.249039329631928139e-03
1.998865065000000052e-01,5.247290998037457306e-03
1.998969157000000108e-01,5.247040460594109418e-03
1.999177325000000005e-01,5.246541875545310263e-03
1.999281401000000125e-01,5.246291242378762175e-03
1.999593595999999973e-01,5.245542669987056893e-03
1.999801699000000044e-01,5.245042470579178162e-03
2.000113813000000129e-01,5.244293986919426089e-03
2.000425878000000046e-01,5.243544654412027328e-03
2.000841888999999874e-01,5.242545640157386666e-03
2.000945879000000094e-01,5.242295837221292408e-03
2.001465743999999991e-01,5.241047678220496671e-03
2.001777597999999936e-01,5.240300618063558485e-03
2.002297248000000085e-01,5.239053294123188070e-03
2.002920649000000108e-01,5.237556516936907325e-03
2.003855387000000043e-01,5.235312402054805893e-03
2.003959220000000041e-01,5.235063868645672622e-03
2.004270686999999884e-01,5.234317463473677455e-03
2.004685900000000021e-01,5.233320193191616856e-03
2.005101026999999980e-01,5.232323039139201090e-03
2.005516069000000123e-01,5.231327976035562294e-03
2.005827293000000122e-01,5.230582190606777003e-03
2.006345894000000074e-01,5.229336548917382262e-03
2.006760676999999882e-01,5.228342021734460124e-03
2.007071709000000093e-01,5.227595121780374658e-03
2.007486343000000062e-01,5.226599717061768645e-03
2.007589988000000047e-01,5.226351735197372339e-03
2.008004515000000045e-01,5.225357442184858092e-03
2.008833311999999871e-01,5.223368190579833099e-03
2.008936887999999976e-01,5.223120487102809843e-03
2.009144022999999890e-01,5.222623518469144376e-03
2.009247581999999976e-01,5.222374816989217711e-03
2.009558228999999974e-01,5.221630691389938031e-03
2.011317653999999955e-01,5.217408243881837236e-03
2.011421102000000016e-01,5.217160207696427097e-03
2.011731412999999968e-01,5.216416790086930537e-03
2.012558674999999908e-01,5.214433096010876421e-03
2.012868810000000008e-01,5.213688818955048918e-03
2.013075541000000079e-01,5.213192853337794697e-03
2.013798931000000125e-01,5.211457476726280048e-03
2.014108874999999965e-01,5.210715139106300575e-03
2.014212180000000130e-01,5.210465829643879700e-03
2.014728621999999914e-01,5.209228375523481010e-03
2.015348177000000074e-01,5.207741860035401509e-03
2.015761108999999940e-01,5.206751063601419184e-03
2.016277153999999905e-01,5.205514030714983136e-03
2.016380346999999962e-01,5.205267115179037715e-03
2.016689895000000066e-01,5.204524562184990703e-03
2.017205703000000128e-01,5.203287323904095402e-03
2.017515123999999993e-01,5.202545626007306148e-03
2.018649262999999972e-01,5.199826910992321784e-03
2.019164569999999936e-01,5.198590755378131034e-03
2.019473690999999960e-01,5.197849929784060553e-03
2.019576721000000130e-01,5.197603665415115662e-03
2.019679745000000082e-01,5.197355667376577469e-03
2.019988788000000035e-01,5.196614659440393358e-03
2.020297782000000097e-01,5.195872982446328968e-03
2.020400770000000124e-01,5.195627587738304611e-03
2.020503753000000013e-01,5.195380267168429184e-03
2.021224483999999877e-01,5.193653288568800264e-03
2.021327424999999900e-01,5.193404578597630300e-03
2.022150761000000019e-01,5.191432045100015033e-03
2.022459424999999977e-01,5.190692737738638630e-03
2.022768043000000016e-01,5.189951197684374018e-03
2.022870904999999886e-01,5.189705630044121228e-03
2.023282301000000061e-01,5.188720427532572677e-03
2.023693612999999947e-01,5.187733422125550588e-03
2.024618760000000128e-01,5.185516380423967758e-03
2.025338026999999874e-01,5.183792038487334414e-03
2.025646205999999949e-01,5.183053701726834592e-03
2.026057038000000088e-01,5.182068951260354953e-03
2.026159733000000018e-01,5.181823169743331702e-03
2.026262423000000090e-01,5.181577286405159716e-03
2.026878453000000024e-01,5.180099702079095023e-03
2.026981106000000088e-01,5.179854208055211309e-03
2.027083755000000098e-01,5.179608778644166980e-03
2.027802146999999888e-01,5.177886709772986512e-03
2.027904752999999949e-01,5.177642212363820634e-03
2.028930535000000035e-01,5.175183845238611607e-03
2.029033084000000098e-01,5.174938337563285071e-03
2.029340702000000107e-01,5.174200079115550376e-03
2.029545755000000118e-01,5.173708368921940692e-03
2.029853295000000057e-01,5.172973342438659874e-03
2.030570707000000086e-01,5.171253615380040115e-03
2.031185430000000125e-01,5.169780196950024553e-03
2.032004772000000070e-01,5.167818941216158202e-03
2.032311940000000039e-01,5.167082133886728885e-03
2.032619061000000005e-01,5.166346429833942357e-03
2.032721425000000026e-01,5.166100716036571040e-03
2.033642465000000121e-01,5.163895658807946508e-03
2.033949385000000110e-01,5.163158914157621286e-03
2.034358541000000076e-01,5.162180005185076914e-03
2.034460817000000032e-01,5.161934632252692876e-03
2.034767614000000113e-01,5.161199899165555376e-03
2.035176605000000027e-01,5.160219863662784262e-03
2.036096534000000069e-01,5.158016859227150010e-03
2.036403083999999974e-01,5.157283081160222125e-03
2.036913899999999999e-01,5.156060119806970404e-03
2.037118189999999884e-01,5.155570045451116773e-03
2.037220326999999997e-01,5.155325355409544341e-03
2.038037242999999887e-01,5.153368944141808322e-03
2.038445577000000120e-01,5.152392414008597800e-03
2.038547648000000045e-01,5.152148046504285289e-03
2.039159966999999907e-01,5.150681784671885463e-03
2.039670091000000129e-01,5.149460359492681952e-03
2.039976105000000095e-01,5.148727567894563484e-03
2.040078099000000034e-01,5.148483364807629990e-03
2.040384051999999948e-01,5.147751686111833036e-03
2.040893870999999915e-01,5.146531279447212094e-03
2.041607403000000043e-01,5.144823085602619368e-03
2.041811223999999980e-01,5.144334223467351801e-03
2.042524434999999916e-01,5.142626635288262936e-03
2.042626302999999977e-01,5.142383843846854742e-03
2.043441055999999922e-01,5.140432719903155652e-03
2.043644693999999984e-01,5.139945701128967315e-03
2.043746505000000047e-01,5.139701312201210189e-03
2.044255486000000066e-01,5.138482582948201635e-03
2.044560813000000088e-01,5.137752875509434686e-03
2.044866094999999995e-01,5.137021550650156844e-03
2.044967845000000006e-01,5.136779063171104803e-03
2.045374795999999884e-01,5.135803572748108906e-03
2.045781665999999999e-01,5.134831361029735045e-03
2.046188455000000073e-01,5.133857401892353949e-03
2.046493494000000135e-01,5.133127717255541768e-03
2.047001790999999904e-01,5.131910416974075004e-03
2.048221189999999969e-01,5.128993207330683965e-03
2.048322773000000041e-01,5.128749004410458265e-03
2.048525925999999941e-01,5.128262922843496684e-03
2.048627494999999965e-01,5.128020716161195945e-03
2.048932169999999886e-01,5.127291861437029315e-03
2.049135262000000013e-01,5.126805909020408329e-03
2.049439862000000112e-01,5.126077269005021100e-03
2.050150420000000084e-01,5.124377062991920979e-03
2.051570798000000029e-01,5.120979001051380666e-03
2.051773628000000127e-01,5.120494543853070825e-03
2.052280618000000001e-01,5.119281475387262373e-03
2.052686119000000087e-01,5.118311754729204001e-03
2.053192883000000135e-01,5.117099122435639705e-03
2.053395553000000040e-01,5.116614225999518810e-03
2.053496881000000107e-01,5.116372922021016935e-03
2.054003444999999983e-01,5.115160614313127817e-03
2.054307323000000018e-01,5.114433339471842824e-03
2.054611157000000021e-01,5.113708254376009635e-03
2.054712424000000037e-01,5.113464883828915293e-03
2.055623609999999990e-01,5.111285157752926307e-03
2.056332030999999949e-01,5.109591237659690671e-03
2.056433213999999954e-01,5.109350875951016932e-03
2.057141355999999865e-01,5.107657764747651312e-03
2.057242499999999974e-01,5.107414762528902225e-03
2.057950363000000116e-01,5.105722879689880873e-03
2.058253659000000013e-01,5.104997236052818792e-03
2.058354746999999929e-01,5.104755928515028636e-03
2.059466395000000005e-01,5.102097375759969029e-03
2.059567424000000035e-01,5.101857019311619584e-03
2.059870480999999864e-01,5.101132970289878367e-03
2.060375477999999982e-01,5.099925735382970608e-03
2.060476461999999898e-01,5.099684545356372202e-03
2.060779386000000102e-01,5.098959334517954266e-03
2.061284160000000087e-01,5.097752903930431907e-03
2.061889725999999923e-01,5.096305117176320489e-03
2.061990636000000099e-01,5.096064641141165308e-03
2.062797741000000074e-01,5.094135051693814663e-03
2.062898606999999940e-01,5.093895190761244668e-03
2.063100324000000096e-01,5.093411951642069779e-03
2.063201175000000109e-01,5.093170841242612192e-03
2.064007806000000000e-01,5.091243386940911241e-03
2.064310212000000089e-01,5.090521032777781986e-03
2.064511790999999929e-01,5.090039735950574983e-03
2.064713350000000058e-01,5.089556705974005238e-03
2.065217162999999911e-01,5.088353000933061240e-03
2.065317911000000006e-01,5.088113021913088542e-03
2.065620123999999946e-01,5.087389900962075232e-03
2.065922293999999937e-01,5.086669529216592683e-03
2.066828537000000021e-01,5.084503464773009775e-03
2.067633754000000046e-01,5.082579197254624356e-03
2.068338060999999894e-01,5.080897527099103965e-03
2.068539246999999970e-01,5.080416696812378556e-03
2.068840989999999880e-01,5.079695697637984231e-03
2.069243245999999870e-01,5.078735805913530375e-03
2.070449544000000086e-01,5.075854687294534956e-03
2.070851486999999991e-01,5.074893497718732140e-03
2.070951960999999897e-01,5.074653514222673273e-03
2.071253352999999908e-01,5.073933667996351898e-03
2.071554700000000082e-01,5.073213662378907828e-03
2.071655139999999951e-01,5.072974259581907244e-03
2.072458480999999908e-01,5.071056144069509795e-03
2.072558875999999939e-01,5.070816525325505877e-03
2.072759653000000035e-01,5.070336803431084623e-03
2.073361867000000081e-01,5.068899110045992258e-03
2.073662907999999916e-01,5.068180520949263149e-03
2.074064228999999981e-01,5.067220850444393611e-03
2.074866636999999903e-01,5.065306210493741683e-03
2.076069667000000063e-01,5.062433965321903873e-03
2.076470522999999957e-01,5.061477080733798109e-03
2.077171832999999967e-01,5.059801950245532490e-03
2.077272001000000090e-01,5.059562967704439237e-03
2.077372164000000077e-01,5.059324661449651588e-03
2.077572476000000001e-01,5.058846904772386008e-03
2.077973040999999965e-01,5.057889560892557534e-03
2.078073169999999914e-01,5.057652218879829346e-03
2.078173295000000087e-01,5.057412032189819232e-03
2.078974117000000066e-01,5.055500305142244903e-03
2.079174273999999933e-01,5.055024111031417543e-03
2.079774630000000013e-01,5.053591000305574649e-03
2.080074742999999948e-01,5.052875017760500610e-03
2.080374812999999934e-01,5.052158496704251683e-03
2.080774838999999987e-01,5.051204192643972933e-03
2.080874832999999868e-01,5.050965574180651951e-03
2.081174788000000053e-01,5.050250815172015878e-03
2.081674615999999922e-01,5.049057608174575829e-03
2.082174324000000132e-01,5.047863867615694222e-03
2.082374174000000133e-01,5.047388188375712473e-03
2.082474091000000027e-01,5.047149094691121170e-03
2.082973607999999976e-01,5.045958671622794399e-03
2.083273260000000071e-01,5.045244103249513917e-03
2.083672729000000112e-01,5.044290404069172971e-03
2.083972280999999982e-01,5.043575468481989975e-03
2.084371616000000038e-01,5.042622929928264677e-03
2.084471438000000121e-01,5.042385247572997616e-03
2.084870678000000088e-01,5.041432255400000832e-03
2.085170057999999882e-01,5.040717819198331680e-03
2.085668927999999867e-01,5.039529506480055869e-03
2.086067939000000038e-01,5.038577677145687425e-03
2.086965433000000092e-01,5.036435390290455033e-03
2.087164823999999863e-01,5.035961864729380372e-03
2.087264513000000044e-01,5.035723178362364570e-03
2.087762883000000014e-01,5.034533912175427096e-03
2.088061847999999887e-01,5.033822296267374645e-03
2.088759266000000114e-01,5.032159443108774090e-03
2.088858878000000030e-01,5.031921417981075929e-03
2.089257278999999967e-01,5.030970758803518343e-03
2.089356867999999923e-01,5.030734107381039204e-03
2.089954299000000015e-01,5.029308506047378176e-03
2.090153405000000075e-01,5.028834821089309647e-03
2.090452027999999962e-01,5.028122398181873211e-03
2.090750607999999899e-01,5.027411706604160459e-03
2.091546613999999971e-01,5.025513585968257972e-03
2.091646092999999984e-01,5.025275245775182378e-03
2.092043963999999923e-01,5.024327329433960453e-03
2.092541195000000021e-01,5.023142172883582855e-03
2.092839478000000086e-01,5.022431971746440203e-03
2.093237121000000034e-01,5.021484629754447912e-03
2.093336520000000089e-01,5.021246857328017649e-03
2.093535303999999875e-01,5.020772580743524185e-03
2.094032181999999909e-01,5.019588174363857729e-03
2.094926263999999927e-01,5.017458429285606009e-03
2.095124896999999986e-01,5.016986028302194110e-03
2.095621397999999913e-01,5.015801153710884586e-03
2.096514802999999982e-01,5.013674012075035498e-03
2.096812520000000124e-01,5.012964187582838980e-03
2.097110194000000039e-01,5.012253764452147785e-03
2.097606224999999935e-01,5.011072873494566704e-03
2.097903787000000020e-01,5.010364652422621794e-03
2.098300471000000000e-01,5.009418724545104326e-03
2.098796219999999879e-01,5.008238074787745367e-03
2.099192735000000032e-01,5.007292776700162512e-03
2.099688274000000021e-01,5.006112545445745056e-03
2.099985541000000122e-01,5.005404176803397200e-03
2.100282766000000079e-01,5.004697366993608038e-03
2.100381832000000060e-01,5.004462072009925253e-03
2.101174188000000109e-01,5.002575295551202859e-03
2.101273211999999946e-01,5.002338493297463044e-03
2.101570255000000109e-01,5.001632071801090026e-03
2.102065233000000033e-01,5.000453345066857222e-03
2.102758006999999874e-01,4.998802650909184297e-03
2.103054839999999870e-01,4.998096168178476836e-03
2.103153775000000114e-01,4.997861168681142982e-03
2.103648379999999984e-01,4.996683252192084083e-03
2.104439506999999931e-01,4.994799681518380212e-03
2.104736103000000025e-01,4.994093134530909646e-03
2.105823263999999917e-01,4.991504120890337577e-03
2.105922068999999952e-01,4.991268815988874653e-03
2.106020869000000129e-01,4.991034931022865669e-03
2.106218455999999961e-01,4.990564086370698205e-03
2.106811104999999906e-01,4.989152569265904551e-03
2.107502319000000013e-01,4.987508853408196413e-03
2.107601044999999895e-01,4.987273295113529500e-03
2.107798483999999972e-01,4.986803403861097064e-03
2.108390689000000096e-01,4.985393877643997697e-03
2.108686728999999982e-01,4.984690084639766504e-03
2.109180036999999952e-01,4.983515901608094600e-03
2.109475966000000091e-01,4.982811817742281192e-03
2.110264907999999939e-01,4.980934498052719955e-03
2.110659267999999977e-01,4.979995990187239575e-03
2.110757846999999909e-01,4.979761287837631417e-03
2.110954989999999920e-01,4.979291652722252388e-03
2.111053555000000082e-01,4.979059202369931665e-03
2.112925411999999892e-01,4.974606138335379082e-03
2.113023884999999935e-01,4.974371613725611131e-03
2.113122353000000120e-01,4.974136874136513703e-03
2.113417730999999911e-01,4.973433384279288272e-03
2.113811502999999870e-01,4.972497756244827379e-03
2.115385858000000119e-01,4.968754560568028333e-03
2.115680920000000131e-01,4.968050931439039510e-03
2.116074270999999951e-01,4.967116335630278497e-03
2.116270919000000084e-01,4.966649390596152708e-03
2.116565857000000106e-01,4.965947984258718868e-03
2.116860752999999984e-01,4.965246181835841939e-03
2.116959042999999874e-01,4.965012191672486461e-03
2.117253885000000002e-01,4.964311661664312647e-03
2.117745196999999968e-01,4.963143664350044316e-03
2.117843446000000074e-01,4.962910745105844276e-03
2.118138165000000017e-01,4.962209095296429145e-03
2.118432842999999899e-01,4.961509535743524428e-03
2.118629271999999952e-01,4.961041092170823293e-03
2.118923880999999954e-01,4.960341652278285260e-03
2.120396314999999920e-01,4.956842034966716520e-03
2.120494441000000119e-01,4.956608624261343507e-03
2.120886898999999881e-01,4.955674879678123070e-03
2.121573525999999876e-01,4.954044561541819450e-03
2.121671598000000047e-01,4.953811150574869218e-03
2.121769665000000082e-01,4.953577356408297647e-03
2.121965785000000104e-01,4.953112118884988625e-03
2.122456006000000006e-01,4.951947365971561162e-03
2.122554037000000116e-01,4.951714853654217048e-03
2.122848102000000070e-01,4.951015072499257048e-03
2.123142125999999963e-01,4.950317974993115842e-03
2.123338119000000024e-01,4.949852134597219899e-03
2.123632075000000119e-01,4.949152173210629065e-03
2.124023953999999992e-01,4.948222544848011710e-03
2.124415759999999931e-01,4.947290796574110514e-03
2.125101246999999971e-01,4.945663598569299477e-03
2.125199154999999895e-01,4.945430034175517242e-03
2.125688631000000051e-01,4.944266619949124267e-03
2.125982261999999900e-01,4.943569560132956599e-03
2.126373706999999946e-01,4.942640158944168471e-03
2.127254195999999931e-01,4.940548710162032814e-03
2.127547610999999950e-01,4.939851915189380320e-03
2.127840984999999907e-01,4.939155497522955754e-03
2.128036546000000029e-01,4.938690420530647551e-03
2.128623119999999980e-01,4.937298759141652872e-03
2.128720866999999906e-01,4.937064892618308817e-03
2.128818608999999973e-01,4.936834148173556945e-03
2.129502678000000093e-01,4.935210080830601531e-03
2.129600385000000040e-01,4.934978478421066239e-03
2.129795784000000081e-01,4.934513575172543888e-03
2.130674858000000116e-01,4.932426070891712810e-03
2.131358331000000050e-01,4.930805185764763725e-03
2.131455952999999903e-01,4.930571410528516475e-03
2.132724621000000043e-01,4.927561406498131603e-03
2.133017284000000013e-01,4.926866759090930102e-03
2.133407438000000100e-01,4.925941559356278830e-03
2.134285025000000058e-01,4.923857147782972725e-03
2.134577473000000003e-01,4.923162955944379235e-03
2.134869882000000052e-01,4.922469544623302683e-03
2.134967342000000101e-01,4.922238474539407556e-03
2.135064798999999902e-01,4.922006485752640839e-03
2.135357139999999876e-01,4.921314211941221067e-03
2.135649441999999953e-01,4.920620348357745977e-03
2.135746866999999882e-01,4.920389359431348239e-03
2.136039116000000015e-01,4.919695417190614491e-03
2.136623492999999985e-01,4.918309333977488942e-03
2.136915621000000098e-01,4.917616585206196524e-03
2.137597099000000112e-01,4.916000140560075095e-03
2.137986417999999944e-01,4.915075280918453082e-03
2.138083735999999901e-01,4.914845530350112936e-03
2.138862125000000058e-01,4.912998566129371698e-03
2.139153947999999916e-01,4.912306341541835576e-03
2.139737473999999973e-01,4.910922235375259938e-03
2.140418054000000070e-01,4.909309787228518206e-03
2.140709664000000068e-01,4.908618855403526667e-03
2.141098416999999976e-01,4.907695472077415466e-03
2.141875709999999933e-01,4.905852777036704554e-03
2.141972852000000038e-01,4.905622556822499675e-03
2.142069989000000008e-01,4.905393190172341496e-03
2.142361375000000068e-01,4.904702573160971309e-03
2.142846929999999983e-01,4.903551704676262571e-03
2.143526521999999934e-01,4.901940623001716651e-03
2.143623588999999940e-01,4.901709998633659894e-03
2.143914764000000028e-01,4.901019004605497789e-03
2.144205899000000137e-01,4.900329348075367283e-03
2.144399966999999962e-01,4.899869162391481611e-03
2.145079067000000006e-01,4.898259032875169026e-03
2.145467027999999887e-01,4.897341385788201232e-03
2.145854918000000000e-01,4.896420748583420364e-03
2.146242738999999955e-01,4.895501120067978149e-03
2.146533558000000008e-01,4.894813823837618379e-03
2.146727415999999944e-01,4.894354632082058634e-03
2.147308883999999862e-01,4.892975588107658855e-03
2.148180791000000034e-01,4.890910747502541685e-03
2.148277647000000068e-01,4.890680278862838751e-03
2.148568191000000127e-01,4.889993025602092092e-03
2.148955522000000062e-01,4.889074909901899683e-03
2.149342783000000034e-01,4.888157023547461469e-03
2.149729974000000043e-01,4.887240101698497007e-03
2.149826760999999919e-01,4.887012022994470517e-03
2.150020321999999984e-01,4.886551715029428290e-03
2.150504146999999977e-01,4.885405431254600389e-03
2.150600899000000010e-01,4.885176401262045914e-03
2.150891128999999902e-01,4.884489147843221711e-03
2.151664885000000027e-01,4.882657451715430134e-03
2.152438362000000105e-01,4.880826612267512299e-03
2.152921644000000134e-01,4.879682441696317312e-03
2.153114925999999874e-01,4.879224345989759126e-03
2.153211560999999941e-01,4.878994606689553842e-03
2.153694670000000089e-01,4.877852526631813908e-03
2.153984482999999894e-01,4.877164927106296052e-03
2.154274257000000081e-01,4.876478796279240524e-03
2.154660562000000057e-01,4.875565167569879087e-03
2.155143344999999877e-01,4.874420970981147884e-03
2.155239888999999909e-01,4.874193950990259386e-03
2.155819060999999981e-01,4.872822121720216115e-03
2.155915575000000028e-01,4.872594303994452064e-03
2.156012083999999940e-01,4.872365507566024830e-03
2.156301585000000021e-01,4.871680539022396790e-03
2.156687526999999938e-01,4.870768063343058375e-03
2.157459203000000048e-01,4.868940847152269762e-03
2.157748510999999980e-01,4.868256977059032264e-03
2.158327009000000074e-01,4.866887606942995291e-03
2.158616201000000123e-01,4.866202710668328033e-03
2.159290829000000134e-01,4.864607214294211675e-03
2.160157899000000048e-01,4.862554900025578206e-03
2.160446845000000005e-01,4.861873261116999613e-03
2.160928336000000061e-01,4.860734487091081246e-03
2.161313451999999913e-01,4.859822532736909027e-03
2.162179710999999893e-01,4.857773974505662055e-03
2.162372166000000040e-01,4.857318564699318782e-03
2.162468386999999992e-01,4.857091468760848726e-03
2.162757023999999917e-01,4.856408623808944162e-03
2.162853228000000128e-01,4.856180801985719026e-03
2.163238000999999910e-01,4.855271315597669071e-03
2.163718870000000127e-01,4.854134037391849565e-03
2.163911188000000041e-01,4.853679335113656942e-03
2.164391907999999864e-01,4.852543534911679148e-03
2.164488039999999947e-01,4.852314827528927260e-03
2.164776408000000096e-01,4.851634807411826268e-03
2.165449117000000090e-01,4.850042207031308485e-03
2.165833429000000032e-01,4.849135970156696375e-03
2.165929496000000010e-01,4.848907195011457026e-03
2.166697880000000020e-01,4.847091487155554164e-03
2.166793908999999907e-01,4.846863422506610293e-03
2.167081969999999913e-01,4.846183939295533281e-03
2.167561987000000134e-01,4.845048956817800574e-03
2.168137867000000107e-01,4.843688489811565946e-03
2.168521701999999995e-01,4.842781486111740266e-03
2.168905469000000086e-01,4.841874871974958736e-03
2.169097326999999964e-01,4.841420402644095941e-03
2.169864589999999926e-01,4.839609127908298461e-03
2.170152243000000036e-01,4.838929685682466161e-03
2.170535721999999890e-01,4.838021662913443398e-03
2.170631580999999866e-01,4.837795673560381718e-03
2.171302475999999926e-01,4.836210990543586899e-03
2.171589939999999941e-01,4.835532055983204208e-03
2.171973164000000067e-01,4.834627432560895284e-03
2.172164752000000087e-01,4.834175192407248571e-03
2.172739411000000065e-01,4.832816500894292384e-03
2.172835173000000064e-01,4.832591479382359126e-03
2.173122433999999936e-01,4.831911696597013077e-03
2.173218178999999917e-01,4.831686743083676155e-03
2.173601115999999889e-01,4.830781820284063034e-03
2.173983986999999951e-01,4.829878912690522240e-03
2.174749525000000128e-01,4.828070364523370100e-03
2.175036532999999883e-01,4.827392918253964847e-03
2.175132193000000047e-01,4.827167295934119487e-03
2.175992951000000064e-01,4.825133943391273633e-03
2.176184184000000132e-01,4.824683773662815853e-03
2.176757782000000030e-01,4.823330412458849865e-03
2.177331230000000006e-01,4.821976695271842223e-03
2.177426789999999945e-01,4.821750998175386611e-03
2.178191117999999926e-01,4.819945949119794869e-03
2.178286640000000052e-01,4.819720267374911701e-03
2.178573182000000108e-01,4.819044787425928907e-03
2.179241631999999929e-01,4.817466417081558809e-03
2.179337108000000134e-01,4.817241123297311481e-03
2.179718971000000061e-01,4.816340423810606952e-03
2.180482495000000132e-01,4.814539448214857215e-03
2.180577917000000032e-01,4.814314461456186724e-03
2.180768747999999868e-01,4.813864705205157454e-03
2.181150360000000121e-01,4.812965031538176362e-03
2.181341140999999983e-01,4.812513770242892938e-03
2.181627281999999890e-01,4.811838494447535572e-03
2.182008742999999862e-01,4.810938925356401594e-03
2.182294795999999981e-01,4.810264557885843284e-03
2.182771467000000076e-01,4.809141292509024231e-03
2.182866789000000030e-01,4.808915536782412334e-03
2.183152728999999959e-01,4.808241454732021559e-03
2.183629213000000124e-01,4.807117501192855955e-03
2.183915053000000106e-01,4.806443057382910576e-03
2.184200856000000079e-01,4.805768389476283882e-03
2.184296115999999899e-01,4.805544665898135379e-03
2.184391371000000137e-01,4.805320733889357349e-03
2.185153263000000068e-01,4.803524584529034538e-03
2.185914888999999917e-01,4.801727776049695418e-03
2.186200430999999944e-01,4.801054632230626271e-03
2.186581095000000030e-01,4.800156594513535491e-03
2.186866548999999993e-01,4.799484557367904997e-03
2.186961692999999929e-01,4.799260437611209060e-03
2.187342224000000113e-01,4.798363338211927148e-03
2.187437346999999976e-01,4.798140025382878308e-03
2.188483421999999901e-01,4.795674070113133819e-03
2.188863688999999890e-01,4.794777290925158163e-03
2.189528997000000088e-01,4.793209162849735964e-03
2.189624024000000058e-01,4.792985200738848761e-03
2.190004093000000041e-01,4.792090125185056483e-03
2.190479086000000075e-01,4.790971074173150900e-03
2.191238862000000065e-01,4.789179963380652341e-03
2.191428763999999918e-01,4.788733218324554494e-03
2.191903449000000004e-01,4.787615127534579525e-03
2.192283121999999973e-01,4.786722114734863302e-03
2.192567834999999965e-01,4.786049229682076862e-03
2.192757622000000017e-01,4.785603189095806974e-03
2.193326885999999920e-01,4.784262687472902453e-03
2.193801159999999861e-01,4.783145411787961300e-03
2.194275330999999885e-01,4.782029261017064006e-03
2.195318148000000025e-01,4.779572761119414183e-03
2.195602466000000086e-01,4.778903127388967574e-03
2.195981499999999920e-01,4.778011012651574643e-03
2.196455200999999913e-01,4.776897830018472790e-03
2.196834088000000074e-01,4.776005760109183762e-03
2.197118210000000016e-01,4.775336057269542224e-03
2.197212909000000047e-01,4.775113900178659145e-03
2.197307604000000025e-01,4.774889130026219869e-03
2.198727543000000006e-01,4.771548016489990385e-03
2.198822172999999880e-01,4.771326080513411255e-03
2.199106037999999930e-01,4.770656687257118257e-03
2.199389867000000054e-01,4.769988683338299319e-03
2.199579066000000027e-01,4.769544153935971302e-03
2.199862834000000100e-01,4.768876975020088123e-03
2.200241133999999987e-01,4.767987256487085483e-03
2.200524815999999884e-01,4.767320270846214618e-03
2.201092071000000094e-01,4.765983998132815661e-03
2.201375644000000131e-01,4.765317750646931583e-03
2.201848184000000097e-01,4.764206052492750594e-03
2.202509568999999889e-01,4.762651096635217747e-03
2.203170755999999952e-01,4.761096680548868379e-03
2.203265195999999926e-01,4.760873496906626624e-03
2.203548489000000110e-01,4.760208352497506158e-03
2.204020563000000099e-01,4.759098225042060308e-03
2.204114964999999982e-01,4.758875241992283935e-03
2.204398149000000029e-01,4.758210013776476184e-03
2.204681296999999873e-01,4.757543441919783248e-03
2.204775670999999937e-01,4.757321514741652199e-03
2.205530521000000077e-01,4.755547926178613563e-03
2.206379417999999870e-01,4.753551516915061059e-03
2.206568017999999964e-01,4.753107987670334746e-03
2.206662310999999987e-01,4.752886820310546490e-03
2.207039446000000071e-01,4.751999577052426482e-03
2.207416516000000051e-01,4.751112221561764638e-03
2.207793520999999926e-01,4.750227136907324982e-03
2.207887762999999892e-01,4.750004794724679673e-03
2.208076233000000055e-01,4.749562978398808727e-03
2.208170462999999861e-01,4.749340292884975286e-03
2.208453126000000100e-01,4.748677506429481443e-03
2.208641548999999982e-01,4.748234540219336761e-03
2.209206720000000124e-01,4.746907518718599187e-03
2.209300901000000039e-01,4.746684239361863809e-03
2.210054204999999938e-01,4.744915023772700545e-03
2.210148349999999928e-01,4.744694926970860135e-03
2.210807251999999945e-01,4.743145997713183598e-03
2.211465958000000120e-01,4.741597866286953802e-03
2.211654124000000110e-01,4.741157337439939022e-03
2.212406625999999987e-01,4.739388464918337096e-03
2.212594712000000019e-01,4.738948078481435532e-03
2.212688748999999955e-01,4.738726452050097404e-03
2.213440899999999933e-01,4.736960927483022804e-03
2.213816879000000126e-01,4.736077962300232549e-03
2.214568647000000057e-01,4.734312558907640724e-03
2.214944434999999989e-01,4.733428942363680607e-03
2.215414081000000035e-01,4.732326510624762332e-03
2.216071417000000099e-01,4.730784539294170983e-03
2.216728558999999932e-01,4.729243106717598462e-03
2.216822421000000098e-01,4.729022326363753123e-03
2.216916278000000129e-01,4.728801713599514907e-03
2.217103981000000112e-01,4.728361652845780409e-03
2.217197827000000065e-01,4.728140385378906338e-03
2.217573169000000011e-01,4.727258989428584010e-03
2.217948448000000017e-01,4.726378221220569470e-03
2.218417457999999898e-01,4.725278367754859841e-03
2.218605033999999920e-01,4.724837634541818356e-03
2.219073904999999958e-01,4.723739332876703868e-03
2.219167666999999899e-01,4.723518158748492117e-03
2.219730156999999982e-01,4.722198335822710286e-03
2.220479922999999967e-01,4.720439910560333616e-03
2.220573626000000023e-01,4.720219846626644983e-03
2.221416773999999872e-01,4.718241062627630267e-03
2.221604097000000055e-01,4.717802849685964056e-03
2.221697752000000026e-01,4.717583322819381489e-03
2.222165969999999879e-01,4.716484877259966013e-03
2.223102110999999881e-01,4.714288763567876968e-03
2.223570032999999946e-01,4.713192654990995198e-03
2.223663606000000070e-01,4.712974037401701510e-03
2.223944300000000041e-01,4.712315380506222791e-03
2.224318503999999919e-01,4.711439041540169299e-03
2.224412045999999976e-01,4.711218700255828673e-03
2.225066723999999940e-01,4.709685202990738714e-03
2.225160234000000126e-01,4.709464094396702272e-03
2.225814691999999928e-01,4.707931127728397572e-03
2.225908169999999964e-01,4.707712885943110721e-03
2.226095114999999958e-01,4.707272799400212884e-03
2.226188581000000111e-01,4.707054081044373048e-03
2.226468957000000137e-01,4.706398069485796982e-03
2.226936171999999992e-01,4.705302941243595834e-03
2.227216454000000012e-01,4.704645904741094030e-03
2.227683511999999921e-01,4.703551091012978663e-03
2.228150472000000049e-01,4.702457101782899981e-03
2.228430601999999983e-01,4.701801605849934701e-03
2.228710694999999908e-01,4.701144448160269294e-03
2.229177441000000093e-01,4.700050531415794937e-03
2.229457441000000095e-01,4.699394285534183070e-03
2.229550765999999962e-01,4.699176765807968476e-03
2.230297230000000130e-01,4.697429096870959532e-03
2.230577089999999929e-01,4.696771494477271387e-03
2.231136703000000110e-01,4.695463174542074784e-03
2.231416458000000103e-01,4.694807206954402026e-03
2.231789409000000113e-01,4.693932521302116544e-03
2.232069080999999899e-01,4.693278499540706056e-03
2.232628321000000027e-01,4.691969737691324520e-03
2.232907888000000007e-01,4.691315808287276241e-03
2.233373755999999988e-01,4.690223688223978116e-03
2.233560075999999894e-01,4.689788780673160955e-03
2.234863880000000080e-01,4.686736046809597371e-03
2.235050075999999997e-01,4.686300223286294850e-03
2.235143168000000014e-01,4.686081911804427895e-03
2.235608570000000017e-01,4.684992717957209112e-03
2.235887763999999944e-01,4.684338702385984141e-03
2.236259969999999930e-01,4.683467603199660545e-03
2.236539083000000094e-01,4.682815357389446057e-03
2.237004194999999973e-01,4.681727473234855927e-03
2.238120067999999907e-01,4.679115503248577543e-03
2.238491901999999922e-01,4.678247231664007383e-03
2.239235384999999912e-01,4.676508334826110641e-03
2.239328302999999964e-01,4.676290688438556643e-03
2.239607033999999885e-01,4.675638146854681383e-03
2.240071507999999989e-01,4.674551328285175833e-03
2.240628751000000030e-01,4.673249342507341045e-03
2.241093013000000078e-01,4.672162779690284228e-03
2.241464354000000103e-01,4.671294297804916458e-03
2.241557180000000038e-01,4.671079198182800755e-03
2.241835634000000077e-01,4.670428267715806894e-03
2.242578007999999901e-01,4.668691600795319731e-03
2.243691109000000017e-01,4.666088969935456264e-03
2.243969298000000057e-01,4.665439679771686381e-03
2.244062019999999991e-01,4.665224495745501875e-03
2.244340163000000110e-01,4.664573659120423155e-03
2.244432869000000108e-01,4.664356884522733414e-03
2.244525572000000135e-01,4.664141000018429822e-03
2.244803657999999980e-01,4.663491329546008181e-03
2.245081708999999981e-01,4.662840658924898712e-03
2.245174384999999995e-01,4.662623335894672608e-03
2.245267056999999955e-01,4.662407699904815017e-03
2.245452390000000076e-01,4.661974743708685934e-03
2.246286198999999928e-01,4.660026093473038609e-03
2.246749292999999925e-01,4.658943951918932160e-03
2.246934503000000138e-01,4.658511044046451111e-03
2.247304878999999977e-01,4.657647331864832492e-03
2.247397462999999873e-01,4.657430659440087335e-03
2.248230551000000021e-01,4.655483377369261030e-03
2.248415639000000132e-01,4.655052980722599286e-03
2.248508177999999913e-01,4.654837205406611202e-03
2.249248349999999896e-01,4.653106401583293264e-03
2.249618344000000048e-01,4.652242918129414519e-03
2.249895799999999946e-01,4.651596932246565563e-03
2.250265689000000013e-01,4.650731728610942375e-03
2.250450609999999907e-01,4.650300290152128459e-03
2.251005282000000107e-01,4.649004267574427009e-03
2.251190143000000032e-01,4.648574649618030311e-03
2.251467404999999977e-01,4.647927535752549577e-03
2.251837034999999987e-01,4.647063663766447077e-03
2.251929433000000036e-01,4.646847077768701158e-03
2.252576112999999935e-01,4.645338856959618443e-03
2.252853204999999970e-01,4.644691347534834515e-03
2.252945560999999874e-01,4.644477313771684136e-03
2.253222606999999988e-01,4.643830003964740695e-03
2.253407286000000120e-01,4.643398987195837199e-03
2.253684274999999959e-01,4.642753257728853347e-03
2.254053541999999910e-01,4.641891299695095549e-03
2.254884169999999965e-01,4.639952569069977044e-03
2.255160978000000094e-01,4.639308822460332452e-03
2.255622248999999968e-01,4.638231520745012687e-03
2.256267871000000036e-01,4.636725520485530071e-03
2.256913308000000062e-01,4.635220209019309465e-03
2.257005498000000110e-01,4.635004795445963298e-03
2.257097684000000104e-01,4.634791382023629829e-03
2.257282046000000097e-01,4.634361615675404791e-03
2.257742883999999950e-01,4.633285028511384233e-03
2.257835039999999960e-01,4.633070668877492006e-03
2.258111486000000112e-01,4.632426336479995160e-03
2.258756396000000111e-01,4.630923081105729235e-03
2.259309029000000080e-01,4.629633202756782036e-03
2.259585295000000049e-01,4.628991474281793361e-03
2.260045663999999954e-01,4.627916542354505204e-03
2.260321838999999888e-01,4.627272472318915732e-03
2.260690022000000077e-01,4.626416317823515284e-03
2.261426206000000105e-01,4.624700463811017188e-03
2.261518211999999917e-01,4.624485629675220179e-03
2.262070170999999907e-01,4.623199074726967381e-03
2.262530033000000051e-01,4.622127240849663310e-03
2.262805905999999978e-01,4.621484589104099192e-03
2.263173683999999963e-01,4.620627347457119047e-03
2.264000965999999893e-01,4.618700389655104079e-03
2.264368549000000119e-01,4.617845288854303086e-03
2.264460436000000076e-01,4.617631724994502446e-03
2.264736073999999988e-01,4.616988643189668014e-03
2.265103538000000083e-01,4.616131577539570735e-03
2.265195395000000056e-01,4.615918968466112098e-03
2.265838287999999978e-01,4.614421826120584762e-03
2.266113757999999867e-01,4.613780652775932752e-03
2.266664597999999975e-01,4.612498985163178931e-03
2.266939967000000111e-01,4.611856290359416313e-03
2.267215303000000015e-01,4.611214954375638178e-03
2.267582365999999960e-01,4.610362138616436699e-03
2.267674121999999903e-01,4.610148713750398738e-03
2.268408040000000070e-01,4.608438939081850767e-03
2.268683197999999956e-01,4.607797570493744541e-03
2.268866618000000002e-01,4.607371951537350512e-03
2.269141719999999973e-01,4.606731538251513866e-03
2.269508470999999916e-01,4.605877023366875683e-03
2.270241795000000062e-01,4.604171545243651228e-03
2.270608369000000071e-01,4.603318757705922651e-03
2.270883260000000070e-01,4.602679440315803061e-03
2.270974883000000111e-01,4.602466567376046688e-03
2.271066502000000098e-01,4.602252977029375192e-03
2.271707733999999979e-01,4.600760631053423672e-03
2.271799324000000064e-01,4.600548278937291111e-03
2.272440349000000026e-01,4.599055597954180424e-03
2.272531909000000128e-01,4.598843857106865544e-03
2.272806568000000083e-01,4.598204499838139461e-03
2.273081193000000000e-01,4.597566420840923720e-03
2.273538827999999901e-01,4.596503191305585136e-03
2.273813365000000031e-01,4.595864586564518163e-03
2.274270852999999981e-01,4.594799652850609616e-03
2.274636777000000054e-01,4.593947999942379901e-03
2.274728249000000091e-01,4.593735658998812817e-03
2.274911181000000004e-01,4.593310119626282592e-03
2.275002641999999964e-01,4.593097118535467011e-03
2.275459891000000123e-01,4.592036435975886330e-03
2.276008468000000062e-01,4.590760690747603366e-03
2.276739698999999950e-01,4.589059322287993535e-03
2.276831085999999893e-01,4.588848782326510403e-03
2.276922469999999865e-01,4.588635554250600039e-03
2.277196599000000099e-01,4.587999142822913809e-03
2.277562052000000059e-01,4.587149395044252086e-03
2.277927448000000021e-01,4.586299586131233237e-03
2.278292784000000015e-01,4.585451631944345748e-03
2.279114577999999947e-01,4.583540475459967067e-03
2.279297157999999879e-01,4.583116301716112090e-03
2.279844812000000054e-01,4.581845269043926215e-03
2.280118590000000112e-01,4.581208477287493190e-03
2.280483574999999929e-01,4.580361683196015193e-03
2.280757276000000000e-01,4.579725666954609364e-03
2.281213370999999879e-01,4.578666307074488566e-03
2.281304578999999999e-01,4.578454458839609567e-03
2.282034112999999920e-01,4.576759407870873049e-03
2.282307627999999866e-01,4.576126674788156580e-03
2.282581110000000135e-01,4.575490206467027268e-03
2.283674710999999968e-01,4.572951190946214148e-03
2.284221314999999863e-01,4.571683295893550110e-03
2.284494568000000059e-01,4.571049512511130529e-03
2.284767789000000104e-01,4.570415718860416053e-03
2.284858855000000133e-01,4.570202952663301316e-03
2.284949917000000108e-01,4.569992382104856588e-03
2.285132031000000064e-01,4.569570360511661551e-03
2.285587253999999957e-01,4.568513929388706360e-03
2.285678287000000031e-01,4.568300184295134674e-03
2.285951365999999985e-01,4.567667679237569049e-03
2.286224411999999984e-01,4.567034304052685137e-03
2.286588422999999981e-01,4.566190158512894136e-03
2.287043354999999945e-01,4.565135340914469077e-03
2.287771058999999996e-01,4.563447005964877019e-03
2.288043888000000081e-01,4.562812908272368198e-03
2.288407608999999954e-01,4.561970320435910706e-03
2.288862180000000024e-01,4.560914048082899755e-03
2.289225770999999965e-01,4.560073141564244259e-03
2.289952781000000048e-01,4.558385617876843307e-03
2.290043640999999963e-01,4.558175034530881006e-03
2.290316199000000108e-01,4.557543719847021238e-03
2.290588725000000103e-01,4.556912726137050430e-03
2.290770390999999906e-01,4.556490331598730091e-03
2.291042862999999874e-01,4.555858414364941968e-03
2.291496909999999887e-01,4.554805099528626104e-03
2.292132426000000056e-01,4.553333193038181480e-03
2.292495498999999881e-01,4.552491532700935102e-03
2.292949259000000017e-01,4.551439652770344728e-03
2.293221471999999928e-01,4.550807870053551370e-03
2.293584371999999871e-01,4.549966664515861514e-03
2.293856509999999960e-01,4.549337384152828991e-03
2.293947215000000095e-01,4.549127058038860208e-03
2.294672728999999911e-01,4.547444933776888590e-03
2.295126057999999913e-01,4.546395310425799599e-03
2.295760568999999918e-01,4.544926324882138900e-03
2.296576112000000003e-01,4.543037639990313986e-03
2.296757304000000000e-01,4.542618463742821057e-03
2.297119646000000126e-01,4.541778177894705698e-03
2.297210222000000135e-01,4.541567488538148997e-03
2.297300794999999896e-01,4.541358947080843984e-03
2.297844156999999943e-01,4.540101675048393431e-03
2.297934705000000133e-01,4.539890161486684686e-03
2.298658959999999862e-01,4.538213570046764275e-03
2.299021001999999869e-01,4.537375408870808480e-03
2.299292495999999963e-01,4.536747285811960732e-03
2.299473475000000100e-01,4.536328906752062386e-03
2.299654439000000106e-01,4.535909679320248786e-03
2.300106785999999903e-01,4.534864090984361100e-03
2.300468599999999919e-01,4.534025012100904167e-03
2.300830356999999937e-01,4.533189335324888485e-03
2.300920787999999884e-01,4.532979741497973614e-03
2.301101637999999894e-01,4.532559477821087625e-03
2.301192058000000040e-01,4.532351161515735249e-03
2.302547927999999966e-01,4.529214498222827734e-03
2.302999706999999951e-01,4.528168817047061034e-03
2.303090051999999999e-01,4.527959288432677719e-03
2.303632049000000070e-01,4.526706415963589226e-03
2.303722368999999992e-01,4.526497188289665095e-03
2.304083616000000001e-01,4.525662249338655366e-03
2.304535094000000062e-01,4.524618873903131500e-03
2.305167015000000041e-01,4.523157822928670392e-03
2.305257274999999995e-01,4.522948048325347789e-03
2.305528034999999865e-01,4.522322172071372402e-03
2.305798762000000057e-01,4.521696715651515007e-03
2.305979230000000102e-01,4.521279991295005726e-03
2.306249904999999878e-01,4.520653545093561779e-03
2.306610755000000068e-01,4.519818777708835798e-03
2.306971549000000066e-01,4.518984777902281848e-03
2.307422462000000007e-01,4.517943746417655074e-03
2.307963440999999949e-01,4.516692443887965550e-03
2.308143739999999888e-01,4.516274621963761553e-03
2.308414161000000020e-01,4.515650782163137603e-03
2.308684550000000002e-01,4.515024409906830995e-03
2.308774673000000000e-01,4.514816974316932310e-03
2.309405432999999952e-01,4.513359214281145552e-03
2.309585618999999979e-01,4.512943738028822246e-03
2.309765790999999957e-01,4.512527159012531125e-03
2.309855871000000005e-01,4.512318179661431970e-03
2.310306220999999993e-01,4.511278377587514717e-03
2.310576389000000008e-01,4.510655610222636010e-03
2.310846525999999956e-01,4.510029593986684092e-03
2.310936564000000137e-01,4.509824070504079956e-03
2.311206658000000136e-01,4.509199222310121893e-03
2.311656745000000013e-01,4.508159460907634405e-03
2.311746752000000127e-01,4.507952259172557513e-03
2.312466680999999968e-01,4.506289442590572826e-03
2.312736595999999867e-01,4.505665228433568779e-03
2.313456217000000037e-01,4.504003263996445711e-03
2.314085700999999884e-01,4.502552249850410269e-03
2.314175613999999992e-01,4.502343814113205465e-03
2.314445330000000078e-01,4.501719796489525756e-03
2.314625123000000062e-01,4.501305556225013681e-03
2.315523879999999979e-01,4.499232439940033766e-03
2.315973128000000103e-01,4.498195412205402595e-03
2.316062966999999917e-01,4.497987921300878635e-03
2.316332463000000119e-01,4.497366100000621536e-03
2.316691743000000026e-01,4.496537711748053827e-03
2.316781554000000021e-01,4.496328393454158967e-03
2.317320348999999946e-01,4.495086239460596884e-03
2.317410135999999898e-01,4.494879442540386516e-03
2.318128305000000111e-01,4.493223244756997838e-03
2.318397561999999967e-01,4.492601172853266135e-03
2.318487307000000053e-01,4.492394824158870738e-03
2.319474273999999892e-01,4.490117279818493963e-03
2.319833067000000026e-01,4.489290585411342613e-03
2.320281480999999979e-01,4.488256454228271679e-03
2.320371153000000131e-01,4.488051612859054150e-03
2.320640149000000041e-01,4.487430914560274452e-03
2.320909113999999884e-01,4.486811150361360787e-03
2.321088406000000048e-01,4.486397646445097580e-03
2.321715820999999957e-01,4.484949431644244013e-03
2.322343067000000039e-01,4.483505129267801800e-03
2.322432658999999955e-01,4.483297599979552822e-03
2.322522248999999983e-01,4.483090603626167618e-03
2.322790995000000025e-01,4.482472355237254041e-03
2.323059711000000083e-01,4.481852464685774813e-03
2.323238837999999917e-01,4.481440760887033664e-03
2.323507502000000113e-01,4.480819996685632932e-03
2.324581846999999868e-01,4.478345843013099327e-03
2.325387281000000084e-01,4.476490730091744509e-03
2.325566228000000013e-01,4.476079762288523098e-03
2.325655695999999939e-01,4.475873427379771334e-03
2.325924081000000088e-01,4.475254433762874268e-03
2.326013536000000048e-01,4.475046894645176403e-03
2.326371319999999965e-01,4.474224161934085668e-03
2.326729050000000132e-01,4.473399584804210564e-03
2.326818474000000025e-01,4.473194087809756643e-03
2.326997311000000013e-01,4.472783957215176187e-03
2.327801908000000086e-01,4.470930069825624145e-03
2.328159418000000092e-01,4.470107110930397754e-03
2.328427513999999920e-01,4.469490744006895597e-03
2.328784928000000032e-01,4.468668342783156319e-03
2.328874271999999968e-01,4.468461714438075501e-03
2.329231616999999921e-01,4.467639332458363602e-03
2.329678222000000076e-01,4.466609833698309898e-03
2.329946143000000136e-01,4.465994384062911722e-03
2.330303324000000120e-01,4.465172583926815646e-03
2.330392609999999975e-01,4.464966949473519672e-03
2.331106779999999878e-01,4.463324734989042135e-03
2.331285288000000122e-01,4.462913124301653815e-03
2.331374536999999969e-01,4.462707390441584231e-03
2.332445258999999993e-01,4.460244266273368299e-03
2.332802056000000124e-01,4.459425007380935640e-03
2.333515489000000109e-01,4.457782563260121247e-03
2.333782970000000123e-01,4.457166695237808549e-03
2.334228703000000016e-01,4.456143904102686897e-03
2.334496101999999906e-01,4.455529236085734035e-03
2.335298114999999897e-01,4.453683824529519261e-03
2.335387211000000129e-01,4.453479674025180926e-03
2.335565391999999962e-01,4.453069570743257814e-03
2.335654477999999923e-01,4.452864532077337005e-03
2.336367038999999923e-01,4.451227314973249180e-03
2.336634193000000081e-01,4.450613268330399531e-03
2.336723237999999980e-01,4.450407320413935809e-03
2.336812279000000103e-01,4.450202303694778851e-03
2.336990351000000077e-01,4.449794011251567358e-03
2.337524487000000040e-01,4.448566691658521408e-03
2.338058500999999900e-01,4.447339278155346652e-03
2.338236478000000063e-01,4.446929890715248593e-03
2.338414441999999982e-01,4.446522029967499463e-03
2.338503419000000083e-01,4.446317007551175808e-03
2.339659810999999978e-01,4.443659888910617833e-03
2.340371152000000066e-01,4.442028116450910322e-03
2.340637848999999882e-01,4.441415189059727715e-03
2.340993398000000003e-01,4.440599394847748183e-03
2.341260025000000133e-01,4.439985560556856600e-03
2.341704334999999970e-01,4.438966427056265270e-03
2.342059722000000010e-01,4.438148936731229309e-03
2.342415055000000024e-01,4.437334013266547826e-03
2.342770335000000093e-01,4.436519306223483949e-03
2.343036759000000080e-01,4.435907294522097900e-03
2.343214358000000053e-01,4.435498284477821899e-03
2.344102153000000022e-01,4.433461217373898915e-03
2.344634667999999922e-01,4.432240333446349143e-03
2.344900880999999937e-01,4.431628992018302529e-03
2.345255783000000094e-01,4.430814617069271481e-03
2.345521925000000063e-01,4.430204045667986840e-03
2.345610633000000111e-01,4.430001669117960075e-03
2.345965428000000019e-01,4.429186512136671500e-03
2.346054117999999966e-01,4.428983760533564996e-03
2.346320169999999983e-01,4.428374409696143876e-03
2.346763521999999935e-01,4.427356724164103162e-03
2.347384073000000071e-01,4.425934229820807642e-03
2.348093075000000085e-01,4.424306373483471826e-03
2.348181685000000074e-01,4.424103697717608058e-03
2.348358895000000057e-01,4.423698649968671980e-03
2.348447495000000051e-01,4.423494404606190603e-03
2.348713275000000045e-01,4.422885466752017776e-03
2.349156175000000069e-01,4.421870206797149337e-03
2.349421875000000104e-01,4.421260666738497519e-03
2.350218795000000027e-01,4.419433593420920431e-03
2.350307325000000058e-01,4.419232148918680707e-03
2.351015444000000010e-01,4.417607896363896780e-03
2.351192441000000133e-01,4.417201123807341055e-03
2.351280933999999878e-01,4.416999443086522779e-03
2.351634874000000097e-01,4.416188498417929903e-03
2.352342594000000064e-01,4.414565651528648375e-03
2.352431044000000138e-01,4.414364852190186088e-03
2.353138523999999954e-01,4.412744926735939419e-03
2.353403775000000031e-01,4.412134722852999527e-03
2.353668995000000042e-01,4.411527622981168545e-03
2.353757394999999863e-01,4.411325706318054186e-03
2.354022575999999978e-01,4.410718462754517101e-03
2.354376103999999970e-01,4.409909424996791283e-03
2.354552846999999893e-01,4.409503180719525663e-03
2.354817938000000055e-01,4.408897137812526311e-03
2.355083000000000037e-01,4.408291151459528025e-03
2.355171346999999915e-01,4.408087910859916775e-03
2.355878003999999915e-01,4.406469593086075574e-03
2.356584449999999942e-01,4.404853079361608671e-03
2.356672740000000099e-01,4.404652152645606444e-03
2.357202415999999912e-01,4.403438445166697746e-03
2.357643721000000081e-01,4.402429620749974230e-03
2.358261409000000086e-01,4.401014110453536042e-03
2.358702515999999971e-01,4.400005701033286344e-03
2.359496301000000018e-01,4.398188759415178235e-03
2.359760837000000055e-01,4.397583491205904992e-03
2.360113504999999945e-01,4.396778178860783447e-03
2.360906815000000103e-01,4.394964426336531518e-03
2.361083069999999895e-01,4.394561018029543090e-03
2.361171193000000113e-01,4.394357493004020197e-03
2.361523650000000030e-01,4.393551995342624174e-03
2.361611755999999951e-01,4.393351570769869069e-03
2.362316486999999909e-01,4.391739660859650396e-03
2.362932953999999919e-01,4.390330267770786027e-03
2.363021006999999896e-01,4.390128876857418358e-03
2.363285148000000002e-01,4.389526723453340135e-03
2.363725318000000075e-01,4.388519163624109501e-03
2.363901362999999978e-01,4.388117153949691075e-03
2.363989380000000029e-01,4.387914973443865149e-03
2.364693401999999889e-01,4.386307956069110045e-03
2.365045335000000026e-01,4.385501750723051415e-03
2.365309250000000030e-01,4.384900393646498813e-03
2.365397214999999942e-01,4.384699077324250016e-03
2.365661089999999966e-01,4.384094793894460426e-03
2.365836990999999889e-01,4.383693680109079435e-03
2.366364615000000060e-01,4.382488144566507558e-03
2.366452541000000076e-01,4.382289109506707671e-03
2.366716299000000134e-01,4.381685381620399958e-03
2.367155830000000072e-01,4.380681385996065824e-03
2.367243726999999909e-01,4.380479210464436300e-03
2.367507396000000097e-01,4.379878741685520535e-03
2.367771036999999912e-01,4.379277637780937434e-03
2.367946780999999890e-01,4.378874913876627632e-03
2.368210373000000091e-01,4.378273530289022997e-03
2.368473935000000030e-01,4.377671020151577101e-03
2.368561781999999893e-01,4.377471113914298100e-03
2.369527889999999970e-01,4.375266250754076408e-03
2.370054692999999935e-01,4.374062107435927084e-03
2.370669146999999921e-01,4.372659868621744939e-03
2.371371186000000020e-01,4.371057845105625478e-03
2.371458925999999912e-01,4.370857591764968318e-03
2.371985299000000103e-01,4.369656355452077902e-03
2.372160731000000078e-01,4.369255395486278983e-03
2.372423854000000054e-01,4.368655960172610625e-03
2.373476056000000112e-01,4.366256934226609918e-03
2.373739032999999943e-01,4.365655426515583672e-03
2.374089624999999870e-01,4.364856533560794796e-03
2.374264900999999983e-01,4.364456059160970458e-03
2.374527791000000110e-01,4.363856931911122214e-03
2.374878266000000071e-01,4.363058530594257287e-03
2.375141088000000122e-01,4.362459766454159643e-03
2.375666644999999966e-01,4.361260383105107150e-03
2.375929380000000035e-01,4.360660842585621644e-03
2.376192085999999926e-01,4.360062942726888359e-03
2.376542315999999877e-01,4.359263929779962597e-03
2.376629865000000064e-01,4.359063512370870384e-03
2.376892493999999967e-01,4.358464522097017790e-03
2.376980029999999910e-01,4.358267562058306885e-03
2.377767712999999949e-01,4.356472220117300377e-03
2.378730081000000052e-01,4.354277134837060935e-03
2.378992477999999910e-01,4.353680623837298189e-03
2.379866925000000133e-01,4.351688180156933899e-03
2.380129196000000114e-01,4.351089666114077784e-03
2.380478846000000093e-01,4.350294211313443515e-03
2.380828445000000015e-01,4.349499092610161453e-03
2.381177992000000077e-01,4.348702621200436005e-03
2.381265371000000075e-01,4.348503192280893555e-03
2.381876933000000029e-01,4.347111577320037119e-03
2.381964286000000097e-01,4.346911365511528340e-03
2.382226326999999921e-01,4.346314736390156745e-03
2.382924959999999925e-01,4.344724745615950387e-03
2.383186895000000138e-01,4.344127653064989818e-03
2.383274200000000120e-01,4.343929060803769851e-03
2.383536096999999965e-01,4.343335292515500788e-03
2.383623388999999981e-01,4.343134398869750827e-03
2.384059802999999866e-01,4.342142055621233537e-03
2.384757899000000125e-01,4.340554643612479224e-03
2.385019633000000083e-01,4.339958776135504487e-03
2.385281337000000057e-01,4.339363504900812726e-03
2.385368566000000135e-01,4.339162844989751487e-03
2.386066279000000068e-01,4.337578145813864375e-03
2.386153478999999966e-01,4.337377862382839518e-03
2.386763789000000135e-01,4.335990851097329402e-03
2.386850963000000103e-01,4.335792321439553565e-03
2.387112466999999905e-01,4.335198775674306212e-03
2.387461093999999895e-01,4.334403237742128628e-03
2.387548243000000014e-01,4.334207761898397314e-03
2.387722530999999981e-01,4.333809996716005836e-03
2.388158196000000066e-01,4.332819586281228333e-03
2.388506670999999970e-01,4.332028137309851777e-03
2.388767992999999978e-01,4.331434201693483421e-03
2.388942192000000075e-01,4.331038366532589598e-03
2.389551789999999898e-01,4.329650466358452715e-03
2.389900061000000131e-01,4.328859974890584932e-03
2.390248282000000113e-01,4.328067885075174287e-03
2.390335329000000120e-01,4.327870807330744078e-03
2.390509413999999944e-01,4.327474332149709203e-03
2.390857546000000056e-01,4.326682972790043061e-03
2.391031593000000066e-01,4.326289550425833040e-03
2.391640657000000114e-01,4.324904619099487028e-03
2.392336540999999983e-01,4.323323999918787970e-03
2.392423512999999891e-01,4.323126826531861235e-03
2.392684407000000013e-01,4.322531936671537324e-03
2.393379988000000069e-01,4.320953019694238201e-03
2.393640777999999913e-01,4.320360423134083847e-03
2.393727702000000013e-01,4.320164179858012633e-03
2.393814622999999864e-01,4.319966517419782104e-03
2.394509874999999899e-01,4.318386182066437026e-03
2.394683656999999910e-01,4.317993130315693137e-03
2.394770542999999918e-01,4.317795939835684244e-03
2.395204924999999874e-01,4.316808298711387326e-03
2.395465516999999989e-01,4.316219300435332473e-03
2.395812928999999925e-01,4.315429054818000799e-03
2.396073454000000047e-01,4.314836635878214512e-03
2.396507600999999987e-01,4.313852756729930418e-03
2.397288867000000046e-01,4.312079666328685716e-03
2.397896341999999903e-01,4.310701929366016552e-03
2.398850634999999953e-01,4.308535078752502405e-03
2.398937369999999958e-01,4.308338718247933449e-03
2.399284278999999909e-01,4.307552858516489752e-03
2.399370997999999977e-01,4.307355725684951925e-03
2.399631137000000081e-01,4.306766361324025454e-03
2.399891248999999893e-01,4.306175908445600622e-03
2.399977946000000084e-01,4.305979103146715704e-03
2.400064640000000027e-01,4.305783319839067216e-03
2.400238020000000083e-01,4.305388994505659518e-03
2.400758081999999904e-01,4.304210378095387618e-03
2.401278031999999896e-01,4.303032815963368091e-03
2.401451323999999887e-01,4.302639275888206841e-03
2.401971123999999957e-01,4.301460677920831456e-03
2.402750613000000091e-01,4.299693647992821992e-03
2.403010385999999887e-01,4.299103692228109334e-03
2.403096970999999971e-01,4.298907602499624225e-03
2.403789537999999892e-01,4.297339692688642403e-03
2.404741491999999869e-01,4.295183389918683439e-03
2.404828015000000097e-01,4.294986724969293568e-03
2.404914533999999993e-01,4.294789612981993535e-03
2.405174073999999940e-01,4.294203642005914486e-03
2.405606577999999940e-01,4.293222467652496772e-03
2.406211953000000070e-01,4.291852489649260020e-03
2.406298423000000075e-01,4.291657491583838677e-03
2.406903622999999881e-01,4.290286095317783974e-03
2.406990068000000038e-01,4.290089301533384601e-03
2.407162948999999885e-01,4.289700079127869645e-03
2.407249384000000048e-01,4.289503235341610848e-03
2.407508671999999961e-01,4.288917342928025983e-03
2.407940756999999987e-01,4.287939166684259437e-03
2.408545545000000121e-01,4.286568975526048979e-03
2.408631931000000115e-01,4.286372793952050037e-03
2.408977444000000023e-01,4.285591152650352481e-03
2.409322906999999958e-01,4.284809393100000134e-03
2.409581972000000016e-01,4.284222621364764186e-03
2.409754665999999934e-01,4.283833249739800800e-03
2.410013685000000072e-01,4.283245948132668492e-03
2.410272675000000031e-01,4.282660497114111793e-03
2.410963181000000122e-01,4.281097994340462599e-03
2.411049480000000134e-01,4.280901774758101574e-03
2.411394645999999919e-01,4.280122492189338684e-03
2.411739763000000092e-01,4.279340393396240463e-03
2.411826035000000090e-01,4.279146360397907863e-03
2.412429849000000126e-01,4.277780628356957736e-03
2.412688580000000027e-01,4.277196598691731209e-03
2.413205958999999901e-01,4.276026365426226217e-03
2.413464606999999873e-01,4.275441022833777020e-03
2.413895624999999878e-01,4.274466839875725593e-03
2.414068011000000125e-01,4.274076171737409800e-03
2.414154199000000112e-01,4.273882077661144557e-03
2.414498921999999881e-01,4.273103676140483330e-03
2.414843594999999954e-01,4.272324963808356996e-03
2.415446655000000054e-01,4.270960581746581324e-03
2.415791193000000059e-01,4.270183627234291728e-03
2.415963442999999877e-01,4.269792091881881996e-03
2.416221795999999866e-01,4.269207952905461692e-03
2.416480121000000036e-01,4.268626616072772849e-03
2.416566223000000124e-01,4.268430021478207374e-03
2.416824512000000091e-01,4.267847648602021877e-03
2.417599210999999970e-01,4.266097594405994856e-03
2.418029492000000058e-01,4.265125826396609816e-03
2.418631757999999965e-01,4.263764237665852892e-03
2.419319876999999896e-01,4.262211767884943256e-03
2.419405877999999954e-01,4.262017383059527563e-03
2.419577871999999963e-01,4.261630574658337167e-03
2.420695529000000124e-01,4.259107163425246249e-03
2.421039319999999939e-01,4.258330660111621022e-03
2.421383061999999864e-01,4.257554382562666641e-03
2.421468989999999988e-01,4.257360173834273329e-03
2.421726755999999980e-01,4.256778989436260478e-03
2.421984493000000072e-01,4.256196347063194441e-03
2.423358633000000095e-01,4.253095625920966238e-03
2.423530345000000086e-01,4.252708292880072634e-03
2.423702045999999999e-01,4.252321266313230895e-03
2.424045410000000011e-01,4.251547897084317906e-03
2.424474547999999896e-01,4.250579819418486179e-03
2.424903609000000071e-01,4.249612419565793400e-03
2.425075211999999925e-01,4.249226544217849649e-03
2.425589948999999912e-01,4.248065475531755120e-03
2.426104575999999957e-01,4.246904280753218547e-03
2.426533348999999895e-01,4.245939549514680077e-03
2.426790577000000060e-01,4.245358566077445626e-03
2.426876313000000118e-01,4.245164918210433090e-03
2.427219227999999895e-01,4.244391377892556792e-03
2.427562094999999864e-01,4.243619800508808236e-03
2.427647804999999992e-01,4.243426556780167773e-03
2.427819213999999892e-01,4.243040039454036398e-03
2.427904914000000025e-01,4.242847242368586250e-03
2.428333369000000019e-01,4.241881623937553830e-03
2.428590405999999924e-01,4.241303664954450096e-03
2.428933078999999939e-01,4.240532013733568951e-03
2.429190052000000100e-01,4.239951987859120509e-03
2.429532641000000104e-01,4.239178600730982016e-03
2.429618280999999991e-01,4.238987447043084458e-03
2.429703917000000102e-01,4.238795242285383659e-03
2.430645720999999870e-01,4.236674477102837441e-03
2.431672726999999923e-01,4.234359624116332439e-03
2.431758290999999905e-01,4.234167988611816161e-03
2.432014966000000111e-01,4.233590921140319152e-03
2.432271614000000026e-01,4.233012355428419742e-03
2.432442696999999876e-01,4.232628286536031445e-03
2.432699298999999871e-01,4.232050204290572527e-03
2.433041394000000079e-01,4.231279922524683497e-03
2.433297933000000135e-01,4.230701251236515872e-03
2.434323820000000027e-01,4.228393581214155358e-03
2.434494759999999980e-01,4.228010600056269358e-03
2.435007505000000017e-01,4.226855852144906570e-03
2.435092952000000033e-01,4.226664124652099175e-03
2.435776420999999914e-01,4.225125512044395314e-03
2.435861840999999917e-01,4.224933556112761904e-03
2.436118083000000101e-01,4.224358061748150969e-03
2.436459698000000007e-01,4.223589712694753723e-03
2.437228154999999952e-01,4.221860419309014616e-03
2.437825677000000080e-01,4.220516531179770853e-03
2.437911024999999954e-01,4.220326687844015191e-03
2.438167052000000112e-01,4.219750410700622359e-03
2.438593703999999973e-01,4.218791163270231917e-03
2.438764344000000084e-01,4.218408462499502118e-03
2.438849659000000003e-01,4.218214784348376691e-03
2.439190891000000139e-01,4.217449038684703728e-03
2.439873211999999958e-01,4.215915939163049179e-03
2.440129033000000003e-01,4.215341362892200718e-03
2.440214300000000114e-01,4.215148971631619071e-03
2.440470086000000038e-01,4.214573604924882859e-03
2.440640594000000052e-01,4.214192611706420177e-03
2.441237280999999926e-01,4.212849971905818260e-03
2.441492959000000074e-01,4.212278204222156403e-03
2.442004234000000051e-01,4.211129001842445554e-03
2.442941295999999929e-01,4.209023039496080122e-03
2.443367113999999896e-01,4.208068404841479489e-03
2.444048268000000024e-01,4.206537932003302435e-03
2.444218526999999974e-01,4.206156883530512598e-03
2.444303651999999993e-01,4.205967214110464293e-03
2.444984545999999981e-01,4.204437603084213750e-03
2.445239831999999891e-01,4.203864437323459428e-03
2.445324922000000067e-01,4.203674109801074608e-03
2.445580172000000052e-01,4.203100487891997181e-03
2.445665250000000068e-01,4.202909238770404822e-03
2.446345763999999978e-01,4.201383399940779653e-03
2.446770990000000090e-01,4.200430516277367868e-03
2.447026089999999876e-01,4.199856362027151388e-03
2.447366182000000057e-01,4.199093527462848668e-03
2.447961227999999878e-01,4.197759203951572336e-03
2.448046222999999966e-01,4.197570372669839726e-03
2.448301190000000127e-01,4.196997811199760196e-03
2.448641105000000096e-01,4.196235989761420808e-03
2.448726075999999863e-01,4.196045829442886579e-03
2.449320792999999941e-01,4.194711323550738558e-03
2.449405739999999942e-01,4.194521509827612085e-03
2.449490685000000056e-01,4.194330979044793607e-03
2.450085216000000010e-01,4.192996999657971902e-03
2.450170137000000081e-01,4.192806021020145137e-03
2.451019187000000044e-01,4.190905462326320434e-03
2.451104075999999965e-01,4.190713799211362445e-03
2.451358724999999905e-01,4.190143561991967192e-03
2.452122512999999893e-01,4.188433200714613419e-03
2.452207362999999918e-01,4.188241711109050650e-03
2.452377055999999944e-01,4.187860061519273897e-03
2.452461897999999862e-01,4.187671561412263481e-03
2.452886062999999894e-01,4.186719812942042013e-03
2.453140527000000071e-01,4.186149964975966441e-03
2.453394963999999956e-01,4.185582793542298903e-03
2.453734173000000074e-01,4.184820237109398641e-03
2.454158117999999944e-01,4.183872528509033351e-03
2.454242898000000006e-01,4.183681962945709140e-03
2.454751518000000132e-01,4.182543962613806746e-03
2.454836277999999927e-01,4.182355181945265725e-03
2.454921035000000029e-01,4.182163176716078429e-03
2.455175287999999956e-01,4.181595108693040436e-03
2.455514250999999981e-01,4.180834927574353724e-03
2.456446157999999935e-01,4.178750067259234813e-03
2.456530859000000122e-01,4.178559765039445081e-03
2.456784945000000109e-01,4.177990696500069774e-03
2.456954322000000079e-01,4.177612141640756234e-03
2.457885682000000016e-01,4.175529217371895530e-03
2.458224271999999988e-01,4.174772300604903154e-03
2.458308912000000124e-01,4.174581902866048543e-03
2.458985927000000016e-01,4.173068009277751574e-03
2.459239759000000081e-01,4.172500108383929429e-03
2.459578162000000123e-01,4.171742304982012720e-03
2.460170254999999861e-01,4.170420382732532502e-03
2.460254828000000005e-01,4.170229625938642187e-03
2.460508530000000138e-01,4.169661284010125167e-03
2.460593091000000121e-01,4.169474587877784050e-03
2.461269477999999955e-01,4.167960468788045776e-03
2.461607601999999950e-01,4.167206791855058642e-03
2.461692125000000120e-01,4.167015595808745698e-03
2.462283710000000014e-01,4.165695192788002217e-03
2.463044108999999926e-01,4.163994143565686104e-03
2.463213055000000040e-01,4.163617349654419666e-03
2.463635369000000130e-01,4.162673796121046238e-03
2.463973167999999880e-01,4.161920337471368934e-03
2.464310920999999988e-01,4.161163837227253512e-03
2.464395352000000039e-01,4.160976932395925483e-03
2.464564204999999952e-01,4.160600117974806549e-03
2.464901877000000019e-01,4.159845146911759356e-03
2.465070695000000089e-01,4.159469188835588499e-03
2.465914613999999894e-01,4.157583136845712131e-03
2.466420826999999871e-01,4.156453431514135245e-03
2.466673893999999922e-01,4.155886810937598451e-03
2.466926936000000126e-01,4.155322321290622935e-03
2.467011276999999947e-01,4.155134875221151193e-03
2.467348614000000051e-01,4.154381178194769229e-03
2.467685904999999957e-01,4.153627833551819595e-03
2.468360347999999926e-01,4.152125605657953911e-03
2.468444640000000134e-01,4.151937506385160875e-03
2.468697499999999989e-01,4.151371782959580904e-03
2.469118875999999907e-01,4.150431920131216444e-03
2.469371666999999881e-01,4.149868550441884046e-03
2.469624431999999925e-01,4.149305013734857703e-03
2.469708680999999906e-01,4.149117260017490955e-03
2.469961411000000107e-01,4.148551637080311570e-03
2.470045649000000010e-01,4.148362688652036494e-03
2.470466795000000049e-01,4.147426230051340021e-03
2.470719447999999985e-01,4.146861715225426577e-03
2.471393063000000001e-01,4.145359969394849485e-03
2.471729802000000031e-01,4.144607837799835388e-03
2.472403140999999971e-01,4.143107473241658574e-03
2.472487295999999946e-01,4.142919755268631606e-03
2.472655596999999983e-01,4.142543016305101633e-03
2.473160429000000049e-01,4.141418472158931753e-03
2.473412806999999991e-01,4.140855836956338146e-03
2.473749271000000027e-01,4.140106493557255997e-03
2.474001589000000001e-01,4.139545283731859739e-03
2.474422061000000062e-01,4.138608188313643542e-03
2.474758387999999865e-01,4.137857462796983889e-03
2.475178731000000076e-01,4.136922296596587910e-03
2.475346848999999960e-01,4.136548368964275239e-03
2.476103236999999957e-01,4.134860956370485160e-03
2.476439334999999964e-01,4.134114850413916735e-03
2.476523351999999900e-01,4.133925454637188239e-03
2.476775387000000050e-01,4.133366849008896469e-03
2.477195389000000081e-01,4.132430037043654039e-03
2.477699295999999940e-01,4.131308820892236333e-03
2.477783271000000009e-01,4.131121309062868799e-03
2.478371014000000094e-01,4.129812580288371240e-03
2.478454965999999926e-01,4.129626130038899744e-03
2.478538915000000065e-01,4.129440610344736404e-03
2.478790744999999907e-01,4.128878444646703894e-03
2.479881714000000126e-01,4.126451532491566196e-03
2.480468959999999889e-01,4.125144537086643248e-03
2.480552839999999870e-01,4.124958665874052695e-03
2.480720593999999890e-01,4.124583246791588276e-03
2.481056066000000004e-01,4.123836711358891578e-03
2.481223785999999987e-01,4.123464421719066214e-03
2.481475343000000000e-01,4.122905194643655853e-03
2.481726874999999888e-01,4.122345880269966643e-03
2.481810714000000084e-01,4.122158346632777068e-03
2.482062211999999934e-01,4.121600082368609766e-03
2.482565132000000008e-01,4.120481952456866472e-03
2.482816552999999871e-01,4.119922370505834167e-03
2.483486886999999865e-01,4.118432464872701093e-03
2.483738215000000082e-01,4.117873616597071337e-03
2.483821985999999926e-01,4.117687650990246168e-03
2.484575793000000088e-01,4.116011328364040968e-03
2.484743275000000085e-01,4.115639352725287275e-03
2.484827011000000085e-01,4.115455113248739014e-03
2.485161928999999881e-01,4.114709615087915745e-03
2.485245651999999916e-01,4.114522344134503677e-03
2.485496802000000116e-01,4.113966013307193172e-03
2.485747927999999995e-01,4.113407562588832639e-03
2.487086833999999913e-01,4.110431935656786752e-03
2.487254145999999999e-01,4.110063082174100595e-03
2.487505094000000139e-01,4.109503651283121645e-03
2.488759453000000121e-01,4.106720453694445196e-03
2.488843054000000055e-01,4.106533865038586653e-03
2.489093842000000001e-01,4.105978359591341657e-03
2.489261020000000102e-01,4.105605521763704309e-03
2.489511765000000099e-01,4.105049404664187947e-03
2.489846052999999948e-01,4.104308489684340040e-03
2.490096739000000059e-01,4.103751085980829327e-03
2.490598036999999987e-01,4.102638281085159086e-03
2.490848647999999999e-01,4.102082823091435237e-03
2.491099233000000079e-01,4.101525358208554795e-03
2.491182755999999943e-01,4.101340387501602180e-03
2.491266276000000113e-01,4.101156218267130830e-03
2.491767337999999943e-01,4.100044044268061176e-03
2.491934336000000139e-01,4.099673323750479409e-03
2.492518742000000009e-01,4.098378355496884277e-03
2.492602217999999870e-01,4.098192438810379160e-03
2.492769159999999873e-01,4.097822017579088455e-03
2.492852627000000099e-01,4.097636863274374715e-03
2.493854013000000036e-01,4.095416602723247340e-03
2.494104296000000109e-01,4.094862391704541527e-03
2.494604787999999962e-01,4.093750389523547265e-03
2.494854995999999936e-01,4.093196382752220877e-03
2.495271954000000125e-01,4.092271834405965085e-03
2.495522095999999912e-01,4.091718597128934237e-03
2.495855579000000046e-01,4.090978004643463888e-03
2.496439065999999929e-01,4.089687616465734199e-03
2.496522411000000052e-01,4.089501353127590264e-03
2.496605752000000122e-01,4.089317231737815868e-03
2.497105742999999878e-01,4.088210944439325464e-03
2.497189065000000041e-01,4.088024608068829661e-03
2.497522325000000043e-01,4.087286091702660093e-03
2.497772241000000004e-01,4.086731792793775637e-03
2.497938838000000050e-01,4.086363303690233525e-03
2.498605114000000127e-01,4.084889604882023344e-03
2.498854920999999951e-01,4.084335355613867916e-03
2.499520953000000101e-01,4.082861394357814762e-03
2.499770668999999890e-01,4.082307481288371433e-03
2.499853901999999906e-01,4.082123116207128123e-03
