q,I
2.039995199999999811e-03,6.005106087133218898e-04
2.884988900000000096e-03,6.004806154796284417e-04
4.079990399999999622e-03,6.004206335115077394e-04
4.561568000000000220e-03,6.003906447769308654e-04
5.769977800000000191e-03,6.003006875702296017e-04
6.119985599999999866e-03,6.002707048334223914e-04
6.451031299999999968e-03,6.002407235958707619e-04
7.355307299999999833e-03,6.001507888779932355e-04
8.159980799999999243e-03,6.000608676507087919e-04
8.411115699999999196e-03,6.000308969058399484e-04
8.654966599999999385e-03,6.000009276596252787e-04
9.123135799999999504e-03,5.999409936628596549e-04
1.019997589999999989e-02,5.997911848921511947e-04
1.040197520000000000e-02,5.997612276324726377e-04
1.098571020000000016e-02,5.996713648410147927e-04
1.153995529999999985e-02,5.995815155293473652e-04
1.189511369999999950e-02,5.995216234760098557e-04
1.223997100000000053e-02,5.994617374121899303e-04
1.240880609999999926e-02,5.994317966261616167e-04
1.290206219999999980e-02,5.993419832507076127e-04
1.306234239999999949e-02,5.993120484528491115e-04
1.368470339999999959e-02,5.991923242292160855e-04
1.427996599999999984e-02,5.990726239504701482e-04
1.442494390000000071e-02,5.990427026216085067e-04
1.471061409999999993e-02,5.989828644523556914e-04
1.485138870000000076e-02,5.989529476118124040e-04
1.553614000000000037e-02,5.988033858469414940e-04
1.593287120000000043e-02,5.987136667355970289e-04
1.631996089999999955e-02,5.986239610824661654e-04
1.644696630000000090e-02,5.985940621884522318e-04
1.682223050000000025e-02,5.985043744764619120e-04
1.730993239999999850e-02,5.983848117877903997e-04
1.742972569999999902e-02,5.983549248521428379e-04
1.754870130000000042e-02,5.983250394109551054e-04
1.824627070000000087e-02,5.981457581432776628e-04
1.835995569999999966e-02,5.981158831612080938e-04
1.847294110000000100e-02,5.980860096729987904e-04
1.880782519999999944e-02,5.979963981707860001e-04
1.924527490000000132e-02,5.978769370773483411e-04
1.935309240000000069e-02,5.978470755373319068e-04
2.009162109999999835e-02,5.976380865622827861e-04
2.019492059999999922e-02,5.976082369656748536e-04
2.039995039999999843e-02,5.975485422501524866e-04
2.050169640000000168e-02,5.975186971310888660e-04
2.080394890000000080e-02,5.974291707277918370e-04
2.100303430000000082e-02,5.973694939197608236e-04
2.129817330000000064e-02,5.972799898974660111e-04
2.168544450000000137e-02,5.971606720854779910e-04
2.197141860000000058e-02,5.970711993871730214e-04
2.206591980000000008e-02,5.970413781369967362e-04
2.243994499999999934e-02,5.969221080472470950e-04
2.253248119999999924e-02,5.968922942521757025e-04
2.280783739999999934e-02,5.968028618114509885e-04
2.307990860000000075e-02,5.967134427858863163e-04
2.325952140000000015e-02,5.966538375540490595e-04
2.379022509999999951e-02,5.964750576209671990e-04
2.387752890000000017e-02,5.964452661800224943e-04
2.447993949999999891e-02,5.962367678002378733e-04
2.456479220000000116e-02,5.962069882746331940e-04
2.464935279999999965e-02,5.961772102381102676e-04
2.481760959999999849e-02,5.961176586320105419e-04
2.490131170000000130e-02,5.960878850622861828e-04
2.523334379999999863e-02,5.959688056704822573e-04
2.556106320000000112e-02,5.958497500944470249e-04
2.580412149999999905e-02,5.957604740386511890e-04
2.596489630000000173e-02,5.957009641080636799e-04
2.612468180000000056e-02,5.956414601287398497e-04
2.651993379999999928e-02,5.954927262132799241e-04
2.659827940000000085e-02,5.954629838923674798e-04
2.683194360000000153e-02,5.953737658526463356e-04
2.721692649999999866e-02,5.952250988587089869e-04
2.736940339999999888e-02,5.951656424680210966e-04
2.744532419999999931e-02,5.951359165024272275e-04
2.774693010000000085e-02,5.950170275033128718e-04
2.834051430000000121e-02,5.947793208332669956e-04
2.841384049999999897e-02,5.947496141850797417e-04
2.855992799999999832e-02,5.946902053449279512e-04
2.863269220000000045e-02,5.946605031528149872e-04
2.884988380000000005e-02,5.945714054874456055e-04
2.899377430000000047e-02,5.945120144689258973e-04
2.920828110000000047e-02,5.944229390772554598e-04
2.942122390000000143e-02,5.943338770471236774e-04
2.970277299999999829e-02,5.942151484547671851e-04
3.012016249999999867e-02,5.940371000876166390e-04
3.032670299999999999e-02,5.939480959343140538e-04
3.059992200000000162e-02,5.938294444975483971e-04
3.066784640000000048e-02,5.937997853463670376e-04
3.087072290000000135e-02,5.937108167908607560e-04
3.107227489999999856e-02,5.936218615808552855e-04
3.113916889999999993e-02,5.935922128095034089e-04
3.120591959999999970e-02,5.935625655206905587e-04
3.166923519999999964e-02,5.933550760037777615e-04
3.173487090000000344e-02,5.933254405725800614e-04
3.186573689999999681e-02,5.932661741557220241e-04
3.193096869999999948e-02,5.932365431699074048e-04
3.225514909999999819e-02,5.930884104640447765e-04
3.263991580000000226e-02,5.929107000982706838e-04
3.270360349999999749e-02,5.928810868873136053e-04
3.289392669999999935e-02,5.927922561386805497e-04
3.295712349999999763e-02,5.927626488503014374e-04
3.320870809999999784e-02,5.926442345006395279e-04
3.345840099999999873e-02,5.925258438335866606e-04
3.364445469999999966e-02,5.924370663721601751e-04
3.376792089999999802e-02,5.923778887962183153e-04
3.395227840000000080e-02,5.922891335283432968e-04
3.419654240000000178e-02,5.921708138806700428e-04
3.461985769999999935e-02,5.919638114350444114e-04
3.467990950000000155e-02,5.919342455715285133e-04
3.473985749999999872e-02,5.919046811863989304e-04
3.485944419999999905e-02,5.918455568509997959e-04
3.491908400000000301e-02,5.918159969005837686e-04
3.509739530000000052e-02,5.917273259175767890e-04
3.521576790000000012e-02,5.916682193183666911e-04
3.562697489999999689e-02,5.914613927654224475e-04
3.568533189999999883e-02,5.914318520243996109e-04
3.609118929999999975e-02,5.912251081926996098e-04
3.614879690000000201e-02,5.911955792666309531e-04
3.632107169999999885e-02,5.911070013473579930e-04
3.649253310000000194e-02,5.910184367149135930e-04
3.671990299999999818e-02,5.909003712032846875e-04
3.677652580000000115e-02,5.908708585150550122e-04
3.694587359999999820e-02,5.907823293044155329e-04
3.722640800000000250e-02,5.906348101290737800e-04
3.744932249999999990e-02,5.905168213416358940e-04
3.750484409999999685e-02,5.904873278320544715e-04
3.761564139999999667e-02,5.904283452371066358e-04
3.794609239999999911e-02,5.902514328406899095e-04
3.811024350000000172e-02,5.901629965448181069e-04
3.832801789999999709e-02,5.900451021186297208e-04
3.849054019999999937e-02,5.899566967726446688e-04
3.870617500000000238e-02,5.898388436057443694e-04
3.875989619999999775e-02,5.898093839970517706e-04
3.881354310000000030e-02,5.897799258614284511e-04
3.897404079999999826e-02,5.896915602922223835e-04
3.918701509999999999e-02,5.895737601517350972e-04
3.924007809999999902e-02,5.895443137979907442e-04
3.939883820000000120e-02,5.894559835708766682e-04
3.960952859999999909e-02,5.893382305449307084e-04
4.007953250000000078e-02,5.890733723347568469e-04
4.018323120000000248e-02,5.890145311400713868e-04
4.023498040000000192e-02,5.889851127493839255e-04
4.038983000000000156e-02,5.888968664030379578e-04
4.049273419999999818e-02,5.888380428595123284e-04
4.064660190000000256e-02,5.887498185737969182e-04
4.079988930000000291e-02,5.886616075218080142e-04
4.085085730000000137e-02,5.886322067782970248e-04
4.100338109999999980e-02,5.885440133681856629e-04
4.105409649999999799e-02,5.885146185047136422e-04
4.125633449999999841e-02,5.883970537483353700e-04
4.130673929999999910e-02,5.883676662332533664e-04
4.160788569999999964e-02,5.881913719987862197e-04
4.185718599999999762e-02,5.880445005353497363e-04
4.200605599999999995e-02,5.879563952816584723e-04
4.205556230000000173e-02,5.879270298007183409e-04
4.244953370000000004e-02,5.876921588077608973e-04
4.259633349999999985e-02,5.876041064055669005e-04
4.283988209999999713e-02,5.874573817518584200e-04
4.288842589999999899e-02,5.874280412229489646e-04
4.303372860000000133e-02,5.873400284385521834e-04
4.322670569999999962e-02,5.872226985954008029e-04
4.327481560000000227e-02,5.871933698012787514e-04
4.337087509999999757e-02,5.871347166125059957e-04
4.361009829999999698e-02,5.869881093007887820e-04
4.365778569999999997e-02,5.869587922367542265e-04
4.380053619999999676e-02,5.868708498399317951e-04
4.394282299999999891e-02,5.867829206345053644e-04
4.403742540000000344e-02,5.867243084917927141e-04
4.413182499999999953e-02,5.866657022104549259e-04
4.455414840000000015e-02,5.864020464632266859e-04
4.474056810000000273e-02,5.862849042122650258e-04
4.478705179999999814e-02,5.862556223103183384e-04
4.487987470000000256e-02,5.861970628988586460e-04
4.492621420000000171e-02,5.861677853892005748e-04
4.506494700000000103e-02,5.860799616436444728e-04
4.515719859999999669e-02,5.860214197987096210e-04
4.529522390000000065e-02,5.859336180080143000e-04
4.561565869999999884e-02,5.857287983773889258e-04
4.584316940000000146e-02,5.855825425282421308e-04
4.602436819999999873e-02,5.854655641741031251e-04
4.615980060000000190e-02,5.853778457617834054e-04
4.624986849999999927e-02,5.853193741302221888e-04
4.651902589999999671e-02,5.851439943170396113e-04
4.656373419999999819e-02,5.851147694634598224e-04
4.660839960000000282e-02,5.850855460711936341e-04
4.691986699999999705e-02,5.848810232360017588e-04
4.696419369999999677e-02,5.848518115316194126e-04
4.709692359999999994e-02,5.847641851821234202e-04
4.731731260000000133e-02,5.846181704740557351e-04
4.744905459999999853e-02,5.845305791706557593e-04
4.758043189999999756e-02,5.844430010059294177e-04
4.762414379999999753e-02,5.844138112037172532e-04
4.775503939999999753e-02,5.843262505541470123e-04
4.779859160000000246e-02,5.842970665897359020e-04
4.801576009999999894e-02,5.841511686552342941e-04
4.814559110000000280e-02,5.840636474019529102e-04
4.836120139999999790e-02,5.839178078191689658e-04
4.849010740000000291e-02,5.838303215699019175e-04
4.866145090000000006e-02,5.837136936505973829e-04
4.895985910000000274e-02,5.835096509145852118e-04
4.900234049999999814e-02,5.834805077820680655e-04
4.904478510000000180e-02,5.834513661067743670e-04
4.912956429999999763e-02,5.833930871275664221e-04
4.929868529999999888e-02,5.832765466526236434e-04
4.934087499999999932e-02,5.832474151758540448e-04
4.938302859999999656e-02,5.832182851557223165e-04
4.963519859999999950e-02,5.830435356202989762e-04
4.967710250000000050e-02,5.830144157946091097e-04
4.980260260000000244e-02,5.829270650535862269e-04
5.001106959999999935e-02,5.827815096010082992e-04
5.017721960000000314e-02,5.826650914379134533e-04
5.038413659999999711e-02,5.825196014751028890e-04
5.046666589999999897e-02,5.824614156742186164e-04
5.050787989999999672e-02,5.824323249558181368e-04
5.067240099999999886e-02,5.823159766275003580e-04
5.099985089999999749e-02,5.820833497730090083e-04
5.104063439999999979e-02,5.820542779587282263e-04
5.112210379999999887e-02,5.819961386910554825e-04
5.116278989999999832e-02,5.819670712375192134e-04
5.136573690000000025e-02,5.818217557699071046e-04
5.148712109999999814e-02,5.817345839267780080e-04
5.160821980000000059e-02,5.816474251593267133e-04
5.164852290000000040e-02,5.816183751422079884e-04
5.192976900000000062e-02,5.814150656900629295e-04
5.200984570000000140e-02,5.813569903447353589e-04
5.212973010000000046e-02,5.812698882158716558e-04
5.224933949999999855e-02,5.811827991522217941e-04
5.228914839999999897e-02,5.811537723673732350e-04
5.244808220000000271e-02,5.810376797412668140e-04
5.264607470000000344e-02,5.808925966080339797e-04
5.292201970000000311e-02,5.806895411507808800e-04
5.296132299999999765e-02,5.806605390298429916e-04
5.303984240000000211e-02,5.806025391383987967e-04
5.307905849999999814e-02,5.805735413677394008e-04
5.319653330000000124e-02,5.804865567551511629e-04
5.339175040000000011e-02,5.803416113944600760e-04
5.354741159999999722e-02,5.802256811949323525e-04
5.366386120000000287e-02,5.801387487608393630e-04
5.385738429999999827e-02,5.799938903468858462e-04
5.389600549999999657e-02,5.799649230098705534e-04
5.401170360000000226e-02,5.798780296890861845e-04
5.420398480000000047e-02,5.797332364509196357e-04
5.431902689999999756e-02,5.796463778827258290e-04
5.443382580000000193e-02,5.795595323431606541e-04
5.473877910000000263e-02,5.793280079183160073e-04
5.481475239999999971e-02,5.792701412818480932e-04
5.489062050000000081e-02,5.792122804321133593e-04
5.492851530000000121e-02,5.791833521770934105e-04
5.507983360000000272e-02,5.790676536209495235e-04
5.511759819999999949e-02,5.790387325975347547e-04
5.523073729999999903e-02,5.789519782036416443e-04
5.541878909999999742e-02,5.788074164639389401e-04
5.549383139999999881e-02,5.787496018872466787e-04
5.568099469999999995e-02,5.786050907384198642e-04
5.571835189999999743e-02,5.785761928440013181e-04
5.601631270000000107e-02,5.783450617006762181e-04
5.612764020000000215e-02,5.782584113559982066e-04
5.627573429999999793e-02,5.781428977808814517e-04
5.642343970000000125e-02,5.780274073075629491e-04
5.657075939999999664e-02,5.779119399314164079e-04
5.668099790000000193e-02,5.778253545540452127e-04
5.671769649999999774e-02,5.777964956478228017e-04
5.682764989999999905e-02,5.777099275868248767e-04
5.690083420000000003e-02,5.776522227601779301e-04
5.711982439999999800e-02,5.774791429011415407e-04
5.715624119999999919e-02,5.774503013060941926e-04
5.726535270000000094e-02,5.773637851734374519e-04
5.744674450000000071e-02,5.772196204562825067e-04
5.748295419999999850e-02,5.771907918377961735e-04
5.759144669999999994e-02,5.771043146309219520e-04
5.769973510000000333e-02,5.770178503954062014e-04
5.773578619999999995e-02,5.769890318657628237e-04
5.777181470000000013e-02,5.769602147770871254e-04
5.798751569999999883e-02,5.767873425014543275e-04
5.802338790000000079e-02,5.767585354975771853e-04
5.805923799999999912e-02,5.767297299341024195e-04
5.834524540000000231e-02,5.764993372719236708e-04
5.841652840000000069e-02,5.764417535053000582e-04
5.845213739999999963e-02,5.764129637814371411e-04
5.873623160000000093e-02,5.761826978075962726e-04
5.884241330000000020e-02,5.760963718121572428e-04
5.887776470000000151e-02,5.760675993579215688e-04
5.915981499999999754e-02,5.758374715100050270e-04
5.919497680000000012e-02,5.758087120011827573e-04
5.930033710000000291e-02,5.757224421025489884e-04
5.940551060000000272e-02,5.756361851441505828e-04
5.947552290000000103e-02,5.755786876932751390e-04
5.958038699999999854e-02,5.754924522976050073e-04
5.971991950000000299e-02,5.753774918909060083e-04
5.999801099999999693e-02,5.751476400460359475e-04
6.003268190000000254e-02,5.751189150298257865e-04
6.024028800000000294e-02,5.749465950921879911e-04
6.027481950000000005e-02,5.749178801285164927e-04
6.041274809999999662e-02,5.748030346310074043e-04
6.055036250000000314e-02,5.746882121015345346e-04
6.058471719999999894e-02,5.746595100573792959e-04
6.065336839999999757e-02,5.746021102744359706e-04
6.085885719999999804e-02,5.744299453632812540e-04
6.113176780000000032e-02,5.742004724815541776e-04
6.119980530000000002e-02,5.741431186024976638e-04
6.123379560000000166e-02,5.741144438137743859e-04
6.133565380000000067e-02,5.740284280500088229e-04
6.136956899999999882e-02,5.739997589959787557e-04
6.150504259999999696e-02,5.738850971140418500e-04
6.167396609999999807e-02,5.737418020081835055e-04
6.174140610000000001e-02,5.736844939962619516e-04
6.194328550000000044e-02,5.735126043430586497e-04
6.204397889999999777e-02,5.734266788530999626e-04
6.214450920000000322e-02,5.733407662516578100e-04
6.217798310000000050e-02,5.733121315816186231e-04
6.227829700000000329e-02,5.732262361618434754e-04
6.241179809999999883e-02,5.731117289769179553e-04
6.244512879999999933e-02,5.730831057590401447e-04
6.257827400000000317e-02,5.729686271987719567e-04
6.284371810000000114e-02,5.727397387573517941e-04
6.297602060000000168e-02,5.726253288670342997e-04
6.300905280000000663e-02,5.725967299697607218e-04
6.323979509999999582e-02,5.723965777242608728e-04
6.327268960000000109e-02,5.723679902648200722e-04
6.333842739999999416e-02,5.723108196340899022e-04
6.337127069999999585e-02,5.722822364626547077e-04
6.346969869999999347e-02,5.721964955232221404e-04
6.353523260000000505e-02,5.721393420419362700e-04
6.373143000000000558e-02,5.719679158878259156e-04
6.376407089999999722e-02,5.719393498619774292e-04
6.386189339999999437e-02,5.718536603541485210e-04
6.389446769999999887e-02,5.718251000412111901e-04
6.402459889999999321e-02,5.717108730692121001e-04
6.405709029999999415e-02,5.716823198957897683e-04
6.441341509999999604e-02,5.713683292000785964e-04
6.451025289999999524e-02,5.712827253429684105e-04
6.479989830000000561e-02,5.710259908052240686e-04
6.483200120000000288e-02,5.709974718766621564e-04
6.492821479999999479e-02,5.709119236465608292e-04
6.505627819999999784e-02,5.707978793000918890e-04
6.508825470000000057e-02,5.707693717773463724e-04
6.518409000000000009e-02,5.706838577612508056e-04
6.527978469999999589e-02,5.705983565718837419e-04
6.531165170000000075e-02,5.705698590254739549e-04
6.540715969999999491e-02,5.704843749354022867e-04
6.556603060000000538e-02,5.703419299448455552e-04
6.569285060000000509e-02,5.702279995908624216e-04
6.578780519999999354e-02,5.701425667781532093e-04
6.585103220000000646e-02,5.700856186889820048e-04
6.591419860000000130e-02,5.700286762945900839e-04
6.607185029999999848e-02,5.698863452195044839e-04
6.619770129999999475e-02,5.697725059773753060e-04
6.635467940000000509e-02,5.696302389396573455e-04
6.641736669999999398e-02,5.695733420829425693e-04
6.644868819999999454e-02,5.695448957882399792e-04
6.660507479999999703e-02,5.694026856484150998e-04
6.669873070000000015e-02,5.693173766288984897e-04
6.682340109999999889e-02,5.692036511740078408e-04
6.691675140000000188e-02,5.691183720086906385e-04
6.710306259999999912e-02,5.689478520505115121e-04
6.728885780000000427e-02,5.687773832427786775e-04
6.731977379999999622e-02,5.687489767467040222e-04
6.735067570000000114e-02,5.687205716709853873e-04
6.744329620000000247e-02,5.686353649651866050e-04
6.753578970000000126e-02,5.685501710399654173e-04
6.756659280000000545e-02,5.685217759046923844e-04
6.759738179999999486e-02,5.684933821891927216e-04
6.781251330000000188e-02,5.682946659285549248e-04
6.790450389999999614e-02,5.682095231064411599e-04
6.793513980000000230e-02,5.681811450038304085e-04
6.808811230000000325e-02,5.680392757732388807e-04
6.817973099999999342e-02,5.679541712583120738e-04
6.839303080000000423e-02,5.677556436960601869e-04
6.842344790000000343e-02,5.677272882877521442e-04
6.854498139999999629e-02,5.676138808317249566e-04
6.857533120000000593e-02,5.675855325116676902e-04
6.881764710000000396e-02,5.673587969729016389e-04
6.902897569999999483e-02,5.671604777633145172e-04
6.923965930000000601e-02,5.669622279559566932e-04
6.926970470000000379e-02,5.669339122189775895e-04
6.929973700000000014e-02,5.669055978978018327e-04
6.935976259999999949e-02,5.668489735025774917e-04
6.938975599999999688e-02,5.668206634283943579e-04
6.947965829999999676e-02,5.667357416986771538e-04
6.962923760000000462e-02,5.665942337877196691e-04
6.971883119999999767e-02,5.665093460211721981e-04
6.977849630000000636e-02,5.664527612506325754e-04
6.983811040000000026e-02,5.663961821384913987e-04
7.010574679999999337e-02,5.661416461414217659e-04
7.019473210000000407e-02,5.660568262604028737e-04
7.025399309999999509e-02,5.660002867412264544e-04
7.034279089999999346e-02,5.659154880632891703e-04
7.043147669999999527e-02,5.658307021046492897e-04
7.046101389999999409e-02,5.658024429446235947e-04
7.069686679999999390e-02,5.655764205254598664e-04
7.072629310000000391e-02,5.655481740796372342e-04
7.081449859999999763e-02,5.654634432159020120e-04
7.096126429999999319e-02,5.653222533512325095e-04
7.104917809999999889e-02,5.652375563742405252e-04
7.116622760000000658e-02,5.651246468330783836e-04
7.125388859999999547e-02,5.650399794958582645e-04
7.137060239999999667e-02,5.649271094674673246e-04
7.139975099999999741e-02,5.648988954874968561e-04
7.142888779999999327e-02,5.648706829182432001e-04
7.151622679999999899e-02,5.647860536740352240e-04
7.163251310000000316e-02,5.646732344274273596e-04
7.166155520000000445e-02,5.646450331413169601e-04
7.174861100000000380e-02,5.645604377431636322e-04
7.186452140000000599e-02,5.644476636167286652e-04
7.209578290000000222e-02,5.642221830192449073e-04
7.212463850000000454e-02,5.641940042858812872e-04
7.218231499999999690e-02,5.641376510459187102e-04
7.229752999999999874e-02,5.640249614710960910e-04
7.235506869999999702e-02,5.639686251351106469e-04
7.244129109999999927e-02,5.638841311938267006e-04
7.264207849999999855e-02,5.636870279468514291e-04
7.281374140000000661e-02,5.635181372069406275e-04
7.289942130000000298e-02,5.634337108358836556e-04
7.298500049999999406e-02,5.633492971282115644e-04
7.304199769999999980e-02,5.632930283573842328e-04
7.312741009999999819e-02,5.632086357511447003e-04
7.324113840000000264e-02,5.630961319665573825e-04
7.343973900000000388e-02,5.628993044794628614e-04
7.346806670000000095e-02,5.628711918904087804e-04
7.355298439999999327e-02,5.627868625567853441e-04
7.358126850000000496e-02,5.627587555898537139e-04
7.369429630000000342e-02,5.626463417749545627e-04
7.372252619999999923e-02,5.626182418340890763e-04
7.389167900000000178e-02,5.624496716914859822e-04
7.391983359999999836e-02,5.624215815841710278e-04
7.394797729999999514e-02,5.623934928813497823e-04
7.414468470000000477e-02,5.621969112820343660e-04
7.417274320000000198e-02,5.621688338127765706e-04
7.425685499999999661e-02,5.620846098279742723e-04
7.445274629999999727e-02,5.618881363218283624e-04
7.470385179999999847e-02,5.616356285534553766e-04
7.481518369999999585e-02,5.615234393477814331e-04
7.484299079999999493e-02,5.614953955521943688e-04
7.489857399999999554e-02,5.614393121675257184e-04
7.500961690000000626e-02,5.613271622222487916e-04
7.506507669999999688e-02,5.612710956605142460e-04
7.523121089999999789e-02,5.611029296122039016e-04
7.525886430000000571e-02,5.610749068421313915e-04
7.547972660000000500e-02,5.608507751166629104e-04
7.550728900000000521e-02,5.608227649543227498e-04
7.558991580000000432e-02,5.607387428700613338e-04
7.569994450000000485e-02,5.606267330282233485e-04
7.572742679999999726e-02,5.605987340679917646e-04
7.580981359999999780e-02,5.605147455866773794e-04
7.589211099999999821e-02,5.604307697030039151e-04
7.591952370000000505e-02,5.604027805409295170e-04
7.616579349999999526e-02,5.601509410494047783e-04
7.622041209999999567e-02,5.600949921068507954e-04
7.638403350000000369e-02,5.599271788454286952e-04
7.646571289999999632e-02,5.598432910922618126e-04
7.657448329999999581e-02,5.597314603271823490e-04
7.665595969999999815e-02,5.596476019302638015e-04
7.668309930000000163e-02,5.596196519265220128e-04
7.679156169999999670e-02,5.595078658858174689e-04
7.681865340000000597e-02,5.594799228688599867e-04
7.689987119999999732e-02,5.593961022005947571e-04
7.698100330000000324e-02,5.593122941047663256e-04
7.711603370000000290e-02,5.591726418786666791e-04
7.722388809999999881e-02,5.590609452330167536e-04
7.741227159999999885e-02,5.588655298502318014e-04
7.751971380000000078e-02,5.587538946221580873e-04
7.754655109999999962e-02,5.587259893036421957e-04
7.762700729999999494e-02,5.586422817193670547e-04
7.768059839999999494e-02,5.585864836385509959e-04
7.776091590000000497e-02,5.585027969789886637e-04
7.789459440000000290e-02,5.583633471061607428e-04
7.794800159999999700e-02,5.583075769179822109e-04
7.808135970000000536e-02,5.581681758450392130e-04
7.810800410000000304e-02,5.581402998123311497e-04
7.818788249999999995e-02,5.580566800766609183e-04
7.837394890000000391e-02,5.578616161323300422e-04
7.848007460000000490e-02,5.577501816709502878e-04
7.850658350000000452e-02,5.577223265378167217e-04
7.871833409999999531e-02,5.574995356058789131e-04
7.874476290000000100e-02,5.574716930049755919e-04
7.879759379999999591e-02,5.574160119794537016e-04
7.882399599999999340e-02,5.573881735547009083e-04
7.921897310000000636e-02,5.569707641738216083e-04
7.935019529999999544e-02,5.568316972684863664e-04
7.937641369999999530e-02,5.568038880592535503e-04
7.945501689999999451e-02,5.567204687739658485e-04
7.955970049999999683e-02,5.566092625232975984e-04
7.958584990000000525e-02,5.565814644357101621e-04
7.966424649999999386e-02,5.564980785120220760e-04
7.979473639999999646e-02,5.563591297652931058e-04
7.997706450000000022e-02,5.561646598700322559e-04
8.000307750000000551e-02,5.561368840123803768e-04
8.015897800000000573e-02,5.559702580283945811e-04
8.021087740000000521e-02,5.559147271413672096e-04
8.028866380000000691e-02,5.558314412223500089e-04
8.036637480000000111e-02,5.557481677954579811e-04
8.039226180000000332e-02,5.557204127622039722e-04
8.046987279999999465e-02,5.556371559885805523e-04
8.049572650000000329e-02,5.556094065058535952e-04
8.070225790000000454e-02,5.553874605867671448e-04
8.077957099999999446e-02,5.553042537529335500e-04
8.083107209999999820e-02,5.552487894639778539e-04
8.090826210000000296e-02,5.551656034295368494e-04
8.098537860000000477e-02,5.550824298722388615e-04
8.121628870000000000e-02,5.548329840444298205e-04
8.124190489999999487e-02,5.548052747698505472e-04
8.129311300000000018e-02,5.547498603769500207e-04
8.144654410000000400e-02,5.545836504434291381e-04
8.152315139999999349e-02,5.545005641736517861e-04
8.159968680000000141e-02,5.544174903660308495e-04
8.162518259999999859e-02,5.543898018658620884e-04
8.165067049999999438e-02,5.543621147501084792e-04
8.170162240000000686e-02,5.543067446715389118e-04
8.182886339999999314e-02,5.541683436973901663e-04
8.193051390000000156e-02,5.540576478278333135e-04
8.200666909999999865e-02,5.539746404534495435e-04
8.205739989999999429e-02,5.539193091208137378e-04
8.210809939999999529e-02,5.538639833210935292e-04
8.213343739999999504e-02,5.538363224959018784e-04
8.223471150000000174e-02,5.537256930246812906e-04
8.233586090000000191e-02,5.536150856773648654e-04
8.251257400000000519e-02,5.534215760419019083e-04
8.253778790000000642e-02,5.533939373367605151e-04
8.261338329999999563e-02,5.533110295125225411e-04
8.266374179999999572e-02,5.532557645383436593e-04
8.283975550000000077e-02,5.530623806445020274e-04
8.304045720000000075e-02,5.528414533437965182e-04
8.306551080000000586e-02,5.528138436443236518e-04
8.321567409999999776e-02,5.526482144347870775e-04
8.324067490000000569e-02,5.526206143970971950e-04
8.326566829999999808e-02,5.525930157393932817e-04
8.334060340000000455e-02,5.525102280454492580e-04
8.363967260000000625e-02,5.521792014242640680e-04
8.366454680000000310e-02,5.521516248368274265e-04
8.371427300000000571e-02,5.520964757982982970e-04
8.373912499999999759e-02,5.520689033470621522e-04
8.386327459999999567e-02,5.519310617684874314e-04
8.393767620000000540e-02,5.518483733609277518e-04
8.401201190000000263e-02,5.517656973557795268e-04
8.403677589999999920e-02,5.517381414431670426e-04
8.411102400000000645e-02,5.516554819716727124e-04
8.425932399999999656e-02,5.514902002210244052e-04
8.433337620000000423e-02,5.514075779381518317e-04
8.445665230000000412e-02,5.512699016712966108e-04
8.453053160000000010e-02,5.511873124309014287e-04
8.462893709999999570e-02,5.510772127128765784e-04
8.484993209999999730e-02,5.508295688433663666e-04
8.489896399999999343e-02,5.507745520045905516e-04
8.492346929999999849e-02,5.507470456482682370e-04
8.502141990000000593e-02,5.506370339751952498e-04
8.511925789999999492e-02,5.505270443023559286e-04
8.519256259999999359e-02,5.504445664827137957e-04
8.521698349999999589e-02,5.504170766253261866e-04
8.524139740000000187e-02,5.503895881423999945e-04
8.541209930000000228e-02,5.501972072411197637e-04
8.543645739999999877e-02,5.501697297514206251e-04
8.563107309999999639e-02,5.499499592864790171e-04
8.567965800000000576e-02,5.498950304045653733e-04
8.570394000000000623e-02,5.498675680233707430e-04
8.577674509999999586e-02,5.497851891180614977e-04
8.580099970000000520e-02,5.497577322288119822e-04
8.589794970000000363e-02,5.496479183992589905e-04
8.599479040000000685e-02,5.495381265303245439e-04
8.606734940000000667e-02,5.494557970376271047e-04
8.609152209999999805e-02,5.494283566175985414e-04
8.628466029999999620e-02,5.492088826432210214e-04
8.645330230000000671e-02,5.490169149174207314e-04
8.654952159999999839e-02,5.489072492367109762e-04
8.657355969999999679e-02,5.488798362434176665e-04
8.659759109999999593e-02,5.488524246207340373e-04
8.666964550000000322e-02,5.487701979757116360e-04
8.674163999999999486e-02,5.486879836637607562e-04
8.678960310000000122e-02,5.486331809732450469e-04
8.686149819999999799e-02,5.485509872122983164e-04
8.698119120000000204e-02,5.484140250056631196e-04
8.714848529999999482e-02,5.482223354313537104e-04
8.722008450000000301e-02,5.481402032925694308e-04
8.731545890000000365e-02,5.480307129365944406e-04
8.760095880000000335e-02,5.477023732261994664e-04
8.762470840000000094e-02,5.476750204751383664e-04
8.771964279999999725e-02,5.475656231462442064e-04
8.774336039999999781e-02,5.475382772325153476e-04
8.781447459999999761e-02,5.474562476945824940e-04
8.788553120000000551e-02,5.473742304601208163e-04
8.793287040000000165e-02,5.473195591381646921e-04
8.800383150000000432e-02,5.472375624054035036e-04
8.807473540000000656e-02,5.471555779711790701e-04
8.809835729999999920e-02,5.471282525591281490e-04
8.826353389999999632e-02,5.469370129254523191e-04
8.828710539999999607e-02,5.469096984413509156e-04
8.831067049999999363e-02,5.468823853229188084e-04
8.838132819999999779e-02,5.468004541610746970e-04
8.849896570000000129e-02,5.466639295319868303e-04
8.856947319999999846e-02,5.465820311359162118e-04
8.866339600000000543e-02,5.464728523822795546e-04
8.887435929999999706e-02,5.462272800085338697e-04
8.894456929999999817e-02,5.461454471046719127e-04
8.906146280000000470e-02,5.460090862060777272e-04
8.910817729999999381e-02,5.459545513911369299e-04
8.922485650000000490e-02,5.458182382102374488e-04
8.941122649999999616e-02,5.456002079908173121e-04
8.943449539999999420e-02,5.455729603449364137e-04
8.948101510000000536e-02,5.455184691401249045e-04
8.957398210000000471e-02,5.454095030763997203e-04
8.962042940000000679e-02,5.453550282163865557e-04
8.969005530000000170e-02,5.452733261396538935e-04
8.975962719999999728e-02,5.451916363172248144e-04
8.978280580000000399e-02,5.451644090992733378e-04
8.985230589999999851e-02,5.450827356130585411e-04
8.996801999999999577e-02,5.449466403573595148e-04
9.006048429999999327e-02,5.448377886471034073e-04
9.012977020000000061e-02,5.447561641498846301e-04
9.017593120000000351e-02,5.447017546199976485e-04
9.031427279999999780e-02,5.445385586719614585e-04
9.033730919999999331e-02,5.445113641068178483e-04
9.036033960000000587e-02,5.444841709013476796e-04
9.054437240000000331e-02,5.442666741980015273e-04
9.059032220000000357e-02,5.442123136142263578e-04
9.061328829999999723e-02,5.441851353607694494e-04
9.088842950000000642e-02,5.438591022913932902e-04
9.097995829999999673e-02,5.437504680649925433e-04
9.107139520000000210e-02,5.436418555630411842e-04
9.109424000000000687e-02,5.436147058314852627e-04
9.116274030000000306e-02,5.435332647811851655e-04
9.123118909999999859e-02,5.434518359459818409e-04
9.134515649999999654e-02,5.433161483603577042e-04
9.143622810000000267e-02,5.432076227126968150e-04
9.161809969999999692e-02,5.429906365211393214e-04
9.164080830000000122e-02,5.429635193493539264e-04
9.168620859999999928e-02,5.429092890731376624e-04
9.179961109999999758e-02,5.427737371056710718e-04
9.182227469999999780e-02,5.427466307784363031e-04
9.189023229999999931e-02,5.426653199280957436e-04
9.200338330000000509e-02,5.425298289445171229e-04
9.204860469999999462e-02,5.424756420346159552e-04
9.216156120000000562e-02,5.423401984639567366e-04
9.218413590000000546e-02,5.423131138128427188e-04
9.225182690000000019e-02,5.422318679843111684e-04
9.231946820000000442e-02,5.421506343415693216e-04
9.236453490000000321e-02,5.420964853487200306e-04
9.243209369999999536e-02,5.420152720115618957e-04
9.249960320000000236e-02,5.419340708553261558e-04
9.252209549999999838e-02,5.419070065098021381e-04
9.261200969999999755e-02,5.417987626586542394e-04
9.272427989999999787e-02,5.416634882843178803e-04
9.279157679999999742e-02,5.415823398909053307e-04
9.290363000000000093e-02,5.414471196146758251e-04
9.303791570000000122e-02,5.412848998988905973e-04
9.306027779999999361e-02,5.412578680106109371e-04
9.312733189999999883e-02,5.411767804547383629e-04
9.321666239999999715e-02,5.410686826319720168e-04
9.323898160000000657e-02,5.410416615541067693e-04
9.341734349999999965e-02,5.408255415614897582e-04
9.343961480000000097e-02,5.407985326401805459e-04
9.359536559999999394e-02,5.406095079981393771e-04
9.361759449999999816e-02,5.405825098780481577e-04
9.377304960000000522e-02,5.403935608294453989e-04
9.383959440000000374e-02,5.403126029077430850e-04
9.386176549999999952e-02,5.402856196322837912e-04
9.392824739999999784e-02,5.402046779002603067e-04
9.397254260000000026e-02,5.401507234902148784e-04
9.403894620000000093e-02,5.400698019907292612e-04
9.412741149999999390e-02,5.399619255376955727e-04
9.419370589999999377e-02,5.398810323552520260e-04
9.430409309999999989e-02,5.397462373455015616e-04
9.432615499999999487e-02,5.397192823870810858e-04
9.439230989999999877e-02,5.396384255977011235e-04
9.450246499999999383e-02,5.395036912308858856e-04
9.463448200000000587e-02,5.393420544458858972e-04
9.465646689999999974e-02,5.393151196957217137e-04
9.483216279999999443e-02,5.390996901690800047e-04
9.489796490000000639e-02,5.390189263097197332e-04
9.491988880000000461e-02,5.389920077152257757e-04
9.500753380000000192e-02,5.388843467952632955e-04
9.509509800000000290e-02,5.387767074048850288e-04
9.516071830000000231e-02,5.386959919882965781e-04
9.520444000000000129e-02,5.386421884363182906e-04
9.524814160000000252e-02,5.385883902643030796e-04
9.537912649999999437e-02,5.384270280227345913e-04
9.550993169999999477e-02,5.382657141815066961e-04
9.555349359999999737e-02,5.382119536542161707e-04
9.559703569999999928e-02,5.381581985026005939e-04
9.561879930000000138e-02,5.381313229424909608e-04
9.579273010000000088e-02,5.379163668297065213e-04
9.587957719999999628e-02,5.378089210116913628e-04
9.590127669999999604e-02,5.377820629146309655e-04
9.596634569999999698e-02,5.377014966801977507e-04
9.603137069999999331e-02,5.376209425295247436e-04
9.607469620000000377e-02,5.375672464746985863e-04
9.613964780000000543e-02,5.374867124595602034e-04
9.622618180000000465e-02,5.373793525618121483e-04
9.629103129999999622e-02,5.372988467279802291e-04
9.642059930000000667e-02,5.371378712825037498e-04
9.648531809999999487e-02,5.370574016672564942e-04
9.665768969999999349e-02,5.368428750268361936e-04
9.672224980000000694e-02,5.367624496565962270e-04
9.674376029999999516e-02,5.367356438805199635e-04
9.676526600000000256e-02,5.367088394446605914e-04
9.691567219999999705e-02,5.365212459142071648e-04
9.693713980000000230e-02,5.364944521977010406e-04
9.698006060000000095e-02,5.364408687834753978e-04
9.717296979999999473e-02,5.361998097161588218e-04
9.725858440000000049e-02,5.360927071666842089e-04
9.732274600000000164e-02,5.360123943102573958e-04
9.742958790000000313e-02,5.358785663168409100e-04
9.751497720000000535e-02,5.357715280078895713e-04
9.762160879999999541e-02,5.356377602218796372e-04
9.768553189999999720e-02,5.355575156004951150e-04
9.777069770000000604e-02,5.354505414934821383e-04
9.791955950000000297e-02,5.352633882783074159e-04
9.794080700000000472e-02,5.352366574513965159e-04
9.796204990000000057e-02,5.352099279609550710e-04
9.800452190000000230e-02,5.351564729892015811e-04
9.802575099999999431e-02,5.351297475077665877e-04
9.808941070000000428e-02,5.350495790804015838e-04
9.811062140000000042e-02,5.350228589433644747e-04
9.813182759999999893e-02,5.349961401422800899e-04
9.825896829999999915e-02,5.348358553865790576e-04
9.844937149999999360e-02,5.345955183925049344e-04
9.847050470000000277e-02,5.345688209572707194e-04
9.853387700000000582e-02,5.344887366600766443e-04
9.859720869999999415e-02,5.344086643742731492e-04
9.868158759999999530e-02,5.343019200077718349e-04
9.870267110000000010e-02,5.342752372516432072e-04
9.876589439999999831e-02,5.341951969873580701e-04
9.887117689999999626e-02,5.340618232232576370e-04
9.895532220000000101e-02,5.339551482159001850e-04
9.903939609999999616e-02,5.338484945407567231e-04
9.914438809999999436e-02,5.337152074387045957e-04
9.927023199999999992e-02,5.335553068933462494e-04
9.935403930000000217e-02,5.334487331758946222e-04
9.945869920000000031e-02,5.333155459984710708e-04
9.947961800000000576e-02,5.332889125582394039e-04
9.954234789999999444e-02,5.332090202268428619e-04
9.960503830000000391e-02,5.331291398779954959e-04
9.962592630000000060e-02,5.331025157575195166e-04
9.964681000000000233e-02,5.330758929681819703e-04
9.970943470000000197e-02,5.329960325862618045e-04
9.979287320000000683e-02,5.328895707087920059e-04
9.995954120000000165e-02,5.326767108181535175e-04
9.998035519999999565e-02,5.326501093178093258e-04
1.000219702000000044e-01,5.325969103070439178e-04
1.000427710999999970e-01,5.325703127964803458e-04
1.001467112000000020e-01,5.324373451893043034e-04
1.002920464000000011e-01,5.322512463748669837e-04
1.003542684999999962e-01,5.321715096764161003e-04
1.003750006000000000e-01,5.321449334346159714e-04
1.004578862999999933e-01,5.320386417540615446e-04
1.004785970000000028e-01,5.320120721552465144e-04
1.006441294999999986e-01,5.317995631815844925e-04
1.007061340000000027e-01,5.317198942280946172e-04
1.007681004000000047e-01,5.316402372236307119e-04
1.007887474000000033e-01,5.316136875438363246e-04
1.009331579999999950e-01,5.314278769487793333e-04
1.009743802999999995e-01,5.313748001507756459e-04
1.010155856999999935e-01,5.313217286599861535e-04
1.011391013000000061e-01,5.311625460256057599e-04
1.012830123999999971e-01,5.309768932965758768e-04
1.013035545000000037e-01,5.309503767819155401e-04
1.013446261000000015e-01,5.308973477297465908e-04
1.014472322999999954e-01,5.307647982963083731e-04
1.014677410999999946e-01,5.307382923857264156e-04
1.015292426999999942e-01,5.306587826049730550e-04
1.016316624999999974e-01,5.305262928030702240e-04
1.018566236999999958e-01,5.302349317991472601e-04
1.019587146000000000e-01,5.301025479425354892e-04
1.019995224000000006e-01,5.300496036657047650e-04
1.020199202000000027e-01,5.300231335125516179e-04
1.020810889999999999e-01,5.299437309933546650e-04
1.021829558000000027e-01,5.298114199249550921e-04
1.022440270999999956e-01,5.297320491591419158e-04
1.023253987999999948e-01,5.296262399887761941e-04
1.024270225000000062e-01,5.294940082799699538e-04
1.024473352000000032e-01,5.294675659047648258e-04
1.025082489999999957e-01,5.293882467110725722e-04
1.025894110999999997e-01,5.292825062914907792e-04
1.026705091000000014e-01,5.291767870170101728e-04
1.027312905999999970e-01,5.290975114350593075e-04
1.029134196000000001e-01,5.288597560217537857e-04
1.029740576000000019e-01,5.287805279888719862e-04
1.029942623999999946e-01,5.287541212852873550e-04
1.030952267999999949e-01,5.286221075697534197e-04
1.031557580000000002e-01,5.285429151799400866e-04
1.032162536999999963e-01,5.284637346675791171e-04
1.032364110999999945e-01,5.284373438025946655e-04
1.032968595999999989e-01,5.283581791240625188e-04
1.034176504999999996e-01,5.281998853851018524e-04
1.035784859999999974e-01,5.279889009201149458e-04
1.036387349999999957e-01,5.279098035000130695e-04
1.038593488000000009e-01,5.276198811089717047e-04
1.038793813000000038e-01,5.275935324337157435e-04
1.038994099999999976e-01,5.275671850758198488e-04
1.039594729999999967e-01,5.274881509054979521e-04
1.040195012999999974e-01,5.274091285888810304e-04
1.040395030000000054e-01,5.273827904505165240e-04
1.040595009000000043e-01,5.273564536289667305e-04
1.041194715000000048e-01,5.272774510645539129e-04
1.041993786000000033e-01,5.271721327433905122e-04
1.042193458000000017e-01,5.271458064539800070e-04
1.042592687999999990e-01,5.270931578237653039e-04
1.043590092999999996e-01,5.269615592785971197e-04
1.044387331999999946e-01,5.268563041265451538e-04
1.044984860999999959e-01,5.267773765754414856e-04
1.045383024999999994e-01,5.267247647846385120e-04
1.045781035999999997e-01,5.266721582544999468e-04
1.046775404000000048e-01,5.265406649411418991e-04
1.047570218000000025e-01,5.264354939555406518e-04
1.048562888999999970e-01,5.263040597980392496e-04
1.048959693999999970e-01,5.262514953342819872e-04
1.049158040000000014e-01,5.262252150734162814e-04
1.050149209999999972e-01,5.260938334765164750e-04
1.051535277999999934e-01,5.259099544097049902e-04
1.052919521000000025e-01,5.257261396861549101e-04
1.053117120999999962e-01,5.256998856911208363e-04
1.053907153000000069e-01,5.255948828363862400e-04
1.055485441999999968e-01,5.253849401149881864e-04
1.056470674999999970e-01,5.252537685501817684e-04
1.057848460000000018e-01,5.250701834400332228e-04
1.058045140000000023e-01,5.250439622403505445e-04
1.058438389999999951e-01,5.249915237738058370e-04
1.058634960999999958e-01,5.249653065068168476e-04
1.059224453000000010e-01,5.248866625701464417e-04
1.060206211000000037e-01,5.247556155528283403e-04
1.060794830000000022e-01,5.246770030658288184e-04
1.060990963999999953e-01,5.246508015236713137e-04
1.061579148000000028e-01,5.245722047567806003e-04
1.062558730999999951e-01,5.244412363400256230e-04
1.063928632000000069e-01,5.242579355517242847e-04
1.064319707999999975e-01,5.242055756798382447e-04
1.064906052999999991e-01,5.241270456883237753e-04
1.065687344999999980e-01,5.240223573539789462e-04
1.067443161000000001e-01,5.237868851369580211e-04
1.067832950000000003e-01,5.237345723652519656e-04
1.068027790999999949e-01,5.237084179409589755e-04
1.068806801000000001e-01,5.236038133193125950e-04
1.069001465000000012e-01,5.235776654324657536e-04
1.069585242999999963e-01,5.234992296153709573e-04
1.070363119999999946e-01,5.233946668249378747e-04
1.070557500000000051e-01,5.233685293945765371e-04
1.070946155999999982e-01,5.233162584540916942e-04
1.072111278000000001e-01,5.231594769898188823e-04
1.073275134000000047e-01,5.230027425503270579e-04
1.073662806000000025e-01,5.229505081846877977e-04
1.075018556999999958e-01,5.227677290317226224e-04
1.076565896000000050e-01,5.225589168857088570e-04
1.077145573999999939e-01,5.224806338609773492e-04
1.077338731000000022e-01,5.224545421285753171e-04
1.077917994999999934e-01,5.223762747580135016e-04
1.078882741999999950e-01,5.222458552251927049e-04
1.079653919999999934e-01,5.221415430705875780e-04
1.080231942000000056e-01,5.220633226436702636e-04
1.081194624000000049e-01,5.219329813346244721e-04
1.081387057999999984e-01,5.219069169826033886e-04
1.081964153999999956e-01,5.218287317449339657e-04
1.082733136999999984e-01,5.217245030018725699e-04
1.082925297000000009e-01,5.216984490728850165e-04
1.084077544000000004e-01,5.215421528511249337e-04
1.084269466000000043e-01,5.215161080388984374e-04
1.084461354000000044e-01,5.214900645288021112e-04
1.085803620999999941e-01,5.213077964123553768e-04
1.085995238000000002e-01,5.212817633169644985e-04
1.086378370999999954e-01,5.212297010307694652e-04
1.086569886000000040e-01,5.212036718398165578e-04
1.087526959000000015e-01,5.210735454040216858e-04
1.088100798000000008e-01,5.209954851553486293e-04
1.088674334999999993e-01,5.209174366141372872e-04
1.089629559000000053e-01,5.207873817239304457e-04
1.090393136000000068e-01,5.206833612176854035e-04
1.090583945999999971e-01,5.206573593413969152e-04
1.091156177999999949e-01,5.205793615122039251e-04
1.092109230999999958e-01,5.204493911250839032e-04
1.093442109999999967e-01,5.202674871586923308e-04
1.094773366000000026e-01,5.200856468436410333e-04
1.095723272999999942e-01,5.199557998621702091e-04
1.096292821999999972e-01,5.198779072525325099e-04
1.096672357000000042e-01,5.198259853363652525e-04
1.097810174999999944e-01,5.196702507354598096e-04
1.097999696000000053e-01,5.196442995103043487e-04
1.098568065000000010e-01,5.195664536192823877e-04
1.099703920999999945e-01,5.194107968613095655e-04
1.100271409999999950e-01,5.193329859908418777e-04
1.101594412999999939e-01,5.191514726734531432e-04
1.101783283000000030e-01,5.191255473849078553e-04
1.102349700999999960e-01,5.190477792959350941e-04
1.103293085000000007e-01,5.189181917325276895e-04
1.104047211000000056e-01,5.188145450035262871e-04
1.104235662999999978e-01,5.187886365598733422e-04
1.104612467999999958e-01,5.187368235583917318e-04
1.105742115999999997e-01,5.185814156361629118e-04
1.106306506999999995e-01,5.185037291555342565e-04
1.108373482000000049e-01,5.182189783969378804e-04
1.108561197000000054e-01,5.181930997289102602e-04
1.109311741999999962e-01,5.180895979943353708e-04
1.109874317999999943e-01,5.180119852759685305e-04
1.110249209999999986e-01,5.179602499306395873e-04
1.110811310999999940e-01,5.178826566117376374e-04
1.111560337000000037e-01,5.177792169554467760e-04
1.113056877000000028e-01,5.175723996921389753e-04
1.113243802999999976e-01,5.175465533500763935e-04
1.113617560000000062e-01,5.174948645424884506e-04
1.114364699999999958e-01,5.173915024316319642e-04
1.114738081999999963e-01,5.173398291273205267e-04
1.115297920000000026e-01,5.172623288582813136e-04
1.116043934999999959e-01,5.171590132467389920e-04
1.116789450999999961e-01,5.170557182948321310e-04
1.117534470000000058e-01,5.169524439984465088e-04
1.118278993000000054e-01,5.168491903534333173e-04
1.120323877999999940e-01,5.165653492795036199e-04
1.121994194000000000e-01,5.163332317542238892e-04
1.122179632000000066e-01,5.163074473647517176e-04
1.122550414000000052e-01,5.162558824530199143e-04
1.122735759000000055e-01,5.162301019306350571e-04
1.123476835000000035e-01,5.161269927295107900e-04
1.123662027999999952e-01,5.161012186509974110e-04
1.124217421999999938e-01,5.160239041466869927e-04
1.124957521999999932e-01,5.159208361780677661e-04
1.125142469999999978e-01,5.158950724063964639e-04
1.125512277000000061e-01,5.158435487271931198e-04
1.126436261999999994e-01,5.157147620669028706e-04
1.126620968000000000e-01,5.156890085979383897e-04
1.128466364999999999e-01,5.154315447128898168e-04
1.128650739000000014e-01,5.154058054034184669e-04
1.129387933000000066e-01,5.153028610333152109e-04
1.131044863999999955e-01,5.150713114593925401e-04
1.131412740999999944e-01,5.150198701462045713e-04
1.131596634999999934e-01,5.149941514184599740e-04
1.133066709999999977e-01,5.147884478802052183e-04
1.133617497000000002e-01,5.147113302625127033e-04
1.133801033000000069e-01,5.146856269602246995e-04
1.134351462999999977e-01,5.146085247633758230e-04
1.135451522999999935e-01,5.144543550587277712e-04
1.136550518000000037e-01,5.143002315946183529e-04
1.136916614000000048e-01,5.142488673798542749e-04
1.137465535999999944e-01,5.141718306871413680e-04
1.138014194000000062e-01,5.140948055481870619e-04
1.138379818999999959e-01,5.140434618734698608e-04
1.139658583000000003e-01,5.138637994366294535e-04
1.140388660999999970e-01,5.137611634139964759e-04
1.141300601999999942e-01,5.136328972465356189e-04
1.141847416999999948e-01,5.135559529354143463e-04
1.142393970000000064e-01,5.134790201641784404e-04
1.142576096000000041e-01,5.134533784712229810e-04
1.143122300999999952e-01,5.133764610838434817e-04
1.143304311000000045e-01,5.133508245183176447e-04
1.144032063000000043e-01,5.132482910725798871e-04
1.144213927999999936e-01,5.132226609148938037e-04
1.145304515000000051e-01,5.130689068755193288e-04
1.146938450999999970e-01,5.128383622791058555e-04
1.148388887000000025e-01,5.126335208186353666e-04
1.148570062999999947e-01,5.126079213963213215e-04
1.148932327999999947e-01,5.125567263911100799e-04
1.149656517000000044e-01,5.124543517367368198e-04
1.149837492999999933e-01,5.124287612719362166e-04
1.150561112000000052e-01,5.123264122060006837e-04
1.151284276999999939e-01,5.122240836062048929e-04
1.151826351999999942e-01,5.121473505848000290e-04
1.152909738000000017e-01,5.119939190647796595e-04
1.153992105999999962e-01,5.118405335636281271e-04
1.154352669999999942e-01,5.117894152872820091e-04
1.154713121999999953e-01,5.117383021220905546e-04
1.154893305000000009e-01,5.117127474560099511e-04
1.155433686999999959e-01,5.116360911231345289e-04
1.155613758999999990e-01,5.116105415670720198e-04
1.157053318999999997e-01,5.114061910975245800e-04
1.157233138000000050e-01,5.113806530352559433e-04
1.157772427999999992e-01,5.113040465087513543e-04
1.158670687000000060e-01,5.111763944952632923e-04
1.159209308000000022e-01,5.110998186027491648e-04
1.159747678999999976e-01,5.110232541948200218e-04
1.159927079999999999e-01,5.109977352773307883e-04
1.160465118000000018e-01,5.109211861794793951e-04
1.161182114000000043e-01,5.108191385740385587e-04
1.161540446000000060e-01,5.107681224237502681e-04
1.162793738999999965e-01,5.105896060642458678e-04
1.162972671000000041e-01,5.105641088268477335e-04
1.163509300000000052e-01,5.104876247626946020e-04
1.164224420999999954e-01,5.103856638536631487e-04
1.164403133000000007e-01,5.103601768122594537e-04
1.165653348000000034e-01,5.101818031968434128e-04
1.166902222999999933e-01,5.100034919960149760e-04
1.167258798999999958e-01,5.099525573994637562e-04
1.167793458999999978e-01,5.098761650534595425e-04
1.168327873999999988e-01,5.097997841644623298e-04
1.168505957999999983e-01,5.097743264138424090e-04
1.169040048000000026e-01,5.096979607982089332e-04
1.169218023000000023e-01,5.096725081381830828e-04
1.170640854000000036e-01,5.094689326624492328e-04
1.171529245999999996e-01,5.093417393316354786e-04
1.172061957999999959e-01,5.092654385936443238e-04
1.172771863999999969e-01,5.091637220766481254e-04
1.174190388000000002e-01,5.089603500571134292e-04
1.174367582999999993e-01,5.089349342735417260e-04
1.174721893000000017e-01,5.088841065182714458e-04
1.175607201000000018e-01,5.087570593630843076e-04
1.176845512999999954e-01,5.085792466925014932e-04
1.177022308000000017e-01,5.085538499619464414e-04
1.177199077000000010e-01,5.085284545010909044e-04
1.177552535000000039e-01,5.084776673882059148e-04
1.178612272999999960e-01,5.083253365155949131e-04
1.179141783999999998e-01,5.082491882132803614e-04
1.180552655000000062e-01,5.080461819020828679e-04
1.181961841000000041e-01,5.078432567699557847e-04
1.182665804000000015e-01,5.077418246358761074e-04
1.182841728999999981e-01,5.077164697716762733e-04
1.183193502000000064e-01,5.076657638459977639e-04
1.183369348999999959e-01,5.076404127843916949e-04
1.183896732999999979e-01,5.075643672037646360e-04
1.184248192000000033e-01,5.075136764862211167e-04
1.184775183999999953e-01,5.074376499128897952e-04
1.186003924000000043e-01,5.072602989137206444e-04
1.186880815999999950e-01,5.071336576235443766e-04
1.187056117000000049e-01,5.071083331641794423e-04
1.187581862999999988e-01,5.070323673822754599e-04
1.188107377000000020e-01,5.069564129933620865e-04
1.188282496999999993e-01,5.069310973952064446e-04
1.188457591000000035e-01,5.069057830626845593e-04
1.189507612999999991e-01,5.067539236422250728e-04
1.191604881999999976e-01,5.064503414280885785e-04
1.191779488000000026e-01,5.064250511305294069e-04
1.192652134000000003e-01,5.062986186070328638e-04
1.193872765999999946e-01,5.061216661624490980e-04
1.194395511999999937e-01,5.060458483558417367e-04
1.195266247000000004e-01,5.059195106123509774e-04
1.195440318000000057e-01,5.058942468532093197e-04
1.196831975000000048e-01,5.056921822441209132e-04
1.197353428999999997e-01,5.056164288492226997e-04
1.198048347999999957e-01,5.055154419952106147e-04
1.199436978999999931e-01,5.053135288634486586e-04
1.199957301000000032e-01,5.052378322569108090e-04
1.200130692000000027e-01,5.052126025776166023e-04
1.200650713000000064e-01,5.051369211074325117e-04
1.200997268999999951e-01,5.050864730998142838e-04
1.201516915000000046e-01,5.050108105458462259e-04
1.202382493999999968e-01,5.048847315049201541e-04
1.203593257999999999e-01,5.047082737873496506e-04
1.203766123999999993e-01,5.046830705827582992e-04
1.204284575999999968e-01,5.046074685288130931e-04
1.204802804999999949e-01,5.045318778132260908e-04
1.205148166999999992e-01,5.044814903010728371e-04
1.205493428999999950e-01,5.044311078269248612e-04
1.206356155000000013e-01,5.043051736795645763e-04
1.207045890999999954e-01,5.042044490251646654e-04
1.207735233000000047e-01,5.041037445116985970e-04
1.207907507000000047e-01,5.040785715298727251e-04
1.208251981000000030e-01,5.040282293416605778e-04
1.208424181999999958e-01,5.040030601351522211e-04
1.209800902000000011e-01,5.038017517766694639e-04
1.211004249000000033e-01,5.036256729987128060e-04
1.211691339000000034e-01,5.035250842174830320e-04
1.211863051000000024e-01,5.034999401651074668e-04
1.212034738000000028e-01,5.034747973697653329e-04
1.212549653999999977e-01,5.033993765254123802e-04
1.213064352000000068e-01,5.033239669922337555e-04
1.213407361999999934e-01,5.032737002532307715e-04
1.213921696000000022e-01,5.031983095681865715e-04
1.214607136000000059e-01,5.030978062425772420e-04
1.214778435000000018e-01,5.030726835514379158e-04
1.216147962999999943e-01,5.028717472321730594e-04
1.216661138000000031e-01,5.027964168295076660e-04
1.217174097000000010e-01,5.027210977244062854e-04
1.217515948999999958e-01,5.026708912632575155e-04
1.219394424999999949e-01,5.023948454439924579e-04
1.220076789999999939e-01,5.022945027789027387e-04
1.220247321999999995e-01,5.022694202478753022e-04
1.220758774000000046e-01,5.021941801782869733e-04
1.222121599000000058e-01,5.019935951544286182e-04
1.222632267000000050e-01,5.019183964512766074e-04
1.222802442999999933e-01,5.018933327231622820e-04
1.223993007000000049e-01,5.017179217075065905e-04
1.224162993000000033e-01,5.016928680018269701e-04
1.224332954999999973e-01,5.016678155486712590e-04
1.224672809999999973e-01,5.016177143997117968e-04
1.225522032999999955e-01,5.014924834420578454e-04
1.225691807000000022e-01,5.014674410068547476e-04
1.226200987999999936e-01,5.013923212127484839e-04
1.226709956999999934e-01,5.013172126845536012e-04
1.226879567000000032e-01,5.012921790117727148e-04
1.227388254999999956e-01,5.012170855022249653e-04
1.228235601000000066e-01,5.010919546788510049e-04
1.228405000000000052e-01,5.010669322674952877e-04
1.230097705999999985e-01,5.008167769461924516e-04
1.230266849000000023e-01,5.007917682919466604e-04
1.231619152999999939e-01,5.005917440622287056e-04
1.232294748999999967e-01,5.004917619438264357e-04
1.232463589999999998e-01,5.004667695381847777e-04
1.232969973999999969e-01,5.003917998177311293e-04
1.233476151000000021e-01,5.003168413407064119e-04
1.234824939999999982e-01,5.001170070235712957e-04
1.234993434999999973e-01,5.000920333532128193e-04
1.236340570000000055e-01,4.998922889316946951e-04
1.237013586999999998e-01,4.997924466753603159e-04
1.237686238000000050e-01,4.996926243833390169e-04
1.238862498000000006e-01,4.995179833993837297e-04
1.239198366999999940e-01,4.994680972000733847e-04
1.240373193999999984e-01,4.992935347783643242e-04
1.240540935000000039e-01,4.992686022761235907e-04
1.240876350000000017e-01,4.992187410109530680e-04
1.241044023999999940e-01,4.991938122479085702e-04
1.241882051999999986e-01,4.990691871254735248e-04
1.242384596999999979e-01,4.989944270040161303e-04
1.242886938999999968e-01,4.989196780945008092e-04
1.243556412999999999e-01,4.988200303197295538e-04
1.244392748999999937e-01,4.986954986208160315e-04
1.244559949000000054e-01,4.986705960163589826e-04
1.245061412999999978e-01,4.985958956725068713e-04
1.245562676000000063e-01,4.985212065316357941e-04
1.245896739000000031e-01,4.984714199940825947e-04
1.246397665999999932e-01,4.983967495210836702e-04
1.247065254999999984e-01,4.982972063099830708e-04
1.248232677000000040e-01,4.981230535832233087e-04
1.248566024999999968e-01,4.980733068545387674e-04
1.248899284999999970e-01,4.980235650997542072e-04
1.249898531000000063e-01,4.978743696735551515e-04
1.250397853999999920e-01,4.977997887413740212e-04
1.251063309000000068e-01,4.977003648971450606e-04
1.251562167999999975e-01,4.976258100607902765e-04
1.252393156999999924e-01,4.975015768463026235e-04
1.252559289000000076e-01,4.974767339297744362e-04
1.253887550999999989e-01,4.972780353033219840e-04
1.255048625999999889e-01,4.971042391837912112e-04
1.255711616000000086e-01,4.970049544197947160e-04
1.256374255999999912e-01,4.969056895084804359e-04
1.256871006999999985e-01,4.968312538509363522e-04
1.257036547000000004e-01,4.968064444458998152e-04
1.257863919999999969e-01,4.966824160238594854e-04
1.258360081999999880e-01,4.966080138509797702e-04
1.259021328999999911e-01,4.965088283107433427e-04
1.259517035000000118e-01,4.964344521710523615e-04
1.260177674000000081e-01,4.963353013356525947e-04
1.261002985999999937e-01,4.962113906710734906e-04
1.261662846999999921e-01,4.961122844383449981e-04
1.261827758000000077e-01,4.960875109767178427e-04
1.262981534000000017e-01,4.959141314197700002e-04
1.264463413999999952e-01,4.956913039841838887e-04
1.264792483999999939e-01,4.956418003904243010e-04
1.264956988000000004e-01,4.956170504496740150e-04
1.265450368999999908e-01,4.955428080510339284e-04
1.266272243999999880e-01,4.954190954618484764e-04
1.266765113999999970e-01,4.953448827507546479e-04
1.267421974000000062e-01,4.952459497819371864e-04
1.268242572000000123e-01,4.951223113892818392e-04
1.268406628000000036e-01,4.950975874192540876e-04
1.268898668000000007e-01,4.950234229250155722e-04
1.269390516999999996e-01,4.949492695533068204e-04
1.269718310999999877e-01,4.948998401505119108e-04
1.270209843000000005e-01,4.948257053126119782e-04
1.270701184999999955e-01,4.947515815927730530e-04
1.270864922999999924e-01,4.947268761565458807e-04
1.272174071999999934e-01,4.945292771249541232e-04
1.272337621000000085e-01,4.945045828023559567e-04
1.272828141000000024e-01,4.944305072414986084e-04
1.273481874999999874e-01,4.943317571076930343e-04
1.273645256000000003e-01,4.943070726596510102e-04
1.274625101000000094e-01,4.941589918841341475e-04
1.275277914000000068e-01,4.940602960413805877e-04
1.276745521000000050e-01,4.938383025445666806e-04
1.277234348000000075e-01,4.937643269061736239e-04
1.277560128999999933e-01,4.937150159774341502e-04
1.277885826999999863e-01,4.936657099789311257e-04
1.278048645000000039e-01,4.936410588283759397e-04
1.278699709999999989e-01,4.935424665492992198e-04
1.280488429999999955e-01,4.932714394205944082e-04
1.281138253999999921e-01,4.931729210489116735e-04
1.281463043000000135e-01,4.931236692505461911e-04
1.283896338999999942e-01,4.927544376916869091e-04
1.284544438999999927e-01,4.926560226972160218e-04
1.285192213000000139e-01,4.925576273813231289e-04
1.285354105000000025e-01,4.925330316266747716e-04
1.285839659999999940e-01,4.924592517400893819e-04
1.286486780999999968e-01,4.923608957695439986e-04
1.286648511000000050e-01,4.923363098499973414e-04
1.287780048000000122e-01,4.921642428248210275e-04
1.287941615000000040e-01,4.921396667364442111e-04
1.288264688999999907e-01,4.920905182454713171e-04
1.288426195000000052e-01,4.920659458427689877e-04
1.289233422999999934e-01,4.919431022545085741e-04
1.290201430000000038e-01,4.917957304761526056e-04
1.290362693999999866e-01,4.917711728106136972e-04
1.291007547999999949e-01,4.916729544247645540e-04
1.291813162999999876e-01,4.915502090596659494e-04
1.292296290999999930e-01,4.914765765668263143e-04
1.293101103000000029e-01,4.913538802838108340e-04
1.293583749999999977e-01,4.912802772343533931e-04
1.295512538999999963e-01,4.909859754020379913e-04
1.295673142000000055e-01,4.909614582180835303e-04
1.295994287999999994e-01,4.909124275270953554e-04
1.296636341000000081e-01,4.908143808512043134e-04
1.296796805000000052e-01,4.907898722456494533e-04
1.297438461000000043e-01,4.906918500752204156e-04
1.298079799999999895e-01,4.905938475047350077e-04
1.298240085000000044e-01,4.905693499241323662e-04
1.298560595999999900e-01,4.905203584369722007e-04
1.299361528000000099e-01,4.903979011478826070e-04
1.299521654999999942e-01,4.903734133631051408e-04
1.301121842999999889e-01,4.901286028361030245e-04
1.301281753000000097e-01,4.901041285141156858e-04
1.301761367000000003e-01,4.900307128891612457e-04
1.301921198999999862e-01,4.900062434609379035e-04
1.303358805000000009e-01,4.897860736472002931e-04
1.303678057000000057e-01,4.897371604735134554e-04
1.304635345999999863e-01,4.895904502931132688e-04
1.305113727999999973e-01,4.895171117040004018e-04
1.305591932999999871e-01,4.894437841133611510e-04
1.305751296999999866e-01,4.894193440270047440e-04
1.306229268999999915e-01,4.893460310985006060e-04
1.307025501999999895e-01,4.892238673161055469e-04
1.307184690000000038e-01,4.891994382238379173e-04
1.308139412999999862e-01,4.890528893145930150e-04
1.308298465000000133e-01,4.890284687698720619e-04
1.308457499000000024e-01,4.890040494460138210e-04
1.309570191999999966e-01,4.888331483570583415e-04
1.309729071000000078e-01,4.888087387976705828e-04
1.310840685000000116e-01,4.886379060463634690e-04
1.311316801999999893e-01,4.885647103091540853e-04
1.311475470000000032e-01,4.885403141695310834e-04
1.312268518999999967e-01,4.884183517643191823e-04
1.312744117999999904e-01,4.883451889533873885e-04
1.313377983000000027e-01,4.882476556062461878e-04
1.313853181000000092e-01,4.881745183943621237e-04
1.314011542000000088e-01,4.881501417612044667e-04
1.314644795999999893e-01,4.880526474143551401e-04
1.315277744999999998e-01,4.879551725617664571e-04
1.315752256000000120e-01,4.878820792130933079e-04
1.316068501999999862e-01,4.878333564039146440e-04
1.316542729000000078e-01,4.877602813238343508e-04
1.317016785000000023e-01,4.876872172026875253e-04
1.318280101000000037e-01,4.874924331108941144e-04
1.318437929999999869e-01,4.874680905765027485e-04
1.318595740999999877e-01,4.874437492590823510e-04
1.319069059000000099e-01,4.873707326077103270e-04
1.321118145000000077e-01,4.870544536326900081e-04
1.321433106999999885e-01,4.870058135706117485e-04
1.322220182999999938e-01,4.868842346904016976e-04
1.322849506999999869e-01,4.867869934650148546e-04
1.323635740999999921e-01,4.866654692754199046e-04
1.323950104000000128e-01,4.866168681044637928e-04
1.324735684999999996e-01,4.864953864349747144e-04
1.325991646999999940e-01,4.863010789144699207e-04
1.326148558999999949e-01,4.862767959380784170e-04
1.326619182000000063e-01,4.862039542923771011e-04
1.327089637999999960e-01,4.861311235706013405e-04
1.327403182999999931e-01,4.860825758240815988e-04
1.328343374000000021e-01,4.859369617057330789e-04
1.328500008000000066e-01,4.859126969321959466e-04
1.328969798999999896e-01,4.858399098896175436e-04
1.329908881999999903e-01,4.856943685499060361e-04
1.330378174999999885e-01,4.856216142495141451e-04
1.331159962000000030e-01,4.855003813275432555e-04
1.331628814999999966e-01,4.854276561189390998e-04
1.332097502000000044e-01,4.853549418167688490e-04
1.332253693999999877e-01,4.853307061393885699e-04
1.333502575000000134e-01,4.851368643323388809e-04
1.333658601999999915e-01,4.851126395570000242e-04
1.333970603000000088e-01,4.850641936394390133e-04
1.334906168999999976e-01,4.849188849467527939e-04
1.335373705000000022e-01,4.848462469436419530e-04
1.335996832999999939e-01,4.847494132177290532e-04
1.336463988000000103e-01,4.846768006298612019e-04
1.336619671000000009e-01,4.846525988538791046e-04
1.337242217999999871e-01,4.845558038481775410e-04
1.338330979000000032e-01,4.843864591571282329e-04
1.338641891000000028e-01,4.843380858435396979e-04
1.340971431999999908e-01,4.839754401183667056e-04
1.341126591000000035e-01,4.839512734044754800e-04
1.341591960000000083e-01,4.838787805113273677e-04
1.342057167000000051e-01,4.838062984897065124e-04
1.342212201000000105e-01,4.837821402314701914e-04
1.342367215999999974e-01,4.837579831809130093e-04
1.343451823000000045e-01,4.835889176378076106e-04
1.343606696000000100e-01,4.835647702467405417e-04
1.344845033000000023e-01,4.833716345709832885e-04
1.345309115999999972e-01,4.832992286044811791e-04
1.345773037999999922e-01,4.832268334964170790e-04
1.346391352999999902e-01,4.831303235738613534e-04
1.346545888000000024e-01,4.831061991085718803e-04
1.347009383999999976e-01,4.830338329485382221e-04
1.347163848000000053e-01,4.830097133069582147e-04
1.347781523999999898e-01,4.829132467976938428e-04
1.348398918000000002e-01,4.828167995769684444e-04
1.348861778000000067e-01,4.827444768171953852e-04
1.349016029000000005e-01,4.827203716409148330e-04
1.350249404999999958e-01,4.825275736073503219e-04
1.350711631000000024e-01,4.824552942218034569e-04
1.350865670999999990e-01,4.824312035021379006e-04
1.351327686000000083e-01,4.823589385688675964e-04
1.351943459999999930e-01,4.822626021822410953e-04
1.352251241999999909e-01,4.822144412126220625e-04
1.352712784000000001e-01,4.821422087864107061e-04
1.353942793000000033e-01,4.819496419373123512e-04
1.354557378000000034e-01,4.818533873896219230e-04
1.354710980999999925e-01,4.818293267600364796e-04
1.355939177000000107e-01,4.816368850199698745e-04
1.356246051999999980e-01,4.815887866095267802e-04
1.356399463000000083e-01,4.815647392076581644e-04
1.357166260999999874e-01,4.814445202295913732e-04
1.358085847000000124e-01,4.813002971165276597e-04
1.358698557999999945e-01,4.812041724052290321e-04
1.358851692999999972e-01,4.811801442306857688e-04
1.359464059000000113e-01,4.810840435439180953e-04
1.359617106999999880e-01,4.810600213747623713e-04
1.360840875000000061e-01,4.808678872487453962e-04
1.361299504000000049e-01,4.807958567599873441e-04
1.361757979000000063e-01,4.807238370733353549e-04
1.361910769999999937e-01,4.806998329113214155e-04
1.363590336999999930e-01,4.804358663155075342e-04
1.363742921999999969e-01,4.804118765494438470e-04
1.364505592999999961e-01,4.802919457071017540e-04
1.364962990999999959e-01,4.802200015898426305e-04
1.365572616000000072e-01,4.801240928830218164e-04
1.366791052000000117e-01,4.799323329961437600e-04
1.366943280000000038e-01,4.799083684022604395e-04
1.367399861999999966e-01,4.798364818083988739e-04
1.367856292000000085e-01,4.797646059950744159e-04
1.368160494000000005e-01,4.797166947745537383e-04
1.368464628999999932e-01,4.796687883441876077e-04
1.369224669999999922e-01,4.795490432219639437e-04
1.370439857999999900e-01,4.793575132732785056e-04
1.370591680999999895e-01,4.793335774151598208e-04
1.370895276000000107e-01,4.792857092886573518e-04
1.371047048000000046e-01,4.792617770201081182e-04
1.371502263999999915e-01,4.791899873925912828e-04
1.372260621999999985e-01,4.790703619369474325e-04
1.374078974000000064e-01,4.787833828127757143e-04
1.374230395000000104e-01,4.787594756559679973e-04
1.375289872999999885e-01,4.785921590189935715e-04
1.375441161000000023e-01,4.785682614216579919e-04
1.375894923000000047e-01,4.784965757973115986e-04
1.376348535999999956e-01,4.784249009233242501e-04
1.376499707000000128e-01,4.784010116873562042e-04
1.377708478000000125e-01,4.782099407872553382e-04
1.377859499999999904e-01,4.781860622973107752e-04
1.379067079000000084e-01,4.779950773461027688e-04
1.379519649000000014e-01,4.779234776793057763e-04
1.380575068000000072e-01,4.777564535439666224e-04
1.380725775999999960e-01,4.777325977241856573e-04
1.381479070999999947e-01,4.776133365127279980e-04
1.381930851000000016e-01,4.775417940935972484e-04
1.382683489000000043e-01,4.774225805694280061e-04
1.383134874999999986e-01,4.773510667569494598e-04
1.384788700000000039e-01,4.770889411866640565e-04
1.385089183000000057e-01,4.770412974768517339e-04
1.385389600999999971e-01,4.769936585304073882e-04
1.385990242000000039e-01,4.768983949257467412e-04
1.386290464000000111e-01,4.768507702665258723e-04
1.386740676999999866e-01,4.767793422052977190e-04
1.387190742999999948e-01,4.767079248557270382e-04
1.387340732000000021e-01,4.766841214526224327e-04
1.387490705999999963e-01,4.766603192394985584e-04
1.387790603999999872e-01,4.766127183827805727e-04
1.388540065999999962e-01,4.764937370609392798e-04
1.389139343999999943e-01,4.763985734143142965e-04
1.389588633000000129e-01,4.763272131664727225e-04
1.390337125999999979e-01,4.762083032003715396e-04
1.390935630000000034e-01,4.761131966254506897e-04
1.392131866000000107e-01,4.759230405207333652e-04
1.392281324000000098e-01,4.758992763544559802e-04
1.392580190000000107e-01,4.758517515857847192e-04
1.393476405000000085e-01,4.757092057866400565e-04
1.394372043000000061e-01,4.755667027377638340e-04
1.394521260000000096e-01,4.755429563849796967e-04
1.395565333999999880e-01,4.753767651508526270e-04
1.395863497000000009e-01,4.753292926220672315e-04
1.396310622999999973e-01,4.752580927279180588e-04
1.396757604999999958e-01,4.751869035111674130e-04
1.396906566999999988e-01,4.751631761447525559e-04
1.397502257999999886e-01,4.750682785398570719e-04
1.398246513999999996e-01,4.749496832161063118e-04
1.399287808000000133e-01,4.747836995567211423e-04
1.399436501000000110e-01,4.747599923466320582e-04
1.399882484999999954e-01,4.746888778268862873e-04
1.400625477000000119e-01,4.745703773256170453e-04
1.401071081999999968e-01,4.744992912412393212e-04
1.401665002999999965e-01,4.744045263778424028e-04
1.402110277999999988e-01,4.743334651650404519e-04
1.402852089999999941e-01,4.742150534909509254e-04
1.403445257000000002e-01,4.741203454598488993e-04
1.403889966999999905e-01,4.740493268638146479e-04
1.405075174000000038e-01,4.738599960043189826e-04
1.405223254999999893e-01,4.738363349704693799e-04
1.406407338000000007e-01,4.736470892762682902e-04
1.406555278999999936e-01,4.736234388856841991e-04
1.406851112999999986e-01,4.735761416513218779e-04
1.407590425999999950e-01,4.734579192523397659e-04
1.407738242000000084e-01,4.734342783184076618e-04
1.408181597000000007e-01,4.733633626072849925e-04
1.408624812000000004e-01,4.732924575308738589e-04
1.408920210999999867e-01,4.732451933873512307e-04
1.409215548999999956e-01,4.731979339692010396e-04
1.409953622000000018e-01,4.730798060941939463e-04
1.410101189999999893e-01,4.730561840622071182e-04
1.411281181000000051e-01,4.728672503127245115e-04
1.411723423000000033e-01,4.727964196348702461e-04
1.412312863999999890e-01,4.727019952538052722e-04
1.412902058999999932e-01,4.726075897525016051e-04
1.413491007999999882e-01,4.725132031271552131e-04
1.413638207000000035e-01,4.724896094197619236e-04
1.413932558999999867e-01,4.724424255432344943e-04
1.414079712000000100e-01,4.724188353739892238e-04
1.414521079000000126e-01,4.723480719417076212e-04
1.414815248000000081e-01,4.723009022157715893e-04
1.415256386000000033e-01,4.722301564690610390e-04
1.415844356000000026e-01,4.721358453097790884e-04
1.416285173000000064e-01,4.720651243154462572e-04
1.417019563999999954e-01,4.719472795585944402e-04
1.418340509000000083e-01,4.717352332113216012e-04
1.419220455000000103e-01,4.715939219728231425e-04
1.419513649999999960e-01,4.715468276449811830e-04
1.420539353999999976e-01,4.713820345729042801e-04
1.420685821999999876e-01,4.713584974126481890e-04
1.420978713999999921e-01,4.713114266219749172e-04
1.422295982000000014e-01,4.710996662940139914e-04
1.423319681000000114e-01,4.709350296735189756e-04
1.423465864000000025e-01,4.709115148590258741e-04
1.424196550999999866e-01,4.707939584179245628e-04
1.424634784000000098e-01,4.707234386562430422e-04
1.425072881999999985e-01,4.706529294698518395e-04
1.425364872999999866e-01,4.706059292199769764e-04
1.425802747000000092e-01,4.705354376555872338e-04
1.426386369000000043e-01,4.704414653466261866e-04
1.427407133999999966e-01,4.702770590153369529e-04
1.427990101000000123e-01,4.701831383677539892e-04
1.428135805000000091e-01,4.701596611401986816e-04
1.428572830000000016e-01,4.700892364990548553e-04
1.428718475000000099e-01,4.700657639656651227e-04
1.429300907000000120e-01,4.699718855653066494e-04
1.429883100999999879e-01,4.698780259354209824e-04
1.430319592000000029e-01,4.698076435288267268e-04
1.431628265000000066e-01,4.695965596308241796e-04
1.432354788000000101e-01,4.694793318287901625e-04
1.432645294999999874e-01,4.694324489118399256e-04
1.432790526000000120e-01,4.694090092111045400e-04
1.433226130999999959e-01,4.693386971390831400e-04
1.433371303000000041e-01,4.693152621249804010e-04
1.433951844999999947e-01,4.692215337830343467e-04
1.434677192000000101e-01,4.691043997088310022e-04
1.434967228000000039e-01,4.690575542764198924e-04
1.435112223999999992e-01,4.690341333165426560e-04
1.435836984999999955e-01,4.689170460781396862e-04
1.436271665999999947e-01,4.688468077817065181e-04
1.436851036000000026e-01,4.687531731042936245e-04
1.437285409999999874e-01,4.686829593824853434e-04
1.438009075999999997e-01,4.685659599106317187e-04
1.438587745999999890e-01,4.684723813868988383e-04
1.439744389000000013e-01,4.682852804669710247e-04
1.440322361999999967e-01,4.681917580632793214e-04
1.440466819000000009e-01,4.681683803842318515e-04
1.441477613000000102e-01,4.680047693496790164e-04
1.441910593999999879e-01,4.679346678595020588e-04
1.442487698999999901e-01,4.678412155584291609e-04
1.442776165000000110e-01,4.677944964150736532e-04
1.443641216999999866e-01,4.676543670080135170e-04
1.443785341999999916e-01,4.676310161929017649e-04
1.444361698000000138e-01,4.675376246049059567e-04
1.444937823999999926e-01,4.674442516898763165e-04
1.445081820000000128e-01,4.674209113783520391e-04
1.445513720000000113e-01,4.673508974441017831e-04
1.445945492000000054e-01,4.672808940092468256e-04
1.447096254000000137e-01,4.670942695011571599e-04
1.448389767999999911e-01,4.668844061234262680e-04
1.448533421000000043e-01,4.668610937982714515e-04
1.448820682999999998e-01,4.668144726440135741e-04
1.448964292000000098e-01,4.667911638147764514e-04
1.449682127999999959e-01,4.666746371453995212e-04
1.450686501000000017e-01,4.665115487325610373e-04
1.450829925999999881e-01,4.664882550463282239e-04
1.451833503999999941e-01,4.663252318435614032e-04
1.451976815999999892e-01,4.663019474711794956e-04
1.452406666000000124e-01,4.662321013376235319e-04
1.452836389999999922e-01,4.661622656782579851e-04
1.453552312999999985e-01,4.660458961842161934e-04
1.454124797000000135e-01,4.659528215293208086e-04
1.454697057000000071e-01,4.658597654839478756e-04
1.455412064000000116e-01,4.657434715912475145e-04
1.456269609999999992e-01,4.656039572842886570e-04
1.456555347000000056e-01,4.655574618137549498e-04
1.456983846000000082e-01,4.654877273235622686e-04
1.457554983000000082e-01,4.653947642700939310e-04
1.457983189000000013e-01,4.653250541780631802e-04
1.458696586000000073e-01,4.652088939211306354e-04
1.458839222999999963e-01,4.651856653536527199e-04
1.459694756000000093e-01,4.650463183316593105e-04
1.459837296000000006e-01,4.650230978912394493e-04
1.459979821999999872e-01,4.649998786115579772e-04
1.460407317000000094e-01,4.649302277366540882e-04
1.460834685999999882e-01,4.648605873065818307e-04
1.462542916000000026e-01,4.645821300033978088e-04
1.462685177999999975e-01,4.645589327673475257e-04
1.464391248999999950e-01,4.642806563678136367e-04
1.464817456999999989e-01,4.642111133474035299e-04
1.465527527000000108e-01,4.640952314874154257e-04
1.465669498999999931e-01,4.640720585909817279e-04
1.466095335000000000e-01,4.640025468518487232e-04
1.468789426999999870e-01,4.635625478401551760e-04
1.468931083999999998e-01,4.635394015720902048e-04
1.469072727999999883e-01,4.635162564610830274e-04
1.469355974999999870e-01,4.634699697099779964e-04
1.469497577999999971e-01,4.634468280698007792e-04
1.470063852999999865e-01,4.633542730767406049e-04
1.470205387000000086e-01,4.633311372201298845e-04
1.470629908999999957e-01,4.632617365892287070e-04
1.471054309000000004e-01,4.631923463656139987e-04
1.471337174000000025e-01,4.631460919975909692e-04
1.471619985000000019e-01,4.630998422538846028e-04
1.472326774000000116e-01,4.629842381228031572e-04
1.472468090999999868e-01,4.629611207638547688e-04
1.472891960999999916e-01,4.628917756204049220e-04
1.473598140000000056e-01,4.627762234892920435e-04
1.473880516999999946e-01,4.627300107233064757e-04
1.474445108999999920e-01,4.626375990512709459e-04
1.475714650000000128e-01,4.624297403395166749e-04
1.475855641999999912e-01,4.624066506993110065e-04
1.476278540000000028e-01,4.623373887037089788e-04
1.476983098999999910e-01,4.622219751246893472e-04
1.477405673999999947e-01,4.621527408228814633e-04
1.477828127999999963e-01,4.620835169033649602e-04
1.477968919000000048e-01,4.620604445704590908e-04
1.478391212000000066e-01,4.619912344916262867e-04
1.478954080999999865e-01,4.618989705308102606e-04
1.479657366999999890e-01,4.617836665208506714e-04
1.480219755000000137e-01,4.616914440612342576e-04
1.480360319000000036e-01,4.616683913275576373e-04
1.481343890000000052e-01,4.615070544552044495e-04
1.481484346999999979e-01,4.614840109389575459e-04
1.482467172999999971e-01,4.613227385755407995e-04
1.482888185000000025e-01,4.612536391221854696e-04
1.483449347999999945e-01,4.611615226362678933e-04
1.483729850000000128e-01,4.611154713001687109e-04
1.484711190000000125e-01,4.609543278771809365e-04
1.485131564999999931e-01,4.608852836702158600e-04
1.485831927000000052e-01,4.607702329995380609e-04
1.486391978999999919e-01,4.606782131657132266e-04
1.487091747000000019e-01,4.605632142457230386e-04
1.487511448999999930e-01,4.604942286895473197e-04
1.488070868999999963e-01,4.604022640398849550e-04
1.489049347999999995e-01,4.602413701453252114e-04
1.489189077999999999e-01,4.602183898989582571e-04
1.489328795000000039e-01,4.601954108013116360e-04
1.489747867000000003e-01,4.601264804003059533e-04
1.490306446999999923e-01,4.600345892780236283e-04
1.490446059999999961e-01,4.600116193683275378e-04
1.490864818000000036e-01,4.599427165283715433e-04
1.491422980000000065e-01,4.598508621476980513e-04
1.492538676999999869e-01,4.596672084785130737e-04
1.492678081000000101e-01,4.596442569336345709e-04
1.494071399999999938e-01,4.594148045777056238e-04
1.494210660999999996e-01,4.593918656501168210e-04
1.496019868000000030e-01,4.590937639187603792e-04
1.496298013000000038e-01,4.590479193061500554e-04
1.496437066000000093e-01,4.590249987186098080e-04
1.496854149000000078e-01,4.589562438303163992e-04
1.497132139000000028e-01,4.589104129661811986e-04
1.497549028000000060e-01,4.588416752609360684e-04
1.497965800999999930e-01,4.587729478634296502e-04
1.498104698999999929e-01,4.587500410212375242e-04
1.499354206000000078e-01,4.585439309633920464e-04
1.500186632999999936e-01,4.584065757659772284e-04
1.500325325999999904e-01,4.583836872381491794e-04
1.500464005999999906e-01,4.583607998545138353e-04
1.500879968999999925e-01,4.582921445679591214e-04
1.501295816999999866e-01,4.582234995767847326e-04
1.501434407999999998e-01,4.582006202006563725e-04
1.502681146000000023e-01,4.579947572751785789e-04
1.503096496000000115e-01,4.579261568794178693e-04
1.504203534000000120e-01,4.577432727792779370e-04
1.504618463000000073e-01,4.576747100955005573e-04
1.504756747999999866e-01,4.576518581524185916e-04
1.505171525000000010e-01,4.575833091769557518e-04
1.505309757999999942e-01,4.575604618028369952e-04
1.505862565999999958e-01,4.574690837268709297e-04
1.506000735999999951e-01,4.574462420626775982e-04
1.507105640999999996e-01,4.572635498498356550e-04
1.508071769000000062e-01,4.571037540858428048e-04
1.509175157000000045e-01,4.569211988118752725e-04
1.509588719999999940e-01,4.568527594039919972e-04
1.509726549000000029e-01,4.568299485487530660e-04
1.510139960999999920e-01,4.567615228245008418e-04
1.510415505999999908e-01,4.567159113755803169e-04
1.510828728999999981e-01,4.566475027519767893e-04
1.511517183999999958e-01,4.565335111748812470e-04
1.511792477999999995e-01,4.564879225211291983e-04
1.512618058999999904e-01,4.563511839041341309e-04
1.513030680999999933e-01,4.562828299739178466e-04
1.513718133999999993e-01,4.561689295342502581e-04
1.513993026999999880e-01,4.561233773290611273e-04
1.514542664999999899e-01,4.560322865803723754e-04
1.514680043999999948e-01,4.560095167390614294e-04
1.515229432000000098e-01,4.559184487553396181e-04
1.515778621999999964e-01,4.558273989794905706e-04
1.516190383000000086e-01,4.557591235943207839e-04
1.516327611999999936e-01,4.557363674078619351e-04
1.517836311999999910e-01,4.554861244217804509e-04
1.517973393000000004e-01,4.554633818820237514e-04
1.518384559000000023e-01,4.553951610835817892e-04
1.519069588999999998e-01,4.552814824857969551e-04
1.520164995000000130e-01,4.550996558191517391e-04
1.520301864999999975e-01,4.550769325981251947e-04
1.520712402000000130e-01,4.550087697502502664e-04
1.522353442000000112e-01,4.547362205579310950e-04
1.522490115000000033e-01,4.547135155042999273e-04
1.522900061999999943e-01,4.546454071531063094e-04
1.523309898000000107e-01,4.545773090151273513e-04
1.523583061999999877e-01,4.545319159298061100e-04
1.523992714000000082e-01,4.544638348105600376e-04
1.524402256999999872e-01,4.543957639004865025e-04
1.524538746999999916e-01,4.543730758655819321e-04
1.525766605999999970e-01,4.541689345802632960e-04
1.526175671999999983e-01,4.541009078922525130e-04
1.526857206999999994e-01,4.539875527470895703e-04
1.527674646000000136e-01,4.538515639665994020e-04
1.528899987000000016e-01,4.536476572574754435e-04
1.529036075000000106e-01,4.536250066187655209e-04
1.529308215000000082e-01,4.535797087380704718e-04
1.529988354000000050e-01,4.534664838478124271e-04
1.530124344999999886e-01,4.534438422655560083e-04
1.530532246999999901e-01,4.533759243093744840e-04
1.531211842000000101e-01,4.532627503476207458e-04
1.531483596000000058e-01,4.532174886828055469e-04
1.532162769000000035e-01,4.531043543162301818e-04
1.532705890999999931e-01,4.530138671805001454e-04
1.533113106000000003e-01,4.529460137015146643e-04
1.533384523000000110e-01,4.529007837017314984e-04
1.533655891000000049e-01,4.528555582237109626e-04
1.533791557999999999e-01,4.528329471802129691e-04
1.534334102999999894e-01,4.527425143084615514e-04
1.534876456000000000e-01,4.526520995174005075e-04
1.535554128999999934e-01,4.525391064491673097e-04
1.535825114000000102e-01,4.524939171290382335e-04
1.535960588999999987e-01,4.524713241631445407e-04
1.536366940999999986e-01,4.524035520413885523e-04
1.536637782999999979e-01,4.523583762729909905e-04
1.537991277000000101e-01,4.521325651671467523e-04
1.538667576999999953e-01,4.520197019372535038e-04
1.538802801999999970e-01,4.519971326762523521e-04
1.539208404000000086e-01,4.519294316620346241e-04
1.539613898999999952e-01,4.518617407999137242e-04
1.540289487000000013e-01,4.517489452524730002e-04
1.540964779000000007e-01,4.516361778940881293e-04
1.541909690000000110e-01,4.514783509365023545e-04
1.542044630999999943e-01,4.514558087362819565e-04
1.542314475000000074e-01,4.514107277162302282e-04
1.542449379999999981e-01,4.513881888962854904e-04
1.543123727000000056e-01,4.512755116954199276e-04
1.543528192999999993e-01,4.512079188918608950e-04
1.544067316999999939e-01,4.511178109204349251e-04
1.544471535999999978e-01,4.510502417648487410e-04
1.544606252999999874e-01,4.510277209647353984e-04
1.545144999999999991e-01,4.509376490211287197e-04
1.545683559999999901e-01,4.508475950860079654e-04
1.546356496000000080e-01,4.507350529861025527e-04
1.546760118000000128e-01,4.506675412269320596e-04
1.548239160999999864e-01,4.504200847121670641e-04
1.548910987000000072e-01,4.503076494521822968e-04
1.549448237999999922e-01,4.502177214756988887e-04
1.549582522000000073e-01,4.501952422910663015e-04
1.550387978999999972e-01,4.500603907783390606e-04
1.550522180999999999e-01,4.500379194582439994e-04
1.550924717999999924e-01,4.499705122373748615e-04
1.551595380999999940e-01,4.498581893307453919e-04
1.552533822999999924e-01,4.497009844187702218e-04
1.552801845000000014e-01,4.496560788324264731e-04
1.553605633000000041e-01,4.495213890074022263e-04
1.553739557000000104e-01,4.494989446304909603e-04
1.554810536000000021e-01,4.493194300002755653e-04
1.555211962999999975e-01,4.492521305199205831e-04
1.555345749000000000e-01,4.492296996025292198e-04
1.556014505999999964e-01,4.491175618332862371e-04
1.556415623000000081e-01,4.490502926238870815e-04
1.556950283999999907e-01,4.489606160358107804e-04
1.557885499999999979e-01,4.488037251470710308e-04
1.558152600999999915e-01,4.487589092614240765e-04
1.558553166999999962e-01,4.486916938334050949e-04
1.558953630000000090e-01,4.486244884846159902e-04
1.560154403000000023e-01,4.484229328984287244e-04
1.560287764999999938e-01,4.484005434302386914e-04
1.561220982000000035e-01,4.482438484869607294e-04
1.561354252999999914e-01,4.482214679707037497e-04
1.561620760999999913e-01,4.481767102943060108e-04
1.561753998000000032e-01,4.481543331340664808e-04
1.562153639999999954e-01,4.480872083645545678e-04
1.562819484000000092e-01,4.479753561159416191e-04
1.563751188999999986e-01,4.478188099273510444e-04
1.563884245000000117e-01,4.477964506575274426e-04
1.564416352999999926e-01,4.477070247542302289e-04
1.564549352000000060e-01,4.476846710722052970e-04
1.566542979999999974e-01,4.473494998972898928e-04
1.567472471999999950e-01,4.471931726685899559e-04
1.567605212000000026e-01,4.471708446724333868e-04
1.567737939999999941e-01,4.471485177923996911e-04
1.568666723999999901e-01,4.469922608784462383e-04
1.568799361999999864e-01,4.469699429252430630e-04
1.569197210000000120e-01,4.469029957591049980e-04
1.569594957999999874e-01,4.468360586319035745e-04
1.570125131000000007e-01,4.467468247424945488e-04
1.570787596000000064e-01,4.466353074688449490e-04
1.570920054999999926e-01,4.466130073586641351e-04
1.571317365999999882e-01,4.465461137161153308e-04
1.571979329000000036e-01,4.464346466020308176e-04
1.572376372000000022e-01,4.463677797052534096e-04
1.572905608000000066e-01,4.462786394399653181e-04
1.573434665000000010e-01,4.461895169966788592e-04
1.573963545000000019e-01,4.461004123719012216e-04
1.574095736999999995e-01,4.460781389993717801e-04
1.574360087999999991e-01,4.460335955944867378e-04
1.574888657000000081e-01,4.459445221433633072e-04
1.575549119000000109e-01,4.458332053724506252e-04
1.575945263000000096e-01,4.457664286634846463e-04
1.576473301000000105e-01,4.456774086275920588e-04
1.577265025000000043e-01,4.455439119437949063e-04
1.577660738999999979e-01,4.454771786152188651e-04
1.578320039999999980e-01,4.453659786374792977e-04
1.578715488999999916e-01,4.452992719904292772e-04
1.579242600000000107e-01,4.452103453540282268e-04
1.579374350999999954e-01,4.451881164731135506e-04
1.580296294999999906e-01,4.450325454154778547e-04
1.580427957999999966e-01,4.450103254221614638e-04
1.580822879000000070e-01,4.449436721061737201e-04
1.581480862999999903e-01,4.448326054562142841e-04
1.583453172000000020e-01,4.444995720172951310e-04
1.583978706999999986e-01,4.444108052661322134e-04
1.584372742999999861e-01,4.443442418496171015e-04
1.585029253000000138e-01,4.442333250020763448e-04
1.586734907000000028e-01,4.439450709059267522e-04
1.586997152000000078e-01,4.439007407455353334e-04
1.587128258999999930e-01,4.438785773272731542e-04
1.587521514000000133e-01,4.438120937194303000e-04
1.587652576999999954e-01,4.437899347323040261e-04
1.587783628999999974e-01,4.437677768528243871e-04
1.588700692999999997e-01,4.436127027060183408e-04
1.588831659000000118e-01,4.435905536857427623e-04
1.589093558999999933e-01,4.435462589666332514e-04
1.589748119000000126e-01,4.434355415409733047e-04
1.589878999000000070e-01,4.434134013764017652e-04
1.590925649000000108e-01,4.432363198963499250e-04
1.591187202999999883e-01,4.431920605900501429e-04
1.591317965000000056e-01,4.431699325961953491e-04
1.591710184000000028e-01,4.431035552509314719e-04
1.591840902999999974e-01,4.430814316811719370e-04
1.592363669000000093e-01,4.429929484601333113e-04
1.593016885000000105e-01,4.428823693107343572e-04
1.593278096999999893e-01,4.428381453890388388e-04
1.593408685999999908e-01,4.428160350861017861e-04
1.594453019000000027e-01,4.426391924457295335e-04
1.594974929000000097e-01,4.425507976418418957e-04
1.595887860999999908e-01,4.423961492580672341e-04
1.596018237000000062e-01,4.423740610489289228e-04
1.596148602000000138e-01,4.423519739438747751e-04
1.596539634999999957e-01,4.422857192527932814e-04
1.597191142999999924e-01,4.421753168447088906e-04
1.597581921000000016e-01,4.421090886436017820e-04
1.598102808999999902e-01,4.420207998234737816e-04
1.599144076000000025e-01,4.418442751344515106e-04
1.599534375999999980e-01,4.417780965734806960e-04
1.600054629000000062e-01,4.416898739285871501e-04
1.600314690999999900e-01,4.416457692207201649e-04
1.601224578000000065e-01,4.414914374623984104e-04
1.601744281999999964e-01,4.414032721291959020e-04
1.602393673999999990e-01,4.412930902500853368e-04
1.602783183000000000e-01,4.412269943399215648e-04
1.603172596999999922e-01,4.411609083408440674e-04
1.603432153999999887e-01,4.411168565136448089e-04
1.604210574000000111e-01,4.409847274532626175e-04
1.604340273000000039e-01,4.409627097957540573e-04
1.605766279999999990e-01,4.407205881889938439e-04
1.605895854000000122e-01,4.406985837347589361e-04
1.606414046000000095e-01,4.406105769164544669e-04
1.606932071000000128e-01,4.405225876932843316e-04
1.607320479999999885e-01,4.404566073206057377e-04
1.607838212999999905e-01,4.403686488804871117e-04
1.608485145000000116e-01,4.402587255594256495e-04
1.608614499999999892e-01,4.402367441918818292e-04
1.609002502999999917e-01,4.401708066816554838e-04
1.609390411999999937e-01,4.401048790587403230e-04
1.609907479999999891e-01,4.400169909392998512e-04
1.610036719999999866e-01,4.399950216551213721e-04
1.611586801999999874e-01,4.397314758853373300e-04
1.611715907999999864e-01,4.397095208728962886e-04
1.612103165000000060e-01,4.396436624200444681e-04
1.612748385999999978e-01,4.395339202767254111e-04
1.613135394000000111e-01,4.394680881552003580e-04
1.613651261000000059e-01,4.393803273486414232e-04
1.614038053999999889e-01,4.393145182584560636e-04
1.614811359999999973e-01,4.391829296808025403e-04
1.615197874000000033e-01,4.391171501904212880e-04
1.615584295999999975e-01,4.390513805636881827e-04
1.615713082999999939e-01,4.390294595464268052e-04
1.615841859000000102e-01,4.390075396249221054e-04
1.616228127000000070e-01,4.389417864342387327e-04
1.616614302999999919e-01,4.388760431033325799e-04
1.616871702000000077e-01,4.388322196929249873e-04
1.617900888999999898e-01,4.386569698567719831e-04
1.618158083000000025e-01,4.386131683469417708e-04
1.619314953000000057e-01,4.384161157339248427e-04
1.619700393000000072e-01,4.383504512273217316e-04
1.619828852000000097e-01,4.383285652465696383e-04
1.620342587999999973e-01,4.382410322629918869e-04
1.621369571999999870e-01,4.380660187932946962e-04
1.622011106000000036e-01,4.379566709097503690e-04
1.622908828999999886e-01,4.378036297796690708e-04
1.623934189000000028e-01,4.376287911904053651e-04
1.624062313999999896e-01,4.376069412824017384e-04
1.624318533000000120e-01,4.375632447428370788e-04
1.624446626999999921e-01,4.375413981112044885e-04
1.624830848999999910e-01,4.374758647682098350e-04
1.625854998000000051e-01,4.373011572244249055e-04
1.625982971000000110e-01,4.372793236934154949e-04
1.626110933999999897e-01,4.372574912537517938e-04
1.627006394000000133e-01,4.371046947297595143e-04
1.627134276999999962e-01,4.370828710190113528e-04
1.628156977000000116e-01,4.369083206000978054e-04
1.628540323000000067e-01,4.368428821866370579e-04
1.628923579999999871e-01,4.367774535856716362e-04
1.629562139999999881e-01,4.366684277187941128e-04
1.630072808999999956e-01,4.365812266426263378e-04
1.630455704999999866e-01,4.365158372766825062e-04
1.630583317000000032e-01,4.364940430003524637e-04
1.631603855000000047e-01,4.363197280034129865e-04
1.631986391999999952e-01,4.362543778489175335e-04
1.632113883999999904e-01,4.362325966417348179e-04
1.632496301999999955e-01,4.361672595525181500e-04
1.633006053000000124e-01,4.360801586734609661e-04
1.633133465000000117e-01,4.360583861747440023e-04
1.633260867999999921e-01,4.360366147643241885e-04
1.633643016999999920e-01,4.359713070623816018e-04
1.634025077000000048e-01,4.359060091532529816e-04
1.634279734000000095e-01,4.358624826536011362e-04
1.634661645000000108e-01,4.357972010625897293e-04
1.635170720000000133e-01,4.357101741681330552e-04
1.636315560999999918e-01,4.355144272654491136e-04
1.636569861999999931e-01,4.354709399115233169e-04
1.636696997000000042e-01,4.354491978648769059e-04
1.637332525999999899e-01,4.353405039323021263e-04
1.637713725000000120e-01,4.352753006113223430e-04
1.638221851999999978e-01,4.351883780586379247e-04
1.638602844000000003e-01,4.351231975487476387e-04
1.639364561999999970e-01,4.349928658486250962e-04
1.640125926999999872e-01,4.348625732316602709e-04
1.640379637000000113e-01,4.348191510424777046e-04
1.640760126999999957e-01,4.347540258976297220e-04
1.641140530000000097e-01,4.346889105181706492e-04
1.641267311000000062e-01,4.346672075615149226e-04
1.642154506999999874e-01,4.345153172371409717e-04
1.642281210000000047e-01,4.344936229575694156e-04
1.642661260000000123e-01,4.344285466251053638e-04
1.642787924000000122e-01,4.344068566828410680e-04
1.644307130000000061e-01,4.341466619257038648e-04
1.644433667000000099e-01,4.341249860735137828e-04
1.644686711999999995e-01,4.340816376194261777e-04
1.645319154999999867e-01,4.339732854421793741e-04
1.645445614000000112e-01,4.339516182562565944e-04
1.646456939000000008e-01,4.337783197534599358e-04
1.646709672999999985e-01,4.337350059549014282e-04
1.647341338999999960e-01,4.336267404011891419e-04
1.647846497000000077e-01,4.335401474386677738e-04
1.648351500999999941e-01,4.334535717883033763e-04
1.648477727999999864e-01,4.334319305803074917e-04
1.650243888000000048e-01,4.331290672264625488e-04
1.650748157999999965e-01,4.330425737615113029e-04
1.651378279000000060e-01,4.329344812470416193e-04
1.651504273999999939e-01,4.329128659858354276e-04
1.652260043999999872e-01,4.327831971060386914e-04
1.652385972000000036e-01,4.327615894067560805e-04
1.652511891000000011e-01,4.327399827875972531e-04
1.652889589000000048e-01,4.326751694098757085e-04
1.653267200000000103e-01,4.326103657507435413e-04
1.653393052000000085e-01,4.325887666904754559e-04
1.653518894000000072e-01,4.325671687098617485e-04
1.654399518000000124e-01,4.324160130704510002e-04
1.654902521999999931e-01,4.323296621629517627e-04
1.655531061999999942e-01,4.322217478051681517e-04
1.656787426000000119e-01,4.320059999862612310e-04
1.656913010000000130e-01,4.319844311351745477e-04
1.657540787000000015e-01,4.318766030505750628e-04
1.657917338999999879e-01,4.318119191344366278e-04
1.658544735999999964e-01,4.317041341604961743e-04
1.658921060999999919e-01,4.316394761055891358e-04
1.659422694000000087e-01,4.315532804470025821e-04
1.660425504999999968e-01,4.313809408242279112e-04
1.660550813999999986e-01,4.313594032167141152e-04
1.660801403000000120e-01,4.313163312312195377e-04
1.661302469000000004e-01,4.312302001771949728e-04
1.661928588000000095e-01,4.311225605744724038e-04
1.662429313000000075e-01,4.310364682598745445e-04
1.662554471000000089e-01,4.310149478707122218e-04
1.663430311999999911e-01,4.308643352631393400e-04
1.663930586000000045e-01,4.307782945740854354e-04
1.664305691999999892e-01,4.307137753459681960e-04
1.664555715999999908e-01,4.306707679020570678e-04
1.664805702999999915e-01,4.306277647574779889e-04
1.664930682000000106e-01,4.306062647972580580e-04
1.665305562999999933e-01,4.305417713645425491e-04
1.666429701000000096e-01,4.303483490839651242e-04
1.666804245000000073e-01,4.302838943247894632e-04
1.667553079999999910e-01,4.301550137993388322e-04
1.668426296999999947e-01,4.300047020316627271e-04
1.669423700000000066e-01,4.298329815432057636e-04
1.669548332999999940e-01,4.298115213100052500e-04
1.669922178000000090e-01,4.297471470463155711e-04
1.670420506999999999e-01,4.296613297097640668e-04
1.670918687999999874e-01,4.295755295301315144e-04
1.671416719999999911e-01,4.294897465039681454e-04
1.671541205000000030e-01,4.294683034272631485e-04
1.672536749999999905e-01,4.292967973946992788e-04
1.672785544000000013e-01,4.292539316015410726e-04
1.672909925999999936e-01,4.292325003119392703e-04
1.673283020000000121e-01,4.291682128703146453e-04
1.673531702999999926e-01,4.291253599313653473e-04
1.673904657999999990e-01,4.290610885549971066e-04
1.674277529000000042e-01,4.289968268159498636e-04
1.674401801000000023e-01,4.289754083775804009e-04
1.674774562999999938e-01,4.289111594859030272e-04
1.675519836000000096e-01,4.287826906027184058e-04
1.675892347999999865e-01,4.287184706082612065e-04
1.676885310000000018e-01,4.285472643636013650e-04
1.677257518999999975e-01,4.284830796703908463e-04
1.677381571000000071e-01,4.284616869114390146e-04
1.678497620000000135e-01,4.282692001932577523e-04
1.678745530000000097e-01,4.282264371254437818e-04
1.678869471999999974e-01,4.282050571946254165e-04
1.679489041999999988e-01,4.280981735694964693e-04
1.679860673999999943e-01,4.280340562155517331e-04
1.680232224000000052e-01,4.279699484757649368e-04
1.680479877999999927e-01,4.279272153230157492e-04
1.680727495999999876e-01,4.278844864421349026e-04
1.681346381000000112e-01,4.277776829266870511e-04
1.682212436999999949e-01,4.276282028424383138e-04
1.682830775999999973e-01,4.275214633713867135e-04
1.683819645999999892e-01,4.273507356965279558e-04
1.684313863999999938e-01,4.272653974574446381e-04
1.685178394999999885e-01,4.271160965900316084e-04
1.685425322000000115e-01,4.270734487936490896e-04
1.685795646000000092e-01,4.270094850925984183e-04
1.686289283999999888e-01,4.269242150770885926e-04
1.686659417999999966e-01,4.268602737529509066e-04
1.687276127000000014e-01,4.267537261846358464e-04
1.687769332000000067e-01,4.266685073009477791e-04
1.688262392999999861e-01,4.265833054543869546e-04
1.688385635999999912e-01,4.265620076543632133e-04
1.689124902999999955e-01,4.264342432081647113e-04
1.689248083000000067e-01,4.264129528589312803e-04
1.690233197999999881e-01,4.262426683710206546e-04
1.690356296999999952e-01,4.262213875974718699e-04
1.690602468999999886e-01,4.261788292414679571e-04
1.690725540999999943e-01,4.261575516589252255e-04
1.691709795999999932e-01,4.259873692812740295e-04
1.692570549000000091e-01,4.258385155153240572e-04
1.692693477999999974e-01,4.258172549430419302e-04
1.693185104999999913e-01,4.257322232801810831e-04
1.693307990000000041e-01,4.257109680208421838e-04
1.693676590000000037e-01,4.256472086170142604e-04
1.694290743999999904e-01,4.255409641885970411e-04
1.695150186999999919e-01,4.253922665913538871e-04
1.696254544999999947e-01,4.252011604008940071e-04
1.696622505000000003e-01,4.251374774400466100e-04
1.696990385000000101e-01,4.250738040280898082e-04
1.697112993999999875e-01,4.250525816791839682e-04
1.697235594000000014e-01,4.250313603910158347e-04
1.697603340999999932e-01,4.249677028907373122e-04
1.697971007999999893e-01,4.249040549355587973e-04
1.698093545999999898e-01,4.248828410713592217e-04
1.698461106999999970e-01,4.248192058407066754e-04
1.699195991000000128e-01,4.246919640031959981e-04
1.700420092000000105e-01,4.244799790585217138e-04
1.700542452999999898e-01,4.244587863912784378e-04
1.701031812000000087e-01,4.243740263149033674e-04
1.701521028999999907e-01,4.242892831838323436e-04
1.702010106000000078e-01,4.242045569945822043e-04
1.702132353999999959e-01,4.241833780941116436e-04
1.702376821999999901e-01,4.241410234688113706e-04
1.703110016000000115e-01,4.240139849951414346e-04
1.703842895000000079e-01,4.238869846159661254e-04
1.703965010999999863e-01,4.238658215889655294e-04
1.704331305000000019e-01,4.238023388544819958e-04
1.704819576000000114e-01,4.237177100153951062e-04
1.705429717999999983e-01,4.236119477585229280e-04
1.706039642000000134e-01,4.235062119310277744e-04
1.706405491000000108e-01,4.234427831178421689e-04
1.706893168999999988e-01,4.233582261612182061e-04
1.707015065999999970e-01,4.233370895635146748e-04
1.707989933999999876e-01,4.231680348112138324e-04
1.708233563000000066e-01,4.231257816848535088e-04
1.708355364999999959e-01,4.231046567055756543e-04
1.708720719000000055e-01,4.230412881031585487e-04
1.708964245000000048e-01,4.229990476469886428e-04
1.709816312000000116e-01,4.228512393003774406e-04
1.710789583000000003e-01,4.226823787908999758e-04
1.710911203000000103e-01,4.226612759746250537e-04
1.712248452000000032e-01,4.224292146001338232e-04
1.712612974999999926e-01,4.223659472758481068e-04
1.713584657999999983e-01,4.221972807857816393e-04
1.713706078999999993e-01,4.221762022164305219e-04
1.713827491999999897e-01,4.221551247006762302e-04
1.714070292000000051e-01,4.221129728297146663e-04
1.714677142000000098e-01,4.220076115862663444e-04
1.714798486000000122e-01,4.219865424972921056e-04
1.715162467999999940e-01,4.219233415487485856e-04
1.715526370999999883e-01,4.218601500767245154e-04
1.716011457000000129e-01,4.217759095196092507e-04
1.716617619999999955e-01,4.216706325058668754e-04
1.716738827000000023e-01,4.216495802602798900e-04
1.717102396999999891e-01,4.215864298369256542e-04
1.717708175999999864e-01,4.214812001727918879e-04
1.717950427000000113e-01,4.214391156703679387e-04
1.718071539999999897e-01,4.214180749968668535e-04
1.719524231000000014e-01,4.211656689306983599e-04
1.719887211999999999e-01,4.211025910664543742e-04
1.720008188999999910e-01,4.210815672135993478e-04
1.720612944000000089e-01,4.209764637107521316e-04
1.721338370999999923e-01,4.208503741760557105e-04
1.721459244999999916e-01,4.208293629298682928e-04
1.721821818000000004e-01,4.207663354922714857e-04
1.722425937000000018e-01,4.206613107634052059e-04
1.723392086999999961e-01,4.204933257837660402e-04
1.723874958000000124e-01,4.204093584806180262e-04
1.724357695000000024e-01,4.203254079640464814e-04
1.724478358000000044e-01,4.203044229574403180e-04
1.725443358000000038e-01,4.201365806604589418e-04
1.725684523999999886e-01,4.200946305720474651e-04
1.725805093999999984e-01,4.200736571004897715e-04
1.726407819000000121e-01,4.199688054663028693e-04
1.726769353000000007e-01,4.199059070629239431e-04
1.727733073000000119e-01,4.197382240912190632e-04
1.728214731999999920e-01,4.196544077466573923e-04
1.728335125999999888e-01,4.196334562788709538e-04
1.729057311999999957e-01,4.195077694618124160e-04
1.729297972999999933e-01,4.194658822319394633e-04
1.730140025999999942e-01,4.193193098990410277e-04
1.730981668000000084e-01,4.191727888414552555e-04
1.731222062999999978e-01,4.191309350976091881e-04
1.731462423000000028e-01,4.190890855375913721e-04
1.731943045000000070e-01,4.190053989674618414e-04
1.732063179999999980e-01,4.189844799392096974e-04
1.732543633999999999e-01,4.189008142815473456e-04
1.733144016000000009e-01,4.187962557304814753e-04
1.733384109999999978e-01,4.187544396262693849e-04
1.733984199999999976e-01,4.186499176527970619e-04
1.734104193000000071e-01,4.186290163925668350e-04
1.734464122999999913e-01,4.185663188800379251e-04
1.734823977999999933e-01,4.185036307685488033e-04
1.735063840000000135e-01,4.184618439161884133e-04
1.735423570000000082e-01,4.183991714698135711e-04
1.735783226000000012e-01,4.183365084206612581e-04
1.735903095000000118e-01,4.183156228256058092e-04
1.736981541000000018e-01,4.181276994407569572e-04
1.737221104999999988e-01,4.180859501679003122e-04
1.737340874999999951e-01,4.180650770965546885e-04
1.738298734000000012e-01,4.178981300800660654e-04
1.738777465999999938e-01,4.178146816026704854e-04
1.739614929999999948e-01,4.176686869081435382e-04
1.739854131000000137e-01,4.176269835197615526e-04
1.740691075999999948e-01,4.174810544873323805e-04
1.741647092999999979e-01,4.173143409595608333e-04
1.741766557999999965e-01,4.172935064555473176e-04
1.742602584999999871e-01,4.171476940828133416e-04
1.742721985000000029e-01,4.171268679082970198e-04
1.742960759999999942e-01,4.170852186820317204e-04
1.743080134999999975e-01,4.170643956302282074e-04
1.743676888000000036e-01,4.169602959819702350e-04
1.744034841999999863e-01,4.168978486799015319e-04
1.744392723000000034e-01,4.168354107412187634e-04
1.745465922999999975e-01,4.166481530917427734e-04
1.745942689999999964e-01,4.165649545056111791e-04
1.746300178999999897e-01,4.165025664814724256e-04
1.746538464999999873e-01,4.164609796623796006e-04
1.746895831999999982e-01,4.163986072283491530e-04
1.748324572000000132e-01,4.161492109998426959e-04
1.748443581000000135e-01,4.161284347323050432e-04
1.748800558999999977e-01,4.160661121603342265e-04
1.749395360999999871e-01,4.159622619723610400e-04
1.750227742999999891e-01,4.158169153053511567e-04
1.750346623000000046e-01,4.157961556469208769e-04
1.751178553999999943e-01,4.156508670882944957e-04
1.751653764999999974e-01,4.155678678757232600e-04
1.752010089000000104e-01,4.155056293555392955e-04
1.752485075000000114e-01,4.154226591782443048e-04
1.752603801000000017e-01,4.154019192258155582e-04
1.753553322999999997e-01,4.152360369207153796e-04
1.754027891000000117e-01,4.151531206391976072e-04
1.754146513000000018e-01,4.151323941589361985e-04
1.754383733000000056e-01,4.150909443063494899e-04
1.754502330999999915e-01,4.150702209338938691e-04
1.754858076999999961e-01,4.150080570311288648e-04
1.755095200000000022e-01,4.149666196076182622e-04
1.755450826000000131e-01,4.149044712388699849e-04
1.756280337999999996e-01,4.147594946147861446e-04
1.756872607999999947e-01,4.146559709352821456e-04
1.756991036999999978e-01,4.146352693039000929e-04
1.757346278999999956e-01,4.145731706178792573e-04
1.757701449000000082e-01,4.145110812429861910e-04
1.758648217999999874e-01,4.143455550867398019e-04
1.758766529000000134e-01,4.143248689708103872e-04
1.759830964000000109e-01,4.141387404480840161e-04
1.760067416999999967e-01,4.140973899237352708e-04
1.760185632000000056e-01,4.140767162116126788e-04
1.760776588000000087e-01,4.139733631500292963e-04
1.761131066000000134e-01,4.139113637102538514e-04
1.761485473000000135e-01,4.138493735666616416e-04
1.761603593000000134e-01,4.138287122510854042e-04
1.761957903999999964e-01,4.137667345002357883e-04
1.762075992000000091e-01,4.137460773151184381e-04
1.762548265999999975e-01,4.136634588991487563e-04
1.762666314000000123e-01,4.136428068759938977e-04
1.763610418000000069e-01,4.134776278471040444e-04
1.763964326999999943e-01,4.134157027377439032e-04
1.764436094000000066e-01,4.133331503684708162e-04
1.765261384000000044e-01,4.131887234316635750e-04
1.765379252000000010e-01,4.131680951369230237e-04
1.765732805999999933e-01,4.131062164388700259e-04
1.766204101000000137e-01,4.130237259403272661e-04
1.766321905000000081e-01,4.130031058925710276e-04
1.766793043000000063e-01,4.129206360074167597e-04
1.767617233000000065e-01,4.127763533779418782e-04
1.768323376000000002e-01,4.126527227261562168e-04
1.768676341000000041e-01,4.125909213027019397e-04
1.769264459999999872e-01,4.124879395218158246e-04
1.769969946000000127e-01,4.123643953527202587e-04
1.770087499000000120e-01,4.123438082598063800e-04
1.771027646999999983e-01,4.121791485558098911e-04
1.771145130000000012e-01,4.121585707219621825e-04
1.771380073000000110e-01,4.121174181397383677e-04
1.771497532999999902e-01,4.120968433913278382e-04
1.772436933000000048e-01,4.119322824208278798e-04
1.773258498999999988e-01,4.117883455404911940e-04
1.773845098999999870e-01,4.116855643121315961e-04
1.774314240000000042e-01,4.116033578218946417e-04
1.774783255999999865e-01,4.115211677658753352e-04
1.774900490999999914e-01,4.115006228193150836e-04
1.775252149000000057e-01,4.114389941407112401e-04
1.775720916999999899e-01,4.113568369432638624e-04
1.775838090000000091e-01,4.113363002102493940e-04
1.776658084000000137e-01,4.111925718179126844e-04
1.776775194999999918e-01,4.111720432952648474e-04
1.777126481000000091e-01,4.111104638835589111e-04
1.777477698999999911e-01,4.110488937049161821e-04
1.777711804999999867e-01,4.110078520479748900e-04
1.778881874999999890e-01,4.108027052941626333e-04
1.778998838999999998e-01,4.107821962578265033e-04
1.779583546999999877e-01,4.106796664515484645e-04
1.780518680000000020e-01,4.105156720497811908e-04
1.780869227999999915e-01,4.104541910534051223e-04
1.781219708000000013e-01,4.103927192754338476e-04
1.781336518999999952e-01,4.103722307310653239e-04
1.782153982000000136e-01,4.102288395911196672e-04
1.782270732000000024e-01,4.102083592377795112e-04
1.783321136999999890e-01,4.100240821156454904e-04
1.784137691000000081e-01,4.098808127654592634e-04
1.784254311000000037e-01,4.098603498071181229e-04
1.784487527999999990e-01,4.098194269587679428e-04
1.786119197000000103e-01,4.095330815372027274e-04
1.786468646000000104e-01,4.094717478687258882e-04
1.786934471999999940e-01,4.093899839491709131e-04
1.787400177000000034e-01,4.093082363752561115e-04
1.787865760000000026e-01,4.092265051435895027e-04
1.788214868000000124e-01,4.091652174426079901e-04
1.788331221999999998e-01,4.091447902510606189e-04
1.788680239000000061e-01,4.090835148022384086e-04
1.788912879000000011e-01,4.090426696072214279e-04
1.789261782999999884e-01,4.089814094701331405e-04
1.789610618999999958e-01,4.089201585182494791e-04
1.790772912999999966e-01,4.087160549985496003e-04
1.791121454000000057e-01,4.086548438332764143e-04
1.791469927999999878e-01,4.085936418459163778e-04
1.791586071000000058e-01,4.085732432226971567e-04
1.792050565999999956e-01,4.084916589250969158e-04
1.792398859000000066e-01,4.084304814052842794e-04
1.793559346999999971e-01,4.082266225795668706e-04
1.793791354000000005e-01,4.081858630403200727e-04
1.794487197000000089e-01,4.080636088671990764e-04
1.794835016999999922e-01,4.080024955281609587e-04
1.795182768999999956e-01,4.079413913522135374e-04
1.795298671999999984e-01,4.079210253296487515e-04
1.795646334000000066e-01,4.078599333691684120e-04
1.796225623000000104e-01,4.077581337898722284e-04
1.796341458000000058e-01,4.077377769267913777e-04
1.796688918999999884e-01,4.076767124421073617e-04
1.797036312999999996e-01,4.076156571132960203e-04
1.797267871000000072e-01,4.075749586466418978e-04
1.797615153000000077e-01,4.075139185744719385e-04
1.798078092000000017e-01,4.074325460480878206e-04
1.799119267000000022e-01,4.072495173360298534e-04
1.799350557000000128e-01,4.072088554688975924e-04
1.799928654000000072e-01,4.071072185828207655e-04
1.800044251000000040e-01,4.070868942534878001e-04
1.800390997000000104e-01,4.070259273602710808e-04
1.800853221000000004e-01,4.069446523887139725e-04
1.800968759000000086e-01,4.069243361846842260e-04
1.801199812000000011e-01,4.068837068228591133e-04
1.801777314999999935e-01,4.067821511857340803e-04
1.802585508000000003e-01,4.066400159255545454e-04
1.803162567000000105e-01,4.065385211824922539e-04
1.803508714000000013e-01,4.064776365106753078e-04
1.803624081000000101e-01,4.064573436487630255e-04
1.804546756000000030e-01,4.062950372627548244e-04
1.805007915999999879e-01,4.062139084040647472e-04
1.805584201000000055e-01,4.061125201375661870e-04
1.805929883000000069e-01,4.060516993388924522e-04
1.806275499999999978e-01,4.059908876594943102e-04
1.806390690000000132e-01,4.059706191259756570e-04
1.806736218999999977e-01,4.059098196034608167e-04
1.807196819999999926e-01,4.058287677537946803e-04
1.807427077000000049e-01,4.057882479053090993e-04
1.807772407000000081e-01,4.057274757269397616e-04
1.808232744999999919e-01,4.056464603296438274e-04
1.808347811000000083e-01,4.056262090110161452e-04
1.809153068000000086e-01,4.054844781192582783e-04
1.810072923999999917e-01,4.053225606662319265e-04
1.810532676999999924e-01,4.052416262155768755e-04
1.810877415000000101e-01,4.051809359955971571e-04
1.811796394999999893e-01,4.050191398926047764e-04
1.812255711000000102e-01,4.049382660988069208e-04
1.812370520999999901e-01,4.049180501765867776e-04
1.812829690999999965e-01,4.048371965916234194e-04
1.813288744999999869e-01,4.047563591700184733e-04
1.814665209000000112e-01,4.045139438534390446e-04
1.815582272000000053e-01,4.043524144002114324e-04
1.815696871999999962e-01,4.043322277595824926e-04
1.816040630000000100e-01,4.042716738912391361e-04
1.816498871999999987e-01,4.041909495230850682e-04
1.816613414000000093e-01,4.041707709526208363e-04
1.816956999000000073e-01,4.041102412924566152e-04
1.817415009999999997e-01,4.040295491961050194e-04
1.817529494000000023e-01,4.040093786927064119e-04
1.817758442000000085e-01,4.039690407101263043e-04
1.818445113000000113e-01,4.038480509538875394e-04
1.818788350999999970e-01,4.037875696809355239e-04
1.819360270000000002e-01,4.036867877104406547e-04
1.819588987999999907e-01,4.036464819739711682e-04
1.819703336000000060e-01,4.036263306165895266e-04
1.821074950999999886e-01,4.033845928742123559e-04
1.821189206000000116e-01,4.033644546063564341e-04
1.821417693999999865e-01,4.033241810901063329e-04
1.821874582999999936e-01,4.032436461344250048e-04
1.822102985000000064e-01,4.032033846941082559e-04
1.822902165999999990e-01,4.030625013434612500e-04
1.823244565000000095e-01,4.030021378522907955e-04
1.823815087000000001e-01,4.029015521454054572e-04
1.824613518000000045e-01,4.027607743799674301e-04
1.824841577000000103e-01,4.027205612071944516e-04
1.825183612000000066e-01,4.026602489848923254e-04
1.825639559999999995e-01,4.025798467549507927e-04
1.825753528999999875e-01,4.025597487090313838e-04
1.826551111999999977e-01,4.024190905111240920e-04
1.826892827000000108e-01,4.023588234898250082e-04
1.827006717999999919e-01,4.023387364907834215e-04
1.827576066000000110e-01,4.022383165542688208e-04
1.828372853999999936e-01,4.020977707976018212e-04
1.828714228999999969e-01,4.020375519533776970e-04
1.829396786999999969e-01,4.019171413501379281e-04
1.829737969999999936e-01,4.018569495885579283e-04
1.830647481999999882e-01,4.016964823419688808e-04
1.832010903000000079e-01,4.014559017471493879e-04
1.832124475999999946e-01,4.014358598768740850e-04
1.832351600000000080e-01,4.013957791413243496e-04
1.832465151999999875e-01,4.013757402760764802e-04
1.832805764000000059e-01,4.013156296891965259e-04
1.833373309999999923e-01,4.012154654053184640e-04
1.833713754000000085e-01,4.011553788492143056e-04
1.833827221000000063e-01,4.011353519992629088e-04
1.833940681000000017e-01,4.011153261502612148e-04
1.834734705999999937e-01,4.009751732298575712e-04
1.834848109999999977e-01,4.009551553866521527e-04
1.835188279999999950e-01,4.008951078600151525e-04
1.835755089999999978e-01,4.007950486553243583e-04
1.835981764999999877e-01,4.007550319745647950e-04
1.836095091999999929e-01,4.007350251341532132e-04
1.836435030999999940e-01,4.006750106125851058e-04
1.836548329999999896e-01,4.006550077717811352e-04
1.837001456000000033e-01,4.005750064054056309e-04
1.837567706999999884e-01,4.004750271870555754e-04
1.837794158000000122e-01,4.004350424951394439e-04
1.837907373000000066e-01,4.004150516480376202e-04
1.838812844000000113e-01,4.002551608365570402e-04
1.840057139000000064e-01,4.000354153352225143e-04
1.840283283999999964e-01,3.999954745863796299e-04
1.840961552000000001e-01,3.998756762925008445e-04
1.841074572999999992e-01,3.998557134028257591e-04
1.841187585999999876e-01,3.998357515108570941e-04
1.841526585000000105e-01,3.997758718210917190e-04
1.842881956999999904e-01,3.995364428283829897e-04
1.843220644000000130e-01,3.994766080150577978e-04
1.843672131000000103e-01,3.993968422190769733e-04
1.844687570000000110e-01,3.992174274746941478e-04
1.845025925999999872e-01,3.991576404925446082e-04
1.845138698000000077e-01,3.991377134905399080e-04
1.845589715000000020e-01,3.990580154417927962e-04
1.845702452000000104e-01,3.990380934191261643e-04
1.846378728999999996e-01,3.989185821913050984e-04
1.846604099999999971e-01,3.988787530791432874e-04
1.847280048000000119e-01,3.987592896286151398e-04
1.848293504999999892e-01,3.985801616128111283e-04
1.848406076999999925e-01,3.985602634733971311e-04
1.848631201000000002e-01,3.985204701781227534e-04
1.849643917999999887e-01,3.983414495671583214e-04
1.849981367000000099e-01,3.982817939234574163e-04
1.850206299000000110e-01,3.982420284634405751e-04
1.850431204000000107e-01,3.982022669782614454e-04
1.850993345999999984e-01,3.981028806529435856e-04
1.851442936999999900e-01,3.980233894735913519e-04
1.852004771000000105e-01,3.979240478454589523e-04
1.852229458000000106e-01,3.978843181449585528e-04
1.852341791000000071e-01,3.978644547840296062e-04
1.852791054000000048e-01,3.977850112674185851e-04
1.853801499000000130e-01,3.976063214158840351e-04
1.854474822000000134e-01,3.974872394962436625e-04
1.854699209000000015e-01,3.974475534581822702e-04
1.855035738999999961e-01,3.973880318389332749e-04
1.855484350000000116e-01,3.973086835619372222e-04
1.855820736999999887e-01,3.972491827639381703e-04
1.856381246999999901e-01,3.971500345912067748e-04
1.856493328999999914e-01,3.971302079298135454e-04
1.856829533000000088e-01,3.970707338911360859e-04
1.857389738999999929e-01,3.969716303084342758e-04
1.857725781000000020e-01,3.969121800457230381e-04
1.858061762000000061e-01,3.968527386964749212e-04
1.858173741999999962e-01,3.968329268939401388e-04
1.858285715999999921e-01,3.968131160816538755e-04
1.859181260999999974e-01,3.966546652241375757e-04
1.860076375999999976e-01,3.964962777106147379e-04
1.860411932000000101e-01,3.964368987186586940e-04
1.860747429000000064e-01,3.963775286296422336e-04
1.860859246999999883e-01,3.963577405781190796e-04
1.861194663000000082e-01,3.962983823574225853e-04
1.861306454999999971e-01,3.962785982616364821e-04
1.861753555000000004e-01,3.961994717660999462e-04
1.861865313000000133e-01,3.961796926138191921e-04
1.862200548000000067e-01,3.961203610883008838e-04
1.862535721999999949e-01,3.960610384584501440e-04
1.863540881999999899e-01,3.958831239298118108e-04
1.864322298999999961e-01,3.957448012828279692e-04
1.864433903000000115e-01,3.957250448549565918e-04
1.864545501000000050e-01,3.957052894145807274e-04
1.864768676000000125e-01,3.956657814957278453e-04
1.864880254000000070e-01,3.956460290173171809e-04
1.865326496999999972e-01,3.955670289752924234e-04
1.865438040999999880e-01,3.955472814324012001e-04
1.866218664000000027e-01,3.954090762653422893e-04
1.867110404000000001e-01,3.952511867000310327e-04
1.867556113999999934e-01,3.951722655886234174e-04
1.868335852000000130e-01,3.950341916044412967e-04
1.868447216000000133e-01,3.950144706926701798e-04
1.868781270000000050e-01,3.949553138712916982e-04
1.869894350999999899e-01,3.947581885163273219e-04
1.870228146000000036e-01,3.946990701197554169e-04
1.870784339000000074e-01,3.946005591552239635e-04
1.871896228999999912e-01,3.944036110658484051e-04
1.872340799999999972e-01,3.943248593881700436e-04
1.872451927000000071e-01,3.943051739287170912e-04
1.872896366000000035e-01,3.942264419290325019e-04
1.873340699999999914e-01,3.941477256681421865e-04
1.873451765999999963e-01,3.941280490617189258e-04
1.875227942999999897e-01,3.938133570721714374e-04
1.875449847000000003e-01,3.937740382652273052e-04
1.876115401000000016e-01,3.936561054237425845e-04
1.876448089999999957e-01,3.935971522639670930e-04
1.876780718999999931e-01,3.935382079431510053e-04
1.876891582000000114e-01,3.935185618002272519e-04
1.877224133000000017e-01,3.934596292625939921e-04
1.877334971000000075e-01,3.934399870469637876e-04
1.877778253999999869e-01,3.933614280010127272e-04
1.878221432999999940e-01,3.932828846592801913e-04
1.878553748000000023e-01,3.932239874569949689e-04
1.878775259000000086e-01,3.931847275614271022e-04
1.879107476999999915e-01,3.931258450758880391e-04
1.879439635000000053e-01,3.930669714186728445e-04
1.879550342000000096e-01,3.930473488278646982e-04
1.880435759999999901e-01,3.928904034036455719e-04
1.880767684000000106e-01,3.928315650464163475e-04
1.880878311999999997e-01,3.928119542211507887e-04
1.881431356999999915e-01,3.927139147956762682e-04
1.882205345999999890e-01,3.925767007542188157e-04
1.882536958000000094e-01,3.925179094307404545e-04
1.883089514999999881e-01,3.924199434788913925e-04
1.883200006999999898e-01,3.924003532262335244e-04
1.883862823000000131e-01,3.922828322695614102e-04
1.884083709000000106e-01,3.922436664484268455e-04
1.884856608999999905e-01,3.921066169013302338e-04
1.885298123999999964e-01,3.920283243997887100e-04
1.885739535000000022e-01,3.919500475490438713e-04
1.885849871999999983e-01,3.919304807814324846e-04
1.886070525999999914e-01,3.918913501800353654e-04
1.886511757000000067e-01,3.918131007107266209e-04
1.887834830000000019e-01,3.915784461437968301e-04
1.888496018999999970e-01,3.914611716265340683e-04
1.888826526000000061e-01,3.914025475548228846e-04
1.889267112999999942e-01,3.913243957982035339e-04
1.889377244000000067e-01,3.913048603002521313e-04
1.889707596999999906e-01,3.912462596643096814e-04
1.890037893000000024e-01,3.911876678143326761e-04
1.890147979000000034e-01,3.911681391499109467e-04
1.890258058000000019e-01,3.911486114615166901e-04
1.891028433999999980e-01,3.910119449673541228e-04
1.891138461999999909e-01,3.909924250853940219e-04
1.891468507999999882e-01,3.909338712928729664e-04
1.892348349000000096e-01,3.907777707620592954e-04
1.892678184000000097e-01,3.907192491526328081e-04
1.892788116000000131e-01,3.906997438994358062e-04
1.893117874999999950e-01,3.906412339886348940e-04
1.894106805000000116e-01,3.904657568851750823e-04
1.894985421000000003e-01,3.903098434891278615e-04
1.895424575999999917e-01,3.902319101658351672e-04
1.896302582000000125e-01,3.900760902530585501e-04
1.896412303999999993e-01,3.900566171442544357e-04
1.896631729000000099e-01,3.900176738464153966e-04
1.897180179999999883e-01,3.899203326310719721e-04
1.897289852000000054e-01,3.899008673069700483e-04
1.897618828000000035e-01,3.898424771714765927e-04
1.897947747000000018e-01,3.897840957904194405e-04
1.898166994000000107e-01,3.897451797325662218e-04
1.898386216999999876e-01,3.897062675646518299e-04
1.898934161999999981e-01,3.896090041604548747e-04
1.899372404000000125e-01,3.895312109356865960e-04
1.899920063999999964e-01,3.894339912727995314e-04
1.900139083999999867e-01,3.893951102098577410e-04
1.900248585000000046e-01,3.893756711358391416e-04
1.900686524000000099e-01,3.892979245544758216e-04
1.901124362000000123e-01,3.892201935147788171e-04
1.901562099000000117e-01,3.891424780135151998e-04
1.901890336000000015e-01,3.890842015829070952e-04
1.901999735999999885e-01,3.890647780477409271e-04
1.902546639999999900e-01,3.889676749322275025e-04
1.903202717999999960e-01,3.888511832205376537e-04
1.903312041999999926e-01,3.888317713313009321e-04
1.904077136000000003e-01,3.886959152694129853e-04
1.904186409999999996e-01,3.886765111402433210e-04
1.904295678000000047e-01,3.886571079810432041e-04
1.904951152999999897e-01,3.885407093882672479e-04
1.905169594999999994e-01,3.885019176134950889e-04
1.905497210000000052e-01,3.884437372214743860e-04
1.906043111000000068e-01,3.883467892850235408e-04
1.906807108999999945e-01,3.882111028694249606e-04
1.906916227000000075e-01,3.881917229707002037e-04
1.907243542000000014e-01,3.881335890857762856e-04
1.907570802000000121e-01,3.880754639168198226e-04
1.907788943000000015e-01,3.880367186456644846e-04
1.908116109000000116e-01,3.879786080003314280e-04
1.908552242999999871e-01,3.879011406923658098e-04
1.909424211000000093e-01,3.877462525305514396e-04
1.909533179000000025e-01,3.877268958644131645e-04
1.909860046000000089e-01,3.876688316703756089e-04
1.910186856999999960e-01,3.876107761818478907e-04
1.910404699999999900e-01,3.875720773585594270e-04
1.911058079000000076e-01,3.874560040959319253e-04
1.911928904999999901e-01,3.873012938816779963e-04
1.912364169000000114e-01,3.872239619685775109e-04
1.912908110000000050e-01,3.871273188155254885e-04
1.913016879999999975e-01,3.871079930829219727e-04
1.913778093999999874e-01,3.869727399961717280e-04
1.914756353000000022e-01,3.867989126864707170e-04
1.915625497000000010e-01,3.866444651501645406e-04
1.915842721000000082e-01,3.866058629142484003e-04
1.915951324000000067e-01,3.865865632431939622e-04
1.916385674999999955e-01,3.865093742042982942e-04
1.916819926999999979e-01,3.864322005953848421e-04
1.917254080000000138e-01,3.863550424134177858e-04
1.917579631000000118e-01,3.862971838989689337e-04
1.917688136000000043e-01,3.862778996552579261e-04
1.918013613000000006e-01,3.862200527067474938e-04
1.918230566999999942e-01,3.861814928927417389e-04
1.918555952000000064e-01,3.861236603982149437e-04
1.918989712999999986e-01,3.860465638931345755e-04
1.919314968999999982e-01,3.859887516281589959e-04
1.919856940000000123e-01,3.858924171142416224e-04
1.920290406999999866e-01,3.858153668342978741e-04
1.920615442999999978e-01,3.857575892322869047e-04
1.920723776000000105e-01,3.857383319567080516e-04
1.921157048000000089e-01,3.856613124782676326e-04
1.921481936999999973e-01,3.856035579731608267e-04
1.921698498999999949e-01,3.855650597804912523e-04
1.922564505000000090e-01,3.854111054863722957e-04
1.922780946000000046e-01,3.853726265301016534e-04
1.922889157000000071e-01,3.853533884943044973e-04
1.923754625999999912e-01,3.851995188172508485e-04
1.924511593000000076e-01,3.850649333083765581e-04
1.925052100999999904e-01,3.849688296259354595e-04
1.925160184999999968e-01,3.849496117712122379e-04
1.925808558000000059e-01,3.848343248111923422e-04
1.926024634000000069e-01,3.847959035064955902e-04
1.926348702000000024e-01,3.847382787499965297e-04
1.927644430999999881e-01,3.845078661064702040e-04
1.928076146999999907e-01,3.844310925958727750e-04
1.928399870999999988e-01,3.843735225344236902e-04
1.928615656000000067e-01,3.843351472887675258e-04
1.928939289000000112e-01,3.842775916121764375e-04
1.929370715000000014e-01,3.842008641329765065e-04
1.929694221999999904e-01,3.841433285890262527e-04
1.930341071999999991e-01,3.840282833783423473e-04
1.930664415999999994e-01,3.839707737088875108e-04
1.931203202000000008e-01,3.838749434198031395e-04
1.931957250000000126e-01,3.837408212407518709e-04
1.932388002000000049e-01,3.836642010605634668e-04
1.932926308000000037e-01,3.835684473734638335e-04
1.933141587999999966e-01,3.835301525980271868e-04
1.933787285000000133e-01,3.834152912365778915e-04
1.934110052999999940e-01,3.833578734710783669e-04
1.934432766999999997e-01,3.833004643140381111e-04
1.934540325999999921e-01,3.832813298410800863e-04
1.934862968000000127e-01,3.832239321600237306e-04
1.935293073000000086e-01,3.831474153045325948e-04
1.935400585000000007e-01,3.831282884807318649e-04
1.935830571000000111e-01,3.830517907441102483e-04
1.936367920000000020e-01,3.829561900769457711e-04
1.936690256999999971e-01,3.828988411429018641e-04
1.937979070999999998e-01,3.826695313750278328e-04
1.938086434000000080e-01,3.826504284348188219e-04
1.938301141000000061e-01,3.826122254187080073e-04
1.938408484999999959e-01,3.825931253424929234e-04
1.938730483999999976e-01,3.825358308414335035e-04
1.938945119000000106e-01,3.824976392796378328e-04
1.939588884000000013e-01,3.823830874970513536e-04
1.939696156999999865e-01,3.823639988727203071e-04
1.940554130999999904e-01,3.822113242187173340e-04
1.940661351000000090e-01,3.821922441788289603e-04
1.941840380000000033e-01,3.819824266653310527e-04
1.942268940999999915e-01,3.819061579827250997e-04
1.943232856000000064e-01,3.817346091846569303e-04
1.943446994999999955e-01,3.816964977076121564e-04
1.943554054999999947e-01,3.816774433975449968e-04
1.943982237999999918e-01,3.816012356799257377e-04
1.944838319999999954e-01,3.814488659424156440e-04
1.944945304000000041e-01,3.814298240085005082e-04
1.945159254000000115e-01,3.813917429955695506e-04
1.945800963000000050e-01,3.812775227932515762e-04
1.946442459999999930e-01,3.811633368373925149e-04
1.946656244999999952e-01,3.811252824606253180e-04
1.946976878999999994e-01,3.810682080272835277e-04
1.947404309000000111e-01,3.809921220933059250e-04
1.947831644999999945e-01,3.809160513686138134e-04
1.948365683999999931e-01,3.808209843460440497e-04
1.948579257999999981e-01,3.807829641884242795e-04
1.948686037000000038e-01,3.807639555347365132e-04
1.949540053000000106e-01,3.806119205013552527e-04
1.949966921000000075e-01,3.805359257773374823e-04
1.950287011000000070e-01,3.804789397034957473e-04
1.950927033000000033e-01,3.803649931855289964e-04
1.951673459999999916e-01,3.802320987605760936e-04
1.952099861999999908e-01,3.801561799610836162e-04
1.952419602000000087e-01,3.800992508207093703e-04
1.952526169999999894e-01,3.800802763373765177e-04
1.952632733000000120e-01,3.800613028023394689e-04
1.953378507999999902e-01,3.799285146052505278e-04
1.953698038999999997e-01,3.798716195977137346e-04
1.953804537000000119e-01,3.798526564908203318e-04
1.954336943999999965e-01,3.797578551712263027e-04
1.954656318000000115e-01,3.797009857497449193e-04
1.955401321000000137e-01,3.795683235880374369e-04
1.955507726999999862e-01,3.795493756390897876e-04
1.955933293000000073e-01,3.794735933125807236e-04
1.956039669000000092e-01,3.794546500979648703e-04
1.956358766000000082e-01,3.793978261345529244e-04
1.957634629999999987e-01,3.791706154611328128e-04
1.958378500000000078e-01,3.790381388173270439e-04
1.958484744000000000e-01,3.790192173656775111e-04
1.958803442000000006e-01,3.789624586843649530e-04
1.958909662999999968e-01,3.789435410149521511e-04
1.959228292000000093e-01,3.788867936794367247e-04
1.959334490000000095e-01,3.788678797915590664e-04
1.960077715000000109e-01,3.787355090414463088e-04
1.960502288000000037e-01,3.786598894024526137e-04
1.961032876000000091e-01,3.785653861101198202e-04
1.961138976000000034e-01,3.785464882854042471e-04
1.961457242999999906e-01,3.784898004777826112e-04
1.961775457999999916e-01,3.784331211690066454e-04
1.961987571999999902e-01,3.783953396841319627e-04
1.962199664000000010e-01,3.783575619755464030e-04
1.962623777999999986e-01,3.782820178860390255e-04
1.962729793000000111e-01,3.782631342232979968e-04
1.963577700999999953e-01,3.781120988922522441e-04
1.963683663999999940e-01,3.780932237216069140e-04
1.964531160000000110e-01,3.779422563119106955e-04
1.964848876999999994e-01,3.778856590932910169e-04
1.965166543000000099e-01,3.778290703600029163e-04
1.965272419999999909e-01,3.778102093342538322e-04
1.966225058000000137e-01,3.776405025152246861e-04
1.966542501000000109e-01,3.775839505367924176e-04
1.966965679000000078e-01,3.775085610873184032e-04
1.967071458999999911e-01,3.774897160798444044e-04
1.967811761999999909e-01,3.773578273951665261e-04
1.968763171000000034e-01,3.771883240142144740e-04
1.968974531999999888e-01,3.771506669491863956e-04
1.969397187999999965e-01,3.770753641103915675e-04
1.969925378999999865e-01,3.769812567291309295e-04
1.970664609999999983e-01,3.768495458971152820e-04
1.970770192000000087e-01,3.768307338252324949e-04
1.971192461999999868e-01,3.767554949388200107e-04
1.971614641999999973e-01,3.766802710922836635e-04
1.971931218000000097e-01,3.766238630753423436e-04
1.972142239999999935e-01,3.765862624291063752e-04
1.972458730999999965e-01,3.765298685062043590e-04
1.973618762999999887e-01,3.763231631148503164e-04
1.974040424000000071e-01,3.762480256883452023e-04
1.974145824999999910e-01,3.762292436786237801e-04
1.974672747000000006e-01,3.761353477091250452e-04
1.975304867000000075e-01,3.760227035134820067e-04
1.975410200999999921e-01,3.760039327646715166e-04
1.975515529000000103e-01,3.759851629539060240e-04
1.976252668000000046e-01,3.758538005419638224e-04
1.976357951000000113e-01,3.758350382343619476e-04
1.976673767000000081e-01,3.757787569376554648e-04
1.977410474999999890e-01,3.756474667235466954e-04
1.977515696000000101e-01,3.756287147279493261e-04
1.978777918000000080e-01,3.754037638657465995e-04
1.978883066999999885e-01,3.753850240495877860e-04
1.979093348000000030e-01,3.753475472268969848e-04
1.979198480000000093e-01,3.753288102202675274e-04
1.979724056000000121e-01,3.752351392325258667e-04
1.980039335000000067e-01,3.751789478744569761e-04
1.980459629000000110e-01,3.751040391679918940e-04
1.980774791000000090e-01,3.750478674648175773e-04
1.981299948999999949e-01,3.749542666730574852e-04
1.981404964000000046e-01,3.749355493213480804e-04
1.981719976000000105e-01,3.748794028786211433e-04
1.982139913000000031e-01,3.748045540487988762e-04
1.982244884000000096e-01,3.747858441792838603e-04
1.982559761999999892e-01,3.747297201807408586e-04
1.982874589999999992e-01,3.746736045965040011e-04
1.983818773999999896e-01,3.745053083165794812e-04
1.983923656000000091e-01,3.744866134022611600e-04
1.984238268000000083e-01,3.744305342652112594e-04
1.984762509000000119e-01,3.743370877194987425e-04
1.985076987999999931e-01,3.742810309997466776e-04
1.985391417000000047e-01,3.742249826840363981e-04
1.985496216000000036e-01,3.742063017795245754e-04
1.985915353999999911e-01,3.741315874971765988e-04
1.987067530000000137e-01,3.739262002188056843e-04
1.987276944999999961e-01,3.738888692069381511e-04
1.988009722999999895e-01,3.737582400466144981e-04
1.988846853000000026e-01,3.736090055259378958e-04
1.988951469999999944e-01,3.735903554058822205e-04
1.989160685999999956e-01,3.735530579619124976e-04
1.989265286000000132e-01,3.735344106378605394e-04
1.989579052999999875e-01,3.734784742572732144e-04
1.990520057000000065e-01,3.733107154269682797e-04
1.990624585000000113e-01,3.732920802144384475e-04
1.990833626000000078e-01,3.732548125832311722e-04
1.991356132000000057e-01,3.731616598008911153e-04
1.991460616000000072e-01,3.731430320375607977e-04
1.991774037000000053e-01,3.730871543332342629e-04
1.992087408999999865e-01,3.730312850061782851e-04
1.992505160999999969e-01,3.729568055992257001e-04
1.992922826000000092e-01,3.728823410800568834e-04
1.993444783999999970e-01,3.727892813624394757e-04
1.993862251999999891e-01,3.727148503298040837e-04
1.993966604999999892e-01,3.726962448964948448e-04
1.994175294999999959e-01,3.726590368192768052e-04
1.995114131000000068e-01,3.724916464884553478e-04
1.995844031000000018e-01,3.723615060526902932e-04
1.996365224999999965e-01,3.722685764692796272e-04
1.996469448000000035e-01,3.722499933390699682e-04
1.997303031999999867e-01,3.721013617275100403e-04
1.998032133000000043e-01,3.719713578062458070e-04
1.998136268000000049e-01,3.719527895299504163e-04
1.998865065000000052e-01,3.718228375764620229e-04
1.998969157000000108e-01,3.718042767226861539e-04
1.999177325000000005e-01,3.717671577977674810e-04
1.999281401000000125e-01,3.717485997266697256e-04
1.999593595999999973e-01,3.716929310777897016e-04
1.999801699000000044e-01,3.716558232819655279e-04
2.000113813000000129e-01,3.716001685422559773e-04
2.000425878000000046e-01,3.715445221464209547e-04
2.000841888999999874e-01,3.714703399291013528e-04
2.000945879000000094e-01,3.714517966918201726e-04
2.001465743999999991e-01,3.713590944052116549e-04
2.001777597999999936e-01,3.713034841513936373e-04
2.002297248000000085e-01,3.712108189215623626e-04
2.002920649000000108e-01,3.710996512071664845e-04
2.003855387000000043e-01,3.709329621266585953e-04
2.003959220000000041e-01,3.709144457454098954e-04
2.004270686999999884e-01,3.708589021537924855e-04
2.004685900000000021e-01,3.707848569848612550e-04
2.005101026999999980e-01,3.707108266167844141e-04
2.005516069000000123e-01,3.706368110465073319e-04
2.005827293000000122e-01,3.705813090780962684e-04
2.006345894000000074e-01,3.704888242878549669e-04
2.006760676999999882e-01,3.704148530934594889e-04
2.007071709000000093e-01,3.703593844012416955e-04
2.007486343000000062e-01,3.702854390805640451e-04
2.007589988000000047e-01,3.702669550599741485e-04
2.008004515000000045e-01,3.701930282148740655e-04
2.008833311999999871e-01,3.700452188532923122e-04
2.008936887999999976e-01,3.700267468379533757e-04
2.009144022999999890e-01,3.699898055767738918e-04
2.009247581999999976e-01,3.699713363308107755e-04
2.009558228999999974e-01,3.699159341307749140e-04
2.011317653999999955e-01,3.696021451839932620e-04
2.011421102000000016e-01,3.695836953117209484e-04
2.011731412999999968e-01,3.695283512269692105e-04
2.012558674999999908e-01,3.693808075617654963e-04
2.012868810000000008e-01,3.693254938940517874e-04
2.013075541000000079e-01,3.692886227226751888e-04
2.013798931000000125e-01,3.691596026417301186e-04
2.014108874999999965e-01,3.691043221370069382e-04
2.014212180000000130e-01,3.690858971439759241e-04
2.014728621999999914e-01,3.689937859894449929e-04
2.015348177000000074e-01,3.688832829825520218e-04
2.015761108999999940e-01,3.688096327178821011e-04
2.016277153999999905e-01,3.687175905891837456e-04
2.016380346999999962e-01,3.686991849232529816e-04
2.016689895000000066e-01,3.686439734444126298e-04
2.017205703000000128e-01,3.685519727063888535e-04
2.017515123999999993e-01,3.684967832975443434e-04
2.018649262999999972e-01,3.682944929108885050e-04
2.019164569999999936e-01,3.682025794918884309e-04
2.019473690999999960e-01,3.681474424639670333e-04
2.019576721000000130e-01,3.681290652916044512e-04
2.019679745000000082e-01,3.681106890377379426e-04
2.019988788000000035e-01,3.680555657860284328e-04
2.020297782000000097e-01,3.680004507983921595e-04
2.020400770000000124e-01,3.679820809719985711e-04
2.020503753000000013e-01,3.679637120637569846e-04
2.021224483999999877e-01,3.678351554072021396e-04
2.021327424999999900e-01,3.678167938417429140e-04
2.022150761000000019e-01,3.676699343479927946e-04
2.022459424999999977e-01,3.676148771739362912e-04
2.022768043000000016e-01,3.675598282541572034e-04
2.022870904999999886e-01,3.675414804481810598e-04
2.023282301000000061e-01,3.674680983934141025e-04
2.023693612999999947e-01,3.673947310068978629e-04
2.024618760000000128e-01,3.672297080022962797e-04
2.025338026999999874e-01,3.671014080833845698e-04
2.025646205999999949e-01,3.670464361423753574e-04
2.026057038000000088e-01,3.669731530407040090e-04
2.026159733000000018e-01,3.669548345541846128e-04
2.026262423000000090e-01,3.669365169831499728e-04
2.026878453000000024e-01,3.668266307794969955e-04
2.026981106000000088e-01,3.668083196154864637e-04
2.027083755000000098e-01,3.667900093665985646e-04
2.027802146999999888e-01,3.666618632437665675e-04
2.027904752999999949e-01,3.666435603140420644e-04
2.028930535000000035e-01,3.664605813184634571e-04
2.029033084000000098e-01,3.664422884479568983e-04
2.029340702000000107e-01,3.663874153215444362e-04
2.029545755000000118e-01,3.663508378076120106e-04
2.029853295000000057e-01,3.662959783911995349e-04
2.030570707000000086e-01,3.661680050683663486e-04
2.031185430000000125e-01,3.660583492762066416e-04
2.032004772000000070e-01,3.659121926925988861e-04
2.032311940000000039e-01,3.658573990374164764e-04
2.032619061000000005e-01,3.658026135967573666e-04
2.032721425000000026e-01,3.657843536084902196e-04
2.033642465000000121e-01,3.656200547729424608e-04
2.033949385000000110e-01,3.655653049146523250e-04
2.034358541000000076e-01,3.654923178712461739e-04
2.034460817000000032e-01,3.654740733900901928e-04
2.034767614000000113e-01,3.654193454170053478e-04
2.035176605000000027e-01,3.653463875489540913e-04
2.036096534000000069e-01,3.651822856613630821e-04
2.036403083999999974e-01,3.651276014325630700e-04
2.036913899999999999e-01,3.650364792687945791e-04
2.037118189999999884e-01,3.650000367784038717e-04
2.037220326999999997e-01,3.649818168990909143e-04
2.038037242999999887e-01,3.648360906403009304e-04
2.038445577000000120e-01,3.647632493565394220e-04
2.038547648000000045e-01,3.647450413107201765e-04
2.039159966999999907e-01,3.646358121431849319e-04
2.039670091000000129e-01,3.645448128534147436e-04
2.039976105000000095e-01,3.644902241933259878e-04
2.040078099000000034e-01,3.644720297919747305e-04
2.040384051999999948e-01,3.644174520433186479e-04
2.040893870999999915e-01,3.643265073109593489e-04
2.041607403000000043e-01,3.641992228583315074e-04
2.041811223999999980e-01,3.641628640498727350e-04
2.042524434999999916e-01,3.640356368352573460e-04
2.042626302999999977e-01,3.640174651519068006e-04
2.043441055999999922e-01,3.638721243743842744e-04
2.043644693999999984e-01,3.638357982585580116e-04
2.043746505000000047e-01,3.638176365622260568e-04
2.044255486000000066e-01,3.637268416939875453e-04
2.044560813000000088e-01,3.636723756621714518e-04
2.044866094999999995e-01,3.636179177958681120e-04
2.044967845000000006e-01,3.635997669880154030e-04
2.045374795999999884e-01,3.635271728273424888e-04
2.045781665999999999e-01,3.634545931769792492e-04
2.046188455000000073e-01,3.633820280342935668e-04
2.046493494000000135e-01,3.633276136960966935e-04
2.047001790999999904e-01,3.632369412600190001e-04
2.048221189999999969e-01,3.630194198327576583e-04
2.048322773000000041e-01,3.630012989349145312e-04
2.048525925999999941e-01,3.629650598558568485e-04
2.048627494999999965e-01,3.629469416745562073e-04
2.048932169999999886e-01,3.628925925632975509e-04
2.049135262000000013e-01,3.628563643491369579e-04
2.049439862000000112e-01,3.628020288169746450e-04
2.050150420000000084e-01,3.626752775847237272e-04
2.051570798000000029e-01,3.624219081065485409e-04
2.051773628000000127e-01,3.623857269359086111e-04
2.052280618000000001e-01,3.622952898295554833e-04
2.052686119000000087e-01,3.622229564135465477e-04
2.053192883000000135e-01,3.621325599752243203e-04
2.053395553000000040e-01,3.620964077241233003e-04
2.053496881000000107e-01,3.620783329535318226e-04
2.054003444999999983e-01,3.619879726492113647e-04
2.054307323000000018e-01,3.619337673036496466e-04
2.054611157000000021e-01,3.618795700842721160e-04
2.054712424000000037e-01,3.618615061501887073e-04
2.055623609999999990e-01,3.616989713608643889e-04
2.056332030999999949e-01,3.615726059459291211e-04
2.056433213999999954e-01,3.615545573521395805e-04
2.057141355999999865e-01,3.614282424489090491e-04
2.057242499999999974e-01,3.614102010697941127e-04
2.057950363000000116e-01,3.612839366580269680e-04
2.058253659000000013e-01,3.612298368590836244e-04
2.058354746999999929e-01,3.612118053951103125e-04
2.059466395000000005e-01,3.610135187554654309e-04
2.059567424000000035e-01,3.609954981018635971e-04
2.059870480999999864e-01,3.609414415444867769e-04
2.060375477999999982e-01,3.608513652904302605e-04
2.060476461999999898e-01,3.608333527404218523e-04
2.060779386000000102e-01,3.607793204913460638e-04
2.061284160000000087e-01,3.606892847428487406e-04
2.061889725999999923e-01,3.605812715378749851e-04
2.061990636000000099e-01,3.605632724856462938e-04
2.062797741000000074e-01,3.604193124461840033e-04
2.062898606999999940e-01,3.604013214877562778e-04
2.063100324000000096e-01,3.603653422683129447e-04
2.063201175000000109e-01,3.603473540070836409e-04
2.064007806000000000e-01,3.602034802757581489e-04
2.064310212000000089e-01,3.601495424545441575e-04
2.064511790999999929e-01,3.601135883994218637e-04
2.064713350000000058e-01,3.600776379378693476e-04
2.065217162999999911e-01,3.599877775029116430e-04
2.065317911000000006e-01,3.599698081102262735e-04
2.065620123999999946e-01,3.599159053202059398e-04
2.065922293999999937e-01,3.598620106109321273e-04
2.066828537000000021e-01,3.597003749565093789e-04
2.067633754000000046e-01,3.595567598391111435e-04
2.068338060999999894e-01,3.594311437033738074e-04
2.068539246999999970e-01,3.593952614495338812e-04
2.068840989999999880e-01,3.593414447929608188e-04
2.069243245999999870e-01,3.592697018007303279e-04
2.070449544000000086e-01,3.590545588535655648e-04
2.070851486999999991e-01,3.589828732048103654e-04
2.070951960999999897e-01,3.589649540315788083e-04
2.071253352999999908e-01,3.589112018846759753e-04
2.071554700000000082e-01,3.588574577960368882e-04
2.071655139999999951e-01,3.588395448903189660e-04
2.072458480999999908e-01,3.586962738675522622e-04
2.072558875999999939e-01,3.586783690168757286e-04
2.072759653000000035e-01,3.586425619998692216e-04
2.073361867000000081e-01,3.585351624199328044e-04
2.073662907999999916e-01,3.584814747052614942e-04
2.074064228999999981e-01,3.584099036056330435e-04
2.074866636999999903e-01,3.582668043205187048e-04
2.076069667000000063e-01,3.580522626359585337e-04
2.076470522999999957e-01,3.579807773278041055e-04
2.077171832999999967e-01,3.578557124187429443e-04
2.077272001000000090e-01,3.578378495744017240e-04
2.077372164000000077e-01,3.578199876227009576e-04
2.077572476000000001e-01,3.577842663972286463e-04
2.077973040999999965e-01,3.577128346565592470e-04
2.078073169999999914e-01,3.576949789523094420e-04
2.078173295000000087e-01,3.576771241405485194e-04
2.078974117000000066e-01,3.575343177641150520e-04
2.079174273999999933e-01,3.574986250900060543e-04
2.079774630000000013e-01,3.573915684704598132e-04
2.080074742999999948e-01,3.573380521973668305e-04
2.080374812999999934e-01,3.572845439471758521e-04
2.080774838999999987e-01,3.572132120914668359e-04
2.080874832999999868e-01,3.571953813554411337e-04
2.081174788000000053e-01,3.571418944935888466e-04
2.081674615999999922e-01,3.570527675421221003e-04
2.082174324000000132e-01,3.569636628585978353e-04
2.082374174000000133e-01,3.569280272188615592e-04
2.082474091000000027e-01,3.569102107346806244e-04
2.082973607999999976e-01,3.568211416680617263e-04
2.083273260000000071e-01,3.567677109101028885e-04
2.083672729000000112e-01,3.566964823593882054e-04
2.083972280999999982e-01,3.566430702896659271e-04
2.084371616000000038e-01,3.565718666521365283e-04
2.084471438000000121e-01,3.565540679666286106e-04
2.084870678000000088e-01,3.564828821189691579e-04
2.085170057999999882e-01,3.564295020709271631e-04
2.085668927999999867e-01,3.563405531066117472e-04
2.086067939000000038e-01,3.562694099363459231e-04
2.086965433000000092e-01,3.561093897912583138e-04
2.087164823999999863e-01,3.560738395319569104e-04
2.087264513000000044e-01,3.560560657348461628e-04
2.087762883000000014e-01,3.559672100714912917e-04
2.088061847999999887e-01,3.559139073297551306e-04
2.088759266000000114e-01,3.557895653391684554e-04
2.088858878000000030e-01,3.557718057482676466e-04
2.089257278999999967e-01,3.557007762592845259e-04
2.089356867999999923e-01,3.556830211054424020e-04
2.089954299000000015e-01,3.555765088142281895e-04
2.090153405000000075e-01,3.555410118137530633e-04
2.090452027999999962e-01,3.554877729650520791e-04
2.090750607999999899e-01,3.554345420974820420e-04
2.091546613999999971e-01,3.552926321277131289e-04
2.091646092999999984e-01,3.552748973704306090e-04
2.092043963999999923e-01,3.552039672033001512e-04
2.092541195000000021e-01,3.551153244311614919e-04
2.092839478000000086e-01,3.550621493986644566e-04
2.093237121000000034e-01,3.549912617554793555e-04
2.093336520000000089e-01,3.549735420587510934e-04
2.093535303999999875e-01,3.549381053217352290e-04
2.094032181999999909e-01,3.548495289733662118e-04
2.094926263999999927e-01,3.546901473105207770e-04
2.095124896999999986e-01,3.546547388972088092e-04
2.095621397999999913e-01,3.545662333459885887e-04
2.096514802999999982e-01,3.544069790732111576e-04
2.096812520000000124e-01,3.543539102310719530e-04
2.097110194000000039e-01,3.543008493446710844e-04
2.097606224999999935e-01,3.542124322099746408e-04
2.097903787000000020e-01,3.541593925328646061e-04
2.098300471000000000e-01,3.540886853320200449e-04
2.098796219999999879e-01,3.540003212048956744e-04
2.099192735000000032e-01,3.539296457990220661e-04
2.099688274000000021e-01,3.538413214066994618e-04
2.099985541000000122e-01,3.537883373639087357e-04
2.100282766000000079e-01,3.537353612640210180e-04
2.100381832000000060e-01,3.537177043289486001e-04
2.101174188000000109e-01,3.535764806104466540e-04
2.101273211999999946e-01,3.535588316152671199e-04
2.101570255000000109e-01,3.535058899212009643e-04
2.102065233000000033e-01,3.534176714008657521e-04
2.102758006999999874e-01,3.532942024995476570e-04
2.103054839999999870e-01,3.532413004767316188e-04
2.103153775000000114e-01,3.532236682315303879e-04
2.103648379999999984e-01,3.531355202219362477e-04
2.104439506999999931e-01,3.529945292121860383e-04
2.104736103000000025e-01,3.529416721141489036e-04
2.105823263999999917e-01,3.527479305392113213e-04
2.105922068999999952e-01,3.527303229493571361e-04
2.106020869000000129e-01,3.527127162393282433e-04
2.106218455999999961e-01,3.526775054590030201e-04
2.106811104999999906e-01,3.525718942311946089e-04
2.107502319000000013e-01,3.524487211490876545e-04
2.107601044999999895e-01,3.524311285117081661e-04
2.107798483999999972e-01,3.523959458743310385e-04
2.108390689000000096e-01,3.522904190585172740e-04
2.108686728999999982e-01,3.522376675150690260e-04
2.109180036999999952e-01,3.521497658490136610e-04
2.109475966000000091e-01,3.520970353911898705e-04
2.110264907999999939e-01,3.519564594800871191e-04
2.110659267999999977e-01,3.518861925973016985e-04
2.110757846999999909e-01,3.518686280712217938e-04
2.110954989999999920e-01,3.518335016522778410e-04
2.111053555000000082e-01,3.518159397592017772e-04
2.112925411999999892e-01,3.514824304909647821e-04
2.113023884999999935e-01,3.514648861421139055e-04
2.113122353000000120e-01,3.514473426700141204e-04
2.113417730999999911e-01,3.513947175137257248e-04
2.113811502999999870e-01,3.513245629102953885e-04
2.115385858000000119e-01,3.510440846915919102e-04
2.115680920000000131e-01,3.509915199883489705e-04
2.116074270999999951e-01,3.509214459748001363e-04
2.116270919000000084e-01,3.508864142204966763e-04
2.116565857000000106e-01,3.508338731537287837e-04
2.116860752999999984e-01,3.507813399634746227e-04
2.116959042999999874e-01,3.507638306501956833e-04
2.117253885000000002e-01,3.507113079600475154e-04
2.117745196999999968e-01,3.506237876397867736e-04
2.117843446000000074e-01,3.506062861998011601e-04
2.118138165000000017e-01,3.505537871274093430e-04
2.118432842999999899e-01,3.505012959251026434e-04
2.118629271999999952e-01,3.504663061620941732e-04
2.118923880999999954e-01,3.504138280741488499e-04
2.120396314999999920e-01,3.501515556167616810e-04
2.120494441000000119e-01,3.501340777755966105e-04
2.120886898999999881e-01,3.500641751446716349e-04
2.121573525999999876e-01,3.499418791585075391e-04
2.121671598000000047e-01,3.499244117954738520e-04
2.121769665000000082e-01,3.499069453053484644e-04
2.121965785000000104e-01,3.498720149434665356e-04
2.122456006000000006e-01,3.497847043114315612e-04
2.122554037000000116e-01,3.497672448028116081e-04
2.122848102000000070e-01,3.497148715118919972e-04
2.123142125999999963e-01,3.496625060721432715e-04
2.123338119000000024e-01,3.496276001402982749e-04
2.123632075000000119e-01,3.495752477836270851e-04
2.124023953999999992e-01,3.495054568492875213e-04
2.124415759999999931e-01,3.494356798645869276e-04
2.125101246999999971e-01,3.493136036988413727e-04
2.125199154999999895e-01,3.492961677324573971e-04
2.125688631000000051e-01,3.492090009693055923e-04
2.125982261999999900e-01,3.491567113649547780e-04
2.126373706999999946e-01,3.490870040859162166e-04
2.127254195999999931e-01,3.489302136456301127e-04
2.127547610999999950e-01,3.488779658344115129e-04
2.127840984999999907e-01,3.488257258556557274e-04
2.128036546000000029e-01,3.487909035540102845e-04
2.128623119999999980e-01,3.486864575288851822e-04
2.128720866999999906e-01,3.486690529026898432e-04
2.128818608999999973e-01,3.486516491460681772e-04
2.129502678000000093e-01,3.485298471996878277e-04
2.129600385000000040e-01,3.485124503995950477e-04
2.129795784000000081e-01,3.484776594075283951e-04
2.130674858000000116e-01,3.483211429671123388e-04
2.131358331000000050e-01,3.481994566169000979e-04
2.131455952999999903e-01,3.481820763273885230e-04
2.132724621000000043e-01,3.479562115830081809e-04
2.133017284000000013e-01,3.479041097845057677e-04
2.133407438000000100e-01,3.478346528693523746e-04
2.134285025000000058e-01,3.476784255647846116e-04
2.134577473000000003e-01,3.476263654091095142e-04
2.134869882000000052e-01,3.475743130577323148e-04
2.134967342000000101e-01,3.475569640080182184e-04
2.135064798999999902e-01,3.475396158253487309e-04
2.135357139999999876e-01,3.474875764785001378e-04
2.135649441999999953e-01,3.474355449329575326e-04
2.135746866999999882e-01,3.474182028178238418e-04
2.136039116000000015e-01,3.473661816720743510e-04
2.136623492999999985e-01,3.472621627747069450e-04
2.136915621000000098e-01,3.472101650207820643e-04
2.137597099000000112e-01,3.470888672400265990e-04
2.137986417999999944e-01,3.470195732711565170e-04
2.138083735999999901e-01,3.470022519430324181e-04
2.138862125000000058e-01,3.468637124760932488e-04
2.139153947999999916e-01,3.468117744536323922e-04
2.139737473999999973e-01,3.467079217655063433e-04
2.140418054000000070e-01,3.465867996459746176e-04
2.140709664000000068e-01,3.465349031352460180e-04
2.141098416999999976e-01,3.464657198894047175e-04
2.141875709999999933e-01,3.463273948784967695e-04
2.141972852000000038e-01,3.463101081401321127e-04
2.142069989000000008e-01,3.462928222655684029e-04
2.142361375000000068e-01,3.462409698247435083e-04
2.142846929999999983e-01,3.461545663631192650e-04
2.143526521999999934e-01,3.460336377812647433e-04
2.143623588999999940e-01,3.460163657226043160e-04
2.143914764000000028e-01,3.459645547251385825e-04
2.144205899000000137e-01,3.459127514945245182e-04
2.144399966999999962e-01,3.458782203218580724e-04
2.145079067000000006e-01,3.457573883926997054e-04
2.145467027999999887e-01,3.456883605512971799e-04
2.145854918000000000e-01,3.456193465068820242e-04
2.146242738999999955e-01,3.455503462564963181e-04
2.146533558000000008e-01,3.454986051192597855e-04
2.146727415999999944e-01,3.454641153370413748e-04
2.147308883999999862e-01,3.453606666708676129e-04
2.148180791000000034e-01,3.452055518185721860e-04
2.148277647000000068e-01,3.451883211410815169e-04
2.148568191000000127e-01,3.451366342745445723e-04
2.148955522000000062e-01,3.450677305053109810e-04
2.149342783000000034e-01,3.449988405080662559e-04
2.149729974000000043e-01,3.449299642800134264e-04
2.149826760999999919e-01,3.449127473740597281e-04
2.150020321999999984e-01,3.448783161434314346e-04
2.150504146999999977e-01,3.447922531206810059e-04
2.150600899000000010e-01,3.447750430964759507e-04
2.150891128999999902e-01,3.447234181838099132e-04
2.151664885000000027e-01,3.445857895819690432e-04
2.152438362000000105e-01,3.444482159909707342e-04
2.152921644000000134e-01,3.443622604220325924e-04
2.153114925999999874e-01,3.443278842076818568e-04
2.153211560999999941e-01,3.443106973889241309e-04
2.153694670000000089e-01,3.442247761767559680e-04
2.153984482999999894e-01,3.441732337536382714e-04
2.154274257000000081e-01,3.441216990570627457e-04
2.154660562000000057e-01,3.440529981454210442e-04
2.155143344999999877e-01,3.439671413154547081e-04
2.155239888999999909e-01,3.439499725235317814e-04
2.155819060999999981e-01,3.438469777880902149e-04
2.155915575000000028e-01,3.438298150010038901e-04
2.156012083999999940e-01,3.438126530716188452e-04
2.156301585000000021e-01,3.437611724288848545e-04
2.156687526999999938e-01,3.436925435764459961e-04
2.157459203000000048e-01,3.435553270199174386e-04
2.157748510999999980e-01,3.435038849523202936e-04
2.158327009000000074e-01,3.434010239507277545e-04
2.158616201000000123e-01,3.433496050144103787e-04
2.159290829000000134e-01,3.432296574700672296e-04
2.160157899000000048e-01,3.430755008399193734e-04
2.160446845000000005e-01,3.430241307017874879e-04
2.160928336000000061e-01,3.429385309173033276e-04
2.161313451999999913e-01,3.428700664877149125e-04
2.162179710999999893e-01,3.427160715492250033e-04
2.162372166000000040e-01,3.426818598564698878e-04
2.162468386999999992e-01,3.426647552922561582e-04
2.162757023999999917e-01,3.426134467279817221e-04
2.162853228000000128e-01,3.425963455825234514e-04
2.163238000999999910e-01,3.425279495458722918e-04
2.163718870000000127e-01,3.424424737237559001e-04
2.163911188000000041e-01,3.424082893745074752e-04
2.164391907999999864e-01,3.423228434473529693e-04
2.164488039999999947e-01,3.423057568238536377e-04
2.164776408000000096e-01,3.422545020758781665e-04
2.165449117000000090e-01,3.421349375423539873e-04
2.165833429000000032e-01,3.420666337276928549e-04
2.165929496000000010e-01,3.420495599073720711e-04
2.166697880000000020e-01,3.419130000557766766e-04
2.166793908999999907e-01,3.418959339127223759e-04
2.167081969999999913e-01,3.418447406000388713e-04
2.167561987000000134e-01,3.417594354656555244e-04
2.168137867000000107e-01,3.416570974356453118e-04
2.168521701999999995e-01,3.415888891273365178e-04
2.168905469000000086e-01,3.415206944518460138e-04
2.169097326999999964e-01,3.414866022256284723e-04
2.169864589999999926e-01,3.413502673888595107e-04
2.170152243000000036e-01,3.412991558752691127e-04
2.170535721999999890e-01,3.412310191090093506e-04
2.170631580999999866e-01,3.412139870453858963e-04
2.171302475999999926e-01,3.410947864290267829e-04
2.171589939999999941e-01,3.410437132136985160e-04
2.171973164000000067e-01,3.409756275026521962e-04
2.172164752000000087e-01,3.409415897504290346e-04
2.172739411000000065e-01,3.408394969028826719e-04
2.172835173000000064e-01,3.408224844040892796e-04
2.173122433999999936e-01,3.407714520086284099e-04
2.173218178999999917e-01,3.407544429101200625e-04
2.173601115999999889e-01,3.406864150156023257e-04
2.173983986999999951e-01,3.406184007177303708e-04
2.174749525000000128e-01,3.404824129014550217e-04
2.175036532999999883e-01,3.404314314847093248e-04
2.175132193000000047e-01,3.404144393774787198e-04
2.175992951000000064e-01,3.402615486177889615e-04
2.176184184000000132e-01,3.402275822304780435e-04
2.176757782000000030e-01,3.401257034349244998e-04
2.177331230000000006e-01,3.400238551816045203e-04
2.177426789999999945e-01,3.400068834414591581e-04
2.178191117999999926e-01,3.398711400481924431e-04
2.178286640000000052e-01,3.398541759393912593e-04
2.178573182000000108e-01,3.398032886990380499e-04
2.179241631999999929e-01,3.396845814686006815e-04
2.179337108000000134e-01,3.396676266823171362e-04
2.179718971000000061e-01,3.395998160092341951e-04
2.180482495000000132e-01,3.394642353201357608e-04
2.180577917000000032e-01,3.394472915447726354e-04
2.180768747999999868e-01,3.394134065340802687e-04
2.181150360000000121e-01,3.393456466717296852e-04
2.181341140999999983e-01,3.393117718194697905e-04
2.181627281999999890e-01,3.392609658885893534e-04
2.182008742999999862e-01,3.391932364944008887e-04
2.182294795999999981e-01,3.391424483325664518e-04
2.182771467000000076e-01,3.390578183142865885e-04
2.182866789000000030e-01,3.390408948480398308e-04
2.183152728999999959e-01,3.389901295230300562e-04
2.183629213000000124e-01,3.389055375585911414e-04
2.183915053000000106e-01,3.388547925243897883e-04
2.184200856000000079e-01,3.388040550971592609e-04
2.184296115999999899e-01,3.387871443115949080e-04
2.184391371000000137e-01,3.387702343710789787e-04
2.185153263000000068e-01,3.386349852638872245e-04
2.185914888999999917e-01,3.384997902154439418e-04
2.186200430999999944e-01,3.384491060048467172e-04
2.186581095000000030e-01,3.383815388760449266e-04
2.186866548999999993e-01,3.383308723918547955e-04
2.186961692999999929e-01,3.383139852516807758e-04
2.187342224000000113e-01,3.382464451291984750e-04
2.187437346999999976e-01,3.382295622078767736e-04
2.188483421999999901e-01,3.380439057456800117e-04
2.188863688999999890e-01,3.379764196035296882e-04
2.189528997000000088e-01,3.378583513093756500e-04
2.189624024000000058e-01,3.378414877814414521e-04
2.190004093000000041e-01,3.377740420961051343e-04
2.190479086000000075e-01,3.376897539457112676e-04
2.191238862000000065e-01,3.375549367027665679e-04
2.191428763999999918e-01,3.375212408124752899e-04
2.191903449000000004e-01,3.374370158190586298e-04
2.192283121999999973e-01,3.373696509745851787e-04
2.192567834999999965e-01,3.373191361773655948e-04
2.192757622000000017e-01,3.372854638526845547e-04
2.193326885999999920e-01,3.371844670684953464e-04
2.193801159999999861e-01,3.371003262106979479e-04
2.194275330999999885e-01,3.370162063735967464e-04
2.195318148000000025e-01,3.368312166992379277e-04
2.195602466000000086e-01,3.367807826155097355e-04
2.195981499999999920e-01,3.367135489307538656e-04
2.196455200999999913e-01,3.366295257213220717e-04
2.196834088000000074e-01,3.365623222678770917e-04
2.197118210000000016e-01,3.365119284925717860e-04
2.197212909000000047e-01,3.364951322461816395e-04
2.197307604000000025e-01,3.364783368392590401e-04
2.198727543000000006e-01,3.362265064233006090e-04
2.198822172999999880e-01,3.362097244395926979e-04
2.199106037999999930e-01,3.361593835201225522e-04
2.199389867000000054e-01,3.361090501468860640e-04
2.199579066000000027e-01,3.360754987565144655e-04
2.199862834000000100e-01,3.360251779578884925e-04
2.200241133999999987e-01,3.359580952935260247e-04
2.200524815999999884e-01,3.359077920941170030e-04
2.201092071000000094e-01,3.358072083162376106e-04
2.201375644000000131e-01,3.357569277353302244e-04
2.201848184000000097e-01,3.356731435161013836e-04
2.202509568999999889e-01,3.355558807729481954e-04
2.203170755999999952e-01,3.354386590412755686e-04
2.203265195999999926e-01,3.354219164267248973e-04
2.203548489000000110e-01,3.353716936024251131e-04
2.204020563000000099e-01,3.352880056249678232e-04
2.204114964999999982e-01,3.352712705385889227e-04
2.204398149000000029e-01,3.352210702966497619e-04
2.204681296999999873e-01,3.351708775799840828e-04
2.204775670999999937e-01,3.351541483464756167e-04
2.205530521000000077e-01,3.350203445695802262e-04
2.206379417999999870e-01,3.348698792453055320e-04
2.206568017999999964e-01,3.348364516954501174e-04
2.206662310999999987e-01,3.348197391732527515e-04
2.207039446000000071e-01,3.347528974355271059e-04
2.207416516000000051e-01,3.346860690571919314e-04
2.207793520999999926e-01,3.346192540354376264e-04
2.207887762999999892e-01,3.346025523667450416e-04
2.208076233000000055e-01,3.345691515328868258e-04
2.208170462999999861e-01,3.345524523678478296e-04
2.208453126000000100e-01,3.345023598789894866e-04
2.208641548999999982e-01,3.344689690582428130e-04
2.209206720000000124e-01,3.343688166165907356e-04
2.209300901000000039e-01,3.343521274623506784e-04
2.210054204999999938e-01,3.342186442465210983e-04
2.210148349999999928e-01,3.342019625962392164e-04
2.210807251999999945e-01,3.340852143827620011e-04
2.211465958000000120e-01,3.339685070005885101e-04
2.211654124000000110e-01,3.339351695317890455e-04
2.212406625999999987e-01,3.338018529703227892e-04
2.212594712000000019e-01,3.337685321565345706e-04
2.212688748999999955e-01,3.337518729984946444e-04
2.213440899999999933e-01,3.336186296987721732e-04
2.213816879000000126e-01,3.335520280212766315e-04
2.214568647000000057e-01,3.334188645976810862e-04
2.214944434999999989e-01,3.333523028463080654e-04
2.215414081000000035e-01,3.332691193645289187e-04
2.216071417000000099e-01,3.331526974013810814e-04
2.216728558999999932e-01,3.330363161553260816e-04
2.216822421000000098e-01,3.330196935860861248e-04
2.216916278000000129e-01,3.330030718474519345e-04
2.217103981000000112e-01,3.329698308618497696e-04
2.217197827000000065e-01,3.329532116149029912e-04
2.217573169000000011e-01,3.328867429310861277e-04
2.217948448000000017e-01,3.328202875319853649e-04
2.218417457999999898e-01,3.327372369606759576e-04
2.218605033999999920e-01,3.327040225419445121e-04
2.219073904999999958e-01,3.326210010163880497e-04
2.219167666999999899e-01,3.326043992004220295e-04
2.219730156999999982e-01,3.325048057241796091e-04
2.220479922999999967e-01,3.323720608640473584e-04
2.220573626000000023e-01,3.323554714875261574e-04
2.221416773999999872e-01,3.322062043973201791e-04
2.221604097000000055e-01,3.321730430483574737e-04
2.221697752000000026e-01,3.321564636166817299e-04
2.222165969999999879e-01,3.320735788846133712e-04
2.223102110999999881e-01,3.319078715350387912e-04
2.223570032999999946e-01,3.318250489070712658e-04
2.223663606000000070e-01,3.318084868645413093e-04
2.223944300000000041e-01,3.317588057025341267e-04
2.224318503999999919e-01,3.316925757375704335e-04
2.224412045999999976e-01,3.316760203147941588e-04
2.225066723999999940e-01,3.315601555160072478e-04
2.225160234000000126e-01,3.315436067102672650e-04
2.225814691999999928e-01,3.314277882211789971e-04
2.225908169999999964e-01,3.314112460296182706e-04
2.226095114999999958e-01,3.313781641264964216e-04
2.226188581000000111e-01,3.313616244146595324e-04
2.226468957000000137e-01,3.313120102378985842e-04
2.226936171999999992e-01,3.312293364700443681e-04
2.227216454000000012e-01,3.311797421234974966e-04
2.227683511999999921e-01,3.310971013992654809e-04
2.228150472000000049e-01,3.310144813205471385e-04
2.228430601999999983e-01,3.309649191809988910e-04
2.228710694999999908e-01,3.309153644709510178e-04
2.229177441000000093e-01,3.308327897943067028e-04
2.229457441000000095e-01,3.307832548905757352e-04
2.229550765999999962e-01,3.307667449060519051e-04
2.230297230000000130e-01,3.306346947267657589e-04
2.230577089999999929e-01,3.305851895177987459e-04
2.231136703000000110e-01,3.304862013609856722e-04
2.231416458000000103e-01,3.304367184112411734e-04
2.231789409000000113e-01,3.303707526831131257e-04
2.232069080999999899e-01,3.303212870391117285e-04
2.232628321000000027e-01,3.302223779948927347e-04
2.232907888000000007e-01,3.301729345923892604e-04
2.233373755999999988e-01,3.300905453913823440e-04
2.233560075999999894e-01,3.300575954742991300e-04
2.234863880000000080e-01,3.298270382377997928e-04
2.235050075999999997e-01,3.297941146547097788e-04
2.235143168000000014e-01,3.297776540970536038e-04
2.235608570000000017e-01,3.296953636456741404e-04
2.235887763999999944e-01,3.296459992430136291e-04
2.236259969999999930e-01,3.295801915499690818e-04
2.236539083000000094e-01,3.295308444115740000e-04
2.237004194999999973e-01,3.294486156185663585e-04
2.238120067999999907e-01,3.292513503191451347e-04
2.238491901999999922e-01,3.291856215013685039e-04
2.239235384999999912e-01,3.290542032734319520e-04
2.239328302999999964e-01,3.290377796886063359e-04
2.239607033999999885e-01,3.289885138579896353e-04
2.240071507999999989e-01,3.289064205507189896e-04
2.240628751000000030e-01,3.288079356528479766e-04
2.241093013000000078e-01,3.287258874578132179e-04
2.241464354000000103e-01,3.286602636600981361e-04
2.241557180000000038e-01,3.286438597599862857e-04
2.241835634000000077e-01,3.285946529779365652e-04
2.242578007999999901e-01,3.284634709504267980e-04
2.243691109000000017e-01,3.282667962111041732e-04
2.243969298000000057e-01,3.282176459507649417e-04
2.244062019999999991e-01,3.282012641678824175e-04
2.244340163000000110e-01,3.281521237308747873e-04
2.244432869000000108e-01,3.281357452221617186e-04
2.244525572000000135e-01,3.281193675318275975e-04
2.244803657999999980e-01,3.280702393710473652e-04
2.245081708999999981e-01,3.280211185746173107e-04
2.245174384999999995e-01,3.280047466121521066e-04
2.245267056999999955e-01,3.279883754676787356e-04
2.245452390000000076e-01,3.279556356329475352e-04
2.246286198999999928e-01,3.278083468614135772e-04
2.246749292999999925e-01,3.277265483840351482e-04
2.246934503000000138e-01,3.276938347151354394e-04
2.247304878999999977e-01,3.276284171846856699e-04
2.247397462999999873e-01,3.276120648450899842e-04
2.248230551000000021e-01,3.274649305536651237e-04
2.248415639000000132e-01,3.274322430295285272e-04
2.248508177999999913e-01,3.274159004925145480e-04
2.249248349999999896e-01,3.272851895915083130e-04
2.249618344000000048e-01,3.272198537332232345e-04
2.249895799999999946e-01,3.271708604089248800e-04
2.250265689000000013e-01,3.271055474006735156e-04
2.250450609999999907e-01,3.270728957916977384e-04
2.251005282000000107e-01,3.269749605418592175e-04
2.251190143000000032e-01,3.269423219830249199e-04
2.251467404999999977e-01,3.268933702605825316e-04
2.251837034999999987e-01,3.268281127115905851e-04
2.251929433000000036e-01,3.268118003623558571e-04
2.252576112999999935e-01,3.266976367380416122e-04
2.252853204999999970e-01,3.266487216937247673e-04
2.252945560999999874e-01,3.266324183083002021e-04
2.253222606999999988e-01,3.265835130401419182e-04
2.253407286000000120e-01,3.265509136007759190e-04
2.253684274999999959e-01,3.265020205499942680e-04
2.254053541999999910e-01,3.264368412161943486e-04
2.254884169999999965e-01,3.262902353401854038e-04
2.255160978000000094e-01,3.262413813646721644e-04
2.255622248999999968e-01,3.261599743455309260e-04
2.256267871000000036e-01,3.260460386836403044e-04
2.256913308000000062e-01,3.259321428682715981e-04
2.257005498000000110e-01,3.259158752894907073e-04
2.257097684000000104e-01,3.258996085234600742e-04
2.257282046000000097e-01,3.258670774300338768e-04
2.257742883999999950e-01,3.257857639189548800e-04
2.257835039999999960e-01,3.257695036544754974e-04
2.258111486000000112e-01,3.257207277359788918e-04
2.258756396000000111e-01,3.256069456909609105e-04
2.259309029000000080e-01,3.255094498962086969e-04
2.259585295000000049e-01,3.254607129592232526e-04
2.260045663999999954e-01,3.253795009653347972e-04
2.260321838999999888e-01,3.253307835076038796e-04
2.260690022000000077e-01,3.252658382566841555e-04
2.261426206000000105e-01,3.251359866921760939e-04
2.261518211999999917e-01,3.251197588961979605e-04
2.262070170999999907e-01,3.250224091472608910e-04
2.262530033000000051e-01,3.249413066493195756e-04
2.262805905999999978e-01,3.248926548760640407e-04
2.263173683999999963e-01,3.248277971892514319e-04
2.264000965999999893e-01,3.246819147836262401e-04
2.264368549000000119e-01,3.246170992149833689e-04
2.264460436000000076e-01,3.246008973469768650e-04
2.264736073999999988e-01,3.245522966004214479e-04
2.265103538000000083e-01,3.244875069372429822e-04
2.265195395000000056e-01,3.244713115447050229e-04
2.265838287999999978e-01,3.243579664544073865e-04
2.266113757999999867e-01,3.243094021225522176e-04
2.266664597999999975e-01,3.242122952967701555e-04
2.266939967000000111e-01,3.241637528007730866e-04
2.267215303000000015e-01,3.241152175811103922e-04
2.267582365999999960e-01,3.240505152717337444e-04
2.267674121999999903e-01,3.240343417150139864e-04
2.268408040000000070e-01,3.239049823520322603e-04
2.268683197999999956e-01,3.238564859214444367e-04
2.268866618000000002e-01,3.238241590062789096e-04
2.269141719999999973e-01,3.237756746908488129e-04
2.269508470999999916e-01,3.237110402420678343e-04
2.270241795000000062e-01,3.235818100948974446e-04
2.270608369000000071e-01,3.235172143914581450e-04
2.270883260000000070e-01,3.234687760861669438e-04
2.270974883000000111e-01,3.234526315979492400e-04
2.271066502000000098e-01,3.234364879164813855e-04
2.271707733999999979e-01,3.233235047306247888e-04
2.271799324000000064e-01,3.233073675013359489e-04
2.272440349000000026e-01,3.231944294721668777e-04
2.272531909000000128e-01,3.231782986924982269e-04
2.272806568000000083e-01,3.231299111897452002e-04
2.273081193000000000e-01,3.230815309400545819e-04
2.273538827999999901e-01,3.230009133057121359e-04
2.273813365000000031e-01,3.229525523924651510e-04
2.274270852999999981e-01,3.228719669791232580e-04
2.274636777000000054e-01,3.228075131433614489e-04
2.274728249000000091e-01,3.227914016972395516e-04
2.274911181000000004e-01,3.227591812201698290e-04
2.275002641999999964e-01,3.227430721891431280e-04
2.275459891000000123e-01,3.226625391070158462e-04
2.276008468000000062e-01,3.225659259645046969e-04
2.276739698999999950e-01,3.224371534914303571e-04
2.276831085999999893e-01,3.224210605513701602e-04
2.276922469999999865e-01,3.224049684156092988e-04
2.277196599000000099e-01,3.223566968325199513e-04
2.277562052000000059e-01,3.222923459772172091e-04
2.277927448000000021e-01,3.222280079829249006e-04
2.278292784000000015e-01,3.221636828469172874e-04
2.279114577999999947e-01,3.220189982913617723e-04
2.279297157999999879e-01,3.219868550033075914e-04
2.279844812000000054e-01,3.218904444109451334e-04
2.280118590000000112e-01,3.218422499532780454e-04
2.280483574999999929e-01,3.217780019136628534e-04
2.280757276000000000e-01,3.217298243106745509e-04
2.281213370999999879e-01,3.216495443532225149e-04
2.281304578999999999e-01,3.216334907685045453e-04
2.282034112999999920e-01,3.215050909653464537e-04
2.282307627999999866e-01,3.214569542705121314e-04
2.282581110000000135e-01,3.214088247914030053e-04
2.283674710999999968e-01,3.212163790080107217e-04
2.284221314999999863e-01,3.211201993811279697e-04
2.284494568000000059e-01,3.210721203801178663e-04
2.284767789000000104e-01,3.210240485859686306e-04
2.284858855000000133e-01,3.210080262560037327e-04
2.284949917000000108e-01,3.209920047265062745e-04
2.285132031000000064e-01,3.209599640692175791e-04
2.285587253999999957e-01,3.208798764338107682e-04
2.285678287000000031e-01,3.208638613078662908e-04
2.285951365999999985e-01,3.208158207308277115e-04
2.286224411999999984e-01,3.207677873549202624e-04
2.286588422999999981e-01,3.207037540535143810e-04
2.287043354999999945e-01,3.206237304228413748e-04
2.287771058999999996e-01,3.204957341930334772e-04
2.288043888000000081e-01,3.204477487967946061e-04
2.288407608999999954e-01,3.203837794569218975e-04
2.288862180000000024e-01,3.203038357603855122e-04
2.289225770999999965e-01,3.202398951822767160e-04
2.289952781000000048e-01,3.201120523605351792e-04
2.290043640999999963e-01,3.200960756008413622e-04
2.290316199000000108e-01,3.200481501114979619e-04
2.290588725000000103e-01,3.200002318059554248e-04
2.290770390999999906e-01,3.199682902595041593e-04
2.291042862999999874e-01,3.199203839246438801e-04
2.291496909999999887e-01,3.198405559903146067e-04
2.292132426000000056e-01,3.197288303836628444e-04
2.292495498999999881e-01,3.196650047236475898e-04
2.292949259000000017e-01,3.195852405862973007e-04
2.293221471999999928e-01,3.195373916687786276e-04
2.293584371999999871e-01,3.194736042687734961e-04
2.293856509999999960e-01,3.194257720848583666e-04
2.293947215000000095e-01,3.194098296169248447e-04
2.294672728999999911e-01,3.192823185479330369e-04
2.295126057999999913e-01,3.192026500103299961e-04
2.295760568999999918e-01,3.190911474922482035e-04
2.296576112000000003e-01,3.189478444082236084e-04
2.296757304000000000e-01,3.189160080293862182e-04
2.297119646000000126e-01,3.188523448159757967e-04
2.297210222000000135e-01,3.188364310007823403e-04
2.297300794999999896e-01,3.188205179806425228e-04
2.297844156999999943e-01,3.187250565565403300e-04
2.297934705000000133e-01,3.187091491016694070e-04
2.298658959999999862e-01,3.185819180731976150e-04
2.299021001999999869e-01,3.185183216290985732e-04
2.299292495999999963e-01,3.184706326370949510e-04
2.299473475000000100e-01,3.184388439471051149e-04
2.299654439000000106e-01,3.184070584338698738e-04
2.300106785999999903e-01,3.183276085466674068e-04
2.300468599999999919e-01,3.182640629275142879e-04
2.300830356999999937e-01,3.182005300080275744e-04
2.300920787999999884e-01,3.181846487622607116e-04
2.301101637999999894e-01,3.181528886513628764e-04
2.301192058000000040e-01,3.181370097860269355e-04
2.302547927999999966e-01,3.178989219953147287e-04
2.302999706999999951e-01,3.178195990464769208e-04
2.303090051999999999e-01,3.178037368347811438e-04
2.303632049000000070e-01,3.177085802073958964e-04
2.303722368999999992e-01,3.176927235429846479e-04
2.304083616000000001e-01,3.176293048079942651e-04
2.304535094000000062e-01,3.175500492124152239e-04
2.305167015000000041e-01,3.174391246397101547e-04
2.305257274999999995e-01,3.174232814392745545e-04
2.305528034999999865e-01,3.173757565874621173e-04
2.305798762000000057e-01,3.173282388593003079e-04
2.305979230000000102e-01,3.172965643309357746e-04
2.306249904999999878e-01,3.172490584732880854e-04
2.306610755000000068e-01,3.171857284063996974e-04
2.306971549000000066e-01,3.171224109962113248e-04
2.307422462000000007e-01,3.170432820280691725e-04
2.307963440999999949e-01,3.169483533587561571e-04
2.308143739999999888e-01,3.169167167930835331e-04
2.308414161000000020e-01,3.168692678720937063e-04
2.308684550000000002e-01,3.168218260635454289e-04
2.308774673000000000e-01,3.168060137076133750e-04
2.309405432999999952e-01,3.166953493368971674e-04
2.309585618999999979e-01,3.166637380541864654e-04
2.309765790999999957e-01,3.166321299305070681e-04
2.309855871000000005e-01,3.166163270532119109e-04
2.310306220999999993e-01,3.165373245100233266e-04
2.310576389000000008e-01,3.164899324574668021e-04
2.310846525999999956e-01,3.164425475088724986e-04
2.310936564000000137e-01,3.164267541042426694e-04
2.311206658000000136e-01,3.163793786255923463e-04
2.311656745000000013e-01,3.163004352745022504e-04
2.311746752000000127e-01,3.162846489708989479e-04
2.312466680999999968e-01,3.161583869356306489e-04
2.312736595999999867e-01,3.161110516834108024e-04
2.313456217000000037e-01,3.159848590289658014e-04
2.314085700999999884e-01,3.158744818291477660e-04
2.314175613999999992e-01,3.158587168092114581e-04
2.314445330000000078e-01,3.158114264755163491e-04
2.314625123000000062e-01,3.157799035243985010e-04
2.315523879999999979e-01,3.156223360145636071e-04
2.315973128000000103e-01,3.155435817798217437e-04
2.316062966999999917e-01,3.155278332938581945e-04
2.316332463000000119e-01,3.154805925571816348e-04
2.316691743000000026e-01,3.154176159230387736e-04
2.316781554000000021e-01,3.154018737312953066e-04
2.317320348999999946e-01,3.153074370969993507e-04
2.317410135999999898e-01,3.152917004103949258e-04
2.318128305000000111e-01,3.151658352215607048e-04
2.318397561999999967e-01,3.151186487458535065e-04
2.318487307000000053e-01,3.151029214923635816e-04
2.319474273999999892e-01,3.149299735612281419e-04
2.319833067000000026e-01,3.148671069693389645e-04
2.320281480999999979e-01,3.147885413973715231e-04
2.320371153000000131e-01,3.147728306381741294e-04
2.320640149000000041e-01,3.147257030708895589e-04
2.320909113999999884e-01,3.146785825676239002e-04
2.321088406000000048e-01,3.146471728227517536e-04
2.321715820999999957e-01,3.145372634317906914e-04
2.322343067000000039e-01,3.144273924774716820e-04
2.322432658999999955e-01,3.144116997638350479e-04
2.322522248999999983e-01,3.143960078342978703e-04
2.322790995000000025e-01,3.143489367497601648e-04
2.323059711000000083e-01,3.143018727209305279e-04
2.323238837999999917e-01,3.142705006208745193e-04
2.323507502000000113e-01,3.142234483490678634e-04
2.324581846999999868e-01,3.140353097784521282e-04
2.325387281000000084e-01,3.138942798638511694e-04
2.325566228000000013e-01,3.138629484947568957e-04
2.325655695999999939e-01,3.138472839843858310e-04
2.325924081000000088e-01,3.138002951493443476e-04
2.326013536000000048e-01,3.137846337696247826e-04
2.326371319999999965e-01,3.137219960753378123e-04
2.326729050000000132e-01,3.136593708993815066e-04
2.326818474000000025e-01,3.136437165610317076e-04
2.326997311000000013e-01,3.136124102308091260e-04
2.327801908000000086e-01,3.134715704554351216e-04
2.328159418000000092e-01,3.134089953271690376e-04
2.328427513999999920e-01,3.133620721879080214e-04
2.328784928000000032e-01,3.132995189429234740e-04
2.328874271999999968e-01,3.132838825851538074e-04
2.329231616999999921e-01,3.132213449664099586e-04
2.329678222000000076e-01,3.131431905183603586e-04
2.329946143000000136e-01,3.130963072209911181e-04
2.330303324000000120e-01,3.130338070892692737e-04
2.330392609999999975e-01,3.130181840081074475e-04
2.331106779999999878e-01,3.128932274580637374e-04
2.331285288000000122e-01,3.128619961245558321e-04
2.331374536999999969e-01,3.128463816281762508e-04
2.332445258999999993e-01,3.126590685156673856e-04
2.332802056000000124e-01,3.125966557660989748e-04
2.333515489000000109e-01,3.124718676843364195e-04
2.333782970000000123e-01,3.124250850125837964e-04
2.334228703000000016e-01,3.123471294751747592e-04
2.334496101999999906e-01,3.123003655005162477e-04
2.335298114999999897e-01,3.121601156294720545e-04
2.335387211000000129e-01,3.121445362033580667e-04
2.335565391999999962e-01,3.121133796865226584e-04
2.335654477999999923e-01,3.120978025956820299e-04
2.336367038999999923e-01,3.119732138852512014e-04
2.336634193000000081e-01,3.119265059571855667e-04
2.336723237999999980e-01,3.119109382037633092e-04
2.336812279000000103e-01,3.118953712281387456e-04
2.336990351000000077e-01,3.118642396102152626e-04
2.337524487000000040e-01,3.117708634212259600e-04
2.338058500999999900e-01,3.116775152226331706e-04
2.338236478000000063e-01,3.116464053750780190e-04
2.338414441999999982e-01,3.116152986362378131e-04
2.338503419000000083e-01,3.115997464325863365e-04
2.339659810999999978e-01,3.113976384850321928e-04
2.340371152000000066e-01,3.112733296012339872e-04
2.340637848999999882e-01,3.112267265793453594e-04
2.340993398000000003e-01,3.111646000826731183e-04
2.341260025000000133e-01,3.111180133583844789e-04
2.341704334999999970e-01,3.110403843347198691e-04
2.342059722000000010e-01,3.109782950784760881e-04
2.342415055000000024e-01,3.109162182305536394e-04
2.342770335000000093e-01,3.108541537886231145e-04
2.343036759000000080e-01,3.108076135971651237e-04
2.343214358000000053e-01,3.107765906784976714e-04
2.344102153000000022e-01,3.106215225800376396e-04
2.344634667999999922e-01,3.105285189059740899e-04
2.344900880999999937e-01,3.104820275240041802e-04
2.345255783000000094e-01,3.104200498545133663e-04
2.345521925000000063e-01,3.103735747309386401e-04
2.345610633000000111e-01,3.103580845711090123e-04
2.345965428000000019e-01,3.102961316714908748e-04
2.346054117999999966e-01,3.102806453811776622e-04
2.346320169999999983e-01,3.102341911528919615e-04
2.346763521999999935e-01,3.101567829120749223e-04
2.347384073000000071e-01,3.100484438597015942e-04
2.348093075000000085e-01,3.099246741915527873e-04
2.348181685000000074e-01,3.099092064614217745e-04
2.348358895000000057e-01,3.098782733196756250e-04
2.348447495000000051e-01,3.098628079080954540e-04
2.348713275000000045e-01,3.098164163094220243e-04
2.349156175000000069e-01,3.097391124303184836e-04
2.349421875000000104e-01,3.096927393723768835e-04
2.350218795000000027e-01,3.095536618993744034e-04
2.350307325000000058e-01,3.095382127070835446e-04
2.351015444000000010e-01,3.094146469557462341e-04
2.351192441000000133e-01,3.093837632349465323e-04
2.351280933999999878e-01,3.093683225317732854e-04
2.351634874000000097e-01,3.093065674340189034e-04
2.352342594000000064e-01,3.091830942609482603e-04
2.352431044000000138e-01,3.091676635842868066e-04
2.353138523999999954e-01,3.090442459247037961e-04
2.353403775000000031e-01,3.089979770200697025e-04
2.353668995000000042e-01,3.089517150504525141e-04
2.353757394999999863e-01,3.089362959348656949e-04
2.354022575999999978e-01,3.088900432106066207e-04
2.354376103999999970e-01,3.088283836957140681e-04
2.354552846999999893e-01,3.087975585594462317e-04
2.354817938000000055e-01,3.087513266303578102e-04
2.355083000000000037e-01,3.087051016309459478e-04
2.355171346999999915e-01,3.086896948376253286e-04
2.355878003999999915e-01,3.085664682005034593e-04
2.356584449999999942e-01,3.084432908113607114e-04
2.356672740000000099e-01,3.084278970994121238e-04
2.357202415999999912e-01,3.083355509791855836e-04
2.357643721000000081e-01,3.082586170245929882e-04
2.358261409000000086e-01,3.081509417740036535e-04
2.358702515999999971e-01,3.080740539352146167e-04
2.359496301000000018e-01,3.079357042233101579e-04
2.359760837000000055e-01,3.078896014766819298e-04
2.360113504999999945e-01,3.078281418968853629e-04
2.360906815000000103e-01,3.076899027465602185e-04
2.361083069999999895e-01,3.076591913767961952e-04
2.361171193000000113e-01,3.076438368428986562e-04
2.361523650000000030e-01,3.075824263783296536e-04
2.361611755999999951e-01,3.075670756798296089e-04
2.362316486999999909e-01,3.074442977012483433e-04
2.362932953999999919e-01,3.073369072221501189e-04
2.363021006999999896e-01,3.073215687911493737e-04
2.363285148000000002e-01,3.072755580962312585e-04
2.363725318000000075e-01,3.071988889299265301e-04
2.363901362999999978e-01,3.071682266261911991e-04
2.363989380000000029e-01,3.071528966234149892e-04
2.364693401999999889e-01,3.070302841722554626e-04
2.365045335000000026e-01,3.069689963239455657e-04
2.365309250000000030e-01,3.069230384754798166e-04
2.365397214999999942e-01,3.069077207235459829e-04
2.365661089999999966e-01,3.068617720597374460e-04
2.365836990999999889e-01,3.068311434433671327e-04
2.366364615000000060e-01,3.067392759570840527e-04
2.366452541000000076e-01,3.067239673867500896e-04
2.366716299000000134e-01,3.066780462653639970e-04
2.367155830000000072e-01,3.066015263580248074e-04
2.367243726999999909e-01,3.065862246705698224e-04
2.367507396000000097e-01,3.065403241949639541e-04
2.367771036999999912e-01,3.064944305993447921e-04
2.367946780999999890e-01,3.064638386907212928e-04
2.368210373000000091e-01,3.064179565593748585e-04
2.368473935000000030e-01,3.063720813052658106e-04
2.368561781999999893e-01,3.063567910819171283e-04
2.369527889999999970e-01,3.061886490396553977e-04
2.370054692999999935e-01,3.060969741432159673e-04
2.370669146999999921e-01,3.059900548280647934e-04
2.371371186000000020e-01,3.058679071079303054e-04
2.371458925999999912e-01,3.058526420757129763e-04
2.371985299000000103e-01,3.057610678981465663e-04
2.372160731000000078e-01,3.057305492726467228e-04
2.372423854000000054e-01,3.056847770522667929e-04
2.373476056000000112e-01,3.055017567673989779e-04
2.373739032999999943e-01,3.054560188402712594e-04
2.374089624999999870e-01,3.053950456012564127e-04
2.374264900999999983e-01,3.053645635514003957e-04
2.374527791000000110e-01,3.053188461876633485e-04
2.374878266000000071e-01,3.052579003618509606e-04
2.375141088000000122e-01,3.052121989855474042e-04
2.375666644999999966e-01,3.051208167821890089e-04
2.375929380000000035e-01,3.050751359530127116e-04
2.376192085999999926e-01,3.050294619707083878e-04
2.376542315999999877e-01,3.049685739768193322e-04
2.376629865000000064e-01,3.049533538797470178e-04
2.376892493999999967e-01,3.049076981510793604e-04
2.376980029999999910e-01,3.048924810954487105e-04
2.377767712999999949e-01,3.047555618059428909e-04
2.378730081000000052e-01,3.045882996022292069e-04
2.378992477999999910e-01,3.045426985902960023e-04
2.379866925000000133e-01,3.043907445755004082e-04
2.380129196000000114e-01,3.043451731745764862e-04
2.380478846000000093e-01,3.042844219316484630e-04
2.380828445000000015e-01,3.042236828294744453e-04
2.381177992000000077e-01,3.041629558657144537e-04
2.381265371000000075e-01,3.041477760211278372e-04
2.381876933000000029e-01,3.040415383433994929e-04
2.381964286000000097e-01,3.040263645654460206e-04
2.382226326999999921e-01,3.039808477801258049e-04
2.382924959999999925e-01,3.038595030367992464e-04
2.383186895000000138e-01,3.038140112617958733e-04
2.383274200000000120e-01,3.037988488520598036e-04
2.383536096999999965e-01,3.037533661681003747e-04
2.383623388999999981e-01,3.037382067886114736e-04
2.384059802999999866e-01,3.036624212511925187e-04
2.384757899000000125e-01,3.035412037659873728e-04
2.385019633000000083e-01,3.034957596996388433e-04
2.385281337000000057e-01,3.034503224446794944e-04
2.385368566000000135e-01,3.034351782066483966e-04
2.386066279000000068e-01,3.033140515382335366e-04
2.386153478999999966e-01,3.032989141088923354e-04
2.386763789000000135e-01,3.031929732778421431e-04
2.386850963000000103e-01,3.031778418980074323e-04
2.387112466999999905e-01,3.031324522944356392e-04
2.387461093999999895e-01,3.030719434059393324e-04
2.387548243000000014e-01,3.030568180731243858e-04
2.387722530999999981e-01,3.030265696750537342e-04
2.388158196000000066e-01,3.029509619029285296e-04
2.388506670999999970e-01,3.028904892837778226e-04
2.388767992999999978e-01,3.028451427503537382e-04
2.388942192000000075e-01,3.028149155041327811e-04
2.389551789999999898e-01,3.027091439269886182e-04
2.389900061000000131e-01,3.026487196333616154e-04
2.390248282000000113e-01,3.025883074151971500e-04
2.390335329000000120e-01,3.025732062470855906e-04
2.390509413999999944e-01,3.025430061745354991e-04
2.390857546000000056e-01,3.024826150823829978e-04
2.391031593000000066e-01,3.024524240620878913e-04
2.391640657000000114e-01,3.023467792474499819e-04
2.392336540999999983e-01,3.022260875528626949e-04
2.392423512999999891e-01,3.022110044828604097e-04
2.392684407000000013e-01,3.021657597945622995e-04
2.393379988000000069e-01,3.020451404433664895e-04
2.393640777999999913e-01,3.019999206155434945e-04
2.393727702000000013e-01,3.019848488457545785e-04
2.393814622999999864e-01,3.019697778291044791e-04
2.394509874999999899e-01,3.018492368011092418e-04
2.394683656999999910e-01,3.018191090718615058e-04
2.394770542999999918e-01,3.018040463362476906e-04
2.395204924999999874e-01,3.017287439464971474e-04
2.395465516999999989e-01,3.016835715416610764e-04
2.395812928999999925e-01,3.016233522008350608e-04
2.396073454000000047e-01,3.015781955928611264e-04
2.396507600999999987e-01,3.015029496195588648e-04
2.397288867000000046e-01,3.013675542308734108e-04
2.397896341999999903e-01,3.012622887920809642e-04
2.398850634999999953e-01,3.010969460423340897e-04
2.398937369999999958e-01,3.010819193889652137e-04
2.399284278999999909e-01,3.010218202830808299e-04
2.399370997999999977e-01,3.010067973833474315e-04
2.399631137000000081e-01,3.009617331875187075e-04
2.399891248999999893e-01,3.009166757462110255e-04
2.399977946000000084e-01,3.009016580999094854e-04
2.400064640000000027e-01,3.008866412038901602e-04
2.400238020000000083e-01,3.008566096629172715e-04
2.400758081999999904e-01,3.007665330440262904e-04
2.401278031999999896e-01,3.006764834252714314e-04
2.401451323999999887e-01,3.006464728843954407e-04
2.401971123999999957e-01,3.005564592533578367e-04
2.402750613000000091e-01,3.004214893941351233e-04
2.403010385999999887e-01,3.003765129270345442e-04
2.403096970999999971e-01,3.003615222694141509e-04
2.403789537999999892e-01,3.002416239689950444e-04
2.404741491999999869e-01,3.000768420404916728e-04
2.404828015000000097e-01,3.000618663556553598e-04
2.404914533999999993e-01,3.000468914190788450e-04
2.405174073999999940e-01,3.000019710981337534e-04
2.405606577999999940e-01,2.999271188582201581e-04
2.406211953000000070e-01,2.998223571331766458e-04
2.406298423000000075e-01,2.998073941632975123e-04
2.406903622999999881e-01,2.997026743054269772e-04
2.406990068000000038e-01,2.996877173154731118e-04
2.407162948999999885e-01,2.996578055771918075e-04
2.407249384000000048e-01,2.996428508290467857e-04
2.407508671999999961e-01,2.995979910673802061e-04
2.407940756999999987e-01,2.995232397392394181e-04
2.408545545000000121e-01,2.994186192485421183e-04
2.408631931000000115e-01,2.994036764510292579e-04
2.408977444000000023e-01,2.993439127264061026e-04
2.409322906999999958e-01,2.992841609449787285e-04
2.409581972000000016e-01,2.992393549452228708e-04
2.409754665999999934e-01,2.992094880096051531e-04
2.410013685000000072e-01,2.991646932021520223e-04
2.410272675000000031e-01,2.991199051085858250e-04
2.410963181000000122e-01,2.990005030089290549e-04
2.411049480000000134e-01,2.989855811020756225e-04
2.411394645999999919e-01,2.989259009294981204e-04
2.411739763000000092e-01,2.988662326835764618e-04
2.411826035000000090e-01,2.988513174852433247e-04
2.412429849000000126e-01,2.987469319613530495e-04
2.412688580000000027e-01,2.987022064832851962e-04
2.413205958999999901e-01,2.986127756371156450e-04
2.413464606999999873e-01,2.985680702669493009e-04
2.413895624999999878e-01,2.984935762062955033e-04
2.414068011000000125e-01,2.984637837926306303e-04
2.414154199000000112e-01,2.984488887021103688e-04
2.414498921999999881e-01,2.983893157819311813e-04
2.414843594999999954e-01,2.983297547667809312e-04
2.415446655000000054e-01,2.982255516296665855e-04
2.415791193000000059e-01,2.981660233409363253e-04
2.415963442999999877e-01,2.981362636579341962e-04
2.416221795999999866e-01,2.980916297088916957e-04
2.416480121000000036e-01,2.980470024495498549e-04
2.416566223000000124e-01,2.980321281830720622e-04
2.416824512000000091e-01,2.979875098420795162e-04
2.417599210999999970e-01,2.978536949404491491e-04
2.418029492000000058e-01,2.977793793255118339e-04
2.418631757999999965e-01,2.976753686502943311e-04
2.419319876999999896e-01,2.975565438429654888e-04
2.419405877999999954e-01,2.975416940813782173e-04
2.419577871999999963e-01,2.975119967838971537e-04
2.420695529000000124e-01,2.973190366699119975e-04
2.421039319999999939e-01,2.972596895381566292e-04
2.421383061999999864e-01,2.972003542662314361e-04
2.421468989999999988e-01,2.971855223010833459e-04
2.421726755999999980e-01,2.971410308517362657e-04
2.421984493000000072e-01,2.970965460709527818e-04
2.423358633000000095e-01,2.968594064885963211e-04
2.423530345000000086e-01,2.968297773682069965e-04
2.423702045999999999e-01,2.968001512084776552e-04
2.424045410000000011e-01,2.967409077697635280e-04
2.424474547999999896e-01,2.966668701199309225e-04
2.424903609000000071e-01,2.965928509640115320e-04
2.425075211999999925e-01,2.965632484788507353e-04
2.425589948999999912e-01,2.964744587704012469e-04
2.426104575999999957e-01,2.963856956759522584e-04
2.426533348999999895e-01,2.963117467547838799e-04
2.426790577000000060e-01,2.962673862689720636e-04
2.426876313000000118e-01,2.962526009179295610e-04
2.427219227999999895e-01,2.961934669005746143e-04
2.427562094999999864e-01,2.961343447003136832e-04
2.427647804999999992e-01,2.961195659964423296e-04
2.427819213999999892e-01,2.960900108038123728e-04
2.427904914000000025e-01,2.960752343149633471e-04
2.428333369000000019e-01,2.960013629442861710e-04
2.428590405999999924e-01,2.959570489792371826e-04
2.428933078999999939e-01,2.958979740241734265e-04
2.429190052000000100e-01,2.958536755553726029e-04
2.429532641000000104e-01,2.957946212583103607e-04
2.429618280999999991e-01,2.957798595279524222e-04
2.429703917000000102e-01,2.957650985351884432e-04
2.430645720999999870e-01,2.956027762824896309e-04
2.431672726999999923e-01,2.954257991794382687e-04
2.431758290999999905e-01,2.954110558765840481e-04
2.432014966000000111e-01,2.953668303877417809e-04
2.432271614000000026e-01,2.953226115275786731e-04
2.432442696999999876e-01,2.952931359694172236e-04
2.432699298999999871e-01,2.952489281546458221e-04
2.433041394000000079e-01,2.951899947084373182e-04
2.433297933000000135e-01,2.951458023526697854e-04
2.434323820000000027e-01,2.949690991553866070e-04
2.434494759999999980e-01,2.949396589213505639e-04
2.435007505000000017e-01,2.948513558689907967e-04
2.435092952000000033e-01,2.948366412670410763e-04
2.435776420999999914e-01,2.947189509153025203e-04
2.435861840999999917e-01,2.947042429287028320e-04
2.436118083000000101e-01,2.946601233778544564e-04
2.436459698000000007e-01,2.946013075963659338e-04
2.437228154999999952e-01,2.944690150583258452e-04
2.437825677000000080e-01,2.943661619822593727e-04
2.437911024999999954e-01,2.943514716218699630e-04
2.438167052000000112e-01,2.943074049448147133e-04
2.438593703999999973e-01,2.942339751597270294e-04
2.438764344000000084e-01,2.942046083816357636e-04
2.438849659000000003e-01,2.941899260931529411e-04
2.439190891000000139e-01,2.941312042740048226e-04
2.439873211999999958e-01,2.940137958376869078e-04
2.440129033000000003e-01,2.939697797716637876e-04
2.440214300000000114e-01,2.939551092157851112e-04
2.440470086000000038e-01,2.939111019458153407e-04
2.440640594000000052e-01,2.938817674300785382e-04
2.441237280999999926e-01,2.937791197068133440e-04
2.441492959000000074e-01,2.937351388140371344e-04
2.442004234000000051e-01,2.936471968034872057e-04
2.442941295999999929e-01,2.934860382402057900e-04
2.443367113999999896e-01,2.934128136229215340e-04
2.444048268000000024e-01,2.932956922780933064e-04
2.444218526999999974e-01,2.932664192558544062e-04
2.444303651999999993e-01,2.932517838415896324e-04
2.444984545999999981e-01,2.931347268492113145e-04
2.445239831999999891e-01,2.930908425384024093e-04
2.445324922000000067e-01,2.930762158964530834e-04
2.445580172000000052e-01,2.930323403553015417e-04
2.445665250000000068e-01,2.930177166363266326e-04
2.446345763999999978e-01,2.929007531841379603e-04
2.446770990000000090e-01,2.928276747639200930e-04
2.447026089999999876e-01,2.927838364741917432e-04
2.447366182000000057e-01,2.927253956416377514e-04
2.447961227999999878e-01,2.926231522846584011e-04
2.448046222999999966e-01,2.926085490095976858e-04
2.448301190000000127e-01,2.925647435623372305e-04
2.448641105000000096e-01,2.925063465121466614e-04
2.448726075999999863e-01,2.924917490730679802e-04
2.449320792999999941e-01,2.923895874187868935e-04
2.449405739999999942e-01,2.923749958132511166e-04
2.449490685000000056e-01,2.923604049368041667e-04
2.450085216000000010e-01,2.922582892115087923e-04
2.450170137000000081e-01,2.922437041660281946e-04
2.451019187000000044e-01,2.920978937833788565e-04
2.451104075999999965e-01,2.920833167516847790e-04
2.451358724999999905e-01,2.920395900259760077e-04
2.452122512999999893e-01,2.919084491673578871e-04
2.452207362999999918e-01,2.918938816007424328e-04
2.452377055999999944e-01,2.918647486509049643e-04
2.452461897999999862e-01,2.918501832674940278e-04
2.452886062999999894e-01,2.917773672660805661e-04
2.453140527000000071e-01,2.917336863959135436e-04
2.453394963999999956e-01,2.916900120724363063e-04
2.453734173000000074e-01,2.916317898238482377e-04
2.454158117999999944e-01,2.915590283739252168e-04
2.454242898000000006e-01,2.915444782651255002e-04
2.454751518000000132e-01,2.914571928768234111e-04
2.454836277999999927e-01,2.914426478558506100e-04
2.454921035000000029e-01,2.914281035617793665e-04
2.455175287999999956e-01,2.913844750389136423e-04
2.455514250999999981e-01,2.913263138468860430e-04
2.456446157999999935e-01,2.911664304903891420e-04
2.456530859000000122e-01,2.911518999966388648e-04
2.456784945000000109e-01,2.911083128709867599e-04
2.456954322000000079e-01,2.910792584165717472e-04
2.457885682000000016e-01,2.909195108037486346e-04
2.458224271999999988e-01,2.908614425270804695e-04
2.458308912000000124e-01,2.908469272711975838e-04
2.458985927000000016e-01,2.907308313281800182e-04
2.459239759000000081e-01,2.906873073117789740e-04
2.459578162000000123e-01,2.906292854371919339e-04
2.460170254999999861e-01,2.905277750547657608e-04
2.460254828000000005e-01,2.905132764696316951e-04
2.460508530000000138e-01,2.904697850601214168e-04
2.460593091000000121e-01,2.904552893720292782e-04
2.461269477999999955e-01,2.903393499380115374e-04
2.461607601999999950e-01,2.902813975966231407e-04
2.461692125000000120e-01,2.902669113210292352e-04
2.462283710000000014e-01,2.901655276541717098e-04
2.463044108999999926e-01,2.900352293165410814e-04
2.463213055000000040e-01,2.900062820862872050e-04
2.463635369000000130e-01,2.899339266645767550e-04
2.463973167999999880e-01,2.898760553401016427e-04
2.464310920999999988e-01,2.898181955804075101e-04
2.464395352000000039e-01,2.898037324470409968e-04
2.464564204999999952e-01,2.897748083482726169e-04
2.464901877000000019e-01,2.897169688209436924e-04
2.465070695000000089e-01,2.896880533916546181e-04
2.465914613999999894e-01,2.895435195788611258e-04
2.466420826999999871e-01,2.894568339472493117e-04
2.466673893999999922e-01,2.894135008755105301e-04
2.466926936000000126e-01,2.893701742983272930e-04
2.467011276999999947e-01,2.893557335489736087e-04
2.467348614000000051e-01,2.892979777663294279e-04
2.467685904999999957e-01,2.892402335251363101e-04
2.468360347999999926e-01,2.891247796576411062e-04
2.468444640000000134e-01,2.891103511686886124e-04
2.468697499999999989e-01,2.890670700270304549e-04
2.469118875999999907e-01,2.889949492055653765e-04
2.469371666999999881e-01,2.889516853599551679e-04
2.469624431999999925e-01,2.889084279986423791e-04
2.469708680999999906e-01,2.888940103189807933e-04
2.469961411000000107e-01,2.888507616019967469e-04
2.470045649000000010e-01,2.888363468035294135e-04
2.470466795000000049e-01,2.887642836127670082e-04
2.470719447999999985e-01,2.887210543388589630e-04
2.471393063000000001e-01,2.886058079478423023e-04
2.471729802000000031e-01,2.885482020242596964e-04
2.472403140999999971e-01,2.884330247090008989e-04
2.472487295999999946e-01,2.884186307812999978e-04
2.472655596999999983e-01,2.883898450833717771e-04
2.473160429000000049e-01,2.883035052457888449e-04
2.473412806999999991e-01,2.882603450320779764e-04
2.473749271000000027e-01,2.882028081427265558e-04
2.474001589000000001e-01,2.881596630211410992e-04
2.474422061000000062e-01,2.880877688547274647e-04
2.474758387999999865e-01,2.880302664516026898e-04
2.475178731000000076e-01,2.879584046061143426e-04
2.475346848999999960e-01,2.879296648941308831e-04
2.476103236999999957e-01,2.878003717234871176e-04
2.476439334999999964e-01,2.877429267509793538e-04
2.476523351999999900e-01,2.877285673017562512e-04
2.476775387000000050e-01,2.876854932578754975e-04
2.477195389000000081e-01,2.876137175308765516e-04
2.477699295999999940e-01,2.875276103232592031e-04
2.477783271000000009e-01,2.875132616314564457e-04
2.478371014000000094e-01,2.874128408592439604e-04
2.478454965999999926e-01,2.873984979014209545e-04
2.478538915000000065e-01,2.873841556601322567e-04
2.478790744999999907e-01,2.873411332358295810e-04
2.479881714000000126e-01,2.871547772284930677e-04
2.480468959999999889e-01,2.870544818101103293e-04
2.480552839999999870e-01,2.870401567563604585e-04
2.480720593999999890e-01,2.870115087961857864e-04
2.481056066000000004e-01,2.869542214627872540e-04
2.481223785999999987e-01,2.869255820890899769e-04
2.481475343000000000e-01,2.868826283940790903e-04
2.481726874999999888e-01,2.868396811368307989e-04
2.481810714000000084e-01,2.868253668149362738e-04
2.482062211999999934e-01,2.867824281397866101e-04
2.482565132000000008e-01,2.866965700951182696e-04
2.482816552999999871e-01,2.866536507236376748e-04
2.483486886999999865e-01,2.865392305118889165e-04
2.483738215000000082e-01,2.864963347218489414e-04
2.483821985999999926e-01,2.864820375538855782e-04
2.484575793000000088e-01,2.863533951817318350e-04
2.484743275000000085e-01,2.863248158426205843e-04
2.484827011000000085e-01,2.863105272438305868e-04
2.485161928999999881e-01,2.862533799876366644e-04
2.485245651999999916e-01,2.862390949580735037e-04
2.485496802000000116e-01,2.861962441510541464e-04
2.485747927999999995e-01,2.861533997664979364e-04
2.487086833999999913e-01,2.859250048079076774e-04
2.487254145999999999e-01,2.858964682733007253e-04
2.487505094000000139e-01,2.858536688180102268e-04
2.488759453000000121e-01,2.856397677405186951e-04
2.488843054000000055e-01,2.856255133676723372e-04
2.489093842000000001e-01,2.855827545217298085e-04
2.489261020000000102e-01,2.855542521849373586e-04
2.489511765000000099e-01,2.855115040193436878e-04
2.489846052999999948e-01,2.854545164313304064e-04
2.490096739000000059e-01,2.854117832137802440e-04
2.490598036999999987e-01,2.853263359916192099e-04
2.490848647999999999e-01,2.852836219850769404e-04
2.491099233000000079e-01,2.852409143804364119e-04
2.491182755999999943e-01,2.852266799346258241e-04
2.491266276000000113e-01,2.852124461999292382e-04
2.491767337999999943e-01,2.851270587247304103e-04
2.491934336000000139e-01,2.850986019207189023e-04
2.492518742000000009e-01,2.849990254963496333e-04
2.492602217999999870e-01,2.849848031356116800e-04
2.492769159999999873e-01,2.849563605456786539e-04
2.492852627000000099e-01,2.849421403164663965e-04
2.493854013000000036e-01,2.847715529712309943e-04
2.494104296000000109e-01,2.847289221129276158e-04
2.494604787999999962e-01,2.846436795635328386e-04
2.494854995999999936e-01,2.846010678702724935e-04
2.495271954000000125e-01,2.845300625731880199e-04
2.495522095999999912e-01,2.844874679082507081e-04
2.495855579000000046e-01,2.844306849521570173e-04
2.496439065999999929e-01,2.843313420806076815e-04
2.496522411000000052e-01,2.843171530779493731e-04
2.496605752000000122e-01,2.843029647840346211e-04
2.497105742999999878e-01,2.842178499054805402e-04
2.497189065000000041e-01,2.842036665729783082e-04
2.497522325000000043e-01,2.841469403282869018e-04
2.497772241000000004e-01,2.841044030838434055e-04
2.497938838000000050e-01,2.840760484626897757e-04
2.498605114000000127e-01,2.839626583068796195e-04
2.498854920999999951e-01,2.839201486816543963e-04
2.499520953000000101e-01,2.838068208259197120e-04
2.499770668999999890e-01,2.837643345567747422e-04
2.499853901999999906e-01,2.837501738821132831e-04
