q,I
2.039995199999999811e-03,3.289401932321980426e-03
2.884988900000000096e-03,3.289327595883877707e-03
4.079990399999999622e-03,3.289178928406028945e-03
4.561568000000000220e-03,3.289104597366192262e-03
5.769977800000000191e-03,3.288881615042464450e-03
6.119985599999999866e-03,3.288807291199663269e-03
6.451031299999999968e-03,3.288732969156006689e-03
7.355307299999999833e-03,3.288510013819429239e-03
8.159980799999999243e-03,3.288287074673477018e-03
8.411115699999999196e-03,3.288212765222527263e-03
8.654966599999999385e-03,3.288138457570347409e-03
9.123135799999999504e-03,3.287989847662121760e-03
1.019997589999999989e-02,3.287618354366850064e-03
1.040197520000000000e-02,3.287544061103185328e-03
1.098571020000000016e-02,3.287321192102148591e-03
1.153995529999999985e-02,3.287098339285064036e-03
1.189511369999999950e-02,3.286949779730815018e-03
1.223997100000000053e-02,3.286801227368503584e-03
1.240880609999999926e-02,3.286726953884208397e-03
1.290206219999999980e-02,3.286504144218225891e-03
1.306234239999999949e-02,3.286429877925042126e-03
1.368470339999999959e-02,3.286132830728456713e-03
1.427996599999999984e-02,3.285835812291506598e-03
1.442494390000000071e-02,3.285761562175605003e-03
1.471061409999999993e-02,3.285613067335507557e-03
1.485138870000000076e-02,3.285538822611205889e-03
1.553614000000000037e-02,3.285167625945383928e-03
1.593287120000000043e-02,3.284944929508756568e-03
1.631996089999999955e-02,3.284722249242755677e-03
1.644696630000000090e-02,3.284648026080668696e-03
1.682223050000000025e-02,3.284425367373558328e-03
1.730993239999999850e-02,3.284128514246976039e-03
1.742972569999999902e-02,3.284054305456007936e-03
1.754870130000000042e-02,3.283980098461224129e-03
1.824627070000000087e-02,3.283534894209742989e-03
1.835995569999999966e-02,3.283460699786933026e-03
1.847294110000000100e-02,3.283386507159933090e-03
1.880782519999999944e-02,3.283163940053336356e-03
1.924527490000000132e-02,3.282867209049765422e-03
1.935309240000000069e-02,3.282793030787591656e-03
2.009162109999999835e-02,3.282273833220843498e-03
2.019492059999999922e-02,3.282199669320539064e-03
2.039995039999999843e-02,3.282051346904953353e-03
2.050169640000000168e-02,3.281977188389582738e-03
2.080394890000000080e-02,3.281754723612599102e-03
2.100303430000000082e-02,3.281606422735105447e-03
2.129817330000000064e-02,3.281383984878656190e-03
2.168544450000000137e-02,3.281087426193087138e-03
2.197141860000000058e-02,3.280865026019543287e-03
2.206591980000000008e-02,3.280790896216823418e-03
2.243994499999999934e-02,3.280494394946923808e-03
2.253248119999999924e-02,3.280420274114466406e-03
2.280783739999999934e-02,3.280197922380429301e-03
2.307990860000000075e-02,3.279975586790381988e-03
2.325952140000000015e-02,3.279827372031955072e-03
2.379022509999999951e-02,3.279382770800356225e-03
2.387752890000000017e-02,3.279308676871796335e-03
2.447993949999999891e-02,3.278790069579615683e-03
2.456479220000000116e-02,3.278715989995559243e-03
2.464935279999999965e-02,3.278641912204357297e-03
2.481760959999999849e-02,3.278493762000324763e-03
2.490131170000000130e-02,3.278419689587410476e-03
2.523334379999999863e-02,3.278123417862001919e-03
2.556106320000000112e-02,3.277827174816353752e-03
2.580412149999999905e-02,3.277605011351438294e-03
2.596489630000000173e-02,3.277456911335710227e-03
2.612468180000000056e-02,3.277308818488278066e-03
2.651993379999999928e-02,3.276938617728481287e-03
2.659827940000000085e-02,3.276864582951948858e-03
2.683194360000000153e-02,3.276642489372362695e-03
2.721692649999999866e-02,3.276272369237045665e-03
2.736940339999999888e-02,3.276124333722560920e-03
2.744532419999999931e-02,3.276050318652205286e-03
2.774693010000000085e-02,3.275754276282248460e-03
2.834051430000000121e-02,3.275162277507844260e-03
2.841384049999999897e-02,3.275088285719420563e-03
2.855992799999999832e-02,3.274940307514291431e-03
2.863269220000000045e-02,3.274866321097496223e-03
2.884988380000000005e-02,3.274644372589683664e-03
2.899377430000000047e-02,3.274496415869469074e-03
2.920828110000000047e-02,3.274274494215747948e-03
2.942122390000000143e-02,3.274052588672798393e-03
2.970277299999999829e-02,3.273756739674608084e-03
3.012016249999999867e-02,3.273313019869360414e-03
3.032670299999999999e-02,3.273091184125436794e-03
3.059992200000000162e-02,3.272795428184259101e-03
3.066784640000000048e-02,3.272721493671991444e-03
3.087072290000000135e-02,3.272499700869725432e-03
3.107227489999999856e-02,3.272277924168313576e-03
3.113916889999999993e-02,3.272204002178908874e-03
3.120591959999999970e-02,3.272130081978317194e-03
3.166923519999999964e-02,3.271612690656634445e-03
3.173487090000000344e-02,3.271538784764751930e-03
3.186573689999999681e-02,3.271390978346127958e-03
3.193096869999999948e-02,3.271317077819261600e-03
3.225514909999999819e-02,3.270947602007727700e-03
3.263991580000000226e-02,3.270504290037890872e-03
3.270360349999999749e-02,3.270430410966945756e-03
3.289392669999999935e-02,3.270208784480072191e-03
3.295712349999999763e-02,3.270134912559615175e-03
3.320870809999999784e-02,3.269839442752420309e-03
3.345840099999999873e-02,3.269544001542425138e-03
3.364445469999999966e-02,3.269322439400089517e-03
3.376792089999999802e-02,3.269174740240272849e-03
3.395227840000000080e-02,3.268953204902268553e-03
3.419654240000000178e-02,3.268657849466209513e-03
3.461985769999999935e-02,3.268141046235027974e-03
3.467990950000000155e-02,3.268067224347435962e-03
3.473985749999999872e-02,3.267993404246068764e-03
3.485944419999999905e-02,3.267845769401806280e-03
3.491908400000000301e-02,3.267771954658829029e-03
3.509739530000000052e-02,3.267550521145929504e-03
3.521576790000000012e-02,3.267402907733566678e-03
3.562697489999999689e-02,3.266886317040825112e-03
3.568533189999999883e-02,3.266812525512733604e-03
3.609118929999999975e-02,3.266296034805913056e-03
3.614879690000000201e-02,3.266222257560053195e-03
3.632107169999999885e-02,3.266000936532769544e-03
3.649253310000000194e-02,3.265779631569868356e-03
3.671990299999999818e-02,3.265484583272960668e-03
3.677652580000000115e-02,3.265410825660373679e-03
3.694587359999999820e-02,3.265189563529845990e-03
3.722640800000000250e-02,3.264820829000270215e-03
3.744932249999999990e-02,3.264525873492483965e-03
3.750484409999999685e-02,3.264452139075691220e-03
3.761564139999999667e-02,3.264304675593955769e-03
3.794609239999999911e-02,3.263862327960389501e-03
3.811024350000000172e-02,3.263641178222879014e-03
3.832801789999999709e-02,3.263346336874461354e-03
3.849054019999999937e-02,3.263125224587781498e-03
3.870617500000000238e-02,3.262830433169321576e-03
3.875989619999999775e-02,3.262756739772207804e-03
3.881354310000000030e-02,3.262683048158022438e-03
3.897404079999999826e-02,3.262461984012505079e-03
3.918701509999999999e-02,3.262167256776475361e-03
3.924007809999999902e-02,3.262093579423958230e-03
3.939883820000000120e-02,3.261872558061211253e-03
3.960952859999999909e-02,3.261577887863780206e-03
4.007953250000000078e-02,3.260914984172594289e-03
4.018323120000000248e-02,3.260767691841827236e-03
4.023498040000000192e-02,3.260694048348997294e-03
4.038983000000000156e-02,3.260473128560062613e-03
4.049273419999999818e-02,3.260325857608336892e-03
4.064660190000000256e-02,3.260104964541110824e-03
4.079988930000000291e-02,3.259884087505247191e-03
4.085085730000000137e-02,3.259810465388943233e-03
4.100338109999999980e-02,3.259589609726310476e-03
4.105409649999999799e-02,3.259515994734058300e-03
4.125633449999999841e-02,3.259221552573516971e-03
4.130673929999999910e-02,3.259147946485282075e-03
4.160788569999999964e-02,3.258706347348255296e-03
4.185718599999999762e-02,3.258338397028612190e-03
4.200605599999999995e-02,3.258117648199157154e-03
4.205556230000000173e-02,3.258044068816134085e-03
4.244953370000000004e-02,3.257455497827267937e-03
4.259633349999999985e-02,3.257234813071314180e-03
4.283988209999999713e-02,3.256867040733673040e-03
4.288842589999999899e-02,3.256793491604081242e-03
4.303372860000000133e-02,3.256572854890296687e-03
4.322670569999999962e-02,3.256278697511918920e-03
4.327481560000000227e-02,3.256205162614663785e-03
4.337087509999999757e-02,3.256058098156562781e-03
4.361009829999999698e-02,3.255690468138566860e-03
4.365778569999999997e-02,3.255616947470709767e-03
4.380053619999999676e-02,3.255396396137727032e-03
4.394282299999999891e-02,3.255175860809739370e-03
4.403742540000000344e-02,3.255028846148783073e-03
4.413182499999999953e-02,3.254881838600235527e-03
4.455414840000000015e-02,3.254220392638144162e-03
4.474056810000000273e-02,3.253926462874573607e-03
4.478705179999999814e-02,3.253852984877343094e-03
4.487987470000000256e-02,3.253706034214931108e-03
4.492621420000000171e-02,3.253632561549660296e-03
4.506494700000000103e-02,3.253412154217121509e-03
4.515719859999999669e-02,3.253265224880950643e-03
4.529522390000000065e-02,3.253044844204170619e-03
4.561565869999999884e-02,3.252530684813249081e-03
4.584316940000000146e-02,3.252163481402802793e-03
4.602436819999999873e-02,3.251869750648471013e-03
4.615980060000000190e-02,3.251649471232342763e-03
4.624986849999999927e-02,3.251502627168319746e-03
4.651902589999999671e-02,3.251062137596594150e-03
4.656373419999999819e-02,3.250988728882958124e-03
4.660839960000000282e-02,3.250915321944906552e-03
4.691986699999999705e-02,3.250401523091229605e-03
4.696419369999999677e-02,3.250328130356242105e-03
4.709692359999999994e-02,3.250107962802197686e-03
4.731731260000000133e-02,3.249741052378954474e-03
4.744905459999999853e-02,3.249520927423104992e-03
4.758043189999999756e-02,3.249300818439354154e-03
4.762414379999999753e-02,3.249227452327241132e-03
4.775503939999999753e-02,3.249007364637666352e-03
4.779859160000000246e-02,3.248934005623244688e-03
4.801576009999999894e-02,3.248567237164883166e-03
4.814559110000000280e-02,3.248347197379239642e-03
4.836120139999999790e-02,3.247980499881406372e-03
4.849010740000000291e-02,3.247760502667667616e-03
4.866145090000000006e-02,3.247467197879258527e-03
4.895985910000000274e-02,3.246953982773562956e-03
4.900234049999999814e-02,3.246880673422569176e-03
4.904478510000000180e-02,3.246807365844604169e-03
4.912956429999999763e-02,3.246660756007594371e-03
4.929868529999999888e-02,3.246367557607947232e-03
4.934087499999999932e-02,3.246294262439938967e-03
4.938302859999999656e-02,3.246220969044581739e-03
4.963519859999999950e-02,3.245781245895953005e-03
4.967710250000000050e-02,3.245707964908003777e-03
4.980260260000000244e-02,3.245488132577773344e-03
5.001106959999999935e-02,3.245121780803433310e-03
5.017721960000000314e-02,3.244828731279113167e-03
5.038413659999999711e-02,3.244462459237863056e-03
5.046666589999999897e-02,3.244315962822388009e-03
5.050787989999999672e-02,3.244242717271803630e-03
5.067240099999999886e-02,3.243949752783011151e-03
5.099985089999999749e-02,3.243363908820477617e-03
5.104063439999999979e-02,3.243290686294430809e-03
5.112210379999999887e-02,3.243144246554684543e-03
5.116278989999999832e-02,3.243071029340910058e-03
5.136573690000000025e-02,3.242704969831024416e-03
5.148712109999999814e-02,3.242485355370659360e-03
5.160821980000000059e-02,3.242265756842970057e-03
5.164852290000000040e-02,3.242192560874111121e-03
5.192976900000000062e-02,3.241680238652849474e-03
5.200984570000000140e-02,3.241533876804201728e-03
5.212973010000000046e-02,3.241314347303900830e-03
5.224933949999999855e-02,3.241094833729744017e-03
5.228914839999999897e-02,3.241021666077252127e-03
5.244808220000000271e-02,3.240729013160810901e-03
5.264607470000000344e-02,3.240363236822016869e-03
5.292201970000000311e-02,3.239851224243449086e-03
5.296132299999999765e-02,3.239778086664352793e-03
5.303984240000000211e-02,3.239631816812006682e-03
5.307905849999999814e-02,3.239558684538627626e-03
5.319653330000000124e-02,3.239339298329153415e-03
5.339175040000000011e-02,3.238973690012942643e-03
5.354741159999999722e-02,3.238681235186260422e-03
5.366386120000000287e-02,3.238461912629685135e-03
5.385738429999999827e-02,3.238096410390663062e-03
5.389600549999999657e-02,3.238023315245730591e-03
5.401170360000000226e-02,3.237804040415946140e-03
5.420398480000000047e-02,3.237438617713346220e-03
5.431902689999999756e-02,3.237219385298075076e-03
5.443382580000000193e-02,3.237000168785975074e-03
5.473877910000000263e-02,3.236415669159974258e-03
5.481475239999999971e-02,3.236269561919622329e-03
5.489062050000000081e-02,3.236123461744976060e-03
5.492851530000000121e-02,3.236050414307199957e-03
5.507983360000000272e-02,3.235758242218529559e-03
5.511759819999999949e-02,3.235685203611737577e-03
5.523073729999999903e-02,3.235466098387655004e-03
5.541878909999999742e-02,3.235100958332175203e-03
5.549383139999999881e-02,3.234954914670232305e-03
5.568099469999999995e-02,3.234589836412817433e-03
5.571835189999999743e-02,3.234516826057669530e-03
5.601631270000000107e-02,3.233932806764958784e-03
5.612764020000000215e-02,3.233713828653569412e-03
5.627573429999999793e-02,3.233421882545956232e-03
5.642343970000000125e-02,3.233129964672897504e-03
5.657075939999999664e-02,3.232838075031474988e-03
5.668099790000000193e-02,3.232619176325683599e-03
5.671769649999999774e-02,3.232546213618816850e-03
5.682764989999999905e-02,3.232327336082659649e-03
5.690083420000000003e-02,3.232181426545216018e-03
5.711982439999999800e-02,3.231743740264720645e-03
5.715624119999999919e-02,3.231670798724227238e-03
5.726535270000000094e-02,3.231451984684008578e-03
5.744674450000000071e-02,3.231087329885014812e-03
5.748295419999999850e-02,3.231014404215029872e-03
5.759144669999999994e-02,3.230795637783868968e-03
5.769973510000000333e-02,3.230576887219913616e-03
5.773578619999999995e-02,3.230503973891136592e-03
5.777181470000000013e-02,3.230431062325170386e-03
5.798751569999999883e-02,3.229993629946612248e-03
5.802338790000000079e-02,3.229920730719294808e-03
5.805923799999999912e-02,3.229847833254482006e-03
5.834524540000000231e-02,3.229264716979775383e-03
5.841652840000000069e-02,3.229118955532732805e-03
5.845213739999999963e-02,3.229046077452242709e-03
5.873623160000000093e-02,3.228463116234097426e-03
5.884241330000000020e-02,3.228244534844544860e-03
5.887776470000000151e-02,3.228171677904318783e-03
5.915981499999999754e-02,3.227588885788785621e-03
5.919497680000000012e-02,3.227516044699468237e-03
5.930033710000000291e-02,3.227297531997256209e-03
5.940551060000000272e-02,3.227079035142730191e-03
5.947552290000000103e-02,3.226933379376684553e-03
5.958038699999999854e-02,3.226714908932160324e-03
5.971991950000000299e-02,3.226423639652808116e-03
5.999801099999999693e-02,3.225841185585995481e-03
6.003268190000000254e-02,3.225768386747890175e-03
6.024028800000000294e-02,3.225331630675500657e-03
6.027481950000000005e-02,3.225258844155737010e-03
6.041274809999999662e-02,3.224967715672059834e-03
6.055036250000000314e-02,3.224676615338825138e-03
6.058471719999999894e-02,3.224603844653665084e-03
6.065336839999999757e-02,3.224458308560889438e-03
6.085885719999999804e-02,3.224021742499133016e-03
6.113176780000000032e-02,3.223439752908735176e-03
6.119980530000000002e-02,3.223294273096572946e-03
6.123379560000000166e-02,3.223221535828023083e-03
6.133565380000000067e-02,3.223003334572208372e-03
6.136956899999999882e-02,3.222930604336706265e-03
6.150504259999999696e-02,3.222639700975547805e-03
6.167396609999999807e-02,3.222276111327753486e-03
6.174140610000000001e-02,3.222130687773064762e-03
6.194328550000000044e-02,3.221694459290873336e-03
6.204397889999999777e-02,3.221476368774867007e-03
6.214450920000000322e-02,3.221258294073974220e-03
6.217798310000000050e-02,3.221185606021237206e-03
6.227829700000000329e-02,3.220967552405203538e-03
6.241179809999999883e-02,3.220676838847128486e-03
6.244512879999999933e-02,3.220604164849569066e-03
6.257827400000000317e-02,3.220313486425756266e-03
6.284371810000000114e-02,3.219732213887697373e-03
6.297602060000000168e-02,3.219441619767682023e-03
6.300905280000000663e-02,3.219368975627704289e-03
6.323979509999999582e-02,3.218860515811165085e-03
6.327268960000000109e-02,3.218787885717307520e-03
6.333842739999999416e-02,3.218642630796248860e-03
6.337127069999999585e-02,3.218570005968938476e-03
6.346969869999999347e-02,3.218352142019412134e-03
6.353523260000000505e-02,3.218206908162901149e-03
6.373143000000000558e-02,3.217771248716747631e-03
6.376407089999999722e-02,3.217698644951581029e-03
6.386189339999999437e-02,3.217480844185172280e-03
6.389446769999999887e-02,3.217408247439291005e-03
6.402459889999999321e-02,3.217117878002257944e-03
6.405709029999999415e-02,3.217045290029386766e-03
6.441341509999999604e-02,3.216246938113861628e-03
6.451025289999999524e-02,3.216029242609377923e-03
6.479989830000000561e-02,3.215376250798906207e-03
6.483200120000000288e-02,3.215303704921089901e-03
6.492821479999999479e-02,3.215086077807887549e-03
6.505627819999999784e-02,3.214795932869037986e-03
6.508825470000000057e-02,3.214723401017148801e-03
6.518409000000000009e-02,3.214505815979478310e-03
6.527978469999999589e-02,3.214288246717946895e-03
6.531165170000000075e-02,3.214215727136332350e-03
6.540715969999999491e-02,3.213998178907684269e-03
6.556603060000000538e-02,3.213635633577727885e-03
6.569285060000000509e-02,3.213345628856472801e-03
6.578780519999999354e-02,3.213128143713584427e-03
6.585103220000000646e-02,3.212983162378621818e-03
6.591419860000000130e-02,3.212838188051495361e-03
6.607185029999999848e-02,3.212475782890474030e-03
6.619770129999999475e-02,3.212185890291414155e-03
6.635467940000000509e-02,3.211823563950077978e-03
6.641736669999999398e-02,3.211678645672472448e-03
6.644868819999999454e-02,3.211606189160417894e-03
6.660507479999999703e-02,3.211243932865738993e-03
6.669873070000000015e-02,3.211026600099751646e-03
6.682340109999999889e-02,3.210736847588583579e-03
6.691675140000000188e-02,3.210519551586199245e-03
6.710306259999999912e-02,3.210085006841723477e-03
6.728885780000000427e-02,3.209650525102716173e-03
6.731977379999999622e-02,3.209578117604396097e-03
6.735067570000000114e-02,3.209505711855952740e-03
6.744329620000000247e-02,3.209288505109103226e-03
6.753578970000000126e-02,3.209071314109189586e-03
6.756659280000000545e-02,3.208998920608353671e-03
6.759738179999999486e-02,3.208926528856971203e-03
6.781251330000000188e-02,3.208419835578883977e-03
6.790450389999999614e-02,3.208202707554538673e-03
6.793513980000000230e-02,3.208130335044472210e-03
6.808811230000000325e-02,3.207768498727224180e-03
6.817973099999999342e-02,3.207551417921785612e-03
6.839303080000000423e-02,3.207044957240655705e-03
6.842344790000000343e-02,3.206972612708190382e-03
6.854498139999999629e-02,3.206683252060108565e-03
6.857533120000000593e-02,3.206610916268333271e-03
6.881764710000000396e-02,3.206032292857911251e-03
6.902897569999999483e-02,3.205526089125432937e-03
6.923965930000000601e-02,3.205019971011692850e-03
6.926970470000000379e-02,3.204947675412421395e-03
6.929973700000000014e-02,3.204875381560085869e-03
6.935976259999999949e-02,3.204730799096121123e-03
6.938975599999999688e-02,3.204658510484429887e-03
6.947965829999999676e-02,3.204441655129789106e-03
6.962923760000000462e-02,3.204080264471107983e-03
6.971883119999999767e-02,3.203863451033358168e-03
6.977849630000000636e-02,3.203718917473020230e-03
6.983811040000000026e-02,3.203574390897463535e-03
7.010574679999999337e-02,3.202924107734780087e-03
7.019473210000000407e-02,3.202707378104830381e-03
7.025399309999999509e-02,3.202562900412823238e-03
7.034279089999999346e-02,3.202346196965767926e-03
7.043147669999999527e-02,3.202129509226808897e-03
7.046101389999999409e-02,3.202057283471000052e-03
7.069686679999999390e-02,3.201479540246588047e-03
7.072629310000000391e-02,3.201407330195638057e-03
7.081449859999999763e-02,3.201190710511170757e-03
7.096126429999999319e-02,3.200829712595769372e-03
7.104917809999999889e-02,3.200613134779696240e-03
7.116622760000000658e-02,3.200324388777845905e-03
7.125388859999999547e-02,3.200107847589586836e-03
7.137060239999999667e-02,3.199819150420397940e-03
7.139975099999999741e-02,3.199746980487636668e-03
7.142888779999999327e-02,3.199674812298646323e-03
7.151622679999999899e-02,3.199458318193547108e-03
7.163251310000000316e-02,3.199169683796252665e-03
7.166155520000000445e-02,3.199097529555476865e-03
7.174861100000000380e-02,3.198881077292956964e-03
7.186452140000000599e-02,3.198592498680790340e-03
7.209578290000000222e-02,3.198015425118194352e-03
7.212463850000000454e-02,3.197943298765315405e-03
7.218231499999999690e-02,3.197799051287308902e-03
7.229752999999999874e-02,3.197510577241213792e-03
7.235506869999999702e-02,3.197366350672403105e-03
7.244129109999999927e-02,3.197150023885992742e-03
7.264207849999999855e-02,3.196645322356356147e-03
7.281374140000000661e-02,3.196212788976280066e-03
7.289942130000000298e-02,3.195996545797611960e-03
7.298500049999999406e-02,3.195780318291519938e-03
7.304199769999999980e-02,3.195636175327251378e-03
7.312741009999999819e-02,3.195419973939537649e-03
7.324113840000000264e-02,3.195131729797018750e-03
7.343973900000000388e-02,3.194627369569164564e-03
7.346806670000000095e-02,3.194555325070615355e-03
7.355298439999999327e-02,3.194339202017860372e-03
7.358126850000000496e-02,3.194267164481075661e-03
7.369429630000000342e-02,3.193979031736750383e-03
7.372252619999999923e-02,3.193907002901166022e-03
7.389167900000000178e-02,3.193474866428264169e-03
7.391983359999999836e-02,3.193402849772514207e-03
7.394797729999999514e-02,3.193330834856478954e-03
7.414468470000000477e-02,3.192826779154921309e-03
7.417274320000000198e-02,3.192754778155664809e-03
7.425685499999999661e-02,3.192538785594018196e-03
7.445274629999999727e-02,3.192034863822028508e-03
7.470385179999999847e-02,3.191387089602668557e-03
7.481518369999999585e-02,3.191099235153609451e-03
7.484299079999999493e-02,3.191027275887362361e-03
7.489857399999999554e-02,3.190883362569763970e-03
7.500961690000000626e-02,3.190595556792972035e-03
7.506507669999999688e-02,3.190451664333031692e-03
7.523121089999999789e-02,3.190020028662864625e-03
7.525886430000000571e-02,3.189948095466695489e-03
7.547972660000000500e-02,3.189372692448832428e-03
7.550728900000000521e-02,3.189300774889890049e-03
7.558991580000000432e-02,3.189085032636315015e-03
7.569994450000000485e-02,3.188797400617541036e-03
7.572742679999999726e-02,3.188725496955336150e-03
7.580981359999999780e-02,3.188509796389737538e-03
7.589211099999999821e-02,3.188294111454946771e-03
7.591952370000000505e-02,3.188222219950007964e-03
7.616579349999999526e-02,3.187575274545910962e-03
7.622041209999999567e-02,3.187431527999637186e-03
7.638403350000000369e-02,3.187000330025406471e-03
7.646571289999999632e-02,3.186784754472428340e-03
7.657448329999999581e-02,3.186497344701184637e-03
7.665595969999999815e-02,3.186281805595663971e-03
7.668309930000000163e-02,3.186209962697976635e-03
7.679156169999999670e-02,3.185922608460016632e-03
7.681865340000000597e-02,3.185850774238521872e-03
7.689987119999999732e-02,3.185635281984470525e-03
7.698100330000000324e-02,3.185419805345148739e-03
7.711603370000000290e-02,3.185060712309045056e-03
7.722388809999999881e-02,3.184773469103511796e-03
7.741227159999999885e-02,3.184270860267831692e-03
7.751971380000000078e-02,3.183983693370581042e-03
7.754655109999999962e-02,3.183911905981248128e-03
7.762700729999999494e-02,3.183696554216459799e-03
7.768059839999999494e-02,3.183552995042147286e-03
7.776091590000000497e-02,3.183337669283195764e-03
7.789459440000000290e-02,3.182978827688589477e-03
7.794800159999999700e-02,3.182835303184305530e-03
7.808135970000000536e-02,3.182476522254353967e-03
7.810800410000000304e-02,3.182404771267618570e-03
7.818788249999999995e-02,3.182189528704879554e-03
7.837394890000000391e-02,3.181687356705560805e-03
7.848007460000000490e-02,3.181400439393848589e-03
7.850658350000000452e-02,3.181328714396839622e-03
7.871833409999999531e-02,3.180754976780086115e-03
7.874476290000000100e-02,3.180683267372202624e-03
7.879759379999999591e-02,3.180539853752033068e-03
7.882399599999999340e-02,3.180468149539694093e-03
7.921897310000000636e-02,3.179392794141369487e-03
7.935019529999999544e-02,3.179034428904190229e-03
7.937641369999999530e-02,3.178962761049552391e-03
7.945501689999999451e-02,3.178747767870392267e-03
7.955970049999999683e-02,3.178461134527777853e-03
7.958584990000000525e-02,3.178389480518537067e-03
7.966424649999999386e-02,3.178174528873439156e-03
7.979473639999999646e-02,3.177816310737852090e-03
7.997706450000000022e-02,3.177314878011714642e-03
8.000307750000000551e-02,3.177243251684729649e-03
8.015897800000000573e-02,3.176813530046178509e-03
8.021087740000000521e-02,3.176670303336392824e-03
8.028866380000000691e-02,3.176455476242251268e-03
8.036637480000000111e-02,3.176240664711521382e-03
8.039226180000000332e-02,3.176169064326298148e-03
8.046987279999999465e-02,3.175954273545011659e-03
8.049572650000000329e-02,3.175882680075897170e-03
8.070225790000000454e-02,3.175309994560316339e-03
8.077957099999999446e-02,3.175095266014469741e-03
8.083107209999999820e-02,3.174952122292848573e-03
8.090826210000000296e-02,3.174737419672781728e-03
8.098537860000000477e-02,3.174522732606620268e-03
8.121628870000000000e-02,3.173878764719350112e-03
8.124190489999999487e-02,3.173807221370859855e-03
8.129311300000000018e-02,3.173664139856688382e-03
8.144654410000000400e-02,3.173234936773757561e-03
8.152315139999999349e-02,3.173020358551133582e-03
8.159968680000000141e-02,3.172805795872802887e-03
8.162518259999999859e-02,3.172734278434078715e-03
8.165067049999999438e-02,3.172662762722350694e-03
8.170162240000000686e-02,3.172519736479589500e-03
8.182886339999999314e-02,3.172162201091497259e-03
8.193051390000000156e-02,3.171876203860269066e-03
8.200666909999999865e-02,3.171661724064555373e-03
8.205739989999999429e-02,3.171518746165622252e-03
8.210809939999999529e-02,3.171375775171552964e-03
8.213343739999999504e-02,3.171304292263718225e-03
8.223471150000000174e-02,3.171018377892799358e-03
8.233586090000000191e-02,3.170732491136234871e-03
8.251257400000000519e-02,3.170232255750901184e-03
8.253778790000000642e-02,3.170160800455031676e-03
8.261338329999999563e-02,3.169946444919396773e-03
8.266374179999999572e-02,3.169803549855214429e-03
8.283975550000000077e-02,3.169303471470408338e-03
8.304045720000000075e-02,3.168732056805700827e-03
8.306551080000000586e-02,3.168660637733241442e-03
8.321567409999999776e-02,3.168232159510197144e-03
8.324067490000000569e-02,3.168160752507850030e-03
8.326566829999999808e-02,3.168089347229679706e-03
8.334060340000000455e-02,3.167875141739436278e-03
8.363967260000000625e-02,3.167018474922206773e-03
8.366454680000000310e-02,3.166947097224067156e-03
8.371427300000000571e-02,3.166804346997859759e-03
8.373912499999999759e-02,3.166732974469695268e-03
8.386327459999999567e-02,3.166376137676665467e-03
8.393767620000000540e-02,3.166162056277452893e-03
8.401201190000000263e-02,3.165947990384235678e-03
8.403677589999999920e-02,3.165876638532088942e-03
8.411102400000000645e-02,3.165662593311672438e-03
8.425932399999999656e-02,3.165234549379316621e-03
8.433337620000000423e-02,3.165020550664969512e-03
8.445665230000000412e-02,3.164663920584113131e-03
8.453053160000000010e-02,3.164449963199438345e-03
8.462893709999999570e-02,3.164164710791959271e-03
8.484993209999999730e-02,3.163522993587312027e-03
8.489896399999999343e-02,3.163380408698979532e-03
8.492346929999999849e-02,3.163309118836562552e-03
8.502141990000000593e-02,3.163023976597671705e-03
8.511925789999999492e-02,3.162738861893922993e-03
8.519256259999999359e-02,3.162525043934277889e-03
8.521698349999999589e-02,3.162453774722396010e-03
8.524139740000000187e-02,3.162382507231100912e-03
8.541209930000000228e-02,3.161883682964826067e-03
8.543645739999999877e-02,3.161812429236632738e-03
8.563107309999999639e-02,3.161242461334444476e-03
8.567965800000000576e-02,3.161099986558185519e-03
8.570394000000000623e-02,3.161028751749644494e-03
8.577674509999999586e-02,3.160815057642245990e-03
8.580099970000000520e-02,3.160743829712298579e-03
8.589794970000000363e-02,3.160458935187405918e-03
8.599479040000000685e-02,3.160174068172153655e-03
8.606734940000000667e-02,3.159960435962204991e-03
8.609152209999999805e-02,3.159889228663680799e-03
8.628466029999999620e-02,3.159319632155935080e-03
8.645330230000000671e-02,3.158821325441362685e-03
8.654952159999999839e-02,3.158536616551697266e-03
8.657355969999999679e-02,3.158465443624785835e-03
8.659759109999999593e-02,3.158394272415976627e-03
8.666964550000000322e-02,3.158180769097895628e-03
8.674163999999999486e-02,3.157967281241254916e-03
8.678960310000000122e-02,3.157824964592576434e-03
8.686149819999999799e-02,3.157611502502398471e-03
8.698119120000000204e-02,3.157255766703206002e-03
8.714848529999999482e-02,3.156757808712534058e-03
8.722008450000000301e-02,3.156544423901831882e-03
8.731545890000000365e-02,3.156259934857716214e-03
8.760095880000000335e-02,3.155406632521868572e-03
8.762470840000000094e-02,3.155335535150328562e-03
8.771964279999999725e-02,3.155051162825642588e-03
8.774336039999999781e-02,3.154980074034606941e-03
8.781447459999999761e-02,3.154766817956972808e-03
8.788553120000000551e-02,3.154553577321724325e-03
8.793287040000000165e-02,3.154411425476771631e-03
8.800383150000000432e-02,3.154198210576285560e-03
8.807473540000000656e-02,3.153985011115021872e-03
8.809835729999999920e-02,3.153913948058647155e-03
8.826353389999999632e-02,3.153416554689966299e-03
8.828710539999999607e-02,3.153345505354776361e-03
8.831067049999999363e-02,3.153274457734469866e-03
8.838132819999999779e-02,3.153061325162826757e-03
8.849896570000000129e-02,3.152706138504845091e-03
8.856947319999999846e-02,3.152493047084964535e-03
8.866339600000000543e-02,3.152208949193394984e-03
8.887435929999999706e-02,3.151569829215967924e-03
8.894456929999999817e-02,3.151356820074282042e-03
8.906146280000000470e-02,3.151001839111668233e-03
8.910817729999999381e-02,3.150859858721381107e-03
8.922485650000000490e-02,3.150504937729403827e-03
8.941122649999999616e-02,3.149937153225420422e-03
8.943449539999999420e-02,3.149866187870598282e-03
8.948101510000000536e-02,3.149724262299297313e-03
8.957398210000000471e-02,3.149440431708763668e-03
8.962042940000000679e-02,3.149298526688787663e-03
8.969005530000000170e-02,3.149085682002000265e-03
8.975962719999999728e-02,3.148872852725938080e-03
8.978280580000000399e-02,3.148801913058291851e-03
8.985230589999999851e-02,3.148589104328026068e-03
8.996801999999999577e-02,3.148234457350177016e-03
9.006048429999999327e-02,3.147950770580147922e-03
9.012977020000000061e-02,3.147738023474534134e-03
9.017593120000000351e-02,3.147596200628191045e-03
9.031427279999999780e-02,3.147170773160944471e-03
9.033730919999999331e-02,3.147099874572264425e-03
9.036033960000000587e-02,3.147028977694592885e-03
9.054437240000000331e-02,3.146461864266779807e-03
9.059032220000000357e-02,3.146320103017479723e-03
9.061328829999999723e-02,3.146249224958704276e-03
9.088842950000000642e-02,3.145398821663661360e-03
9.097995829999999673e-02,3.145115408622955761e-03
9.107139520000000210e-02,3.144832022939772660e-03
9.109424000000000687e-02,3.144761180793211822e-03
9.116274030000000306e-02,3.144548664611215936e-03
9.123118909999999859e-02,3.144336163814603121e-03
9.134515649999999654e-02,3.143982030006884157e-03
9.143622810000000267e-02,3.143698753725471251e-03
9.161809969999999692e-02,3.143132283190130938e-03
9.164080830000000122e-02,3.143061482062451100e-03
9.168620859999999928e-02,3.142919884932743064e-03
9.179961109999999758e-02,3.142565922006130240e-03
9.182227469999999780e-02,3.142495134545720409e-03
9.189023229999999931e-02,3.142282782413812706e-03
9.200338330000000509e-02,3.141928896355066121e-03
9.204860469999999462e-02,3.141787353886922422e-03
9.216156120000000562e-02,3.141433527601995845e-03
9.218413590000000546e-02,3.141362767467875249e-03
9.225182690000000019e-02,3.141150497310462014e-03
9.231946820000000442e-02,3.140938242519488235e-03
9.236453490000000321e-02,3.140796747861858765e-03
9.243209369999999536e-02,3.140584518679031233e-03
9.249960320000000236e-02,3.140372304859543641e-03
9.252209549999999838e-02,3.140301570333620899e-03
9.261200969999999755e-02,3.140018649297899797e-03
9.272427989999999787e-02,3.139665036403361479e-03
9.279157679999999742e-02,3.139452889144565308e-03
9.290363000000000093e-02,3.139099344506020295e-03
9.303791570000000122e-02,3.138675147241090039e-03
9.306027779999999361e-02,3.138604453667668236e-03
9.312733189999999883e-02,3.138392383182089622e-03
9.321666239999999715e-02,3.138109646413963626e-03
9.323898160000000657e-02,3.138038966485769132e-03
9.341734349999999965e-02,3.137473588453183748e-03
9.343961480000000097e-02,3.137402923872558390e-03
9.359536559999999394e-02,3.136908319547574483e-03
9.361759449999999816e-02,3.136837668606212021e-03
9.377304960000000522e-02,3.136343159746410748e-03
9.383959440000000374e-02,3.136131252944928359e-03
9.386176549999999952e-02,3.136060620753039225e-03
9.392824739999999784e-02,3.135848734402592233e-03
9.397254260000000026e-02,3.135707485356242340e-03
9.403894620000000093e-02,3.135495624566674282e-03
9.412741149999999390e-02,3.135213167368095487e-03
9.419370589999999377e-02,3.135001342358222174e-03
9.430409309999999989e-02,3.134648334746110900e-03
9.432615499999999487e-02,3.134577738333916945e-03
9.439230989999999877e-02,3.134365959317123203e-03
9.450246499999999383e-02,3.134013028352140677e-03
9.463448200000000587e-02,3.133589567391589434e-03
9.465646689999999974e-02,3.133518996524529629e-03
9.483216279999999443e-02,3.132954490880183584e-03
9.489796490000000639e-02,3.132742829352859384e-03
9.491988880000000461e-02,3.132672278914834779e-03
9.500753380000000192e-02,3.132390094183639707e-03
9.509509800000000290e-02,3.132107936683790287e-03
9.516071830000000231e-02,3.131896336427811723e-03
9.520444000000000129e-02,3.131755278098817367e-03
9.524814160000000252e-02,3.131614226576069551e-03
9.537912649999999437e-02,3.131191112842068771e-03
9.550993169999999477e-02,3.130768060351852775e-03
9.555349359999999737e-02,3.130627056463200410e-03
9.559703569999999928e-02,3.130486059378048951e-03
9.561879930000000138e-02,3.130415563386656878e-03
9.579273010000000088e-02,3.129851656678397324e-03
9.587957719999999628e-02,3.129569744134980645e-03
9.590127669999999604e-02,3.129499270249779148e-03
9.596634569999999698e-02,3.129287858794977967e-03
9.603137069999999331e-02,3.129076462640575755e-03
9.607469620000000377e-02,3.128935540370558419e-03
9.613964780000000543e-02,3.128724169714057306e-03
9.622618180000000465e-02,3.128442365967543971e-03
9.629103129999999622e-02,3.128231031002740720e-03
9.642059930000000667e-02,3.127808406955248297e-03
9.648531809999999487e-02,3.127597117870274061e-03
9.665768969999999349e-02,3.127033755062786583e-03
9.672224980000000694e-02,3.126822522038759464e-03
9.674376029999999516e-02,3.126752114427856517e-03
9.676526600000000256e-02,3.126681708515410482e-03
9.691567219999999705e-02,3.126188914681714281e-03
9.693713980000000230e-02,3.126118522355468988e-03
9.698006060000000095e-02,3.125977742797090599e-03
9.717296979999999473e-02,3.125344318829937230e-03
9.725858440000000049e-02,3.125062841206168590e-03
9.732274600000000164e-02,3.124851750811479933e-03
9.742958790000000313e-02,3.124499967432147179e-03
9.751497720000000535e-02,3.124218571276318572e-03
9.762160879999999541e-02,3.123866864261464794e-03
9.768553189999999720e-02,3.123655860413098763e-03
9.777069770000000604e-02,3.123374545700138231e-03
9.791955950000000297e-02,3.122882310261263297e-03
9.794080700000000472e-02,3.122811997697494575e-03
9.796204990000000057e-02,3.122741686829758924e-03
9.800452190000000230e-02,3.122601070182204688e-03
9.802575099999999431e-02,3.122530764402300669e-03
9.808941070000000428e-02,3.122319857237527193e-03
9.811062140000000042e-02,3.122249558240764063e-03
9.813182759999999893e-02,3.122179260939733029e-03
9.825896829999999915e-02,3.121757512740186858e-03
9.844937149999999360e-02,3.121125004875872910e-03
9.847050470000000277e-02,3.121054734699798237e-03
9.853387700000000582e-02,3.120843934340990743e-03
9.859720869999999415e-02,3.120633149235557766e-03
9.868158759999999530e-02,3.120352126153564006e-03
9.870267110000000010e-02,3.120281874619466184e-03
9.876589439999999831e-02,3.120071130183675774e-03
9.887117689999999626e-02,3.119719923343529638e-03
9.895532220000000101e-02,3.119438988365726053e-03
9.903939609999999616e-02,3.119158080491045166e-03
9.914438809999999436e-02,3.118806983757076677e-03
9.927023199999999992e-02,3.118385723563045411e-03
9.935403930000000217e-02,3.118104917300025883e-03
9.945869920000000031e-02,3.117753947566081173e-03
9.947961800000000576e-02,3.117683758698181103e-03
9.954234789999999444e-02,3.117473202251372713e-03
9.960503830000000391e-02,3.117262661039090204e-03
9.962592630000000060e-02,3.117192484020224474e-03
9.964681000000000233e-02,3.117122308693955329e-03
9.970943470000000197e-02,3.116911792869933757e-03
9.979287320000000683e-02,3.116631128797673397e-03
9.995954120000000165e-02,3.116069881876129370e-03
9.998035519999999565e-02,3.115999733624766777e-03
1.000219702000000044e-01,3.115859442197436123e-03
1.000427710999999970e-01,3.115789299021321911e-03
1.001467112000000020e-01,3.115438608515350843e-03
1.002920464000000011e-01,3.114947712847363024e-03
1.003542684999999962e-01,3.114737354357968117e-03
1.003750006000000000e-01,3.114667238243609519e-03
1.004578862999999933e-01,3.114386790695668900e-03
1.004785970000000028e-01,3.114316683035806086e-03
1.006441294999999986e-01,3.113755882621234081e-03
1.007061340000000027e-01,3.113545610358945358e-03
1.007681004000000047e-01,3.113335353309341046e-03
1.007887474000000033e-01,3.113265271006528025e-03
1.009331579999999950e-01,3.112774742207701124e-03
1.009743802999999995e-01,3.112634606331369201e-03
1.010155856999999935e-01,3.112494477213916758e-03
1.011391013000000061e-01,3.112074130411699065e-03
1.012830123999999971e-01,3.111583802675397734e-03
1.013035545000000037e-01,3.111513762612630810e-03
1.013446261000000015e-01,3.111373687554103238e-03
1.014472322999999954e-01,3.111023529463632312e-03
1.014677410999999946e-01,3.110953502911921378e-03
1.015292426999999942e-01,3.110743433388789281e-03
1.016316624999999974e-01,3.110393351287445238e-03
1.018566236999999958e-01,3.109623319231245332e-03
1.019587146000000000e-01,3.109273372178357649e-03
1.019995224000000006e-01,3.109133405171095061e-03
1.020199202000000027e-01,3.109063424198842303e-03
1.020810889999999999e-01,3.108853491406962828e-03
1.021829558000000027e-01,3.108503637167848738e-03
1.022440270999999956e-01,3.108293744870791603e-03
1.023253987999999948e-01,3.108013912093143382e-03
1.024270225000000062e-01,3.107664159075374834e-03
1.024473352000000032e-01,3.107594213531990682e-03
1.025082489999999957e-01,3.107384387021264356e-03
1.025894110999999997e-01,3.107104641950827421e-03
1.026705091000000014e-01,3.106824923861381278e-03
1.027312905999999970e-01,3.106615152998885767e-03
1.029134196000000001e-01,3.105985931451045109e-03
1.029740576000000019e-01,3.105776221277726373e-03
1.029942623999999946e-01,3.105706321257687298e-03
1.030952267999999949e-01,3.105356846438202603e-03
1.031557580000000002e-01,3.105147181769593676e-03
1.032162536999999963e-01,3.104937532266872826e-03
1.032364110999999945e-01,3.104867652469322798e-03
1.032968595999999989e-01,3.104658023185991045e-03
1.034176504999999996e-01,3.104238810107604312e-03
1.035784859999999974e-01,3.103679953668931398e-03
1.036387349999999957e-01,3.103470410294790864e-03
1.038593488000000009e-01,3.102702214253396859e-03
1.038793813000000038e-01,3.102632388351976578e-03
1.038994099999999976e-01,3.102562564134138390e-03
1.039594729999999967e-01,3.102353101581474971e-03
1.040195012999999974e-01,3.102143654179140026e-03
1.040395030000000054e-01,3.102073841744880291e-03
1.040595009000000043e-01,3.102004030993843128e-03
1.041194715000000048e-01,3.101794608839459483e-03
1.041993786000000033e-01,3.101515402862427880e-03
1.042193458000000017e-01,3.101445605575407077e-03
1.042592687999999990e-01,3.101306016049795028e-03
1.043590092999999996e-01,3.100957071682549325e-03
1.044387331999999946e-01,3.100677946474194625e-03
1.044984860999999959e-01,3.100468620232530153e-03
1.045383024999999994e-01,3.100329077815911025e-03
1.045781035999999997e-01,3.100189542127687950e-03
1.046775404000000048e-01,3.099840732342097963e-03
1.047570218000000025e-01,3.099561714786535759e-03
1.048562888999999970e-01,3.099212980678806885e-03
1.048959693999999970e-01,3.099073498805992102e-03
1.049158040000000014e-01,3.099003760391610268e-03
1.050149209999999972e-01,3.098655093538431847e-03
1.051535277999999934e-01,3.098167030548264634e-03
1.052919521000000025e-01,3.097679049916391217e-03
1.053117120999999962e-01,3.097609345119788082e-03
1.053907153000000069e-01,3.097330542737465782e-03
1.055485441999999968e-01,3.096773018622711159e-03
1.056470674999999970e-01,3.096424620649765053e-03
1.057848460000000018e-01,3.095936934034053747e-03
1.058045140000000023e-01,3.095867271235478932e-03
1.058438389999999951e-01,3.095727950676349649e-03
1.058634960999999958e-01,3.095658292915763523e-03
1.059224453000000010e-01,3.095449329709089141e-03
1.060206211000000037e-01,3.095101091279404450e-03
1.060794830000000022e-01,3.094892168368591333e-03
1.060990963999999953e-01,3.094822530755905049e-03
1.061579148000000028e-01,3.094613627989922181e-03
1.062558730999999951e-01,3.094265490284401308e-03
1.063928632000000069e-01,3.093778167986990357e-03
1.064319707999999975e-01,3.093638948148105285e-03
1.064906052999999991e-01,3.093430130974557032e-03
1.065687344999999980e-01,3.093151731566259541e-03
1.067443161000000001e-01,3.092525431037728128e-03
1.067832950000000003e-01,3.092386271593815933e-03
1.068027790999999949e-01,3.092316694387685708e-03
1.068806801000000001e-01,3.092038402334446653e-03
1.069001465000000012e-01,3.091968833513741161e-03
1.069585242999999963e-01,3.091760137113057708e-03
1.070363119999999946e-01,3.091481898720859975e-03
1.070557500000000051e-01,3.091412343314487929e-03
1.070946155999999982e-01,3.091273237531621827e-03
1.072111278000000001e-01,3.090855960418077523e-03
1.073275134000000047e-01,3.090438743649885200e-03
1.073662806000000025e-01,3.090299684802333240e-03
1.075018556999999958e-01,3.089813031625050516e-03
1.076565896000000050e-01,3.089256957101448736e-03
1.077145573999999939e-01,3.089048456798226035e-03
1.077338731000000022e-01,3.088978960047515480e-03
1.077917994999999934e-01,3.088770479845866397e-03
1.078882741999999950e-01,3.088423046341878548e-03
1.079653919999999934e-01,3.088145129684654981e-03
1.080231942000000056e-01,3.087936709775026840e-03
1.081194624000000049e-01,3.087589376747478225e-03
1.081387057999999984e-01,3.087519915164893460e-03
1.081964153999999956e-01,3.087311540462128311e-03
1.082733136999999984e-01,3.087033730961908501e-03
1.082925297000000009e-01,3.086964282771678236e-03
1.084077544000000004e-01,3.086547628779938955e-03
1.084269466000000043e-01,3.086478192305819844e-03
1.084461354000000044e-01,3.086408757505255257e-03
1.085803620999999941e-01,3.085922760757291855e-03
1.085995238000000002e-01,3.085853339343631267e-03
1.086378370999999954e-01,3.085714501535805326e-03
1.086569886000000040e-01,3.085645085141489052e-03
1.087526959000000015e-01,3.085298028264887599e-03
1.088100798000000008e-01,3.085089814213143582e-03
1.088674334999999993e-01,3.084881615215706759e-03
1.089629559000000053e-01,3.084534650337450445e-03
1.090393136000000068e-01,3.084257108537497537e-03
1.090583945999999971e-01,3.084187727268030473e-03
1.091156177999999949e-01,3.083979593492438501e-03
1.092109230999999958e-01,3.083632737306067108e-03
1.093442109999999967e-01,3.083147208859446289e-03
1.094773366000000026e-01,3.082661762316177625e-03
1.095723272999999942e-01,3.082315064922049042e-03
1.096292821999999972e-01,3.082107066537705629e-03
1.096672357000000042e-01,3.081968409302482132e-03
1.097810174999999944e-01,3.081552477693918265e-03
1.097999696000000053e-01,3.081483161606155419e-03
1.098568065000000010e-01,3.081275223365639859e-03
1.099703920999999945e-01,3.080859391982604389e-03
1.100271409999999950e-01,3.080651498837829773e-03
1.101594412999999939e-01,3.080166473279725807e-03
1.101783283000000030e-01,3.080097190593200900e-03
1.102349700999999960e-01,3.079889352551263941e-03
1.103293085000000007e-01,3.079542989203821503e-03
1.104047211000000056e-01,3.079265928572938460e-03
1.104235662999999978e-01,3.079196667588130799e-03
1.104612467999999958e-01,3.079058150625482975e-03
1.105742115999999997e-01,3.078642639791685700e-03
1.106306506999999995e-01,3.078434906902968640e-03
1.108373482000000049e-01,3.077673348116650477e-03
1.108561197000000054e-01,3.077604125509216144e-03
1.109311741999999962e-01,3.077327251759930538e-03
1.109874317999999943e-01,3.077119613961093892e-03
1.110249209999999986e-01,3.076981197100787848e-03
1.110811310999999940e-01,3.076773584317891476e-03
1.111560337000000037e-01,3.076496790619669304e-03
1.113056877000000028e-01,3.075943283255121001e-03
1.113243802999999976e-01,3.075874102336703057e-03
1.113617560000000062e-01,3.075735745500787852e-03
1.114364699999999958e-01,3.075459051831757207e-03
1.114738081999999963e-01,3.075320714997883259e-03
1.115297920000000026e-01,3.075113222246886237e-03
1.116043934999999959e-01,3.074836588576894750e-03
1.116789450999999961e-01,3.074559981568661133e-03
1.117534470000000058e-01,3.074283401219517816e-03
1.118278993000000054e-01,3.074006847526727405e-03
1.120323877999999940e-01,3.073246462295821380e-03
1.121994194000000000e-01,3.072624478811884167e-03
1.122179632000000066e-01,3.072555377861488010e-03
1.122550414000000052e-01,3.072417180955387423e-03
1.122735759000000055e-01,3.072348084999655237e-03
1.123476835000000035e-01,3.072071717824663862e-03
1.123662027999999952e-01,3.072002630192678316e-03
1.124217421999999938e-01,3.071795377284111065e-03
1.124957521999999932e-01,3.071519063375337515e-03
1.125142469999999978e-01,3.071449989058977915e-03
1.125512277000000061e-01,3.071311845419161506e-03
1.126436261999999994e-01,3.070966515442025927e-03
1.126620968000000000e-01,3.070897454438679345e-03
1.128466364999999999e-01,3.070206935914294652e-03
1.128650739000000014e-01,3.070137893211838387e-03
1.129387933000000066e-01,3.069861739036138827e-03
1.131044863999999955e-01,3.069240489439180580e-03
1.131412740999999944e-01,3.069102452266226841e-03
1.131596634999999934e-01,3.069033436174025808e-03
1.133066709999999977e-01,3.068481367292672478e-03
1.133617497000000002e-01,3.068274368893574282e-03
1.133801033000000069e-01,3.068205372751866764e-03
1.134351462999999977e-01,3.067998394300199862e-03
1.135451522999999935e-01,3.067584482273485406e-03
1.136550518000000037e-01,3.067170630074554736e-03
1.136916614000000048e-01,3.067032692635077683e-03
1.137465535999999944e-01,3.066825798937262721e-03
1.138014194000000062e-01,3.066618920192223756e-03
1.138379818999999959e-01,3.066481009335370392e-03
1.139658583000000003e-01,3.065998373662006185e-03
1.140388660999999970e-01,3.065722618389442409e-03
1.141300601999999942e-01,3.065377961664943630e-03
1.141847416999999948e-01,3.065171187556831826e-03
1.142393970000000064e-01,3.064964428392239100e-03
1.142576096000000041e-01,3.064895511991281175e-03
1.143122300999999952e-01,3.064688772749646264e-03
1.143304311000000045e-01,3.064619862989325597e-03
1.144032063000000043e-01,3.064344240548245047e-03
1.144213927999999936e-01,3.064275339087742245e-03
1.145304515000000051e-01,3.063861965180104865e-03
1.146938450999999970e-01,3.063242016337735726e-03
1.148388887000000025e-01,3.062691063526768245e-03
1.148570062999999947e-01,3.062622201890742926e-03
1.148932327999999947e-01,3.062484483595016328e-03
1.149656517000000044e-01,3.062209066908132445e-03
1.149837492999999933e-01,3.062140216882929238e-03
1.150561112000000052e-01,3.061864833366885561e-03
1.151284276999999939e-01,3.061589476384513411e-03
1.151826351999999942e-01,3.061382976058743023e-03
1.152909738000000017e-01,3.060970020173551295e-03
1.153992105999999962e-01,3.060557123969073496e-03
1.154352669999999942e-01,3.060419505161736213e-03
1.154713121999999953e-01,3.060281892984269628e-03
1.154893305000000009e-01,3.060213089381566814e-03
1.155433686999999959e-01,3.060006688517386865e-03
1.155613758999999990e-01,3.059937891543839175e-03
1.157053318999999997e-01,3.059387575409301153e-03
1.157233138000000050e-01,3.059318793348628652e-03
1.157772427999999992e-01,3.059112457107139582e-03
1.158670687000000060e-01,3.058768596503821935e-03
1.159209308000000022e-01,3.058562300019433255e-03
1.159747678999999976e-01,3.058356018441870782e-03
1.159927079999999999e-01,3.058287261228411977e-03
1.160465118000000018e-01,3.058080999524813090e-03
1.161182114000000043e-01,3.057806007104031925e-03
1.161540446000000060e-01,3.057668520828885593e-03
1.162793738999999965e-01,3.057187371020145868e-03
1.162972671000000041e-01,3.057118641955407397e-03
1.163509300000000052e-01,3.056912464693420633e-03
1.164224420999999954e-01,3.056637584851393079e-03
1.164403133000000007e-01,3.056568869028826289e-03
1.165653348000000034e-01,3.056087904610683970e-03
1.166902222999999933e-01,3.055607021276992435e-03
1.167258798999999958e-01,3.055469640929822563e-03
1.167793458999999978e-01,3.055263582817009400e-03
1.168327873999999988e-01,3.055057539592660396e-03
1.168505957999999983e-01,3.054988861826235177e-03
1.169040048000000026e-01,3.054782838451473425e-03
1.169218023000000023e-01,3.054714167301184231e-03
1.170640854000000036e-01,3.054164857637398003e-03
1.171529245999999996e-01,3.053821592840866642e-03
1.172061957999999959e-01,3.053615653803932409e-03
1.172771863999999969e-01,3.053341091566766103e-03
1.174190388000000002e-01,3.052792046438022183e-03
1.174367582999999993e-01,3.052723423234755644e-03
1.174721893000000017e-01,3.052586181786315529e-03
1.175607201000000018e-01,3.052243107085409607e-03
1.176845512999999954e-01,3.051762871904254056e-03
1.177022308000000017e-01,3.051694273487153258e-03
1.177199077000000010e-01,3.051625676722161465e-03
1.177552535000000039e-01,3.051488488148206522e-03
1.178612272999999960e-01,3.051076962071714617e-03
1.179141783999999998e-01,3.050871221331840147e-03
1.180552655000000062e-01,3.050322652024808553e-03
1.181961841000000041e-01,3.049774188396277199e-03
1.182665804000000015e-01,3.049499996204673227e-03
1.182841728999999981e-01,3.049431452283662795e-03
1.183193502000000064e-01,3.049294369393718441e-03
1.183369348999999959e-01,3.049225830424638801e-03
1.183896732999999979e-01,3.049020223420513803e-03
1.184248192000000033e-01,3.048883160336633789e-03
1.184775183999999953e-01,3.048677578088176358e-03
1.186003924000000043e-01,3.048197943930752024e-03
1.186880815999999950e-01,3.047855397602312107e-03
1.187056117000000049e-01,3.047786893285928111e-03
1.187581862999999988e-01,3.047581390234471634e-03
1.188107377000000020e-01,3.047375902028885784e-03
1.188282496999999993e-01,3.047307409259252323e-03
1.188457591000000035e-01,3.047238918138974427e-03
1.189507612999999991e-01,3.046828006051576464e-03
1.191604881999999976e-01,3.046006359967392673e-03
1.191779488000000026e-01,3.045937900177056890e-03
1.192652134000000003e-01,3.045595625952353218e-03
1.193872765999999946e-01,3.045116511265582877e-03
1.194395511999999937e-01,3.044911201120883808e-03
1.195266247000000004e-01,3.044569050503582227e-03
1.195440318000000057e-01,3.044500625323329473e-03
1.196831975000000048e-01,3.043953283192653639e-03
1.197353428999999997e-01,3.043748057075195031e-03
1.198048347999999957e-01,3.043474445312121818e-03
1.199436978999999931e-01,3.042927300839425378e-03
1.199957301000000032e-01,3.042722148833265899e-03
1.200130692000000027e-01,3.042653768124377670e-03
1.200650713000000064e-01,3.042448635876395489e-03
1.200997268999999951e-01,3.042311889276358514e-03
1.201516915000000046e-01,3.042106781723294753e-03
1.202382493999999968e-01,3.041764968724212578e-03
1.203593257999999999e-01,3.041286499654067069e-03
1.203766123999999993e-01,3.041218153512650554e-03
1.204284575999999968e-01,3.041013124962087082e-03
1.204802804999999949e-01,3.040808111220883510e-03
1.205148166999999992e-01,3.040671443620256414e-03
1.205493428999999950e-01,3.040534782600653237e-03
1.206356155000000013e-01,3.040193158841927954e-03
1.207045890999999954e-01,3.039919889444755562e-03
1.207735233000000047e-01,3.039646646364525719e-03
1.207907507000000047e-01,3.039578339706170557e-03
1.208251981000000030e-01,3.039441731323202882e-03
1.208424181999999958e-01,3.039373429598567818e-03
1.209800902000000011e-01,3.038827074998567707e-03
1.211004249000000033e-01,3.038349101041485593e-03
1.211691339000000034e-01,3.038076009231410139e-03
1.211863051000000024e-01,3.038007740388199655e-03
1.212034738000000028e-01,3.037939473188574178e-03
1.212549653999999977e-01,3.037734681451118891e-03
1.213064352000000068e-01,3.037529904504864854e-03
1.213407361999999934e-01,3.037393394757390182e-03
1.213921696000000022e-01,3.037188642460510266e-03
1.214607136000000059e-01,3.036915662401563128e-03
1.214778435000000018e-01,3.036847421494290062e-03
1.216147962999999943e-01,3.036301553377765416e-03
1.216661138000000031e-01,3.036096879937729733e-03
1.217174097000000010e-01,3.035892221279778893e-03
1.217515948999999958e-01,3.035755790386135237e-03
1.219394424999999949e-01,3.035005537882543968e-03
1.220076789999999939e-01,3.034732768046626786e-03
1.220247321999999995e-01,3.034664579691806561e-03
1.220758774000000046e-01,3.034460024476502964e-03
1.222121599000000058e-01,3.033914616122717917e-03
1.222632267000000050e-01,3.033710115069471105e-03
1.222802442999999933e-01,3.033641951333786169e-03
1.223993007000000049e-01,3.033164851127529652e-03
1.224162993000000033e-01,3.033096700518112150e-03
1.224332954999999973e-01,3.033028551549272513e-03
1.224672809999999973e-01,3.032892258533348515e-03
1.225522032999999955e-01,3.032551554700976208e-03
1.225691807000000022e-01,3.032483418855471454e-03
1.226200987999999936e-01,3.032279021160124571e-03
1.226709956999999934e-01,3.032074638225598726e-03
1.226879567000000032e-01,3.032006513860804886e-03
1.227388254999999956e-01,3.031802150605715507e-03
1.228235601000000066e-01,3.031461577976138789e-03
1.228405000000000052e-01,3.031393468369170553e-03
1.230097705999999985e-01,3.030712462467791135e-03
1.230266849000000023e-01,3.030644370893610402e-03
1.231619152999999939e-01,3.030099697303554815e-03
1.232294748999999967e-01,3.029827399839992840e-03
1.232463589999999998e-01,3.029759329570665388e-03
1.232969973999999969e-01,3.029555128593756919e-03
1.233476151000000021e-01,3.029350942362671068e-03
1.234824939999999982e-01,3.028806517828081836e-03
1.234993434999999973e-01,3.028738472132504970e-03
1.236340570000000055e-01,3.028194165529370704e-03
1.237013586999999998e-01,3.027922051531012695e-03
1.237686238000000050e-01,3.027649963731237921e-03
1.238862498000000006e-01,3.027173873113868287e-03
1.239198366999999940e-01,3.027037861956358503e-03
1.240373193999999984e-01,3.026561874464268453e-03
1.240540935000000039e-01,3.026493882797698549e-03
1.240876350000000017e-01,3.026357904374175293e-03
1.241044023999999940e-01,3.026289917617139107e-03
1.241882051999999986e-01,3.025950008377038987e-03
1.242384596999999979e-01,3.025746082467630545e-03
1.242886938999999968e-01,3.025542171282862448e-03
1.243556412999999999e-01,3.025270312606223502e-03
1.244392748999999937e-01,3.024930526065074642e-03
1.244559949000000054e-01,3.024862573663730791e-03
1.245061412999999978e-01,3.024658726272603203e-03
1.245562676000000063e-01,3.024454893600133764e-03
1.245896739000000031e-01,3.024319013328235790e-03
1.246397665999999932e-01,3.024115205184241088e-03
1.247065254999999984e-01,3.023843483882911187e-03
1.248232677000000040e-01,3.023368034547545616e-03
1.248566024999999968e-01,3.023232206592319470e-03
1.248899284999999970e-01,3.023096385175247456e-03
1.249898531000000063e-01,3.022688960149095150e-03
1.250397853999999920e-01,3.022485269698052621e-03
1.251063309000000068e-01,3.022213705306712496e-03
1.251562167999999975e-01,3.022010049169221099e-03
1.252393156999999924e-01,3.021670654948117180e-03
1.252559289000000076e-01,3.021602781004764302e-03
1.253887550999999989e-01,3.021059848260886430e-03
1.255048625999999889e-01,3.020584867852685752e-03
1.255711616000000086e-01,3.020313486401088841e-03
1.256374255999999912e-01,3.020042131073024955e-03
1.256871006999999985e-01,3.019838631718961379e-03
1.257036547000000004e-01,3.019770801865854712e-03
1.257863919999999969e-01,3.019431677085256723e-03
1.258360081999999880e-01,3.019228221803331447e-03
1.259021328999999911e-01,3.018956970942766882e-03
1.259517035000000118e-01,3.018753549932188650e-03
1.260177674000000081e-01,3.018482344762603731e-03
1.261002985999999937e-01,3.018143375011150212e-03
1.261662846999999921e-01,3.017872228575171380e-03
1.261827758000000077e-01,3.017804446044302421e-03
1.262981534000000017e-01,3.017330013998912631e-03
1.264463413999999952e-01,3.016720147362179395e-03
1.264792483999999939e-01,3.016584639379497803e-03
1.264956988000000004e-01,3.016516887833892244e-03
1.265450368999999908e-01,3.016313642979008211e-03
1.266272243999999880e-01,3.015974934158820436e-03
1.266765113999999970e-01,3.015771728427690118e-03
1.267421974000000062e-01,3.015500810271445377e-03
1.268242572000000123e-01,3.015162199245437040e-03
1.268406628000000036e-01,3.015094481929053803e-03
1.268898668000000007e-01,3.014891339756714094e-03
1.269390516999999996e-01,3.014688212248786865e-03
1.269718310999999877e-01,3.014552802056546382e-03
1.270209843000000005e-01,3.014349698986845769e-03
1.270701184999999955e-01,3.014146610578575212e-03
1.270864922999999924e-01,3.014078917700352672e-03
1.272174071999999934e-01,3.013537433311014400e-03
1.272337621000000085e-01,3.013469755091252502e-03
1.272828141000000024e-01,3.013266730202755154e-03
1.273481874999999874e-01,3.012996053148642162e-03
1.273645256000000003e-01,3.012928387955743272e-03
1.274625101000000094e-01,3.012522430988410008e-03
1.275277914000000068e-01,3.012251825569245423e-03
1.276745521000000050e-01,3.011643058595588063e-03
1.277234348000000075e-01,3.011440165565327717e-03
1.277560128999999933e-01,3.011304911681510904e-03
1.277885826999999863e-01,3.011169664306379608e-03
1.278048645000000039e-01,3.011102043059477734e-03
1.278699709999999989e-01,3.010831574341934960e-03
1.280488429999999955e-01,3.010087919578100998e-03
1.281138253999999921e-01,3.009817548459507979e-03
1.281463043000000135e-01,3.009682372657945370e-03
1.283896338999999942e-01,3.008668761459954918e-03
1.284544438999999927e-01,3.008398526917054495e-03
1.285192213000000139e-01,3.008128318380301394e-03
1.285354105000000025e-01,3.008060770309223426e-03
1.285839659999999940e-01,3.007858135846942175e-03
1.286486780999999968e-01,3.007587979314335289e-03
1.286648511000000050e-01,3.007520444243533524e-03
1.287780048000000122e-01,3.007047744240820553e-03
1.287941615000000040e-01,3.006980222167534179e-03
1.288264688999999907e-01,3.006845182894489661e-03
1.288426195000000052e-01,3.006777665694587969e-03
1.289233422999999934e-01,3.006440104060065233e-03
1.290201430000000038e-01,3.006035083695959235e-03
1.290362693999999866e-01,3.005967585985931233e-03
1.291007547999999949e-01,3.005697611384186216e-03
1.291813162999999876e-01,3.005360179665353230e-03
1.292296290999999930e-01,3.005157740116503294e-03
1.293101103000000029e-01,3.004820373335551770e-03
1.293583749999999977e-01,3.004617972745457326e-03
1.295512538999999963e-01,3.003808516448492651e-03
1.295673142000000055e-01,3.003741072304689022e-03
1.295994287999999994e-01,3.003606188884545402e-03
1.296636341000000081e-01,3.003336441513052794e-03
1.296796805000000052e-01,3.003269008725971585e-03
1.297438461000000043e-01,3.002999293799343914e-03
1.298079799999999895e-01,3.002729604825620131e-03
1.298240085000000044e-01,3.002662186636995915e-03
1.298560595999999900e-01,3.002527355125289479e-03
1.299361528000000099e-01,3.002190304726189661e-03
1.299521654999999942e-01,3.002122899511203234e-03
1.301121842999999889e-01,3.001448936537953836e-03
1.301281753000000097e-01,3.001381549157321627e-03
1.301761367000000003e-01,3.001179396741776237e-03
1.301921198999999862e-01,3.001112015845178692e-03
1.303358805000000009e-01,3.000505660711041533e-03
1.303678057000000057e-01,3.000370932952413708e-03
1.304635345999999863e-01,2.999966788565826964e-03
1.305113727999999973e-01,2.999764738245696161e-03
1.305591932999999871e-01,2.999562702506014620e-03
1.305751296999999866e-01,2.999495360499481855e-03
1.306229268999999915e-01,2.999293344198862218e-03
1.307025501999999895e-01,2.998956682759520466e-03
1.307184690000000038e-01,2.998889355330489667e-03
1.308139412999999862e-01,2.998485424765001336e-03
1.308298465000000133e-01,2.998418108671744870e-03
1.308457499000000024e-01,2.998350794197821977e-03
1.309570191999999966e-01,2.997879638215108968e-03
1.309729071000000078e-01,2.997812336693533603e-03
1.310840685000000116e-01,2.997341271368283901e-03
1.311316801999999893e-01,2.997139410508259556e-03
1.311475470000000032e-01,2.997072126791924546e-03
1.312268518999999967e-01,2.996735732485279399e-03
1.312744117999999904e-01,2.996533915319990818e-03
1.313377983000000027e-01,2.996264848419181049e-03
1.313853181000000092e-01,2.996063065231767235e-03
1.314011542000000088e-01,2.995995807404908551e-03
1.314644795999999893e-01,2.995726792274563000e-03
1.315277744999999998e-01,2.995457803025451671e-03
1.315752256000000120e-01,2.995256078071530971e-03
1.316068501999999862e-01,2.995121602855455555e-03
1.316542729000000078e-01,2.994919902160315169e-03
1.317016785000000023e-01,2.994718216018884150e-03
1.318280101000000037e-01,2.994180457451506728e-03
1.318437929999999869e-01,2.994113244905804473e-03
1.318595740999999877e-01,2.994046033976763017e-03
1.319069059000000099e-01,2.993844410888589925e-03
1.321118145000000077e-01,2.992970878933175986e-03
1.321433106999999885e-01,2.992836513642075941e-03
1.322220182999999938e-01,2.992500628690041801e-03
1.322849506999999869e-01,2.992231949809340697e-03
1.323635740999999921e-01,2.991896137555252310e-03
1.323950104000000128e-01,2.991761823960458790e-03
1.324735684999999996e-01,2.991426068237638351e-03
1.325991646999999940e-01,2.990888943055432930e-03
1.326148558999999949e-01,2.990821809673815251e-03
1.326619182000000063e-01,2.990620419216048417e-03
1.327089637999999960e-01,2.990419043288199217e-03
1.327403182999999931e-01,2.990284800741267734e-03
1.328343374000000021e-01,2.989882111840656224e-03
1.328500008000000066e-01,2.989815002673069932e-03
1.328969798999999896e-01,2.989613684853783832e-03
1.329908881999999903e-01,2.989211092787029227e-03
1.330378174999999885e-01,2.989009818537381909e-03
1.331159962000000030e-01,2.988674393722927716e-03
1.331628814999999966e-01,2.988473158193517051e-03
1.332097502000000044e-01,2.988271937182067871e-03
1.332253693999999877e-01,2.988204866737587898e-03
1.333502575000000134e-01,2.987668361244717914e-03
1.333658601999999915e-01,2.987601305315255168e-03
1.333970603000000088e-01,2.987467198294161633e-03
1.334906168999999976e-01,2.987064915929457925e-03
1.335373705000000022e-01,2.986863796512907471e-03
1.335996832999999939e-01,2.986595659860456515e-03
1.336463988000000103e-01,2.986394574296810482e-03
1.336619671000000009e-01,2.986327548999384140e-03
1.337242217999999871e-01,2.986059463926938207e-03
1.338330979000000032e-01,2.985590377096306210e-03
1.338641891000000028e-01,2.985456366790226711e-03
1.340971431999999908e-01,2.984451494907133014e-03
1.341126591000000035e-01,2.984384516334921515e-03
1.341591960000000083e-01,2.984183590281682535e-03
1.342057167000000051e-01,2.983982678722663182e-03
1.342212201000000105e-01,2.983915711423811533e-03
1.342367215999999974e-01,2.983848745735183123e-03
1.343451823000000045e-01,2.983380031000210965e-03
1.343606696000000100e-01,2.983313078192646392e-03
1.344845033000000023e-01,2.982777513686129915e-03
1.345309115999999972e-01,2.982576703555912118e-03
1.345773037999999922e-01,2.982375907910981422e-03
1.346391352999999902e-01,2.982108202915362272e-03
1.346545888000000024e-01,2.982041280689596945e-03
1.347009383999999976e-01,2.981840523666893627e-03
1.347163848000000053e-01,2.981773607877503170e-03
1.347781523999999898e-01,2.981505960809212753e-03
1.348398918000000002e-01,2.981238339482219883e-03
1.348861778000000067e-01,2.981037640378068464e-03
1.349016029000000005e-01,2.980970743893794107e-03
1.350249404999999958e-01,2.980435629922198633e-03
1.350711631000000024e-01,2.980234988718787840e-03
1.350865670999999990e-01,2.980168111533781396e-03
1.351327686000000083e-01,2.979967489626647419e-03
1.351943459999999930e-01,2.979700016260566735e-03
1.352251241999999909e-01,2.979566289224003153e-03
1.352712784000000001e-01,2.979365710726325327e-03
1.353942793000000033e-01,2.978830905459912363e-03
1.354557378000000034e-01,2.978563541400330861e-03
1.354710980999999925e-01,2.978496704403094629e-03
1.355939177000000107e-01,2.977962066272823831e-03
1.356246051999999980e-01,2.977828422807522572e-03
1.356399463000000083e-01,2.977761603484705560e-03
1.357166260999999874e-01,2.977427530967901963e-03
1.358085847000000124e-01,2.977026696955762872e-03
1.358698557999999945e-01,2.976759506402942412e-03
1.358851692999999972e-01,2.976692712779632159e-03
1.359464059000000113e-01,2.976425554344555493e-03
1.359617106999999880e-01,2.976358768750114476e-03
1.360840875000000061e-01,2.975824541795178777e-03
1.361299504000000049e-01,2.975624233176159001e-03
1.361757979000000063e-01,2.975423939004049907e-03
1.361910769999999937e-01,2.975357177490264328e-03
1.363590336999999930e-01,2.974622906762233124e-03
1.363742921999999969e-01,2.974556164506219572e-03
1.364505592999999961e-01,2.974222477293760394e-03
1.364962990999999959e-01,2.974022284218762885e-03
1.365572616000000072e-01,2.973755382577668131e-03
1.366791052000000117e-01,2.973221656287832956e-03
1.366943280000000038e-01,2.973154947718820943e-03
1.367399861999999966e-01,2.972954831633719229e-03
1.367856292000000085e-01,2.972754729980760496e-03
1.368160494000000005e-01,2.972621336896067411e-03
1.368464628999999932e-01,2.972487950224872964e-03
1.369224669999999922e-01,2.972154511603498136e-03
1.370439857999999900e-01,2.971621093167011677e-03
1.370591680999999895e-01,2.971554423075252298e-03
1.370895276000000107e-01,2.971421087699795474e-03
1.371047048000000046e-01,2.971354422415999584e-03
1.371502263999999915e-01,2.971154436179997225e-03
1.372260621999999985e-01,2.970821157835335305e-03
1.374078974000000064e-01,2.970021453228467116e-03
1.374230395000000104e-01,2.969954821590346013e-03
1.375289872999999885e-01,2.969488444969331509e-03
1.375441161000000023e-01,2.969421826143876699e-03
1.375894923000000047e-01,2.969221979275539752e-03
1.376348535999999956e-01,2.969022146818699540e-03
1.376499707000000128e-01,2.968955539202099755e-03
1.377708478000000125e-01,2.968422735905747005e-03
1.377859499999999904e-01,2.968356142697656328e-03
1.379067079000000084e-01,2.967823454656011266e-03
1.379519649000000014e-01,2.967623723048354225e-03
1.380575068000000072e-01,2.967157738638636147e-03
1.380725775999999960e-01,2.967091175837560917e-03
1.381479070999999947e-01,2.966758385830936106e-03
1.381930851000000016e-01,2.966558731024384471e-03
1.382683489000000043e-01,2.966226005005559961e-03
1.383134874999999986e-01,2.966026388587741057e-03
1.384788700000000039e-01,2.965294584860779428e-03
1.385089183000000057e-01,2.965161550424408321e-03
1.385389600999999971e-01,2.965028522383155590e-03
1.385990242000000039e-01,2.964762485484686433e-03
1.386290464000000111e-01,2.964629476626724509e-03
1.386740676999999866e-01,2.964429975328182129e-03
1.387190742999999948e-01,2.964230488414506745e-03
1.387340732000000021e-01,2.964163995973034208e-03
1.387490705999999963e-01,2.964097505129821824e-03
1.387790603999999872e-01,2.963964528237597248e-03
1.388540065999999962e-01,2.963632113972061721e-03
1.389139343999999943e-01,2.963366211320890304e-03
1.389588633000000129e-01,2.963166801108210301e-03
1.390337125999999979e-01,2.962834482704235217e-03
1.390935630000000034e-01,2.962568656733481024e-03
1.392131866000000107e-01,2.962037081454091999e-03
1.392281324000000098e-01,2.961970641730498136e-03
1.392580190000000107e-01,2.961837767073575815e-03
1.393476405000000085e-01,2.961439181423202154e-03
1.394372043000000061e-01,2.961040653246308895e-03
1.394521260000000096e-01,2.960974237470570015e-03
1.395565333999999880e-01,2.960509371731926982e-03
1.395863497000000009e-01,2.960376567313280794e-03
1.396310622999999973e-01,2.960177372654030064e-03
1.396757604999999958e-01,2.959978192356121311e-03
1.396906566999999988e-01,2.959911802114711856e-03
1.397502257999999886e-01,2.959646257104254791e-03
1.398246513999999996e-01,2.959314361736981296e-03
1.399287808000000133e-01,2.958849775219334413e-03
1.399436501000000110e-01,2.958783412096726087e-03
1.399882484999999954e-01,2.958584332297835295e-03
1.400625477000000119e-01,2.958252564527197748e-03
1.401071081999999968e-01,2.958053522999418063e-03
1.401665002999999965e-01,2.957788156617308355e-03
1.402110277999999988e-01,2.957589148570374370e-03
1.402852089999999941e-01,2.957257500374134082e-03
1.403445257000000002e-01,2.956992210507869683e-03
1.403889966999999905e-01,2.956793259842680453e-03
1.405075174000000038e-01,2.956262794852466697e-03
1.405223254999999893e-01,2.956196493899025755e-03
1.406407338000000007e-01,2.955666143625371601e-03
1.406555278999999936e-01,2.955599857009872516e-03
1.406851112999999986e-01,2.955467288557433840e-03
1.407590425999999950e-01,2.955135895299925135e-03
1.407738242000000084e-01,2.955069621426429684e-03
1.408181597000000007e-01,2.954870809361228277e-03
1.408624812000000004e-01,2.954672011628040745e-03
1.408920210999999867e-01,2.954539487767619214e-03
1.409215548999999956e-01,2.954406970276251838e-03
1.409953622000000018e-01,2.954075704409924071e-03
1.410101189999999893e-01,2.954009456012688176e-03
1.411281181000000051e-01,2.953479526140765244e-03
1.411723423000000033e-01,2.953280828701233904e-03
1.412312863999999890e-01,2.953015921062313032e-03
1.412902058999999932e-01,2.952751038884376174e-03
1.413491007999999882e-01,2.952486182164785686e-03
1.413638207000000035e-01,2.952419971962467939e-03
1.413932558999999867e-01,2.952287556330609672e-03
1.414079712000000100e-01,2.952221350900989354e-03
1.414521079000000126e-01,2.952022744156911765e-03
1.414815248000000081e-01,2.951890347614492295e-03
1.415256386000000033e-01,2.951691764730341762e-03
1.415844356000000026e-01,2.951427009818253806e-03
1.416285173000000064e-01,2.951228460332815020e-03
1.417019563999999954e-01,2.950897576327528304e-03
1.418340509000000083e-01,2.950302085285184429e-03
1.419220455000000103e-01,2.949905162792680006e-03
1.419513649999999960e-01,2.949772868010877395e-03
1.420539353999999976e-01,2.949309886335853455e-03
1.420685821999999876e-01,2.949243752452973023e-03
1.420978713999999921e-01,2.949111489454258293e-03
1.422295982000000014e-01,2.948516384606517191e-03
1.423319681000000114e-01,2.948053614240667836e-03
1.423465864000000025e-01,2.947987510541806317e-03
1.424196550999999866e-01,2.947657015869806132e-03
1.424634784000000098e-01,2.947458738123207977e-03
1.425072881999999985e-01,2.947260474667665574e-03
1.425364872999999866e-01,2.947128306969618809e-03
1.425802747000000092e-01,2.946930067330137508e-03
1.426386369000000043e-01,2.946665770036574657e-03
1.427407133999999966e-01,2.946203310886639018e-03
1.427990101000000123e-01,2.945939083432936190e-03
1.428135805000000091e-01,2.945873030536977355e-03
1.428572830000000016e-01,2.945674881370642390e-03
1.428718475000000099e-01,2.945608834822175531e-03
1.429300907000000120e-01,2.945344664495506710e-03
1.429883100999999879e-01,2.945080519554377912e-03
1.430319592000000029e-01,2.944882427506319636e-03
1.431628265000000066e-01,2.944288237018694368e-03
1.432354788000000101e-01,2.943958186702302481e-03
1.432645294999999874e-01,2.943826177676334230e-03
1.432790526000000120e-01,2.943760175541842040e-03
1.433226130999999959e-01,2.943562178651962843e-03
1.433371303000000041e-01,2.943496182859722463e-03
1.433951844999999947e-01,2.943232215545043672e-03
1.434677192000000101e-01,2.942902292070653965e-03
1.434967228000000039e-01,2.942770333776857650e-03
1.435112223999999992e-01,2.942704357007506436e-03
1.435836984999999955e-01,2.942374496934662895e-03
1.436271665999999947e-01,2.942176599908566306e-03
1.436851036000000026e-01,2.941912759392068845e-03
1.437285409999999874e-01,2.941714895641961425e-03
1.438009075999999997e-01,2.941385154412055544e-03
1.438587745999999890e-01,2.941121389943321656e-03
1.439744389000000013e-01,2.940593937035580231e-03
1.440322361999999967e-01,2.940330248591347707e-03
1.440466819000000009e-01,2.940264330439181385e-03
1.441477613000000102e-01,2.939802947709233612e-03
1.441910593999999879e-01,2.939605236002319332e-03
1.442487698999999901e-01,2.939341642555888100e-03
1.442776165000000110e-01,2.939209855330319511e-03
1.443641216999999866e-01,2.938814531640246679e-03
1.443785341999999916e-01,2.938748649897861796e-03
1.444361698000000138e-01,2.938485138753419573e-03
1.444937823999999926e-01,2.938221652927141148e-03
1.445081820000000128e-01,2.938155785426268315e-03
1.445513720000000113e-01,2.937958192416430074e-03
1.445945492000000054e-01,2.937760613645246360e-03
1.447096254000000137e-01,2.937233806524542929e-03
1.448389767999999911e-01,2.936641269506467741e-03
1.448533421000000043e-01,2.936575439966866187e-03
1.448820682999999998e-01,2.936443785631175085e-03
1.448964292000000098e-01,2.936377960834997067e-03
1.449682127999999959e-01,2.936048860570028562e-03
1.450686501000000017e-01,2.935588186595299801e-03
1.450829925999999881e-01,2.935522382350232509e-03
1.451833503999999941e-01,2.935061796888338830e-03
1.451976815999999892e-01,2.934996005286699076e-03
1.452406666000000124e-01,2.934798639963000742e-03
1.452836389999999922e-01,2.934601288860505183e-03
1.453552312999999985e-01,2.934272401955722101e-03
1.454124797000000135e-01,2.934009320868515795e-03
1.454697057000000071e-01,2.933746265055608201e-03
1.455412064000000116e-01,2.933417480827295743e-03
1.456269609999999992e-01,2.933022991869034795e-03
1.456555347000000056e-01,2.932891508182362914e-03
1.456983846000000082e-01,2.932694294494273164e-03
1.457554983000000082e-01,2.932431365013671298e-03
1.457983189000000013e-01,2.932234184479404551e-03
1.458696586000000073e-01,2.931905581826056793e-03
1.458839222999999963e-01,2.931839866030539268e-03
1.459694756000000093e-01,2.931445604400804549e-03
1.459837296000000006e-01,2.931379899652640161e-03
1.459979821999999872e-01,2.931314196482482162e-03
1.460407317000000094e-01,2.931117096439821417e-03
1.460834685999999882e-01,2.930920010597859449e-03
1.462542916000000026e-01,2.930131809216136255e-03
1.462685177999999975e-01,2.930066136020764364e-03
1.464391248999999950e-01,2.929278180688210925e-03
1.464817456999999989e-01,2.929081227334377931e-03
1.465527527000000108e-01,2.928753003276308563e-03
1.465669498999999931e-01,2.928687363194035307e-03
1.466095335000000000e-01,2.928490452405483908e-03
1.468789426999999870e-01,2.927243680136071540e-03
1.468931083999999998e-01,2.927178076300193926e-03
1.469072727999999883e-01,2.927112474039809953e-03
1.469355974999999870e-01,2.926981274245201575e-03
1.469497577999999971e-01,2.926915676710909516e-03
1.470063852999999865e-01,2.926653302326127221e-03
1.470205387000000086e-01,2.926587712667801100e-03
1.470629908999999957e-01,2.926390953143262735e-03
1.471054309000000004e-01,2.926194207793429616e-03
1.471337174000000025e-01,2.926063052101129415e-03
1.471619985000000019e-01,2.925931902707909829e-03
1.472326774000000116e-01,2.925604056780980577e-03
1.472468090999999868e-01,2.925538492319198960e-03
1.472891960999999916e-01,2.925341808380338502e-03
1.473598140000000056e-01,2.925014033301400352e-03
1.473880516999999946e-01,2.924882934288944997e-03
1.474445108999999920e-01,2.924620755152175337e-03
1.475714650000000128e-01,2.924030944162211727e-03
1.475855641999999912e-01,2.923965417475840947e-03
1.476278540000000028e-01,2.923768846857576886e-03
1.476983098999999910e-01,2.923441260626892177e-03
1.477405673999999947e-01,2.923244727766695621e-03
1.477828127999999963e-01,2.923048209063771209e-03
1.477968919000000048e-01,2.922982705975336968e-03
1.478391212000000066e-01,2.922786206147121209e-03
1.478954080999999865e-01,2.922524228394421126e-03
1.479657366999999890e-01,2.922196791586592884e-03
1.480219755000000137e-01,2.921934870443566781e-03
1.480360319000000036e-01,2.921869394088508470e-03
1.481343890000000052e-01,2.921411103621878932e-03
1.481484346999999979e-01,2.921345639843185051e-03
1.482467172999999971e-01,2.920887437402288917e-03
1.482888185000000025e-01,2.920691088502222477e-03
1.483449347999999945e-01,2.920429311969118934e-03
1.483729850000000128e-01,2.920298433130552249e-03
1.484711190000000125e-01,2.919840406687084118e-03
1.485131564999999931e-01,2.919644133204786496e-03
1.485831927000000052e-01,2.919317042150312586e-03
1.486391978999999919e-01,2.919055397578188514e-03
1.487091747000000019e-01,2.918728377198082004e-03
1.487511448999999930e-01,2.918532183813422540e-03
1.488070868999999963e-01,2.918270614615775093e-03
1.489049347999999995e-01,2.917812928962571894e-03
1.489189077999999999e-01,2.917747551576941288e-03
1.489328795000000039e-01,2.917682175760966546e-03
1.489747867000000003e-01,2.917486057730574612e-03
1.490306446999999923e-01,2.917224588996255360e-03
1.490446059999999961e-01,2.917159225736178346e-03
1.490864818000000036e-01,2.916963145371374942e-03
1.491422980000000065e-01,2.916701726853363364e-03
1.492538676999999869e-01,2.916178965127577856e-03
1.492678081000000101e-01,2.916113626971451444e-03
1.494071399999999938e-01,2.915460331679354047e-03
1.494210660999999996e-01,2.915395010776256502e-03
1.496019868000000030e-01,2.914545981728688950e-03
1.496298013000000038e-01,2.914415385392837930e-03
1.496437066000000093e-01,2.914350089576348956e-03
1.496854149000000078e-01,2.914154211532279503e-03
1.497132139000000028e-01,2.914023634006855223e-03
1.497549028000000060e-01,2.913827779473998278e-03
1.497965800999999930e-01,2.913631939046439859e-03
1.498104698999999929e-01,2.913566662038188405e-03
1.499354206000000078e-01,2.912979239478846044e-03
1.500186632999999936e-01,2.912587694944206249e-03
1.500325325999999904e-01,2.912522443004729109e-03
1.500464005999999906e-01,2.912457192631707700e-03
1.500879968999999925e-01,2.912261450910948526e-03
1.501295816999999866e-01,2.912065723286865870e-03
1.501434407999999998e-01,2.912000483877951688e-03
1.502681146000000023e-01,2.911413399668558947e-03
1.503096496000000115e-01,2.911217733117507905e-03
1.504203534000000120e-01,2.910696024533857094e-03
1.504618463000000073e-01,2.910500409644097182e-03
1.504756747999999866e-01,2.910435207811381229e-03
1.505171525000000010e-01,2.910239611704007554e-03
1.505309757999999942e-01,2.910174416131659694e-03
1.505862565999999958e-01,2.909913649492266476e-03
1.506000735999999951e-01,2.909848461744624342e-03
1.507105640999999996e-01,2.909327016093633117e-03
1.508071769000000062e-01,2.908870833285734283e-03
1.509175157000000045e-01,2.908349575357353518e-03
1.509588719999999940e-01,2.908154129439636561e-03
1.509726549000000029e-01,2.908088983927986041e-03
1.510139960999999920e-01,2.907893556775351454e-03
1.510415505999999908e-01,2.907763279825059666e-03
1.510828728999999981e-01,2.907567876126033058e-03
1.511517183999999958e-01,2.907242234562209919e-03
1.511792477999999995e-01,2.907111988879454000e-03
1.512618058999999904e-01,2.906721289345206346e-03
1.513030680999999933e-01,2.906525960677775692e-03
1.513718133999999993e-01,2.906200444153741406e-03
1.513993026999999880e-01,2.906070248482375915e-03
1.514542664999999899e-01,2.905809875889471278e-03
1.514680043999999948e-01,2.905744786647251714e-03
1.515229432000000098e-01,2.905484445300668146e-03
1.515778621999999964e-01,2.905224128948401090e-03
1.516190383000000086e-01,2.905028908085056840e-03
1.516327611999999936e-01,2.904963837587728765e-03
1.517836311999999910e-01,2.904248165188514676e-03
1.517973393000000004e-01,2.904183113430467127e-03
1.518384559000000023e-01,2.903987967523982174e-03
1.519069588999999998e-01,2.903662755570486816e-03
1.520164995000000130e-01,2.903142497616028727e-03
1.520301864999999975e-01,2.903077472395273508e-03
1.520712402000000130e-01,2.902882406096942824e-03
1.522353442000000112e-01,2.902102281341811547e-03
1.522490115000000033e-01,2.902037281086887813e-03
1.522900061999999943e-01,2.901842289682259914e-03
1.523309898000000107e-01,2.901647312316723085e-03
1.523583061999999877e-01,2.901517335205480719e-03
1.523992714000000082e-01,2.901322381236144665e-03
1.524402256999999872e-01,2.901127441303181804e-03
1.524538746999999916e-01,2.901062464444531270e-03
1.525766605999999970e-01,2.900477742886068029e-03
1.526175671999999983e-01,2.900282863764545253e-03
1.526857206999999994e-01,2.899958096407325055e-03
1.527674646000000136e-01,2.899568427016914387e-03
1.528899987000000016e-01,2.898984028128399632e-03
1.529036075000000106e-01,2.898919102709837832e-03
1.529308215000000082e-01,2.898789256547052839e-03
1.529988354000000050e-01,2.898464668405078583e-03
1.530124344999999886e-01,2.898399755450311536e-03
1.530532246999999901e-01,2.898205025932748188e-03
1.531211842000000101e-01,2.897880507889819424e-03
1.531483596000000058e-01,2.897750711575331796e-03
1.532162769000000035e-01,2.897426248042754126e-03
1.532705890999999931e-01,2.897166705246579949e-03
1.533113106000000003e-01,2.896972064498501420e-03
1.533384523000000110e-01,2.896842311784490320e-03
1.533655891000000049e-01,2.896712565297773073e-03
1.533791557999999999e-01,2.896647694389651272e-03
1.534334102999999894e-01,2.896388226323796250e-03
1.534876456000000000e-01,2.896128783162929890e-03
1.535554128999999934e-01,2.895804514230773501e-03
1.535825114000000102e-01,2.895674817551600194e-03
1.535960588999999987e-01,2.895609971546258318e-03
1.536366940999999986e-01,2.895415442866475404e-03
1.536637782999999979e-01,2.895285764859894216e-03
1.537991277000000101e-01,2.894637468173926528e-03
1.538667576999999953e-01,2.894313378164301443e-03
1.538802801999999970e-01,2.894248564828478566e-03
1.539208404000000086e-01,2.894054134152207209e-03
1.539613898999999952e-01,2.893859717472123741e-03
1.540289487000000013e-01,2.893535720771764352e-03
1.540964779000000007e-01,2.893211762941836577e-03
1.541909690000000110e-01,2.892758287272709575e-03
1.542044630999999943e-01,2.892693511252021187e-03
1.542314475000000074e-01,2.892563963873296187e-03
1.542449379999999981e-01,2.892499192515331132e-03
1.543123727000000056e-01,2.892175359037388229e-03
1.543528192999999993e-01,2.891981077598670177e-03
1.544067316999999939e-01,2.891722057434351761e-03
1.544471535999999978e-01,2.891527808625107485e-03
1.544606252999999874e-01,2.891463062129333295e-03
1.545144999999999991e-01,2.891204091680973226e-03
1.545683559999999901e-01,2.890945146086871132e-03
1.546356496000000080e-01,2.890621499041593975e-03
1.546760118000000128e-01,2.890427329451196025e-03
1.548239160999999864e-01,2.889715493852114750e-03
1.548910987000000072e-01,2.889391994318430811e-03
1.549448237999999922e-01,2.889133222632701663e-03
1.549582522000000073e-01,2.889068533591702785e-03
1.550387978999999972e-01,2.888680431937728447e-03
1.550522180999999999e-01,2.888615753760406281e-03
1.550924717999999924e-01,2.888421728539127854e-03
1.551595380999999940e-01,2.888098384203470221e-03
1.552533822999999924e-01,2.887645767294850369e-03
1.552801845000000014e-01,2.887516462139561556e-03
1.553605633000000041e-01,2.887128583899475735e-03
1.553739557000000104e-01,2.887063942954448507e-03
1.554810536000000021e-01,2.886546871221828004e-03
1.555211962999999975e-01,2.886352994906994478e-03
1.555345749000000000e-01,2.886288372569611755e-03
1.556014505999999964e-01,2.885965284137504642e-03
1.556415623000000081e-01,2.885771449680738041e-03
1.556950283999999907e-01,2.885513025438986995e-03
1.557885499999999979e-01,2.885060842685673900e-03
1.558152600999999915e-01,2.884931661560472069e-03
1.558553166999999962e-01,2.884737901494181019e-03
1.558953630000000090e-01,2.884544155372732645e-03
1.560154403000000023e-01,2.883963000666822738e-03
1.560287764999999938e-01,2.883898435666993124e-03
1.561220982000000035e-01,2.883446524035692456e-03
1.561354252999999914e-01,2.883381971426075829e-03
1.561620760999999913e-01,2.883252870852587302e-03
1.561753998000000032e-01,2.883188322888639507e-03
1.562153639999999954e-01,2.882994688287455511e-03
1.562819484000000092e-01,2.882671994918878464e-03
1.563751188999999986e-01,2.882220289224518041e-03
1.563884245000000117e-01,2.882155766031525932e-03
1.564416352999999926e-01,2.881897688737333676e-03
1.564549352000000060e-01,2.881833173283138150e-03
1.566542979999999974e-01,2.880865627165505108e-03
1.567472471999999950e-01,2.880414224775340679e-03
1.567605212000000026e-01,2.880349744907060444e-03
1.567737939999999941e-01,2.880285266585466165e-03
1.568666723999999901e-01,2.879833961639871945e-03
1.568799361999999864e-01,2.879769495690750070e-03
1.569197210000000120e-01,2.879576107121652271e-03
1.569594957999999874e-01,2.879382732469008832e-03
1.570125131000000007e-01,2.879124921244624255e-03
1.570787596000000064e-01,2.878802691998630890e-03
1.570920054999999926e-01,2.878738250786939002e-03
1.571317365999999882e-01,2.878544936426272703e-03
1.571979329000000036e-01,2.878222776737414997e-03
1.572376372000000022e-01,2.878029499469593987e-03
1.572905608000000066e-01,2.877771818080188983e-03
1.573434665000000010e-01,2.877514161413280164e-03
1.573963545000000019e-01,2.877256529466510043e-03
1.574095736999999995e-01,2.877192125341992198e-03
1.574360087999999991e-01,2.877063321727400813e-03
1.574888657000000081e-01,2.876805733034612251e-03
1.575549119000000109e-01,2.876483781921155853e-03
1.575945263000000096e-01,2.876290629785840762e-03
1.576473301000000105e-01,2.876033115224856627e-03
1.577265025000000043e-01,2.875646889705367037e-03
1.577660738999999979e-01,2.875453797788363620e-03
1.578320039999999980e-01,2.875132008800811937e-03
1.578715488999999916e-01,2.874938953931191477e-03
1.579242600000000107e-01,2.874681569046114507e-03
1.579374350999999954e-01,2.874617226683187296e-03
1.580296294999999906e-01,2.874166873350407665e-03
1.580427957999999966e-01,2.874102543332192946e-03
1.580822879000000070e-01,2.873909562534694186e-03
1.581480862999999903e-01,2.873587958727729080e-03
1.583453172000000020e-01,2.872623378676882316e-03
1.583978706999999986e-01,2.872366215931868201e-03
1.584372742999999861e-01,2.872173360062633789e-03
1.585029253000000138e-01,2.871851964448131084e-03
1.586734907000000028e-01,2.871016516197889661e-03
1.586997152000000078e-01,2.870888008815356690e-03
1.587128258999999930e-01,2.870823757435592757e-03
1.587521514000000133e-01,2.870631012541486737e-03
1.587652576999999954e-01,2.870566767325057403e-03
1.587783628999999974e-01,2.870502523649362623e-03
1.588700692999999997e-01,2.870052861057414278e-03
1.588831659000000118e-01,2.869988629706340423e-03
1.589093558999999933e-01,2.869860171625389367e-03
1.589748119000000126e-01,2.869539053377742274e-03
1.589878999000000070e-01,2.869474834348778765e-03
1.590925649000000108e-01,2.868961137556412608e-03
1.591187202999999883e-01,2.868832728756692992e-03
1.591317965000000056e-01,2.868768526666487604e-03
1.591710184000000028e-01,2.868575929633386274e-03
1.591840902999999974e-01,2.868511733701552442e-03
1.592363669000000093e-01,2.868254965368455082e-03
1.593016885000000105e-01,2.867934039586832445e-03
1.593278096999999893e-01,2.867805680048485153e-03
1.593408685999999908e-01,2.867741502587839875e-03
1.594453019000000027e-01,2.867228138304644090e-03
1.594974929000000097e-01,2.866971493093270051e-03
1.595887860999999908e-01,2.866522423206033839e-03
1.596018237000000062e-01,2.866458276518404642e-03
1.596148602000000138e-01,2.866394131368975567e-03
1.596539634999999957e-01,2.866201705149847880e-03
1.597191142999999924e-01,2.865881025545636163e-03
1.597581921000000016e-01,2.865688636238059549e-03
1.598102808999999902e-01,2.865432138689779067e-03
1.599144076000000025e-01,2.864919217395886075e-03
1.599534375999999980e-01,2.864726897277072252e-03
1.600054629000000062e-01,2.864470491972365227e-03
1.600314690999999900e-01,2.864342298542193761e-03
1.601224578000000065e-01,2.863893669948419391e-03
1.601744281999999964e-01,2.863637344559541095e-03
1.602393673999999990e-01,2.863316972394549294e-03
1.602783183000000000e-01,2.863124767531643588e-03
1.603172596999999922e-01,2.862932576494452760e-03
1.603432153999999887e-01,2.862804456816823561e-03
1.604210574000000111e-01,2.862420134646707047e-03
1.604340273000000039e-01,2.862356086327027052e-03
1.605766279999999990e-01,2.861651656160507651e-03
1.605895854000000122e-01,2.861587626266994065e-03
1.606414046000000095e-01,2.861331522045150975e-03
1.606932071000000128e-01,2.861075442384895893e-03
1.607320479999999885e-01,2.860883398756722349e-03
1.607838212999999905e-01,2.860627362073219198e-03
1.608485145000000116e-01,2.860307350748565042e-03
1.608614499999999892e-01,2.860243353087193758e-03
1.609002502999999917e-01,2.860051369309575282e-03
1.609390411999999937e-01,2.859859399340742084e-03
1.609907479999999891e-01,2.859603460860999161e-03
1.610036719999999866e-01,2.859539480076188789e-03
1.611586801999999874e-01,2.858771830300239122e-03
1.611715907999999864e-01,2.858707869454457477e-03
1.612103165000000060e-01,2.858515996118014303e-03
1.612748385999999978e-01,2.858196237890875749e-03
1.613135394000000111e-01,2.858004401353016286e-03
1.613651261000000059e-01,2.857748640765296524e-03
1.614038053999999889e-01,2.857556836420261422e-03
1.614811359999999973e-01,2.857173269114269675e-03
1.615197874000000033e-01,2.856981506151289041e-03
1.615584295999999975e-01,2.856789756980288551e-03
1.615713082999999939e-01,2.856725843654660084e-03
1.615841859000000102e-01,2.856661931861258653e-03
1.616228127000000070e-01,2.856470205674452138e-03
1.616614302999999919e-01,2.856278493276825491e-03
1.616871702000000077e-01,2.856150692671806206e-03
1.617900888999999898e-01,2.855639551525812093e-03
1.618158083000000025e-01,2.855511781556237076e-03
1.619314953000000057e-01,2.854936892499968654e-03
1.619700393000000072e-01,2.854745290377362025e-03
1.619828852000000097e-01,2.854681426065288057e-03
1.620342587999999973e-01,2.854425984127090862e-03
1.621369571999999870e-01,2.853915173730237499e-03
1.622011106000000036e-01,2.853595966976681889e-03
1.622908828999999886e-01,2.853149141796142239e-03
1.623934189000000028e-01,2.852638576251700659e-03
1.624062313999999896e-01,2.852574762443118271e-03
1.624318533000000120e-01,2.852447139415069909e-03
1.624446626999999921e-01,2.852383330195539315e-03
1.624830848999999910e-01,2.852191911714595327e-03
1.625854998000000051e-01,2.851681529727639365e-03
1.625982971000000110e-01,2.851617738861046865e-03
1.626110933999999897e-01,2.851553949523610073e-03
1.627006394000000133e-01,2.851107466974773814e-03
1.627134276999999962e-01,2.851043689869221364e-03
1.628156977000000116e-01,2.850533528058473397e-03
1.628540323000000067e-01,2.850342242600581617e-03
1.628923579999999871e-01,2.850150970898204360e-03
1.629562139999999881e-01,2.849832215292146583e-03
1.630072808999999956e-01,2.849577238312792950e-03
1.630455704999999866e-01,2.849386021621411452e-03
1.630583317000000032e-01,2.849322285779921915e-03
1.631603855000000047e-01,2.848812454043943114e-03
1.631986391999999952e-01,2.848621292346788670e-03
1.632113883999999904e-01,2.848557574835733092e-03
1.632496301999999955e-01,2.848366431466294296e-03
1.633006053000000124e-01,2.848111595020541044e-03
1.633133465000000117e-01,2.848047889726664991e-03
1.633260867999999921e-01,2.847984185959832621e-03
1.633643016999999920e-01,2.847793083820768841e-03
1.634025077000000048e-01,2.847601995423100236e-03
1.634279734000000095e-01,2.847474610791574882e-03
1.634661645000000108e-01,2.847283545293842998e-03
1.635170720000000133e-01,2.847028812667704110e-03
1.636315560999999918e-01,2.846455753546777833e-03
1.636569861999999931e-01,2.846328423862505390e-03
1.636696997000000042e-01,2.846264761309232928e-03
1.637332525999999899e-01,2.845946471430505550e-03
1.637713725000000120e-01,2.845755515811846520e-03
1.638221851999999978e-01,2.845500929678103971e-03
1.638602844000000003e-01,2.845310006094844881e-03
1.639364561999999970e-01,2.844928200110345001e-03
1.640125926999999872e-01,2.844546449028325687e-03
1.640379637000000113e-01,2.844419210866761492e-03
1.640760126999999957e-01,2.844228365059872816e-03
1.641140530000000097e-01,2.844037532974826379e-03
1.641267311000000062e-01,2.843973925328873061e-03
1.642154506999999874e-01,2.843528714490832932e-03
1.642281210000000047e-01,2.843465119039673833e-03
1.642661260000000123e-01,2.843274341831089277e-03
1.642787924000000122e-01,2.843210752476416341e-03
1.644307130000000061e-01,2.842447799082394554e-03
1.644433667000000099e-01,2.842384229536895884e-03
1.644686711999999995e-01,2.842257095016389231e-03
1.645319154999999867e-01,2.841939285374624462e-03
1.645445614000000112e-01,2.841875728016125032e-03
1.646456939000000008e-01,2.841367323980230689e-03
1.646709672999999985e-01,2.841240238200926516e-03
1.647341338999999960e-01,2.840922550401237239e-03
1.647846497000000077e-01,2.840668427568839895e-03
1.648351500999999941e-01,2.840414329095925297e-03
1.648477727999999864e-01,2.840350808283568715e-03
1.650243888000000048e-01,2.839461676730919721e-03
1.650748157999999965e-01,2.839207693931251279e-03
1.651378279000000060e-01,2.838890249666685059e-03
1.651504273999999939e-01,2.838826765378025738e-03
1.652260043999999872e-01,2.838445891592974134e-03
1.652385972000000036e-01,2.838382417952874104e-03
1.652511891000000011e-01,2.838318945833911023e-03
1.652889589000000048e-01,2.838128538602890244e-03
1.653267200000000103e-01,2.837938145060001690e-03
1.653393052000000085e-01,2.837874683587414751e-03
1.653518894000000072e-01,2.837811223635560137e-03
1.654399518000000124e-01,2.837367046550248826e-03
1.654902521999999931e-01,2.837113264523667775e-03
1.655531061999999942e-01,2.836796071196647905e-03
1.656787426000000119e-01,2.836161798544995991e-03
1.656913010000000130e-01,2.836098379638858549e-03
1.657540787000000015e-01,2.835781307902491156e-03
1.657917338999999879e-01,2.835591083094696208e-03
1.658544735999999964e-01,2.835274072135073129e-03
1.658921060999999919e-01,2.835083883789676386e-03
1.659422694000000087e-01,2.834830320595591729e-03
1.660425504999999968e-01,2.834323267111890036e-03
1.660550813999999986e-01,2.834259892260499424e-03
1.660801403000000120e-01,2.834133147113238656e-03
1.661302469000000004e-01,2.833879675040169247e-03
1.661928588000000095e-01,2.833562869110545224e-03
1.662429313000000075e-01,2.833309451693204976e-03
1.662554471000000089e-01,2.833246101133902236e-03
1.663430311999999911e-01,2.832802689718556723e-03
1.663930586000000045e-01,2.832549345156262690e-03
1.664305691999999892e-01,2.832359352668355462e-03
1.664555715999999908e-01,2.832232698596785087e-03
1.664805702999999915e-01,2.832106050594496074e-03
1.664930682000000106e-01,2.832042728869167171e-03
1.665305562999999933e-01,2.831852772796254660e-03
1.666429701000000096e-01,2.831282986495501242e-03
1.666804245000000073e-01,2.831093085031054484e-03
1.667553079999999910e-01,2.830713323049609091e-03
1.668426296999999947e-01,2.830270336399390730e-03
1.669423700000000066e-01,2.829764156907814236e-03
1.669548332999999940e-01,2.829700891292828268e-03
1.669922178000000090e-01,2.829511103542447451e-03
1.670420506999999999e-01,2.829258074427392928e-03
1.670918687999999874e-01,2.829005069560253712e-03
1.671416719999999911e-01,2.828752088938459378e-03
1.671541205000000030e-01,2.828688847571081237e-03
1.672536749999999905e-01,2.828182971173831724e-03
1.672785544000000013e-01,2.828056517223648259e-03
1.672909925999999936e-01,2.827993292520629247e-03
1.673283020000000121e-01,2.827803627500004476e-03
1.673531702999999926e-01,2.827677191725995118e-03
1.673904657999999990e-01,2.827487549423787772e-03
1.674277529000000042e-01,2.827297920751221244e-03
1.674401801000000023e-01,2.827234714222329800e-03
1.674774562999999938e-01,2.827045103721178600e-03
1.675519836000000096e-01,2.826665923599423844e-03
1.675892347999999865e-01,2.826476353976785458e-03
1.676885310000000018e-01,2.825970901587242495e-03
1.677257518999999975e-01,2.825781381914679001e-03
1.677381571000000071e-01,2.825718211717332968e-03
1.678497620000000135e-01,2.825149748035883993e-03
1.678745530000000097e-01,2.825023439417122771e-03
1.678869471999999974e-01,2.824960287377171596e-03
1.679489041999999988e-01,2.824644549869441065e-03
1.679860673999999943e-01,2.824455125517144442e-03
1.680232224000000052e-01,2.824265714777895141e-03
1.680479877999999927e-01,2.824139448513964500e-03
1.680727495999999876e-01,2.824013188299529832e-03
1.681346381000000112e-01,2.823697564227806416e-03
1.682212436999999949e-01,2.823255754034221555e-03
1.682830775999999973e-01,2.822940220680080891e-03
1.683819645999999892e-01,2.822435445916331512e-03
1.684313863999999938e-01,2.822183094807524488e-03
1.685178394999999885e-01,2.821741538545528057e-03
1.685425322000000115e-01,2.821615393212197585e-03
1.685795646000000092e-01,2.821426186543349486e-03
1.686289283999999888e-01,2.821173932134568487e-03
1.686659417999999966e-01,2.820984757188950334e-03
1.687276127000000014e-01,2.820669495821110338e-03
1.687769332000000067e-01,2.820417313911514814e-03
1.688262392999999861e-01,2.820165156163396362e-03
1.688385635999999912e-01,2.820102120501314768e-03
1.689124902999999955e-01,2.819723938235255221e-03
1.689248083000000067e-01,2.819660913141666322e-03
1.690233197999999881e-01,2.819156766736224604e-03
1.690356296999999952e-01,2.819093755227890154e-03
1.690602468999999886e-01,2.818967736739121446e-03
1.690725540999999943e-01,2.818904729758538435e-03
1.691709795999999932e-01,2.818400728240659601e-03
1.692570549000000091e-01,2.817959806128297884e-03
1.692693477999999974e-01,2.817896823289786027e-03
1.693185104999999913e-01,2.817644907020861855e-03
1.693307990000000041e-01,2.817581931724788460e-03
1.693676590000000037e-01,2.817393014886396870e-03
1.694290743999999904e-01,2.817078183653388707e-03
1.695150186999999919e-01,2.816637483264441359e-03
1.696254544999999947e-01,2.816070977037199354e-03
1.696622505000000003e-01,2.815882168763434237e-03
1.696990385000000101e-01,2.815693374055546708e-03
1.697112993999999875e-01,2.815630445500727410e-03
1.697235594000000014e-01,2.815567518453050613e-03
1.697603340999999932e-01,2.815378746352691780e-03
1.697971007999999893e-01,2.815189987815448856e-03
1.698093545999999898e-01,2.815127071316878785e-03
1.698461106999999970e-01,2.814938330862205591e-03
1.699195991000000128e-01,2.814560890634014694e-03
1.700420092000000105e-01,2.813931944104279114e-03
1.700542452999999898e-01,2.813869057735594176e-03
1.701031812000000087e-01,2.813617527321734917e-03
1.701521028999999907e-01,2.813366021002823916e-03
1.702010106000000078e-01,2.813114538776524069e-03
1.702132353999999959e-01,2.813051671984210470e-03
1.702376821999999901e-01,2.812925942916150949e-03
1.703110016000000115e-01,2.812548791843220552e-03
1.703842895000000079e-01,2.812171694960704463e-03
1.703965010999999863e-01,2.812108850748237278e-03
1.704331305000000019e-01,2.811920327140625224e-03
1.704819576000000114e-01,2.811668983399086361e-03
1.705429717999999983e-01,2.811354837578762273e-03
1.706039642000000134e-01,2.811040729372442110e-03
1.706405491000000108e-01,2.810852282501294895e-03
1.706893168999999988e-01,2.810601041065900491e-03
1.707015065999999970e-01,2.810538234467326642e-03
1.707989933999999876e-01,2.810035835822210712e-03
1.708233563000000066e-01,2.809910251199160096e-03
1.708355364999999959e-01,2.809847461143188604e-03
1.708720719000000055e-01,2.809659099997043573e-03
1.708964245000000048e-01,2.809533533417283343e-03
1.709816312000000116e-01,2.809094097744670691e-03
1.710789583000000003e-01,2.808591975737374184e-03
1.710911203000000103e-01,2.808529217249811170e-03
1.712248452000000032e-01,2.807838973065048677e-03
1.712612974999999926e-01,2.807650756203844411e-03
1.713584657999999983e-01,2.807148910672373210e-03
1.713706078999999993e-01,2.807086186740252037e-03
1.713827491999999897e-01,2.807023464310140753e-03
1.714070292000000051e-01,2.806898023955611745e-03
1.714677142000000098e-01,2.806584449350820430e-03
1.714798486000000122e-01,2.806521738934949443e-03
1.715162467999999940e-01,2.806333616696938572e-03
1.715526370999999883e-01,2.806145507972221485e-03
1.716011457000000129e-01,2.805894717358603258e-03
1.716617619999999955e-01,2.805581262868744267e-03
1.716738827000000023e-01,2.805518576474038545e-03
1.717102396999999891e-01,2.805330526295788610e-03
1.717708175999999864e-01,2.805017139349187064e-03
1.717950427000000113e-01,2.804891795075571681e-03
1.718071539999999897e-01,2.804829125189760037e-03
1.719524231000000014e-01,2.804077203593853453e-03
1.719887211999999999e-01,2.803889256950112610e-03
1.720008188999999910e-01,2.803826611068964674e-03
1.720612944000000089e-01,2.803513404161658666e-03
1.721338370999999923e-01,2.803137605365173604e-03
1.721459244999999916e-01,2.803074977481000239e-03
1.721821818000000004e-01,2.802887102825481636e-03
1.722425937000000018e-01,2.802574008386984200e-03
1.723392086999999961e-01,2.802073135241859789e-03
1.723874958000000124e-01,2.801822734643941420e-03
1.724357695000000024e-01,2.801572358025990368e-03
1.724478358000000044e-01,2.801509767618070006e-03
1.725443358000000038e-01,2.801009098299278143e-03
1.725684523999999886e-01,2.800883945952822689e-03
1.725805093999999984e-01,2.800821372026860920e-03
1.726407819000000121e-01,2.800508524868292222e-03
1.726769353000000007e-01,2.800320834548736346e-03
1.727733073000000119e-01,2.799820392931428020e-03
1.728214731999999920e-01,2.799570208064537311e-03
1.728335125999999888e-01,2.799507665591362531e-03
1.729057311999999957e-01,2.799132442194688167e-03
1.729297972999999933e-01,2.799007379706290339e-03
1.730140025999999942e-01,2.798569708151482215e-03
1.730981668000000084e-01,2.798132109937675766e-03
1.731222062999999978e-01,2.798007095345681795e-03
1.731462423000000028e-01,2.797882086739201992e-03
1.731943045000000070e-01,2.797632087482167327e-03
1.732063179999999980e-01,2.797569591408506119e-03
1.732543633999999999e-01,2.797319622074688570e-03
1.733144016000000009e-01,2.797007194067232128e-03
1.733384109999999978e-01,2.796882233335083127e-03
1.733984199999999976e-01,2.796569857679361178e-03
1.734104193000000071e-01,2.796507387034964567e-03
1.734464122999999913e-01,2.796319984074733828e-03
1.734823977999999933e-01,2.796132594572973105e-03
1.735063840000000135e-01,2.796007675714859159e-03
1.735423570000000082e-01,2.795820308641529077e-03
1.735783226000000012e-01,2.795632955023977587e-03
1.735903095000000118e-01,2.795570506808117434e-03
1.736981541000000018e-01,2.795008540132475506e-03
1.737221104999999988e-01,2.794883675090434252e-03
1.737340874999999951e-01,2.794821244811240574e-03
1.738298734000000012e-01,2.794321856375111233e-03
1.738777465999999938e-01,2.794072198018314728e-03
1.739614929999999948e-01,2.793635353412038391e-03
1.739854131000000137e-01,2.793510554111636266e-03
1.740691075999999948e-01,2.793073803609036170e-03
1.741647092999999979e-01,2.792574749781182378e-03
1.741766557999999965e-01,2.792512374772044594e-03
1.742602584999999871e-01,2.792075791511818960e-03
1.742721985000000029e-01,2.792013428446168174e-03
1.742960759999999942e-01,2.791888706793053520e-03
1.743080134999999975e-01,2.791826348205533707e-03
1.743676888000000036e-01,2.791514577656843080e-03
1.744034841999999863e-01,2.791327533237429170e-03
1.744392723000000034e-01,2.791140502249110904e-03
1.745465922999999975e-01,2.790579489860145566e-03
1.745942689999999964e-01,2.790330189811333905e-03
1.746300178999999897e-01,2.790143230437999548e-03
1.746538464999999873e-01,2.790018598313973464e-03
1.746895831999999982e-01,2.789831661314360039e-03
1.748324572000000132e-01,2.789084047534422846e-03
1.748443581000000135e-01,2.789021756078317177e-03
1.748800558999999977e-01,2.788834890655474304e-03
1.749395360999999871e-01,2.788523478100040677e-03
1.750227742999999891e-01,2.788087563127776471e-03
1.750346623000000046e-01,2.788025295522136241e-03
1.751178553999999943e-01,2.787589464009381738e-03
1.751653764999999974e-01,2.787340450212824616e-03
1.752010089000000104e-01,2.787153705509630430e-03
1.752485075000000114e-01,2.786904733428996559e-03
1.752603801000000017e-01,2.786842494133028644e-03
1.753553322999999997e-01,2.786344633388110684e-03
1.754027891000000117e-01,2.786095738760130478e-03
1.754146513000000018e-01,2.786033518826094325e-03
1.754383733000000056e-01,2.785909083425367784e-03
1.754502330999999915e-01,2.785846867958590226e-03
1.754858076999999961e-01,2.785660230492097329e-03
1.755095200000000022e-01,2.785535812958843914e-03
1.755450826000000131e-01,2.785349197825085204e-03
1.756280337999999996e-01,2.784913814615408521e-03
1.756872607999999947e-01,2.784602871262292952e-03
1.756991036999999978e-01,2.784540687056456278e-03
1.757346278999999956e-01,2.784354143368262743e-03
1.757701449000000082e-01,2.784167613072877339e-03
1.758648217999999874e-01,2.783670264419954923e-03
1.758766529000000134e-01,2.783608102533354552e-03
1.759830964000000109e-01,2.783048712492237290e-03
1.760067416999999967e-01,2.782924419955361273e-03
1.760185632000000056e-01,2.782862275917789147e-03
1.760776588000000087e-01,2.782551578036968846e-03
1.761131066000000134e-01,2.782365177152632159e-03
1.761485473000000135e-01,2.782178789650218646e-03
1.761603593000000134e-01,2.782116663456358704e-03
1.761957903999999964e-01,2.781930293794804190e-03
1.762075992000000091e-01,2.781868173547575891e-03
1.762548265999999975e-01,2.781619707424142635e-03
1.762666314000000123e-01,2.781557594609370462e-03
1.763610418000000069e-01,2.781060745598299810e-03
1.763964326999999943e-01,2.780874451740550368e-03
1.764436094000000066e-01,2.780626080733530122e-03
1.765261384000000044e-01,2.780191488673883476e-03
1.765379252000000010e-01,2.780129410036516566e-03
1.765732805999999933e-01,2.779943183037152273e-03
1.766204101000000137e-01,2.779694901166713823e-03
1.766321905000000081e-01,2.779632834412324588e-03
1.766793043000000063e-01,2.779384582246565826e-03
1.767617233000000065e-01,2.778950198129897988e-03
1.768323376000000002e-01,2.778577926794618437e-03
1.768676341000000041e-01,2.778391811169097017e-03
1.769264459999999872e-01,2.778081648148581200e-03
1.769969946000000127e-01,2.777709501504455752e-03
1.770087499000000120e-01,2.777647482258070993e-03
1.771027646999999983e-01,2.777151381708333183e-03
1.771145130000000012e-01,2.777089375816633836e-03
1.771380073000000110e-01,2.776965368484196443e-03
1.771497532999999902e-01,2.776903367043408524e-03
1.772436933000000048e-01,2.776407408921610816e-03
1.773258498999999988e-01,2.775973523436120124e-03
1.773845098999999870e-01,2.775663649722438005e-03
1.774314240000000042e-01,2.775415777442045463e-03
1.774783255999999865e-01,2.775167928883863749e-03
1.774900490999999914e-01,2.775105970450667675e-03
1.775252149000000057e-01,2.774920104045605629e-03
1.775720916999999899e-01,2.774672302924737974e-03
1.775838090000000091e-01,2.774610356350085561e-03
1.776658084000000137e-01,2.774176771825801347e-03
1.776775194999999918e-01,2.774114837107312121e-03
1.777126481000000091e-01,2.773929041842768464e-03
1.777477698999999911e-01,2.773743259913947958e-03
1.777711804999999867e-01,2.773619412702841257e-03
1.778881874999999890e-01,2.773000265534444550e-03
1.778998838999999998e-01,2.772938358964595860e-03
1.779583546999999877e-01,2.772628848331941658e-03
1.780518680000000020e-01,2.772133708326806473e-03
1.780869227999999915e-01,2.771948055256505741e-03
1.781219708000000013e-01,2.771762415511072261e-03
1.781336518999999952e-01,2.771700538556784010e-03
1.782153982000000136e-01,2.771267441325260192e-03
1.782270732000000024e-01,2.771205576212970676e-03
1.783321136999999890e-01,2.770648856801210397e-03
1.784137691000000081e-01,2.770215935681032571e-03
1.784254311000000037e-01,2.770154095724901028e-03
1.784487527999999990e-01,2.770030420250920583e-03
1.786119197000000103e-01,2.769164857605007583e-03
1.786468646000000104e-01,2.768979417608925277e-03
1.786934471999999940e-01,2.768732184982784176e-03
1.787400177000000034e-01,2.768484976013821722e-03
1.787865760000000026e-01,2.768237790699490473e-03
1.788214868000000124e-01,2.768052417235762445e-03
1.788331221999999998e-01,2.767990629037521844e-03
1.788680239000000061e-01,2.767805273311438937e-03
1.788912879000000011e-01,2.767681710217440114e-03
1.789261782999999884e-01,2.767496376660921568e-03
1.789610618999999958e-01,2.767311056404766437e-03
1.790772912999999966e-01,2.766693418262563663e-03
1.791121454000000057e-01,2.766508155629510135e-03
1.791469927999999878e-01,2.766322906291494420e-03
1.791586071000000058e-01,2.766261159466397446e-03
1.792050565999999956e-01,2.766014186936230617e-03
1.792398859000000066e-01,2.765828973046409196e-03
1.793559346999999971e-01,2.765211689400134260e-03
1.793791354000000005e-01,2.765088250389150567e-03
1.794487197000000089e-01,2.764717968787646328e-03
1.794835016999999922e-01,2.764532847915079829e-03
1.795182768999999956e-01,2.764347740326549528e-03
1.795298671999999984e-01,2.764286040748968783e-03
1.795646334000000066e-01,2.764100950871021048e-03
1.796225623000000104e-01,2.763792497255787052e-03
1.796341458000000058e-01,2.763730810959551948e-03
1.796688918999999884e-01,2.763545760923899041e-03
1.797036312999999996e-01,2.763360724166984486e-03
1.797267871000000072e-01,2.763237373705537420e-03
1.797615153000000077e-01,2.763052359077529212e-03
1.798078092000000017e-01,2.762805693558308996e-03
1.799119267000000022e-01,2.762250782421485622e-03
1.799350557000000128e-01,2.762127485057302989e-03
1.799928654000000072e-01,2.761819267451001442e-03
1.800044251000000040e-01,2.761757628352965680e-03
1.800390997000000104e-01,2.761572719904588965e-03
1.800853221000000004e-01,2.761326195945522106e-03
1.800968759000000086e-01,2.761264568641054202e-03
1.801199812000000011e-01,2.761141318454079022e-03
1.801777314999999935e-01,2.760833218780097634e-03
1.802585508000000003e-01,2.760401941133363082e-03
1.803162567000000105e-01,2.760093929877140487e-03
1.803508714000000013e-01,2.759909140803447087e-03
1.803624081000000101e-01,2.759847547391944007e-03
1.804546756000000030e-01,2.759354853130926467e-03
1.805007915999999879e-01,2.759108541350239942e-03
1.805584201000000055e-01,2.758800684760126260e-03
1.805929883000000069e-01,2.758615988476566076e-03
1.806275499999999978e-01,2.758431305444807025e-03
1.806390690000000132e-01,2.758369747378790465e-03
1.806736218999999977e-01,2.758185082014398114e-03
1.807196819999999926e-01,2.757938882138326504e-03
1.807427077000000049e-01,2.757815791032467660e-03
1.807772407000000081e-01,2.757631165412989267e-03
1.808232744999999919e-01,2.757385018525556307e-03
1.808347811000000083e-01,2.757323485482919816e-03
1.809153068000000086e-01,2.756892795387918225e-03
1.810072923999999917e-01,2.756400666417537469e-03
1.810532676999999924e-01,2.756154637239049965e-03
1.810877415000000101e-01,2.755970130799870015e-03
1.811796394999999893e-01,2.755478178341164760e-03
1.812255711000000102e-01,2.755232237405101474e-03
1.812370520999999901e-01,2.755170755846962204e-03
1.812829690999999965e-01,2.754924844317502373e-03
1.813288744999999869e-01,2.754678956310661724e-03
1.814665209000000112e-01,2.753941433401842394e-03
1.815582272000000053e-01,2.753449869031853684e-03
1.815696871999999962e-01,2.753388430097664357e-03
1.816040630000000100e-01,2.753204122110453674e-03
1.816498871999999987e-01,2.752958398694900239e-03
1.816613414000000093e-01,2.752896971513467232e-03
1.816956999000000073e-01,2.752712698782852369e-03
1.817415009999999997e-01,2.752467022371820303e-03
1.817529494000000023e-01,2.752405606940794367e-03
1.817758442000000085e-01,2.752282780484674712e-03
1.818445113000000113e-01,2.751914336360487909e-03
1.818788350999999970e-01,2.751730134121351153e-03
1.819360270000000002e-01,2.751423159753305005e-03
1.819588987999999907e-01,2.751300380282646878e-03
1.819703336000000060e-01,2.751238992749245257e-03
1.821074950999999886e-01,2.750502456835517921e-03
1.821189206000000116e-01,2.750441088382213177e-03
1.821417693999999865e-01,2.750318355877797577e-03
1.821874582999999936e-01,2.750072908476928341e-03
1.822102985000000064e-01,2.749950193579930001e-03
1.822902165999999990e-01,2.749520737653245433e-03
1.823244565000000095e-01,2.749336707117134605e-03
1.823815087000000001e-01,2.749030018891663804e-03
1.824613518000000045e-01,2.748600716971141226e-03
1.824841577000000103e-01,2.748478072476953204e-03
1.825183612000000066e-01,2.748294116732410714e-03
1.825639559999999995e-01,2.748048862932036054e-03
1.825753528999999875e-01,2.747987553146974318e-03
1.826551111999999977e-01,2.747558425695690709e-03
1.826892827000000108e-01,2.747374535916848569e-03
1.827006717999999919e-01,2.747313242255090045e-03
1.827576066000000110e-01,2.747006795928572803e-03
1.828372853999999936e-01,2.746577832614741088e-03
1.828714228999999969e-01,2.746394013171616667e-03
1.829396786999999969e-01,2.746026413838478612e-03
1.829737969999999936e-01,2.745842633946504741e-03
1.830647481999999882e-01,2.745352618675940288e-03
1.832010903000000079e-01,2.744617771484771009e-03
1.832124475999999946e-01,2.744556543735060441e-03
1.832351600000000080e-01,2.744434092627064895e-03
1.832465151999999875e-01,2.744372869268838899e-03
1.832805764000000059e-01,2.744189207976208481e-03
1.833373309999999923e-01,2.743883135093996232e-03
1.833713754000000085e-01,2.743699508926346429e-03
1.833827221000000063e-01,2.743638303130489526e-03
1.833940681000000017e-01,2.743577098797929988e-03
1.834734705999999937e-01,2.743148709439309756e-03
1.834848109999999977e-01,2.743087516811767382e-03
1.835188279999999950e-01,2.742903947706821968e-03
1.835755089999999978e-01,2.742598028455053155e-03
1.835981764999999877e-01,2.742475670993260381e-03
1.836095091999999929e-01,2.742414494456240151e-03
1.836435030999999940e-01,2.742230973620393090e-03
1.836548329999999896e-01,2.742169802933388210e-03
1.837001456000000033e-01,2.741925134808936675e-03
1.837567706999999884e-01,2.741619332553867083e-03
1.837794158000000122e-01,2.741497021886505920e-03
1.837907373000000066e-01,2.741435868745839555e-03
1.838812844000000113e-01,2.740946696247976988e-03
1.840057139000000064e-01,2.740274236802793962e-03
1.840283283999999964e-01,2.740151990446838392e-03
1.840961552000000001e-01,2.739785286445859010e-03
1.841074572999999992e-01,2.739724174225976333e-03
1.841187585999999876e-01,2.739663063466898658e-03
1.841526585000000105e-01,2.739479739954967050e-03
1.842881956999999904e-01,2.738746577366079227e-03
1.843220644000000130e-01,2.738563319578536225e-03
1.843672131000000103e-01,2.738318996304681119e-03
1.844687570000000110e-01,2.737769354348144283e-03
1.845025925999999872e-01,2.737586166639079891e-03
1.845138698000000077e-01,2.737525106988694147e-03
1.845589715000000020e-01,2.737280882982446196e-03
1.845702452000000104e-01,2.737219830629545117e-03
1.846378728999999996e-01,2.736853547158033754e-03
1.846604099999999971e-01,2.736731464341294207e-03
1.847280048000000119e-01,2.736365250908189776e-03
1.848293504999999892e-01,2.735816029229762129e-03
1.848406076999999925e-01,2.735755011891995506e-03
1.848631201000000002e-01,2.735632981591998216e-03
1.849643917999999887e-01,2.735083917429669692e-03
1.849981367000000099e-01,2.734900922289253827e-03
1.850206299000000110e-01,2.734778932818939055e-03
1.850431204000000107e-01,2.734656949180269778e-03
1.850993345999999984e-01,2.734352015595008581e-03
1.851442936999999900e-01,2.734108094964679200e-03
1.852004771000000105e-01,2.733803226970142261e-03
1.852229458000000106e-01,2.733681289973857384e-03
1.852341791000000071e-01,2.733620323661593160e-03
1.852791054000000048e-01,2.733376472984060807e-03
1.853801499000000130e-01,2.732827894193805545e-03
1.854474822000000134e-01,2.732462240554325763e-03
1.854699209000000015e-01,2.732340367660234057e-03
1.855035738999999961e-01,2.732157569242213077e-03
1.855484350000000116e-01,2.731913858406368432e-03
1.855820736999999887e-01,2.731731090569357832e-03
1.856381246999999901e-01,2.731426506628253145e-03
1.856493328999999914e-01,2.731365594207810481e-03
1.856829533000000088e-01,2.731182865681234129e-03
1.857389738999999929e-01,2.730878347250956240e-03
1.857725781000000020e-01,2.730695653659475069e-03
1.858061762000000061e-01,2.730512973166767700e-03
1.858173741999999962e-01,2.730452082579858716e-03
1.858285715999999921e-01,2.730391193448311604e-03
1.859181260999999974e-01,2.729904132780971125e-03
1.860076375999999976e-01,2.729417165230138640e-03
1.860411932000000101e-01,2.729234576401155625e-03
1.860747429000000064e-01,2.729052000663171381e-03
1.860859246999999883e-01,2.728991144992654657e-03
1.861194663000000082e-01,2.728808586707500827e-03
1.861306454999999971e-01,2.728747736854394892e-03
1.861753555000000004e-01,2.728504351983936874e-03
1.861865313000000133e-01,2.728443509401609970e-03
1.862200548000000067e-01,2.728260990378978193e-03
1.862535721999999949e-01,2.728078484441773255e-03
1.863540881999999899e-01,2.727531045133150742e-03
1.864322298999999961e-01,2.727105340401701685e-03
1.864433903000000115e-01,2.727044531253300548e-03
1.864545501000000050e-01,2.726983723558190891e-03
1.864768676000000125e-01,2.726862112527285269e-03
1.864880254000000070e-01,2.726801309191567799e-03
1.865326496999999972e-01,2.726558110378646781e-03
1.865438040999999880e-01,2.726497314307745230e-03
1.866218664000000027e-01,2.726071782490144778e-03
1.867110404000000001e-01,2.725585547568899931e-03
1.867556113999999934e-01,2.725342464965047756e-03
1.868335852000000130e-01,2.724917126315600652e-03
1.868447216000000133e-01,2.724856369459259953e-03
1.868781270000000050e-01,2.724674107601600219e-03
1.869894350999999899e-01,2.724066662434911426e-03
1.870228146000000036e-01,2.723884457188804377e-03
1.870784339000000074e-01,2.723580810803819235e-03
1.871896228999999912e-01,2.722973626861697593e-03
1.872340799999999972e-01,2.722730793907362189e-03
1.872451927000000071e-01,2.722670089295406524e-03
1.872896366000000035e-01,2.722427285352378365e-03
1.873340699999999914e-01,2.722184504615760090e-03
1.873451765999999963e-01,2.722123813057227785e-03
1.875227942999999897e-01,2.721152945326240583e-03
1.875449847000000003e-01,2.721031612956235305e-03
1.876115401000000016e-01,2.720667650634154590e-03
1.876448089999999957e-01,2.720485689039580518e-03
1.876780718999999931e-01,2.720303740487903070e-03
1.876891582000000114e-01,2.720243093868940192e-03
1.877224133000000017e-01,2.720061162706401917e-03
1.877334971000000075e-01,2.720000521883592093e-03
1.877778253999999869e-01,2.719757973080904646e-03
1.878221432999999940e-01,2.719515447458706412e-03
1.878553748000000023e-01,2.719333568452749709e-03
1.878775259000000086e-01,2.719212323024806921e-03
1.879107476999999915e-01,2.719030465746142058e-03
1.879439635000000053e-01,2.718848621502384551e-03
1.879550342000000096e-01,2.718788009651017159e-03
1.880435759999999901e-01,2.718303166971508273e-03
1.880767684000000106e-01,2.718121374857905559e-03
1.880878311999999997e-01,2.718060780382306526e-03
1.881431356999999915e-01,2.717757829719882109e-03
1.882205345999999890e-01,2.717333759588977816e-03
1.882536958000000094e-01,2.717152036957465322e-03
1.883089514999999881e-01,2.716849194848281520e-03
1.883200006999999898e-01,2.716788630767642473e-03
1.883862823000000131e-01,2.716425276668829082e-03
1.884083709000000106e-01,2.716304170210244451e-03
1.884856608999999905e-01,2.715880343173821768e-03
1.885298123999999964e-01,2.715638188117966336e-03
1.885739535000000022e-01,2.715396056202412211e-03
1.885849871999999983e-01,2.715335526838963658e-03
1.886070525999999914e-01,2.715214472450276032e-03
1.886511757000000067e-01,2.714972381024774624e-03
1.887834830000000019e-01,2.714246245542217221e-03
1.888496018999999970e-01,2.713883255858050292e-03
1.888826526000000061e-01,2.713701780526703387e-03
1.889267112999999942e-01,2.713459833649501957e-03
1.889377244000000067e-01,2.713399350542710330e-03
1.889707596999999906e-01,2.713217909891497623e-03
1.890037893000000024e-01,2.713036482243563925e-03
1.890147979000000034e-01,2.712976009250376696e-03
1.890258058000000019e-01,2.712915537701795620e-03
1.891028433999999980e-01,2.712492277309205488e-03
1.891138461999999909e-01,2.712431817316563343e-03
1.891468507999999882e-01,2.712250446004497474e-03
1.892348349000000096e-01,2.711766852715126377e-03
1.892678184000000097e-01,2.711585529057320386e-03
1.892788116000000131e-01,2.711525090725732268e-03
1.893117874999999950e-01,2.711343784393528602e-03
1.894106805000000116e-01,2.710799943350602342e-03
1.894985421000000003e-01,2.710316627237837998e-03
1.895424575999999917e-01,2.710075003815608577e-03
1.896302582000000125e-01,2.709591826227836925e-03
1.896412303999999993e-01,2.709531435521419541e-03
1.896631729000000099e-01,2.709410658436275758e-03
1.897180179999999883e-01,2.709108740966318252e-03
1.897289852000000054e-01,2.709048361799490032e-03
1.897618828000000035e-01,2.708867232952255361e-03
1.897947747000000018e-01,2.708686117084481513e-03
1.898166994000000107e-01,2.708565380382867149e-03
1.898386216999999876e-01,2.708444649449304187e-03
1.898934161999999981e-01,2.708142847347903403e-03
1.899372404000000125e-01,2.707901431617961829e-03
1.899920063999999964e-01,2.707599694390629835e-03
1.900139083999999867e-01,2.707479009589724896e-03
1.900248585000000046e-01,2.707418669351324431e-03
1.900686524000000099e-01,2.707177322809900186e-03
1.901124362000000123e-01,2.706935999326649366e-03
1.901562099000000117e-01,2.706694698899168947e-03
1.901890336000000015e-01,2.706513738707586655e-03
1.901999735999999885e-01,2.706453421525263636e-03
1.902546639999999900e-01,2.706151857223112328e-03
1.903202717999999960e-01,2.705790027597148109e-03
1.903312041999999926e-01,2.705729727700673191e-03
1.904077136000000003e-01,2.705307668750738491e-03
1.904186409999999996e-01,2.705247380375281653e-03
1.904295678000000047e-01,2.705187093439881656e-03
1.904951152999999897e-01,2.704825402064297765e-03
1.905169594999999994e-01,2.704704849790512747e-03
1.905497210000000052e-01,2.704524032176928907e-03
1.906043111000000068e-01,2.704222698277686590e-03
1.906807108999999945e-01,2.703800891269955101e-03
1.906916227000000075e-01,2.703740638882667306e-03
1.907243542000000014e-01,2.703559890354786770e-03
1.907570802000000121e-01,2.703379154777462226e-03
1.907788943000000015e-01,2.703258671586657429e-03
1.908116109000000116e-01,2.703077957591153851e-03
1.908552242999999871e-01,2.702837025738007246e-03
1.909424211000000093e-01,2.702355231077281043e-03
1.909533179000000025e-01,2.702295013216992128e-03
1.909860046000000089e-01,2.702114368265042411e-03
1.910186856999999960e-01,2.701933736255644671e-03
1.910404699999999900e-01,2.701813322105864508e-03
1.911058079000000076e-01,2.701452114164324715e-03
1.911928904999999901e-01,2.700970584083270051e-03
1.912364169000000114e-01,2.700729853540643783e-03
1.912908110000000050e-01,2.700428972699567103e-03
1.913016879999999975e-01,2.700368800842660715e-03
1.913778093999999874e-01,2.699947638077937993e-03
1.914756353000000022e-01,2.699406246538589571e-03
1.915625497000000010e-01,2.698925107291852508e-03
1.915842721000000082e-01,2.698804836842131141e-03
1.915951324000000067e-01,2.698744703771368322e-03
1.916385674999999955e-01,2.698504185848193179e-03
1.916819926999999979e-01,2.698263690898859181e-03
1.917254080000000138e-01,2.698023218921043968e-03
1.917579631000000118e-01,2.697842880011418979e-03
1.917688136000000043e-01,2.697782769912560486e-03
1.918013613000000006e-01,2.697602448228333255e-03
1.918230566999999942e-01,2.697482240948850026e-03
1.918555952000000064e-01,2.697301940793869930e-03
1.918989712999999986e-01,2.697061560679060634e-03
1.919314968999999982e-01,2.696881290660420576e-03
1.919856940000000123e-01,2.696580869326640258e-03
1.920290406999999866e-01,2.696340558084456447e-03
1.920615442999999978e-01,2.696160339715796689e-03
1.920723776000000105e-01,2.696100269795190414e-03
1.921157048000000089e-01,2.695860004456545386e-03
1.921481936999999973e-01,2.695679820512333295e-03
1.921698498999999949e-01,2.695559705053721285e-03
1.922564505000000090e-01,2.695079300579733377e-03
1.922780946000000046e-01,2.694959213799907709e-03
1.922889157000000071e-01,2.694899172560563660e-03
1.923754625999999912e-01,2.694418894255234172e-03
1.924511593000000076e-01,2.693998725991712025e-03
1.925052100999999904e-01,2.693698648798214818e-03
1.925160184999999968e-01,2.693638637658572147e-03
1.925808558000000059e-01,2.693278600910375617e-03
1.926024634000000069e-01,2.693158600122945445e-03
1.926348702000000024e-01,2.692978609686341295e-03
1.927644430999999881e-01,2.692258776856738551e-03
1.928076146999999907e-01,2.692018878409796739e-03
1.928399870999999988e-01,2.691838969610033973e-03
1.928615656000000067e-01,2.691719037569325224e-03
1.928939289000000112e-01,2.691539150246360229e-03
1.929370715000000014e-01,2.691299320525212136e-03
1.929694221999999904e-01,2.691119463265243504e-03
1.930341071999999991e-01,2.690759787391712628e-03
1.930664415999999994e-01,2.690579968776215733e-03
1.931203202000000008e-01,2.690280299704445044e-03
1.931957250000000126e-01,2.689860823099804107e-03
1.932388002000000049e-01,2.689621153657336099e-03
1.932926308000000037e-01,2.689321599039881227e-03
1.933141587999999966e-01,2.689201787205158702e-03
1.933787285000000133e-01,2.688842386025343516e-03
1.934110052999999940e-01,2.688662704741018664e-03
1.934432766999999997e-01,2.688483036325756831e-03
1.934540325999999921e-01,2.688423149713574985e-03
1.934862968000000127e-01,2.688243498455549722e-03
1.935293073000000086e-01,2.688003983459577237e-03
1.935400585000000007e-01,2.687944108284490586e-03
1.935830571000000111e-01,2.687704621878130116e-03
1.936367920000000020e-01,2.687405296029599620e-03
1.936690256999999971e-01,2.687225717670301342e-03
1.937979070999999998e-01,2.686507532835746750e-03
1.938086434000000080e-01,2.686447693386253589e-03
1.938301141000000061e-01,2.686328018772862584e-03
1.938408484999999959e-01,2.686268183608802977e-03
1.938730483999999976e-01,2.686088686687490394e-03
1.938945119000000106e-01,2.685969029214893382e-03
1.939588884000000013e-01,2.685610091074501840e-03
1.939696156999999865e-01,2.685550273049418669e-03
1.940554130999999904e-01,2.685071780254461981e-03
1.940661351000000090e-01,2.685011975080213355e-03
1.941840380000000033e-01,2.684354212382306093e-03
1.942268940999999915e-01,2.684115068767809094e-03
1.943232856000000064e-01,2.683577079119038502e-03
1.943446994999999955e-01,2.683457541559697464e-03
1.943554054999999947e-01,2.683397774920064441e-03
1.943982237999999918e-01,2.683158722628455929e-03
1.944838319999999954e-01,2.682680686517554831e-03
1.944945304000000041e-01,2.682620938422313091e-03
1.945159254000000115e-01,2.682501446510429655e-03
1.945800963000000050e-01,2.682143005001511472e-03
1.946442459999999930e-01,2.681784614826441052e-03
1.946656244999999952e-01,2.681665162840885051e-03
1.946976878999999994e-01,2.681485995554935744e-03
1.947404309000000111e-01,2.681247125797763583e-03
1.947831644999999945e-01,2.681008278846964098e-03
1.948365683999999931e-01,2.680709752226440729e-03
1.948579257999999981e-01,2.680590351553947901e-03
1.948686037000000038e-01,2.680530653355296493e-03
1.949540053000000106e-01,2.680053119061192278e-03
1.949966921000000075e-01,2.679814386107547824e-03
1.950287011000000070e-01,2.679635351349994761e-03
1.950927033000000033e-01,2.679277320293257936e-03
1.951673459999999916e-01,2.678859682194504026e-03
1.952099861999999908e-01,2.678621063180092621e-03
1.952419602000000087e-01,2.678442113869323321e-03
1.952526169999999894e-01,2.678382466946492742e-03
1.952632733000000120e-01,2.678322821447395689e-03
1.953378507999999902e-01,2.677905342812833198e-03
1.953698038999999997e-01,2.677726444749374980e-03
1.953804537000000119e-01,2.677666814908069397e-03
1.954336943999999965e-01,2.677368687049541673e-03
1.954656318000000115e-01,2.677189827411220659e-03
1.955401321000000137e-01,2.676772538056300475e-03
1.955507726999999862e-01,2.676712930982352336e-03
1.955933293000000073e-01,2.676474516912702179e-03
1.956039669000000092e-01,2.676414916951525350e-03
1.956358766000000082e-01,2.676236125603081994e-03
1.957634629999999987e-01,2.675521088211518968e-03
1.958378500000000078e-01,2.675104077628501480e-03
1.958484744000000000e-01,2.675044510375060910e-03
1.958803442000000006e-01,2.674865817144453893e-03
1.958909662999999968e-01,2.674806255577326722e-03
1.959228292000000093e-01,2.674627579404883181e-03
1.959334490000000095e-01,2.674568023523514297e-03
1.960077715000000109e-01,2.674151172149772781e-03
1.960502288000000037e-01,2.673913002629651255e-03
1.961032876000000091e-01,2.673615322700717990e-03
1.961138976000000034e-01,2.673555790977369742e-03
1.961457242999999906e-01,2.673377204331691542e-03
1.961775457999999916e-01,2.673198630471605806e-03
1.961987571999999902e-01,2.673079588334144503e-03
1.962199664000000010e-01,2.672960551878529687e-03
1.962623777999999986e-01,2.672722496011458674e-03
1.962729793000000111e-01,2.672662985595433520e-03
1.963577700999999953e-01,2.672186953390540132e-03
1.963683663999999940e-01,2.672127455754921051e-03
1.964531160000000110e-01,2.671651525781861772e-03
1.964848876999999994e-01,2.671473075466066719e-03
1.965166543000000099e-01,2.671294637925573749e-03
1.965272419999999909e-01,2.671235161584141135e-03
1.966225058000000137e-01,2.670699938377008378e-03
1.966542501000000109e-01,2.670521556184625184e-03
1.966965679000000078e-01,2.670283733125801244e-03
1.967071458999999911e-01,2.670224280908085109e-03
1.967811761999999909e-01,2.669808155106007542e-03
1.968763171000000034e-01,2.669273238345259980e-03
1.968974531999999888e-01,2.669154383554376599e-03
1.969397187999999965e-01,2.668916690989300410e-03
1.969925378999999865e-01,2.668619607185801317e-03
1.970664609999999983e-01,2.668203749405240622e-03
1.970770192000000087e-01,2.668144346821149388e-03
1.971192461999999868e-01,2.667906750658790606e-03
1.971614641999999973e-01,2.667669177173500380e-03
1.971931218000000097e-01,2.667491011939916636e-03
1.972142239999999935e-01,2.667372242202859650e-03
1.972458730999999965e-01,2.667194098224560765e-03
1.973618762999999887e-01,2.666541012729812133e-03
1.974040424000000071e-01,2.666303569592384185e-03
1.974145824999999910e-01,2.666244212348949962e-03
1.974672747000000006e-01,2.665947447375745499e-03
1.975304867000000075e-01,2.665591376139495993e-03
1.975410200999999921e-01,2.665532035889369572e-03
1.975515529000000103e-01,2.665472697055055497e-03
1.976252668000000046e-01,2.665057364856439955e-03
1.976357951000000113e-01,2.664998037347804122e-03
1.976673767000000081e-01,2.664820063315179090e-03
1.977410474999999890e-01,2.664404840111048427e-03
1.977515696000000101e-01,2.664345528171467754e-03
1.978777918000000080e-01,2.663633895268472523e-03
1.978883066999999885e-01,2.663574601723112025e-03
1.979093348000000030e-01,2.663456018876394181e-03
1.979198480000000093e-01,2.663396729574961375e-03
1.979724056000000121e-01,2.663100304285767432e-03
1.980039335000000067e-01,2.662922466085359402e-03
1.980459629000000110e-01,2.662685368284693679e-03
1.980774791000000090e-01,2.662507559782883396e-03
1.981299948999999949e-01,2.662211240560066489e-03
1.981404964000000046e-01,2.662151980957243140e-03
1.981719976000000105e-01,2.661974210631599946e-03
1.982139913000000031e-01,2.661737203322474266e-03
1.982244884000000096e-01,2.661677955029296411e-03
1.982559761999999892e-01,2.661500218630625993e-03
1.982874589999999992e-01,2.661322494952832012e-03
1.983818773999999896e-01,2.660789400234836368e-03
1.983923656000000091e-01,2.660730174553869662e-03
1.984238268000000083e-01,2.660552505988630825e-03
1.984762509000000119e-01,2.660256419969684628e-03
1.985076987999999931e-01,2.660078785310811787e-03
1.985391417000000047e-01,2.659901163364981370e-03
1.985496216000000036e-01,2.659841958874714033e-03
1.985915353999999911e-01,2.659605155037323039e-03
1.987067530000000137e-01,2.658954060990861065e-03
1.987276944999999961e-01,2.658835698611090436e-03
1.988009722999999895e-01,2.658421474752091160e-03
1.988846853000000026e-01,2.657948160749152092e-03
1.988951469999999944e-01,2.657889002849962538e-03
1.989160685999999956e-01,2.657770691285128370e-03
1.989265286000000132e-01,2.657711537619484622e-03
1.989579052999999875e-01,2.657534085089285035e-03
1.990520057000000065e-01,2.657001803690159977e-03
1.990624585000000113e-01,2.656942668366441863e-03
1.990833626000000078e-01,2.656824401951076060e-03
1.991356132000000057e-01,2.656528760597412758e-03
1.991460616000000072e-01,2.656469636557992359e-03
1.991774037000000053e-01,2.656292272902106063e-03
1.992087408999999865e-01,2.656114921938701814e-03
1.992505160999999969e-01,2.655878473729582009e-03
1.992922826000000092e-01,2.655642048080898363e-03
1.993444783999999970e-01,2.655346547742052938e-03
1.993862251999999891e-01,2.655110172845810603e-03
1.993966604999999892e-01,2.655051082645716945e-03
1.994175294999999959e-01,2.654932906474075528e-03
1.995114131000000068e-01,2.654401183465423218e-03
1.995844031000000018e-01,2.653987700037869265e-03
1.996365224999999965e-01,2.653692396999515323e-03
1.996469448000000035e-01,2.653633340618132084e-03
1.997303031999999867e-01,2.653160940275650203e-03
1.998032133000000043e-01,2.652747663916408833e-03
1.998136268000000049e-01,2.652688630069263091e-03
1.998865065000000052e-01,2.652275432564111645e-03
1.998969157000000108e-01,2.652216409980742706e-03
1.999177325000000005e-01,2.652098369037356532e-03
1.999281401000000125e-01,2.652039350677324117e-03
1.999593595999999973e-01,2.651862304043154425e-03
1.999801699000000044e-01,2.651744279991757360e-03
2.000113813000000129e-01,2.651567254470938752e-03
2.000425878000000046e-01,2.651390241616823334e-03
2.000841888999999874e-01,2.651154244180114247e-03
2.000945879000000094e-01,2.651095248339006491e-03
2.001465743999999991e-01,2.650800290239258006e-03
2.001777597999999936e-01,2.650623332263013499e-03
2.002297248000000085e-01,2.650328430439119649e-03
2.002920649000000108e-01,2.649974594669815813e-03
2.003855387000000043e-01,2.649443935948690970e-03
2.003959220000000041e-01,2.649384980899671671e-03
2.004270686999999884e-01,2.649208124189061930e-03
2.004685900000000021e-01,2.648972334925136108e-03
2.005101026999999980e-01,2.648736568154667469e-03
2.005516069000000123e-01,2.648500823875419522e-03
2.005827293000000122e-01,2.648324030424322861e-03
2.006345894000000074e-01,2.648029402781210823e-03
2.006760676999999882e-01,2.647793725961633537e-03
2.007071709000000093e-01,2.647616983101034379e-03
2.007486343000000062e-01,2.647381345623646756e-03
2.007589988000000047e-01,2.647322439766553164e-03
2.008004515000000045e-01,2.647086830386348108e-03
2.008833311999999871e-01,2.646615679049220664e-03
2.008936887999999976e-01,2.646556791452337690e-03
2.009144022999999890e-01,2.646439020471614417e-03
2.009247581999999976e-01,2.646380137087689117e-03
2.009558228999999974e-01,2.646203495361553176e-03
2.011317653999999955e-01,2.645202764259847392e-03
2.011421102000000016e-01,2.645143910358220204e-03
2.011731412999999968e-01,2.644967357074219389e-03
2.012558674999999908e-01,2.644496610064623471e-03
2.012868810000000008e-01,2.644320103088628263e-03
2.013075541000000079e-01,2.644202438786561783e-03
2.013798931000000125e-01,2.643790657920355811e-03
2.014108874999999965e-01,2.643614201447440620e-03
2.014212180000000130e-01,2.643555385428508243e-03
2.014728621999999914e-01,2.643261326371027040e-03
2.015348177000000074e-01,2.642908501780292900e-03
2.015761108999999940e-01,2.642673313430456399e-03
2.016277153999999905e-01,2.642379359538388466e-03
2.016380346999999962e-01,2.642320572965642898e-03
2.016689895000000066e-01,2.642144221658253300e-03
2.017205703000000128e-01,2.641850330846300717e-03
2.017515123999999993e-01,2.641674013177710764e-03
2.018649262999999972e-01,2.641027622961914911e-03
2.019164569999999936e-01,2.640733865271582392e-03
2.019473690999999960e-01,2.640557627467889253e-03
2.019576721000000130e-01,2.640498884334869460e-03
2.019679745000000082e-01,2.640440142602528718e-03
2.019988788000000035e-01,2.640263925809600322e-03
2.020297782000000097e-01,2.640087721621648450e-03
2.020400770000000124e-01,2.640028989693312105e-03
2.020503753000000013e-01,2.639970259165470932e-03
2.021224483999999877e-01,2.639559184679173085e-03
2.021327424999999900e-01,2.639500465353500011e-03
2.022150761000000019e-01,2.639030761148306384e-03
2.022459424999999977e-01,2.638854645169358415e-03
2.022768043000000016e-01,2.638678541788018299e-03
2.022870904999999886e-01,2.638619843460115588e-03
2.023282301000000061e-01,2.638385064143997875e-03
2.023693612999999947e-01,2.638150307218807382e-03
2.024618760000000128e-01,2.637622185992139281e-03
2.025338026999999874e-01,2.637211503381804972e-03
2.025646205999999949e-01,2.637035517530329602e-03
2.026057038000000088e-01,2.636800889308787976e-03
2.026159733000000018e-01,2.636742235749668564e-03
2.026262423000000090e-01,2.636683583589010359e-03
2.026878453000000024e-01,2.636331699990262806e-03
2.026981106000000088e-01,2.636273057617614848e-03
2.027083755000000098e-01,2.636214416643235976e-03
2.027802146999999888e-01,2.635803968967498183e-03
2.027904752999999949e-01,2.635745339176921026e-03
2.028930535000000035e-01,2.635159118147249561e-03
2.029033084000000098e-01,2.635100503730938935e-03
2.029340702000000107e-01,2.634924668866776929e-03
2.029545755000000118e-01,2.634807452610767736e-03
2.029853295000000057e-01,2.634631638706055618e-03
2.030570707000000086e-01,2.634221455160810910e-03
2.031185430000000125e-01,2.633869923744966424e-03
2.032004772000000070e-01,2.633401293404410200e-03
2.032311940000000039e-01,2.633225580068580731e-03
2.032619061000000005e-01,2.633049879299468893e-03
2.032721425000000026e-01,2.632991315168960265e-03
2.033642465000000121e-01,2.632464300817208541e-03
2.033949385000000110e-01,2.632288654493180995e-03
2.034358541000000076e-01,2.632054478934784617e-03
2.034460817000000032e-01,2.631995938534280495e-03
2.034767614000000113e-01,2.631820325705984745e-03
2.035176605000000027e-01,2.631586194804575243e-03
2.036096534000000069e-01,2.631059481899038297e-03
2.036403083999999974e-01,2.630883936041734667e-03
2.036913899999999999e-01,2.630591387510487940e-03
2.037118189999999884e-01,2.630474377861226950e-03
2.037220326999999997e-01,2.630415875128545248e-03
2.038037242999999887e-01,2.629947903470509878e-03
2.038445577000000120e-01,2.629713951106340923e-03
2.038547648000000045e-01,2.629655466500886805e-03
2.039159966999999907e-01,2.629304588144125692e-03
2.039670091000000129e-01,2.629012227846989555e-03
2.039976105000000095e-01,2.628836828394215917e-03
2.040078099000000034e-01,2.628778364697271098e-03
2.040384051999999948e-01,2.628602981968150305e-03
2.040893870999999915e-01,2.628310705289386810e-03
2.041607403000000043e-01,2.627901576458239411e-03
2.041811223999999980e-01,2.627784695044893797e-03
2.042524434999999916e-01,2.627375653976146610e-03
2.042626302999999977e-01,2.627317225109201352e-03
2.043441055999999922e-01,2.626849844308604912e-03
2.043644693999999984e-01,2.626733013033736002e-03
2.043746505000000047e-01,2.626674599484877821e-03
2.044255486000000066e-01,2.626382552625226852e-03
2.044560813000000088e-01,2.626207341215668328e-03
2.044866094999999995e-01,2.626032142334795358e-03
2.044967845000000006e-01,2.625973745491723670e-03
2.045374795999999884e-01,2.625740172038606990e-03
2.045781665999999999e-01,2.625506620853942149e-03
2.046188455000000073e-01,2.625273091935578524e-03
2.046493494000000135e-01,2.625097959857700981e-03
2.047001790999999904e-01,2.624806100888656731e-03
2.048221189999999969e-01,2.624105781258803585e-03
2.048322773000000041e-01,2.624047430330601460e-03
2.048525925999999941e-01,2.623930732646594880e-03
2.048627494999999965e-01,2.623872385890629530e-03
2.048932169999999886e-01,2.623697353966389974e-03
2.049135262000000013e-01,2.623580672969743222e-03
2.049439862000000112e-01,2.623405661903234140e-03
2.050150420000000084e-01,2.622997351409464637e-03
2.051570798000000029e-01,2.622180934758118562e-03
2.051773628000000127e-01,2.622064326044170734e-03
2.052280618000000001e-01,2.621772828576294460e-03
2.052686119000000087e-01,2.621539655611022489e-03
2.053192883000000135e-01,2.621248220662186507e-03
2.053395553000000040e-01,2.621131656406306982e-03
2.053496881000000107e-01,2.621073376361902386e-03
2.054003444999999983e-01,2.620781996973626030e-03
2.054307323000000018e-01,2.620607186006317611e-03
2.054611157000000021e-01,2.620432387537164915e-03
2.054712424000000037e-01,2.620374124157915253e-03
2.055623609999999990e-01,2.619849816225154355e-03
2.056332030999999949e-01,2.619442098908018966e-03
2.056433213999999954e-01,2.619383859129137491e-03
2.057141355999999865e-01,2.618976219537578944e-03
2.057242499999999974e-01,2.618917990861366601e-03
2.057950363000000116e-01,2.618510428979572893e-03
2.058253659000000013e-01,2.618335780413618558e-03
2.058354746999999929e-01,2.618277566999541520e-03
2.059466395000000005e-01,2.617637310997665903e-03
2.059567424000000035e-01,2.617579114228548148e-03
2.059870480999999864e-01,2.617404532242188081e-03
2.060375477999999982e-01,2.617113589999431594e-03
2.060476461999999898e-01,2.617055405710663925e-03
2.060779386000000102e-01,2.616880861163615058e-03
2.061284160000000087e-01,2.616589981313175144e-03
2.061889725999999923e-01,2.616240971238571484e-03
2.061990636000000099e-01,2.616182807744092415e-03
2.062797741000000074e-01,2.615717549681882085e-03
2.062898606999999940e-01,2.615659398660207923e-03
2.063100324000000096e-01,2.615543100773949203e-03
2.063201175000000109e-01,2.615484953909242780e-03
2.064007806000000000e-01,2.615019828869631028e-03
2.064310212000000089e-01,2.614845429838274105e-03
2.064511790999999929e-01,2.614729170743365291e-03
2.064713350000000058e-01,2.614612917188970272e-03
2.065217162999999911e-01,2.614322307540906890e-03
2.065317911000000006e-01,2.614264189766073339e-03
2.065620123999999946e-01,2.614089844750424989e-03
2.065922293999999937e-01,2.613915512197488057e-03
2.066828537000000021e-01,2.613392589305065655e-03
2.067633754000000046e-01,2.612927863090769992e-03
2.068338060999999894e-01,2.612521300315721971e-03
2.068539246999999970e-01,2.612405151977459632e-03
2.068840989999999880e-01,2.612230939847951308e-03
2.069243245999999870e-01,2.611998676379081574e-03
2.070449544000000086e-01,2.611302018777101209e-03
2.070851486999999991e-01,2.611069843837191679e-03
2.070951960999999897e-01,2.611011803559624544e-03
2.071253352999999908e-01,2.610837691023981926e-03
2.071554700000000082e-01,2.610663590933199989e-03
2.071655139999999951e-01,2.610605560335048977e-03
2.072458480999999908e-01,2.610141365321423136e-03
2.072558875999999939e-01,2.610083347165604445e-03
2.072759653000000035e-01,2.609967315001052082e-03
2.073361867000000081e-01,2.609619251680168114e-03
2.073662907999999916e-01,2.609445238677667207e-03
2.074064228999999981e-01,2.609213240688024182e-03
2.074866636999999903e-01,2.608749311032329283e-03
2.076069667000000063e-01,2.608053582324622484e-03
2.076470522999999957e-01,2.607821716953393973e-03
2.077171832999999967e-01,2.607416005718877616e-03
2.077272001000000090e-01,2.607358052494207056e-03
2.077372164000000077e-01,2.607300100650176457e-03
2.077572476000000001e-01,2.607184201104064628e-03
2.077973040999999965e-01,2.606952418578298378e-03
2.078073169999999914e-01,2.606894476397947358e-03
2.078173295000000087e-01,2.606836535598134382e-03
2.078974117000000066e-01,2.606373058888870713e-03
2.079174273999999933e-01,2.606257203512952429e-03
2.079774630000000013e-01,2.605909670504397233e-03
2.080074742999999948e-01,2.605735922627832289e-03
2.080374812999999934e-01,2.605562187168532912e-03
2.080774838999999987e-01,2.605330559203495461e-03
2.080874832999999868e-01,2.605272655660894124e-03
2.081174788000000053e-01,2.605098953309574646e-03
2.081674615999999922e-01,2.604809476976333027e-03
2.082174324000000132e-01,2.604520035121404408e-03
2.082374174000000133e-01,2.604404268032373040e-03
2.082474091000000027e-01,2.604346386556156013e-03
2.082973607999999976e-01,2.604056999857418640e-03
2.083273260000000071e-01,2.603883384382524053e-03
2.083672729000000112e-01,2.603651916382542560e-03
2.083972280999999982e-01,2.603478329856265781e-03
2.084371616000000038e-01,2.603246900450905711e-03
2.084471438000000121e-01,2.603189046545133310e-03
2.084870678000000088e-01,2.602957644703257287e-03
2.085170057999999882e-01,2.602784107791121862e-03
2.085668927999999867e-01,2.602494907161766180e-03
2.086067939000000038e-01,2.602263571457816890e-03
2.086965433000000092e-01,2.601743146709623727e-03
2.087164823999999863e-01,2.601627511916524381e-03
2.087264513000000044e-01,2.601569696585915876e-03
2.087762883000000014e-01,2.601280640589349012e-03
2.088061847999999887e-01,2.601107223515659178e-03
2.088759266000000114e-01,2.600702631866769286e-03
2.088858878000000030e-01,2.600644838566667540e-03
2.089257278999999967e-01,2.600413679132091913e-03
2.089356867999999923e-01,2.600355892714764031e-03
2.089954299000000015e-01,2.600009203114663457e-03
2.090153405000000075e-01,2.599893650924854638e-03
2.090452027999999962e-01,2.599720332961277715e-03
2.090750607999999899e-01,2.599547027382149295e-03
2.091546613999999971e-01,2.599084939710703552e-03
2.091646092999999984e-01,2.599027184942653921e-03
2.092043963999999923e-01,2.598796179626604395e-03
2.092541195000000021e-01,2.598507453929902681e-03
2.092839478000000086e-01,2.598334235016155295e-03
2.093237121000000034e-01,2.598103295717283604e-03
2.093336520000000089e-01,2.598045564330383420e-03
2.093535303999999875e-01,2.597930105681673513e-03
2.094032181999999909e-01,2.597641483121412593e-03
2.094926263999999927e-01,2.597122049122393105e-03
2.095124896999999986e-01,2.597006634465079660e-03
2.095621397999999913e-01,2.596718121873699530e-03
2.096514802999999982e-01,2.596198885783549456e-03
2.096812520000000124e-01,2.596025831818866460e-03
2.097110194000000039e-01,2.595852790218569021e-03
2.097606224999999935e-01,2.595564415025470445e-03
2.097903787000000020e-01,2.595391406392436040e-03
2.098300471000000000e-01,2.595160747443175063e-03
2.098796219999999879e-01,2.594872454655599864e-03
2.099192735000000032e-01,2.594641845142127683e-03
2.099688274000000021e-01,2.594353614142355224e-03
2.099985541000000122e-01,2.594180692016557089e-03
2.100282766000000079e-01,2.594007782245145999e-03
2.100381832000000060e-01,2.593950148399966609e-03
2.101174188000000109e-01,2.593489127047987185e-03
2.101273211999999946e-01,2.593431505554757554e-03
2.101570255000000109e-01,2.593258649308299163e-03
2.102065233000000033e-01,2.592970583006859366e-03
2.102758006999999874e-01,2.592567347807193251e-03
2.103054839999999870e-01,2.592394553298351181e-03
2.103153775000000114e-01,2.592336957872039705e-03
2.103648379999999984e-01,2.592049001313830037e-03
2.104439506999999931e-01,2.591588342133090660e-03
2.104736103000000025e-01,2.591415617565217839e-03
2.105823263999999917e-01,2.590782399712848565e-03
2.105922068999999952e-01,2.590724842678205839e-03
2.106020869000000129e-01,2.590667287014119559e-03
2.106218455999999961e-01,2.590552179797849224e-03
2.106811104999999906e-01,2.590206891040362867e-03
2.107502319000000013e-01,2.589804116505395847e-03
2.107601044999999895e-01,2.589746582766659123e-03
2.107798483999999972e-01,2.589631519399315015e-03
2.108390689000000096e-01,2.589286362175266445e-03
2.108686728999999982e-01,2.589113802055411761e-03
2.109180036999999952e-01,2.588826229248336261e-03
2.109475966000000091e-01,2.588653701998084016e-03
2.110264907999999939e-01,2.588193689580844600e-03
2.110659267999999977e-01,2.587963716231662503e-03
2.110757846999999909e-01,2.587906226316905815e-03
2.110954989999999920e-01,2.587791250594021972e-03
2.111053555000000082e-01,2.587733764785866194e-03
2.112925411999999892e-01,2.586641794467795137e-03
2.113023884999999935e-01,2.586584336029510919e-03
2.113122353000000120e-01,2.586526878959318973e-03
2.113417730999999911e-01,2.586354515957295895e-03
2.113811502999999870e-01,2.586124717772779556e-03
2.115385858000000119e-01,2.585205743868555870e-03
2.115680920000000131e-01,2.585033475233841464e-03
2.116074270999999951e-01,2.584803802861226386e-03
2.116270919000000084e-01,2.584688974877358009e-03
2.116565857000000106e-01,2.584516743153896304e-03
2.116860752999999984e-01,2.584344523732269930e-03
2.116959042999999874e-01,2.584287119992040391e-03
2.117253885000000002e-01,2.584114916971560951e-03
2.117745196999999968e-01,2.583827939269710532e-03
2.117843446000000074e-01,2.583770547828882509e-03
2.118138165000000017e-01,2.583598381704839495e-03
2.118432842999999899e-01,2.583426227877676142e-03
2.118629271999999952e-01,2.583311465490759247e-03
2.118923880999999954e-01,2.583139332156329706e-03
2.120396314999999920e-01,2.582278849882387040e-03
2.120494441000000119e-01,2.582221495322994421e-03
2.120886898999999881e-01,2.581992090739969759e-03
2.121573525999999876e-01,2.581590685284490538e-03
2.121671598000000047e-01,2.581533347108793969e-03
2.121769665000000082e-01,2.581476010298140462e-03
2.121965785000000104e-01,2.581361340771838597e-03
2.122456006000000006e-01,2.581074690842617529e-03
2.122554037000000116e-01,2.581017364951347908e-03
2.122848102000000070e-01,2.580845395465979422e-03
2.123142125999999963e-01,2.580673438262499550e-03
2.123338119000000024e-01,2.580558806949695590e-03
2.123632075000000119e-01,2.580386870214160331e-03
2.124023953999999992e-01,2.580157640334720601e-03
2.124415759999999931e-01,2.579928432283249556e-03
2.125101246999999971e-01,2.579527370710077948e-03
2.125199154999999895e-01,2.579470081655338247e-03
2.125688631000000051e-01,2.579183656838725854e-03
2.125982261999999900e-01,2.579011818312902226e-03
2.126373706999999946e-01,2.578782719368130985e-03
2.127254195999999931e-01,2.578267326499212187e-03
2.127547610999999950e-01,2.578095553413400475e-03
2.127840984999999907e-01,2.577923792594576536e-03
2.128036546000000029e-01,2.577809292196690371e-03
2.128623119999999980e-01,2.577465823709711255e-03
2.128720866999999906e-01,2.577408583731356003e-03
2.128818608999999973e-01,2.577351345115465580e-03
2.129502678000000093e-01,2.576950712954156810e-03
2.129600385000000040e-01,2.576893485237860115e-03
2.129795784000000081e-01,2.576779033891958646e-03
2.130674858000000116e-01,2.576264070260788491e-03
2.131358331000000050e-01,2.575863619259701962e-03
2.131455952999999903e-01,2.575806417420885546e-03
2.132724621000000043e-01,2.575062917409730572e-03
2.133017284000000013e-01,2.574891373155125882e-03
2.133407438000000100e-01,2.574662666537065690e-03
2.134285025000000058e-01,2.574148156257935905e-03
2.134577473000000003e-01,2.573976677323941680e-03
2.134869882000000052e-01,2.573805210634722528e-03
2.134967342000000101e-01,2.573748057792452949e-03
2.135064798999999902e-01,2.573690906310731330e-03
2.135357139999999876e-01,2.573519460027105191e-03
2.135649441999999953e-01,2.573348025985824211e-03
2.135746866999999882e-01,2.573290884025708318e-03
2.136039116000000015e-01,2.573119466305955668e-03
2.136623492999999985e-01,2.572776667585477493e-03
2.136915621000000098e-01,2.572605286582900583e-03
2.137597099000000112e-01,2.572205445164690418e-03
2.137986417999999944e-01,2.571976994263081712e-03
2.138083735999999901e-01,2.571919884935951542e-03
2.138862125000000058e-01,2.571463059250761810e-03
2.139153947999999916e-01,2.571291772043349678e-03
2.139737473999999973e-01,2.570949234317874022e-03
2.140418054000000070e-01,2.570549668791608997e-03
2.140709664000000068e-01,2.570378446800617236e-03
2.141098416999999976e-01,2.570150169829575962e-03
2.141875709999999933e-01,2.569693681079299359e-03
2.141972852000000038e-01,2.569636626096613932e-03
2.142069989000000008e-01,2.569579572471754683e-03
2.142361375000000068e-01,2.569408419744452325e-03
2.142846929999999983e-01,2.569123192353778718e-03
2.143526521999999934e-01,2.568723931024795206e-03
2.143623588999999940e-01,2.568666899121784235e-03
2.143914764000000028e-01,2.568495811556543388e-03
2.144205899000000137e-01,2.568324736206165342e-03
2.144399966999999962e-01,2.568210692758206726e-03
2.145079067000000006e-01,2.567811583435439422e-03
2.145467027999999887e-01,2.567583550815692121e-03
2.145854918000000000e-01,2.567355539902580006e-03
2.146242738999999955e-01,2.567127550694005798e-03
2.146533558000000008e-01,2.566956573029664530e-03
2.146727415999999944e-01,2.566842594701676961e-03
2.147308883999999862e-01,2.566500692265808684e-03
2.148180791000000034e-01,2.565987930140473366e-03
2.148277647000000068e-01,2.565930963349922090e-03
2.148568191000000127e-01,2.565760071112266078e-03
2.148955522000000062e-01,2.565532233773213603e-03
2.149342783000000034e-01,2.565304418120997482e-03
2.149729974000000043e-01,2.565076624153402041e-03
2.149826760999999919e-01,2.565019679049461605e-03
2.150020321999999984e-01,2.564905792907011886e-03
2.150504146999999977e-01,2.564621101263451185e-03
2.150600899000000010e-01,2.564564166999516292e-03
2.150891128999999902e-01,2.564393372336661384e-03
2.151664885000000027e-01,2.563937979508578921e-03
2.152438362000000105e-01,2.563482673366335521e-03
2.152921644000000134e-01,2.563198151039830421e-03
2.153114925999999874e-01,2.563084351587590834e-03
2.153211560999999941e-01,2.563027453892484202e-03
2.153694670000000089e-01,2.562742985724798458e-03
2.153984482999999894e-01,2.562572321069448746e-03
2.154274257000000081e-01,2.562401668596866414e-03
2.154660562000000057e-01,2.562174150916179689e-03
2.155143344999999877e-01,2.561889784266635495e-03
2.155239888999999909e-01,2.561832914996556819e-03
2.155819060999999981e-01,2.561491727792181063e-03
2.155915575000000028e-01,2.561434867993820936e-03
2.156012083999999940e-01,2.561378009548375551e-03
2.156301585000000021e-01,2.561207442329410319e-03
2.156687526999999938e-01,2.560980038310229148e-03
2.157459203000000048e-01,2.560525295198516800e-03
2.157748510999999980e-01,2.560354788847380141e-03
2.158327009000000074e-01,2.560013812656372189e-03
2.158616201000000123e-01,2.559843342814833826e-03
2.159290829000000134e-01,2.559445627169310011e-03
2.160157899000000048e-01,2.558934375807391838e-03
2.160446845000000005e-01,2.558763983014061567e-03
2.160928336000000061e-01,2.558480022051795848e-03
2.161313451999999913e-01,2.558252877603460831e-03
2.162179710999999893e-01,2.557741881627090437e-03
2.162372166000000040e-01,2.557628341824638631e-03
2.162468386999999992e-01,2.557571573949404299e-03
2.162757023999999917e-01,2.557401278427355769e-03
2.162853228000000128e-01,2.557344515954470144e-03
2.163238000999999910e-01,2.557117479567455436e-03
2.163718870000000127e-01,2.556833714466375928e-03
2.163911188000000041e-01,2.556720217877512646e-03
2.164391907999999864e-01,2.556436500031772537e-03
2.164488039999999947e-01,2.556379760512719757e-03
2.164776408000000096e-01,2.556209550054515216e-03
2.165449117000000090e-01,2.555812439560571289e-03
2.165833429000000032e-01,2.555585548969601956e-03
2.165929496000000010e-01,2.555528829695549731e-03
2.166697880000000020e-01,2.555075124078436295e-03
2.166793908999999907e-01,2.555018416947766723e-03
2.167081969999999913e-01,2.554848303650018512e-03
2.167561987000000134e-01,2.554564808466546367e-03
2.168137867000000107e-01,2.554224658756983762e-03
2.168521701999999995e-01,2.553997919256675245e-03
2.168905469000000086e-01,2.553771201331990828e-03
2.169097326999999964e-01,2.553657850459855726e-03
2.169864589999999926e-01,2.553204500899388697e-03
2.170152243000000036e-01,2.553034517057079910e-03
2.170535721999999890e-01,2.552807890804548435e-03
2.170631580999999866e-01,2.552751237610861347e-03
2.171302475999999926e-01,2.552354702989595089e-03
2.171589939999999941e-01,2.552184779793572906e-03
2.171973164000000067e-01,2.551958234395212445e-03
2.172164752000000087e-01,2.551844969779793523e-03
2.172739411000000065e-01,2.551505208264462886e-03
2.172835173000000064e-01,2.551448586059848218e-03
2.173122433999999936e-01,2.551278727527663253e-03
2.173218178999999917e-01,2.551222110710596631e-03
2.173601115999999889e-01,2.550995656910080931e-03
2.173983986999999951e-01,2.550769224656362997e-03
2.174749525000000128e-01,2.550316424780187975e-03
2.175036532999999883e-01,2.550146647040895786e-03
2.175132193000000047e-01,2.550090057153397115e-03
2.175992951000000064e-01,2.549580808738145105e-03
2.176184184000000132e-01,2.549467657228427202e-03
2.176757782000000030e-01,2.549128234996196445e-03
2.177331230000000006e-01,2.548788861203666288e-03
2.177426789999999945e-01,2.548732303613800935e-03
2.178191117999999926e-01,2.548279891322897950e-03
2.178286640000000052e-01,2.548223345839528090e-03
2.178573182000000108e-01,2.548053717459349953e-03
2.179241631999999929e-01,2.547657964975302836e-03
2.179337108000000134e-01,2.547601434285043289e-03
2.179718971000000061e-01,2.547375324969975135e-03
2.180482495000000132e-01,2.546923170872940779e-03
2.180577917000000032e-01,2.546866657660167704e-03
2.180768747999999868e-01,2.546753635267078215e-03
2.181150360000000121e-01,2.546527606610003366e-03
2.181341140999999983e-01,2.546414600345505395e-03
2.181627281999999890e-01,2.546245101028033961e-03
2.182008742999999862e-01,2.546019120751002139e-03
2.182294795999999981e-01,2.545849649651988657e-03
2.182771467000000076e-01,2.545567224691146647e-03
2.182866789000000030e-01,2.545510743729367115e-03
2.183152728999999959e-01,2.545341308903905503e-03
2.183629213000000124e-01,2.545058944393010624e-03
2.183915053000000106e-01,2.544889541803814319e-03
2.184200856000000079e-01,2.544720151301584424e-03
2.184296115999999899e-01,2.544663690486700328e-03
2.184391371000000137e-01,2.544607231014591950e-03
2.185153263000000068e-01,2.544155603576689264e-03
2.185914888999999917e-01,2.543704062061903724e-03
2.186200430999999944e-01,2.543534756142417849e-03
2.186581095000000030e-01,2.543309033706675579e-03
2.186866548999999993e-01,2.543139755971314010e-03
2.186961692999999929e-01,2.543083332743544325e-03
2.187342224000000113e-01,2.542857653250812748e-03
2.187437346999999976e-01,2.542801236732168940e-03
2.188483421999999901e-01,2.542180743573754873e-03
2.188863688999999890e-01,2.541955149941150897e-03
2.189528997000000088e-01,2.541560412719849615e-03
2.189624024000000058e-01,2.541504027052401103e-03
2.190004093000000041e-01,2.541278497791998273e-03
2.190479086000000075e-01,2.540996616384570347e-03
2.191238862000000065e-01,2.540545675844716519e-03
2.191428763999999918e-01,2.540432954114076828e-03
2.191903449000000004e-01,2.540151173242497212e-03
2.192283121999999973e-01,2.539925772667785391e-03
2.192567834999999965e-01,2.539756736307110119e-03
2.192757622000000017e-01,2.539644052099376652e-03
2.193326885999999920e-01,2.539306031631287722e-03
2.193801159999999861e-01,2.539024384748015967e-03
2.194275330999999885e-01,2.538742771351157508e-03
2.195318148000000025e-01,2.538123339729786172e-03
2.195602466000000086e-01,2.537954431952132734e-03
2.195981499999999920e-01,2.537729240325228754e-03
2.196455200999999913e-01,2.537447780911643476e-03
2.196834088000000074e-01,2.537222637474178047e-03
2.197118210000000016e-01,2.537053793949115704e-03
2.197212909000000047e-01,2.536997515450642709e-03
2.197307604000000025e-01,2.536941238290482421e-03
2.198727543000000006e-01,2.536097241453369629e-03
2.198822172999999880e-01,2.536040985700387888e-03
2.199106037999999930e-01,2.535872226467319503e-03
2.199389867000000054e-01,2.535703479272340827e-03
2.199579066000000027e-01,2.535590987829695105e-03
2.199862834000000100e-01,2.535422260696099973e-03
2.200241133999999987e-01,2.535197309906523071e-03
2.200524815999999884e-01,2.535028610854556108e-03
2.201092071000000094e-01,2.534691248850301417e-03
2.201375644000000131e-01,2.534522585896108963e-03
2.201848184000000097e-01,2.534241507706980635e-03
2.202509568999999889e-01,2.533848054377536331e-03
2.203170755999999952e-01,2.533454666528981835e-03
2.203265195999999926e-01,2.533398473609721393e-03
2.203548489000000110e-01,2.533229902867861760e-03
2.204020563000000099e-01,2.532948978350442904e-03
2.204114964999999982e-01,2.532892797454459367e-03
2.204398149000000029e-01,2.532724262781122469e-03
2.204681296999999873e-01,2.532555740128863281e-03
2.204775670999999937e-01,2.532499568582555292e-03
2.205530521000000077e-01,2.532050244288708285e-03
2.206379417999999870e-01,2.531544856604776416e-03
2.206568017999999964e-01,2.531432562916026419e-03
2.206662310999999987e-01,2.531376418073892458e-03
2.207039446000000071e-01,2.531151852053977868e-03
2.207416516000000051e-01,2.530927307389548801e-03
2.207793520999999926e-01,2.530702784078380906e-03
2.207887762999999892e-01,2.530646656586909085e-03
2.208076233000000055e-01,2.530534405606917926e-03
2.208170462999999861e-01,2.530478282118611959e-03
2.208453126000000100e-01,2.530309919659033072e-03
2.208641548999999982e-01,2.530197684690579929e-03
2.209206720000000124e-01,2.529861011803468795e-03
2.209300901000000039e-01,2.529804904324661676e-03
2.210054204999999938e-01,2.529356092511775116e-03
2.210148349999999928e-01,2.529299997036880618e-03
2.210807251999999945e-01,2.528907366051855437e-03
2.211465958000000120e-01,2.528514800402005894e-03
2.211654124000000110e-01,2.528402650786468458e-03
2.212406625999999987e-01,2.527954105644265696e-03
2.212594712000000019e-01,2.527841982687365797e-03
2.212688748999999955e-01,2.527785923208060621e-03
2.213440899999999933e-01,2.527337495347546995e-03
2.213816879000000126e-01,2.527113313396534087e-03
2.214568647000000057e-01,2.526665013442468914e-03
2.214944434999999989e-01,2.526440895435024762e-03
2.215414081000000035e-01,2.526160777892931010e-03
2.216071417000000099e-01,2.525768669265063791e-03
2.216728558999999932e-01,2.525376625879911883e-03
2.216822421000000098e-01,2.525320625007350297e-03
2.216916278000000129e-01,2.525264625465893642e-03
2.217103981000000112e-01,2.525152630376549263e-03
2.217197827000000065e-01,2.525096634828638987e-03
2.217573169000000011e-01,2.524872665947116516e-03
2.217948448000000017e-01,2.524648718360723767e-03
2.218417457999999898e-01,2.524368813820700424e-03
2.218605033999999920e-01,2.524256861319402849e-03
2.219073904999999958e-01,2.523977003350547869e-03
2.219167666999999899e-01,2.523921035748130735e-03
2.219730156999999982e-01,2.523585258070178573e-03
2.220479922999999967e-01,2.523137628987844831e-03
2.220573626000000023e-01,2.523081681337465115e-03
2.221416773999999872e-01,2.522578212323830539e-03
2.221604097000000055e-01,2.522466344946844644e-03
2.221697752000000026e-01,2.522410413252564217e-03
2.222165969999999879e-01,2.522130774722667994e-03
2.223102110999999881e-01,2.521571597355789195e-03
2.223570032999999946e-01,2.521292058510244891e-03
2.223663606000000070e-01,2.521236154727666927e-03
2.223944300000000041e-01,2.521068451352263731e-03
2.224318503999999919e-01,2.520844865452737203e-03
2.224412045999999976e-01,2.520788972299357281e-03
2.225066723999999940e-01,2.520397757420632465e-03
2.225160234000000126e-01,2.520341874894172027e-03
2.225814691999999928e-01,2.519950734396597322e-03
2.225908169999999964e-01,2.519894862494809033e-03
2.226095114999999958e-01,2.519783122675218340e-03
2.226188581000000111e-01,2.519727254757167002e-03
2.226468957000000137e-01,2.519559658970122601e-03
2.226936171999999992e-01,2.519280359212944156e-03
2.227216454000000012e-01,2.519112795289864346e-03
2.227683511999999921e-01,2.518833548633828742e-03
2.228150472000000049e-01,2.518554335160539184e-03
2.228430601999999983e-01,2.518386823002625313e-03
2.228710694999999908e-01,2.518219322787955145e-03
2.229177441000000093e-01,2.517940182302112837e-03
2.229457441000000095e-01,2.517772713932088513e-03
2.229550765999999962e-01,2.517716893795388534e-03
2.230297230000000130e-01,2.517270380458641425e-03
2.230577089999999929e-01,2.517102959843502651e-03
2.231136703000000110e-01,2.516768154421274769e-03
2.231416458000000103e-01,2.516600769612706810e-03
2.231789409000000113e-01,2.516377608431237881e-03
2.232069080999999899e-01,2.516210251466426736e-03
2.232628321000000027e-01,2.515875573330836248e-03
2.232907888000000007e-01,2.515708252158120953e-03
2.233373755999999988e-01,2.515429410045250374e-03
2.233560075999999894e-01,2.515317882477137359e-03
2.234863880000000080e-01,2.514537337907500007e-03
2.235050075999999997e-01,2.514425852738228807e-03
2.235143168000000014e-01,2.514370112140592098e-03
2.235608570000000017e-01,2.514091429021102914e-03
2.235887763999999944e-01,2.513924235043135842e-03
2.236259969999999930e-01,2.513701328280185283e-03
2.236539083000000094e-01,2.513534162112340039e-03
2.237004194999999973e-01,2.513255578314770901e-03
2.238120067999999907e-01,2.512587112236144577e-03
2.238491901999999922e-01,2.512364332566497781e-03
2.239235384999999912e-01,2.511918836749368281e-03
2.239328302999999964e-01,2.511863155726776122e-03
2.239607033999999885e-01,2.511696120597585631e-03
2.240071507999999989e-01,2.511417755175469196e-03
2.240628751000000030e-01,2.511083760322764709e-03
2.241093013000000078e-01,2.510805467651974505e-03
2.241464354000000103e-01,2.510582857320305377e-03
2.241557180000000038e-01,2.510527208043334541e-03
2.241835634000000077e-01,2.510360268146234492e-03
2.242578007999999901e-01,2.509915153262305340e-03
2.243691109000000017e-01,2.509247639564954422e-03
2.243969298000000057e-01,2.509080790877669248e-03
2.244062019999999991e-01,2.509025177291481640e-03
2.244340163000000110e-01,2.508858344461404374e-03
2.244432869000000108e-01,2.508802736160643809e-03
2.244525572000000135e-01,2.508747129181226453e-03
2.244803657999999980e-01,2.508580316170370972e-03
2.245081708999999981e-01,2.508413515049806759e-03
2.245174384999999995e-01,2.508357917318432273e-03
2.245267056999999955e-01,2.508302320908009381e-03
2.245452390000000076e-01,2.508191132050162798e-03
2.246286198999999928e-01,2.507690847571162479e-03
2.246749292999999925e-01,2.507412957972521284e-03
2.246934503000000138e-01,2.507301811376326777e-03
2.247304878999999977e-01,2.507079534028342112e-03
2.247397462999999873e-01,2.507023967992013953e-03
2.248230551000000021e-01,2.506523933070855907e-03
2.248415639000000132e-01,2.506412828719228620e-03
2.248508177999999913e-01,2.506357278523285454e-03
2.249248349999999896e-01,2.505912924465943364e-03
2.249618344000000048e-01,2.505690779107272708e-03
2.249895799999999946e-01,2.505524183942197704e-03
2.250265689000000013e-01,2.505302075525803977e-03
2.250450609999999907e-01,2.505191029232699956e-03
2.251005282000000107e-01,2.504857922011017538e-03
2.251190143000000032e-01,2.504746896822101360e-03
2.251467404999999977e-01,2.504580368929929749e-03
2.251837034999999987e-01,2.504358350202683624e-03
2.251929433000000036e-01,2.504302848817493640e-03
2.252576112999999935e-01,2.503914376039240424e-03
2.252853204999999970e-01,2.503747907481567066e-03
2.252945560999999874e-01,2.503692420598782869e-03
2.253222606999999988e-01,2.503525967859760153e-03
2.253407286000000120e-01,2.503415005957727955e-03
2.253684274999999959e-01,2.503248572989781075e-03
2.254053541999999910e-01,2.503026680817050948e-03
2.254884169999999965e-01,2.502527500516823784e-03
2.255160978000000094e-01,2.502361130799722003e-03
2.255622248999999968e-01,2.502083874285722376e-03
2.256267871000000036e-01,2.501695770489441740e-03
2.256913308000000062e-01,2.501307731226591353e-03
2.257005498000000110e-01,2.501252302313545974e-03
2.257097684000000104e-01,2.501196874717166122e-03
2.257282046000000097e-01,2.501086023474712646e-03
2.257742883999999950e-01,2.500808918409196547e-03
2.257835039999999960e-01,2.500753501345600541e-03
2.258111486000000112e-01,2.500587258053432651e-03
2.258756396000000111e-01,2.500199403108939716e-03
2.259309029000000080e-01,2.499867007342399926e-03
2.259585295000000049e-01,2.499700827224316056e-03
2.260045663999999954e-01,2.499423886676832400e-03
2.260321838999999888e-01,2.499257738136183207e-03
2.260690022000000077e-01,2.499036225166279337e-03
2.261426206000000105e-01,2.498593262363989816e-03
2.261518211999999917e-01,2.498537897932203312e-03
2.262070170999999907e-01,2.498205738957783723e-03
2.262530033000000051e-01,2.497928975972743982e-03
2.262805905999999978e-01,2.497762933959003610e-03
2.263173683999999963e-01,2.497541563012228242e-03
2.264000965999999893e-01,2.497043555277770385e-03
2.264368549000000119e-01,2.496822252677808468e-03
2.264460436000000076e-01,2.496766930313159064e-03
2.264736073999999988e-01,2.496600971103368587e-03
2.265103538000000083e-01,2.496379710551988734e-03
2.265195395000000056e-01,2.496324398698756587e-03
2.265838287999999978e-01,2.495937252510251145e-03
2.266113757999999867e-01,2.495771352419114651e-03
2.266664597999999975e-01,2.495439587699147498e-03
2.266939967000000111e-01,2.495273723068474562e-03
2.267215303000000015e-01,2.495107870256179933e-03
2.267582365999999960e-01,2.494886751555676612e-03
2.267674121999999903e-01,2.494831475162889809e-03
2.268408040000000070e-01,2.494389311282155068e-03
2.268683197999999956e-01,2.494223521486038653e-03
2.268866618000000002e-01,2.494113001517892208e-03
2.269141719999999973e-01,2.493947231409032825e-03
2.269508470999999916e-01,2.493726222970076359e-03
2.270241795000000062e-01,2.493284269076610511e-03
2.270608369000000071e-01,2.493063323617998074e-03
2.270883260000000070e-01,2.492897628298235916e-03
2.270974883000000111e-01,2.492842399148477613e-03
2.271066502000000098e-01,2.492787171310397072e-03
2.271707733999999979e-01,2.492400613168605384e-03
2.271799324000000064e-01,2.492345395822891368e-03
2.272440349000000026e-01,2.491958911120046444e-03
2.272531909000000128e-01,2.491903704264487613e-03
2.272806568000000083e-01,2.491738091564669761e-03
2.273081193000000000e-01,2.491572490663994301e-03
2.273538827999999901e-01,2.491296515381046048e-03
2.273813365000000031e-01,2.491130945940744391e-03
2.274270852999999981e-01,2.490855023086428321e-03
2.274636777000000054e-01,2.490634308392123721e-03
2.274728249000000091e-01,2.490579132994551713e-03
2.274911181000000004e-01,2.490468786130294997e-03
2.275002641999999964e-01,2.490413614663640647e-03
2.275459891000000123e-01,2.490137776983015593e-03
2.276008468000000062e-01,2.489806814998158594e-03
2.276739698999999950e-01,2.489365605703187153e-03
2.276831085999999893e-01,2.489310460434791209e-03
2.276922469999999865e-01,2.489255316476103250e-03
2.277196599000000099e-01,2.489089892456948505e-03
2.277562052000000059e-01,2.488869345429989190e-03
2.277927448000000021e-01,2.488648819352098310e-03
2.278292784000000015e-01,2.488428314220798247e-03
2.279114577999999947e-01,2.487932254251374285e-03
2.279297157999999879e-01,2.487822033099562364e-03
2.279844812000000054e-01,2.487491401051466870e-03
2.280118590000000112e-01,2.487326102692396894e-03
2.280483574999999929e-01,2.487105723197286216e-03
2.280757276000000000e-01,2.486940452312748871e-03
2.281213370999999879e-01,2.486665027000991169e-03
2.281304578999999999e-01,2.486609945862713975e-03
2.282034112999999920e-01,2.486169343840045724e-03
2.282307627999999866e-01,2.486004139659173107e-03
2.282581110000000135e-01,2.485838947246648504e-03
2.283674710999999968e-01,2.485178295261333825e-03
2.284221314999999863e-01,2.484848039855070204e-03
2.284494568000000059e-01,2.484682929795428794e-03
2.284767789000000104e-01,2.484517831496994410e-03
2.284858855000000133e-01,2.484462801344278476e-03
2.284949917000000108e-01,2.484407772498129375e-03
2.285132031000000064e-01,2.484297718725794919e-03
2.285587253999999957e-01,2.484022607159399806e-03
2.285678287000000031e-01,2.483967588765433228e-03
2.285951365999999985e-01,2.483802541421536308e-03
2.286224411999999984e-01,2.483637505834004368e-03
2.286588422999999981e-01,2.483417476670155954e-03
2.287043354999999945e-01,2.483142469600814212e-03
2.287771058999999996e-01,2.482702526193424162e-03
2.288043888000000081e-01,2.482537568959023930e-03
2.288407608999999954e-01,2.482317644256628892e-03
2.288862180000000024e-01,2.482042767749474080e-03
2.289225770999999965e-01,2.481822890037510554e-03
2.289952781000000048e-01,2.481383197255409689e-03
2.290043640999999963e-01,2.481328241529638396e-03
2.290316199000000108e-01,2.481163382180821483e-03
2.290588725000000103e-01,2.480998534574166067e-03
2.290770390999999906e-01,2.480888642692738542e-03
2.291042862999999874e-01,2.480723814654342031e-03
2.291496909999999887e-01,2.480449127344809632e-03
2.292132426000000056e-01,2.480064619889189598e-03
2.292495498999999881e-01,2.479844930032339481e-03
2.292949259000000017e-01,2.479570347048494060e-03
2.293221471999999928e-01,2.479405612903173156e-03
2.293584371999999871e-01,2.479185985626614682e-03
2.293856509999999960e-01,2.479021278856024298e-03
2.293947215000000095e-01,2.478966379205960451e-03
2.294672728999999911e-01,2.478527228924017663e-03
2.295126057999999913e-01,2.478252802349457939e-03
2.295760568999999918e-01,2.477868659867450002e-03
2.296576112000000003e-01,2.477374856183732488e-03
2.296757304000000000e-01,2.477265136359060958e-03
2.297119646000000126e-01,2.477045712337689904e-03
2.297210222000000135e-01,2.476990859587911362e-03
2.297300794999999896e-01,2.476936008140312537e-03
2.297844156999999943e-01,2.476606926798641858e-03
2.297934705000000133e-01,2.476552084465435434e-03
2.298658959999999862e-01,2.476113392665444269e-03
2.299021001999999869e-01,2.475894078006114340e-03
2.299292495999999963e-01,2.475729605677656330e-03
2.299473475000000100e-01,2.475619963965914119e-03
2.299654439000000106e-01,2.475510327459533658e-03
2.300106785999999903e-01,2.475236258965419003e-03
2.300468599999999919e-01,2.475017027590671430e-03
2.300830356999999937e-01,2.474797817031705680e-03
2.300920787999999884e-01,2.474743017644282471e-03
2.301101637999999894e-01,2.474633422771778911e-03
2.301192058000000040e-01,2.474578627286673840e-03
2.302547927999999966e-01,2.473756851079150863e-03
2.302999706999999951e-01,2.473482990693926572e-03
2.303090051999999999e-01,2.473428222517223569e-03
2.303632049000000070e-01,2.473099640756715352e-03
2.303722368999999992e-01,2.473044881679570695e-03
2.304083616000000001e-01,2.472825858368951982e-03
2.304535094000000062e-01,2.472552108473068458e-03
2.305167015000000041e-01,2.472168913197542606e-03
2.305257274999999995e-01,2.472114176212720279e-03
2.305528034999999865e-01,2.471949973053666049e-03
2.305798762000000057e-01,2.471785781586852745e-03
2.305979230000000102e-01,2.471676327104397729e-03
2.306249904999999878e-01,2.471512155123029367e-03
2.306610755000000068e-01,2.471293277332108507e-03
2.306971549000000066e-01,2.471074420321353431e-03
2.307422462000000007e-01,2.470800878276729548e-03
2.307963440999999949e-01,2.470472670672136349e-03
2.308143739999999888e-01,2.470363278523860819e-03
2.308414161000000020e-01,2.470199200037684947e-03
2.308684550000000002e-01,2.470035133234463592e-03
2.308774673000000000e-01,2.469980446896112222e-03
2.309405432999999952e-01,2.469597678868902958e-03
2.309585618999999979e-01,2.469488328255608177e-03
2.309765790999999957e-01,2.469378982833051860e-03
2.309855871000000005e-01,2.469324312068148838e-03
2.310306220999999993e-01,2.469050977706792674e-03
2.310576389000000008e-01,2.468886992659192255e-03
2.310846525999999956e-01,2.468723019287578403e-03
2.310936564000000137e-01,2.468668364091369718e-03
2.311206658000000136e-01,2.468504406286043274e-03
2.311656745000000013e-01,2.468231169218456506e-03
2.311746752000000127e-01,2.468176525695829626e-03
2.312466680999999968e-01,2.467739424200130361e-03
2.312736595999999867e-01,2.467575532534452363e-03
2.313456217000000037e-01,2.467138545137620605e-03
2.314085700999999884e-01,2.466756249219822367e-03
2.314175613999999992e-01,2.466701640701794099e-03
2.314445330000000078e-01,2.466537822923365285e-03
2.314625123000000062e-01,2.466428617550599743e-03
2.315523879999999979e-01,2.465882668432214063e-03
2.315973128000000103e-01,2.465609742456882983e-03
2.316062966999999917e-01,2.465555161147987232e-03
2.316332463000000119e-01,2.465391424993045467e-03
2.316691743000000026e-01,2.465173128252768839e-03
2.316781554000000021e-01,2.465118557305531668e-03
2.317320348999999946e-01,2.464791158816983900e-03
2.317410135999999898e-01,2.464736596934421521e-03
2.318128305000000111e-01,2.464300148484792168e-03
2.318397561999999967e-01,2.464136501677532433e-03
2.318487307000000053e-01,2.464081955330689900e-03
2.319474273999999892e-01,2.463482030941219550e-03
2.319833067000000026e-01,2.463263915442265653e-03
2.320281480999999979e-01,2.462991300182160691e-03
2.320371153000000131e-01,2.462936781011517817e-03
2.320640149000000041e-01,2.462773231262189652e-03
2.320909113999999884e-01,2.462609693155699657e-03
2.321088406000000048e-01,2.462500674219125687e-03
2.321715820999999957e-01,2.462119148684448026e-03
2.322343067000000039e-01,2.461737686519334303e-03
2.322432658999999955e-01,2.461683197096650733e-03
2.322522248999999983e-01,2.461628708967098129e-03
2.322790995000000025e-01,2.461465252335682651e-03
2.323059711000000083e-01,2.461301807340212418e-03
2.323238837999999917e-01,2.461192850473776540e-03
2.323507502000000113e-01,2.461029424869330250e-03
2.324581846999999868e-01,2.460375838776821325e-03
2.325387281000000084e-01,2.459885771324686176e-03
2.325566228000000013e-01,2.459776881658296173e-03
2.325655695999999939e-01,2.459722438762884222e-03
2.325924081000000088e-01,2.459559117827615337e-03
2.326013536000000048e-01,2.459504680099403387e-03
2.326371319999999965e-01,2.459286942102765355e-03
2.326729050000000132e-01,2.459069224771234970e-03
2.326818474000000025e-01,2.459014798667001275e-03
2.326997311000000013e-01,2.458905950332592513e-03
2.327801908000000086e-01,2.458416196745165025e-03
2.328159418000000092e-01,2.458198562052514753e-03
2.328427513999999920e-01,2.458035349587597927e-03
2.328784928000000032e-01,2.457817751038973361e-03
2.328874271999999968e-01,2.457763354628527026e-03
2.329231616999999921e-01,2.457545781893110803e-03
2.329678222000000076e-01,2.457273845010333677e-03
2.329946143000000136e-01,2.457110698365010983e-03
2.330303324000000120e-01,2.456893187568130656e-03
2.330392609999999975e-01,2.456838813094236289e-03
2.331106779999999878e-01,2.456403863744127235e-03
2.331285288000000122e-01,2.456295139305563011e-03
2.331374536999999969e-01,2.456240779020959011e-03
2.332445258999999993e-01,2.455588556195518763e-03
2.332802056000000124e-01,2.455371189848632937e-03
2.333515489000000109e-01,2.454936519035368081e-03
2.333782970000000123e-01,2.454773538748985465e-03
2.334228703000000016e-01,2.454501930714852835e-03
2.334496101999999906e-01,2.454338981358965797e-03
2.335298114999999897e-01,2.453850202871887733e-03
2.335387211000000129e-01,2.453795900593064468e-03
2.335565391999999962e-01,2.453687299900155893e-03
2.335654477999999923e-01,2.453633001486084462e-03
2.336367038999999923e-01,2.453198660544373289e-03
2.336634193000000081e-01,2.453035803942622221e-03
2.336723237999999980e-01,2.452981520984454707e-03
2.336812279000000103e-01,2.452927239313981538e-03
2.336990351000000077e-01,2.452818679836219710e-03
2.337524487000000040e-01,2.452493032306498223e-03
2.338058500999999900e-01,2.452167431126351087e-03
2.338236478000000063e-01,2.452058907698275499e-03
2.338414441999999982e-01,2.451950389419126335e-03
2.338503419000000083e-01,2.451896132210349289e-03
2.339659810999999978e-01,2.451190905612961584e-03
2.340371152000000066e-01,2.450757028102403673e-03
2.340637848999999882e-01,2.450594345263241991e-03
2.340993398000000003e-01,2.450377452819769639e-03
2.341260025000000133e-01,2.450214796992717086e-03
2.341704334999999970e-01,2.449943729669464606e-03
2.342059722000000010e-01,2.449726898958374914e-03
2.342415055000000024e-01,2.449510088820500663e-03
2.342770335000000093e-01,2.449293299253927150e-03
2.343036759000000080e-01,2.449130720577565382e-03
2.343214358000000053e-01,2.449022341220755995e-03
2.344102153000000022e-01,2.448480521556008725e-03
2.344634667999999922e-01,2.448155491443171350e-03
2.344900880999999937e-01,2.447992993733308278e-03
2.345255783000000094e-01,2.447776348106904011e-03
2.345521925000000063e-01,2.447613877376239328e-03
2.345610633000000111e-01,2.447559723035232573e-03
2.345965428000000019e-01,2.447343118516004563e-03
2.346054117999999966e-01,2.447288970597218203e-03
2.346320169999999983e-01,2.447126534547204666e-03
2.346763521999999935e-01,2.446855833482161711e-03
2.347384073000000071e-01,2.446476905922674496e-03
2.348093075000000085e-01,2.446043922887302779e-03
2.348181685000000074e-01,2.445989805784490757e-03
2.348358895000000057e-01,2.445881575429602849e-03
2.348447495000000051e-01,2.445827462177514820e-03
2.348713275000000045e-01,2.445665130121991819e-03
2.349156175000000069e-01,2.445394602363667232e-03
2.349421875000000104e-01,2.445232301107777475e-03
2.350218795000000027e-01,2.444745466626062780e-03
2.350307325000000058e-01,2.444691380320497889e-03
2.351015444000000010e-01,2.444258736054812520e-03
2.351192441000000133e-01,2.444150587814670605e-03
2.351280933999999878e-01,2.444096515618254459e-03
2.351634874000000097e-01,2.443880239657090451e-03
2.352342594000000064e-01,2.443447749284467872e-03
2.352431044000000138e-01,2.443393693757484920e-03
2.353138523999999954e-01,2.442961295692570693e-03
2.353403775000000031e-01,2.442799167568619409e-03
2.353668995000000042e-01,2.442637050979600422e-03
2.353757394999999863e-01,2.442583014679789409e-03
2.354022575999999978e-01,2.442420913469676904e-03
2.354376103999999970e-01,2.442204796463034316e-03
2.354552846999999893e-01,2.442096745647726660e-03
2.354817938000000055e-01,2.441934679034192361e-03
2.355083000000000037e-01,2.441772623951212785e-03
2.355171346999999915e-01,2.441718608152391567e-03
2.355878003999999915e-01,2.441286527876149887e-03
2.356584449999999942e-01,2.440854529569574070e-03
2.356672740000000099e-01,2.440800535543796723e-03
2.357202415999999912e-01,2.440476598278955907e-03
2.357643721000000081e-01,2.440206685766385837e-03
2.358261409000000086e-01,2.439828862013348077e-03
2.358702515999999971e-01,2.439559026301717313e-03
2.359496301000000018e-01,2.439073402641816525e-03
2.359760837000000055e-01,2.438911551119806245e-03
2.360113504999999945e-01,2.438695767001152100e-03
2.360906815000000103e-01,2.438210327565646599e-03
2.361083069999999895e-01,2.438102466204648822e-03
2.361171193000000113e-01,2.438048537442563495e-03
2.361523650000000030e-01,2.437832835181813051e-03
2.361611755999999951e-01,2.437778912813444877e-03
2.362316486999999909e-01,2.437347579896463612e-03
2.362932953999999919e-01,2.436970230711506431e-03
2.363021006999999896e-01,2.436916328798047291e-03
2.363285148000000002e-01,2.436754630726610873e-03
2.363725318000000075e-01,2.436485159501858722e-03
2.363901362999999978e-01,2.436377379957456544e-03
2.363989380000000029e-01,2.436323492101995225e-03
2.364693401999999889e-01,2.435892435256666912e-03
2.365045335000000026e-01,2.435676937496266715e-03
2.365309250000000030e-01,2.435515327588825933e-03
2.365397214999999942e-01,2.435461460174372008e-03
2.365661089999999966e-01,2.435299865594580532e-03
2.365836990999999889e-01,2.435192142260750574e-03
2.366364615000000060e-01,2.434869002909269709e-03
2.366452541000000076e-01,2.434815150820102830e-03
2.366716299000000134e-01,2.434653602214017967e-03
2.367155830000000072e-01,2.434384380072764000e-03
2.367243726999999909e-01,2.434330539474670405e-03
2.367507396000000097e-01,2.434169025339508186e-03
2.367771036999999912e-01,2.434007522693131149e-03
2.367946780999999890e-01,2.433899860644371527e-03
2.368210373000000091e-01,2.433738377143771035e-03
2.368473935000000030e-01,2.433576905129439510e-03
2.368561781999999893e-01,2.433523083676949420e-03
2.369527889999999970e-01,2.432931131917657943e-03
2.370054692999999935e-01,2.432608314207173033e-03
2.370669146999999921e-01,2.432231751583108226e-03
2.371371186000000020e-01,2.431801470819159629e-03
2.371458925999999912e-01,2.431747691461913930e-03
2.371985299000000103e-01,2.431425042093783399e-03
2.372160731000000078e-01,2.431317502503768744e-03
2.372423854000000054e-01,2.431156202679596052e-03
2.373476056000000112e-01,2.430511118098404102e-03
2.373739032999999943e-01,2.430349875627567467e-03
2.374089624999999870e-01,2.430134903505549483e-03
2.374264900999999983e-01,2.430027425089232446e-03
2.374527791000000110e-01,2.429866217019927346e-03
2.374878266000000071e-01,2.429651290762528757e-03
2.375141088000000122e-01,2.429490109444565685e-03
2.375666644999999966e-01,2.429167781198117351e-03
2.375929380000000035e-01,2.429006634267863972e-03
2.376192085999999926e-01,2.428845498798390401e-03
2.376542315999999877e-01,2.428630669332305491e-03
2.376629865000000064e-01,2.428576965148835417e-03
2.376892493999999967e-01,2.428415860237380635e-03
2.376980029999999910e-01,2.428362161146282398e-03
2.377767712999999949e-01,2.427878926610323260e-03
2.378730081000000052e-01,2.427288446621901023e-03
2.378992477999999910e-01,2.427127433347179598e-03
2.379866925000000133e-01,2.426590805126103978e-03
2.380129196000000114e-01,2.426429841464804432e-03
2.380478846000000093e-01,2.426215241055903332e-03
2.380828445000000015e-01,2.426000660995095669e-03
2.381177992000000077e-01,2.425786101280268114e-03
2.381265371000000075e-01,2.425732464530420962e-03
2.381876933000000029e-01,2.425357042880473425e-03
2.381964286000000097e-01,2.425303416301434912e-03
2.382226326999999921e-01,2.425142544191457878e-03
2.382924959999999925e-01,2.424713607824529639e-03
2.383186895000000138e-01,2.424552777657000384e-03
2.383274200000000120e-01,2.424499170142679991e-03
2.383536096999999965e-01,2.424338355224021479e-03
2.383623388999999981e-01,2.424284752792458652e-03
2.384059802999999866e-01,2.424016759692862628e-03
2.384757899000000125e-01,2.423588036794623729e-03
2.385019633000000083e-01,2.423427286666760775e-03
2.385281337000000057e-01,2.423266547969525099e-03
2.385368566000000135e-01,2.423212970943937773e-03
2.386066279000000068e-01,2.422784400454038728e-03
2.386153478999999966e-01,2.422730834856878183e-03
2.386763789000000135e-01,2.422355911225214809e-03
2.386850963000000103e-01,2.422302355784411356e-03
2.387112466999999905e-01,2.422141697078411537e-03
2.387461093999999895e-01,2.421927503240771471e-03
2.387548243000000014e-01,2.421873957954341888e-03
2.387722530999999981e-01,2.421766871189061105e-03
2.388158196000000066e-01,2.421499176484382797e-03
2.388506670999999970e-01,2.421285043561621341e-03
2.388767992999999978e-01,2.421124457192028786e-03
2.388942192000000075e-01,2.421017405955917020e-03
2.389551789999999898e-01,2.420642766590375573e-03
2.389900061000000131e-01,2.420428714858714834e-03
2.390248282000000113e-01,2.420214683419857123e-03
2.390335329000000120e-01,2.420161178730573844e-03
2.390509413999999944e-01,2.420054173156490056e-03
2.390857546000000056e-01,2.419840177224849738e-03
2.391031593000000066e-01,2.419733186866738529e-03
2.391640657000000114e-01,2.419358760549923312e-03
2.392336540999999983e-01,2.418930920817809714e-03
2.392423512999999891e-01,2.418877446554982494e-03
2.392684407000000013e-01,2.418717031370336366e-03
2.393379988000000069e-01,2.418289313302172516e-03
2.393640777999999913e-01,2.418128939933138558e-03
2.393727702000000013e-01,2.418075484677335591e-03
2.393814622999999864e-01,2.418022030688471435e-03
2.394509874999999899e-01,2.417594444381316807e-03
2.394683656999999910e-01,2.417487560471141567e-03
2.394770542999999918e-01,2.417434120415860432e-03
2.395204924999999874e-01,2.417166939136311359e-03
2.395465516999999989e-01,2.417006645564902505e-03
2.395812928999999925e-01,2.416792938530464355e-03
2.396073454000000047e-01,2.416632671548881763e-03
2.396507600999999987e-01,2.416365585233003297e-03
2.397288867000000046e-01,2.415884909611090529e-03
2.397896341999999903e-01,2.415511121667374920e-03
2.398850634999999953e-01,2.414923865878638564e-03
2.398937369999999958e-01,2.414870486579369629e-03
2.399284278999999909e-01,2.414656982031704920e-03
2.399370997999999977e-01,2.414603609056945911e-03
2.399631137000000081e-01,2.414443497721423595e-03
2.399891248999999893e-01,2.414283397768476284e-03
2.399977946000000084e-01,2.414230033646694654e-03
2.400064640000000027e-01,2.414176670789483069e-03
2.400238020000000083e-01,2.414069948868912720e-03
2.400758081999999904e-01,2.413749813453518276e-03
2.401278031999999896e-01,2.413429723552907614e-03
2.401451323999999887e-01,2.413323037032631506e-03
2.401971123999999957e-01,2.413003007807667209e-03
2.402750613000000091e-01,2.412523049278038866e-03
2.403010385999999887e-01,2.412363085846790881e-03
2.403096970999999971e-01,2.412309767230032612e-03
2.403789537999999892e-01,2.411883263776940910e-03
2.404741491999999869e-01,2.411296953528207620e-03
2.404828015000000097e-01,2.411243660174194805e-03
2.404914533999999993e-01,2.411190368082901520e-03
2.405174073999999940e-01,2.411030499385531396e-03
2.405606577999999940e-01,2.410764076809693724e-03
2.406211953000000070e-01,2.410391138228092610e-03
2.406298423000000075e-01,2.410337866337292512e-03
2.406903622999999881e-01,2.409964998443007642e-03
2.406990068000000038e-01,2.409911736649419239e-03
2.407162948999999885e-01,2.409805216848132873e-03
2.407249384000000048e-01,2.409751958840389806e-03
2.407508671999999961e-01,2.409592192388524713e-03
2.407940756999999987e-01,2.409325940204669683e-03
2.408545545000000121e-01,2.408953240135784223e-03
2.408631931000000115e-01,2.408900002314803140e-03
2.408977444000000023e-01,2.408687063644463899e-03
2.409322906999999958e-01,2.408474145154432169e-03
2.409581972000000016e-01,2.408314469529078319e-03
2.409754665999999934e-01,2.408208025417368520e-03
2.410013685000000072e-01,2.408048368707333634e-03
2.410272675000000031e-01,2.407888723345137216e-03
2.410963181000000122e-01,2.407463057852163042e-03
2.411049480000000134e-01,2.407409855338295962e-03
2.411394645999999919e-01,2.407197057887530949e-03
2.411739763000000092e-01,2.406984280602990096e-03
2.411826035000000090e-01,2.406931089432576103e-03
2.412429849000000126e-01,2.406558786523959725e-03
2.412688580000000027e-01,2.406399247035133707e-03
2.413205958999999901e-01,2.406080202074128808e-03
2.413464606999999873e-01,2.405920696600209133e-03
2.413895624999999878e-01,2.405654879335541139e-03
2.414068011000000125e-01,2.405548561246178847e-03
2.414154199000000112e-01,2.405495404090531551e-03
2.414498921999999881e-01,2.405282788061513521e-03
2.414843594999999954e-01,2.405070192180220126e-03
2.415446655000000054e-01,2.404698197862585509e-03
2.415791193000000059e-01,2.404485657377224746e-03
2.415963442999999877e-01,2.404379394687263666e-03
2.416221795999999866e-01,2.404220010092490960e-03
2.416480121000000036e-01,2.404060636825020199e-03
2.416566223000000124e-01,2.404007514919643922e-03
2.416824512000000091e-01,2.403848156754180045e-03
2.417599210999999970e-01,2.403370150206709209e-03
2.418029492000000058e-01,2.403104635048430599e-03
2.418631757999999965e-01,2.402732966659408640e-03
2.419319876999999896e-01,2.402308278248174635e-03
2.419405877999999954e-01,2.402255197855669624e-03
2.419577871999999963e-01,2.402149040842980598e-03
2.420695529000000124e-01,2.401459142841838937e-03
2.421039319999999939e-01,2.401246909273452648e-03
2.421383061999999864e-01,2.401034695814250209e-03
2.421468989999999988e-01,2.400981645591293914e-03
2.421726755999999980e-01,2.400822502462290030e-03
2.421984493000000072e-01,2.400663370642311042e-03
2.423358633000000095e-01,2.399814858566471504e-03
2.423530345000000086e-01,2.399708817167031921e-03
2.423702045999999999e-01,2.399602780791333743e-03
2.424045410000000011e-01,2.399390723109625940e-03
2.424474547999999896e-01,2.399125679261064278e-03
2.424903609000000071e-01,2.398860666801332087e-03
2.425075211999999925e-01,2.398754670605417021e-03
2.425589948999999912e-01,2.398436712144921910e-03
2.426104575999999957e-01,2.398118798869634371e-03
2.426533348999999895e-01,2.397853905651805423e-03
2.426790577000000060e-01,2.397694984779065279e-03
2.426876313000000118e-01,2.397642013664204926e-03
2.427219227999999895e-01,2.397430141751269450e-03
2.427562094999999864e-01,2.397218289911053502e-03
2.427647804999999992e-01,2.397165330087221158e-03
2.427819213999999892e-01,2.397059414202486975e-03
2.427904914000000025e-01,2.397006458141612457e-03
2.428333369000000019e-01,2.396741696651079681e-03
2.428590405999999924e-01,2.396582854806615214e-03
2.428933078999999939e-01,2.396371083237021013e-03
2.429190052000000100e-01,2.396212267726056163e-03
2.429532641000000104e-01,2.396000531264807012e-03
2.429618280999999991e-01,2.395947600283771309e-03
2.429703917000000102e-01,2.395894670556323117e-03
2.430645720999999870e-01,2.395312526287840700e-03
2.431672726999999923e-01,2.394677632764389934e-03
2.431758290999999905e-01,2.394624733115318597e-03
2.432014966000000111e-01,2.394466041685372210e-03
2.432271614000000026e-01,2.394307361530450141e-03
2.432442696999999876e-01,2.394201581023846538e-03
2.432699298999999871e-01,2.394042919658551441e-03
2.433041394000000079e-01,2.393831388706757230e-03
2.433297933000000135e-01,2.393672753643136947e-03
2.434323820000000027e-01,2.393038326087187743e-03
2.434494759999999980e-01,2.392932605689628185e-03
2.435007505000000017e-01,2.392615474540411152e-03
2.435092952000000033e-01,2.392562623729881533e-03
2.435776420999999914e-01,2.392139862302213732e-03
2.435861840999999917e-01,2.392087022755298286e-03
2.436118083000000101e-01,2.391928511622535766e-03
2.436459698000000007e-01,2.391717180963133602e-03
2.437228154999999952e-01,2.391241760167548379e-03
2.437825677000000080e-01,2.390872058486441867e-03
2.437911024999999954e-01,2.390819248963242140e-03
2.438167052000000112e-01,2.390660827897387979e-03
2.438593703999999973e-01,2.390396817797236541e-03
2.438764344000000084e-01,2.390291222509794995e-03
2.438849659000000003e-01,2.390238426741523453e-03
2.439190891000000139e-01,2.390027256170565960e-03
2.439873211999999958e-01,2.389604975032666619e-03
2.440129033000000003e-01,2.389446640229685170e-03
2.440214300000000114e-01,2.389393864461571843e-03
2.440470086000000038e-01,2.389235544655834292e-03
2.440640594000000052e-01,2.389130004366797448e-03
2.441237280999999926e-01,2.388760652716106180e-03
2.441492959000000074e-01,2.388602377892535492e-03
2.442004234000000051e-01,2.388285861975019547e-03
2.442941295999999929e-01,2.387705699577640558e-03
2.443367113999999896e-01,2.387442039348939074e-03
2.444048268000000024e-01,2.387020247907621628e-03
2.444218526999999974e-01,2.386914812531185093e-03
2.444303651999999993e-01,2.386862096715350583e-03
2.444984545999999981e-01,2.386440415122907492e-03
2.445239831999999891e-01,2.386282305118273515e-03
2.445324922000000067e-01,2.386229604279255234e-03
2.445580172000000052e-01,2.386071509249057879e-03
2.445665250000000068e-01,2.386018813401289199e-03
2.446345763999999978e-01,2.385597291534334585e-03
2.446770990000000090e-01,2.385333880911665993e-03
2.447026089999999876e-01,2.385175849506239454e-03
2.447366182000000057e-01,2.384965158426642206e-03
2.447961227999999878e-01,2.384596497049418663e-03
2.448046222999999966e-01,2.384543836126140366e-03
2.448301190000000127e-01,2.384385860837428400e-03
2.448641105000000096e-01,2.384175244573574597e-03
2.448726075999999863e-01,2.384122593624218595e-03
2.449320792999999941e-01,2.383754071882110154e-03
2.449405739999999942e-01,2.383701430904613429e-03
2.449490685000000056e-01,2.383648791173585777e-03
2.450085216000000010e-01,2.383280347951338956e-03
2.450170137000000081e-01,2.383227718189930185e-03
2.451019187000000044e-01,2.382701489104167413e-03
2.451104075999999965e-01,2.382648873047805722e-03
2.451358724999999905e-01,2.382491032352735977e-03
2.452122512999999893e-01,2.382017577527869873e-03
2.452207362999999918e-01,2.381964977663324733e-03
2.452377055999999944e-01,2.381859781670289753e-03
2.452461897999999862e-01,2.381807185541583508e-03
2.452886062999999894e-01,2.381544223575850303e-03
2.453140527000000071e-01,2.381386461337372043e-03
2.453394963999999956e-01,2.381228710303451897e-03
2.453734173000000074e-01,2.381018393019874828e-03
2.454158117999999944e-01,2.380755524421777729e-03
2.454242898000000006e-01,2.380702954436059431e-03
2.454751518000000132e-01,2.380387560656381431e-03
2.454836277999999927e-01,2.380334999381914039e-03
2.454921035000000029e-01,2.380282439351870914e-03
2.455175287999999956e-01,2.380124766727182133e-03
2.455514250999999981e-01,2.379914553979846272e-03
2.456446157999999935e-01,2.379336571555715641e-03
2.456530859000000122e-01,2.379284035162053564e-03
2.456784945000000109e-01,2.379126433443211949e-03
2.456954322000000079e-01,2.379021371848864027e-03
2.457885682000000016e-01,2.378443621986922087e-03
2.458224271999999988e-01,2.378233568426634751e-03
2.458308912000000124e-01,2.378181058144364802e-03
2.458985927000000016e-01,2.377761020633215126e-03
2.459239759000000081e-01,2.377603527073586000e-03
2.459578162000000123e-01,2.377393553058657679e-03
2.460170254999999861e-01,2.377026146370646905e-03
2.460254828000000005e-01,2.376973664670684917e-03
2.460508530000000138e-01,2.376816227024606057e-03
2.460593091000000121e-01,2.376763750293632831e-03
2.461269477999999955e-01,2.376343981163664149e-03
2.461607601999999950e-01,2.376134126406582048e-03
2.461692125000000120e-01,2.376081665821970848e-03
2.462283710000000014e-01,2.375714476498402491e-03
2.463044108999999926e-01,2.375242465331853410e-03
2.463213055000000040e-01,2.375137587616613175e-03
2.463635369000000130e-01,2.374875415049635102e-03
2.463973167999999880e-01,2.374665699335652084e-03
2.464310920999999988e-01,2.374456003477085856e-03
2.464395352000000039e-01,2.374403582614534498e-03
2.464564204999999952e-01,2.374298744611852592e-03
2.464901877000000019e-01,2.374089083495195367e-03
2.465070695000000089e-01,2.373984260380550444e-03
2.465914613999999894e-01,2.373460219235731545e-03
2.466420826999999871e-01,2.373145854082180095e-03
2.466673893999999922e-01,2.372988688246486632e-03
2.466926936000000126e-01,2.372831533570434522e-03
2.467011276999999947e-01,2.372779151158102302e-03
2.467348614000000051e-01,2.372569633907073254e-03
2.467685904999999957e-01,2.372360136491338204e-03
2.468360347999999926e-01,2.371941201157536615e-03
2.468444640000000134e-01,2.371888839818093054e-03
2.468697499999999989e-01,2.371731763235612050e-03
2.469118875999999907e-01,2.371469993715111680e-03
2.469371666999999881e-01,2.371312946871634905e-03
2.469624431999999925e-01,2.371155911178753333e-03
2.469708680999999906e-01,2.371103568425531310e-03
2.469961411000000107e-01,2.370946547598818798e-03
2.470045649000000010e-01,2.370894209800819639e-03
2.470466795000000049e-01,2.370632539390462104e-03
2.470719447999999985e-01,2.370475552007160393e-03
2.471393063000000001e-01,2.370056973474718529e-03
2.471729802000000031e-01,2.369847713926536391e-03
2.472403140999999971e-01,2.369429254255860009e-03
2.472487295999999946e-01,2.369376952367658988e-03
2.472655596999999983e-01,2.369272352304627269e-03
2.473160429000000049e-01,2.368958581819860954e-03
2.473412806999999991e-01,2.368801713284928324e-03
2.473749271000000027e-01,2.368592572562603759e-03
2.474001589000000001e-01,2.368435730012953631e-03
2.474422061000000062e-01,2.368174350507885537e-03
2.474758387999999865e-01,2.367965269171654671e-03
2.475178731000000076e-01,2.367703945332469938e-03
2.475346848999999960e-01,2.367599424454719381e-03
2.476103236999999957e-01,2.367129141719894001e-03
2.476439334999999964e-01,2.366920159320275510e-03
2.476523351999999900e-01,2.366867916811333811e-03
2.476775387000000050e-01,2.366711196702052291e-03
2.477195389000000081e-01,2.366450021243972270e-03
2.477699295999999940e-01,2.366136651483545517e-03
2.477783271000000009e-01,2.366084427515932880e-03
2.478371014000000094e-01,2.365718894344001361e-03
2.478454965999999926e-01,2.365666680262164517e-03
2.478538915000000065e-01,2.365614467415871457e-03
2.478790744999999907e-01,2.365457836290386397e-03
2.479881714000000126e-01,2.364779229890646463e-03
2.480468959999999889e-01,2.364413912903167662e-03
2.480552839999999870e-01,2.364361729701592273e-03
2.480720593999999890e-01,2.364257367003216263e-03
2.481056066000000004e-01,2.364048656422863218e-03
2.481223785999999987e-01,2.363944308540634649e-03
2.481475343000000000e-01,2.363787795976266676e-03
2.481726874999999888e-01,2.363631294522171994e-03
2.481810714000000084e-01,2.363579129839701257e-03
2.482062211999999934e-01,2.363422643197892088e-03
2.482565132000000008e-01,2.363109703238303050e-03
2.482816552999999871e-01,2.362953249918727308e-03
2.483486886999999865e-01,2.362536095359166026e-03
2.483738215000000082e-01,2.362379682756543964e-03
2.483821985999999926e-01,2.362327547689695682e-03
2.484575793000000088e-01,2.361858387595809714e-03
2.484743275000000085e-01,2.361754143364493651e-03
2.484827011000000085e-01,2.361702023098603571e-03
2.485161928999999881e-01,2.361493554367466528e-03
2.485245651999999916e-01,2.361441440267596399e-03
2.485496802000000116e-01,2.361285105365903362e-03
2.485747927999999995e-01,2.361128781561207344e-03
2.487086833999999913e-01,2.360295241980105325e-03
2.487254145999999999e-01,2.360191071717882699e-03
2.487505094000000139e-01,2.360034825567203145e-03
2.488759453000000121e-01,2.359253761147713825e-03
2.488843054000000055e-01,2.359201700041681313e-03
2.489093842000000001e-01,2.359045524113940768e-03
2.489261020000000102e-01,2.358941412987118711e-03
2.489511765000000099e-01,2.358785255533460672e-03
2.489846052999999948e-01,2.358577062835966621e-03
2.490096739000000059e-01,2.358420931242251675e-03
2.490598036999999987e-01,2.358108701298381165e-03
2.490848647999999999e-01,2.357952602946444907e-03
2.491099233000000079e-01,2.357796515673395155e-03
2.491182755999999943e-01,2.357744489044219776e-03
2.491266276000000113e-01,2.357692463645863663e-03
2.491767337999999943e-01,2.357380337102479677e-03
2.491934336000000139e-01,2.357276304766846471e-03
2.492518742000000009e-01,2.356912230354044936e-03
2.492602217999999870e-01,2.356860224645465542e-03
2.492769159999999873e-01,2.356756216919080570e-03
2.492852627000000099e-01,2.356704214901339609e-03
2.493854013000000036e-01,2.356080286638724888e-03
2.494104296000000109e-01,2.355924332247240696e-03
2.494604787999999962e-01,2.355612456667783433e-03
2.494854995999999936e-01,2.355456535477919080e-03
2.495271954000000125e-01,2.355196691417866476e-03
2.495522095999999912e-01,2.355040799734281921e-03
2.495855579000000046e-01,2.354832961365609795e-03
2.496439065999999929e-01,2.354469291540513178e-03
2.496522411000000052e-01,2.354417343624407716e-03
2.496605752000000122e-01,2.354365396936994748e-03
2.497105742999999878e-01,2.354053742617740787e-03
2.497189065000000041e-01,2.354001804531760320e-03
2.497522325000000043e-01,2.353794064473663586e-03
2.497772241000000004e-01,2.353638272329607560e-03
2.497938838000000050e-01,2.353534417042378504e-03
2.498605114000000127e-01,2.353119045025175732e-03
2.498854920999999951e-01,2.352963300783361342e-03
2.499520953000000101e-01,2.352548036835775628e-03
2.499770668999999890e-01,2.352392333114489142e-03
2.499853901999999906e-01,2.352340434329432302e-03
